timestamp,episode,stage,reward,success,phase,phase_name,center_error,mean_dist_to_target,formation_error,spacing_error,mean_speed,mean_ref_speed,mean_cmd_speed,mean_correction,action_smoothness,collision_count,min_pair_dist,min_obstacle_margin,mean_obstacle_margin,obstacle_collision_count,obstacle_near_miss_count,obstacle_clear,crashed,progress,formation_safe,centroid_x,centroid_y,centroid_z
2026-06-21T13:28:57.002449,1,1,-11087.29152731314,0,2,triangle_to_goal_obstacle,6.511480331420898,6.5114827156066895,6.5114827156066895,0.021703084309895832,0.35998043417930603,0.22017478942871094,0.2255944460630417,0.16963152587413788,0.04379026219248772,0,1.2105883359909058,2.0197450828552244,2.7674551518758137,0,0,1,0,0.0,0,0.48852407932281494,0.005741477012634277,1.0048161745071411
2026-06-21T13:28:59.815650,2,1,-12158.57260675505,0,2,triangle_to_goal_obstacle,6.4132161140441895,6.413219928741455,6.413219928741455,0.006016929944356282,0.38309037685394287,0.22050486505031586,0.2245117425918579,0.25259020924568176,0.025713473558425903,0,1.1829805374145508,1.9375836563110351,2.6687047990163166,0,0,1,0,0.0,0,0.5867998003959656,-0.01369669009000063,1.0037587881088257
2026-06-21T13:29:02.695672,3,1,-11837.235394012168,0,2,triangle_to_goal_obstacle,6.369935035705566,6.36993932723999,6.36993932723999,0.014196832974751791,0.39994099736213684,0.22018027305603027,0.22523075342178345,0.2729963958263397,0.0439433753490448,0,1.1719213724136353,1.9045703125,2.6262093893686926,0,0,1,0,0.0,0,0.6300689578056335,-0.005977710243314505,1.0039347410202026
2026-06-21T13:29:05.684381,4,1,-12082.659107728578,0,2,triangle_to_goal_obstacle,6.327671527862549,6.327677249908447,6.327677249908447,0.04238414764404297,0.42116236686706543,0.22035197913646698,0.2248164266347885,0.2557933032512665,0.041551295667886734,0,1.2067397832870483,1.8101639461517334,2.5853138478597004,0,0,1,0,0.0,0,0.6723373532295227,-0.010258913040161133,1.0036988258361816
2026-06-21T13:29:08.624246,5,1,-11819.58158758594,0,2,triangle_to_goal_obstacle,6.295616149902344,6.295617580413818,6.295617580413818,0.02956072489420573,0.42314910888671875,0.22026754915714264,0.22551177442073822,0.25083041191101074,0.03144730255007744,0,1.1954866647720337,1.7897383880615234,2.552950433095296,0,0,1,0,0.0,0,0.7043924331665039,-0.009625613689422607,1.0037213563919067
2026-06-21T13:29:42.291353,1,1,-9594.455483963584,0,2,triangle_to_goal_obstacle,6.565930366516113,6.565931797027588,6.565931797027588,0.012953440348307291,0.3357405960559845,0.22012799978256226,0.2194422483444214,0.26724907755851746,0.06255332380533218,0,1.1935230493545532,2.0812730503082273,2.820361744562785,0,0,1,0,0.0,0,0.4340731203556061,0.0066829524002969265,0.99852055311203
2026-06-21T13:29:45.476430,2,1,-10693.896741080967,0,2,triangle_to_goal_obstacle,6.485614776611328,6.485616683959961,6.485616683959961,0.0060129960378011065,0.37772050499916077,0.22007732093334198,0.22219233214855194,0.3894011080265045,0.0308882687240839,0,1.1943947076797485,2.010908336639404,2.7413857491811116,0,0,1,0,0.0,0,0.514386773109436,0.0015074411639943719,0.9961333274841309
2026-06-21T13:30:20.505448,1,1,-222090.4393872911,0,2,triangle_to_goal_obstacle,1.0617494583129883,1.961685299873352,1.961685299873352,2.013551950454712,0.015436182729899883,0.16717441380023956,0.12589727342128754,0.21720516681671143,0.04844576120376587,0,1.2115275859832764,0.062273354530334446,2.4181870730717976,0,1,0,0,-0.00010216236114501953,0,5.938257217407227,0.0027179718017578125,1.0025914907455444
2026-06-21T13:30:30.905685,2,1,-219107.61032803907,0,2,triangle_to_goal_obstacle,1.0409269332885742,1.9823659658432007,1.9823659658432007,2.031111240386963,0.01644214801490307,0.18577732145786285,0.1446947157382965,0.18954910337924957,0.042264435440301895,0,1.2041373252868652,0.06198650717735288,2.4382162106037137,0,1,0,0,-0.000247955322265625,0,5.9591064453125,-0.0064005255699157715,1.0053571462631226
2026-06-21T13:30:41.140305,3,1,-224514.85796479182,0,2,triangle_to_goal_obstacle,1.0284236669540405,1.9942718744277954,1.9942718744277954,2.044635017712911,0.023394159972667694,0.19655673205852509,0.15708571672439575,0.18718712031841278,0.038507577031850815,0,1.1875804662704468,0.06116226434707639,2.449161123434702,0,1,0,0,-0.00018310546875,0,5.971603870391846,-0.00260847806930542,1.0070700645446777
2026-06-21T13:30:46.705291,4,1,-113806.00707716905,0,2,triangle_to_goal_obstacle,2.596778631210327,2.596813440322876,2.596813440322876,0.5001520315806071,0.5376553535461426,0.22094011306762695,0.16810493171215057,0.2139275223016739,0.0517740361392498,0,1.2109404802322388,0.0491128873825073,0.9199981403350831,1,1,0,1,0.0,0,4.403290271759033,-0.016705632209777832,1.0088996887207031
2026-06-21T13:30:51.260492,5,1,-85481.1455732134,0,2,triangle_to_goal_obstacle,3.2717885971069336,3.271923780441284,3.271923780441284,0.11863112449645996,0.5710124373435974,0.220803901553154,0.16628707945346832,0.28151166439056396,0.05626486614346504,0,1.0289939641952515,0.047401995658874485,0.3591098896662394,1,1,0,1,0.0,0,3.728623390197754,-0.05138687416911125,1.007472038269043
2026-06-21T13:30:56.219569,6,1,-100496.78089937461,0,2,triangle_to_goal_obstacle,2.4450700283050537,2.4451076984405518,2.4451076984405518,0.6386497418085734,0.5968130230903625,0.2205556184053421,0.16617099940776825,0.24293561279773712,0.05867714807391167,0,1.1955150365829468,0.04604700326919553,1.0583302489916484,1,1,0,1,0.0,0,4.5549492835998535,-0.0053002238273620605,1.008137822151184
2026-06-21T13:31:06.100286,7,1,-33426.368659556356,0,2,triangle_to_goal_obstacle,5.872846603393555,5.872847080230713,5.872847080230713,0.03118773301442464,0.5062757134437561,0.22020059823989868,0.21078155934810638,0.22872686386108398,0.04884381592273712,0,1.1289732456207275,1.4355991792678833,2.1365513118108113,0,0,1,0,0.0,0,1.1271605491638184,-0.008315782062709332,1.0040702819824219
2026-06-21T13:31:15.901670,8,1,-222393.04835731984,0,2,triangle_to_goal_obstacle,1.0485209226608276,1.9743415117263794,1.9743415117263794,2.026829560597738,0.011659261770546436,0.17882029712200165,0.1384262889623642,0.2446536272764206,0.0553009957075119,0,1.1810235977172852,0.061783404350280735,2.4292310190200803,0,1,0,0,-6.830692291259766e-05,0,5.951493740081787,-0.0036453206557780504,1.0041840076446533
2026-06-21T13:31:26.014434,9,1,-225538.32366667705,0,2,triangle_to_goal_obstacle,1.028465986251831,1.9941644668579102,1.9941644668579102,2.0442264477411904,0.010468716733157635,0.19640189409255981,0.156385138630867,0.19706566631793976,0.033692602068185806,0,1.1885544061660767,0.061068297624587986,2.4490975352128346,0,1,0,0,-0.00012922286987304688,0,5.971550464630127,-0.0008089939947240055,1.0057601928710938
2026-06-21T13:31:31.255118,10,1,-113765.43362802303,0,2,triangle_to_goal_obstacle,2.73832106590271,2.7383413314819336,2.7383413314819336,0.3631856441497803,0.5358368754386902,0.2204245924949646,0.16467231512069702,0.2699889838695526,0.0453612394630909,0,1.1868224143981934,0.0474959325790405,0.785521518389384,1,1,0,1,0.0,0,4.261690616607666,0.0011649330845102668,1.0078791379928589
2026-06-21T13:31:35.966844,11,1,-98067.4094585777,0,2,triangle_to_goal_obstacle,2.9114699363708496,2.9114835262298584,2.9114835262298584,0.2036672035853068,0.5386081337928772,0.22044770419597626,0.1656925082206726,0.2718241512775421,0.03589027747511864,0,1.2040044069290161,0.049902768135070774,0.6354390891393026,1,1,0,1,0.0,0,4.08854341506958,-0.0005411307211034,1.0088502168655396
2026-06-21T13:31:45.472680,12,1,-40903.69788299109,0,2,triangle_to_goal_obstacle,5.2763519287109375,5.276360988616943,5.276360988616943,0.04142963886260986,0.5148026943206787,0.22019101679325104,0.20944297313690186,0.2680814564228058,0.036016255617141724,0,1.2221328020095825,0.7685508441925049,1.5533086172739665,0,0,1,0,0.0,0,1.7236518859863281,-0.0047681331634521484,1.0039860010147095
2026-06-21T13:31:55.225076,13,1,-223006.90331155658,0,2,triangle_to_goal_obstacle,1.0445977449417114,1.9783350229263306,1.9783350229263306,2.025788148244222,0.009012083522975445,0.18220782279968262,0.14142565429210663,0.19567030668258667,0.05509880185127258,0,1.2009072303771973,0.06170836210250852,2.434159071445465,0,1,0,0,-7.486343383789062e-05,0,5.955420970916748,0.003456513164564967,1.0052074193954468
2026-06-21T13:32:05.305388,14,1,-226801.59129034905,0,2,triangle_to_goal_obstacle,1.037250280380249,1.9851999282836914,1.9851999282836914,2.0348568757375083,0.023371824994683266,0.18883387744426727,0.1479913741350174,0.1849527508020401,0.04096989333629608,0,1.1899774074554443,0.060775012969970676,2.4403048865000403,0,1,0,0,-0.00039577484130859375,0,5.962768077850342,9.872516238829121e-05,1.006163239479065
2026-06-21T13:32:09.905877,15,1,-96712.66678867757,0,2,triangle_to_goal_obstacle,3.3981781005859375,3.3982248306274414,3.3982248306274414,0.2156655192375183,0.5389615893363953,0.22163932025432587,0.17166662216186523,0.2433948516845703,0.054756272584199905,0,0.8536742329597473,0.0474935185909271,0.28709046165148416,1,1,0,1,0.0,0,3.601930618286133,-0.02573549747467041,1.008718729019165
2026-06-21T13:32:14.072012,16,1,-81580.4284803562,0,2,triangle_to_goal_obstacle,3.603703737258911,3.603724479675293,3.603724479675293,0.3498169581095378,0.557866096496582,0.22047142684459686,0.16599826514720917,0.2772075831890106,0.03406142070889473,0,0.6588428020477295,0.04549059391021726,0.22467296441396076,1,3,0,1,0.0,0,3.396306037902832,-4.178285598754883e-05,1.0083624124526978
2026-06-21T13:32:18.327435,17,1,-81863.36578208076,0,2,triangle_to_goal_obstacle,3.459016799926758,3.459033966064453,3.459033966064453,0.2556561827659607,0.5562086701393127,0.22046016156673431,0.16516591608524323,0.2963303327560425,0.05174985155463219,0,0.8205951452255249,0.04940796017646787,0.2609595469633738,1,1,0,1,0.0,0,3.540994882583618,-6.246566772460938e-05,1.0089967250823975
2026-06-21T13:32:28.236633,18,1,-52484.95075346095,0,2,triangle_to_goal_obstacle,4.693192958831787,4.693195819854736,4.693195819854736,0.026584704717000324,0.5237630009651184,0.22006691992282867,0.18695217370986938,0.2602637708187103,0.04229673743247986,0,1.1957563161849976,0.19060701251029966,0.9870554220676423,0,1,0,0,0.0,0,2.3068087100982666,-0.0006743669509887695,1.0034505128860474
2026-06-21T13:32:38.157087,19,1,-223611.90012414427,0,2,triangle_to_goal_obstacle,1.0351536273956299,1.987805724143982,1.987805724143982,2.0353225072224936,0.014594758860766888,0.1907532960176468,0.14790533483028412,0.1952904313802719,0.050945598632097244,0,1.19819974899292,0.06158921241760251,2.443329146703084,0,1,0,0,-0.0002498626708984375,0,5.964878082275391,-0.0055854120291769505,1.0058673620224
2026-06-21T13:32:48.183659,20,1,-226912.7562118989,0,2,triangle_to_goal_obstacle,1.033130407333374,1.9892191886901855,1.9892191886901855,2.0359232823053994,0.016238082200288773,0.19199319183826447,0.150968536734581,0.19918309152126312,0.040923699736595154,0,1.2000502347946167,0.06058541059494016,2.444779188632965,0,1,0,0,0.0,0,5.96690034866333,0.0038331549149006605,1.0069938898086548
2026-06-21T13:32:52.242502,21,1,-71956.93583506631,0,2,triangle_to_goal_obstacle,4.057726860046387,4.057738780975342,4.057738780975342,0.3381243944168091,0.5175144076347351,0.2204686850309372,0.16590161621570587,0.24976955354213715,0.03483657166361809,0,0.6770016551017761,0.047003061771392796,0.43009373664855954,1,1,0,1,0.0,0,2.94228458404541,-0.000479280948638916,1.0096890926361084
2026-06-21T13:32:56.281371,22,1,-74059.94038554956,0,2,triangle_to_goal_obstacle,3.843017101287842,3.8430335521698,3.8430335521698,0.40010279417037964,0.5435263514518738,0.22049178183078766,0.16643813252449036,0.24933524429798126,0.04886144772171974,0,0.5883777737617493,0.04646858692169187,0.2920487634340922,1,1,0,1,0.0,0,3.156996965408325,-0.004707376006990671,1.009297490119934
2026-06-21T13:33:00.420682,23,1,-78779.59992590857,0,2,triangle_to_goal_obstacle,3.615792989730835,3.6158058643341064,3.6158058643341064,0.34727615118026733,0.5511136651039124,0.22054536640644073,0.16574783623218536,0.26439180970191956,0.032996151596307755,0,0.6751319766044617,0.04795166969299314,0.2301042787233988,1,3,0,1,0.0,0,3.384241819381714,-0.01281611155718565,1.0093425512313843
2026-06-21T13:33:04.690684,24,1,-81522.2887262836,0,2,triangle_to_goal_obstacle,3.482881784439087,3.482905387878418,3.482905387878418,0.2730600635210673,0.5760385394096375,0.2486017942428589,0.2065601348876953,0.2806965410709381,0.04785934090614319,0,0.7894357442855835,0.046984047889709446,0.2523718786239624,1,2,0,1,0.0,0,3.5171334743499756,-0.005170345306396484,1.0089203119277954
2026-06-21T13:33:14.411032,25,1,-39932.53824834511,0,2,triangle_to_goal_obstacle,5.3794989585876465,5.3795084953308105,5.3795084953308105,0.0429145892461141,0.50881427526474,0.22015845775604248,0.21029476821422577,0.23793409764766693,0.03763020038604736,0,1.2047547101974487,0.8599863958358764,1.6519889148076372,0,0,1,0,0.0,0,1.6205029487609863,-0.002058863639831543,1.004234790802002
2026-06-21T13:33:25.046114,26,1,-223742.43941243872,0,2,triangle_to_goal_obstacle,1.037924885749817,1.9848462343215942,1.9848462343215942,2.0330555041631064,0.02345293201506138,0.18842990696430206,0.14658035337924957,0.1937323361635208,0.03698759153485298,0,1.203271508216858,0.06167435765266416,2.4407819720109303,0,1,0,0,-0.0004413127899169922,0,5.962099075317383,-0.0037423570174723864,1.005989909172058
2026-06-21T13:33:35.663413,27,1,-227385.16345539992,0,2,triangle_to_goal_obstacle,1.031844973564148,1.990646481513977,1.990646481513977,2.037672837575277,0.011893556453287601,0.1932746320962906,0.1516570746898651,0.1959778517484665,0.05112389847636223,0,1.199082851409912,0.06083700180053708,2.446159254709879,0,1,0,0,0.0,0,5.968181610107422,-0.001441995264030993,1.0072537660598755
2026-06-21T13:33:40.317781,28,1,-96731.39100363987,0,2,triangle_to_goal_obstacle,3.3474197387695312,3.3475074768066406,3.3475074768066406,0.17834683259328207,0.5482457280158997,0.2207653522491455,0.16998523473739624,0.22316165268421173,0.03529723361134529,0,0.9092029333114624,0.046542854309082005,0.31157822529474893,1,1,0,1,0.0,0,3.652834177017212,-0.040463048964738846,1.007967233657837
2026-06-21T13:33:44.548590,29,1,-86332.0790907678,0,2,triangle_to_goal_obstacle,3.4570722579956055,3.457082986831665,3.457082986831665,0.25606511036554974,0.571353018283844,0.2257242649793625,0.17742405831813812,0.22888843715190887,0.0685703232884407,0,0.7959187626838684,0.04664561271667478,0.25841197490692136,1,1,0,1,0.0,0,3.5429623126983643,-0.01264472771435976,1.0089179277420044
2026-06-21T13:33:49.093252,30,1,-86422.73558844735,0,2,triangle_to_goal_obstacle,3.2546567916870117,3.254671096801758,3.254671096801758,0.10335930188496907,0.5550089478492737,0.22048445045948029,0.16677798330783844,0.2332185059785843,0.04835459589958191,0,1.048213005065918,0.049085111618041966,0.36286392927169797,1,1,0,1,0.0,0,3.745361566543579,-0.0055634379386901855,1.0094351768493652
2026-06-21T13:33:58.834221,31,1,-44696.80461754031,0,2,triangle_to_goal_obstacle,5.11682653427124,5.116833209991455,5.116833209991455,0.05210343996683756,0.509748637676239,0.22014153003692627,0.211026132106781,0.2297946661710739,0.04467983543872833,0,1.1811529397964478,0.588179976940155,1.393954466978709,0,0,1,0,0.0,0,1.8831764459609985,0.003077467205002904,1.004163384437561
2026-06-21T13:34:09.056077,32,1,-222978.36170900989,0,2,triangle_to_goal_obstacle,1.0408174991607666,1.9821821451187134,1.9821821451187134,2.0300585428873696,0.010927397757768631,0.18547679483890533,0.14483246207237244,0.21726465225219727,0.06492036581039429,0,1.2021265029907227,0.061704666614532444,2.437990179856618,0,1,0,0,0.0,0,5.959217071533203,0.00697481632232666,1.0048335790634155
2026-06-21T13:34:19.103498,33,1,-226824.77464090384,0,2,triangle_to_goal_obstacle,1.0317835807800293,1.9906374216079712,1.9906374216079712,2.037737488746643,0.009556262753903866,0.1935092806816101,0.15260730683803558,0.23059649765491486,0.04836635664105415,0,1.1985141038894653,0.06070962667465207,2.446101696491241,0,1,0,0,-8.380413055419922e-05,0,5.968258380889893,0.00719141960144043,1.0058976411819458
2026-06-21T13:34:23.642610,34,1,-95780.32750950998,0,2,triangle_to_goal_obstacle,3.407491683959961,3.4075324535369873,3.4075324535369873,0.22147599856058756,0.5422542095184326,0.22130800783634186,0.1703215390443802,0.21698439121246338,0.03222496435046196,0,0.8584403991699219,0.045044661760330174,0.27646048982938126,1,1,0,1,0.0,0,3.592564344406128,-0.017611881718039513,1.0084346532821655
2026-06-21T13:34:27.990984,35,1,-86846.37004930378,0,2,triangle_to_goal_obstacle,3.422438859939575,3.422471046447754,3.422471046447754,0.2334299087524414,0.5674951076507568,0.22465349733829498,0.17943644523620605,0.20583711564540863,0.06714103370904922,0,0.8577996492385864,0.04798549532890317,0.2777961504459381,1,1,0,1,0.0,0,3.577712059020996,-0.03083403967320919,1.0090066194534302
2026-06-21T13:34:32.125216,36,1,-79934.21671363842,0,2,triangle_to_goal_obstacle,3.521348476409912,3.5213778018951416,3.5213778018951416,0.2991000811258952,0.5837705731391907,0.22134321928024292,0.1692187786102295,0.22675399482250214,0.054917290806770325,0,0.7467478513717651,0.04433387637138364,0.24185820539792377,1,3,0,1,0.0,0,3.4786651134490967,-0.004301667213439941,1.0087462663650513
2026-06-21T13:34:41.933308,37,1,-45850.52553570726,0,2,triangle_to_goal_obstacle,4.9963507652282715,4.996352195739746,4.996352195739746,0.044792731602986656,0.5389481782913208,0.22010500729084015,0.20948909223079681,0.2653804123401642,0.06541313976049423,0,1.2042834758758545,0.4747070980072021,1.279482216835022,0,0,1,0,0.0,0,2.003652811050415,0.004299501422792673,1.00408136844635
2026-06-21T13:34:52.115484,38,1,-222922.28877575567,0,2,triangle_to_goal_obstacle,1.0396729707717896,1.9833922386169434,1.9833922386169434,2.03669540087382,0.014539244584739208,0.1867886334657669,0.1459035873413086,0.21925652027130127,0.06969057023525238,0,1.216376543045044,0.06168264269828794,2.4398525965213773,0,1,0,0,-0.0002846717834472656,0,5.9603424072265625,0.001980006694793701,1.0053035020828247
2026-06-21T13:35:02.325479,39,1,-232739.87811693363,0,2,triangle_to_goal_obstacle,1.0287184715270996,1.9856082201004028,1.9856082201004028,2.0343820254007974,0.09661734849214554,0.1930757761001587,0.14998136460781097,0.23649995028972626,0.060092464089393616,0,1.1787114143371582,0.04870826125144956,2.440096856355667,1,1,0,1,0.0,0,5.971299648284912,0.0019364753970876336,1.005789041519165
2026-06-21T13:35:06.891189,40,1,-79139.11830308214,0,2,triangle_to_goal_obstacle,3.805785655975342,3.8058016300201416,3.8058016300201416,0.39910246928532916,0.5166409611701965,0.2204567939043045,0.16647283732891083,0.23907470703125,0.03127986937761307,0,0.6083966493606567,0.0481787037849426,0.27973110596338907,1,1,0,1,0.0,0,3.1942262649536133,-0.0030238230247050524,1.0091041326522827
2026-06-21T13:35:11.260701,41,1,-88768.4354028181,0,2,triangle_to_goal_obstacle,3.403446674346924,3.403491735458374,3.403491735458374,0.219538152217865,0.5285776257514954,0.2213113158941269,0.16634905338287354,0.2682214081287384,0.051265668123960495,0,0.8665480017662048,0.04817032933235166,0.2876910579204559,1,1,0,1,0.0,0,3.596613645553589,0.01805102825164795,1.0092113018035889
2026-06-21T13:35:15.480144,42,1,-82931.02021163233,0,2,triangle_to_goal_obstacle,3.423217535018921,3.4232301712036133,3.4232301712036133,0.2309593160947164,0.5685951113700867,0.22102133929729462,0.16570772230625153,0.26758673787117004,0.03857174515724182,0,0.8398826718330383,0.0480009329319,0.27049545566240946,1,1,0,1,0.0,0,3.5768096446990967,0.010079602710902691,1.0092509984970093
2026-06-21T13:35:25.311241,43,1,-51780.3728818921,0,2,triangle_to_goal_obstacle,4.737353324890137,4.737355709075928,4.737355709075928,0.07990781466166179,0.5145754218101501,0.22007447481155396,0.1848943680524826,0.2533099949359894,0.041050203144550323,0,1.201864242553711,0.17448353886604306,1.028725009361903,0,1,0,0,0.0,0,2.262648582458496,0.0018903414020314813,1.0038446187973022
2026-06-21T13:35:35.385961,44,1,-223567.17658226038,0,2,triangle_to_goal_obstacle,1.0408122539520264,1.982194423675537,1.982194423675537,2.0345972776412964,0.01607436127960682,0.18573111295700073,0.14540179073810577,0.2267853021621704,0.044371962547302246,0,1.2140065431594849,0.06160971641540525,2.438564907709757,0,1,0,0,-0.0002727508544921875,0,5.959202289581299,0.0004774928092956543,1.0054874420166016
2026-06-21T13:35:45.293586,45,1,-228031.94080223163,0,2,triangle_to_goal_obstacle,1.0347075462341309,1.9875692129135132,1.9875692129135132,2.0347996155420938,0.00835722591727972,0.19084514677524567,0.15006612241268158,0.2239300012588501,0.0303408894687891,0,1.2013956308364868,0.060612918138504,2.4432647041479743,0,1,0,0,-0.00010025501251220703,0,5.965317249298096,-0.0012408694019541144,1.007056713104248
2026-06-21T13:35:49.736985,46,1,-87358.78530250552,0,2,triangle_to_goal_obstacle,3.646484136581421,3.6465060710906982,3.6465060710906982,0.3611965576807658,0.5119174122810364,0.2205009013414383,0.16459359228610992,0.27021539211273193,0.05999678000807762,0,0.6494479179382324,0.04679182291030881,0.23320052146911618,1,3,0,1,0.0,0,3.3535263538360596,0.0016417702427133918,1.0086301565170288
2026-06-21T13:35:54.067354,47,1,-80585.18129659975,0,2,triangle_to_goal_obstacle,3.6271767616271973,3.6271934509277344,3.6271934509277344,0.3522471984227498,0.5363028645515442,0.22045361995697021,0.16629798710346222,0.25065597891807556,0.049480993300676346,0,0.6697762608528137,0.0487524878978729,0.23396049062410987,1,3,0,1,0.0,0,3.372835159301758,0.003263453720137477,1.0087474584579468
2026-06-21T13:35:58.386518,48,1,-83811.38166653123,0,2,triangle_to_goal_obstacle,3.4209635257720947,3.4209773540496826,3.4209773540496826,0.22879924376805624,0.5419960021972656,0.22105669975280762,0.17089086771011353,0.22060741484165192,0.03735966980457306,0,0.8418059945106506,0.04974871993064878,0.27194164315859476,1,1,0,1,0.0,0,3.579066514968872,-0.011364658363163471,1.0087896585464478
2026-06-21T13:36:08.124197,49,1,-46617.40990998996,0,2,triangle_to_goal_obstacle,4.996768474578857,4.996776580810547,4.996776580810547,0.07434237003326416,0.5344524383544922,0.22013641893863678,0.21026326715946198,0.23977811634540558,0.03466055169701576,0,1.1862167119979858,0.4422124934196472,1.2775252175331115,0,0,1,0,0.0,0,2.0032331943511963,-0.0007438262109644711,1.0037641525268555
2026-06-21T13:36:18.132366,50,1,-222778.283412011,0,2,triangle_to_goal_obstacle,1.0365983247756958,1.9864144325256348,1.9864144325256348,2.036880056063334,0.022440867498517036,0.18971963226795197,0.14822526276111603,0.2047518491744995,0.036025520414114,0,1.1878479719161987,0.061687202453613255,2.4414116255442297,0,1,0,0,-0.0004329681396484375,0,5.963430404663086,0.002790590049698949,1.0072009563446045
2026-06-21T13:36:28.172017,51,1,-227677.71468503703,0,2,triangle_to_goal_obstacle,1.0346267223358154,1.9877405166625977,1.9877405166625977,2.0396578311920166,0.017348267138004303,0.19103364646434784,0.1482371985912323,0.19086956977844238,0.03143193945288658,0,1.2138383388519287,0.0607061696052551,2.444062621593475,0,1,0,0,-1.5854835510253906e-05,0,5.965435028076172,0.007557352539151907,1.0084019899368286
2026-06-21T13:36:32.697516,52,1,-90470.09426563908,0,2,triangle_to_goal_obstacle,3.607860803604126,3.6078755855560303,3.6078755855560303,0.3433085083961487,0.4996391832828522,0.22045274078845978,0.16628055274486542,0.26391077041625977,0.04064186289906502,0,0.660422146320343,0.049855173826217625,0.229550799926122,1,3,0,1,0.0,0,3.392153024673462,-0.004839281085878611,1.0087647438049316
2026-06-21T13:36:37.093975,53,1,-90256.89309255913,0,2,triangle_to_goal_obstacle,3.415407419204712,3.4154272079467773,3.4154272079467773,0.2250706156094869,0.5314910411834717,0.22065746784210205,0.16789542138576508,0.2571379244327545,0.06557983160018921,0,0.8497328162193298,0.049673111438751194,0.27781704187393186,1,1,0,1,0.0,0,3.584611177444458,-0.0071022906340658665,1.0087416172027588
2026-06-21T13:36:41.308878,54,1,-78947.40824470477,0,2,triangle_to_goal_obstacle,3.5547492504119873,3.5547664165496826,3.5547664165496826,0.3195788264274597,0.579487144947052,0.22058570384979248,0.16781485080718994,0.25530946254730225,0.04845375940203667,0,0.7135773301124573,0.04426923513412473,0.23046146949132282,1,3,0,1,0.0,0,3.4452626705169678,0.004664341453462839,1.0079786777496338
2026-06-21T13:36:50.980589,55,1,-53459.72457859029,0,2,triangle_to_goal_obstacle,4.676346302032471,4.676354885101318,4.676354885101318,0.06424673398335774,0.4924919307231903,0.22015632688999176,0.17853283882141113,0.2671307623386383,0.035540059208869934,0,1.2139382362365723,0.1382140529155731,0.9725690694650014,0,1,0,0,0.0,0,2.3236570358276367,-0.003922800067812204,1.0038584470748901
2026-06-21T13:37:01.357332,56,1,-222583.2766011724,0,2,triangle_to_goal_obstacle,1.0390897989273071,1.9837861061096191,1.9837861061096191,2.032763044039408,0.010439891368150711,0.18719802796840668,0.1466621309518814,0.23302489519119263,0.036234915256500244,0,1.2051860094070435,0.06160244464874265,2.4397600603103635,0,1,0,0,-0.0001462697982788086,0,5.960943222045898,-0.002273817779496312,1.007968783378601
2026-06-21T13:37:11.810921,57,1,-227781.63740898698,0,2,triangle_to_goal_obstacle,1.0364233255386353,1.9856020212173462,1.9856020212173462,2.0376597245534263,0.012424380518496037,0.1896490454673767,0.14868004620075226,0.19796937704086304,0.057516466826200485,0,1.180506944656372,0.06049388766288755,2.440307817061742,0,1,0,0,-0.00020778179168701172,0,5.963618755340576,0.00026738643646240234,1.0093384981155396
2026-06-21T13:37:15.929311,58,1,-75635.13118096466,0,2,triangle_to_goal_obstacle,3.961132287979126,3.961150884628296,3.961150884628296,0.38027262687683105,0.49637797474861145,0.22050167620182037,0.16673815250396729,0.2554374933242798,0.06939070671796799,0,0.6195146441459656,0.04910189032554624,0.3614685547351837,1,1,0,1,0.0,0,3.03887939453125,0.001569728017784655,1.0094822645187378
2026-06-21T13:37:20.484375,59,1,-89593.0751530819,0,2,triangle_to_goal_obstacle,3.4323501586914062,3.4323790073394775,3.4323790073394775,0.23669550816218057,0.5204342007637024,0.22124828398227692,0.16949652135372162,0.24067144095897675,0.038680169731378555,0,0.8259797096252441,0.04875064015388486,0.26734564820925394,1,1,0,1,0.0,0,3.5676753520965576,-0.009914398193359375,1.0088015794754028
2026-06-21T13:37:24.665721,60,1,-74728.98858382927,0,2,triangle_to_goal_obstacle,3.683821678161621,3.683838129043579,3.683838129043579,0.3837023377418518,0.5649697780609131,0.22044390439987183,0.16398568451404572,0.2863886058330536,0.03945726528763771,0,0.6201354265213013,0.04738289237022397,0.23156601309776303,1,3,0,1,0.0,0,3.3161935806274414,-0.006207525730133057,1.008628487586975
2026-06-21T13:37:29.087383,61,1,-83909.16688409708,0,2,triangle_to_goal_obstacle,3.2995707988739014,3.29959774017334,3.29959774017334,0.1394813060760498,0.5614755153656006,0.22050774097442627,0.1657339185476303,0.27750375866889954,0.06068716570734978,0,0.990899920463562,0.04847931981086728,0.3410723221302032,1,1,0,1,0.0,0,3.70044207572937,-0.0035352904815226793,1.0085726976394653
2026-06-21T13:37:38.936639,62,1,-37314.325915464295,0,2,triangle_to_goal_obstacle,5.548344135284424,5.54835319519043,5.54835319519043,0.03889580567677816,0.5019822120666504,0.22018049657344818,0.21053433418273926,0.23169274628162384,0.04524913802742958,0,1.1816694736480713,1.034695119857788,1.8158252747853594,0,0,1,0,0.0,0,1.4516581296920776,-0.001267294050194323,1.0049281120300293
2026-06-21T13:37:48.877314,63,1,-223165.03372457082,0,2,triangle_to_goal_obstacle,1.043083906173706,1.9802008867263794,1.9802008867263794,2.0309656858444214,0.013966438360512257,0.18394331634044647,0.14106571674346924,0.20004306733608246,0.05078722909092903,0,1.1873043775558472,0.06190136194229123,2.4351917815208433,0,1,0,0,-0.00012886524200439453,0,5.956967830657959,0.006340285297483206,1.0082288980484009
2026-06-21T13:37:58.725959,64,1,-225233.01001052014,0,2,triangle_to_goal_obstacle,1.0372012853622437,1.9854531288146973,1.9854531288146973,2.035192886988322,0.015143241733312607,0.18918536603450775,0.1470145434141159,0.22388482093811035,0.04638627544045448,0,1.2078197002410889,0.061045677661895725,2.441480151017507,0,1,0,0,-0.00018727779388427734,0,5.962896347045898,0.010154287330806255,1.0099716186523438
2026-06-21T13:38:04.037893,65,1,-114399.35735757137,0,2,triangle_to_goal_obstacle,2.6655168533325195,2.6655385494232178,2.6655385494232178,0.43167614936828613,0.5500896573066711,0.2204773873090744,0.16667841374874115,0.24565757811069489,0.03678709268569946,0,1.18662691116333,0.04724872231483457,0.8521479976177216,1,1,0,1,0.0,0,4.33450174331665,-0.00643080472946167,1.0075708627700806
2026-06-21T13:38:08.715772,66,1,-87292.9602617634,0,2,triangle_to_goal_obstacle,3.3241426944732666,3.3242626190185547,3.3242626190185547,0.16032499074935913,0.5773928761482239,0.22061850130558014,0.17019881308078766,0.23552344739437103,0.06673243641853333,0,0.9357695579528809,0.04617279887199399,0.3240930648644765,1,1,0,1,0.0,0,3.6761906147003174,-0.04654703661799431,1.006986379623413
2026-06-21T13:38:18.430939,67,1,-47195.87041087297,0,2,triangle_to_goal_obstacle,4.884121894836426,4.8841233253479,4.8841233253479,0.04364689191182455,0.5381954908370972,0.2200670838356018,0.21178436279296875,0.2130323201417923,0.058549914509058,0,1.2000097036361694,0.3613576006889343,1.1705847096443176,0,0,1,0,0.0,0,2.115879774093628,0.001358071924187243,1.004269003868103
2026-06-21T13:38:28.584519,68,1,-224442.87352680782,0,2,triangle_to_goal_obstacle,1.0373973846435547,1.985599398612976,1.985599398612976,2.033896327018738,0.017639977857470512,0.18869765102863312,0.1453905552625656,0.19209332764148712,0.04634861275553703,0,1.2033268213272095,0.06168148040771482,2.441422433853149,0,1,0,0,-0.00014388561248779297,0,5.962634563446045,0.0007130702142603695,1.00810968875885
2026-06-21T13:38:38.661793,69,1,-227213.5491410486,0,2,triangle_to_goal_obstacle,1.034705638885498,1.9878339767456055,1.9878339767456055,2.0359291235605874,0.003326572710648179,0.19108445942401886,0.1482078582048416,0.18011726438999176,0.045421302318573,0,1.2036259174346924,0.06078231453895566,2.4435807279745734,0,1,0,0,-4.124641418457031e-05,0,5.965366840362549,0.007485488895326853,1.0096930265426636
2026-06-21T13:38:43.301746,70,1,-97846.98978968836,0,2,triangle_to_goal_obstacle,3.372748613357544,3.3728065490722656,3.3728065490722656,0.19810638825098673,0.4989722669124603,0.22080858051776886,0.16616040468215942,0.2798428535461426,0.046105872839689255,0,0.85402512550354,0.04992896437644956,0.30448168635368345,1,1,0,1,0.0,0,3.6273155212402344,0.01903500221669674,1.0084210634231567
2026-06-21T13:38:47.531569,71,1,-80291.47541973948,0,2,triangle_to_goal_obstacle,3.6296098232269287,3.629624366760254,3.629624366760254,0.35412079095840454,0.5490918755531311,0.2204304188489914,0.16574019193649292,0.2513538897037506,0.060540955513715744,0,0.6650043725967407,0.04618910074234006,0.22965736309687293,1,3,0,1,0.0,0,3.370424270629883,0.01345809269696474,1.0081828832626343
2026-06-21T13:38:51.592756,72,1,-77485.24740693365,0,2,triangle_to_goal_obstacle,3.604552745819092,3.6045703887939453,3.6045703887939453,0.34140217304229736,0.558840811252594,0.2204347848892212,0.16697217524051666,0.2614160478115082,0.05250067636370659,0,0.6888935565948486,0.04868665456771848,0.23145176092783606,1,3,0,1,0.0,0,3.3954572677612305,0.0014709035167470574,1.0083070993423462
2026-06-21T13:39:01.216404,73,1,-52045.51392107151,0,2,triangle_to_goal_obstacle,4.771018981933594,4.771036624908447,4.771036624908447,0.095215638478597,0.5147834420204163,0.22024349868297577,0.18737906217575073,0.2606244683265686,0.062184471637010574,0,1.198574423789978,0.19085899114608762,1.0605575156211853,0,1,0,0,0.0,0,2.2289836406707764,0.00339498114772141,1.0039178133010864
2026-06-21T13:39:11.460013,74,1,-224083.56117045588,0,2,triangle_to_goal_obstacle,1.0431180000305176,1.9800328016281128,1.9800328016281128,2.030046741167704,0.021130254492163658,0.1839023232460022,0.14136050641536713,0.1501263976097107,0.04975609853863716,0,1.1898151636123657,0.06172427654266355,2.435171694755554,0,1,0,0,-0.00020456314086914062,0,5.956937789916992,0.005811909679323435,1.0090914964675903
2026-06-21T13:39:21.156210,75,1,-226988.05095193646,0,2,triangle_to_goal_obstacle,1.0284563302993774,1.993974208831787,1.993974208831787,2.045407255490621,0.01538075227290392,0.19664613902568817,0.1543542891740799,0.16519641876220703,0.047365278005599976,0,1.2126058340072632,0.06071746468544004,2.4501333447297413,0,1,0,0,-0.00029540061950683594,0,5.971595764160156,-0.002687732456251979,1.009989619255066
2026-06-21T13:39:25.378402,76,1,-80711.44920881707,0,2,triangle_to_goal_obstacle,3.7936127185821533,3.793625593185425,3.793625593185425,0.3982841571172078,0.5117515325546265,0.22042231261730194,0.1662004590034485,0.2572936713695526,0.028394415974617004,0,0.6049662232398987,0.0476008069515228,0.271916092634201,1,1,0,1,0.0,0,3.2064082622528076,0.00945619773119688,1.0083082914352417
2026-06-21T13:39:30.088609,77,1,-93968.95710396246,0,2,triangle_to_goal_obstacle,3.278454542160034,3.2784950733184814,3.2784950733184814,0.1219833493232727,0.5335113406181335,0.2205015867948532,0.1659150868654251,0.27181246876716614,0.06944931298494339,0,0.9829524159431458,0.04851579785346982,0.3516247284412384,1,1,0,1,0.0,0,3.7216155529022217,-0.019842902198433876,1.0081453323364258
2026-06-21T13:39:34.345294,78,1,-85016.40886783134,0,2,triangle_to_goal_obstacle,3.4128708839416504,3.4128904342651367,3.4128904342651367,0.22635563214619955,0.5655611157417297,0.22183829545974731,0.17284469306468964,0.22610147297382355,0.0477880984544754,0,0.8457875847816467,0.0475993466377258,0.2801261258125305,1,1,0,1,0.0,0,3.587202787399292,-0.021047314628958702,1.0077135562896729
2026-06-21T13:39:43.902266,79,1,-38792.78500583363,0,2,triangle_to_goal_obstacle,5.407505989074707,5.4075164794921875,5.4075164794921875,0.02973000208536784,0.51944500207901,0.22025616466999054,0.21012228727340698,0.23648254573345184,0.024452298879623413,0,1.1804141998291016,0.9045602989196777,1.6778244686126706,0,0,1,0,0.0,0,1.5924991369247437,-0.005938311573117971,1.0045779943466187
2026-06-21T13:39:54.042915,80,1,-223670.57462066106,0,2,triangle_to_goal_obstacle,1.0419129133224487,1.9812612533569336,1.9812612533569336,2.0303978522618613,0.009269692935049534,0.18481701612472534,0.141391322016716,0.1814439296722412,0.04700705036520958,0,1.193029522895813,0.06186497330665586,2.436588626305262,0,1,0,0,-0.0001512765884399414,0,5.9581298828125,0.00547713041305542,1.0076886415481567
2026-06-21T13:40:04.512903,81,1,-225562.69171162898,0,2,triangle_to_goal_obstacle,1.035341501235962,1.9872721433639526,1.9872721433639526,2.0379984378814697,0.014890643768012524,0.19045805931091309,0.1483844667673111,0.19039596617221832,0.03439835458993912,0,1.2102811336517334,0.060977549552917454,2.44338863213857,0,1,0,0,-0.00013709068298339844,0,5.964700222015381,0.0027881860733032227,1.0088714361190796
2026-06-21T13:40:09.759426,82,1,-113078.37079547055,0,2,triangle_to_goal_obstacle,2.7647955417633057,2.7648112773895264,2.7648112773895264,0.33571569124857586,0.550367534160614,0.220441535115242,0.16615979373455048,0.24440522491931915,0.05267740413546562,0,1.1921666860580444,0.045900554656982395,0.7612966410319011,1,1,0,1,0.0,0,4.235219478607178,0.0053183832205832005,1.007382869720459
2026-06-21T13:40:13.988356,83,1,-84401.40582517596,0,2,triangle_to_goal_obstacle,3.3861541748046875,3.386187791824341,3.386187791824341,0.20942328373591104,0.5846213698387146,0.22076094150543213,0.16817249357700348,0.27196940779685974,0.056577060371637344,0,0.8855158090591431,0.04470807433128354,0.2937609763940175,1,1,0,1,0.0,0,3.6138923168182373,-0.016176283359527588,1.0072821378707886
2026-06-21T13:40:18.119680,84,1,-81453.74102651415,0,2,triangle_to_goal_obstacle,3.380673408508301,3.3807008266448975,3.3807008266448975,0.2039178212483724,0.5915805697441101,0.22073562443256378,0.16880732774734497,0.2583523690700531,0.049974892288446426,0,0.8767598271369934,0.046230436563491795,0.2956367941697438,1,1,0,1,0.0,0,3.619389295578003,-0.019202589988708496,1.007392406463623
2026-06-21T13:40:27.602323,85,1,-40647.9815972366,0,2,triangle_to_goal_obstacle,5.349854946136475,5.349859237670898,5.349859237670898,0.051202853520711265,0.5166232585906982,0.2201177328824997,0.21077068150043488,0.22619710862636566,0.01774955354630947,0,1.1884373426437378,0.8206417274475097,1.6217683664957683,0,0,1,0,0.0,0,1.6501474380493164,0.0028318564873188734,1.0042448043823242
2026-06-21T13:40:37.496435,86,1,-224272.21723390755,0,2,triangle_to_goal_obstacle,1.0443530082702637,1.978832721710205,1.978832721710205,2.029604911804199,0.02184404246509075,0.18307185173034668,0.1420370489358902,0.17691217362880707,0.041191838681697845,0,1.1871757507324219,0.06183922410011289,2.4338579388459523,0,1,0,0,-0.0004031658172607422,0,5.955699920654297,0.003805696964263916,1.0097941160202026
2026-06-21T13:40:47.901522,87,1,-226769.19502060744,0,2,triangle_to_goal_obstacle,1.0298895835876465,1.992799162864685,1.992799162864685,2.0396390358606973,0.006765497848391533,0.19543273746967316,0.1555037945508957,0.16674606502056122,0.0675019845366478,0,1.1995972394943237,0.0609784138202667,2.448274037440618,0,1,0,0,-5.042552947998047e-05,0,5.970190048217773,0.006213823799043894,1.0112011432647705
2026-06-21T13:40:53.208199,88,1,-110796.80058087196,0,2,triangle_to_goal_obstacle,2.8868443965911865,2.886883497238159,2.886883497238159,0.22574150562286377,0.540534257888794,0.22068671882152557,0.16600632667541504,0.2553282082080841,0.05328267812728882,0,1.2100259065628052,0.04614260911941526,0.6557024232546488,1,1,0,1,0.0,0,4.113193511962891,-0.012625634670257568,1.007651448249817
2026-06-21T13:40:57.778103,89,1,-94861.78984898694,0,2,triangle_to_goal_obstacle,3.0681345462799072,3.068171739578247,3.068171739578247,0.05952918529510498,0.5648026466369629,0.2205112725496292,0.16614849865436554,0.24998825788497925,0.03902848809957504,0,1.183532953262329,0.04585468888282773,0.4973899535338084,1,1,0,1,0.0,0,3.931877374649048,-0.004312753677368164,1.0073860883712769
2026-06-21T13:41:07.639777,90,1,-40409.33292191709,0,2,triangle_to_goal_obstacle,5.322277069091797,5.322288990020752,5.322288990020752,0.044646263122558594,0.5015248656272888,0.22018778324127197,0.21059827506542206,0.23768121004104614,0.04396730661392212,0,1.1872345209121704,0.8010903310775757,1.5948681942621865,0,0,1,0,0.0,0,1.6777243614196777,-0.0005858540534973145,1.0040696859359741
2026-06-21T13:41:17.638322,91,1,-223669.43420117733,0,2,triangle_to_goal_obstacle,1.0434187650680542,1.9797085523605347,1.9797085523605347,2.0275425910949707,0.0170839112251997,0.1832747906446457,0.14295709133148193,0.1911868005990982,0.04325079917907715,0,1.1975955963134766,0.06182888269424436,2.4352974009513852,0,1,0,0,0.0,0,5.9566216468811035,0.0002687374653760344,1.0091733932495117
2026-06-21T13:41:27.488090,92,1,-226511.15345498538,0,2,triangle_to_goal_obstacle,1.031510829925537,1.9910608530044556,1.9910608530044556,2.038403352101644,0.0150461969897151,0.1938686966896057,0.1532270461320877,0.20443598926067352,0.04806879162788391,0,1.1979241371154785,0.060926975011825535,2.4465099187692005,0,1,0,0,-0.00012111663818359375,0,5.968542575836182,-0.0021191041450947523,1.0102818012237549
2026-06-21T13:41:32.615365,93,1,-107480.42394272587,0,2,triangle_to_goal_obstacle,2.9943971633911133,2.9944241046905518,2.9944241046905518,0.1225740909576416,0.5463548302650452,0.22091837227344513,0.16483832895755768,0.28401196002960205,0.05462060496211052,0,1.1972815990447998,0.04569077610969541,0.5610407801469167,1,1,0,1,0.0,0,4.0056939125061035,-0.022258440032601357,1.0070773363113403
2026-06-21T13:41:37.154042,94,1,-90345.05145240242,0,2,triangle_to_goal_obstacle,3.2882096767425537,3.288295030593872,3.288295030593872,0.12998302777608237,0.5486649870872498,0.22050516307353973,0.16747386753559113,0.2617410123348236,0.06993794441223145,0,0.9855036735534668,0.048416854143142674,0.34577165166536966,1,1,0,1,0.0,0,3.7120697498321533,-0.04234335944056511,1.006673812866211
2026-06-21T13:41:46.828828,95,1,-43378.43431976647,0,2,triangle_to_goal_obstacle,5.176252841949463,5.176252841949463,5.176252841949463,0.09463047981262207,0.5197024941444397,0.2200603485107422,0.21023070812225342,0.24380551278591156,0.049271177500486374,0,1.1985896825790405,0.5963254284858703,1.4527616413434348,0,0,1,0,0.0,0,1.82374906539917,0.0024473269004374743,1.0039132833480835
2026-06-21T13:41:56.862133,96,1,-223756.1821491777,0,2,triangle_to_goal_obstacle,1.0406030416488647,1.9822744131088257,1.9822744131088257,2.0310290257136026,0.014258190058171749,0.1858609914779663,0.1454998105764389,0.2128543108701706,0.03834618255496025,0,1.1938921213150024,0.0616883051395416,2.4377151540915167,0,1,0,0,-8.368492126464844e-05,0,5.9594340324401855,-0.0015847882023081183,1.0086369514465332
2026-06-21T13:42:06.958651,97,1,-227272.2409874739,0,2,triangle_to_goal_obstacle,1.0343517065048218,1.9882012605667114,1.9882012605667114,2.037290891011556,0.01616082340478897,0.1916607767343521,0.15124009549617767,0.2153456062078476,0.042914990335702896,0,1.206326961517334,0.060851843357086155,2.444096874396006,0,1,0,0,-0.00023698806762695312,0,5.965740203857422,0.009388108737766743,1.01010000705719
2026-06-21T13:42:12.032603,98,1,-107301.89004401147,0,2,triangle_to_goal_obstacle,2.991429567337036,2.9914681911468506,2.9914681911468506,0.1383897066116333,0.5255870223045349,0.22051386535167694,0.16665039956569672,0.23865710198879242,0.052164677530527115,0,1.2229254245758057,0.04808336615562436,0.569561999241511,1,1,0,1,0.0,0,4.008581638336182,0.002450446365401149,1.0077674388885498
2026-06-21T13:42:16.576377,99,1,-94184.08826927845,0,2,triangle_to_goal_obstacle,3.1387927532196045,3.1388626098632812,3.1388626098632812,0.01807566483815511,0.5626158118247986,0.22109949588775635,0.16582094132900238,0.2740672528743744,0.027549339458346367,0,1.1758290529251099,0.04833302021026609,0.4492954325675964,1,1,0,1,0.0,0,3.8613739013671875,-0.031334877014160156,1.0080269575119019
2026-06-21T13:42:20.870750,100,1,-83219.23320917026,0,2,triangle_to_goal_obstacle,3.307159900665283,3.3072807788848877,3.3072807788848877,0.14851554234822592,0.5863109230995178,0.22065943479537964,0.1700163036584854,0.2251235991716385,0.05207158625125885,0,0.9460508823394775,0.04829043269157407,0.3393913122018178,1,1,0,1,0.0,0,3.6931240558624268,-0.04272353649139404,1.0072919130325317
2026-06-21T13:42:30.635307,101,1,-36801.75755481269,0,2,triangle_to_goal_obstacle,5.536703109741211,5.5367045402526855,5.5367045402526855,0.0129014253616333,0.5025609731674194,0.22010032832622528,0.21123306453227997,0.21161043643951416,0.039637334644794464,0,1.177904725074768,1.0709165048599243,1.8070163043340044,0,0,1,0,0.0,0,1.4632997512817383,0.0034358103293925524,1.0044466257095337
2026-06-21T13:42:40.854087,102,1,-222536.41859492718,0,2,triangle_to_goal_obstacle,1.0459566116333008,1.9774688482284546,1.9774688482284546,2.02798855304718,0.005575975868850946,0.1811200976371765,0.14021843671798706,0.19944752752780914,0.05428071320056915,0,1.1886612176895142,0.06225136041641233,2.432604780991872,0,1,0,0,0.0,0,5.954071044921875,0.003146529197692871,1.0069218873977661
2026-06-21T13:42:50.928713,103,1,-226639.1235848086,0,2,triangle_to_goal_obstacle,1.0335007905960083,1.9890590906143188,1.9890590906143188,2.0372480551401773,0.010442412458360195,0.19190378487110138,0.15107721090316772,0.2024168223142624,0.04865622892975807,0,1.1951143741607666,0.06098681807518003,2.4444166831175482,0,1,0,0,0.0,0,5.966548919677734,0.002774278400465846,1.0097445249557495
2026-06-21T13:42:56.210458,104,1,-114854.29923049941,0,2,triangle_to_goal_obstacle,2.6539530754089355,2.6539676189422607,2.6539676189422607,0.44033122062683105,0.5554495453834534,0.22062955796718597,0.16703373193740845,0.21928150951862335,0.06167330965399742,0,1.2059550285339355,0.04542103528976438,0.8640909504890443,1,1,0,1,0.0,0,4.3460845947265625,-0.011895040981471539,1.0076234340667725
2026-06-21T13:43:00.872722,105,1,-93174.61354021878,0,2,triangle_to_goal_obstacle,3.099088668823242,3.09912109375,3.09912109375,0.031542062759399414,0.5779082179069519,0.220694899559021,0.16765809059143066,0.2376890927553177,0.05178260803222656,0,1.202210545539856,0.04672482728958127,0.4775455904006958,1,1,0,1,0.0,0,3.9009761810302734,0.018535137176513672,1.0076736211776733
2026-06-21T13:43:10.771680,106,1,-45361.7515399697,0,2,triangle_to_goal_obstacle,5.014912128448486,5.014914035797119,5.014914035797119,0.0702367623647054,0.5425170063972473,0.22007404267787933,0.21149058640003204,0.21653048694133759,0.05898924171924591,0,1.1999578475952148,0.4620566082000732,1.2964912366867065,0,0,1,0,0.0,0,1.9850897789001465,-0.0017713705310598016,1.004036545753479
2026-06-21T13:43:20.620241,107,1,-223044.50773602648,0,2,triangle_to_goal_obstacle,1.0393762588500977,1.9838786125183105,1.9838786125183105,2.0338688294092813,0.01826239563524723,0.18724550306797028,0.14610087871551514,0.22133119404315948,0.06098976731300354,0,1.1898645162582397,0.06185171127319333,2.438960920969645,0,1,0,0,-0.00017714500427246094,0,5.960683822631836,0.006411413196474314,1.0091460943222046
2026-06-21T13:43:30.498722,108,1,-225679.8110035032,0,2,triangle_to_goal_obstacle,1.0264867544174194,1.995806336402893,1.995806336402893,2.0452853441238403,0.013448203913867474,0.19860434532165527,0.15621767938137054,0.20636679232120514,0.035228271037340164,0,1.1895262002944946,0.06064653515815732,2.450790625015894,0,1,0,0,-0.0002827644348144531,0,5.973578929901123,0.0043235220946371555,1.0107784271240234
2026-06-21T13:43:35.198732,109,1,-99336.16824072822,0,2,triangle_to_goal_obstacle,3.3403236865997314,3.340416669845581,3.340416669845581,0.17075955867767334,0.5186119675636292,0.22075124084949493,0.16708894073963165,0.24561341106891632,0.05855735018849373,0,0.9153536558151245,0.04846719026565549,0.31571842352549234,1,1,0,1,0.0,0,3.65987491607666,0.03535032272338867,1.0087231397628784
2026-06-21T13:43:40.074255,110,1,-102404.575338723,0,2,triangle_to_goal_obstacle,2.8767142295837402,2.876736640930176,2.876736640930176,0.23944191137949625,0.533577024936676,0.22049202024936676,0.16832701861858368,0.22007142007350922,0.056479956954717636,0,1.2131527662277222,0.049911828041076634,0.6667206001281739,1,1,0,1,0.0,0,4.1232991218566895,-0.001164297224022448,1.0086880922317505
2026-06-21T13:43:49.897591,111,1,-41671.773225471705,0,2,triangle_to_goal_obstacle,5.254598617553711,5.254603385925293,5.254603385925293,0.0738660494486491,0.5025653839111328,0.2201557606458664,0.21080029010772705,0.22562016546726227,0.06569258123636246,0,1.1907105445861816,0.6991868925094604,1.5283962202072143,0,0,1,0,0.0,0,1.745404839515686,-0.004205306526273489,1.004334807395935
2026-06-21T13:44:00.658010,112,1,-225078.9275338594,0,2,triangle_to_goal_obstacle,1.047229528427124,1.9759725332260132,1.9759725332260132,2.0260063012441,0.010794428177177906,0.18022508919239044,0.13881690800189972,0.19332794845104218,0.043562158942222595,0,1.2074410915374756,0.06189066290855405,2.4320912373065946,0,1,0,0,-0.00019502639770507812,0,5.952810287475586,0.002767701866105199,1.0086989402770996
2026-06-21T13:44:11.071303,113,1,-227095.1074539596,0,2,triangle_to_goal_obstacle,1.0275766849517822,1.9950761795043945,1.9950761795043945,2.0466251373291016,0.012525458820164204,0.19731612503528595,0.15635688602924347,0.20792539417743683,0.05129892751574516,0,1.1828827857971191,0.06088036417961118,2.4496418249607084,0,1,0,0,0.0,0,5.972496032714844,0.0066341557539999485,1.0102657079696655
2026-06-21T13:44:16.512822,114,1,-115721.61918090205,0,2,triangle_to_goal_obstacle,2.7057952880859375,2.7058217525482178,2.7058217525482178,0.3914150794347127,0.556943953037262,0.22057102620601654,0.16838009655475616,0.21164517104625702,0.06493061035871506,0,1.2025210857391357,0.04673069834709165,0.8169813962777456,1,1,0,1,0.0,0,4.294230937957764,0.008739988319575787,1.0080749988555908
2026-06-21T13:44:20.912708,115,1,-84075.49659002163,0,2,triangle_to_goal_obstacle,3.4631500244140625,3.4631717205047607,3.4631717205047607,0.259358545144399,0.5592320561408997,0.22237955033779144,0.1722414493560791,0.22649861872196198,0.06734519451856613,0,0.8048392534255981,0.0485717964172363,0.260287176767985,1,1,0,1,0.0,0,3.536865234375,-0.005673805717378855,1.008581519126892
2026-06-21T13:44:30.726559,116,1,-37737.25701944468,0,2,triangle_to_goal_obstacle,5.438499927520752,5.438503742218018,5.438503742218018,0.02567891279856364,0.5030530095100403,0.22018040716648102,0.2106277346611023,0.2331370860338211,0.06324522942304611,0,1.201974868774414,0.9373551321029663,1.7100139570236204,0,0,1,0,0.0,0,1.5615049600601196,0.005756258964538574,1.0044223070144653
2026-06-21T13:44:40.712161,117,1,-224087.1807002945,0,2,triangle_to_goal_obstacle,1.0403916835784912,1.9830551147460938,1.9830551147460938,2.0322267611821494,0.010167201049625874,0.18608415126800537,0.14433860778808594,0.1993710845708847,0.0383402444422245,0,1.193336844444275,0.06227228164672849,2.438374490737915,0,1,0,0,-9.28640365600586e-05,0,5.959638595581055,-0.001225630403496325,1.0078487396240234
2026-06-21T13:44:50.871619,118,1,-226723.54673489108,0,2,triangle_to_goal_obstacle,1.0311428308486938,1.9915552139282227,1.9915552139282227,2.04541544119517,0.00926399976015091,0.19444529712200165,0.1529885232448578,0.1909884661436081,0.029374465346336365,0,1.2188574075698853,0.060964972972869846,2.4480099193255103,0,1,0,0,-0.00013625621795654297,0,5.968940258026123,0.007946252822875977,1.0103964805603027
2026-06-21T13:45:00.864928,119,1,-231394.39928697768,0,2,triangle_to_goal_obstacle,1.0252022743225098,1.996564507484436,1.996564507484436,2.0429511864980063,0.007324401754885912,0.1991802453994751,0.158159539103508,0.1912251114845276,0.0306150671094656,0,1.1997253894805908,0.05968374133110044,2.452025692860285,0,1,0,0,-1.7404556274414062e-05,0,5.974864959716797,-0.00120578205678612,1.0116844177246094
2026-06-21T13:45:10.811645,120,1,-93266.29214151291,0,2,triangle_to_goal_obstacle,4.022100925445557,4.02210807800293,4.02210807800293,0.3610888918240865,0.3596421778202057,0.2202659398317337,0.16684536635875702,0.2526967525482178,0.056018006056547165,0,0.6549895405769348,0.061923445463180515,0.4061033538977305,0,1,0,0,0.0,0,2.977912187576294,-0.00801734160631895,1.006149172782898
2026-06-21T13:45:20.914005,121,1,-226610.5222702893,0,2,triangle_to_goal_obstacle,1.0418615341186523,1.9809399843215942,1.9809399843215942,2.02810009320577,0.017748018726706505,0.18485648930072784,0.14316242933273315,0.18907742202281952,0.04748055338859558,0,1.1992008686065674,0.06123191237449643,2.436550936301549,0,1,0,0,-0.00010943412780761719,0,5.958195209503174,0.004094600677490234,1.010076642036438
2026-06-21T13:45:30.982396,122,1,-230901.4246274815,0,2,triangle_to_goal_obstacle,1.0359160900115967,1.98613440990448,1.98613440990448,2.0362767378489175,0.0053500160574913025,0.18988947570323944,0.14898031949996948,0.19193965196609497,0.05573528632521629,0,1.1874020099639893,0.06009075164794919,2.4410827668507893,0,1,0,0,-9.322166442871094e-05,0,5.964144229888916,0.0009248852729797363,1.0111459493637085
2026-06-21T13:45:34.666231,123,1,-60359.39973475518,0,2,triangle_to_goal_obstacle,4.520137310028076,4.520153522491455,4.520153522491455,0.005020737648010254,0.47861579060554504,0.22052907943725586,0.16706885397434235,0.23334956169128418,0.03128929063677788,0,1.2000012397766113,0.048568369150161717,0.8257105561097463,1,1,0,1,0.0,0,2.479874610900879,6.286302959779277e-05,1.0103344917297363
2026-06-21T13:45:38.684116,124,1,-71687.70678529225,0,2,triangle_to_goal_obstacle,4.049064636230469,4.049081325531006,4.049081325531006,0.34282833337783813,0.528981626033783,0.2205713540315628,0.1663883924484253,0.23586022853851318,0.039186835289001465,0,0.6809989809989929,0.047175557613372776,0.42655463139216104,1,1,0,1,0.0,0,2.950953245162964,-0.0069219074212014675,1.0099035501480103
2026-06-21T13:45:42.978980,125,1,-77005.79969897823,0,2,triangle_to_goal_obstacle,3.767451763153076,3.767483711242676,3.767483711242676,0.3951638142267863,0.5323283672332764,0.22065071761608124,0.16671735048294067,0.23427154123783112,0.047654781490564346,0,0.6020066738128662,0.04827517390251157,0.2662130606174469,1,1,0,1,0.0,0,3.2325661182403564,-0.006310105323791504,1.0097953081130981
2026-06-21T13:45:47.348187,126,1,-85833.00287008344,0,2,triangle_to_goal_obstacle,3.40130615234375,3.4013402462005615,3.4013402462005615,0.21735143661499023,0.552315354347229,0.22106753289699554,0.1698315590620041,0.22120821475982666,0.05119987949728966,0,0.8643839359283447,0.0490387690067291,0.2889168473084767,1,1,0,1,0.0,0,3.598741292953491,-0.015391767024993896,1.0092246532440186
2026-06-21T13:45:57.198185,127,1,-40502.18492532521,0,2,triangle_to_goal_obstacle,5.327873229980469,5.327880382537842,5.327880382537842,0.07641120751698811,0.5174685120582581,0.22023291885852814,0.21085207164287567,0.2272266149520874,0.03773706778883934,0,1.1978509426116943,0.768214316368103,1.600689024925232,0,0,1,0,0.0,0,1.6721328496932983,0.006770610809326172,1.0042637586593628
2026-06-21T13:46:07.327967,128,1,-224955.56190660378,0,2,triangle_to_goal_obstacle,1.0432851314544678,1.979887843132019,1.979887843132019,2.0291534264882407,0.011387355625629425,0.18364162743091583,0.14189082384109497,0.1630142480134964,0.058761756867170334,0,1.1925370693206787,0.06180161356925962,2.435181897083918,0,1,0,0,-2.2172927856445312e-05,0,5.956768035888672,0.003547589061781764,1.0099173784255981
2026-06-21T13:46:17.066356,129,1,-226823.40185169395,0,2,triangle_to_goal_obstacle,1.029528260231018,1.9930771589279175,1.9930771589279175,2.044212818145752,0.012082818895578384,0.19585110247135162,0.15443997085094452,0.1764535754919052,0.041267987340688705,0,1.1844549179077148,0.060855866670608494,2.447770815292994,0,1,0,0,-0.00020742416381835938,0,5.9705424308776855,0.005029002670198679,1.0109666585922241
2026-06-21T13:46:22.320508,130,1,-117204.57971285045,0,2,triangle_to_goal_obstacle,2.618317127227783,2.6183340549468994,2.6183340549468994,0.4733199675877889,0.542395293712616,0.22051499783992767,0.16866536438465118,0.18237067759037018,0.023914597928524017,0,1.195711612701416,0.04615587115287778,0.8962708326180776,1,1,0,1,0.0,0,4.3816986083984375,0.0013737082481384277,1.0089865922927856
2026-06-21T13:46:26.848745,131,1,-91137.09018507815,0,2,triangle_to_goal_obstacle,3.2117347717285156,3.2117538452148438,3.2117538452148438,0.07306238015492757,0.5669061541557312,0.22050607204437256,0.16523291170597076,0.25825104117393494,0.048391710966825485,0,1.0833384990692139,0.045520008802413914,0.3891975692907969,1,1,0,1,0.0,0,3.788283109664917,0.005683878902345896,1.0090898275375366
2026-06-21T13:46:36.448519,132,1,-48304.35016876266,0,2,triangle_to_goal_obstacle,4.96962833404541,4.969632625579834,4.969632625579834,0.07912492752075195,0.5230420231819153,0.22011588513851166,0.21114647388458252,0.20990478992462158,0.06270850449800491,0,1.1912705898284912,0.4084734034538269,1.251586786111196,0,0,1,0,0.0,0,2.03037428855896,0.0023617942351847887,1.0045454502105713
2026-06-21T13:46:46.183213,133,1,-224038.66789024416,0,2,triangle_to_goal_obstacle,1.0386468172073364,1.984486699104309,1.984486699104309,2.0344014167785645,0.019243547692894936,0.18796753883361816,0.14703570306301117,0.1801552027463913,0.02534031867980957,0,1.1900420188903809,0.06172427654266355,2.439594915707906,0,1,0,0,-0.00036346912384033203,0,5.961405277252197,0.0035649538040161133,1.0097659826278687
2026-06-21T13:46:56.270034,134,1,-226922.23063628474,0,2,triangle_to_goal_obstacle,1.0339661836624146,1.9884511232376099,1.9884511232376099,2.0384901762008667,0.009501403197646141,0.1918109506368637,0.14998459815979004,0.17432372272014618,0.059022706001996994,0,1.1881178617477417,0.06071189165115354,2.443430971304575,0,1,0,0,-5.4001808166503906e-05,0,5.96612024307251,0.007382869720458984,1.01114022731781
2026-06-21T13:47:00.970407,135,1,-100622.30120928324,0,2,triangle_to_goal_obstacle,3.3096141815185547,3.309703826904297,3.309703826904297,0.14542235930760702,0.5233696103096008,0.2205822914838791,0.16802211105823517,0.23143137991428375,0.033420201390981674,0,0.9549415707588196,0.04877317070960996,0.3311595133940379,1,1,0,1,0.0,0,3.6906254291534424,-0.038893599063158035,1.0086244344711304
2026-06-21T13:47:05.633476,136,1,-92881.47913058964,0,2,triangle_to_goal_obstacle,3.23636794090271,3.236403703689575,3.236403703689575,0.09057831764221191,0.5721073746681213,0.2206125408411026,0.1657269150018692,0.24156272411346436,0.05243070051074028,0,1.0594916343688965,0.04511946558952329,0.3788567793369293,1,1,0,1,0.0,0,3.763690233230591,0.016980528831481934,1.0094083547592163
2026-06-21T13:47:15.861567,137,1,-43373.09019881816,0,2,triangle_to_goal_obstacle,5.181429386138916,5.181429862976074,5.181429862976074,0.08574100335439046,0.5270538330078125,0.22007925808429718,0.210535928606987,0.23544704914093018,0.05993125960230827,0,1.1970893144607544,0.6116200995445251,1.457716257572174,0,0,1,0,0.0,0,1.8185733556747437,0.0025229454040527344,1.0045491456985474
2026-06-21T13:47:25.870690,138,1,-225894.3458609685,0,2,triangle_to_goal_obstacle,1.039976954460144,1.9831761121749878,1.9831761121749878,2.031454563140869,0.012872688472270966,0.18655413389205933,0.14525283873081207,0.176258847117424,0.034069646149873734,0,1.2030425071716309,0.06179565310478208,2.438983401854833,0,1,0,0,-0.0001373291015625,0,5.960071563720703,0.0005668203230015934,1.0100266933441162
2026-06-21T13:47:35.717750,139,1,-227427.12983374952,0,2,triangle_to_goal_obstacle,1.0317896604537964,1.9907516241073608,1.9907516241073608,2.0393428405125937,0.010780476033687592,0.1935647875070572,0.1518765538930893,0.17585276067256927,0.05895329639315605,0,1.2048996686935425,0.06085330367088315,2.446536780595779,0,1,0,0,-2.9921531677246094e-05,0,5.9682698249816895,0.0010527968406677246,1.0110255479812622
2026-06-21T13:47:39.189065,140,1,-99528.0728188168,0,2,triangle_to_goal_obstacle,3.3290345668792725,3.329186201095581,3.329186201095581,0.16258400678634644,0.5104153752326965,0.2208407074213028,0.16630329191684723,0.2651674449443817,0.04662695899605751,0,0.9515895843505859,0.04832655310630796,0.3245683920383453,1,1,0,1,0.0,0,3.6713597774505615,0.050384681671857834,1.0093448162078857
2026-06-21T13:47:42.744325,141,1,-100739.76561790958,0,2,triangle_to_goal_obstacle,2.8869211673736572,2.8869330883026123,2.8869330883026123,0.2247711420059204,0.5696462988853455,0.22051888704299927,0.16598787903785706,0.2312571406364441,0.038635507225990295,0,1.210517168045044,0.04526341080665586,0.6547798923651377,1,1,0,1,0.0,0,4.113099575042725,0.005664467811584473,1.009352684020996
2026-06-21T13:47:49.833001,142,1,-46521.895843342136,0,2,triangle_to_goal_obstacle,4.976602554321289,4.9766035079956055,4.9766035079956055,0.03935587406158447,0.5223874449729919,0.2201022356748581,0.21068841218948364,0.23283982276916504,0.0459764339029789,0,1.195376992225647,0.4595939826965332,1.2595230452219646,0,0,1,0,0.0,0,2.0234010219573975,0.004145483020693064,1.0044721364974976
2026-06-21T13:47:56.952406,143,1,-223842.00649319528,0,2,triangle_to_goal_obstacle,1.0390329360961914,1.9840375185012817,1.9840375185012817,2.0339365005493164,0.015788543969392776,0.18708282709121704,0.14573408663272858,0.1886402815580368,0.025522813200950623,0,1.2074108123779297,0.0617154252529144,2.4400698355833685,0,1,0,0,0.0,0,5.961012363433838,-0.0019006928196176887,1.009518027305603
2026-06-21T13:48:04.202500,144,1,-226520.91891834378,0,2,triangle_to_goal_obstacle,1.0336132049560547,1.98878014087677,1.98878014087677,2.0390891234079995,0.007103128358721733,0.19217725098133087,0.1505141407251358,0.17598377168178558,0.035899948328733444,0,1.2097580432891846,0.06067848324775693,2.4448761753241217,0,1,0,0,-1.3947486877441406e-05,0,5.96649169921875,0.01026928424835205,1.0105534791946411
2026-06-21T13:48:07.655391,145,1,-99567.42019905041,0,2,triangle_to_goal_obstacle,3.3373470306396484,3.3374414443969727,3.3374414443969727,0.17106133699417114,0.553082287311554,0.2207496613264084,0.1666783094406128,0.2598319351673126,0.05871601775288582,0,0.9118091464042664,0.04498759031295774,0.31556245803833005,1,1,0,1,0.0,0,3.6628103256225586,-0.03132309392094612,1.0082733631134033
2026-06-21T13:48:10.816567,146,1,-88268.35955775555,0,2,triangle_to_goal_obstacle,3.4198086261749268,3.419830083847046,3.419830083847046,0.2282625436782837,0.5429325699806213,0.22169101238250732,0.17079786956310272,0.22254085540771484,0.0695221945643425,0,0.8397161960601807,0.0494432461261749,0.2747750890254974,1,1,0,1,0.0,0,3.58024525642395,-0.016682902351021767,1.0095456838607788
2026-06-21T13:48:13.850054,147,1,-84778.56070399887,0,2,triangle_to_goal_obstacle,3.3946595191955566,3.39469313621521,3.39469313621521,0.21285609404246011,0.5880107283592224,0.22184616327285767,0.17126327753067017,0.25179892778396606,0.05348013713955879,0,0.8596638441085815,0.04642084360122678,0.2847090872128804,1,1,0,1,0.0,0,3.6054961681365967,-0.0312776155769825,1.0088523626327515
2026-06-21T13:48:20.786951,148,1,-39948.17808296526,0,2,triangle_to_goal_obstacle,5.340379238128662,5.340384006500244,5.340384006500244,0.027144551277160645,0.5166589617729187,0.22016394138336182,0.21068589389324188,0.22129850089550018,0.04425789415836334,0,1.1953190565109253,0.8371051263809204,1.613391172091166,0,0,1,0,0.0,0,1.6596251726150513,-0.004942178726196289,1.0046582221984863
2026-06-21T13:48:27.887018,149,1,-223913.2330206867,0,2,triangle_to_goal_obstacle,1.0438786745071411,1.9792460203170776,1.9792460203170776,2.0289605061213174,0.016542455181479454,0.18304239213466644,0.14172498881816864,0.17478597164154053,0.05330657958984375,0,1.2067312002182007,0.06181815385818479,2.4353053482373554,0,1,0,0,-0.00012135505676269531,0,5.956157207489014,0.0007931987638585269,1.0086110830307007
2026-06-21T13:48:35.051814,150,1,-226713.0034016026,0,2,triangle_to_goal_obstacle,1.0338457822799683,1.9887452125549316,1.9887452125549316,2.0372288624445596,0.00976905133575201,0.19189941883087158,0.15110473334789276,0.20146088302135468,0.040488872677087784,0,1.204469084739685,0.06095507860183713,2.4445541612307227,0,1,0,0,-0.00017976760864257812,0,5.966212749481201,-0.004567742347717285,1.010003685951233
2026-06-21T13:48:39.026760,151,1,-120713.8817717321,0,2,triangle_to_goal_obstacle,2.470590591430664,2.47060227394104,2.47060227394104,0.6139721870422363,0.5531483292579651,0.22046959400177002,0.1673271805047989,0.20408622920513153,0.042598988860845566,0,1.1934669017791748,0.0451000642776489,1.033684662183126,1,1,0,1,0.0,0,4.529426097869873,-0.0007198651437647641,1.0090702772140503
2026-06-21T13:48:42.278169,152,1,-93127.07226854,0,2,triangle_to_goal_obstacle,3.1211390495300293,3.121150255203247,3.121150255203247,0.01799627145131429,0.5820199847221375,0.22045142948627472,0.16413116455078125,0.2815972566604614,0.04439747706055641,0,1.1874107122421265,0.04455930113792417,0.4584347418944041,1,1,0,1,0.0,0,3.8788750171661377,0.0028593738097697496,1.0089129209518433
2026-06-21T13:48:49.363498,153,1,-44771.23948612373,0,2,triangle_to_goal_obstacle,5.141016006469727,5.141017913818359,5.141017913818359,0.09075347582499187,0.521080732345581,0.22008781135082245,0.21113239228725433,0.21446458995342255,0.04067961871623993,0,1.2038613557815552,0.5671977114677429,1.4190261673927307,0,0,1,0,0.0,0,1.858986258506775,0.0020677249412983656,1.004431128501892
2026-06-21T13:48:56.759890,154,1,-223836.5239273639,0,2,triangle_to_goal_obstacle,1.042366623878479,1.9803967475891113,1.9803967475891113,2.028047482172648,0.009197567589581013,0.18422257900238037,0.14342555403709412,0.1905658096075058,0.06742239743471146,0,1.2017924785614014,0.061630578041076634,2.436314355532328,0,1,0,0,0.0,0,5.9576897621154785,-0.007610201835632324,1.0077296495437622
2026-06-21T13:49:03.986332,155,1,-227712.50459374563,0,2,triangle_to_goal_obstacle,1.034094214439392,1.9884551763534546,1.9884551763534546,2.0413047075271606,0.011368371546268463,0.19157801568508148,0.15058931708335876,0.19074635207653046,0.05448148772120476,0,1.2161329984664917,0.06079900383949277,2.4448143851757047,0,1,0,0,-3.981590270996094e-05,0,5.9659576416015625,0.00506216287612915,1.0090388059616089
2026-06-21T13:49:07.492209,156,1,-98005.28800169582,0,2,triangle_to_goal_obstacle,3.3234925270080566,3.3235909938812256,3.3235909938812256,0.1598054567972819,0.5381367802619934,0.22053448855876923,0.1675650030374527,0.25020870566368103,0.041319429874420166,0,0.9351447224617004,0.04438546419143674,0.3198408595720927,1,1,0,1,0.0,0,3.6768722534179688,-0.04859216883778572,1.0079385042190552
2026-06-21T13:49:11.056723,157,1,-92172.38924597636,0,2,triangle_to_goal_obstacle,3.268423080444336,3.268450975418091,3.268450975418091,0.11995796362559001,0.5539171099662781,0.2205388993024826,0.16316258907318115,0.3011799156665802,0.05064085125923157,0,1.0200536251068115,0.046974898576736424,0.3511671237150828,1,1,0,1,0.0,0,3.7316932678222656,0.025826791301369667,1.0097068548202515
2026-06-21T13:49:18.118499,158,1,-51813.100538956394,0,2,triangle_to_goal_obstacle,4.775051593780518,4.775054931640625,4.775054931640625,0.07752005259195964,0.5089308023452759,0.22009803354740143,0.19140386581420898,0.25158828496932983,0.053566236048936844,0,1.2101033926010132,0.21942481517791745,1.0660836013158164,0,1,0,0,0.0,0,2.2249510288238525,0.0027313034515827894,1.004091501235962
2026-06-21T13:49:25.271417,159,1,-224482.69033037202,0,2,triangle_to_goal_obstacle,1.040722370147705,1.981950283050537,1.981950283050537,2.034924546877543,0.011953387409448624,0.18608559668064117,0.14477723836898804,0.22099542617797852,0.05391453579068184,0,1.2161699533462524,0.061524660587310764,2.4385441056887305,0,1,0,0,-0.0002435445785522461,0,5.959314346313477,0.0019939541816711426,1.0085123777389526
2026-06-21T13:49:32.513307,160,1,-228163.71396168778,0,2,triangle_to_goal_obstacle,1.0305100679397583,1.991865634918213,1.991865634918213,2.0391756693522134,0.02933308482170105,0.19531583786010742,0.1527242213487625,0.1881355494260788,0.029456159099936485,0,1.2019572257995605,0.06069883823394773,2.447545539538065,0,1,0,0,-0.0005301237106323242,0,5.969596862792969,0.011072635650634766,1.009892225265503
2026-06-21T13:49:36.079616,161,1,-94588.95115965011,0,2,triangle_to_goal_obstacle,3.4801886081695557,3.4802143573760986,3.4802143573760986,0.2711801727612813,0.5019629597663879,0.2209240049123764,0.1655452996492386,0.2697497606277466,0.036788344383239746,0,0.767824649810791,0.04979005575180051,0.2583529663085937,1,2,0,1,0.0,0,3.519826889038086,0.000820159912109375,1.0104120969772339
2026-06-21T13:49:39.156291,162,1,-81261.31422341341,0,2,triangle_to_goal_obstacle,3.6193370819091797,3.619356393814087,3.619356393814087,0.34868643681208294,0.5327373147010803,0.22054390609264374,0.16362009942531586,0.28871241211891174,0.050443198531866074,0,0.6835362315177917,0.04939398288726804,0.2363032213846842,1,3,0,1,0.0,0,3.380678415298462,-0.003066837787628174,1.0101717710494995
2026-06-21T13:49:42.308249,163,1,-85424.74348917016,0,2,triangle_to_goal_obstacle,3.361572027206421,3.3616440296173096,3.3616440296173096,0.18646029631296793,0.5490602254867554,0.2209596186876297,0.1680673509836197,0.2691907584667206,0.06285860389471054,0,0.8921259641647339,0.04935270667076108,0.3047755173842112,1,1,0,1,0.0,0,3.6385889053344727,-0.03138774633407593,1.0098234415054321
2026-06-21T13:49:49.468539,164,1,-40847.162079760456,0,2,triangle_to_goal_obstacle,5.300535678863525,5.300536632537842,5.300536632537842,0.06796121597290039,0.5226099491119385,0.22007302939891815,0.21062202751636505,0.22583334147930145,0.02629939652979374,0,1.1959222555160522,0.7509095382690429,1.5740023962656655,0,0,1,0,0.0,0,1.6994661092758179,0.0015185674419626594,1.0046025514602661
2026-06-21T13:49:56.564882,165,1,-225350.66258906774,0,2,triangle_to_goal_obstacle,1.0392348766326904,1.9839668273925781,1.9839668273925781,2.0362433592478433,0.01603037305176258,0.18735267221927643,0.14594577252864838,0.16801416873931885,0.06845053285360336,0,1.2136790752410889,0.06182876348495481,2.4402772895495093,0,1,0,0,-0.00018262863159179688,0,5.9608235359191895,-0.0006142258644104004,1.0110039710998535
2026-06-21T13:50:03.742301,166,1,-226657.34289577414,0,2,triangle_to_goal_obstacle,1.0336451530456543,1.9889782667160034,1.9889782667160034,2.0394067764282227,0.01871722750365734,0.1923050433397293,0.1502937376499176,0.19383537769317627,0.04102717339992523,0,1.209650993347168,0.06093540906906125,2.4450273029009497,0,1,0,0,-0.000335693359375,0,5.966426849365234,0.00022063653159420937,1.0121933221817017
2026-06-21T13:50:07.211788,167,1,-98717.42921080207,0,2,triangle_to_goal_obstacle,3.322728157043457,3.3228704929351807,3.3228704929351807,0.16032598416010538,0.5451432466506958,0.22083799540996552,0.16639935970306396,0.26967743039131165,0.02707354724407196,0,0.9007899165153503,0.045866818428039524,0.3244073502222697,1,1,0,1,0.0,0,3.67751145362854,-0.03898255154490471,1.0085453987121582
2026-06-21T13:50:10.591830,168,1,-96388.17421592664,0,2,triangle_to_goal_obstacle,3.0842998027801514,3.084322690963745,3.084322690963745,0.05121652285257975,0.5387784838676453,0.22059042751789093,0.16489946842193604,0.26257753372192383,0.06222620606422424,0,1.2110979557037354,0.049337537288665745,0.49240626017252603,1,1,0,1,0.0,0,3.915722608566284,-0.005676984786987305,1.0103074312210083
2026-06-21T13:50:13.789528,169,1,-89983.83835449342,0,2,triangle_to_goal_obstacle,3.07543683052063,3.0754528045654297,3.0754528045654297,0.06089448928833008,0.5768606662750244,0.22055630385875702,0.1654030829668045,0.2663731276988983,0.04953321814537048,0,1.2168290615081787,0.04930162549018857,0.4995823911825816,1,1,0,1,0.0,0,3.9245846271514893,0.005081236362457275,1.0103113651275635
2026-06-21T13:50:20.824973,170,1,-32493.570055745113,0,2,triangle_to_goal_obstacle,5.7598876953125,5.759893894195557,5.759893894195557,0.021160483360290527,0.49637576937675476,0.22015677392482758,0.21156996488571167,0.21041710674762726,0.04150531068444252,0,1.1604398488998413,1.29485032081604,2.0245017719268796,0,0,1,0,0.0,0,1.240114688873291,0.0029195547103881836,1.0047885179519653
2026-06-21T13:50:27.996275,171,1,-224008.46999916786,0,2,triangle_to_goal_obstacle,1.0440322160720825,1.979260802268982,1.979260802268982,2.0292391777038574,0.016386160627007484,0.18321232497692108,0.14092059433460236,0.19860614836215973,0.047140657901763916,0,1.2073554992675781,0.06195041656494138,2.4353201897939045,0,1,0,0,-0.00020551681518554688,0,5.956035137176514,0.0034850637894123793,1.0113400220870972
2026-06-21T13:50:35.142757,172,1,-227286.036083419,0,2,triangle_to_goal_obstacle,1.0294952392578125,1.993191123008728,1.993191123008728,2.044342279434204,0.006414495874196291,0.1957482099533081,0.15369237959384918,0.19648051261901855,0.03758079931139946,0,1.2115986347198486,0.06108868241310117,2.4493137411276495,0,1,0,0,-5.805492401123047e-05,0,5.970579624176025,-0.0024298429489135742,1.0121760368347168
2026-06-21T13:50:38.969028,173,1,-114340.30063655387,0,2,triangle_to_goal_obstacle,2.664557933807373,2.6645729541778564,2.6645729541778564,0.4328116575876872,0.5151960253715515,0.22072221338748932,0.16582731902599335,0.24293307960033417,0.06088182330131531,0,1.190551519393921,0.048836470842361424,0.8543734761079153,1,1,0,1,0.0,0,4.335485458374023,-0.011307875625789165,1.0101591348648071
2026-06-21T13:50:42.530092,174,1,-101563.27995355331,0,2,triangle_to_goal_obstacle,2.681187152862549,2.68119740486145,2.68119740486145,0.41669638951619464,0.5800023078918457,0.22062437236309052,0.16634708642959595,0.2346668839454651,0.09615955501794815,0,1.2055467367172241,0.04759818434715268,0.8404947928587596,1,1,0,1,0.0,0,4.318844318389893,-0.007683833595365286,1.010485291481018
2026-06-21T13:50:49.633575,175,1,-35454.13764830826,0,2,triangle_to_goal_obstacle,5.5830254554748535,5.583030700683594,5.583030700683594,0.05558482805887858,0.5055339932441711,0.22014302015304565,0.20960676670074463,0.24968959391117096,0.04564454033970833,0,1.2180553674697876,1.0566618156433105,1.852565895716349,0,0,1,0,0.0,0,1.4169775247573853,0.003145237686112523,1.0047403573989868
2026-06-21T13:50:56.753036,176,1,-225034.0294717752,0,2,triangle_to_goal_obstacle,1.0427004098892212,1.9804152250289917,1.9804152250289917,2.0295344591140747,0.01850786991417408,0.18399743735790253,0.14257054030895233,0.19530045986175537,0.04604331776499748,0,1.2052744626998901,0.061865390539169285,2.436409554084142,0,1,0,0,0.0,0,5.957351207733154,-0.00170864665415138,1.0102378129959106
2026-06-21T13:51:04.140033,177,1,-226909.04466343886,0,2,triangle_to_goal_obstacle,1.032914161682129,1.9898438453674316,1.9898438453674316,2.039386828740438,0.020456494763493538,0.19302086532115936,0.1518142819404602,0.1959025114774704,0.043909791857004166,0,1.1902010440826416,0.061067671775817844,2.44486944993337,0,1,0,0,-0.00020682811737060547,0,5.967185974121094,0.008538584224879742,1.0115703344345093
2026-06-21T13:51:08.333928,178,1,-124017.34249329218,0,2,triangle_to_goal_obstacle,2.2681047916412354,2.268109083175659,2.268109083175659,0.81008513768514,0.5483233332633972,0.22053861618041992,0.165666863322258,0.2392234057188034,0.09504745155572891,0,1.1969246864318848,0.046958984136581394,1.2279432626565299,1,1,0,1,0.0,0,4.731922149658203,-0.005059937480837107,1.0098336935043335
2026-06-21T13:51:11.518029,179,1,-89717.81164787395,0,2,triangle_to_goal_obstacle,3.2027387619018555,3.2027504444122314,3.2027504444122314,0.05976037184397379,0.5618820786476135,0.22048735618591309,0.164830282330513,0.26303672790527344,0.040416866540908813,0,1.0739359855651855,0.048291147947311375,0.4022761197884877,1,1,0,1,0.0,0,3.797276258468628,0.0004914800520054996,1.009813666343689
2026-06-21T13:51:18.576746,180,1,-44672.48404995279,0,2,triangle_to_goal_obstacle,5.127188682556152,5.127192497253418,5.127192497253418,0.04647326469421387,0.5162267684936523,0.22010661661624908,0.21171851456165314,0.194613978266716,0.056732404977083206,0,1.2056788206100464,0.604430468082428,1.4064770452181499,0,0,1,0,0.0,0,1.8728138208389282,0.0014950037002563477,1.0044523477554321
2026-06-21T13:51:25.746684,181,1,-224427.9658264661,0,2,triangle_to_goal_obstacle,1.0446295738220215,1.9785528182983398,1.9785528182983398,2.026837150255839,0.01666165329515934,0.18239222466945648,0.14229996502399445,0.2150861769914627,0.058555591851472855,0,1.1960984468460083,0.06182202816009519,2.4340557368596394,0,1,0,0,-2.384185791015625e-07,0,5.955425262451172,0.0005472898483276367,1.0106902122497559
2026-06-21T13:51:32.951408,182,1,-226628.35764446983,0,2,triangle_to_goal_obstacle,1.0304358005523682,1.992138385772705,1.992138385772705,2.041065533955892,0.019574793055653572,0.19501374661922455,0.15452079474925995,0.2328440099954605,0.03184252232313156,0,1.1923012733459473,0.060912878513336155,2.4472865176200864,0,1,0,0,-0.00023448467254638672,0,5.969632625579834,-0.00032061338424682617,1.0118722915649414
2026-06-21T13:51:36.387568,183,1,-101365.02923423513,0,2,triangle_to_goal_obstacle,3.2341678142547607,3.234198570251465,3.234198570251465,0.08634428183237712,0.5333740711212158,0.22056956589221954,0.16356240212917328,0.3027932345867157,0.04384249076247215,0,1.0728718042373657,0.04700324058532712,0.3800587169329325,1,1,0,1,0.0,0,3.7659084796905518,0.020097076892852783,1.0094506740570068
2026-06-21T13:51:39.745445,184,1,-97743.23071783935,0,2,triangle_to_goal_obstacle,3.0454630851745605,3.045497179031372,3.045497179031372,0.08690098921457927,0.5425438284873962,0.22071342170238495,0.1638660579919815,0.29398223757743835,0.06253213435411453,0,1.2160086631774902,0.0482113969326019,0.5238323620955149,1,1,0,1,0.0,0,3.954575777053833,0.011518399231135845,1.0102590322494507
2026-06-21T13:51:46.817079,185,1,-45227.818002314045,0,2,triangle_to_goal_obstacle,5.033008575439453,5.033010482788086,5.033010482788086,0.061147173245747886,0.5254222750663757,0.22009630501270294,0.20793528854846954,0.2778305113315582,0.08298873156309128,0,1.1936825513839722,0.4916693878173828,1.3136057567596435,0,0,1,0,0.0,0,1.9669947624206543,-0.0033080975990742445,1.0043892860412598
2026-06-21T13:51:53.948924,186,1,-224923.99057574794,0,2,triangle_to_goal_obstacle,1.0418152809143066,1.9813613891601562,1.9813613891601562,2.0352189540863037,0.01597612537443638,0.1851235181093216,0.1448778212070465,0.22618073225021362,0.05548107624053955,0,1.2178313732147217,0.06178182482719419,2.4379160813490546,0,1,0,0,-0.0001951456069946289,0,5.958245754241943,0.0026342272758483887,1.0109680891036987
2026-06-21T13:52:01.070970,187,1,-227776.06723790453,0,2,triangle_to_goal_obstacle,1.0316650867462158,1.9909669160842896,1.9909669160842896,2.0377357800801597,0.007916226983070374,0.1939147263765335,0.15345285832881927,0.21586279571056366,0.04201360046863556,0,1.1997861862182617,0.06088885784149167,2.446475199063619,0,1,0,0,-5.710124969482422e-05,0,5.9684271812438965,0.006579776760190725,1.0121327638626099
2026-06-21T13:52:04.415762,188,1,-98901.44763074037,0,2,triangle_to_goal_obstacle,3.293355703353882,3.293489694595337,3.293489694595337,0.13183013598124185,0.5126492381095886,0.22088223695755005,0.1663016825914383,0.2553289830684662,0.04478880390524864,0,0.9808683395385742,0.04911089062690732,0.3423244766394297,1,1,0,1,0.0,0,3.706881523132324,-0.038354795426130295,1.0095566511154175
2026-06-21T13:52:07.726108,189,1,-91501.1098291688,0,2,triangle_to_goal_obstacle,3.269808292388916,3.26993727684021,3.26993727684021,0.12171375751495361,0.5604035258293152,0.22091107070446014,0.1646823287010193,0.2933647334575653,0.05032363906502724,0,1.0152850151062012,0.04464918494224546,0.3500797164440155,1,1,0,1,0.0,0,3.730451822280884,-0.040213149040937424,1.009191870689392
2026-06-21T13:52:10.890432,190,1,-84675.86766206796,0,2,triangle_to_goal_obstacle,3.2910819053649902,3.2911109924316406,3.2911109924316406,0.1368065079053243,0.5913494229316711,0.2205551266670227,0.16401681303977966,0.2842514216899872,0.0661247968673706,0,0.9753199219703674,0.04428652048110959,0.34486076354980466,1,1,0,1,0.0,0,3.70894718170166,-0.010247011668980122,1.0093222856521606
2026-06-21T13:52:17.916591,191,1,-37161.10198148369,0,2,triangle_to_goal_obstacle,5.501186847686768,5.501187801361084,5.501187801361084,0.021486282348632812,0.510101854801178,0.2201825976371765,0.20887982845306396,0.26359161734580994,0.06399994343519211,0,1.205398678779602,1.0066995334625244,1.771699638366699,0,0,1,0,0.0,0,1.4988199472427368,-0.007095197681337595,1.0046852827072144
2026-06-21T13:52:25.015282,192,1,-223628.2484063757,0,2,triangle_to_goal_obstacle,1.0466886758804321,1.976515293121338,1.976515293121338,2.025960644086202,0.01706131547689438,0.18069078028202057,0.14136147499084473,0.2311193197965622,0.03960827738046646,0,1.192090392112732,0.061890722513198826,2.4318413945039112,0,1,0,0,-8.916854858398438e-05,0,5.953367710113525,0.0022516250610351562,1.0106291770935059
2026-06-21T13:52:32.281208,193,1,-227128.8734023189,0,2,triangle_to_goal_obstacle,1.035211443901062,1.9875227212905884,1.9875227212905884,2.035515626271566,0.01690656878054142,0.19068579375743866,0.15070247650146484,0.21876777708530426,0.0797395408153534,0,1.2031307220458984,0.06105390310287473,2.4432455213864643,0,1,0,0,0.0,0,5.964874267578125,0.005705654621124268,1.0120412111282349
2026-06-21T13:52:36.035392,194,1,-111413.37419346854,0,2,triangle_to_goal_obstacle,2.7525265216827393,2.752540349960327,2.752540349960327,0.3466395139694214,0.5453839302062988,0.22048401832580566,0.1639513522386551,0.26739606261253357,0.04316502809524536,0,1.2046363353729248,0.04509216666221616,0.773509145975113,1,1,0,1,0.0,0,4.2474894523620605,-0.0005573232774622738,1.0093470811843872
2026-06-21T13:52:39.412539,195,1,-96895.38362199982,0,2,triangle_to_goal_obstacle,2.9916625022888184,2.991694211959839,2.991694211959839,0.13562631607055664,0.5438359379768372,0.2208903282880783,0.1646566390991211,0.28296270966529846,0.04314550757408142,0,1.2152762413024902,0.049423159360885593,0.5688802015781402,1,1,0,1,0.0,0,4.0084052085876465,-0.017338654026389122,1.0102330446243286
2026-06-21T13:52:46.526972,196,1,-35999.37230129307,0,2,triangle_to_goal_obstacle,5.5270094871521,5.527017116546631,5.527017116546631,0.02569866180419922,0.5035871863365173,0.22015081346035004,0.21040482819080353,0.2300877720117569,0.05654578283429146,0,1.1792662143707275,1.0435801458358764,1.7951987695693967,0,0,1,0,0.0,0,1.4729923009872437,-0.0010852813720703125,1.0044952630996704
2026-06-21T13:52:53.621722,197,1,-224069.82220624783,0,2,triangle_to_goal_obstacle,1.0469255447387695,1.976277470588684,1.976277470588684,2.0253585974375405,0.014740272425115108,0.18035204708576202,0.1410306692123413,0.21718281507492065,0.03662681207060814,0,1.1932952404022217,0.06187695384025571,2.43167309085528,0,1,0,0,0.0,0,5.953147888183594,0.005404929164797068,1.0111631155014038
2026-06-21T13:53:00.817770,198,1,-226959.71443512547,0,2,triangle_to_goal_obstacle,1.0375388860702515,1.9851555824279785,1.9851555824279785,2.0336530208587646,0.011448933742940426,0.1886550784111023,0.14834223687648773,0.21021081507205963,0.04064824804663658,0,1.194218397140503,0.06105700254440305,2.4404733490943906,0,1,0,0,-4.9114227294921875e-05,0,5.962533950805664,2.0583471268764697e-05,1.0122946500778198
2026-06-21T13:53:04.783999,199,1,-118894.29265260803,0,2,triangle_to_goal_obstacle,2.538179397583008,2.538187026977539,2.538187026977539,0.5498096148173014,0.5480214953422546,0.22059200704097748,0.16576319932937622,0.24313826858997345,0.047617774456739426,0,1.2040053606033325,0.04634520530700681,0.9713873974482219,1,1,0,1,0.0,0,4.46185302734375,-0.00827711820602417,1.0097986459732056
2026-06-21T13:53:08.043872,200,1,-90145.09594603634,0,2,triangle_to_goal_obstacle,3.1212666034698486,3.121274709701538,3.121274709701538,0.011840422948201498,0.5657755136489868,0.22059191763401031,0.1633705198764801,0.29672881960868835,0.039723437279462814,0,1.2036559581756592,0.04598763704299924,0.45988080024719236,1,1,0,1,0.0,0,3.8787734508514404,-0.012265185825526714,1.009995460510254
2026-06-21T13:53:15.106682,201,1,-34885.66151844558,0,2,triangle_to_goal_obstacle,5.605612754821777,5.605618953704834,5.605618953704834,0.0063285430272420245,0.5068822503089905,0.22013235092163086,0.21071642637252808,0.21906186640262604,0.04105261340737343,0,1.1949594020843506,1.1350083065032959,1.874636224110921,0,0,1,0,0.0,0,1.394389033317566,-0.00029244026518426836,1.0045498609542847
2026-06-21T13:53:22.267846,202,1,-223571.56079942558,0,2,triangle_to_goal_obstacle,1.0438488721847534,1.9794230461120605,1.9794230461120605,2.029655337333679,0.0158433448523283,0.18336255848407745,0.14397116005420685,0.22726981341838837,0.06856617331504822,0,1.2080680131912231,0.06191060066223142,2.435510765711466,0,1,0,0,-0.00018680095672607422,0,5.956217288970947,0.002139369724318385,1.0115545988082886
2026-06-21T13:53:29.434927,203,1,-227438.768504621,0,2,triangle_to_goal_obstacle,1.0347787141799927,1.9877647161483765,1.9877647161483765,2.035014271736145,0.011482536792755127,0.19113631546497345,0.1534762680530548,0.20013725757598877,0.06915777176618576,0,1.1981936693191528,0.06099957346916196,2.443306725422541,0,1,0,0,-4.7206878662109375e-05,0,5.9653000831604,0.00017706553626339883,1.0127679109573364
2026-06-21T13:53:33.215887,204,1,-112814.40622539654,0,2,triangle_to_goal_obstacle,2.7701961994171143,2.770235776901245,2.770235776901245,0.3322410186131795,0.5445095300674438,0.22089333832263947,0.16431663930416107,0.2818002700805664,0.04472632333636284,0,1.2086507081985474,0.04515025138854978,0.7583662382761638,1,1,0,1,0.0,0,4.229856967926025,0.013662020675837994,1.010424256324768
2026-06-21T13:53:36.541897,205,1,-95869.9902732284,0,2,triangle_to_goal_obstacle,2.9893150329589844,2.9893524646759033,2.9893524646759033,0.12998433907826742,0.5462393760681152,0.22072869539260864,0.16435576975345612,0.2781856954097748,0.05392050743103027,0,1.1997705698013306,0.04890412211418149,0.5675964764753977,1,1,0,1,0.0,0,4.010707378387451,0.003712952136993408,1.010954737663269
2026-06-21T13:53:43.588674,206,1,-36645.59368224926,0,2,triangle_to_goal_obstacle,5.521515846252441,5.521526336669922,5.521526336669922,0.028209408124287922,0.4947565495967865,0.22019244730472565,0.20977802574634552,0.24142003059387207,0.03808342665433884,0,1.2063912153244019,1.030647964477539,1.7931902122497556,0,0,1,0,0.0,0,1.4784866571426392,0.000870048999786377,1.0048710107803345
2026-06-21T13:53:50.790037,207,1,-224104.16318199874,0,2,triangle_to_goal_obstacle,1.0435969829559326,1.9796772003173828,1.9796772003173828,2.0306644439697266,0.022854147478938103,0.1838110089302063,0.14351512491703033,0.21384818851947784,0.05012388899922371,0,1.2100672721862793,0.061911017894744846,2.435861141681671,0,1,0,0,-0.0004336833953857422,0,5.956470489501953,-0.0027943451423197985,1.011536955833435
2026-06-21T13:53:57.893466,208,1,-227517.6186146183,0,2,triangle_to_goal_obstacle,1.0301505327224731,1.9925287961959839,1.9925287961959839,2.0409567753473916,0.008932635188102722,0.19526322185993195,0.1555919051170349,0.23898141086101532,0.051356878131628036,0,1.2043951749801636,0.06105747938156125,2.4482869617144263,0,1,0,0,-0.00012862682342529297,0,5.9699273109436035,-0.00044492879533208907,1.012656331062317
2026-06-21T13:54:01.732194,209,1,-113223.66762846254,0,2,triangle_to_goal_obstacle,2.717031478881836,2.717040777206421,2.717040777206421,0.38020535310109455,0.5413503050804138,0.22054798901081085,0.16502563655376434,0.25178417563438416,0.020676327869296074,0,1.1997541189193726,0.047208042144775364,0.8066766373316447,1,1,0,1,0.0,0,4.282992839813232,0.004342198371887207,1.0106316804885864
2026-06-21T13:54:05.309325,210,1,-96683.74008653454,0,2,triangle_to_goal_obstacle,2.8966097831726074,2.8966169357299805,2.8966169357299805,0.21493438879648843,0.5437354445457458,0.22064673900604248,0.16468419134616852,0.2786314785480499,0.05722224339842796,0,1.201135516166687,0.048885942697525,0.6473261725902557,1,1,0,1,0.0,0,4.103423595428467,0.008396327495574951,1.0110735893249512
2026-06-21T13:54:12.591993,211,1,-41872.86444656127,0,2,triangle_to_goal_obstacle,5.277106285095215,5.277108669281006,5.277108669281006,0.02821505069732666,0.5232051610946655,0.22011230885982513,0.20927752554416656,0.2522609829902649,0.028938787057995796,0,1.2050857543945312,0.7747544956207275,1.5526132297515869,0,0,1,0,0.0,0,1.7228970527648926,-0.003081083297729492,1.0048613548278809
2026-06-21T13:54:19.677277,212,1,-223470.50155079906,0,2,triangle_to_goal_obstacle,1.0468811988830566,1.976401686668396,1.976401686668396,2.02593457698822,0.015380104072391987,0.18068236112594604,0.14059090614318848,0.21625463664531708,0.0455031543970108,0,1.2062116861343384,0.06187930822372434,2.432412973244985,0,1,0,0,-7.534027099609375e-05,0,5.953195571899414,0.004970272537320852,1.0116544961929321
2026-06-21T13:54:26.814175,213,1,-227351.12726508005,0,2,triangle_to_goal_obstacle,1.036974310874939,1.985724925994873,1.985724925994873,2.039453705151876,0.005903689656406641,0.18924637138843536,0.14960645139217377,0.2350596934556961,0.05226080119609833,0,1.2182761430740356,0.06101507067680356,2.4422363054752347,0,1,0,0,-1.2159347534179688e-05,0,5.963104724884033,0.001475950120948255,1.0127170085906982
2026-06-21T13:54:30.632306,214,1,-110027.60388791814,0,2,triangle_to_goal_obstacle,2.872030258178711,2.8720486164093018,2.8720486164093018,0.24654940764109293,0.5330581665039062,0.2206019163131714,0.1639966368675232,0.2874881327152252,0.053144823759794235,0,1.2205045223236084,0.04912898063659665,0.6718330494562785,1,1,0,1,0.0,0,4.127994060516357,0.005078534130007029,1.0106816291809082
2026-06-21T13:54:34.247207,215,1,-105183.66436229394,0,2,triangle_to_goal_obstacle,2.6288437843322754,2.628852128982544,2.628852128982544,0.4652922948201497,0.5737738013267517,0.22058232128620148,0.16526208817958832,0.2622833251953125,0.04394194483757019,0,1.1923590898513794,0.04734411954879758,0.8868935020764669,1,1,0,1,0.0,0,4.371181011199951,0.00321187567897141,1.0109461545944214
2026-06-21T13:54:41.345667,216,1,-40081.09153177433,0,2,triangle_to_goal_obstacle,5.38741397857666,5.387414932250977,5.387414932250977,0.032021800676981606,0.5136094689369202,0.22012539207935333,0.21010173857212067,0.2354220598936081,0.08000603318214417,0,1.2064259052276611,0.8814725589752197,1.6603719902038572,0,0,1,0,0.0,0,1.6125904321670532,0.004699190612882376,1.0047768354415894
2026-06-21T13:54:48.886979,217,1,-224880.20005076108,0,2,triangle_to_goal_obstacle,1.0450928211212158,1.9780336618423462,1.9780336618423462,2.032492160797119,0.015816640108823776,0.18233557045459747,0.14263658225536346,0.21878844499588013,0.03629055619239807,0,1.2193665504455566,0.06182715415954587,2.43474544207255,0,1,0,0,-0.0003012418746948242,0,5.954958438873291,-0.0002996524272020906,1.010351300239563
2026-06-21T13:54:56.106933,218,1,-226693.48086062283,0,2,triangle_to_goal_obstacle,1.0322922468185425,1.9902178049087524,1.9902178049087524,2.039393901824951,0.012430001050233841,0.19326572120189667,0.1535124033689499,0.23784323036670685,0.03362518921494484,0,1.1914176940917969,0.06098845720291135,2.445400547186533,0,1,0,0,-6.341934204101562e-05,0,5.967779636383057,0.0031726162414997816,1.0117570161819458
2026-06-21T13:55:00.417492,219,1,-131613.90045985015,0,2,triangle_to_goal_obstacle,1.9119817018508911,1.9120181798934937,1.9120181798934937,1.1565697987874348,0.5606561899185181,0.22054947912693024,0.16586250066757202,0.2480316162109375,0.0588403083384037,0,1.1919622421264648,0.04555586099624631,1.5703980835278826,1,1,0,1,0.0,0,5.088045120239258,-0.0020990967750549316,1.0099126100540161
2026-06-21T13:55:03.485978,220,1,-84655.3694361594,0,2,triangle_to_goal_obstacle,3.318950891494751,3.3190457820892334,3.3190457820892334,0.15314873059590658,0.5578497052192688,0.22075271606445312,0.16616231203079224,0.2796086072921753,0.05183589085936546,0,0.9526991844177246,0.049665720462799046,0.3237171681722005,1,1,0,1,0.0,0,3.681215286254883,-0.031675081700086594,1.0099873542785645
2026-06-21T13:55:10.589350,221,1,-41582.2623161213,0,2,triangle_to_goal_obstacle,5.286947727203369,5.286956787109375,5.286956787109375,0.029114365577697754,0.5106270909309387,0.22016221284866333,0.20877397060394287,0.2630990445613861,0.05000178515911102,0,1.217921257019043,0.7909826946258545,1.5634561888376872,0,0,1,0,0.0,0,1.7130546569824219,0.0002999504504259676,1.0046800374984741
2026-06-21T13:55:17.826748,222,1,-222215.99882112406,0,2,triangle_to_goal_obstacle,1.042240858078003,1.9808205366134644,1.9808205366134644,2.028964559237162,0.016980964690446854,0.18477798998355865,0.1444339007139206,0.21836502850055695,0.037436459213495255,0,1.2027918100357056,0.0618028652667999,2.4366951596736905,0,1,0,0,-0.0003211498260498047,0,5.957820892333984,-0.004789888858795166,1.0102887153625488
2026-06-21T13:55:24.979297,223,1,-226227.11682091426,0,2,triangle_to_goal_obstacle,1.0335428714752197,1.9890791177749634,1.9890791177749634,2.0362490812937417,0.01597198285162449,0.19226670265197754,0.15263240039348602,0.23675836622714996,0.04215696454048157,0,1.2010118961334229,0.061000437736511204,2.4447156699498493,0,1,0,0,-0.00021922588348388672,0,5.966526508331299,-0.003010769607499242,1.0115886926651
2026-06-21T13:55:28.727677,224,1,-112064.46991431148,0,2,triangle_to_goal_obstacle,2.798957586288452,2.799044609069824,2.799044609069824,0.30737070242563885,0.5237191319465637,0.22113239765167236,0.16560430824756622,0.2660060226917267,0.046038493514060974,0,1.2035399675369263,0.049905599355697605,0.7345551264286042,1,1,0,1,0.0,0,4.201101303100586,0.01461044978350401,1.0108046531677246
2026-06-21T13:55:32.008692,225,1,-91576.38891812187,0,2,triangle_to_goal_obstacle,3.197763442993164,3.197789430618286,3.197789430618286,0.05203441778818766,0.5356138944625854,0.2206009030342102,0.1642773300409317,0.2850427031517029,0.052589237689971924,0,1.1088993549346924,0.0496343386173248,0.4043707263469696,1,1,0,1,0.0,0,3.8022680282592773,-0.009617905132472515,1.010405421257019
2026-06-21T13:55:39.015984,226,1,-42769.4317887152,0,2,triangle_to_goal_obstacle,5.175363063812256,5.175373554229736,5.175373554229736,0.04552328586578369,0.5089942812919617,0.22022253274917603,0.20958630740642548,0.24861840903759003,0.06680865585803986,0,1.1787384748458862,0.6544971179962158,1.4506295235951743,0,0,1,0,0.0,0,1.8246408700942993,-0.004189908504486084,1.0046755075454712
2026-06-21T13:55:46.256578,227,1,-223659.373671546,0,2,triangle_to_goal_obstacle,1.0498617887496948,1.9732588529586792,1.9732588529586792,2.0280689001083374,0.012770243920385838,0.1779218465089798,0.13888414204120636,0.22447484731674194,0.04744607210159302,0,1.2201534509658813,0.06181591868400571,2.430074494282404,0,1,0,0,-4.017353057861328e-05,0,5.9501953125,0.0036706526298075914,1.0103093385696411
2026-06-21T13:55:53.435808,228,1,-226913.04021248227,0,2,triangle_to_goal_obstacle,1.0379061698913574,1.9846950769424438,1.9846950769424438,2.035071531931559,0.022906100377440453,0.18861083686351776,0.14854268729686737,0.23504622280597687,0.03169676288962364,0,1.1874809265136719,0.06094217419624326,2.4396649809678395,0,1,0,0,-0.00043833255767822266,0,5.962153911590576,0.0008739829063415527,1.0111387968063354
2026-06-21T13:55:57.485056,229,1,-101029.06901329849,0,2,triangle_to_goal_obstacle,3.2449469566345215,3.2450618743896484,3.2450618743896484,0.09489576021830241,0.5177980661392212,0.2209908813238144,0.1644674390554428,0.28581467270851135,0.04115966707468033,0,1.0582329034805298,0.04682195305824277,0.3732454987366994,1,1,0,1,0.0,0,3.755284070968628,0.03741840645670891,1.0099762678146362
2026-06-21T13:56:01.353433,230,1,-107275.34436519058,0,2,triangle_to_goal_obstacle,2.581073045730591,2.5810954570770264,2.5810954570770264,0.5088075796763102,0.5964087843894958,0.22056962549686432,0.16473394632339478,0.2708096504211426,0.038800615817308426,0,1.1889312267303467,0.044760675430297825,0.9290603510538737,1,1,0,1,0.0,0,4.4189453125,-0.0003045201301574707,1.0097332000732422
2026-06-21T13:56:08.652352,231,1,-40371.70644061708,0,2,triangle_to_goal_obstacle,5.329225540161133,5.329226970672607,5.329226970672607,0.03838932514190674,0.5106790661811829,0.22010479867458344,0.2107871174812317,0.21910028159618378,0.03496095910668373,0,1.2083195447921753,0.8170238447189331,1.6036044073104856,0,0,1,0,0.0,0,1.6707772016525269,0.0030488967895507812,1.0048543214797974
2026-06-21T13:56:15.761235,232,1,-224544.2180423661,0,2,triangle_to_goal_obstacle,1.0416979789733887,1.9815673828125,1.9815673828125,2.035325209299723,0.015047269873321056,0.18527860939502716,0.14524181187152863,0.22918562591075897,0.037247899919748306,0,1.1767325401306152,0.06187459945678708,2.435995073318481,0,1,0,0,-0.0002567768096923828,0,5.958351135253906,-0.0009910663357004523,1.0100698471069336
2026-06-21T13:56:22.937250,233,1,-227693.29709065435,0,2,triangle_to_goal_obstacle,1.0346816778182983,1.9879447221755981,1.9879447221755981,2.0375082890192666,0.014051114208996296,0.19092793762683868,0.15088903903961182,0.23237724602222443,0.04108722507953644,0,1.1903239488601685,0.061019153594970676,2.4430472564697263,0,1,0,0,0.0,0,5.965379238128662,0.0005914568901062012,1.0112115144729614
2026-06-21T13:56:26.665141,234,1,-111956.87521637978,0,2,triangle_to_goal_obstacle,2.7429051399230957,2.7429401874542236,2.7429401874542236,0.35910626252492267,0.5264025926589966,0.22114336490631104,0.16509410738945007,0.27548059821128845,0.055060844868421555,0,1.204904556274414,0.04852953672409055,0.784778467019399,1,1,0,1,0.0,0,4.2571845054626465,-0.019326865673065186,1.0108461380004883
2026-06-21T13:56:29.953496,235,1,-89672.26280618487,0,2,triangle_to_goal_obstacle,3.2023706436157227,3.2024641036987305,3.2024641036987305,0.05958747863769531,0.5707926154136658,0.2209959775209427,0.1629774123430252,0.3127255141735077,0.05516788363456726,0,1.0994871854782104,0.04608407735824582,0.3988529555002848,1,1,0,1,0.0,0,3.797753095626831,0.026320219039916992,1.0099986791610718
2026-06-21T13:56:33.045920,236,1,-82764.45478292395,0,2,triangle_to_goal_obstacle,3.3176534175872803,3.317791700363159,3.317791700363159,0.15463797251383463,0.597227156162262,0.22082622349262238,0.16320645809173584,0.3232932388782501,0.030123427510261536,0,0.9225482940673828,0.04557252049446103,0.3250815880298614,1,1,0,1,0.0,0,3.682635545730591,0.04270815849304199,1.0097063779830933
2026-06-21T13:56:40.114491,237,1,-35062.71304188761,0,2,triangle_to_goal_obstacle,5.664074420928955,5.6640801429748535,5.6640801429748535,0.028946081797281902,0.5059902667999268,0.22014039754867554,0.20943696796894073,0.2509438097476959,0.05279337987303734,0,1.1569719314575195,1.1939843606948852,1.931352229118347,0,0,1,0,0.0,0,1.335927963256836,0.0035154223442077637,1.0041486024856567
2026-06-21T13:56:47.430720,238,1,-223373.3581776583,0,2,triangle_to_goal_obstacle,1.037750482559204,1.985429286956787,1.985429286956787,2.035027861595154,0.012263131327927113,0.1885698437690735,0.14905250072479248,0.2525710165500641,0.05640324577689171,0,1.2067443132400513,0.062002987861633274,2.4414632431666052,0,1,0,0,0.0,0,5.962339401245117,-0.009234706871211529,1.0100605487823486
2026-06-21T13:56:54.519827,239,1,-226352.9309749855,0,2,triangle_to_goal_obstacle,1.0332722663879395,1.9895195960998535,1.9895195960998535,2.040181557337443,0.011599842458963394,0.19263632595539093,0.15276630222797394,0.2544032037258148,0.04016309976577759,0,1.210158109664917,0.06119123220443723,2.445580592950185,0,1,0,0,-0.0001825094223022461,0,5.966800689697266,-0.0044318437576293945,1.0114542245864868
2026-06-21T13:57:01.678916,240,1,-229529.9488844341,0,2,triangle_to_goal_obstacle,1.0330181121826172,1.988885521888733,1.988885521888733,2.0370996395746865,0.020483331754803658,0.19260019063949585,0.15266823768615723,0.24781964719295502,0.057148948311805725,0,1.2046631574630737,0.06002095460891721,2.4447417966524756,0,1,0,0,-0.00020062923431396484,0,5.967060565948486,-0.003009696723893285,1.0123895406723022
2026-06-21T13:57:04.292324,241,1,-62238.668543698135,0,2,triangle_to_goal_obstacle,4.474410057067871,4.474424362182617,4.474424362182617,0.03944134712219238,0.5022717714309692,0.22073638439178467,0.1647414118051529,0.27587890625,0.05879981443285942,0,1.1253199577331543,0.04644680142402646,0.7833017718791963,1,1,0,1,0.0,0,2.5256142616271973,0.01006472110748291,1.0107992887496948
2026-06-21T13:57:07.199910,242,1,-70452.382339042,0,2,triangle_to_goal_obstacle,4.111913681030273,4.111926555633545,4.111926555633545,0.30981435378392536,0.5249506831169128,0.22063271701335907,0.1633850783109665,0.3027709424495697,0.05861595273017883,0,0.7169581055641174,0.04588833570480344,0.4708708039919535,1,1,0,1,0.0,0,2.88810658454895,0.006375730037689209,1.0111230611801147
2026-06-21T13:57:10.007991,243,1,-69879.67438211098,0,2,triangle_to_goal_obstacle,3.9810597896575928,3.981072187423706,3.981072187423706,0.3713017702102661,0.5345589518547058,0.220636248588562,0.16335605084896088,0.3001655638217926,0.06265980005264282,0,0.64028400182724,0.047468335628509495,0.3759963623682658,1,1,0,1,0.0,0,3.0189664363861084,0.00946575403213501,1.0109692811965942
2026-06-21T13:57:13.094304,244,1,-87283.9339026997,0,2,triangle_to_goal_obstacle,3.4201488494873047,3.4201838970184326,3.4201838970184326,0.23216354846954346,0.5641651749610901,0.2208954095840454,0.16523177921772003,0.2780586779117584,0.04800967499613762,0,0.851157009601593,0.04639980316162107,0.27872994661331174,1,1,0,1,0.0,0,3.579874038696289,-0.006618181709200144,1.0106301307678223
2026-06-21T13:57:20.104429,245,1,-38263.429086300595,0,2,triangle_to_goal_obstacle,5.441128730773926,5.441133975982666,5.441133975982666,0.10493842760721843,0.49861809611320496,0.22013628482818604,0.2094123363494873,0.2499959021806717,0.040889348834753036,0,1.2168757915496826,0.8583568048477173,1.7128508996963498,0,0,1,0,0.0,0,1.5588741302490234,0.003626883029937744,1.0044437646865845
2026-06-21T13:57:27.288616,246,1,-223941.6325476161,0,2,triangle_to_goal_obstacle,1.0422090291976929,1.980904459953308,1.980904459953308,2.0295680363972983,0.007044290658086538,0.18447758257389069,0.14424921572208405,0.25201019644737244,0.03647373989224434,0,1.1945085525512695,0.061861784458160374,2.4363304686546323,0,1,0,0,0.0,0,5.957840442657471,0.002189378021284938,1.009916067123413
2026-06-21T13:57:34.522252,247,1,-227101.13730531937,0,2,triangle_to_goal_obstacle,1.0387777090072632,1.98373281955719,1.98373281955719,2.034017046292623,0.02161865495145321,0.18761591613292694,0.14764244854450226,0.2442723512649536,0.03920958936214447,0,1.209201693534851,0.061022014617919895,2.4399012438456213,0,1,0,0,-0.00015819072723388672,0,5.9612812995910645,0.0006552140112034976,1.0110515356063843
2026-06-21T13:57:41.764655,248,1,-230394.1651538086,0,2,triangle_to_goal_obstacle,1.0337837934494019,1.988114356994629,1.988114356994629,2.0409168004989624,0.013185943476855755,0.19185423851013184,0.15301421284675598,0.2616753876209259,0.04862501099705696,0,1.2168108224868774,0.05985584974288938,2.44453631957372,0,1,0,0,-7.82012939453125e-05,0,5.966291427612305,0.0005648533697240055,1.012454628944397
2026-06-21T13:57:44.306742,249,1,-59545.23815407128,0,2,triangle_to_goal_obstacle,4.545757293701172,4.545774459838867,4.545774459838867,0.022723078727722168,0.47562000155448914,0.22063268721103668,0.16603542864322662,0.2607474625110626,0.05070292577147484,0,1.2035646438598633,0.04901000976562497,0.8480582348505656,1,1,0,1,0.0,0,2.454258680343628,-0.004309594631195068,1.0113953351974487
2026-06-21T13:57:47.008365,250,1,-62822.564544042085,0,2,triangle_to_goal_obstacle,4.370950222015381,4.370974063873291,4.370974063873291,0.13551263014475504,0.5113908052444458,0.2207229882478714,0.1648462563753128,0.26456156373023987,0.040879685431718826,0,1.0029089450836182,0.045994998216629,0.6861289950211843,1,1,0,1,0.0,0,2.62906813621521,0.006431738380342722,1.0109477043151855
2026-06-21T13:57:49.829221,251,1,-69135.21099342985,0,2,triangle_to_goal_obstacle,4.089353084564209,4.089367389678955,4.089367389678955,0.32400985558827716,0.5069901347160339,0.2205953449010849,0.16405773162841797,0.30354347825050354,0.052742913365364075,0,0.7064158916473389,0.0486556005477905,0.4536051265398661,1,1,0,1,0.0,0,2.910662889480591,0.00025175014161504805,1.0114201307296753
2026-06-21T13:57:52.861498,252,1,-76081.40621253331,0,2,triangle_to_goal_obstacle,3.7358791828155518,3.735891342163086,3.735891342163086,0.39527849356333417,0.5575440526008606,0.22053486108779907,0.1628219336271286,0.30457866191864014,0.049094170331954956,0,0.6108121871948242,0.04494452595710752,0.24556475996971128,1,2,0,1,0.0,0,3.2641360759735107,0.0025431315880268812,1.010401725769043
2026-06-21T13:57:55.885891,253,1,-84755.4441562405,0,2,triangle_to_goal_obstacle,3.405738592147827,3.4057719707489014,3.4057719707489014,0.2198923428853353,0.5653047561645508,0.22136779129505157,0.16939054429531097,0.23436827957630157,0.04729242995381355,0,0.860447108745575,0.04815164327621457,0.2832558266321818,1,1,0,1,0.0,0,3.594322919845581,-0.017474612221121788,1.0106436014175415
2026-06-21T13:58:03.011575,254,1,-38979.18119917906,0,2,triangle_to_goal_obstacle,5.423677444458008,5.423677921295166,5.423677921295166,0.06909942626953125,0.5093927979469299,0.22012931108474731,0.21035633981227875,0.23540668189525604,0.05393579602241516,0,1.2032151222229004,0.8738203954696655,1.6950549395879106,0,0,1,0,0.0,0,1.5763267278671265,0.005196412559598684,1.0043070316314697
2026-06-21T13:58:10.266773,255,1,-224264.2000017432,0,2,triangle_to_goal_obstacle,1.0476772785186768,1.9755734205245972,1.9755734205245972,2.025919238726298,0.012798119336366653,0.17964887619018555,0.14058727025985718,0.26514551043510437,0.03512515500187874,0,1.189003586769104,0.061907531023025486,2.430735807816187,0,1,0,0,0.0,0,5.952380657196045,-0.0036730568390339613,1.010392427444458
2026-06-21T13:58:17.408873,256,1,-226771.47984818814,0,2,triangle_to_goal_obstacle,1.0372483730316162,1.985478401184082,1.985478401184082,2.03723414738973,0.017749495804309845,0.189231738448143,0.1506035178899765,0.2797686755657196,0.05960208177566528,0,1.1826605796813965,0.06109243750572202,2.440177521308263,0,1,0,0,-0.0003056526184082031,0,5.962821960449219,0.0030441482085734606,1.011689305305481
2026-06-21T13:58:24.494933,257,1,-230208.30946007418,0,2,triangle_to_goal_obstacle,1.0311659574508667,1.9907431602478027,1.9907431602478027,2.0385255416234336,0.013965088874101639,0.1941540241241455,0.15424080193042755,0.2616986334323883,0.04003871604800224,0,1.2035983800888062,0.05996197581291196,2.4465008191267645,0,1,0,0,-0.00010454654693603516,0,5.968918323516846,0.003415008308365941,1.0127328634262085
2026-06-21T13:58:27.002199,258,1,-58390.66865024864,0,2,triangle_to_goal_obstacle,4.563959121704102,4.563989162445068,4.563989162445068,0.04206538200378418,0.5128939747810364,0.22066830098628998,0.1646014302968979,0.2752581536769867,0.06314479559659958,0,1.1955076456069946,0.04466229796409604,0.8638685556252798,1,1,0,1,0.0,0,2.436052083969116,-0.0008197625284083188,1.0102308988571167
2026-06-21T13:58:29.637632,259,1,-65414.509147604775,0,2,triangle_to_goal_obstacle,4.290956974029541,4.290972709655762,4.290972709655762,0.1866607666015625,0.5296831130981445,0.22058384120464325,0.16468830406665802,0.271150678396225,0.03864898160099983,0,0.9048363566398621,0.044940025806426975,0.6207614254951477,1,1,0,1,0.0,0,2.709057092666626,-0.0019752581138163805,1.010786533355713
2026-06-21T13:58:32.408095,260,1,-69453.49246379969,0,2,triangle_to_goal_obstacle,4.049622058868408,4.049647808074951,4.049647808074951,0.35400575399398804,0.5244911313056946,0.22064965963363647,0.16272999346256256,0.3227775990962982,0.0780918076634407,0,0.6759426593780518,0.048285187482833836,0.420040727853775,1,1,0,1,0.0,0,2.950392723083496,-0.0006774266366846859,1.010873794555664
2026-06-21T13:58:35.596713,261,1,-87799.71432147306,0,2,triangle_to_goal_obstacle,3.439589500427246,3.439612627029419,3.439612627029419,0.24575759967168173,0.5688430666923523,0.22132456302642822,0.16681629419326782,0.2808174192905426,0.041020769625902176,0,0.8254396319389343,0.04609075307846067,0.2693168234825134,1,1,0,1,0.0,0,3.560434341430664,-0.008013486862182617,1.0099961757659912
2026-06-21T13:58:42.629747,262,1,-42001.21692756119,0,2,triangle_to_goal_obstacle,5.261198043823242,5.261201858520508,5.261201858520508,0.08092157046000163,0.500038206577301,0.22013993561267853,0.20968203246593475,0.2489032745361328,0.04786011949181557,0,1.184706449508667,0.6994500470161438,1.5345493070284526,0,0,1,0,0.0,0,1.7388054132461548,0.004177828785032034,1.0044264793395996
2026-06-21T13:58:50.157752,263,1,-224466.88067957823,0,2,triangle_to_goal_obstacle,1.0477994680404663,1.9755560159683228,1.9755560159683228,2.0235716104507446,0.015023094601929188,0.17961198091506958,0.14093446731567383,0.2766207158565521,0.04811728000640869,0,1.1974025964736938,0.062158168554306004,2.4311708621184027,0,1,0,0,-0.00013148784637451172,0,5.952234268188477,0.000603020191192627,1.0083937644958496
2026-06-21T13:58:57.277909,264,1,-226953.30019295673,0,2,triangle_to_goal_obstacle,1.0352128744125366,1.9873288869857788,1.9873288869857788,2.0399527549743652,0.017837584018707275,0.19100432097911835,0.153173565864563,0.2821331322193146,0.03809863701462746,0,1.2154979705810547,0.06097304940223691,2.4437468262513478,0,1,0,0,-0.0003312826156616211,0,5.964862823486328,0.002656797645613551,1.0122367143630981
2026-06-21T13:59:04.463248,265,1,-231462.98247014568,0,2,triangle_to_goal_obstacle,1.0345089435577393,1.9872859716415405,1.9872859716415405,2.0388563871383667,0.015682892873883247,0.19139134883880615,0.1534082442522049,0.2904202342033386,0.06246541067957878,0,1.181683897972107,0.05978417515754697,2.4419338516394293,0,1,0,0,-0.00022172927856445312,0,5.965572357177734,-0.00032591819763183594,1.0129605531692505
2026-06-21T13:59:12.602567,266,1,-88696.12893397777,0,2,triangle_to_goal_obstacle,4.159633636474609,4.15964937210083,4.15964937210083,0.29036877552668255,0.3494669497013092,0.2203385829925537,0.16465826332569122,0.2891065776348114,0.04421105980873108,0,0.7742480039596558,0.0620036435127258,0.514428805510203,0,1,0,0,0.0,0,2.8403751850128174,-0.0033061306457966566,1.0077999830245972
2026-06-21T13:59:19.817506,267,1,-227744.9230206838,0,2,triangle_to_goal_obstacle,1.0475422143936157,1.9753590822219849,1.9753590822219849,2.0237412452697754,0.01667950488626957,0.17965738475322723,0.14110584557056427,0.27687549591064453,0.05947302654385567,0,1.203460693359375,0.061415137052535984,2.431280971765518,0,1,0,0,0.0,0,5.95251989364624,1.7344951629638672e-05,1.0114022493362427
2026-06-21T13:59:26.983443,268,1,-229240.4240857306,0,2,triangle_to_goal_obstacle,1.0325915813446045,1.9896725416183472,1.9896725416183472,2.0382266441980996,0.004620803985744715,0.19289882481098175,0.15415506064891815,0.2435207962989807,0.04760364070534706,0,1.1930755376815796,0.060357601642608616,2.4448569528261817,0,1,0,0,0.0,0,5.967492580413818,0.003743370296433568,1.0126359462738037
2026-06-21T13:59:29.633773,269,1,-64580.113676377434,0,2,triangle_to_goal_obstacle,4.349390983581543,4.349405288696289,4.349405288696289,0.14416325092315674,0.5032933354377747,0.2205953150987625,0.1648561954498291,0.2775554656982422,0.05251457914710045,0,0.9755352735519409,0.04925873994827268,0.6711572321256002,1,1,0,1,0.0,0,2.650624990463257,-0.0029368996620178223,1.0114468336105347
2026-06-21T13:59:32.644390,270,1,-78473.73470237543,0,2,triangle_to_goal_obstacle,3.843384265899658,3.8433971405029297,3.8433971405029297,0.40031617879867554,0.5299915671348572,0.220560684800148,0.16427934169769287,0.2840333580970764,0.06818192452192307,0,0.5999237298965454,0.047717781066894505,0.2922707112630208,1,1,0,1,0.0,0,3.1566314697265625,0.0011094411602243781,1.0109577178955078
2026-06-21T13:59:35.935787,271,1,-92007.58091407634,0,2,triangle_to_goal_obstacle,3.347438335418701,3.3475170135498047,3.3475170135498047,0.17730488379796347,0.5427426695823669,0.22085510194301605,0.1672457456588745,0.26187989115715027,0.03490182012319565,0,0.9111195206642151,0.048300565481185886,0.313129167954127,1,1,0,1,0.0,0,3.6527774333953857,-0.036614734679460526,1.0101866722106934
2026-06-21T13:59:39.050759,272,1,-85779.07670930342,0,2,triangle_to_goal_obstacle,3.3103060722351074,3.310398817062378,3.310398817062378,0.15079685052235922,0.5952813029289246,0.22060678899288177,0.16759836673736572,0.24972426891326904,0.04305511340498924,0,0.9767613410949707,0.04485562562942502,0.3317519736289978,1,1,0,1,0.0,0,3.690063238143921,-0.0485457181930542,1.0094057321548462
2026-06-21T13:59:46.090887,273,1,-32282.064393315748,0,2,triangle_to_goal_obstacle,5.766171932220459,5.766172409057617,5.766172409057617,0.04113622506459554,0.5015537738800049,0.22011788189411163,0.21086937189102173,0.22305695712566376,0.05387001857161522,0,1.2058428525924683,1.2494771194458008,2.0315665117899573,0,0,1,0,0.0,0,1.233831763267517,0.004864235874265432,1.0041332244873047
2026-06-21T13:59:53.329196,274,1,-224326.62060142448,0,2,triangle_to_goal_obstacle,1.0509207248687744,1.9724150896072388,1.9724150896072388,2.0213382244110107,0.018374070525169373,0.176932692527771,0.13986752927303314,0.3081519901752472,0.042211487889289856,0,1.1942651271820068,0.0621497046947479,2.4279093356927235,0,1,0,0,-0.00017344951629638672,0,5.949112415313721,-0.0016864935168996453,1.0081673860549927
2026-06-21T14:00:00.579059,275,1,-226034.32894646464,0,2,triangle_to_goal_obstacle,1.0395766496658325,1.9830422401428223,1.9830422401428223,2.03621236483256,0.013782563619315624,0.1870761662721634,0.1501261293888092,0.28560304641723633,0.06185981631278992,0,1.216717004776001,0.061132700443267796,2.439587981700897,0,1,0,0,-0.0002033710479736328,0,5.960495471954346,-0.00280143809504807,1.0119267702102661
2026-06-21T14:00:07.876026,276,1,-230631.931554722,0,2,triangle_to_goal_obstacle,1.0359758138656616,1.9858816862106323,1.9858816862106323,2.037937045097351,0.021633340045809746,0.19004076719284058,0.15268860757350922,0.27939245104789734,0.06263194233179092,0,1.180205225944519,0.05997720479965207,2.4405176154772437,0,1,0,0,-0.00012087821960449219,0,5.964108943939209,-0.003443340538069606,1.0127911567687988
2026-06-21T14:00:10.507251,277,1,-63633.72016167506,0,2,triangle_to_goal_obstacle,4.413421154022217,4.413443088531494,4.413443088531494,0.0991441011428833,0.5021067261695862,0.2206912636756897,0.1644974946975708,0.2805824875831604,0.05907973647117615,0,1.057682752609253,0.048034460544586155,0.7250411820411683,1,1,0,1,0.0,0,2.5865957736968994,0.0037428736686706543,1.011454701423645
2026-06-21T14:00:13.269477,278,1,-69233.52674394903,0,2,triangle_to_goal_obstacle,4.140722751617432,4.140742778778076,4.140742778778076,0.292929212252299,0.5180068612098694,0.22067733108997345,0.1645178347826004,0.2776043117046356,0.056091636419296265,0,0.7397973537445068,0.04734629511833188,0.49390936017036435,1,1,0,1,0.0,0,2.859295129776001,-0.0038823485374450684,1.011473298072815
2026-06-21T14:00:16.124498,279,1,-71012.21752728825,0,2,triangle_to_goal_obstacle,3.9501607418060303,3.950180768966675,3.950180768966675,0.3887990911801656,0.5122788548469543,0.2206549495458603,0.16434764862060547,0.285910964012146,0.04624165594577789,0,0.6134534478187561,0.0496815752983093,0.3523669950167338,1,1,0,1,0.0,0,3.0498569011688232,0.0018176237354055047,1.011642575263977
2026-06-21T14:00:19.191497,280,1,-86027.09085915926,0,2,triangle_to_goal_obstacle,3.5180752277374268,3.5180912017822266,3.5180912017822266,0.2938092549641927,0.5372071266174316,0.2212662249803543,0.16677488386631012,0.2752169668674469,0.026459159329533577,0,0.7651912569999695,0.049259544610977146,0.24414628863334653,1,3,0,1,0.0,0,3.481945037841797,-0.0034177303314208984,1.0114086866378784
2026-06-21T14:00:26.205932,281,1,-38133.59717266638,0,2,triangle_to_goal_obstacle,5.449163436889648,5.449166774749756,5.449166774749756,0.10613866647084554,0.5031381845474243,0.22013498842716217,0.209686741232872,0.24510101974010468,0.03546890616416931,0,1.212632179260254,0.8624847841262817,1.7202099275588987,0,0,1,0,0.0,0,1.5508397817611694,0.0040773749351501465,1.0046045780181885
2026-06-21T14:00:33.349236,282,1,-225234.08064745966,0,2,triangle_to_goal_obstacle,1.046290397644043,1.9772170782089233,1.9772170782089233,2.028305729230245,0.017408141866326332,0.18130028247833252,0.14239144325256348,0.2635299861431122,0.0595383457839489,0,1.2101060152053833,0.06226113557815549,2.4334158015251157,0,1,0,0,-0.0001723766326904297,0,5.9537672996521,-0.005483607295900583,1.0095319747924805
2026-06-21T14:00:41.030478,283,1,-227651.91281249025,0,2,triangle_to_goal_obstacle,1.0367193222045898,1.9859691858291626,1.9859691858291626,2.0347893238067627,0.014526494778692722,0.18948489427566528,0.15248502790927887,0.27110180258750916,0.04125124588608742,0,1.1929867267608643,0.0610537242889404,2.4412189038594563,0,1,0,0,-7.62939453125e-06,0,5.963372707366943,-0.005784094333648682,1.0125436782836914
2026-06-21T14:00:48.213968,284,1,-231507.844060597,0,2,triangle_to_goal_obstacle,1.0371308326721191,1.984674096107483,1.984674096107483,2.0354536374409995,0.023928077891469002,0.1892896443605423,0.15219153463840485,0.2844187319278717,0.04155517742037773,0,1.1846823692321777,0.05982971310615537,2.4395355196793873,0,1,0,0,-0.00045871734619140625,0,5.962955474853516,-0.0031104087829589844,1.01301109790802
2026-06-21T14:00:55.406056,285,1,-86626.28578247108,0,2,triangle_to_goal_obstacle,4.222279071807861,4.222288608551025,4.222288608551025,0.254064679145813,0.3564821183681488,0.22031061351299286,0.16537630558013916,0.2713293135166168,0.042985688894987106,0,0.803154468536377,0.062012405395507786,0.5597822777430216,0,1,0,0,0.0,0,2.7777302265167236,-0.0034117698669433594,1.008121132850647
2026-06-21T14:01:02.644993,286,1,-226737.92286337973,0,2,triangle_to_goal_obstacle,1.045375943183899,1.9774311780929565,1.9774311780929565,2.0291232665379844,0.010961812920868397,0.18188463151454926,0.14327751100063324,0.26425477862358093,0.046701569110155106,0,1.1834737062454224,0.061401815414428684,2.4323347123463948,0,1,0,0,-0.00011646747589111328,0,5.954687595367432,0.0030264854431152344,1.011121392250061
2026-06-21T14:01:09.960867,287,1,-229961.73994636608,0,2,triangle_to_goal_obstacle,1.0355591773986816,1.986728549003601,1.986728549003601,2.0335567394892373,0.01958461105823517,0.1904038041830063,0.15166911482810974,0.2575247287750244,0.05092126503586769,0,1.199381947517395,0.060456038713455174,2.4422960094610846,0,1,0,0,-0.00012409687042236328,0,5.964518070220947,-0.0024529695510864258,1.0124099254608154
2026-06-21T14:01:12.684347,288,1,-66768.84760067752,0,2,triangle_to_goal_obstacle,4.2833476066589355,4.2833685874938965,4.2833685874938965,0.19587580362955728,0.49939656257629395,0.2206621915102005,0.1643083691596985,0.2890125513076782,0.049908336251974106,0,0.8563564419746399,0.04831653952598569,0.6121174506346384,1,1,0,1,0.0,0,2.7166683673858643,-0.00046606859541498125,1.0115665197372437
2026-06-21T14:01:15.582128,289,1,-76598.8455555058,0,2,triangle_to_goal_obstacle,3.872851848602295,3.8728840351104736,3.8728840351104736,0.41491134961446124,0.5453827381134033,0.2207065373659134,0.16318996250629425,0.30598148703575134,0.05442993342876434,0,0.5787908434867859,0.04513177394866941,0.3003746183713277,1,1,0,1,0.0,0,3.1271629333496094,0.0009222229127772152,1.010622501373291
2026-06-21T14:01:18.766018,290,1,-93456.19567449186,0,2,triangle_to_goal_obstacle,3.290640115737915,3.2907469272613525,3.2907469272613525,0.13363111019134521,0.5485164523124695,0.22078794240951538,0.16520577669143677,0.30194762349128723,0.058452706784009933,0,1.0046623945236206,0.04832273840904233,0.34852661808331803,1,1,0,1,0.0,0,3.7096593379974365,-0.04326426982879639,1.0099397897720337
2026-06-21T14:01:25.865121,291,1,-57664.55205191179,0,2,triangle_to_goal_obstacle,4.637861728668213,4.637862205505371,4.637862205505371,0.09157792727152507,0.3643540143966675,0.22028233110904694,0.16516685485839844,0.27974188327789307,0.030652055516839027,0,1.1980321407318115,0.06153515100479123,0.932964951992035,0,1,0,0,0.0,0,2.362151861190796,-0.010069787502288818,1.0049570798873901
2026-06-21T14:01:32.989597,292,1,-224122.51728706888,0,2,triangle_to_goal_obstacle,1.0405972003936768,1.9823216199874878,1.9823216199874878,2.0312993923823037,0.009176794439554214,0.18586315214633942,0.14791534841060638,0.2758212983608246,0.03638409450650215,0,1.2051609754562378,0.061680079698562595,2.4383217306931813,0,1,0,0,0.0,0,5.959455966949463,-0.0022485852241516113,1.0102750062942505
2026-06-21T14:01:40.142146,293,1,-227444.32293051068,0,2,triangle_to_goal_obstacle,1.0382177829742432,1.9843569993972778,1.9843569993972778,2.03287939230601,0.01340442430227995,0.1879444122314453,0.14906753599643707,0.27239611744880676,0.04152746871113777,0,1.2045708894729614,0.06083378314971921,2.4401969226201374,0,1,0,0,0.0,0,5.961859226226807,0.005446314811706543,1.0114083290100098
2026-06-21T14:01:43.669977,294,1,-100833.8264115025,0,2,triangle_to_goal_obstacle,3.296436071395874,3.296452760696411,3.296452760696411,0.13520610332489014,0.5054020285606384,0.22055040299892426,0.16379724442958832,0.30543774366378784,0.029317157343029976,0,0.9984655380249023,0.0486744952201843,0.34000242869059244,1,1,0,1,0.0,0,3.703585624694824,0.005952298641204834,1.0104057788848877
2026-06-21T14:01:46.924233,295,1,-89991.82153370153,0,2,triangle_to_goal_obstacle,3.321927785873413,3.322014570236206,3.322014570236206,0.15559744834899902,0.5394001007080078,0.220701202750206,0.1658790558576584,0.2924915850162506,0.0404464490711689,0,0.963996171951294,0.0492356729507446,0.3274942350387573,1,1,0,1,0.0,0,3.6782398223876953,-0.03195236250758171,1.0095769166946411
2026-06-21T14:01:54.023803,296,1,-42789.5278218574,0,2,triangle_to_goal_obstacle,5.240665912628174,5.240674018859863,5.240674018859863,0.11247591177622478,0.5196214318275452,0.22015471756458282,0.20927764475345612,0.2563040554523468,0.026821987703442574,0,1.2051172256469727,0.6434358072280884,1.5159376573562622,0,0,1,0,0.0,0,1.7593363523483276,0.0016336044063791633,1.0044394731521606
2026-06-21T14:02:01.191161,297,1,-224207.05271677414,0,2,triangle_to_goal_obstacle,1.0478826761245728,1.9754395484924316,1.9754395484924316,2.0246839125951133,0.00870803464204073,0.17944534122943878,0.1390199512243271,0.2526286840438843,0.03522065281867981,0,1.1931205987930298,0.06222903847694394,2.4308843028545377,0,1,0,0,0.0,0,5.952155590057373,-0.0018176237354055047,1.0087791681289673
2026-06-21T14:02:08.494158,298,1,-226795.85815413127,0,2,triangle_to_goal_obstacle,1.0445204973220825,1.9781455993652344,1.9781455993652344,2.0271096229553223,0.01961534284055233,0.18266545236110687,0.14278928935527802,0.26457345485687256,0.03158997371792793,0,1.1928834915161133,0.06104922413825986,2.4334869992733,0,1,0,0,-0.0002576112747192383,0,5.955541610717773,0.0003758668899536133,1.01138436794281
2026-06-21T14:02:15.743270,299,1,-231141.47249533562,0,2,triangle_to_goal_obstacle,1.0380463600158691,1.9838811159133911,1.9838811159133911,2.032546559969584,0.014090627431869507,0.1882709413766861,0.14912857115268707,0.26584747433662415,0.026050573214888573,0,1.1923707723617554,0.059883834123611424,2.4391095451513922,0,1,0,0,-0.00026857852935791016,0,5.9620361328125,-0.004649499896913767,1.0122328996658325
2026-06-21T14:02:22.868491,300,1,-78365.27272306338,0,2,triangle_to_goal_obstacle,4.4672393798828125,4.467247486114502,4.467247486114502,0.06462295850118001,0.34043049812316895,0.22025664150714874,0.16546061635017395,0.27771010994911194,0.027649758383631706,0,1.0970370769500732,0.06211558103561399,0.7744435779253642,0,1,0,0,0.0,0,2.5327675342559814,-0.0011690258979797363,1.0075852870941162
2026-06-21T14:02:30.089698,301,1,-227339.06844949463,0,2,triangle_to_goal_obstacle,1.0436586141586304,1.9793835878372192,1.9793835878372192,2.029297113418579,0.012177444994449615,0.1833755522966385,0.14400224387645721,0.24072875082492828,0.058702897280454636,0,1.1900279521942139,0.06156650304794309,2.4345339449246723,0,1,0,0,-9.715557098388672e-05,0,5.956401824951172,-0.004557748790830374,1.0102699995040894
2026-06-21T14:02:37.260236,302,1,-229567.21441724992,0,2,triangle_to_goal_obstacle,1.0343209505081177,1.9880846738815308,1.9880846738815308,2.0368423064549765,0.012629393488168716,0.19150203466415405,0.15158560872077942,0.2379889041185379,0.04533148929476738,0,1.2055548429489136,0.06056919813156125,2.4439154775937397,0,1,0,0,-4.279613494873047e-05,0,5.965755939483643,0.005395928863435984,1.0114046335220337
2026-06-21T14:02:40.219075,303,1,-76212.46673755522,0,2,triangle_to_goal_obstacle,3.944582223892212,3.9445955753326416,3.9445955753326416,0.38727907339731854,0.5111634731292725,0.22060351073741913,0.1641099750995636,0.28075292706489563,0.03530138358473778,0,0.6170441508293152,0.046301932334899876,0.3491168928146362,1,1,0,1,0.0,0,3.0554354190826416,0.003615856170654297,1.0112392902374268
2026-06-21T14:02:43.120818,304,1,-73374.86527714255,0,2,triangle_to_goal_obstacle,3.94177508354187,3.9417879581451416,3.9417879581451416,0.38817111651102704,0.5161222815513611,0.22059743106365204,0.16394631564617157,0.2934047281742096,0.048559218645095825,0,0.6130849123001099,0.04773244380950925,0.34763512134552,1,1,0,1,0.0,0,3.058243751525879,0.004601617809385061,1.0112851858139038
2026-06-21T14:02:46.351414,305,1,-90838.9404914016,0,2,triangle_to_goal_obstacle,3.376032590866089,3.3760433197021484,3.3760433197021484,0.1984990437825521,0.5412894487380981,0.2206975221633911,0.16503961384296417,0.29842761158943176,0.049232956022024155,0,0.8905072808265686,0.0487009000778198,0.2915303818384806,1,1,0,1,0.0,0,3.6240179538726807,-0.015054364688694477,1.01068913936615
2026-06-21T14:02:53.349463,306,1,-41242.43109938505,0,2,triangle_to_goal_obstacle,5.299227714538574,5.299233913421631,5.299233913421631,0.10049259662628174,0.4996737241744995,0.22016079723834991,0.2101416438817978,0.23460181057453156,0.03950078412890434,0,1.2204811573028564,0.7234708976745605,1.5746257019042966,0,0,1,0,0.0,0,1.7007757425308228,-0.0028157830238342285,1.0052109956741333
2026-06-21T14:03:00.544646,307,1,-224290.20270797025,0,2,triangle_to_goal_obstacle,1.0494147539138794,1.9737704992294312,1.9737704992294312,2.021065592765808,0.017187273129820824,0.1780746430158615,0.1380477398633957,0.24292875826358795,0.051175493746995926,0,1.20012629032135,0.06187680482864377,2.4295511158307392,0,1,0,0,0.0,0,5.95062780380249,0.000589390576351434,1.009432077407837
2026-06-21T14:03:07.804337,308,1,-227652.75897758597,0,2,triangle_to_goal_obstacle,1.0345714092254639,1.9880319833755493,1.9880319833755493,2.0410248041152954,0.014269358478486538,0.1914338916540146,0.15141913294792175,0.24808311462402344,0.0535200797021389,0,1.1781812906265259,0.06103965759277341,2.4425146293640134,0,1,0,0,-0.00026214122772216797,0,5.96548318862915,0.0022886197548359632,1.0103821754455566
2026-06-21T14:03:15.013392,309,1,-230608.23066965546,0,2,triangle_to_goal_obstacle,1.037371277809143,1.9843946695327759,1.9843946695327759,2.0353337128957114,0.023096861317753792,0.18850088119506836,0.14815877377986908,0.23481734097003937,0.02544061653316021,0,1.1841285228729248,0.05962744474411008,2.4391748420397437,0,1,0,0,0.0,0,5.962696075439453,-0.002643108367919922,1.0115259885787964
2026-06-21T14:03:17.571940,310,1,-60556.2742916297,0,2,triangle_to_goal_obstacle,4.5122246742248535,4.512246131896973,4.512246131896973,0.012971639633178711,0.5219369530677795,0.220660999417305,0.1660468727350235,0.25380653142929077,0.0663740485906601,0,1.1869770288467407,0.04451593875885007,0.8190595022837321,1,1,0,1,0.0,0,2.4877893924713135,-0.0016252795467153192,1.0110995769500732
2026-06-21T14:03:20.353398,311,1,-69457.34001405616,0,2,triangle_to_goal_obstacle,4.144756317138672,4.144776821136475,4.144776821136475,0.2961508830388387,0.5281907320022583,0.2207387238740921,0.16472691297531128,0.26832839846611023,0.040546391159296036,0,0.7622341513633728,0.045331836938858006,0.49467792232831315,1,1,0,1,0.0,0,2.85526442527771,-0.006502886768430471,1.0115565061569214
2026-06-21T14:03:23.061202,312,1,-66360.93011758146,0,2,triangle_to_goal_obstacle,4.1502814292907715,4.150318145751953,4.150318145751953,0.2899949550628662,0.5038196444511414,0.2208215594291687,0.16422796249389648,0.2958744168281555,0.05913727357983589,0,0.7380298972129822,0.049658210277557346,0.5012284032503763,1,1,0,1,0.0,0,2.849736452102661,0.0014035900821909308,1.0119222402572632
2026-06-21T14:03:25.972754,313,1,-74105.16873700025,0,2,triangle_to_goal_obstacle,3.774451494216919,3.774463653564453,3.774463653564453,0.40008119742075604,0.5663098692893982,0.2205723077058792,0.16302502155303955,0.31420865654945374,0.04431362450122833,0,0.5979324579238892,0.04467126846313474,0.2597939284642537,1,1,0,1,0.0,0,3.2255706787109375,-0.0073687233962118626,1.0106061697006226
2026-06-21T14:03:29.170007,314,1,-91594.43002559448,0,2,triangle_to_goal_obstacle,3.149035930633545,3.1490490436553955,3.1490490436553955,0.014043251673380533,0.5635536313056946,0.22063331305980682,0.16427293419837952,0.30054613947868347,0.06668554991483688,0,1.1637805700302124,0.04851535081863401,0.43828462680180863,1,1,0,1,0.0,0,3.8509883880615234,-0.0048871636390686035,1.011337161064148
2026-06-21T14:03:36.166846,315,1,-33343.59519822357,0,2,triangle_to_goal_obstacle,5.720900535583496,5.720900058746338,5.720900058746338,0.041536410649617515,0.4953228533267975,0.22007213532924652,0.210126593708992,0.23160420358181,0.03965039178729057,0,1.1990129947662354,1.200709195137024,1.9865357987085976,0,0,1,0,0.0,0,1.2791013717651367,-0.0017777284374460578,1.0044738054275513
2026-06-21T14:03:43.307343,316,1,-225017.41392522492,0,2,triangle_to_goal_obstacle,1.0412046909332275,1.9822181463241577,1.9822181463241577,2.0335389375686646,0.008665581233799458,0.18542265892028809,0.14421512186527252,0.250453919172287,0.04158519580960274,0,1.210677981376648,0.06226512908935544,2.4384414068857825,0,1,0,0,-0.00011610984802246094,0,5.958827495574951,0.0023896496277302504,1.0078330039978027
2026-06-21T14:03:50.512946,317,1,-226243.36237989142,0,2,triangle_to_goal_obstacle,1.0388524532318115,1.9839426279067993,1.9839426279067993,2.039392868677775,0.01611388847231865,0.1877271682024002,0.14736665785312653,0.2471877783536911,0.03893440216779709,0,1.222618818283081,0.06120416641235349,2.4406947008768713,0,1,0,0,-0.00024771690368652344,0,5.961198329925537,0.0027444958686828613,1.0099003314971924
2026-06-21T14:03:57.721103,318,1,-230120.02558872994,0,2,triangle_to_goal_obstacle,1.0336037874221802,1.9883848428726196,1.9883848428726196,2.0376527309417725,0.010448719374835491,0.1919810026884079,0.15141241252422333,0.2345709204673767,0.03288663551211357,0,1.1903407573699951,0.060134531259536717,2.443499665657679,0,1,0,0,-0.00012171268463134766,0,5.966455459594727,-0.0007401108741760254,1.0110435485839844
2026-06-21T14:04:00.324994,319,1,-59257.86159862154,0,2,triangle_to_goal_obstacle,4.551814556121826,4.55183744430542,4.55183744430542,0.028360883394877117,0.4847027361392975,0.22063863277435303,0.16623501479625702,0.2575894892215729,0.0355936624109745,0,1.1849790811538696,0.04957363128662107,0.851235957145691,1,1,0,1,0.0,0,2.4481992721557617,0.0005752245779149234,1.0112824440002441
2026-06-21T14:04:03.036030,320,1,-64281.77075099017,0,2,triangle_to_goal_obstacle,4.299070835113525,4.299084186553955,4.299084186553955,0.18259368340174356,0.5007093548774719,0.22060136497020721,0.1641201227903366,0.2770826816558838,0.04238705709576607,0,0.890605092048645,0.04728320360183713,0.6271638782819112,1,1,0,1,0.0,0,2.700944662094116,0.0003178119659423828,1.011696696281433
2026-06-21T14:04:05.993305,321,1,-65893.0177680149,0,2,triangle_to_goal_obstacle,4.112820625305176,4.112832069396973,4.112832069396973,0.30717162291208905,0.5300185084342957,0.2206019163131714,0.16438670456409454,0.2709203362464905,0.03767393156886101,0,0.728939950466156,0.04470214366912839,0.47310045480728147,1,1,0,1,0.0,0,2.8871982097625732,-0.005925854202359915,1.0109823942184448
2026-06-21T14:04:09.191815,322,1,-74572.85554270301,0,2,triangle_to_goal_obstacle,3.8125851154327393,3.8126113414764404,3.8126113414764404,0.3992921710014343,0.5308911204338074,0.22068524360656738,0.163976788520813,0.30017781257629395,0.054651349782943726,0,0.591323733329773,0.049813033342361424,0.28261031826337174,1,1,0,1,0.0,0,3.187432050704956,0.0016297897091135383,1.0113706588745117
2026-06-21T14:04:12.404881,323,1,-88215.66069882974,0,2,triangle_to_goal_obstacle,3.285755157470703,3.28582763671875,3.28582763671875,0.1294025977452596,0.5894972681999207,0.2207796573638916,0.16451780498027802,0.2971949279308319,0.08362054824829102,0,0.9995675086975098,0.044419796466827366,0.3442154041926066,1,1,0,1,0.0,0,3.7143402099609375,-0.02283022738993168,1.0102506875991821
2026-06-21T14:04:19.459959,324,1,-39409.61074211532,0,2,triangle_to_goal_obstacle,5.406669616699219,5.406671047210693,5.406671047210693,0.040238261222839355,0.5044621825218201,0.22009168565273285,0.20972920954227448,0.244060218334198,0.05387527123093605,0,1.1940239667892456,0.8888034534454345,1.6779359690348306,0,0,1,0,0.0,0,1.5933326482772827,-0.0011349320411682129,1.005245566368103
2026-06-21T14:04:26.607109,325,1,-223843.6485331326,0,2,triangle_to_goal_obstacle,1.0436593294143677,1.9792571067810059,1.9792571067810059,2.0318343242009482,0.022750576958060265,0.18337614834308624,0.14296561479568481,0.258564293384552,0.04942336678504944,0,1.180543303489685,0.06178474545478818,2.434052925507227,0,1,0,0,-0.00017690658569335938,0,5.956384658813477,-0.004349549766629934,1.0085391998291016
2026-06-21T14:04:33.680316,326,1,-227263.89532682046,0,2,triangle_to_goal_obstacle,1.0354348421096802,1.9871891736984253,1.9871891736984253,2.035432060559591,0.006651388015598059,0.19033955037593842,0.1501000076532364,0.24220538139343262,0.03912165388464928,0,1.2036792039871216,0.06110021591186521,2.443008632659912,0,1,0,0,-3.0994415283203125e-05,0,5.964610576629639,-0.0007543762330897152,1.0096654891967773
2026-06-21T14:04:37.783209,327,1,-125730.4080806431,0,2,triangle_to_goal_obstacle,2.232062578201294,2.23209810256958,2.23209810256958,0.8513385852177938,0.5549293756484985,0.22055183351039886,0.1653779298067093,0.25761738419532776,0.03702087700366974,0,1.2211791276931763,0.04535108923912046,1.2636106820901236,1,1,0,1,0.0,0,4.767958164215088,-0.004007240291684866,1.0087567567825317
2026-06-21T14:04:45.014809,328,1,-233044.47935221766,0,2,triangle_to_goal_obstacle,0.8066390752792358,2.215203046798706,2.215203046798706,2.2603727181752524,0.021340826526284218,0.22061465680599213,0.18028633296489716,0.2621656358242035,0.03809179738163948,0,1.1971065998077393,0.059764863252639744,2.668163280884425,0,1,0,0,-0.00017786026000976562,0,6.1934380531311035,0.0003036459384020418,1.0111485719680786
2026-06-21T14:04:52.255370,329,1,-51137.110452664085,0,2,triangle_to_goal_obstacle,5.102432727813721,5.102438449859619,5.102438449859619,0.34047091007232666,0.5039003491401672,0.22013288736343384,0.19714634120464325,0.24569086730480194,0.04242759943008423,0,1.2048050165176392,0.2568227362632751,1.3780234169960022,0,1,0,0,0.0,0,1.8975695371627808,-0.002026279689744115,1.0046461820602417
2026-06-21T14:04:59.410431,330,1,-227578.14193264855,0,2,triangle_to_goal_obstacle,1.0421946048736572,1.9808164834976196,1.9808164834976196,2.034358580907186,0.014146796427667141,0.1846255213022232,0.14300018548965454,0.22332166135311127,0.04140514135360718,0,1.2170579433441162,0.06166136384010312,2.437382321755091,0,1,0,0,-0.00018489360809326172,0,5.957844257354736,0.0012882748851552606,1.0089031457901
2026-06-21T14:05:06.768935,331,1,-229180.48187152215,0,2,triangle_to_goal_obstacle,1.0294195413589478,1.9929876327514648,1.9929876327514648,2.0424084266026816,0.0033321380615234375,0.19582056999206543,0.15528570115566254,0.24390529096126556,0.03362452611327171,0,1.1901804208755493,0.06073913097381589,2.448045662244161,0,1,0,0,-4.38690185546875e-05,0,5.970668792724609,-0.008336643688380718,1.0105985403060913
2026-06-21T14:05:09.762240,332,1,-78422.63942132588,0,2,triangle_to_goal_obstacle,3.9042561054229736,3.9042766094207764,3.9042766094207764,0.40062157313028973,0.50056391954422,0.22061829268932343,0.16516000032424927,0.2815758287906647,0.06875699013471603,0,0.5925477743148804,0.04840278744697568,0.3229894451300303,1,1,0,1,0.0,0,3.095759153366089,-0.0008103251457214355,1.0109063386917114
2026-06-21T14:05:12.730239,333,1,-76814.92592946207,0,2,triangle_to_goal_obstacle,3.742418050765991,3.7424442768096924,3.7424442768096924,0.3913285930951436,0.5410833954811096,0.22064900398254395,0.16381554305553436,0.28819337487220764,0.06244167685508728,0,0.5997710824012756,0.046137989759445164,0.2562723171710968,1,1,0,1,0.0,0,3.257598876953125,-0.004281242843717337,1.0103611946105957
2026-06-21T14:05:16.024628,334,1,-88730.88410378686,0,2,triangle_to_goal_obstacle,3.3442139625549316,3.3442442417144775,3.3442442417144775,0.1760501265525818,0.5763353109359741,0.22064737975597382,0.16578318178653717,0.2908942699432373,0.043528567999601364,0,0.9221068620681763,0.04626840472221372,0.31252916773160294,1,1,0,1,0.0,0,3.655954360961914,-0.03213381767272949,1.0096534490585327
2026-06-21T14:05:23.091928,335,1,-40025.0993304988,0,2,triangle_to_goal_obstacle,5.3209147453308105,5.320921897888184,5.320921897888184,0.060622215270996094,0.5015324950218201,0.22014951705932617,0.20990979671478271,0.24065405130386353,0.044120024889707565,0,1.2093770503997803,0.7841982555389404,1.5953004074096677,0,0,1,0,0.0,0,1.6790876388549805,0.0009695490007288754,1.0047804117202759
2026-06-21T14:05:30.190437,336,1,-223718.27516155443,0,2,triangle_to_goal_obstacle,1.0430645942687988,1.9801534414291382,1.9801534414291382,2.036356528600057,0.007228970527648926,0.18371166288852692,0.14339929819107056,0.27860674262046814,0.058351967483758926,0,1.223914384841919,0.06189015626907346,2.4370314987500508,0,1,0,0,0.0,0,5.956969738006592,0.0010436574229970574,1.0084086656570435
2026-06-21T14:05:37.326897,337,1,-227001.39240755918,0,2,triangle_to_goal_obstacle,1.0344324111938477,1.9882639646530151,1.9882639646530151,2.0354589223861694,0.009904217906296253,0.19120769202709198,0.15116602182388306,0.26418209075927734,0.04207126423716545,0,1.1988190412521362,0.06111738204956052,2.443782698313395,0,1,0,0,-3.6835670471191406e-05,0,5.965612411499023,0.0018943945178762078,1.009445309638977
2026-06-21T14:05:41.140369,338,1,-115169.67888872689,0,2,triangle_to_goal_obstacle,2.6767971515655518,2.676807165145874,2.676807165145874,0.4189294179280599,0.5340270400047302,0.2206125408411026,0.16651980578899384,0.24047791957855225,0.037498388439416885,0,1.1954541206359863,0.04728499174118039,0.8428465835253398,1,1,0,1,0.0,0,4.323233127593994,-0.008457978256046772,1.0095428228378296
2026-06-21T14:05:44.379130,339,1,-90072.17730056337,0,2,triangle_to_goal_obstacle,3.187610626220703,3.1876296997070312,3.1876296997070312,0.04976733525594076,0.5753503441810608,0.22055022418498993,0.1635657101869583,0.29993072152137756,0.0443202443420887,0,1.1099538803100586,0.04567250728607175,0.4132590007781982,1,1,0,1,0.0,0,3.8124096393585205,-0.006039241794496775,1.0095863342285156
2026-06-21T14:05:51.476883,340,1,-39506.471972255014,0,2,triangle_to_goal_obstacle,5.352515697479248,5.352522373199463,5.352522373199463,0.06001416842142741,0.5162774920463562,0.22018451988697052,0.20892669260501862,0.2566187381744385,0.047881584614515305,0,1.2133755683898926,0.818723292350769,1.6265893093744912,0,0,1,0,0.0,0,1.6474882364273071,-0.0044478378258645535,1.0046465396881104
2026-06-21T14:05:58.715116,341,1,-223830.25169181664,0,2,triangle_to_goal_obstacle,1.049479365348816,1.9738186597824097,1.9738186597824097,2.021532416343689,0.007603407371789217,0.17811036109924316,0.13651348650455475,0.26749512553215027,0.03980211168527603,0,1.201133370399475,0.06201362729072568,2.4296316119035084,0,1,0,0,-4.851818084716797e-05,0,5.950559139251709,0.0038542349357157946,1.0081205368041992
2026-06-21T14:06:05.983948,342,1,-227756.6317974389,0,2,triangle_to_goal_obstacle,1.0362275838851929,1.986180305480957,1.986180305480957,2.037203073501587,0.010400923900306225,0.18947023153305054,0.1488221138715744,0.25369793176651,0.029502972960472107,0,1.2112700939178467,0.06104353189468381,2.4424811116854346,0,1,0,0,0.0,0,5.9638214111328125,-0.003832697868347168,1.0093218088150024
2026-06-21T14:06:13.167157,343,1,-229703.04067101455,0,2,triangle_to_goal_obstacle,1.035173773765564,1.9868403673171997,1.9868403673171997,2.0364923079808555,0.01237471029162407,0.19036854803562164,0.14953048527240753,0.2501160204410553,0.05156196281313896,0,1.2081736326217651,0.06006857872009275,2.442849051157633,0,1,0,0,0.0,0,5.964876651763916,-7.530053608206799e-06,1.010213851928711
2026-06-21T14:06:15.720074,344,1,-56951.51458673112,0,2,triangle_to_goal_obstacle,4.6250481605529785,4.62506103515625,4.62506103515625,0.09467418988545735,0.5011022686958313,0.2204963117837906,0.16630084812641144,0.2443510740995407,0.04986123740673065,0,1.2018604278564453,0.045903385877609226,0.9211352280775706,1,1,0,1,0.0,0,2.3749630451202393,0.002055863616988063,1.0099738836288452
2026-06-21T14:06:18.297762,345,1,-61957.56700722809,0,2,triangle_to_goal_obstacle,4.395209312438965,4.395229816436768,4.395229816436768,0.10590128103892009,0.5067777037620544,0.22059381008148193,0.16472481191158295,0.28699544072151184,0.059060629457235336,0,1.0123391151428223,0.04771185040473935,0.711095393896103,1,1,0,1,0.0,0,2.6048035621643066,0.001368403434753418,1.010559320449829
2026-06-21T14:06:21.041759,346,1,-68811.8677814429,0,2,triangle_to_goal_obstacle,4.111356735229492,4.111377239227295,4.111377239227295,0.31050578753153485,0.5092897415161133,0.22060342133045197,0.164373978972435,0.28438958525657654,0.053169120103120804,0,0.7191517353057861,0.04800978422164914,0.47406757990519205,1,1,0,1,0.0,0,2.888657808303833,-0.0011798342457041144,1.010719895362854
2026-06-21T14:06:23.921053,347,1,-72741.61044358787,0,2,triangle_to_goal_obstacle,3.8680222034454346,3.8680381774902344,3.8680381774902344,0.4018133282661438,0.5191231369972229,0.22057080268859863,0.1633083075284958,0.3090992569923401,0.04506382346153259,0,0.5966624021530151,0.04906073331832883,0.304156056245168,1,1,0,1,0.0,0,3.131998062133789,-0.007014056202024221,1.0104079246520996
2026-06-21T14:06:26.973805,348,1,-85752.36221178969,0,2,triangle_to_goal_obstacle,3.412710428237915,3.412729263305664,3.412729263305664,0.22369279464085898,0.5624487400054932,0.22144633531570435,0.16827261447906494,0.26909971237182617,0.039329394698143005,0,0.8641602993011475,0.0475354206562042,0.27507635076840714,1,1,0,1,0.0,0,3.5873451232910156,-0.016829729080200195,1.0097829103469849
2026-06-21T14:06:34.003431,349,1,-39736.19595234966,0,2,triangle_to_goal_obstacle,5.392876625061035,5.392880916595459,5.392880916595459,0.03782252470652262,0.5005078911781311,0.22017133235931396,0.20990197360515594,0.23322129249572754,0.04425492510199547,0,1.2003824710845947,0.8767703485488891,1.6650094302495317,0,0,1,0,0.0,0,1.6071280241012573,-0.0053080120123922825,1.0048284530639648
2026-06-21T14:06:41.170208,350,1,-224141.34341921072,0,2,triangle_to_goal_obstacle,1.0483042001724243,1.9745980501174927,1.9745980501174927,2.0219105879465737,0.010233081877231598,0.17919234931468964,0.1371251791715622,0.22360770404338837,0.02255808562040329,0,1.1992347240447998,0.061910392045974705,2.430454553365707,0,1,0,0,-0.00013756752014160156,0,5.951730251312256,-0.001590987085364759,1.008354663848877
2026-06-21T14:06:48.439152,351,1,-225979.89915024643,0,2,triangle_to_goal_obstacle,1.0357997417449951,1.987013816833496,1.987013816833496,2.0363376140594482,0.0161589365452528,0.19034762680530548,0.1483096331357956,0.21929065883159637,0.04293031990528107,0,1.2065098285675049,0.06116923809051511,2.4429058345158894,0,1,0,0,-0.00017714500427246094,0,5.964271545410156,0.007076641079038382,1.0098819732666016
2026-06-21T14:06:55.559898,352,1,-230701.42834326142,0,2,triangle_to_goal_obstacle,1.0309356451034546,1.990975022315979,1.990975022315979,2.0410995483398438,0.012960396707057953,0.19415855407714844,0.15332888066768646,0.22819779813289642,0.04855567589402199,0,1.1869635581970215,0.06002906084060666,2.4458986830711362,0,1,0,0,0.0,0,5.969150543212891,0.007424632553011179,1.0110658407211304
2026-06-21T14:06:58.156616,353,1,-57887.77326162071,0,2,triangle_to_goal_obstacle,4.5991387367248535,4.5991530418396,4.5991530418396,0.07418298721313477,0.5015447735786438,0.22053343057632446,0.1660342812538147,0.25175514817237854,0.06474470347166061,0,1.2066303491592407,0.045410842895507786,0.8974933735529582,1,1,0,1,0.0,0,2.4008734226226807,0.001485288143157959,1.010433316230774
2026-06-21T14:07:00.797925,354,1,-61881.57867031016,0,2,triangle_to_goal_obstacle,4.370218276977539,4.370233535766602,4.370233535766602,0.12562207380930582,0.5076906681060791,0.22062742710113525,0.1660981923341751,0.2426990270614624,0.04554956033825874,0,0.9918123483657837,0.04733961939811704,0.6887773287296296,1,1,0,1,0.0,0,2.6297988891601562,0.00515902042388916,1.0111662149429321
2026-06-21T14:07:03.489046,355,1,-64826.42613796494,0,2,triangle_to_goal_obstacle,4.177104473114014,4.177118301391602,4.177118301391602,0.26763254404067993,0.5355492234230042,0.22057099640369415,0.16402676701545715,0.27849912643432617,0.04486595466732979,0,0.8016334772109985,0.0453495395183563,0.5249741486708323,1,1,0,1,0.0,0,2.8229105472564697,0.002603391883894801,1.0107556581497192
2026-06-21T14:07:06.659008,356,1,-80604.92396834865,0,2,triangle_to_goal_obstacle,3.64870548248291,3.6487319469451904,3.6487319469451904,0.36589308579762775,0.5264632105827332,0.22067272663116455,0.1627427488565445,0.3145797550678253,0.040410399436950684,0,0.6312580108642578,0.049867571592330906,0.22916446248690284,1,3,0,1,0.0,0,3.351311445236206,-0.001839498640038073,1.0109509229660034
2026-06-21T14:07:09.636151,357,1,-79752.43268584686,0,2,triangle_to_goal_obstacle,3.5796494483947754,3.57966685295105,3.57966685295105,0.33112823963165283,0.5471700429916382,0.22064073383808136,0.16498808562755585,0.3097599744796753,0.05040678754448891,0,0.6977097392082214,0.048721761703491184,0.22925439596176145,1,3,0,1,0.0,0,3.42037034034729,-0.005091190338134766,1.0107218027114868
2026-06-21T14:07:16.658343,358,1,-35937.874306780584,0,2,triangle_to_goal_obstacle,5.559535503387451,5.559537410736084,5.559537410736084,0.03864375750223795,0.49276652932167053,0.2201283723115921,0.20913803577423096,0.2543668746948242,0.03551938012242317,0,1.2073709964752197,1.046557993888855,1.828816901842753,0,0,1,0,0.0,0,1.440468192100525,-0.004050771240144968,1.0050791501998901
2026-06-21T14:07:23.827979,359,1,-223789.10896356503,0,2,triangle_to_goal_obstacle,1.047558307647705,1.975562572479248,1.975562572479248,2.0244258642196655,0.012330837547779083,0.17972226440906525,0.13851703703403473,0.2604272663593292,0.036689650267362595,0,1.1940044164657593,0.06194368124008176,2.431042066415151,0,1,0,0,0.0,0,5.952480792999268,0.0024575788993388414,1.0087147951126099
2026-06-21T14:07:31.139297,360,1,-227405.89313175707,0,2,triangle_to_goal_obstacle,1.0314611196517944,1.9912976026535034,1.9912976026535034,2.045194665590922,0.007670776452869177,0.19384874403476715,0.15253515541553497,0.2408689260482788,0.030837515369057655,0,1.2186490297317505,0.06119910001754758,2.447783898512522,0,1,0,0,0.0,0,5.968583583831787,0.0006489555235020816,1.0095816850662231
2026-06-21T14:07:38.340034,361,1,-230537.6915632776,0,2,triangle_to_goal_obstacle,1.0296880006790161,1.9924726486206055,1.9924726486206055,2.0418123801549277,0.00877742376178503,0.19552451372146606,0.15370643138885498,0.24846862256526947,0.03960193321108818,0,1.2075766324996948,0.06016665816307065,2.4483308804035184,0,1,0,0,-8.45193862915039e-05,0,5.970395565032959,0.007385273929685354,1.0108412504196167
2026-06-21T14:07:40.941373,362,1,-60188.259333920956,0,2,triangle_to_goal_obstacle,4.481013298034668,4.481032848358154,4.481032848358154,0.036490559577941895,0.5061885714530945,0.22059814631938934,0.16433942317962646,0.28277331590652466,0.06728894263505936,0,1.1477683782577515,0.04692527770996091,0.7874427350362142,1,1,0,1,0.0,0,2.5189998149871826,-0.00185283028986305,1.0108305215835571
2026-06-21T14:07:43.540909,363,1,-63776.86513411986,0,2,triangle_to_goal_obstacle,4.341239929199219,4.341253757476807,4.341253757476807,0.14792533715566,0.5283684730529785,0.2205359786748886,0.16470108926296234,0.26856571435928345,0.04485907778143883,0,0.9632512927055359,0.04428774237632749,0.6627282313505808,1,1,0,1,0.0,0,2.6587727069854736,0.00020891427993774414,1.0102914571762085
2026-06-21T14:07:46.413314,364,1,-72086.79984586248,0,2,triangle_to_goal_obstacle,3.9585049152374268,3.9585354328155518,3.9585354328155518,0.3837892214457194,0.5119207501411438,0.22072863578796387,0.16415880620479584,0.30197903513908386,0.04755358025431633,0,0.6092410087585449,0.049029887914657566,0.35863165179888407,1,1,0,1,0.0,0,3.041513442993164,-0.005288759712129831,1.0108333826065063
2026-06-21T14:07:49.411008,365,1,-78005.80652348159,0,2,triangle_to_goal_obstacle,3.647233724594116,3.6472482681274414,3.6472482681274414,0.3606935938199361,0.5408229231834412,0.22055727243423462,0.16276554763317108,0.30723410844802856,0.05647003650665283,0,0.6378964781761169,0.04897567749023435,0.2325253399213155,1,3,0,1,0.0,0,3.3527824878692627,-0.002166370628401637,1.0106745958328247
2026-06-21T14:07:56.386510,366,1,-46121.39940126716,0,2,triangle_to_goal_obstacle,5.054418087005615,5.054419040679932,5.054419040679932,0.1168125073115031,0.5163410305976868,0.22012794017791748,0.2089558243751526,0.256836473941803,0.057274311780929565,0,1.1948328018188477,0.4505719256401062,1.3335880748430888,0,0,1,0,0.0,0,1.9455863237380981,-0.004762470722198486,1.004808783531189
2026-06-21T14:08:03.638207,367,1,-225396.60196933954,0,2,triangle_to_goal_obstacle,1.0493831634521484,1.973412036895752,1.973412036895752,2.0238518714904785,0.013804729096591473,0.1783544421195984,0.13677017390727997,0.2585754990577698,0.046463239938020706,0,1.1880617141723633,0.061724067926406834,2.4286957792441046,0,1,0,0,-0.00017559528350830078,0,5.950656890869141,-0.0008760293130762875,1.009130835533142
2026-06-21T14:08:11.116806,368,1,-227737.22027463926,0,2,triangle_to_goal_obstacle,1.0364830493927002,1.9861994981765747,1.9861994981765747,2.0389281113942466,0.011232920922338963,0.18966631591320038,0.14918018877506256,0.2546674311161041,0.03176579996943474,0,1.1793019771575928,0.06104353189468381,2.4407273046175635,0,1,0,0,-0.00014281272888183594,0,5.9635748863220215,0.0037714242935180664,1.0102927684783936
2026-06-21T14:08:14.748025,369,1,-107318.15805060137,0,2,triangle_to_goal_obstacle,3.0211410522460938,3.0212059020996094,3.0212059020996094,0.10310955842336018,0.5117342472076416,0.22127096354961395,0.16513945162296295,0.2927984297275543,0.04035558924078941,0,1.201150894165039,0.049960167407989475,0.5423437269528707,1,1,0,1,0.0,0,3.9789798259735107,0.02490844391286373,1.0104597806930542
2026-06-21T14:08:18.143991,370,1,-97822.94275727068,0,2,triangle_to_goal_obstacle,2.9943888187408447,2.994420051574707,2.994420051574707,0.13010549545288086,0.5376943349838257,0.22067326307296753,0.16370515525341034,0.301965594291687,0.05374625325202942,0,1.2105666399002075,0.0486589980125427,0.565022976398468,1,1,0,1,0.0,0,4.005631446838379,0.0029037792701274157,1.010628342628479
2026-06-21T14:08:25.200777,371,1,-38671.39575302212,0,2,triangle_to_goal_obstacle,5.396853923797607,5.39685583114624,5.39685583114624,0.024565815925598145,0.5061714053153992,0.22031976282596588,0.2106924206018448,0.2270764708518982,0.03767664358019829,0,1.2090723514556885,0.9009163093566894,1.6699268531799314,0,0,1,0,0.0,0,1.6031579971313477,0.010280251502990723,1.0047248601913452
2026-06-21T14:08:32.350327,372,1,-223770.15257056398,0,2,triangle_to_goal_obstacle,1.0494858026504517,1.9736294746398926,1.9736294746398926,2.0279273986816406,0.010789550840854645,0.17807571589946747,0.13681337237358093,0.2694866359233856,0.04371219500899315,0,1.21876859664917,0.061894477605819676,2.4303845576445258,0,1,0,0,0.0,0,5.950547695159912,0.000625908374786377,1.0083562135696411
2026-06-21T14:08:39.482127,373,1,-226131.63595397904,0,2,triangle_to_goal_obstacle,1.0347265005111694,1.9879027605056763,1.9879027605056763,2.036884824434916,0.010607422329485416,0.1908857375383377,0.14958035945892334,0.27729669213294983,0.03755706921219826,0,1.1924861669540405,0.061150164604186985,2.443148941993713,0,1,0,0,0.0,0,5.9653167724609375,-6.415446841856465e-05,1.0094605684280396
2026-06-21T14:08:46.743782,374,1,-230185.13206242418,0,2,triangle_to_goal_obstacle,1.0373440980911255,1.9847512245178223,1.9847512245178223,2.031683405240377,0.012498210184276104,0.18856234848499298,0.14922772347927094,0.3098677098751068,0.05520639941096306,0,1.2010701894760132,0.06008246660232541,2.4403850150108335,0,1,0,0,0.0,0,5.962734222412109,0.007479330059140921,1.0103203058242798
2026-06-21T14:08:49.292980,375,1,-60912.87359691212,0,2,triangle_to_goal_obstacle,4.51358699798584,4.513604640960693,4.513604640960693,0.019706885019938152,0.48406878113746643,0.22060823440551758,0.16591612994670868,0.2622254192829132,0.04783741757273674,0,1.1678303480148315,0.04925397157669065,0.8195271404584249,1,1,0,1,0.0,0,2.4864284992218018,-0.004734396934509277,1.0107835531234741
2026-06-21T14:08:51.964552,376,1,-65381.327907913845,0,2,triangle_to_goal_obstacle,4.3149285316467285,4.314943790435791,4.314943790435791,0.1685827374458313,0.5114855170249939,0.22072279453277588,0.1641073226928711,0.2879008948802948,0.059482842683792114,0,0.9472978115081787,0.04694077491760251,0.6406695954004923,1,1,0,1,0.0,0,2.6850979328155518,-0.011085808277130127,1.0102109909057617
2026-06-21T14:08:54.770365,377,1,-69348.07864394734,0,2,triangle_to_goal_obstacle,4.062716484069824,4.0627336502075195,4.0627336502075195,0.3371543089548747,0.5156477093696594,0.2205462008714676,0.16352154314517975,0.30411067605018616,0.0410471148788929,0,0.6845404505729675,0.04891401648521421,0.43702844897905985,1,1,0,1,0.0,0,2.9372971057891846,0.001234034658409655,1.0103435516357422
2026-06-21T14:08:57.637847,378,1,-73648.8735998191,0,2,triangle_to_goal_obstacle,3.7978575229644775,3.797882080078125,3.797882080078125,0.39846165974934894,0.5178013443946838,0.22058607637882233,0.16402225196361542,0.29575881361961365,0.055992912501096725,0,0.6045691967010498,0.04937458157539365,0.2780895642439524,1,1,0,1,0.0,0,3.2021572589874268,-0.003413597820326686,1.010054349899292
2026-06-21T14:09:01.071059,379,1,-92077.68031982405,0,2,triangle_to_goal_obstacle,3.1443777084350586,3.1444995403289795,3.1444995403289795,0.026325027147928875,0.5719655156135559,0.22171707451343536,0.1652611643075943,0.2972675859928131,0.059605080634355545,0,1.156997561454773,0.04848128676414487,0.44538402676582334,1,1,0,1,0.0,0,3.8559024333953857,0.04067043587565422,1.0104073286056519
2026-06-21T14:09:08.335871,380,1,-39622.50629992116,0,2,triangle_to_goal_obstacle,5.391586780548096,5.391591548919678,5.391591548919678,0.08937283356984456,0.5147861242294312,0.22017095983028412,0.20975053310394287,0.24006688594818115,0.04273052513599396,0,1.204441785812378,0.8195010137557983,1.6633944622675576,0,0,1,0,0.0,0,1.6084175109863281,0.005250891204923391,1.0044817924499512
2026-06-21T14:09:16.042233,381,1,-223161.42272417533,0,2,triangle_to_goal_obstacle,1.0493321418762207,1.9740837812423706,1.9740837812423706,2.022049347559611,0.012467370368540287,0.17834371328353882,0.13679583370685577,0.27827319502830505,0.04577517509460449,0,1.2017481327056885,0.062177689075469944,2.429913829962412,0,1,0,0,-9.918212890625e-05,0,5.950710296630859,0.0044765472412109375,1.0083152055740356
2026-06-21T14:09:23.208223,382,1,-227070.62908604436,0,2,triangle_to_goal_obstacle,1.0394521951675415,1.9833182096481323,1.9833182096481323,2.031757116317749,0.015308897942304611,0.18689996004104614,0.14684268832206726,0.29590746760368347,0.039131950587034225,0,1.1946213245391846,0.06118038415908811,2.4386778585116065,0,1,0,0,0.0,0,5.960612773895264,0.005928913597017527,1.0099883079528809
2026-06-21T14:09:30.328602,383,1,-230040.5696042467,0,2,triangle_to_goal_obstacle,1.0294567346572876,1.9926806688308716,1.9926806688308716,2.0437742869059243,0.013420027680695057,0.19547243416309357,0.15529882907867432,0.3015397787094116,0.05200005695223808,0,1.2122230529785156,0.06012258052825925,2.448782693545023,0,1,0,0,0.0,0,5.970625400543213,0.0069771409034729,1.0109776258468628
2026-06-21T14:09:32.892170,384,1,-59773.44984460791,0,2,triangle_to_goal_obstacle,4.54019021987915,4.540205001831055,4.540205001831055,0.02224433422088623,0.4861425459384918,0.22051845490932465,0.16511447727680206,0.27044054865837097,0.046155642718076706,0,1.196610689163208,0.04775148749351499,0.8430951845645905,1,1,0,1,0.0,0,2.4598217010498047,-0.0011806885013356805,1.0102781057357788
2026-06-21T14:09:35.553424,385,1,-63864.664802476604,0,2,triangle_to_goal_obstacle,4.319496154785156,4.319509506225586,4.319509506225586,0.16793912649154663,0.4964327812194824,0.220560684800148,0.16454912722110748,0.2872174084186554,0.03728729113936424,0,0.9344897270202637,0.04957252860069272,0.6451222113768259,1,1,0,1,0.0,0,2.6805202960968018,0.005318284034729004,1.0105862617492676
2026-06-21T14:09:38.341582,386,1,-69321.12277391342,0,2,triangle_to_goal_obstacle,4.069421291351318,4.069436073303223,4.069436073303223,0.3324137528737386,0.517955482006073,0.22058294713497162,0.1629226952791214,0.3296651542186737,0.05333873629570007,0,0.7004987001419067,0.047957659959793064,0.43951801578203836,1,1,0,1,0.0,0,2.930598258972168,-0.0077176690101623535,1.0100383758544922
2026-06-21T14:09:41.362686,387,1,-79081.19728370759,0,2,triangle_to_goal_obstacle,3.671891689300537,3.6719048023223877,3.6719048023223877,0.3713377118110657,0.5482547879219055,0.22047416865825653,0.16085068881511688,0.3398294448852539,0.045769382268190384,0,0.6418676376342773,0.046780915260314915,0.2335542551676432,1,3,0,1,0.0,0,3.3281214237213135,-0.0027427871245890856,1.009374976158142
2026-06-21T14:09:48.712161,388,1,-50442.090341790434,0,2,triangle_to_goal_obstacle,4.840562343597412,4.840564250946045,4.840564250946045,0.08670250574747722,0.5244799256324768,0.2201503962278366,0.1980448216199875,0.286050409078598,0.06199948489665985,0,1.1976523399353027,0.2694369268417358,1.1271861505508423,0,1,0,0,0.0,0,2.1594433784484863,-0.006011744495481253,1.0042842626571655
2026-06-21T14:09:55.899678,389,1,-225386.70191969644,0,2,triangle_to_goal_obstacle,1.0451679229736328,1.9781910181045532,1.9781910181045532,2.0256516138712564,0.012100151740014553,0.181891068816185,0.14222759008407593,0.32350876927375793,0.0484752357006073,0,1.1993303298950195,0.06213325381278989,2.4338646344343817,0,1,0,0,-5.543231964111328e-05,0,5.954869747161865,0.00037900605821050704,1.0088590383529663
2026-06-21T14:10:03.135722,390,1,-227465.75324965647,0,2,triangle_to_goal_obstacle,1.0397249460220337,1.9829412698745728,1.9829412698745728,2.0304505427678428,0.010499528609216213,0.18669889867305756,0.14587239921092987,0.31618940830230713,0.04307670518755913,0,1.197727084159851,0.06103673696517942,2.438462447325388,0,1,0,0,-8.96453857421875e-05,0,5.960332870483398,0.0037264227867126465,1.0103105306625366
2026-06-21T14:10:06.863164,391,1,-108044.18748895623,0,2,triangle_to_goal_obstacle,3.0342822074890137,3.0343024730682373,3.0343024730682373,0.08934215704600017,0.5350498557090759,0.22091060876846313,0.16181541979312897,0.35076868534088135,0.049182940274477005,0,1.2071269750595093,0.04515990734100339,0.5294158967336019,1,1,0,1,0.0,0,3.965808153152466,-0.021583518013358116,1.009081244468689
2026-06-21T14:10:10.046095,392,1,-89649.30166054558,0,2,triangle_to_goal_obstacle,3.3875045776367188,3.3875157833099365,3.3875157833099365,0.20846722523371378,0.5575724244117737,0.22098959982395172,0.1653771698474884,0.3179175555706024,0.06548801064491272,0,0.8722752928733826,0.04755196094512937,0.28477385759353635,1,1,0,1,0.0,0,3.6125824451446533,-0.0226761307567358,1.0086874961853027
2026-06-21T14:10:13.381232,393,1,-94194.37781572728,0,2,triangle_to_goal_obstacle,2.8770339488983154,2.8770511150360107,2.8770511150360107,0.23529954751332602,0.5764947533607483,0.22050589323043823,0.16298027336597443,0.3221312165260315,0.03233220428228378,0,1.1874488592147827,0.04901108264923093,0.6623878987630208,1,1,0,1,0.0,0,4.122982501983643,0.0022467374801635742,1.0094964504241943
2026-06-21T14:10:20.457848,394,1,-30536.510361837118,0,2,triangle_to_goal_obstacle,5.927774429321289,5.927776336669922,5.927776336669922,0.03195591767628988,0.4861343801021576,0.22007553279399872,0.21060818433761597,0.220143124461174,0.0360909178853035,0,1.1912944316864014,1.4197098922729492,2.18952740351359,0,0,1,0,0.0,0,1.0722273588180542,0.00017265479255001992,1.0043481588363647
2026-06-21T14:10:27.640204,395,1,-222847.2722326907,0,2,triangle_to_goal_obstacle,1.0476480722427368,1.9758310317993164,1.9758310317993164,2.0265157222747803,0.012886442244052887,0.1800014227628708,0.13834168016910553,0.31995588541030884,0.040206797420978546,0,1.1879551410675049,0.062230558395385716,2.4309086513519285,0,1,0,0,-0.00016164779663085938,0,5.95239782333374,0.006006518844515085,1.0077539682388306
2026-06-21T14:10:34.887786,396,1,-226271.49188460782,0,2,triangle_to_goal_obstacle,1.0332390069961548,1.9896856546401978,1.9896856546401978,2.037813981374105,0.01134543027728796,0.19255225360393524,0.15235643088817596,0.3126709461212158,0.0394631028175354,0,1.1957268714904785,0.06139493107795713,2.445018590688705,0,1,0,0,-0.00016164779663085938,0,5.966827869415283,0.004609584808349609,1.0108195543289185
2026-06-21T14:10:42.017641,397,1,-230276.26835200534,0,2,triangle_to_goal_obstacle,1.0372536182403564,1.985067367553711,1.985067367553711,2.0363020499547324,0.011825772933661938,0.18900711834430695,0.14844344556331635,0.31707343459129333,0.03806978836655617,0,1.183858036994934,0.06043413400650022,2.439815115133921,0,1,0,0,-0.0002079010009765625,0,5.962818622589111,0.0036065776366740465,1.0116924047470093
2026-06-21T14:10:44.724192,398,1,-63258.13884414102,0,2,triangle_to_goal_obstacle,4.404448986053467,4.404467582702637,4.404467582702637,0.09953471024831136,0.48416510224342346,0.2205638885498047,0.1632009744644165,0.31655681133270264,0.05726638436317444,0,1.0500520467758179,0.049659134149551365,0.7195502332846324,1,1,0,1,0.0,0,2.595564842224121,0.004094719886779785,1.01022469997406
2026-06-21T14:10:47.486535,399,1,-67549.28855470128,0,2,triangle_to_goal_obstacle,4.1358642578125,4.135881423950195,4.135881423950195,0.30248703559239704,0.5323999524116516,0.22050215303897858,0.16283686459064484,0.32264864444732666,0.035864587873220444,0,0.7438004612922668,0.046972544193267796,0.4877783370018005,1,1,0,1,0.0,0,2.864147424697876,-0.00014728307723999023,1.009631633758545
2026-06-21T14:10:50.410988,400,1,-76463.15431118026,0,2,triangle_to_goal_obstacle,3.7425425052642822,3.74255633354187,3.74255633354187,0.3959386348724365,0.5271251201629639,0.22047941386699677,0.16200923919677734,0.3434394598007202,0.04729883372783661,0,0.6056111454963684,0.0489799094200134,0.2485553137461344,1,2,0,1,0.0,0,3.2574803829193115,-0.009039382450282574,1.0094813108444214
2026-06-21T14:10:53.525135,401,1,-82502.31395231144,0,2,triangle_to_goal_obstacle,3.508671760559082,3.508704900741577,3.508704900741577,0.28976186116536456,0.5651105046272278,0.22911149263381958,0.17601771652698517,0.32264354825019836,0.04226968064904213,0,0.7536319494247437,0.046240509748458836,0.24460804581642148,1,2,0,1,0.0,0,3.491349935531616,0.008551220409572124,1.0088766813278198
2026-06-21T14:10:56.526005,402,1,-82745.13400961283,0,2,triangle_to_goal_obstacle,3.3569178581237793,3.3569765090942383,3.3569765090942383,0.1849883794784546,0.5608564615249634,0.22073577344417572,0.16212765872478485,0.3466242253780365,0.05495055392384529,0,0.9197067618370056,0.049337149858474705,0.3128344428539276,1,1,0,1,0.0,0,3.6431286334991455,0.015033026225864887,1.0093363523483276
2026-06-21T14:11:03.640293,403,1,-34917.80555661802,0,2,triangle_to_goal_obstacle,5.640261173248291,5.640269756317139,5.640269756317139,0.012066920598347982,0.5011522769927979,0.22015708684921265,0.21009892225265503,0.23795513808727264,0.0338449664413929,0,1.1978569030761719,1.15412446975708,1.9075205039978025,0,0,1,0,0.0,0,1.3597407341003418,0.0011506875744089484,1.0042999982833862
2026-06-21T14:11:10.919201,404,1,-223769.58334093343,0,2,triangle_to_goal_obstacle,1.0422855615615845,1.9810504913330078,1.9810504913330078,2.0306931734085083,0.01836446113884449,0.1846013069152832,0.14378556609153748,0.3268689215183258,0.041428420692682266,0,1.2064241170883179,0.06221860766410825,2.4371064118544257,0,1,0,0,-0.00018203258514404297,0,5.957767486572266,0.006268123630434275,1.0084401369094849
2026-06-21T14:11:18.108569,405,1,-225987.70602952997,0,2,triangle_to_goal_obstacle,1.0333226919174194,1.9895321130752563,1.9895321130752563,2.0452359914779663,0.015455513261258602,0.19241486489772797,0.15215767920017242,0.3256406784057617,0.046847909688949585,0,1.2234455347061157,0.06130904078483579,2.446260890563329,0,1,0,0,-3.516674041748047e-05,0,5.966732025146484,0.0030587315559387207,1.010186791419983
2026-06-21T14:11:25.212785,406,1,-229542.96155415327,0,2,triangle_to_goal_obstacle,1.0335712432861328,1.9884366989135742,1.9884366989135742,2.0392982562383017,0.01335833128541708,0.1922026127576828,0.15229155123233795,0.3065395951271057,0.04763394966721535,0,1.2115164995193481,0.060309113264083836,2.4446851821740467,0,1,0,0,-0.0002695322036743164,0,5.9665045738220215,-0.004733006004244089,1.011583924293518
2026-06-21T14:11:27.865368,407,1,-63588.556232898736,0,2,triangle_to_goal_obstacle,4.419937610626221,4.419955730438232,4.419955730438232,0.08712021509806316,0.5024172067642212,0.22054745256900787,0.16269434988498688,0.3197021186351776,0.04751997068524361,0,1.0702173709869385,0.047707558870315525,0.7352019759019216,1,1,0,1,0.0,0,2.5800750255584717,0.004077255725860596,1.0099514722824097
2026-06-21T14:11:30.694646,408,1,-71306.17486668965,0,2,triangle_to_goal_obstacle,4.035750865936279,4.035770893096924,4.035770893096924,0.3592665394147237,0.5050025582313538,0.22052641212940216,0.1626623123884201,0.33633682131767273,0.04541529715061188,0,0.6621469855308533,0.04839259505271909,0.41031034906705216,1,1,0,1,0.0,0,2.9642608165740967,0.0011054674396291375,1.0096873044967651
2026-06-21T14:11:34.852988,409,1,-75903.9036198831,0,2,triangle_to_goal_obstacle,3.759671688079834,3.759685754776001,3.759685754776001,0.39429376522699994,0.5397260785102844,0.22044384479522705,0.16067908704280853,0.35998690128326416,0.05252426490187645,0,0.6059102416038513,0.045788557529449436,0.2578913879394531,1,1,0,1,0.0,0,3.2403392791748047,0.0023962061386555433,1.0087566375732422
2026-06-21T14:11:38.322522,410,1,-78463.52174869728,0,2,triangle_to_goal_obstacle,3.629286050796509,3.6293094158172607,3.6293094158172607,0.3646099766095479,0.5366419553756714,0.22051994502544403,0.16182714700698853,0.35382935404777527,0.0533694289624691,0,0.6482930779457092,0.04954654097557065,0.22393373767534888,1,3,0,1,0.0,0,3.3707287311553955,-0.004938960075378418,1.0091217756271362
2026-06-21T14:11:45.546075,411,1,-51898.996870014475,0,2,triangle_to_goal_obstacle,4.7882914543151855,4.788293361663818,4.788293361663818,0.06287288665771484,0.5241975784301758,0.2200690358877182,0.19405119121074677,0.28817319869995117,0.03465971350669861,0,1.19129478931427,0.24551233768463132,1.077004443804423,0,1,0,0,0.0,0,2.2117104530334473,0.001505990861915052,1.0039095878601074
2026-06-21T14:11:52.738899,412,1,-223824.8832834317,0,2,triangle_to_goal_obstacle,1.044456958770752,1.978920817375183,1.978920817375183,2.027003010114034,0.01638782024383545,0.18258284032344818,0.14157283306121826,0.3092615604400635,0.035387080162763596,0,1.202138066291809,0.06217518568038938,2.434743355909983,0,1,0,0,-0.00010526180267333984,0,5.955581188201904,-0.0013817747822031379,1.0088127851486206
2026-06-21T14:11:59.861210,413,1,-227165.49788822842,0,2,triangle_to_goal_obstacle,1.03336501121521,1.9893208742141724,1.9893208742141724,2.038081963857015,0.015059009194374084,0.19213998317718506,0.15076462924480438,0.30595293641090393,0.030638739466667175,0,1.1932687759399414,0.061087073087692234,2.4445509525140126,0,1,0,0,-2.384185791015625e-06,0,5.966685771942139,-0.00041379532194696367,1.0102323293685913
2026-06-21T14:12:03.833408,414,1,-111210.29629683564,0,2,triangle_to_goal_obstacle,2.900003671646118,2.9000251293182373,2.9000251293182373,0.21016597747802734,0.5351686477661133,0.22046880424022675,0.16222335398197174,0.32866594195365906,0.06578154116868973,0,1.202340841293335,0.046402544975280735,0.6430260848999023,1,1,0,1,0.0,0,4.100008487701416,0.0010648170718923211,1.0082775354385376
2026-06-21T14:12:07.415463,415,1,-100565.4894303494,0,2,triangle_to_goal_obstacle,2.838690996170044,2.838721513748169,2.838721513748169,0.27388302485148114,0.5903305411338806,0.22055889666080475,0.16136905550956726,0.35089072585105896,0.058743517845869064,0,1.2225350141525269,0.0442915868759155,0.6986747694015504,1,1,0,1,0.0,0,4.161327362060547,-0.006352325435727835,1.007981300354004
2026-06-21T14:12:14.428156,416,1,-37471.1835026855,0,2,triangle_to_goal_obstacle,5.4931206703186035,5.493122577667236,5.493122577667236,0.03567500909169515,0.4984431564807892,0.22007699310779572,0.20941108465194702,0.2558428645133972,0.04535524174571037,0,1.1904702186584473,0.9811198425292968,1.7623099994659421,0,0,1,0,0.0,0,1.5068811178207397,-0.001264552236534655,1.0041755437850952
2026-06-21T14:12:21.548960,417,1,-224097.80091783614,0,2,triangle_to_goal_obstacle,1.0446223020553589,1.9787589311599731,1.9787589311599731,2.0275670687357583,0.007196249905973673,0.18233038485050201,0.1400572508573532,0.2920578718185425,0.05964481830596924,0,1.2040390968322754,0.06218630194663999,2.4346825293699896,0,1,0,0,0.0,0,5.955413818359375,-0.00139617919921875,1.0085668563842773
2026-06-21T14:12:28.661077,418,1,-225930.97431242556,0,2,triangle_to_goal_obstacle,1.0354962348937988,1.9870842695236206,1.9870842695236206,2.0358505249023438,0.020554425194859505,0.1906682252883911,0.1494058072566986,0.27751001715660095,0.051935870200395584,0,1.1930737495422363,0.06120205044746396,2.442423642873764,0,1,0,0,-0.00036454200744628906,0,5.964572906494141,-0.006029883865267038,1.0103387832641602
2026-06-21T14:12:35.803137,419,1,-229338.0773587718,0,2,triangle_to_goal_obstacle,1.0269994735717773,1.9951778650283813,1.9951778650283813,2.0427579482396445,0.010064429603517056,0.1977940946817398,0.15627752244472504,0.30127885937690735,0.05963819846510887,0,1.1962705850601196,0.060310156345367405,2.4504866512616474,0,1,0,0,-0.00012373924255371094,0,5.973063945770264,0.0018277367344126105,1.0112675428390503
2026-06-21T14:12:38.393573,420,1,-63190.01334948509,0,2,triangle_to_goal_obstacle,4.406191349029541,4.406216144561768,4.406216144561768,0.1027081807454427,0.5141520500183105,0.22057609260082245,0.16344577074050903,0.31248605251312256,0.01956542767584324,0,1.0247567892074585,0.0470841836929321,0.7189457925160726,1,1,0,1,0.0,0,2.5938193798065186,0.0006477435235865414,1.009856104850769
2026-06-21T14:12:41.155392,421,1,-65583.03503608065,0,2,triangle_to_goal_obstacle,4.221199035644531,4.221219062805176,4.221219062805176,0.23913339773813883,0.5090060830116272,0.22051702439785004,0.1618133783340454,0.3418661653995514,0.039313409477472305,0,0.81791752576828,0.046504826545715305,0.561877539952596,1,1,0,1,0.0,0,2.7788116931915283,-0.0019975502509623766,1.009302020072937
2026-06-21T14:12:44.007627,422,1,-73861.01730654048,0,2,triangle_to_goal_obstacle,3.9215407371520996,3.921555280685425,3.921555280685425,0.38906510670979816,0.5078205466270447,0.22046755254268646,0.162736713886261,0.34314385056495667,0.04424377158284187,0,0.6143923401832581,0.04867795228958127,0.3376928679148356,1,1,0,1,0.0,0,3.0784714221954346,0.0030657846946269274,1.0092973709106445
2026-06-21T14:12:47.335539,423,1,-90752.7088532153,0,2,triangle_to_goal_obstacle,3.290703535079956,3.2907307147979736,3.2907307147979736,0.13209688663482666,0.5427328944206238,0.22051119804382324,0.16246484220027924,0.3386504650115967,0.030729642137885094,0,0.9998443126678467,0.04849800586700437,0.3398135415712992,1,1,0,1,0.0,0,3.709322690963745,-0.009566068649291992,1.0090233087539673
2026-06-21T14:12:54.367765,424,1,-40715.61422655463,0,2,triangle_to_goal_obstacle,5.326979160308838,5.32698392868042,5.32698392868042,0.0902419884999593,0.5050827860832214,0.22010491788387299,0.20887725055217743,0.26789531111717224,0.05185992643237114,0,1.2178839445114136,0.7612092208862304,1.6015042177836099,0,0,1,0,0.0,0,1.673022747039795,-0.0009772777557373047,1.004228115081787
2026-06-21T14:13:01.618946,425,1,-224378.7432824242,0,2,triangle_to_goal_obstacle,1.0429123640060425,1.9802979230880737,1.9802979230880737,2.02822216351827,0.019433284178376198,0.184128999710083,0.14392590522766113,0.3210870325565338,0.03619082272052765,0,1.197399377822876,0.062070460319519016,2.435909361839294,0,1,0,0,-0.00034224987030029297,0,5.957128047943115,-0.0016955932369455695,1.0090241432189941
2026-06-21T14:13:09.087058,426,1,-226145.2723809191,0,2,triangle_to_goal_obstacle,1.03876531124115,1.9838824272155762,1.9838824272155762,2.034653385480245,0.003202610881999135,0.18752874433994293,0.1472705751657486,0.28254079818725586,0.045737843960523605,0,1.2103873491287231,0.06118169546127317,2.440086872577667,0,1,0,0,-1.609325408935547e-05,0,5.961289882659912,0.0016754468670114875,1.0105805397033691
2026-06-21T14:13:17.002357,427,1,-229483.28344871016,0,2,triangle_to_goal_obstacle,1.036589503288269,1.985547423362732,1.985547423362732,2.0364654858907065,0.016461331397294998,0.18939107656478882,0.14879778027534485,0.29825276136398315,0.04580133035778999,0,1.2114152908325195,0.060243428945541355,2.4417390040556586,0,1,0,0,-0.00014793872833251953,0,5.963476181030273,0.0022400617599487305,1.0114502906799316
2026-06-21T14:13:19.670784,428,1,-63503.6408062112,0,2,triangle_to_goal_obstacle,4.441715240478516,4.441733360290527,4.441733360290527,0.06901586055755615,0.49309706687927246,0.2205507606267929,0.16342751681804657,0.3115720748901367,0.054642777889966965,0,1.0978740453720093,0.04907846570014951,0.7538033537069957,1,1,0,1,0.0,0,2.5582973957061768,-0.0010622143745422363,1.0104553699493408
2026-06-21T14:13:22.456541,429,1,-67471.4881265122,0,2,triangle_to_goal_obstacle,4.212715148925781,4.212731838226318,4.212731838226318,0.2482502063115438,0.49602484703063965,0.2205221801996231,0.16246464848518372,0.3385329246520996,0.03670084476470947,0,0.7989928722381592,0.04923439145088193,0.552133819659551,1,1,0,1,0.0,0,2.787297487258911,-0.0014671683311462402,1.0101451873779297
2026-06-21T14:13:25.448508,430,1,-75755.01545824677,0,2,triangle_to_goal_obstacle,3.8452610969543457,3.8452847003936768,3.8452847003936768,0.41089922189712524,0.5316748023033142,0.2205420583486557,0.16127879917621613,0.36995938420295715,0.05267554149031639,0,0.580790102481842,0.04766395807266233,0.2886569213867187,1,1,0,1,0.0,0,3.1547510623931885,-0.002917687175795436,1.0092107057571411
2026-06-21T14:13:28.787204,431,1,-92138.79098567281,0,2,triangle_to_goal_obstacle,3.2225780487060547,3.2226412296295166,3.2226412296295166,0.07545427481333415,0.5441288948059082,0.22074061632156372,0.16261236369609833,0.33703920245170593,0.024105185642838478,0,1.0567777156829834,0.0474845480918884,0.3869021646181742,1,1,0,1,0.0,0,3.7774765491485596,-0.01636294461786747,1.0091381072998047
2026-06-21T14:13:36.123218,432,1,-50271.45195232859,0,2,triangle_to_goal_obstacle,4.8413262367248535,4.841341495513916,4.841341495513916,0.07041569550832112,0.527010977268219,0.220200777053833,0.2036810666322708,0.2618400752544403,0.04227212071418762,0,1.2265287637710571,0.30284515142440793,1.1319369387626648,0,1,0,0,0.0,0,2.158674955368042,-0.00047938028001226485,1.0038992166519165
2026-06-21T14:13:43.426156,433,1,-223512.28519351684,0,2,triangle_to_goal_obstacle,1.0426907539367676,1.9805530309677124,1.9805530309677124,2.0288450717926025,0.009111832827329636,0.18405884504318237,0.14303721487522125,0.2943119704723358,0.05225667729973793,0,1.2029387950897217,0.062103719711303684,2.436431379318237,0,1,0,0,0.0,0,5.957346439361572,0.001520693302154541,1.008679747581482
2026-06-21T14:13:50.755003,434,1,-227689.42136156652,0,2,triangle_to_goal_obstacle,1.036386489868164,1.9862937927246094,1.9862937927246094,2.0365213553110757,0.01116217952221632,0.18968920409679413,0.14985142648220062,0.30383628606796265,0.06818601489067078,0,1.2089307308197021,0.06108367562294004,2.4423561306794483,0,1,0,0,-0.0001856088638305664,0,5.963673114776611,-0.004070302005857229,1.0103386640548706
2026-06-21T14:13:58.044043,435,1,-231637.056907202,0,2,triangle_to_goal_obstacle,1.0355186462402344,1.9864555597305298,1.9864555597305298,2.0341606934865317,0.008172591216862202,0.19001638889312744,0.15005771815776825,0.3089044988155365,0.04185369610786438,0,1.203150987625122,0.060048164129257176,2.442230384747187,0,1,0,0,0.0,0,5.964542388916016,-0.0007382233743555844,1.011210322380066
2026-06-21T14:14:07.916371,436,1,-89112.52294966689,0,2,triangle_to_goal_obstacle,4.164644241333008,4.1646623611450195,4.1646623611450195,0.2877037525177002,0.3334641754627228,0.2202744483947754,0.16331647336483002,0.33716022968292236,0.03150942176580429,0,0.7739298343658447,0.06202048182487485,0.5192938657601675,0,1,0,0,0.0,0,2.835360527038574,0.0027616024017333984,1.0058876276016235
2026-06-21T14:14:17.043654,437,1,-227738.5425292812,0,2,triangle_to_goal_obstacle,1.0386489629745483,1.984002947807312,1.984002947807312,2.0328691005706787,0.008691571652889252,0.1876325011253357,0.14676640927791595,0.3178716003894806,0.05591204762458801,0,1.2054131031036377,0.06140288829803464,2.440010002454122,0,1,0,0,0.0,0,5.961400985717773,0.002329309703782201,1.0099220275878906
2026-06-21T14:14:24.700534,438,1,-229466.3735679686,0,2,triangle_to_goal_obstacle,1.0357301235198975,1.9866700172424316,1.9866700172424316,2.0374565919240317,0.011013363488018513,0.19024991989135742,0.15062308311462402,0.3113422691822052,0.047062959522008896,0,1.2107470035552979,0.06067410230636594,2.4428228847185767,0,1,0,0,-0.0002225637435913086,0,5.964328765869141,-0.0008203188772313297,1.0110138654708862
2026-06-21T14:14:27.580291,439,1,-72960.09456611636,0,2,triangle_to_goal_obstacle,4.102301597595215,4.102315425872803,4.102315425872803,0.3152850071589152,0.5000438690185547,0.22050119936466217,0.1633121520280838,0.3171418011188507,0.032440707087516785,0,0.7083489894866943,0.047922463417053196,0.4656672390302022,1,1,0,1,0.0,0,2.897714376449585,0.0071774921379983425,1.0089292526245117
2026-06-21T14:14:30.889558,440,1,-94971.8972512758,0,2,triangle_to_goal_obstacle,3.320939064025879,3.3210792541503906,3.3210792541503906,0.15544289350509644,0.5441749095916748,0.2208477407693863,0.16434107720851898,0.3408909738063812,0.04809468984603882,0,0.9650759100914001,0.04794708013534543,0.3283306074142456,1,1,0,1,0.0,0,3.6792802810668945,-0.037293970584869385,1.008175015449524
2026-06-21T14:14:34.118988,441,1,-85904.50866064487,0,2,triangle_to_goal_obstacle,3.434717893600464,3.4347403049468994,3.4347403049468994,0.240179181098938,0.563403308391571,0.22118628025054932,0.16479410231113434,0.34480753540992737,0.05319051444530487,0,0.825038492679596,0.04858914136886594,0.2702635637919108,1,1,0,1,0.0,0,3.5653038024902344,-0.008646209724247456,1.0085989236831665
2026-06-21T14:14:41.147377,442,1,-45103.71700502813,0,2,triangle_to_goal_obstacle,5.143515586853027,5.1435160636901855,5.1435160636901855,0.1224745512008667,0.5194455981254578,0.2200496643781662,0.20911841094493866,0.26674094796180725,0.058777060359716415,0,1.1996310949325562,0.53211519241333,1.420419823328654,0,0,1,0,0.0,0,1.8564859628677368,0.0004358490405138582,1.003951907157898
2026-06-21T14:14:48.672971,443,1,-223212.57758402167,0,2,triangle_to_goal_obstacle,1.0487043857574463,1.974569320678711,1.974569320678711,2.022850235303243,0.011451400816440582,0.17875856161117554,0.1386939138174057,0.304338276386261,0.06458356976509094,0,1.1963309049606323,0.06219533205032346,2.4301857066154477,0,1,0,0,-3.2901763916015625e-05,0,5.951328277587891,8.539358532289043e-05,1.008273959159851
2026-06-21T14:14:55.748742,444,1,-227179.70843801709,0,2,triangle_to_goal_obstacle,1.03480064868927,1.988057255744934,1.988057255744934,2.0349179903666177,0.01927090622484684,0.19107194244861603,0.15214402973651886,0.3345586061477661,0.05001187324523926,0,1.199934482574463,0.06124439954757688,2.443609666029612,0,1,0,0,0.0,0,5.96528434753418,0.007174869533628225,1.0111591815948486
2026-06-21T14:15:02.895710,445,1,-229458.59789891823,0,2,triangle_to_goal_obstacle,1.0335036516189575,1.9883694648742676,1.9883694648742676,2.0401334365208945,0.013113043271005154,0.19209003448486328,0.15218202769756317,0.3325054943561554,0.04157823324203491,0,1.1810895204544067,0.06013861417770383,2.4430461239814756,0,1,0,0,0.0,0,5.966569423675537,-0.0006036360864527524,1.0122753381729126
2026-06-21T14:15:05.495312,446,1,-59234.83890159092,0,2,triangle_to_goal_obstacle,4.565457344055176,4.565476894378662,4.565476894378662,0.05087939898173014,0.5169088244438171,0.2205127328634262,0.1656767576932907,0.262685090303421,0.053241074085235596,0,1.2194546461105347,0.04549068331718442,0.8681940249602,1,1,0,1,0.0,0,2.434551954269409,-0.001247962354682386,1.0093940496444702
2026-06-21T14:15:08.149751,447,1,-65026.11486299617,0,2,triangle_to_goal_obstacle,4.295527935028076,4.295546054840088,4.295546054840088,0.18945149580637613,0.5193738341331482,0.2204999476671219,0.1630227118730545,0.3128214180469513,0.03807510435581207,0,0.900526762008667,0.04612320780754087,0.621359349489212,1,1,0,1,0.0,0,2.704482316970825,-0.00024781623505987227,1.0091480016708374
2026-06-21T14:15:11.000371,448,1,-71255.96950474814,0,2,triangle_to_goal_obstacle,3.962454080581665,3.962472677230835,3.962472677230835,0.37811869382858276,0.49844372272491455,0.22050559520721436,0.16280724108219147,0.3290444314479828,0.052178945392370224,0,0.6257321238517761,0.049225540161132786,0.365015815893809,1,1,0,1,0.0,0,3.0375592708587646,-0.004703640937805176,1.0091581344604492
2026-06-21T14:15:14.334883,449,1,-95645.72683631,0,2,triangle_to_goal_obstacle,3.140472888946533,3.140528678894043,3.140528678894043,0.006775299708048503,0.5507283806800842,0.22076864540576935,0.16329041123390198,0.3403162956237793,0.041759803891181946,0,1.1827120780944824,0.04728797197341916,0.4455298892656962,1,1,0,1,0.0,0,3.8595879077911377,-0.017509758472442627,1.0086383819580078
2026-06-21T14:15:21.412829,450,1,-38633.89741779976,0,2,triangle_to_goal_obstacle,5.452620029449463,5.4526214599609375,5.4526214599609375,0.0658794641494751,0.4938794672489166,0.2200716733932495,0.20886629819869995,0.26881930232048035,0.03816123679280281,0,1.1944631338119507,0.9057469081878662,1.722668460210164,0,0,1,0,0.0,0,1.5473819971084595,0.0015423496952280402,1.0041195154190063
2026-06-21T14:15:28.664444,451,1,-224572.69621514302,0,2,triangle_to_goal_obstacle,1.0501760244369507,1.9729080200195312,1.9729080200195312,2.0218116442362466,0.020234936848282814,0.1772962063550949,0.13574981689453125,0.3106027841567993,0.06270885467529297,0,1.204566478729248,0.061775000095367405,2.4289290022850034,0,1,0,0,-5.447864532470703e-05,0,5.949853420257568,0.004617810249328613,1.006353497505188
2026-06-21T14:15:35.886221,452,1,-225507.72821569527,0,2,triangle_to_goal_obstacle,1.0391119718551636,1.983718991279602,1.983718991279602,2.031767725944519,0.011563774198293686,0.18721270561218262,0.14801372587680817,0.3075307309627533,0.052580129355192184,0,1.196149230003357,0.06128829836845395,2.4391588779290516,0,1,0,0,-4.398822784423828e-05,0,5.960946559906006,0.0028173725586384535,1.010667324066162
2026-06-21T14:15:43.127155,453,1,-230195.57565112994,0,2,triangle_to_goal_obstacle,1.0322067737579346,1.9900407791137695,1.9900407791137695,2.0426133473714194,0.018402134999632835,0.1933504343032837,0.15341132879257202,0.3166932463645935,0.05367717519402504,0,1.1788415908813477,0.06030687808990476,2.4444603236516316,0,1,0,0,-0.00013267993927001953,0,5.967862606048584,0.0023887355346232653,1.0117233991622925
2026-06-21T14:15:45.865926,454,1,-64738.2479016726,0,2,triangle_to_goal_obstacle,4.4027323722839355,4.40275239944458,4.40275239944458,0.10672974586486816,0.4967133104801178,0.22055558860301971,0.16497232019901276,0.28772518038749695,0.04750630632042885,0,1.0161874294281006,0.04855394482612607,0.7157622388998668,1,1,0,1,0.0,0,2.5972797870635986,-0.0018984476337209344,1.00999116897583
2026-06-21T14:15:48.606222,455,1,-66910.07420981037,0,2,triangle_to_goal_obstacle,4.18787956237793,4.187898635864258,4.187898635864258,0.2652922074000041,0.5280461311340332,0.22054119408130646,0.16284097731113434,0.3210669457912445,0.05876198410987854,0,0.8037624955177307,0.04642069458961484,0.5309952310721079,1,1,0,1,0.0,0,2.8121347427368164,-0.006032029632478952,1.0090159177780151
2026-06-21T14:15:51.633561,456,1,-77311.09796352348,0,2,triangle_to_goal_obstacle,3.743028402328491,3.7430508136749268,3.7430508136749268,0.39261142412821454,0.5288296341896057,0.22050601243972778,0.16335861384868622,0.3309314548969269,0.046528760343790054,0,0.5976800918579102,0.049831779003143284,0.2504244955380757,1,2,0,1,0.0,0,3.256985664367676,0.004937410354614258,1.0090103149414062
2026-06-21T14:15:54.772707,457,1,-89075.61907888076,0,2,triangle_to_goal_obstacle,3.303072452545166,3.3032054901123047,3.3032054901123047,0.14368128776550293,0.5798496603965759,0.22069667279720306,0.16361339390277863,0.32701268792152405,0.07380528002977371,0,0.9598522186279297,0.04499983906745908,0.33487751205762223,1,1,0,1,0.0,0,3.697225570678711,-0.043741028755903244,1.0074849128723145
2026-06-21T14:16:02.123662,458,1,-42141.00720521982,0,2,triangle_to_goal_obstacle,5.245813369750977,5.245813846588135,5.245813846588135,0.10574928919474284,0.5095723271369934,0.2200685739517212,0.20956607162952423,0.2618357241153717,0.07590224593877792,0,1.2031549215316772,0.6546388578414917,1.5206870349248252,0,0,1,0,0.0,0,1.7541890144348145,0.003051797626540065,1.0041102170944214
2026-06-21T14:16:09.358853,459,1,-224562.94762161653,0,2,triangle_to_goal_obstacle,1.0385324954986572,1.9847135543823242,1.9847135543823242,2.0343679984410605,0.015989631414413452,0.18760164082050323,0.1481424868106842,0.3154435455799103,0.03966927155852318,0,1.2066177129745483,0.06199604392051694,2.440695525407791,0,1,0,0,-7.236003875732422e-05,0,5.961493015289307,-0.0005858142976649106,1.0072635412216187
2026-06-21T14:16:16.515264,460,1,-226562.74538337134,0,2,triangle_to_goal_obstacle,1.0385226011276245,1.9843549728393555,1.9843549728393555,2.038684129714966,0.006231039762496948,0.1878952980041504,0.1480560004711151,0.3175777196884155,0.0501091331243515,0,1.2195379734039307,0.06127879142761228,2.4409424972534177,0,1,0,0,-4.792213439941406e-05,0,5.961544036865234,0.001479069353081286,1.011673092842102
2026-06-21T14:16:23.723153,461,1,-231010.03813824567,0,2,triangle_to_goal_obstacle,1.0323083400726318,1.9898897409439087,1.9898897409439087,2.039939363797506,0.007685654330998659,0.19338226318359375,0.1528177410364151,0.2958744764328003,0.04385623708367348,0,1.2094124555587769,0.06023040533065793,2.4459012659390766,0,1,0,0,-0.00011408329010009766,0,5.967802047729492,0.009025871753692627,1.0120950937271118
2026-06-21T14:16:26.299256,462,1,-61273.82253090963,0,2,triangle_to_goal_obstacle,4.520888805389404,4.520918846130371,4.520918846130371,0.0072563886642456055,0.5045660734176636,0.22062210738658905,0.16580693423748016,0.25638094544410706,0.06436202675104141,0,1.2041836977005005,0.04791194319725034,0.8266281298796336,1,1,0,1,0.0,0,2.4791221618652344,0.0007087588310241699,1.0097984075546265
2026-06-21T14:16:29.009872,463,1,-67427.51203881885,0,2,triangle_to_goal_obstacle,4.22213077545166,4.222148418426514,4.222148418426514,0.2379415233929952,0.5095154643058777,0.2205113023519516,0.163679838180542,0.2879355251789093,0.059884458780288696,0,0.8366354703903198,0.046546609401702854,0.5626969250043233,1,1,0,1,0.0,0,2.777880907058716,0.0031807422637939453,1.0092920064926147
2026-06-21T14:16:31.837139,464,1,-71567.377016621,0,2,triangle_to_goal_obstacle,3.940633535385132,3.9406588077545166,3.9406588077545166,0.39737194776535034,0.5338628888130188,0.2205239087343216,0.16233012080192566,0.3265247642993927,0.06291213631629944,0,0.6052824258804321,0.046190859079360935,0.3428789190451304,1,1,0,1,0.0,0,3.0593760013580322,0.00015056133270263672,1.0086936950683594
2026-06-21T14:16:35.107161,465,1,-94222.41694145277,0,2,triangle_to_goal_obstacle,3.1538827419281006,3.1539723873138428,3.1539723873138428,0.021767298380533855,0.5676888823509216,0.22138188779354095,0.1645321398973465,0.3004538118839264,0.0641963854432106,0,1.1578013896942139,0.046782703399658176,0.4398147376378377,1,1,0,1,0.0,0,3.8463547229766846,0.03763812780380249,1.008979082107544
2026-06-21T14:16:42.102630,466,1,-34641.12242699402,0,2,triangle_to_goal_obstacle,5.658884525299072,5.658895015716553,5.658895015716553,0.07910573482513428,0.48202311992645264,0.22017152607440948,0.20885752141475677,0.26187852025032043,0.05907352268695831,0,1.1928825378417969,1.0977071237564087,1.9248067649205522,0,0,1,0,0.0,0,1.3411167860031128,-0.0008381009101867676,1.0042170286178589
2026-06-21T14:16:49.422212,467,1,-225175.9675452384,0,2,triangle_to_goal_obstacle,1.0410301685333252,1.9822238683700562,1.9822238683700562,2.0351274808247886,0.0064842491410672665,0.18543042242527008,0.14483888447284698,0.2889458239078522,0.07073912769556046,0,1.2151947021484375,0.06196722507476804,2.4386515728632605,0,1,0,0,-1.430511474609375e-05,0,5.959000110626221,-0.0004342794418334961,1.007935643196106
2026-06-21T14:16:56.772667,468,1,-225755.710093926,0,2,triangle_to_goal_obstacle,1.0351409912109375,1.9877394437789917,1.9877394437789917,2.0392203330993652,0.015224393457174301,0.19091171026229858,0.1511298418045044,0.30885568261146545,0.0413295216858387,0,1.1839375495910645,0.061328620910644505,2.4424918206532795,0,1,0,0,-0.00017392635345458984,0,5.964925289154053,-0.0022478897590190172,1.0114907026290894
2026-06-21T14:17:04.322617,469,1,-229520.14762444716,0,2,triangle_to_goal_obstacle,1.0406461954116821,1.9816190004348755,1.9816190004348755,2.0315741300582886,0.010120566934347153,0.185930535197258,0.14551150798797607,0.2875443994998932,0.04852724075317383,0,1.1884936094284058,0.060382456779479954,2.4366707913080847,0,1,0,0,-0.0001245737075805664,0,5.959430694580078,-0.0005659659509547055,1.012630581855774
2026-06-21T14:17:07.164512,470,1,-64124.170695436565,0,2,triangle_to_goal_obstacle,4.357018947601318,4.357039451599121,4.357039451599121,0.14445636669794717,0.4868604242801666,0.22057364881038666,0.16326677799224854,0.32449716329574585,0.05067349970340729,0,0.9884054660797119,0.04980802655220029,0.6754507831732433,1,1,0,1,0.0,0,2.642993927001953,0.001499215723015368,1.010467529296875
2026-06-21T14:17:09.999832,471,1,-69478.83265113627,0,2,triangle_to_goal_obstacle,4.113792896270752,4.1138176918029785,4.1138176918029785,0.32031140724817914,0.5350093841552734,0.22056865692138672,0.16292695701122284,0.303622841835022,0.04431282356381416,0,0.7243702411651611,0.04472896575927732,0.46806314706802365,1,1,0,1,0.0,0,2.8862178325653076,-0.0013938943156972528,1.0092496871948242
2026-06-21T14:17:12.876035,472,1,-70997.23950298666,0,2,triangle_to_goal_obstacle,3.9196691513061523,3.919689893722534,3.919689893722534,0.38897494475046795,0.539695680141449,0.22051680088043213,0.1629408448934555,0.31052371859550476,0.041680797934532166,0,0.6053330302238464,0.046746255159378025,0.33655194560686746,1,1,0,1,0.0,0,3.0803415775299072,-0.0009061694145202637,1.0091792345046997
2026-06-21T14:17:16.738171,473,1,-114493.24843330812,0,2,triangle_to_goal_obstacle,2.2265663146972656,2.226576089859009,2.226576089859009,0.853445291519165,0.5611546039581299,0.2204635590314865,0.16514010727405548,0.29360252618789673,0.04672972485423088,0,1.1949872970581055,0.04949087023735044,1.2693154426415763,1,1,0,1,0.0,0,4.773452281951904,0.0015763839473947883,1.0089625120162964
2026-06-21T14:17:23.910032,474,1,-33237.54401426843,0,2,triangle_to_goal_obstacle,5.845865726470947,5.845867156982422,5.845867156982422,0.027016719182332356,0.48007115721702576,0.22012372314929962,0.21022026240825653,0.24555058777332306,0.08112519979476929,0,1.2060588598251343,1.3453862380981445,2.110092055002848,0,0,1,0,0.0,0,1.1541378498077393,-0.004904905799776316,1.0044121742248535
2026-06-21T14:17:31.339109,475,1,-224461.86085691975,0,2,triangle_to_goal_obstacle,1.0433456897735596,1.9799009561538696,1.9799009561538696,2.0332864125569663,0.018002768978476524,0.18374796211719513,0.14276893436908722,0.2958895266056061,0.043721940368413925,0,1.177983283996582,0.06187760949134824,2.4344095599651334,0,1,0,0,-0.00033283233642578125,0,5.9566874504089355,-0.00012411673378665,1.0083085298538208
2026-06-21T14:17:38.467596,476,1,-225600.90797597068,0,2,triangle_to_goal_obstacle,1.0396147966384888,1.9832748174667358,1.9832748174667358,2.032811959584554,0.013298186473548412,0.18719811737537384,0.14745886623859406,0.2976090610027313,0.02931843139231205,0,1.190805435180664,0.061350972652435276,2.438445758024851,0,1,0,0,-0.0002301931381225586,0,5.960483074188232,0.006506184581667185,1.012689471244812
2026-06-21T14:17:45.699141,477,1,-229345.20841649835,0,2,triangle_to_goal_obstacle,1.0357261896133423,1.9866228103637695,1.9866228103637695,2.037007490793864,0.013840566389262676,0.19030940532684326,0.15054123103618622,0.2988032102584839,0.04210802912712097,0,1.2100181579589844,0.06039491415023801,2.44267601887385,0,1,0,0,0.0,0,5.964378833770752,0.0058941044844686985,1.013515591621399
2026-06-21T14:17:48.405116,478,1,-64341.28484109939,0,2,triangle_to_goal_obstacle,4.382335662841797,4.382352828979492,4.382352828979492,0.11606649557749431,0.5001325607299805,0.22054439783096313,0.16498665511608124,0.2669033706188202,0.053415555506944656,0,1.030346155166626,0.046197832822799656,0.7010846547285716,1,1,0,1,0.0,0,2.6176767349243164,0.0029317140579223633,1.0099815130233765
2026-06-21T14:17:51.264894,479,1,-72984.06454998166,0,2,triangle_to_goal_obstacle,4.0246171951293945,4.0246357917785645,4.0246357917785645,0.3547410766283671,0.515342652797699,0.22055362164974213,0.16373737156391144,0.2930944263935089,0.06232745572924614,0,0.6678693294525146,0.0482889127731323,0.4056867472330729,1,1,0,1,0.0,0,2.9753968715667725,-0.0037334163207560778,1.0100373029708862
2026-06-21T14:17:54.339833,480,1,-86152.28785924429,0,2,triangle_to_goal_obstacle,3.529449701309204,3.5294675827026367,3.5294675827026367,0.30070581038792926,0.5355600714683533,0.22071893513202667,0.16530831158161163,0.29994091391563416,0.08066524565219879,0,0.7324564456939697,0.04841792702674863,0.23883591214815772,1,3,0,1,0.0,0,3.470564126968384,0.002634485485032201,1.009568691253662
2026-06-21T14:18:01.687636,481,1,-54407.0187231845,0,2,triangle_to_goal_obstacle,4.717327117919922,4.717329025268555,4.717329025268555,0.12049825986226399,0.48277708888053894,0.22006438672542572,0.17298801243305206,0.2774467170238495,0.06059553846716881,0,1.1964919567108154,0.10898882269859311,1.0081149351596832,0,1,0,0,0.0,0,2.282674551010132,0.0002604325709398836,1.004170298576355
2026-06-21T14:18:08.949102,482,1,-224393.5105768752,0,2,triangle_to_goal_obstacle,1.046387791633606,1.977189064025879,1.977189064025879,2.0264013210932412,0.008074936456978321,0.18117786943912506,0.14145129919052124,0.30577215552330017,0.04271252453327179,0,1.1930032968521118,0.06224304556846616,2.4324686539173124,0,1,0,0,0.0,0,5.953690052032471,0.007894556038081646,1.010033130645752
2026-06-21T14:18:16.096259,483,1,-227012.99889130128,0,2,triangle_to_goal_obstacle,1.0392146110534668,1.9834299087524414,1.9834299087524414,2.030458370844523,0.018176067620515823,0.18747133016586304,0.14807410538196564,0.30884039402008057,0.04535852372646332,0,1.199275255203247,0.06100368618965146,2.4390341254075367,0,1,0,0,-0.0002778768539428711,0,5.960872650146484,0.0023532111663371325,1.013258934020996
2026-06-21T14:18:23.232066,484,1,-231922.00420228316,0,2,triangle_to_goal_obstacle,1.037161111831665,1.9849380254745483,1.9849380254745483,2.0317120949427285,0.011679829098284245,0.18936073780059814,0.15010182559490204,0.30755847692489624,0.04210108146071434,0,1.1986507177352905,0.05990624547004697,2.4403874687353766,0,1,0,0,-0.00014090538024902344,0,5.962971210479736,0.009093403816223145,1.0138453245162964
2026-06-21T14:18:30.256492,485,1,-83800.16376624285,0,2,triangle_to_goal_obstacle,4.340252876281738,4.34026575088501,4.34026575088501,0.16586363315582275,0.3419922888278961,0.22027935087680817,0.16666463017463684,0.2687757909297943,0.06000041961669922,0,0.9192987680435181,0.062060118913650486,0.6614768318335215,0,1,0,0,0.0,0,2.6597537994384766,-0.003395974636077881,1.006952166557312
2026-06-21T14:18:37.511375,486,1,-227487.7030142773,0,2,triangle_to_goal_obstacle,1.0469657182693481,1.9760141372680664,1.9760141372680664,2.024999817212423,0.024872228503227234,0.1810874491930008,0.1417386680841446,0.30225515365600586,0.028452998027205467,0,1.1929668188095093,0.06150943160057065,2.4313601664702094,0,1,0,0,-0.0005016326904296875,0,5.953117847442627,0.005275249481201172,1.0121265649795532
2026-06-21T14:18:44.700596,487,1,-229384.29274792777,0,2,triangle_to_goal_obstacle,1.0366876125335693,1.9858053922653198,1.9858053922653198,2.0336766242980957,0.01678825356066227,0.18963505327701569,0.1510549634695053,0.3052647113800049,0.03321109712123871,0,1.2031302452087402,0.06065356850624082,2.4415350170930226,0,1,0,0,-0.00018966197967529297,0,5.9634108543396,0.005753576755523682,1.0130776166915894
2026-06-21T14:18:47.700239,488,1,-73295.36631620306,0,2,triangle_to_goal_obstacle,4.0823235511779785,4.08234977722168,4.08234977722168,0.33838651577631634,0.5241511464118958,0.22058755159378052,0.1631729006767273,0.3023035228252411,0.041728466749191284,0,0.7011778950691223,0.04522875070571897,0.443596175511678,1,1,0,1,0.0,0,2.917687177658081,-0.0001495679171057418,1.00959050655365
2026-06-21T14:18:50.649179,489,1,-74871.76615644389,0,2,triangle_to_goal_obstacle,3.9165596961975098,3.9165802001953125,3.9165802001953125,0.3986035982767741,0.534458577632904,0.22055558860301971,0.1633581668138504,0.30592572689056396,0.03006739355623722,0,0.5999897718429565,0.045955510139465305,0.3297866495450337,1,1,0,1,0.0,0,3.0834543704986572,-0.004665791988372803,1.0093730688095093
2026-06-21T14:18:53.696462,490,1,-82102.2108457773,0,2,triangle_to_goal_obstacle,3.5850117206573486,3.5850276947021484,3.5850276947021484,0.333332637945811,0.5511043667793274,0.2204819917678833,0.16359011828899384,0.3025369346141815,0.03952135518193245,0,0.701236367225647,0.04595005631446836,0.23325453321139014,1,3,0,1,0.0,0,3.4150002002716064,0.0017843643436208367,1.0090738534927368
2026-06-21T14:18:56.890634,491,1,-85775.86893175644,0,2,triangle_to_goal_obstacle,3.3128750324249268,3.312959909439087,3.312959909439087,0.1509201725323995,0.5831432938575745,0.22058779001235962,0.1650896519422531,0.29369214177131653,0.053202565759420395,0,0.9477521777153015,0.04530251145362851,0.32774527986844376,1,1,0,1,0.0,0,3.687350034713745,-0.03766036033630371,1.0085253715515137
2026-06-21T14:19:04.149950,492,1,-37086.28826900196,0,2,triangle_to_goal_obstacle,5.526270389556885,5.526275157928467,5.526275157928467,0.0333323081334432,0.4978694021701813,0.22010691463947296,0.20924925804138184,0.2503521740436554,0.09787317365407944,0,1.206146478652954,1.0186379861831665,1.7961857430140176,0,0,1,0,0.0,0,1.4737313985824585,-0.0006365577573888004,1.0044759511947632
2026-06-21T14:19:11.838742,493,1,-223332.15796627777,0,2,triangle_to_goal_obstacle,1.0492324829101562,1.9738355875015259,1.9738355875015259,2.0234325726826987,0.015302515588700771,0.17844925820827484,0.1368803232908249,0.27591070532798767,0.04803502932190895,0,1.1913490295410156,0.0618692350387573,2.4292054287592566,0,1,0,0,-0.00024688243865966797,0,5.950811862945557,0.004236002918332815,1.0086612701416016
2026-06-21T14:19:19.059854,494,1,-226664.76261267124,0,2,triangle_to_goal_obstacle,1.0340138673782349,1.9889229536056519,1.9889229536056519,2.036064783732096,0.0285237655043602,0.19235378503799438,0.15242207050323486,0.30266693234443665,0.053651731461286545,0,1.1990127563476562,0.061320216655731175,2.4444051893552143,0,1,0,0,-0.0004886388778686523,0,5.9660820960998535,0.005665043834596872,1.0129042863845825
2026-06-21T14:19:26.195557,495,1,-229994.71274616854,0,2,triangle_to_goal_obstacle,1.0338279008865356,1.988404631614685,1.988404631614685,2.036211450894674,0.0229038093239069,0.1920279711484909,0.1532047986984253,0.3164743483066559,0.07180410623550415,0,1.2033532857894897,0.06027981758117673,2.4441251468658445,0,1,0,0,-0.00013494491577148438,0,5.966276168823242,0.005643486976623535,1.0135442018508911
2026-06-21T14:19:28.766034,496,1,-62756.15106557077,0,2,triangle_to_goal_obstacle,4.415153980255127,4.4151763916015625,4.4151763916015625,0.09245399634043376,0.49641862511634827,0.22061480581760406,0.16399765014648438,0.29957202076911926,0.055407579988241196,0,1.0375123023986816,0.04810732722282407,0.7314428102970124,1,1,0,1,0.0,0,2.584859848022461,-0.0043604373931884766,1.0102512836456299
2026-06-21T14:19:31.516445,497,1,-65793.37065163329,0,2,triangle_to_goal_obstacle,4.199395656585693,4.199411869049072,4.199411869049072,0.2562045256296794,0.5118900537490845,0.2204858511686325,0.1639295220375061,0.2935980260372162,0.03333491459488869,0,0.8163512945175171,0.04694983482360837,0.5411517731348673,1,1,0,1,0.0,0,2.800615072250366,0.0016877055168151855,1.0094691514968872
2026-06-21T14:19:34.418631,498,1,-73686.06211606856,0,2,triangle_to_goal_obstacle,3.868482828140259,3.8685007095336914,3.8685007095336914,0.3995995322863261,0.5387210249900818,0.22050605714321136,0.16327284276485443,0.30930161476135254,0.05350545048713684,0,0.5899385213851929,0.04552435994148252,0.3045813453197479,1,1,0,1,0.0,0,3.1315317153930664,-0.0059839882887899876,1.0087751150131226
2026-06-21T14:19:37.485128,499,1,-84897.99324830352,0,2,triangle_to_goal_obstacle,3.475191831588745,3.475207567214966,3.475207567214966,0.2666812737782796,0.5371440649032593,0.23213090002536774,0.18234193325042725,0.3016701340675354,0.05578996241092682,0,0.7748943567276001,0.049234093427658054,0.2540280433495839,1,1,0,1,0.0,0,3.5248286724090576,0.0076499381102621555,1.0091785192489624
2026-06-21T14:19:44.557300,500,1,-42067.11272231866,0,2,triangle_to_goal_obstacle,5.256677150726318,5.256687164306641,5.256687164306641,0.08370709419250488,0.509710431098938,0.22015930712223053,0.2093971222639084,0.2651696503162384,0.039619043469429016,0,1.1972905397415161,0.6891371321678161,1.5311130197842917,0,0,1,0,0.0,0,1.7433247566223145,-0.0015961328754201531,1.0040727853775024
2026-06-21T14:19:51.926673,501,1,-225155.68707435761,0,2,triangle_to_goal_obstacle,1.0464231967926025,1.976948618888855,1.976948618888855,2.0256422758102417,0.016073500737547874,0.18110691010951996,0.13996142148971558,0.2838633060455322,0.04513893648982048,0,1.194877028465271,0.06222522377967832,2.4324468982219694,0,1,0,0,-0.0002143383026123047,0,5.953644275665283,0.006436586380004883,1.009987711906433
2026-06-21T14:19:59.070942,502,1,-226639.76201013554,0,2,triangle_to_goal_obstacle,1.031847357749939,1.9909650087356567,1.9909650087356567,2.041269063949585,0.012424222193658352,0.19372236728668213,0.15374690294265747,0.3147319555282593,0.05181814730167389,0,1.1878039836883545,0.06119048714637754,2.445870738426844,0,1,0,0,-4.673004150390625e-05,0,5.9682297706604,0.0008630355005152524,1.0125924348831177
2026-06-21T14:20:07.675629,503,1,-230542.4992444338,0,2,triangle_to_goal_obstacle,1.0318671464920044,1.9900593757629395,1.9900593757629395,2.0369898080825806,0.012347012758255005,0.19375967979431152,0.1543060690164566,0.3102586567401886,0.048525113612413406,0,1.1981126070022583,0.060080112218856785,2.445564032793045,0,1,0,0,-0.0002288818359375,0,5.968222141265869,0.0003670255246106535,1.0135645866394043
2026-06-21T14:20:10.519530,504,1,-58547.6877772632,0,2,triangle_to_goal_obstacle,4.596094608306885,4.596123218536377,4.596123218536377,0.06727711359659831,0.49264469742774963,0.22062377631664276,0.16545522212982178,0.27692243456840515,0.04927387833595276,0,1.19866943359375,0.04754987478256223,0.8940366021792094,1,1,0,1,0.0,0,2.403916120529175,-0.0013863245258107781,1.0099401473999023
2026-06-21T14:20:14.313096,505,1,-65848.3245532217,0,2,triangle_to_goal_obstacle,4.320173740386963,4.320190906524658,4.320190906524658,0.1648883024851481,0.5079717040061951,0.2206871062517166,0.16465963423252106,0.2894592583179474,0.05687783658504486,0,0.9402451515197754,0.0473854851722717,0.6448721003532409,1,1,0,1,0.0,0,2.679849863052368,-0.010398347862064838,1.009670376777649
2026-06-21T14:20:18.642451,506,1,-73682.88991547082,0,2,triangle_to_goal_obstacle,3.9394619464874268,3.939481496810913,3.939481496810913,0.39038634300231934,0.5364856719970703,0.2205304652452469,0.16348205506801605,0.3067513406276703,0.05742112919688225,0,0.6016175746917725,0.045359791517257664,0.3447298816839854,1,1,0,1,0.0,0,3.0605533123016357,-0.00634475564584136,1.0089315176010132
2026-06-21T14:20:22.305297,507,1,-81319.41959372396,0,2,triangle_to_goal_obstacle,3.5817224979400635,3.581740617752075,3.581740617752075,0.3306936025619507,0.5465158224105835,0.22048598527908325,0.1641765683889389,0.3158329427242279,0.04279058054089546,0,0.7076508402824402,0.047727228403091404,0.23426818966865537,1,3,0,1,0.0,0,3.4182891845703125,-0.0019834835547953844,1.008969783782959
2026-06-21T14:20:27.576258,508,1,-88318.73520553848,0,2,triangle_to_goal_obstacle,3.287932872772217,3.288010358810425,3.288010358810425,0.12889756759007773,0.5621848702430725,0.22063982486724854,0.1641228049993515,0.3241506814956665,0.06751812994480133,0,0.9649836421012878,0.04808846235275266,0.3437773299217224,1,1,0,1,0.0,0,3.7122066020965576,0.028925934806466103,1.008994460105896
2026-06-21T14:20:38.606725,509,1,-26679.594399470963,0,2,triangle_to_goal_obstacle,6.105851173400879,6.10585355758667,6.10585355758667,0.030596256256103516,0.4750698506832123,0.22010312974452972,0.2093428373336792,0.25559136271476746,0.07858797907829285,0,1.2013295888900757,1.5985123825073242,2.3658884080251057,0,0,1,0,0.0,0,0.8941513895988464,-0.002367079257965088,1.004737138748169
2026-06-21T14:20:46.042726,510,1,-223758.50224076354,0,2,triangle_to_goal_obstacle,1.0415676832199097,1.9816473722457886,1.9816473722457886,2.0303223530451455,0.011953845620155334,0.18507464230060577,0.1453832983970642,0.29785895347595215,0.05106024071574211,0,1.2042702436447144,0.06177854657173154,2.437477967341741,0,1,0,0,-7.271766662597656e-06,0,5.958486080169678,0.006455381866544485,1.008385419845581
2026-06-21T14:20:54.856378,511,1,-226306.55363478293,0,2,triangle_to_goal_obstacle,1.0406078100204468,1.982434868812561,1.982434868812561,2.0389252503712973,0.007317397743463516,0.1862228959798813,0.14768166840076447,0.3136110305786133,0.05688131973147392,0,1.225142240524292,0.06146612882614133,2.4393081180254614,0,1,0,0,-3.719329833984375e-05,0,5.959471225738525,0.0010052124271169305,1.012781023979187
2026-06-21T14:21:06.566454,512,1,-227954.24035709453,0,2,triangle_to_goal_obstacle,1.0335019826889038,1.988853931427002,1.988853931427002,2.0355857213338218,0.0165385901927948,0.19194839894771576,0.15370823442935944,0.30024322867393494,0.05357879027724266,0,1.2002968788146973,0.060511500835418675,2.4444214812914526,0,1,0,0,0.0,0,5.966587066650391,-0.00031586489058099687,1.013567328453064
2026-06-21T14:21:10.881219,513,1,-65110.47753333099,0,2,triangle_to_goal_obstacle,4.334676265716553,4.334690093994141,4.334690093994141,0.15283775329589844,0.5108640193939209,0.22046220302581787,0.16407056152820587,0.29309096932411194,0.05781178176403046,0,0.9465336203575134,0.04525315880775449,0.6579561046759287,1,1,0,1,0.0,0,2.6653335094451904,9.387731552124023e-05,1.0093414783477783
2026-06-21T14:21:14.826702,514,1,-74579.42502898644,0,2,triangle_to_goal_obstacle,3.9312143325805664,3.931232452392578,3.931232452392578,0.3922446171442668,0.5290864109992981,0.22055645287036896,0.16344358026981354,0.31075146794319153,0.04343554377555847,0,0.6016912460327148,0.04664987444877622,0.3397427213191986,1,1,0,1,0.0,0,3.0688068866729736,-0.009189764969050884,1.0091382265090942
2026-06-21T14:21:19.103119,515,1,-96965.55948842107,0,2,triangle_to_goal_obstacle,3.1417081356048584,3.1417293548583984,3.1417293548583984,0.012971003850301107,0.5634790062904358,0.2206551432609558,0.16425657272338867,0.29822584986686707,0.04072941839694977,0,1.1751259565353394,0.04613933086395261,0.44512507438659665,1,1,0,1,0.0,0,3.858356475830078,0.0180180873721838,1.009027123451233
2026-06-21T14:21:28.926745,516,1,-36552.08172917501,0,2,triangle_to_goal_obstacle,5.526167392730713,5.526170253753662,5.526170253753662,0.059912641843159996,0.49433568120002747,0.22008955478668213,0.20765161514282227,0.2998226583003998,0.0748714879155159,0,1.191901683807373,0.9863350105285644,1.7945168526967363,0,0,1,0,0.0,0,1.4738343954086304,0.00233836960978806,1.0040193796157837
2026-06-21T14:21:38.480874,517,1,-225330.81547179024,0,2,triangle_to_goal_obstacle,1.0450900793075562,1.9781237840652466,1.9781237840652466,2.0255817572275796,0.027495702728629112,0.18219594657421112,0.1410260796546936,0.2815879285335541,0.04027019813656807,0,1.1988170146942139,0.06182953834533689,2.4337366930643713,0,1,0,0,-0.00031173229217529297,0,5.954953670501709,0.004339019302278757,1.0085176229476929
2026-06-21T14:21:45.910672,518,1,-226554.8841321973,0,2,triangle_to_goal_obstacle,1.038974404335022,1.983831524848938,1.983831524848938,2.0313424269358316,0.013929438777267933,0.18777398765087128,0.1483805775642395,0.29473593831062317,0.04401582106947899,0,1.2018029689788818,0.061241329908370945,2.4395428113142645,0,1,0,0,-0.00013899803161621094,0,5.961118221282959,0.004529893398284912,1.0131123065948486
2026-06-21T14:21:53.340016,519,1,-229991.3514069607,0,2,triangle_to_goal_obstacle,1.0328515768051147,1.9893099069595337,1.9893099069595337,2.0372806390126548,0.008591901510953903,0.19277994334697723,0.15383945405483246,0.2863691449165344,0.029267692938447,0,1.2038419246673584,0.060206712484359715,2.4450577906767523,0,1,0,0,-6.67572021484375e-05,0,5.967247009277344,-0.003817915916442871,1.013747215270996
2026-06-21T14:21:55.929822,520,1,-60319.55949080446,0,2,triangle_to_goal_obstacle,4.49699592590332,4.49701452255249,4.49701452255249,0.02205208937327067,0.49234604835510254,0.22052974998950958,0.16487248241901398,0.2814365327358246,0.044805239886045456,0,1.1625040769577026,0.048417479991912815,0.8040752720832826,1,1,0,1,0.0,0,2.5030155181884766,-0.0017574429512023926,1.009947419166565
2026-06-21T14:21:58.721128,521,1,-65221.17701272064,0,2,triangle_to_goal_obstacle,4.275824546813965,4.275862216949463,4.275862216949463,0.20009750127792358,0.5202891230583191,0.22068893909454346,0.16440130770206451,0.2959524095058441,0.05991371348500252,0,0.906840980052948,0.046587319374084446,0.6104426097869873,1,1,0,1,0.0,0,2.724186658859253,-0.0027126867789775133,1.0094715356826782
2026-06-21T14:22:01.737461,522,1,-77825.61737947515,0,2,triangle_to_goal_obstacle,3.7756686210632324,3.7756824493408203,3.7756824493408203,0.3983175953229268,0.5378079414367676,0.2204485386610031,0.16238296031951904,0.32334864139556885,0.02968762069940567,0,0.603746235370636,0.04454973459243772,0.26101355870564774,1,1,0,1,0.0,0,3.2243432998657227,0.003996094223111868,1.0085583925247192
2026-06-21T14:22:09.053308,523,1,-231530.01325433597,0,2,triangle_to_goal_obstacle,0.9314810037612915,2.0903613567352295,2.0903613567352295,2.1452436447143555,0.03562059625983238,0.2208298295736313,0.1824379712343216,0.31300756335258484,0.04350078105926514,0,1.2256393432617188,0.05963337540626523,2.5458129457632697,0,1,0,0,-0.0007230639457702637,0,6.068630218505859,0.000639498233795166,1.014382004737854
2026-06-21T14:22:16.115102,524,1,-63331.174778562876,0,2,triangle_to_goal_obstacle,4.835570335388184,4.835575103759766,4.835575103759766,0.27140410741170246,0.33146432042121887,0.22009702026844025,0.16498614847660065,0.2886289656162262,0.04728490114212036,0,1.198023796081543,0.062102140188217136,1.1191492887338004,0,1,0,0,0.0,0,2.164431571960449,0.0005753437872044742,1.0042401552200317
2026-06-21T14:22:23.264621,525,1,-227052.2486556151,0,2,triangle_to_goal_obstacle,1.0533100366592407,1.9700156450271606,1.9700156450271606,2.0216034650802612,0.021505137905478477,0.17500294744968414,0.1361110657453537,0.31133589148521423,0.03699207305908203,0,1.2113267183303833,0.06202474355697629,2.426380506356557,0,1,0,0,-0.0003552436828613281,0,5.946727752685547,0.0022831957321614027,1.0086301565170288
2026-06-21T14:22:30.520964,526,1,-228326.17010593944,0,2,triangle_to_goal_obstacle,1.0348989963531494,1.9876503944396973,1.9876503944396973,2.034469207127889,0.006305249873548746,0.19105398654937744,0.1537686586380005,0.3070274889469147,0.03602990135550499,0,1.1995670795440674,0.06079334139823911,2.443189979791641,0,1,0,0,0.0,0,5.965190887451172,-0.004391789436340332,1.0129135847091675
2026-06-21T14:22:34.706263,527,1,-96157.70010844544,0,2,triangle_to_goal_obstacle,3.5016279220581055,3.50164532661438,3.50164532661438,0.2850225369135539,0.5153599381446838,0.23331569135189056,0.18486136198043823,0.329172283411026,0.05307595059275627,0,0.7472714781761169,0.04663536071777341,0.2440745941797892,1,3,0,1,0.0,0,3.4983901977539062,-0.006527165416628122,1.009109377861023
2026-06-21T14:22:39.067685,528,1,-109108.10168772347,0,2,triangle_to_goal_obstacle,2.6600966453552246,2.6601240634918213,2.6601240634918213,0.4382493495941162,0.5367557406425476,0.22057080268859863,0.16395772993564606,0.3136731684207916,0.04047789052128792,0,1.1864945888519287,0.0490256857872009,0.8578770867983501,1,1,0,1,0.0,0,4.339921951293945,0.00227288412861526,1.0097283124923706
2026-06-21T14:22:47.411169,529,1,-39080.4334327215,0,2,triangle_to_goal_obstacle,5.440014362335205,5.440016269683838,5.440016269683838,0.10567585627237956,0.5005812048912048,0.22010000050067902,0.20773184299468994,0.2922186851501465,0.0951840877532959,0,1.207592487335205,0.8515484046936035,1.71102250734965,0,0,1,0,0.0,0,1.5599884986877441,-0.003107726573944092,1.0044770240783691
