timestamp,episode,stage,reward,success,centroid_error,mean_dist_to_target,max_dist_to_target,formation_error,max_agent_formation_error,spacing_error,pair_distance,desired_spacing,mean_speed,max_speed,mean_cmd_speed,action_smoothness,mean_attitude_error,collision_count,min_pair_dist,crashed,out_of_bounds,unstable_attitude,progress,formation_safe,centroid_x,centroid_y,centroid_z,uav0_x,uav1_x,uav0_y,uav1_y,uav0_z,uav1_z
2026-06-13T11:55:53.542078,1,1,1940.4608625635217,0,1.9656237363815308,1.9675065279006958,2.0566446781158447,0.1238967776298523,0.12389678508043289,0.16885204315185542,0.9688520431518555,0.8,0.05509179085493088,0.07444783300161362,0.06344562023878098,0.21787576377391815,0.01395099051296711,0,0.9688520431518555,0,0,0,0.0006712675094604492,1,0.4553666114807129,-0.22336216270923615,0.8205937743186951,0.5519622564315796,0.3587709665298462,-0.6975098252296448,0.2507854998111725,0.843437135219574,0.7977504134178162
2026-06-13T11:55:56.686964,2,1,962.9569548469826,0,1.7439641952514648,1.7479827404022217,1.9196398258209229,0.2085641622543335,0.2085641622543335,0.25074346065521236,1.0507434606552124,0.8,0.09949836134910583,0.12340977042913437,0.04162485897541046,0.25412607192993164,0.013152150437235832,0,1.0507434606552124,0,0,0,0.0018360614776611328,1,0.6828799843788147,-0.25323784351348877,0.8303532004356384,0.8676527738571167,0.4981071650981903,-0.7438834309577942,0.23740775883197784,0.8641377687454224,0.7965686321258545
2026-06-13T11:55:59.566615,3,1,-1062.8697143230243,0,1.4330288171768188,1.4444338083267212,1.7302759885787964,0.33841264247894287,0.33841264247894287,0.42281754016876216,1.2228175401687622,0.8,0.12767170369625092,0.17820803821086884,0.05588331073522568,0.23365914821624756,0.0121932253241539,0,1.2228175401687622,0,0,0,0.0,0,0.9993686676025391,-0.2517467141151428,0.8313972353935242,1.3116282224655151,0.687109112739563,-0.7758686542510986,0.272375226020813,0.8715323805809021,0.7912620902061462
2026-06-13T11:56:02.720795,4,1,-1871.1192659070366,0,1.2179960012435913,1.2335166931152344,1.5941158533096313,0.40997689962387085,0.40997692942619324,0.488847804069519,1.288847804069519,0.8,0.1506715714931488,0.20807980000972748,0.046401068568229675,0.0741766095161438,0.021532922983169556,0,1.288847804069519,0,0,0,0.0,0,1.2190790176391602,-0.24246051907539368,0.8263550400733948,1.612345814704895,0.8258122801780701,-0.7514618635177612,0.2665408253669739,0.8656107783317566,0.787099301815033
2026-06-13T11:56:05.463039,5,1,-2700.964435659497,0,0.906893253326416,0.9651167988777161,1.4017815589904785,0.5474223494529724,0.5474223494529724,0.7234335660934448,1.5234335660934448,0.8,0.20087124407291412,0.24623285233974457,0.07692669332027435,0.1073828935623169,0.014168111607432365,0,1.5234335660934448,0,0,0,0.0,0,1.543405532836914,-0.22583302855491638,0.8058336973190308,2.068988084793091,1.0178229808807373,-0.7765094637870789,0.3248434066772461,0.8328676819801331,0.7787997126579285
2026-06-13T11:56:08.257948,6,1,-3373.086752400333,0,0.5490844249725342,0.7488605976104736,1.0953896045684814,0.6159389615058899,0.6159389615058899,0.8456186771392822,1.6456186771392822,0.8,0.23965108394622803,0.2978830933570862,0.07121092081069946,0.22240623831748962,0.011239906772971153,0,1.6456186771392822,0,0,0,0.0,0,1.9221582412719727,-0.1607532501220703,0.7824700474739075,2.5131797790527344,1.331136703491211,-0.732796311378479,0.4112898111343384,0.8042766451835632,0.7606634497642517
2026-06-13T11:56:11.001422,7,1,-3673.6054781609205,0,0.27583351731300354,0.7548736333847046,0.8935245275497437,0.7162221074104309,0.7162221670150757,0.9761335372924804,1.7761335372924805,0.8,0.2726254165172577,0.35107699036598206,0.09467890858650208,0.18118888139724731,0.02192186936736107,0,1.7761335372924805,0,0,0,0.0,0,2.244450807571411,-0.06672218441963196,0.7822003364562988,2.9455056190490723,1.5433961153030396,-0.6113326549530029,0.477888286113739,0.806369960308075,0.7580307722091675
2026-06-13T11:56:13.686512,8,1,-4605.50591808262,0,0.3609653413295746,0.8268357515335083,1.0896751880645752,0.7889523506164551,0.7889524698257446,1.0843145370483398,1.8843145370483398,0.8,0.3198097050189972,0.3767222464084625,0.0684104934334755,0.2646368145942688,0.025074580684304237,0,1.8843145370483398,0,0,0,-0.0053372979164123535,0,2.6849374771118164,0.007620275020599365,0.7785308361053467,3.4627089500427246,1.9071661233901978,-0.5238977074623108,0.5391382575035095,0.7933815121650696,0.7636802196502686
2026-06-13T11:56:16.438933,9,1,-5199.974248934834,0,0.5150750875473022,0.8435233235359192,1.1942548751831055,0.7544811964035034,0.7544812560081482,1.0485229015350341,1.8485229015350342,0.8,0.1671600341796875,0.27522891759872437,0.08067305386066437,0.2097122222185135,0.010398736223578453,0,1.8485229015350342,0,0,0,-0.0031746625900268555,0,2.8364696502685547,0.1483941525220871,0.770270049571991,3.5744681358337402,2.09847092628479,-0.407877653837204,0.7046659588813782,0.7836501598358154,0.7568899393081665
2026-06-13T11:56:19.465037,10,1,-3949.5589753813947,0,0.6750589609146118,0.8674752712249756,1.2004114389419556,0.6384790539741516,0.6384791731834412,0.8975420713424682,1.6975420713424683,0.8,0.18829059600830078,0.3276474177837372,0.09030024707317352,0.20299506187438965,0.012483010068535805,0,1.6975420713424683,0,0,0,-0.0032829642295837402,0,2.965714454650879,0.2865602672100067,0.7685803174972534,3.5749528408050537,2.356475830078125,-0.3043857216835022,0.8775062561035156,0.7734347581863403,0.7637259364128113
2026-06-13T11:56:22.477756,11,1,-3177.2023005397814,0,0.8624758720397949,0.9937005043029785,1.2170480489730835,0.5417196154594421,0.5417196154594421,0.8487617492675781,1.6487617492675781,0.8,0.211241215467453,0.35039815306663513,0.0852978527545929,0.207064688205719,0.02120995707809925,0,1.6487617492675781,0,0,0,-0.003617703914642334,0,3.1278696060180664,0.40554600954055786,0.7772827744483948,3.5899858474731445,2.6657533645629883,-0.2771335542201996,1.0882256031036377,0.7762958407402039,0.7782697081565857
2026-06-13T11:56:25.293105,12,1,-2570.8881969271756,0,1.0708791017532349,1.1419849395751953,1.228034496307373,0.40589624643325806,0.4058963358402252,0.6881606101989746,1.4881606101989746,0.8,0.2050921618938446,0.35625913739204407,0.110599584877491,0.2593030035495758,0.011657234281301498,0,1.4881606101989746,0,0,0,-0.0035761594772338867,0,3.2877516746520996,0.5567440390586853,0.7792844176292419,3.5754806995391846,3.0000228881835938,-0.1293855458498001,1.2428736686706543,0.7696048021316528,0.788964033126831
2026-06-13T11:56:28.155787,13,1,-889.8509475519962,0,1.2561945915222168,1.2843432426452637,1.317513346672058,0.26946747303009033,0.2694675028324127,0.5167810440063476,1.3167810440063477,0.8,0.23825620114803314,0.3981606662273407,0.11699257791042328,0.17091968655586243,0.0059381513856351376,0,1.3167810440063477,0,0,0,-0.004219651222229004,0,3.482156753540039,0.5977795124053955,0.7772412300109863,3.579519033432007,3.3847947120666504,-0.05330219864845276,1.2488611936569214,0.7676857709884644,0.7867966890335083
2026-06-13T11:56:31.025669,14,1,284.1758765245191,0,1.3702555894851685,1.3777978420257568,1.4546935558319092,0.16321495175361633,0.16321495175361633,0.3260548830032348,1.1260548830032349,0.8,0.07219603657722473,0.11130624264478683,0.09420552104711533,0.11842945218086243,0.009271888993680477,0,1.1260548830032349,0,0,0,-0.0010840892791748047,0,3.5679221153259277,0.6840462684631348,0.7863664627075195,3.571049928665161,3.5647943019866943,0.12109526246786118,1.2469972372055054,0.7776308059692383,0.7951021194458008
2026-06-13T11:56:34.366514,15,1,6788.631869420614,0,1.4192898273468018,1.420907974243164,1.466610312461853,0.08175766468048096,0.08175770938396454,0.162539792060852,0.962539792060852,0.8,0.06723100692033768,0.111399345099926,0.09268057346343994,0.2951923906803131,0.01200722437351942,0,0.962539792060852,0,0,0,-0.0008591413497924805,1,3.576587677001953,0.7655038833618164,0.7901692390441895,3.5726120471954346,3.5805633068084717,0.28433340787887573,1.2466744184494019,0.7812328934669495,0.7991055846214294
2026-06-13T11:56:37.358706,16,1,7629.489215204864,0,1.4609960317611694,1.4610321521759033,1.4679226875305176,0.012364313006401062,0.01236431673169136,0.0055075168609619585,0.7944924831390381,0.8,0.08678776770830154,0.14939697086811066,0.10488373041152954,0.28729650378227234,0.003184553701430559,0,0.7944924831390381,0,0,0,-0.000910639762878418,1,3.5749714374542236,0.846069872379303,0.8047624230384827,3.579583168029785,3.570359706878662,0.44900524616241455,1.2431344985961914,0.7936722636222839,0.8158525824546814
2026-06-13T11:56:40.692026,17,1,9280.446447715198,0,1.4955767393112183,1.4963107109069824,1.525622844696045,0.055270131677389145,0.055270131677389145,0.10894923210144047,0.6910507678985596,0.8,0.09363333880901337,0.1511622965335846,0.09868980944156647,0.1380731463432312,0.01734497770667076,0,0.6910507678985596,0,0,0,-0.0016297101974487305,1,3.5756328105926514,0.9032179713249207,0.8029340505599976,3.5699100494384766,3.581355571746826,0.5578017234802246,1.2486342191696167,0.7964035272598267,0.8094645738601685
2026-06-13T11:56:44.083283,18,1,8247.85132692104,0,1.554074764251709,1.5579198598861694,1.6463135480880737,0.1406375765800476,0.14063760638237,0.2810422062873841,0.518957793712616,0.8,0.09014397114515305,0.14677932858467102,0.12725362181663513,0.2778315544128418,0.012909665703773499,0,0.518957793712616,0,0,0,-0.0009735822677612305,1,3.576714038848877,0.9949550628662109,0.7986118793487549,3.5756611824035645,3.5777668952941895,0.7355170845985413,1.2543929815292358,0.8030993938446045,0.79412442445755
2026-06-13T11:56:47.298436,19,1,1330.7639221147901,0,1.6126679182052612,1.6230230331420898,1.7830179929733276,0.24311378598213196,0.24311381578445435,0.4837593019008637,0.31624069809913635,0.8,0.09929986298084259,0.18843825161457062,0.09358331561088562,0.2346499264240265,0.02347651682794094,1,0.31624069809913635,1,0,0,-0.0014214515686035156,0,3.573091506958008,1.090373158454895,0.8112126588821411,3.5713894367218018,3.574793815612793,0.9330009818077087,1.2477452754974365,0.8264820575714111,0.7959432005882263
2026-06-13T11:56:50.416386,20,1,-800.3985950310343,0,1.5713732242584229,1.5789878368377686,1.7775977849960327,0.25186359882354736,0.25186365842819214,0.48441581726074223,0.3155841827392578,0.8,0.3211997151374817,0.4069450795650482,0.09933790564537048,0.24899010360240936,0.0691140741109848,1,0.3155841827392578,1,0,0,-0.005626678466796875,0,3.51212739944458,1.098001480102539,0.8363562226295471,3.55159330368042,3.472661256790161,0.9461725950241089,1.2498302459716797,0.8533498644828796,0.8193625807762146
2026-06-13T11:56:53.293720,21,1,-2524.0876834865285,0,1.518881916999817,1.5292987823486328,1.6943182945251465,0.24286606907844543,0.2428661435842514,0.4816374063491822,0.31836259365081787,0.8,0.474359393119812,0.4989315867424011,0.09320645034313202,0.19788289070129395,0.04413633048534393,1,0.31836259365081787,1,0,0,-0.008412480354309082,0,3.4512877464294434,1.086496114730835,0.8539769649505615,3.4437203407287598,3.458855390548706,0.9285526275634766,1.2444394826889038,0.8722878098487854,0.8356660604476929
2026-06-13T11:56:56.047641,22,1,-2541.1495961353344,0,1.5259531736373901,1.5330722332000732,1.7400420904159546,0.25419241189956665,0.2541924715042114,0.4801185011863709,0.31988149881362915,0.8,0.4607909917831421,0.48820579051971436,0.0981423631310463,0.2682616114616394,0.06903842091560364,1,0.31988149881362915,1,0,0,-0.008231043815612793,0,3.463141679763794,1.088261365890503,0.8818888068199158,3.509561061859131,3.416722297668457,0.9370523691177368,1.2394704818725586,0.9055976271629333,0.8581799864768982
2026-06-13T11:56:58.678098,23,1,-2202.6527325053567,0,1.4593861103057861,1.4662175178527832,1.670371174812317,0.24832293391227722,0.248322993516922,0.48059039115905766,0.3194096088409424,0.8,0.5175829529762268,0.5513156056404114,0.08300884068012238,0.26659685373306274,0.008525868877768517,1,0.3194096088409424,1,0,0,-0.0086899995803833,0,3.3584299087524414,1.0939786434173584,0.8798714280128479,3.3931660652160645,3.3236937522888184,0.9391770362854004,1.248780369758606,0.8981871604919434,0.8615556955337524
2026-06-13T11:57:01.191141,24,1,-1966.8470104908743,0,1.5714889764785767,1.5776381492614746,1.819759726524353,0.2792621850967407,0.2792622148990631,0.4843487918376923,0.31565120816230774,0.8,0.45944854617118835,0.5216742753982544,0.08737204968929291,0.2639274299144745,0.0652652233839035,1,0.31565120816230774,1,0,0,-0.00794529914855957,0,3.4840445518493652,1.13127601146698,0.8790040016174316,3.5619468688964844,3.406142234802246,0.9976240992546082,1.2649279832839966,0.9102659821510315,0.8477420806884766
2026-06-13T11:57:03.455614,25,1,-2886.459116671941,0,1.493168830871582,1.4995667934417725,1.7135555744171143,0.2548307478427887,0.2548307776451111,0.4836459338665009,0.31635406613349915,0.8,0.54570072889328,0.5701608061790466,0.09295210987329483,0.348091185092926,0.028992144390940666,1,0.31635406613349915,1,0,0,-0.009308695793151855,0,3.390252113342285,1.1107531785964966,0.8767879605293274,3.4363646507263184,3.344139575958252,0.9606515765190125,1.260854721069336,0.8958438634872437,0.8577320575714111
2026-06-13T11:57:05.594205,26,1,-3738.9621924169733,0,1.5725529193878174,1.5781283378601074,1.8423988819122314,0.29564329981803894,0.29564329981803894,0.4816951632499695,0.3183048367500305,0.8,0.47796639800071716,0.5463687777519226,0.07461756467819214,0.3730929493904114,0.08042789995670319,1,0.3183048367500305,1,0,0,-0.008268356323242188,0,3.4860944747924805,1.1307531595230103,0.878677248954773,3.5841145515441895,3.3880743980407715,1.008347511291504,1.2531588077545166,0.9058510065078735,0.8515034317970276
2026-06-13T11:57:07.584781,27,1,-3982.689937462911,0,1.3770493268966675,1.381984829902649,1.643086314201355,0.2859911024570465,0.28599119186401367,0.48060645461082463,0.3193935453891754,0.8,0.6496164798736572,0.6949477791786194,0.0850861668586731,0.3103277087211609,0.023834511637687683,1,0.3193935453891754,1,0,0,-0.011513113975524902,0,3.2777891159057617,1.0552749633789062,0.8897906541824341,3.3671767711639404,3.188401699066162,0.9256348609924316,1.1849151849746704,0.9163680076599121,0.8632132411003113
2026-06-13T11:57:10.014860,28,1,-1521.2716760328249,0,1.5865734815597534,1.5914452075958252,1.8539378643035889,0.290490984916687,0.2904910147190094,0.4635943651199341,0.3364056348800659,0.8,0.503056526184082,0.6194838285446167,0.11864662915468216,0.2502219080924988,0.07445266097784042,0,0.3364056348800659,1,1,0,-0.008601069450378418,0,3.499594211578369,1.139664888381958,0.9037076830863953,3.6021690368652344,3.397019147872925,1.009781002998352,1.2695488929748535,0.9337198734283447,0.8736954927444458
2026-06-13T11:57:12.677988,29,1,-3492.7247249268175,0,1.2128322124481201,1.2177941799163818,1.4541376829147339,0.2606126368045807,0.2606126666069031,0.4808080673217774,0.31919193267822266,0.8,0.6552672386169434,0.679188072681427,0.09545975178480148,0.11887045204639435,0.009986195713281631,1,0.31919193267822266,1,0,0,-0.011050581932067871,0,3.0861144065856934,0.9951303601264954,0.9003774523735046,3.142432451248169,3.029796600341797,0.848190426826477,1.1420702934265137,0.9269823431968689,0.8737725615501404
2026-06-13T11:57:15.429928,30,1,-3630.978072218497,0,1.4555188417434692,1.460343837738037,1.7075201272964478,0.27416276931762695,0.27416279911994934,0.4807098984718323,0.3192901015281677,0.8,0.650422215461731,0.6833515763282776,0.10334828495979309,0.2045048177242279,0.03174988925457001,1,0.3192901015281677,1,0,0,-0.011191725730895996,0,3.322859048843384,1.1204230785369873,0.892675518989563,3.3988513946533203,3.2468667030334473,0.9825214743614197,1.2583247423171997,0.9190354347229004,0.8663156032562256
2026-06-13T11:57:18.281618,31,1,-3490.1563408815778,0,1.461448311805725,1.4660959243774414,1.7140920162200928,0.27405914664268494,0.2740592062473297,0.48302845954895024,0.3169715404510498,0.8,0.6223386526107788,0.6508849859237671,0.06607235968112946,0.27491453289985657,0.031024161726236343,1,0.3169715404510498,1,0,0,-0.010605931282043457,0,3.3233814239501953,1.1268351078033447,0.8840659856796265,3.399409770965576,3.2473528385162354,0.9893234372138977,1.264346718788147,0.9047532081604004,0.8633787035942078
2026-06-13T11:57:20.647178,32,1,-3531.2673430342747,0,1.3737822771072388,1.377413272857666,1.637637734413147,0.27875882387161255,0.2787588834762573,0.4812970638275147,0.31870293617248535,0.8,0.6434176564216614,0.6906367540359497,0.09762804210186005,0.16606035828590393,0.029099658131599426,1,0.31870293617248535,1,0,0,-0.010228157043457031,0,3.157644271850586,1.140542984008789,0.8885784149169922,3.2361295223236084,3.0791590213775635,1.0059349536895752,1.2751508951187134,0.9219498038291931,0.855207085609436
2026-06-13T11:57:22.567217,33,1,-3584.8513022325083,0,1.0437947511672974,1.0465768575668335,1.2884438037872314,0.2536042034626007,0.2536042034626007,0.4811873018741608,0.31881269812583923,0.8,0.6603535413742065,0.6741284728050232,0.0778142511844635,0.1907605528831482,0.00736625911667943,1,0.31881269812583923,1,0,0,-0.0093916654586792,0,2.762056589126587,0.9732520580291748,0.8941553831100464,2.8017396926879883,2.7223734855651855,0.821882963180542,1.1246211528778076,0.9245368242263794,0.8637740015983582
2026-06-13T11:57:25.184481,34,1,-3225.494737203631,0,1.350658655166626,1.3529784679412842,1.6401402950286865,0.2978823482990265,0.2978823482990265,0.4814520657062531,0.31854793429374695,0.8,0.6391446590423584,0.6974148750305176,0.10212332755327225,0.2364303469657898,0.014035804197192192,1,0.31854793429374695,1,0,0,-0.009380698204040527,0,3.0718984603881836,1.1679844856262207,0.90702885389328,3.1696338653564453,2.974163055419922,1.0471916198730469,1.2887773513793945,0.9420298933982849,0.8720278143882751
2026-06-13T11:57:26.681570,35,1,-3671.9411609492313,0,1.2378711700439453,1.2396281957626343,1.513680338859558,0.28188207745552063,0.28188207745552063,0.48246629834175114,0.3175337016582489,0.8,0.6639333963394165,0.7184765934944153,0.09416605532169342,0.15749599039554596,0.03394212946295738,1,0.3175337016582489,1,0,0,-0.00986182689666748,0,2.9080519676208496,1.1258081197738647,0.9177538156509399,2.9888815879821777,2.8272221088409424,0.9936214089393616,1.2579948902130127,0.9523967504501343,0.8831109404563904
2026-06-13T11:57:27.965422,36,1,-3894.0838300650676,0,1.0396143198013306,1.041966438293457,1.3147354125976562,0.2816005349159241,0.2816005349159241,0.48051528930664067,0.3194847106933594,0.8,0.6904714703559875,0.7379415035247803,0.07350446283817291,0.2745518088340759,0.008350804448127747,1,0.3194847106933594,1,0,0,-0.008208274841308594,0,2.609633445739746,1.0135046243667603,0.9017136693000793,2.690591335296631,2.5286757946014404,0.8807311654090881,1.1462780237197876,0.9382469058036804,0.8651804327964783
2026-06-13T11:57:29.368989,37,1,-3636.638701271804,0,1.198829174041748,1.200293779373169,1.4763612747192383,0.2823595404624939,0.2823595702648163,0.4826706230640412,0.31732937693595886,0.8,0.6657706499099731,0.7179802060127258,0.10282193124294281,0.10661535710096359,0.029658658429980278,1,0.31732937693595886,1,0,0,-0.009222269058227539,0,2.80173659324646,1.125693440437317,0.9071916937828064,2.883042097091675,2.720431089401245,0.9938840270042419,1.2575029134750366,0.9416905045509338,0.872692883014679
2026-06-13T11:57:30.617412,38,1,-3804.1250476884024,0,0.9251604676246643,0.9298276305198669,1.1750284433364868,0.2622610628604889,0.2622610926628113,0.4807396709918976,0.3192603290081024,0.8,0.6699564456939697,0.7067053318023682,0.11936067789793015,0.27311134338378906,0.020988725125789642,1,0.3192603290081024,1,0,0,-0.005026698112487793,0,2.350928544998169,0.9196652173995972,0.9120807647705078,2.4059367179870605,2.2959203720092773,0.77378910779953,1.065541386604309,0.946374237537384,0.8777872920036316
2026-06-13T11:57:31.940941,39,1,-3876.0867354286556,0,1.0589011907577515,1.06126070022583,1.3361544609069824,0.28384649753570557,0.28384649753570557,0.48021717667579655,0.3197828233242035,0.8,0.6922844648361206,0.7193852066993713,0.10680373758077621,0.14240802824497223,0.026140067726373672,1,0.3197828233242035,1,0,0,-0.008049488067626953,0,2.5738778114318848,1.0416967868804932,0.9231481552124023,2.6576545238494873,2.4901010990142822,0.9104512333869934,1.1729422807693481,0.959498405456543,0.8867979645729065
2026-06-13T11:57:33.356713,40,1,-3685.5470874563566,0,1.0256597995758057,1.0272119045257568,1.28333580493927,0.2622706890106201,0.2622706890106201,0.48006271123886113,0.3199372887611389,0.8,0.690716028213501,0.7352979183197021,0.10087022930383682,0.1377730518579483,0.011145658791065216,1,0.3199372887611389,1,0,0,-0.007512688636779785,0,2.49796462059021,1.0181212425231934,0.9237765073776245,2.559964179992676,2.435965061187744,0.8721161484718323,1.1641262769699097,0.9444777369499207,0.9030752182006836
2026-06-13T11:57:34.801717,41,1,-3885.9412090773926,0,1.0445584058761597,1.047609567642212,1.3109267950057983,0.2751710116863251,0.27517107129096985,0.4805447638034821,0.31945523619651794,0.8,0.6829911470413208,0.716532289981842,0.10834099352359772,0.2404475212097168,0.011177333071827888,1,0.31945523619651794,1,0,0,-0.00680696964263916,0,2.4749915599823,1.039177417755127,0.9252403974533081,2.548314332962036,2.4016687870025635,0.9019352197647095,1.176419734954834,0.9613132476806641,0.8891676068305969
2026-06-13T11:57:36.190242,42,1,-3564.4594904277656,0,1.1570338010787964,1.1577513217926025,1.4199676513671875,0.2653644382953644,0.2653644382953644,0.48068319559097294,0.3193168044090271,0.8,0.669418215751648,0.7171484231948853,0.10598938167095184,0.20575715601444244,0.03412919119000435,1,0.3193168044090271,1,0,0,-0.008192658424377441,0,2.668323516845703,1.1239348649978638,0.9408388137817383,2.732499599456787,2.60414719581604,0.9800942540168762,1.267775535583496,0.9669556617736816,0.9147219061851501
2026-06-13T11:57:37.447169,43,1,-3850.0926965537633,0,0.9749765992164612,0.9796819686889648,1.2324272394180298,0.270328551530838,0.2703285813331604,0.48103486299514775,0.3189651370048523,0.8,0.697921633720398,0.7294650077819824,0.09064978361129761,0.293803334236145,0.015776049345731735,1,0.3189651370048523,1,0,0,-0.00558161735534668,0,2.3597235679626465,0.9716318249702454,0.9300804734230042,2.431272268295288,2.288174629211426,0.8311853408813477,1.112078309059143,0.9543753862380981,0.9057855606079102
2026-06-13T11:57:39.087594,44,1,-3900.30777760315,0,1.1058731079101562,1.1083520650863647,1.3983620405197144,0.29932403564453125,0.29932403564453125,0.48021738529205327,0.3197826147079468,0.8,0.7400359511375427,0.7919772863388062,0.12467923760414124,0.1780371218919754,0.009651634842157364,1,0.3197826147079468,1,0,0,-0.008722305297851562,0,2.5742642879486084,1.090127944946289,0.9351288676261902,2.6766977310180664,2.4718308448791504,0.9701650142669678,1.2100908756256104,0.9612347483634949,0.9090229868888855
2026-06-13T11:57:40.297275,45,1,-4052.3691483748526,0,1.045453429222107,1.048034906387329,1.3006030321121216,0.2630493640899658,0.2630494236946106,0.4820705831050873,0.3179294168949127,0.8,0.7039647698402405,0.729295551776886,0.14115561544895172,0.2933962941169739,0.012632675468921661,1,0.3179294168949127,1,0,0,-0.006468534469604492,0,2.4100732803344727,1.043372631072998,0.9348465204238892,2.4684767723083496,2.3516697883605957,0.898279070854187,1.1884660720825195,0.9632487893104553,0.906444251537323
2026-06-13T11:57:41.611935,46,1,-3850.9093875934645,0,1.0304017066955566,1.0356413125991821,1.2942783832550049,0.27877992391586304,0.2787799835205078,0.4805380284786225,0.31946197152137756,0.8,0.7336570024490356,0.7588149309158325,0.10252368450164795,0.3193764090538025,0.023090729489922523,1,0.31946197152137756,1,0,0,-0.006028294563293457,0,2.362262725830078,1.0276650190353394,0.9351282119750977,2.4442009925842285,2.2803242206573486,0.8929203152656555,1.1624096632003784,0.9605046510696411,0.909751832485199
2026-06-13T11:57:42.782074,47,1,-3838.1975272770455,0,1.0126503705978394,1.0177236795425415,1.2652281522750854,0.2675052285194397,0.2675052583217621,0.48050685524940495,0.3194931447505951,0.8,0.7019270658493042,0.7241380214691162,0.11939910054206848,0.25877541303634644,0.01713317260146141,1,0.3194931447505951,1,0,0,-0.004962444305419922,0,2.3129382133483887,1.0069823265075684,0.9378097057342529,2.3808200359344482,2.245056390762329,0.8645324110984802,1.1494321823120117,0.9626905918121338,0.9129288792610168
2026-06-13T11:57:44.073343,48,1,-3747.3114719636415,0,1.071103572845459,1.0751523971557617,1.3310275077819824,0.2723270058631897,0.2723270356655121,0.48227466940879826,0.3177253305912018,0.8,0.7242922782897949,0.7587331533432007,0.06933983415365219,0.29878589510917664,0.014800907112658024,1,0.3177253305912018,1,0,0,-0.006051540374755859,0,2.3699686527252197,1.0687668323516846,0.935981035232544,2.4414756298065186,2.298461675643921,0.9299226403236389,1.2076109647750854,0.9650739431381226,0.9068880677223206
2026-06-13T11:57:45.430740,49,1,-4051.445235620295,0,1.108049988746643,1.1104891300201416,1.3729443550109863,0.2725691795349121,0.2725691795349121,0.48170893192291264,0.3182910680770874,0.8,0.717117190361023,0.7628079056739807,0.10056431591510773,0.2621319591999054,0.03916500508785248,1,0.3182910680770874,1,0,0,-0.006753444671630859,0,2.4523677825927734,1.1054188013076782,0.9444876909255981,2.52714467048645,2.3775906562805176,0.9666271805763245,1.2442104816436768,0.9662265181541443,0.922748863697052
2026-06-13T11:57:46.750117,50,1,-3911.437897792022,0,0.9854130148887634,0.9963691234588623,1.210647702217102,0.2600536048412323,0.2600536346435547,0.48015688657760625,0.3198431134223938,0.8,0.715628445148468,0.7573704123497009,0.08334586024284363,0.30230575799942017,0.03432126343250275,1,0.3198431134223938,1,0,0,-0.0015634894371032715,0,2.0733118057250977,0.9271104335784912,0.9308637976646423,2.1331229209899902,2.013500452041626,0.7796766757965088,1.0745441913604736,0.9470133185386658,0.9147142767906189
2026-06-13T11:57:49.165657,51,1,-3862.623304245615,0,1.0679391622543335,1.0746214389801025,1.3253803253173828,0.27784401178359985,0.27784407138824463,0.48201383948326115,0.3179861605167389,0.8,0.7320315837860107,0.7895691394805908,0.13601979613304138,0.30405592918395996,0.0173431858420372,1,0.3179861605167389,1,0,0,-0.005063652992248535,0,2.2799553871154785,1.0592262744903564,0.9357895851135254,2.3608930110931396,2.1990177631378174,0.9241243600845337,1.1943280696868896,0.9575930833816528,0.913986086845398
2026-06-13T11:57:50.842750,52,1,-3840.2223519589156,0,1.092613697052002,1.09962797164917,1.3327555656433105,0.2640562355518341,0.2640562653541565,0.48197658658027653,0.3180234134197235,0.8,0.7188116312026978,0.7547425031661987,0.09895741939544678,0.2790204584598541,0.038546256721019745,1,0.3180234134197235,1,0,0,-0.003552675247192383,0,2.1690673828125,1.0655968189239502,0.9294447302818298,2.2302114963531494,2.1079230308532715,0.9211480617523193,1.210045576095581,0.9555341601371765,0.9033553004264832
2026-06-13T11:57:52.826725,53,1,-3921.966185597335,0,1.14437997341156,1.148998737335205,1.403866171836853,0.27486366033554077,0.27486371994018555,0.4831978559494019,0.31680214405059814,0.8,0.6968299150466919,0.7637537717819214,0.11114506423473358,0.15711525082588196,0.041264504194259644,1,0.31680214405059814,1,0,0,-0.004314422607421875,0,2.331587314605713,1.1400957107543945,0.9285375475883484,2.406256675720215,2.256917715072632,1.0031696557998657,1.2770217657089233,0.9562254548072815,0.9008496403694153
2026-06-13T11:57:54.842967,54,1,-3934.0349836538644,0,1.1610755920410156,1.1647813320159912,1.42341148853302,0.27478793263435364,0.274787962436676,0.48403983116149907,0.315960168838501,0.8,0.6986167430877686,0.7615430355072021,0.10654843598604202,0.25806814432144165,0.036823369562625885,1,0.315960168838501,1,0,0,-0.004802346229553223,0,2.3785290718078613,1.1574512720108032,0.9108808636665344,2.4550838470458984,2.301974058151245,1.0206396579742432,1.2942628860473633,0.9303652048110962,0.8913965225219727
2026-06-13T11:57:56.876579,55,1,-4053.693966962592,0,1.1669164896011353,1.1739448308944702,1.4470481872558594,0.301724910736084,0.30172497034072876,0.48125236034393315,0.3187476396560669,0.8,0.7030468583106995,0.7310418486595154,0.09353922307491302,0.1623491644859314,0.030826978385448456,1,0.3187476396560669,1,0,0,-0.004609107971191406,0,2.3442888259887695,1.1632484197616577,0.9262201189994812,2.4491310119628906,2.2394464015960693,1.0452958345413208,1.2812010049819946,0.9484753012657166,0.9039649367332458
2026-06-13T11:57:58.775621,56,1,-3976.0604522150056,0,1.0701996088027954,1.0834112167358398,1.2908943891525269,0.26739850640296936,0.26739850640296936,0.481527316570282,0.318472683429718,0.8,0.6960200071334839,0.7327780723571777,0.09406448900699615,0.2514559030532837,0.02153214067220688,1,0.318472683429718,1,0,0,-0.001184225082397461,0,1.9911127090454102,0.9858143329620361,0.9205751419067383,2.0574951171875,1.9247304201126099,0.8434965014457703,1.1281321048736572,0.9469425678253174,0.894207775592804
2026-06-13T11:58:01.358113,57,1,-3923.752899111259,0,1.1000795364379883,1.111322283744812,1.325222373008728,0.2657358944416046,0.2657358944416046,0.4813020706176758,0.3186979293823242,0.8,0.7242456674575806,0.7746468782424927,0.09670262038707733,0.05925346165895462,0.01503701601177454,1,0.3186979293823242,1,0,0,-0.002348780632019043,0,2.024318218231201,1.0305466651916504,0.916264533996582,2.0911223888397217,1.9575140476226807,0.8870760202407837,1.174017310142517,0.9348514080047607,0.8976776003837585
2026-06-13T11:58:03.096836,58,1,-3989.458833296707,0,1.0853787660598755,1.1005868911743164,1.291971206665039,0.26433396339416504,0.2643339931964874,0.4818723380565644,0.31812766194343567,0.8,0.6864525079727173,0.7236340641975403,0.11320050805807114,0.2811974883079529,0.028818722814321518,1,0.31812766194343567,1,0,0,0.0,0,1.8955364227294922,0.9568153023719788,0.9101778268814087,1.9594597816467285,1.8316131830215454,0.8125292062759399,1.1011013984680176,0.9300936460494995,0.8902620673179626
2026-06-13T11:58:04.144287,59,1,-3931.2360820610184,0,1.0935559272766113,1.1086509227752686,1.2935006618499756,0.2596375346183777,0.2596375346183777,0.48119215965271,0.31880784034729004,0.8,0.6750888824462891,0.7301373481750488,0.06245033070445061,0.180806964635849,0.016642926260828972,1,0.31880784034729004,1,0,0,0.0,0,1.849228858947754,0.9414047002792358,0.920798659324646,1.9055910110473633,1.7928667068481445,0.7939072251319885,1.0889021158218384,0.9426486492156982,0.8989487290382385
2026-06-13T11:58:05.201946,60,1,-3767.8606273206246,0,1.0864663124084473,1.0978695154190063,1.3059004545211792,0.26112303137779236,0.26112306118011475,0.4804587543010712,0.31954124569892883,0.8,0.7386322021484375,0.7972564697265625,0.11450184881687164,0.26424428820610046,0.024642517790198326,1,0.31954124569892883,1,0,0,-0.0014557838439941406,0,1.9900236129760742,1.0025639533996582,0.9151839017868042,2.046478271484375,1.9335689544677734,0.855887234210968,1.1492407321929932,0.9439146518707275,0.8864531517028809
2026-06-13T11:58:06.376755,61,1,-3867.3927145810635,0,1.0571808815002441,1.0696347951889038,1.272798776626587,0.26031264662742615,0.26031267642974854,0.4829428374767304,0.31705716252326965,0.8,0.6899682283401489,0.7368130683898926,0.08132296800613403,0.13764408230781555,0.015313705429434776,1,0.31705716252326965,1,0,0,-0.0011565685272216797,0,1.9671549797058105,0.9605447053909302,0.9126474261283875,2.022459030151367,1.911850929260254,0.8138338923454285,1.107255458831787,0.9360721707344055,0.8892226815223694
2026-06-13T11:58:07.484919,62,1,-3839.3815061417977,0,1.0601907968521118,1.0732707977294922,1.2749427556991577,0.2618727684020996,0.261872798204422,0.4805270910263062,0.31947290897369385,0.8,0.7151975631713867,0.7519813179969788,0.10458172857761383,0.2074400782585144,0.018336588516831398,1,0.31947290897369385,1,0,0,-0.00023746490478515625,0,1.9636117219924927,0.9622550010681152,0.9126213788986206,2.021764039993286,1.9054594039916992,0.8160820603370667,1.1084280014038086,0.9403253197669983,0.8849174976348877
2026-06-13T11:58:08.586243,63,1,-3912.644876416597,0,1.0985665321350098,1.1073416471481323,1.3232780694961548,0.2568769156932831,0.25687697529792786,0.48058803677558903,0.319411963224411,0.8,0.7177474498748779,0.7333100438117981,0.10454027354717255,0.23200008273124695,0.010552359744906425,1,0.319411963224411,1,0,0,-0.0020815134048461914,0,2.0452373027801514,1.0357763767242432,0.9096721410751343,2.097381114959717,1.993093490600586,0.8863760232925415,1.1851766109466553,0.931272566318512,0.8880717754364014
2026-06-13T11:58:09.641901,64,1,-3925.0165838393123,0,1.0856682062149048,1.0967696905136108,1.2973893880844116,0.2539224624633789,0.2539224624633789,0.4801976263523102,0.3198023736476898,0.8,0.6667220592498779,0.706993043422699,0.09751047194004059,0.2536059021949768,0.006628178991377354,1,0.3198023736476898,1,0,0,-0.0003908872604370117,0,1.9312126636505127,0.9762016534805298,0.9229013323783875,1.9751765727996826,1.8872488737106323,0.8248369097709656,1.1275663375854492,0.9498140215873718,0.8959886431694031
2026-06-13T11:58:10.797054,65,1,-3982.3253053303315,0,1.0866131782531738,1.0942597389221191,1.3199106454849243,0.25998950004577637,0.25998952984809875,0.48107622861862187,0.3189237713813782,0.8,0.7132230997085571,0.7286865711212158,0.11265455931425095,0.19321563839912415,0.026628617197275162,1,0.3189237713813782,1,0,0,-0.003142237663269043,0,2.1145577430725098,1.0456064939498901,0.9228135943412781,2.166516065597534,2.0625994205474854,0.8983145356178284,1.1928983926773071,0.954961895942688,0.8906652927398682
2026-06-13T11:58:11.938431,66,1,-3659.824970325655,0,1.1143718957901,1.1214998960494995,1.3538451194763184,0.2644273638725281,0.26442739367485046,0.480103212594986,0.31989678740501404,0.8,0.725053608417511,0.7639906406402588,0.10810143500566483,0.20132631063461304,0.009903976693749428,1,0.31989678740501404,1,0,0,-0.003552675247192383,0,2.1598587036132812,1.0857268571853638,0.9268301129341125,2.219221830368042,2.1004955768585205,0.9411497712135315,1.2303038835525513,0.9608445167541504,0.8928157091140747
2026-06-13T11:58:12.979657,67,1,-3888.342003480525,0,1.0771757364273071,1.0897585153579712,1.2809627056121826,0.25263601541519165,0.25263604521751404,0.4812275350093842,0.31877246499061584,0.8,0.7159762382507324,0.7655649781227112,0.08155523240566254,0.17763015627861023,0.023170698434114456,1,0.31877246499061584,1,0,0,0.0,0,1.8738126754760742,0.9372294545173645,0.929039716720581,1.916669249534607,1.830955982208252,0.7852556705474854,1.0892032384872437,0.9507480263710022,0.9073314666748047
2026-06-13T11:58:14.299410,68,1,-3817.187083843547,0,1.09481680393219,1.1002273559570312,1.321393370628357,0.24655795097351074,0.24655801057815552,0.48149864673614506,0.318501353263855,0.8,0.7164368629455566,0.7419638633728027,0.12591898441314697,0.20787987112998962,0.026333315297961235,1,0.318501353263855,1,0,0,-0.002352595329284668,0,2.0553653240203857,1.036301851272583,0.9229985475540161,2.078486919403076,2.0322437286376953,0.8805893659591675,1.192014217376709,0.9470778107643127,0.8989192843437195
2026-06-13T11:58:15.672039,69,1,-3857.720923044019,0,1.0700873136520386,1.0779507160186768,1.297988772392273,0.25555428862571716,0.25555431842803955,0.48153700232505803,0.318462997674942,0.8,0.684598445892334,0.7302132844924927,0.09202911704778671,0.30964523553848267,0.01989244855940342,1,0.318462997674942,1,0,0,-0.0018497705459594727,0,2.0750808715820312,1.0170047283172607,0.9277806878089905,2.121666193008423,2.0284957885742188,0.8669463396072388,1.1670629978179932,0.9536067247390747,0.9019546508789062
2026-06-13T11:58:17.028063,70,1,-4075.636727676764,0,1.080438494682312,1.0898678302764893,1.3284306526184082,0.2781662940979004,0.2781663239002228,0.48167626857757573,0.3183237314224243,0.8,0.7115033864974976,0.7475941181182861,0.12311272323131561,0.2977747619152069,0.015837814658880234,1,0.3183237314224243,1,0,0,-0.0037021636962890625,0,2.178783416748047,1.0549019575119019,0.9252174496650696,2.255570411682129,2.101996421813965,0.9199569821357727,1.1898469924926758,0.960233211517334,0.8902016878128052
2026-06-13T11:58:18.229452,71,1,-3690.0996687562415,0,1.0706555843353271,1.0829906463623047,1.2868021726608276,0.2609681487083435,0.2609681785106659,0.4823621988296509,0.3176378011703491,0.8,0.7307608127593994,0.7573765516281128,0.11316931992769241,0.2405233532190323,0.02745412290096283,1,0.3176378011703491,1,0,0,-0.0003179311752319336,0,1.9606528282165527,0.9739360809326172,0.931254506111145,2.0163190364837646,1.9049867391586304,0.8275372385978699,1.1203348636627197,0.9575624465942383,0.904946506023407
2026-06-13T11:58:19.474403,72,1,-3953.1363461062874,0,1.0463305711746216,1.0599792003631592,1.2695503234863281,0.26957038044929504,0.26957041025161743,0.48161562085151677,0.3183843791484833,0.8,0.6814621090888977,0.7412243485450745,0.07794664800167084,0.20858052372932434,0.010256143286824226,1,0.3183843791484833,1,0,0,-0.0011097192764282227,0,2.0096306800842285,0.9682483673095703,0.9298965334892273,2.078350067138672,1.940911054611206,0.8274059295654297,1.109090805053711,0.9578820466995239,0.9019110202789307
2026-06-13T11:58:21.312149,73,1,-3984.9928244414295,0,1.0538731813430786,1.0679566860198975,1.278840184211731,0.2726798355579376,0.2726798951625824,0.481780219078064,0.31821978092193604,0.8,0.6923251152038574,0.7268848419189453,0.10031428188085556,0.1795426905155182,0.017247818410396576,1,0.31821978092193604,1,0,0,-0.0006362199783325195,0,2.0163469314575195,0.9782871007919312,0.9199163913726807,2.0907554626464844,1.9419381618499756,0.83958500623703,1.1169891357421875,0.943176805973053,0.8966559171676636
2026-06-13T11:58:22.702180,74,1,-3926.1824814972833,0,1.0356920957565308,1.0504004955291748,1.2511231899261475,0.2664068937301636,0.26640695333480835,0.48112859129905705,0.318871408700943,0.8,0.6946775913238525,0.7339684367179871,0.10172127187252045,0.2944079041481018,0.017016049474477768,1,0.318871408700943,1,0,0,-2.4199485778808594e-05,0,1.96998929977417,0.9389297962188721,0.9215167164802551,2.0365145206451416,1.9034641981124878,0.7958709597587585,1.0819886922836304,0.9445016980171204,0.8985317349433899
2026-06-13T11:58:23.953440,75,1,-3859.670472650804,0,1.0416549444198608,1.0539571046829224,1.2502633333206177,0.25360673666000366,0.25360676646232605,0.4806544959545136,0.31934550404548645,0.8,0.7203410863876343,0.7658989429473877,0.11282307654619217,0.228540301322937,0.01982961595058441,1,0.31934550404548645,1,0,0,0.0,0,1.9191577434539795,0.9212057590484619,0.9277799725532532,1.9606876373291016,1.8776277303695679,0.7697320580482483,1.0726795196533203,0.9565263986587524,0.8990335464477539
2026-06-13T11:58:25.074843,76,1,-3735.3853500046416,0,1.0388703346252441,1.050785779953003,1.2554576396942139,0.25843721628189087,0.25843721628189087,0.4805505752563477,0.31944942474365234,0.8,0.6966177225112915,0.7518661022186279,0.09806530177593231,0.1306157112121582,0.01499750092625618,1,0.31944942474365234,1,0,0,-2.1576881408691406e-05,0,1.990943193435669,0.9516481757164001,0.920691967010498,2.0467686653137207,1.9351177215576172,0.8032454252243042,1.100050926208496,0.939982533454895,0.9014014601707458
2026-06-13T11:58:26.347454,77,1,-3871.6681707528523,0,1.0716694593429565,1.0753616094589233,1.3171252012252808,0.2576369345188141,0.2576369643211365,0.4826325953006745,0.31736740469932556,0.8,0.7114406824111938,0.7398957014083862,0.10881070792675018,0.1647246927022934,0.009986747987568378,1,0.31736740469932556,1,0,0,-0.004159688949584961,0,2.283569097518921,1.0633429288864136,0.9350296258926392,2.3339335918426514,2.2332046031951904,0.9148382544517517,1.2118475437164307,0.9593258500099182,0.9107333421707153
2026-06-13T11:58:27.568923,78,1,-3866.6181010353666,0,1.0249924659729004,1.035526990890503,1.2541931867599487,0.26366928219795227,0.26366931200027466,0.4831380724906922,0.31686192750930786,0.8,0.7144056558609009,0.7302799224853516,0.1386653631925583,0.284747838973999,0.029460012912750244,1,0.31686192750930786,1,0,0,-0.00047385692596435547,0,2.0756664276123047,0.9701315760612488,0.934715747833252,2.138363838195801,2.0129692554473877,0.8256579637527466,1.114605188369751,0.9519435167312622,0.9174880385398865
2026-06-13T11:58:28.777873,79,1,-3845.9987845018427,0,1.0457626581192017,1.0557763576507568,1.2806025743484497,0.26756471395492554,0.2675647437572479,0.48105354905128483,0.3189464509487152,0.8,0.7124611139297485,0.7588179707527161,0.115292489528656,0.20086398720741272,0.030954845249652863,1,0.3189464509487152,1,0,0,-0.0013622045516967773,0,2.116502285003662,1.0033981800079346,0.9197468757629395,2.185511350631714,2.0474929809570312,0.8610972166061401,1.1456992626190186,0.9402374029159546,0.8992563486099243
2026-06-13T11:58:30.062749,80,1,-3793.994985968464,0,1.028921127319336,1.0392149686813354,1.2632631063461304,0.2673700153827667,0.2673700153827667,0.48080282211303715,0.3191971778869629,0.8,0.722563624382019,0.7383819818496704,0.10671639442443848,0.21399450302124023,0.011988191865384579,1,0.3191971778869629,1,0,0,-0.002131342887878418,0,2.1165049076080322,0.986104428768158,0.92314213514328,2.1851394176483154,2.047870397567749,0.843623161315918,1.128585696220398,0.9445921778678894,0.9016920924186707
2026-06-13T11:58:31.551599,81,1,-3774.084303500215,0,1.0862215757369995,1.0906875133514404,1.3383733034133911,0.2665899097919464,0.2665899693965912,0.4824819445610047,0.31751805543899536,0.8,0.7081214189529419,0.7478694915771484,0.11519394814968109,0.2503493130207062,0.009178624488413334,1,0.31751805543899536,1,0,0,-0.003925800323486328,0,2.3040456771850586,1.0799586772918701,0.933975100517273,2.3704283237457275,2.2376627922058105,0.9372908473014832,1.2226264476776123,0.9550381898880005,0.9129120111465454
2026-06-13T11:58:32.974714,82,1,-3872.4685505148923,0,1.0560543537139893,1.063544511795044,1.3177862167358398,0.2837516665458679,0.2837517261505127,0.4813355386257172,0.31866446137428284,0.8,0.7214910387992859,0.7419556379318237,0.16749222576618195,0.28179222345352173,0.01969926804304123,1,0.31866446137428284,1,0,0,-0.0038721561431884766,0,2.2873120307922363,1.0481120347976685,0.9366499185562134,2.373775005340576,2.2008492946624756,0.9170224070549011,1.1792017221450806,0.9636023640632629,0.909697413444519
2026-06-13T11:58:34.191307,83,1,-3800.5417318007003,0,1.027530550956726,1.0377532243728638,1.2708537578582764,0.2746787369251251,0.2746787369251251,0.48023610115051274,0.3197638988494873,0.8,0.6922122240066528,0.7380661964416504,0.13526850938796997,0.2220846712589264,0.021906215697526932,1,0.3197638988494873,1,0,0,-0.0024439096450805664,0,2.1601569652557373,0.997331976890564,0.9398055672645569,2.233930826187134,2.086383104324341,0.8596897125244141,1.1349742412567139,0.9740731120109558,0.905538022518158
2026-06-13T11:58:35.615907,84,1,-3749.4380733367716,0,1.0745832920074463,1.0791867971420288,1.333847165107727,0.27343547344207764,0.27343547344207764,0.48073260784149174,0.3192673921585083,0.8,0.7220270037651062,0.7571573257446289,0.10184167325496674,0.08150478452444077,0.016635866835713387,1,0.3192673921585083,1,0,0,-0.00488889217376709,0,2.350590229034424,1.0720382928848267,0.9450294971466064,2.4187283515930176,2.282451868057251,0.9336433410644531,1.2104332447052002,0.9861018061637878,0.903957188129425
2026-06-13T11:58:37.236001,85,1,-3741.9459155805703,0,1.138539433479309,1.141937494277954,1.434007167816162,0.3050479292869568,0.3050479590892792,0.48229988217353825,0.3177001178264618,0.8,0.7147828936576843,0.7223204970359802,0.13336153328418732,0.17969903349876404,0.021906312555074692,1,0.3177001178264618,1,0,0,-0.006502509117126465,0,2.545011520385742,1.1284458637237549,0.9569469690322876,2.643218517303467,2.4468047618865967,1.0132219791412354,1.2436697483062744,1.0050324201583862,0.9088615775108337
2026-06-13T11:58:38.550510,86,1,-3798.55482067307,0,0.9905389547348022,0.9976831078529358,1.2377797365188599,0.2680494785308838,0.2680494785308838,0.48020358681678776,0.3197964131832123,0.8,0.7373801469802856,0.7681153416633606,0.11040319502353668,0.22834619879722595,0.015942025929689407,1,0.3197964131832123,1,0,0,-0.003191649913787842,0,2.2405152320861816,0.9758968353271484,0.9420572519302368,2.301833152770996,2.1791975498199463,0.8337506651878357,1.1180429458618164,0.982082724571228,0.9020317196846008
2026-06-13T11:58:39.953613,87,1,-3722.7768209289657,0,1.0807057619094849,1.0832581520080566,1.3402645587921143,0.2675361633300781,0.2675361633300781,0.4809237897396088,0.31907621026039124,0.8,0.7212263345718384,0.7455942630767822,0.12790396809577942,0.2590704560279846,0.02245887741446495,1,0.31907621026039124,1,0,0,-0.0061299800872802734,0,2.445824146270752,1.0782601833343506,0.9436082243919373,2.506469488143921,2.385178565979004,0.9359142184257507,1.2206062078475952,0.9824946522712708,0.9047217965126038
2026-06-13T11:58:41.271846,88,1,-3700.5527249947054,0,1.0135000944137573,1.0197486877441406,1.269938349723816,0.27440813183784485,0.27440816164016724,0.4815120875835419,0.31848791241645813,0.8,0.7236101627349854,0.7441038489341736,0.1256261020898819,0.2622981667518616,0.02172921411693096,1,0.31848791241645813,1,0,0,-0.0041348934173583984,0,2.305175304412842,1.006816029548645,0.9328276515007019,2.379317045211792,2.2310335636138916,0.8692424893379211,1.1443895101547241,0.9634081721305847,0.9022471308708191
2026-06-13T11:58:42.538181,89,1,-3682.9999303889917,0,1.0476592779159546,1.0517189502716064,1.3138635158538818,0.2779255211353302,0.2779255509376526,0.48106997013092045,0.3189300298690796,0.8,0.7213029861450195,0.7522038817405701,0.12333548814058304,0.302864670753479,0.01744561456143856,1,0.3189300298690796,1,0,0,-0.005313754081726074,0,2.4064412117004395,1.0456750392913818,0.9358729124069214,2.4868061542510986,2.3260765075683594,0.9104418754577637,1.1809080839157104,0.9619994163513184,0.9097464680671692
2026-06-13T11:58:44.045135,90,1,-3804.0618647785905,0,1.1703177690505981,1.1720612049102783,1.4751441478729248,0.3097466826438904,0.30974671244621277,0.4819914281368256,0.31800857186317444,0.8,0.7351845502853394,0.7798817753791809,0.10873116552829742,0.12271831929683685,0.03451697900891304,1,0.31800857186317444,1,0,0,-0.008278489112854004,0,2.65187406539917,1.1414947509765625,0.9434922933578491,2.761687755584717,2.542060136795044,1.0298205614089966,1.2531689405441284,0.9709179401397705,0.916066586971283
2026-06-13T11:58:45.465257,91,1,-3897.6474334838754,0,0.9643586874008179,0.9720851182937622,1.2177177667617798,0.2744031548500061,0.2744031846523285,0.48023297190666203,0.319767028093338,0.8,0.7105423808097839,0.7355698347091675,0.14443537592887878,0.3455314040184021,0.02761075273156166,1,0.319767028093338,1,0,0,-0.0036044716835021973,0,2.2735466957092285,0.954107403755188,0.9393672347068787,2.345885753631592,2.201207399368286,0.8162753582000732,1.0919394493103027,0.9758653044700623,0.9028691649436951
2026-06-13T11:58:47.012678,92,1,-3747.4387738590813,0,0.9834890961647034,0.9908479452133179,1.2540184259414673,0.2894608974456787,0.2894609272480011,0.48001663684844975,0.3199833631515503,0.8,0.7276596426963806,0.7500405311584473,0.11553183197975159,0.13203027844429016,0.016909677535295486,1,0.3199833631515503,1,0,0,-0.004742860794067383,0,2.3487279415130615,0.980486273765564,0.9428281784057617,2.4389798641204834,2.2584760189056396,0.8532240986824036,1.1077483892440796,0.9782721400260925,0.9073841571807861
2026-06-13T11:58:48.410037,93,1,-3874.4280408715967,0,1.0556401014328003,1.0612119436264038,1.3437793254852295,0.3027195632457733,0.3027196228504181,0.4802357733249665,0.31976422667503357,0.8,0.7050871253013611,0.7361576557159424,0.105067178606987,0.18973973393440247,0.018554024398326874,1,0.31976422667503357,1,0,0,-0.005826592445373535,0,2.433537721633911,1.0540378093719482,0.9525068998336792,2.537446975708008,2.3296284675598145,0.936633825302124,1.171441674232483,0.9838353991508484,0.9211783409118652
2026-06-13T11:58:50.080560,94,1,-3631.971375590585,0,1.0992683172225952,1.1014182567596436,1.3815680742263794,0.2884697914123535,0.2884697914123535,0.48114382028579716,0.3188561797142029,0.8,0.7529808282852173,0.7895364165306091,0.14718428254127502,0.16796566545963287,0.033267900347709656,1,0.3188561797142029,1,0,0,-0.007636904716491699,0,2.560612201690674,1.0859135389328003,0.9418056011199951,2.6515300273895264,2.469694137573242,0.9581604599952698,1.2136666774749756,0.9706220030784607,0.9129891395568848
2026-06-13T11:58:51.435362,95,1,-3976.9483481710186,0,0.970162034034729,0.9820312261581421,1.24410080909729,0.3030700087547302,0.303070068359375,0.4808588802814484,0.31914111971855164,0.8,0.7091285586357117,0.752608597278595,0.12989944219589233,0.28762105107307434,0.010795190930366516,1,0.31914111971855164,1,0,0,-0.00334012508392334,0,2.2777249813079834,0.9607799053192139,0.943740725517273,2.38039231300354,2.1750576496124268,0.8437657952308655,1.077794075012207,0.9788103103637695,0.9086712002754211
2026-06-13T11:58:52.893568,96,1,-3995.27848166384,0,1.0096421241760254,1.017305612564087,1.304730772972107,0.31328362226486206,0.31328362226486206,0.4801197230815888,0.31988027691841125,0.8,0.7458836436271667,0.7741846442222595,0.15750570595264435,0.16344833374023438,0.01871596649289131,1,0.31988027691841125,1,0,0,-0.00596928596496582,0,2.414249897003174,1.0082659721374512,0.9492664337158203,2.5222716331481934,2.3062281608581543,0.8989732265472412,1.1175587177276611,0.9936200976371765,0.9049127697944641
2026-06-13T11:58:54.248335,97,1,-3886.9354897567937,0,0.9636807441711426,0.9735302925109863,1.2452797889709473,0.3048417866230011,0.3048418164253235,0.4814377009868622,0.3185622990131378,0.8,0.7309448719024658,0.7548529505729675,0.13374629616737366,0.22655069828033447,0.017108861356973648,1,0.3185622990131378,1,0,0,-0.0047051310539245605,0,2.33494234085083,0.9601956009864807,0.9502757787704468,2.4379239082336426,2.2319610118865967,0.8446431159973145,1.075748085975647,0.9878647327423096,0.9126868844032288
2026-06-13T11:58:55.673191,98,1,-3933.6814420424407,0,1.009508490562439,1.0158462524414062,1.3145031929016113,0.3194248676300049,0.31942489743232727,0.4804132461547852,0.31958675384521484,0.8,0.7397998571395874,0.7639108896255493,0.13062109053134918,0.17911727726459503,0.012541291303932667,1,0.31958675384521484,1,0,0,-0.006449580192565918,0,2.462918758392334,1.006279706954956,0.9495052099227905,2.5803239345550537,2.3455135822296143,0.9019026756286621,1.1106568574905396,0.9787518978118896,0.9202584624290466
2026-06-13T11:58:57.208270,99,1,-3767.416965046757,0,0.9191306829452515,0.9278589487075806,1.1731268167495728,0.27618375420570374,0.27618375420570374,0.4809261739253998,0.3190738260746002,0.8,0.7128096222877502,0.7569007873535156,0.0941939651966095,0.3748825788497925,0.02813040092587471,1,0.3190738260746002,1,0,0,-0.0035976767539978027,0,2.2696402072906494,0.9080818295478821,0.9434766173362732,2.3442890644073486,2.19499135017395,0.771613597869873,1.0445500612258911,0.9789167046546936,0.9080365300178528
2026-06-13T11:58:59.254483,100,1,-3532.4769290184777,0,0.9394598603248596,0.9447791576385498,1.2108293771743774,0.28426313400268555,0.28426316380500793,0.4825335025787354,0.31746649742126465,0.8,0.7399459481239319,0.8033322095870972,0.12499843537807465,0.21873709559440613,0.023019948974251747,1,0.31746649742126465,1,0,0,-0.005633533000946045,0,2.407371997833252,0.93800950050354,0.9483413100242615,2.48862624168396,2.326117753982544,0.8075211644172668,1.068497896194458,0.9879238605499268,0.9087587594985962
2026-06-13T11:59:01.882519,101,1,-3799.287612190801,0,0.9931408166885376,0.9998178482055664,1.2816135883331299,0.3044927716255188,0.3044928014278412,0.4821041107177735,0.31789588928222656,0.8,0.7474665641784668,0.7599435448646545,0.13808782398700714,0.3137620985507965,0.0198882557451725,1,0.31789588928222656,1,0,0,-0.005716085433959961,0,2.420553684234619,0.9916297197341919,0.9492377042770386,2.5202338695526123,2.320873498916626,0.8759439587593079,1.1073154211044312,0.9933412671089172,0.9051341414451599
2026-06-13T11:59:03.530903,102,1,-3937.5595291321156,0,0.8883247971534729,0.9072873592376709,1.1460179090499878,0.30173131823539734,0.3017313480377197,0.4802434921264649,0.31975650787353516,0.8,0.705744743347168,0.7337375283241272,0.12790612876415253,0.02303093671798706,0.014062376692891121,1,0.31975650787353516,1,0,0,-0.0007940530776977539,0,2.169198989868164,0.856835663318634,0.9589582681655884,2.2706713676452637,2.0677268505096436,0.7386865615844727,0.9749847650527954,0.9950861930847168,0.92283034324646
2026-06-13T11:59:05.402862,103,1,-4224.225578748742,0,1.128688097000122,1.1306941509246826,1.4790374040603638,0.3547893762588501,0.3547894060611725,0.4809501647949219,0.3190498352050781,0.8,0.7207874059677124,0.7590484619140625,0.15247130393981934,0.20876449346542358,0.008019115775823593,1,0.3190498352050781,1,0,0,-0.00921475887298584,0,2.698521614074707,1.0883196592330933,0.9804509878158569,2.8337552547454834,2.5632882118225098,1.0138537883758545,1.162785530090332,1.0206371545791626,0.940264880657196
2026-06-13T11:59:06.976701,104,1,-3727.8223993191955,0,0.8917474746704102,0.9059674739837646,1.1449288129806519,0.2875170111656189,0.28751707077026367,0.4812577545642853,0.3187422454357147,0.8,0.7279094457626343,0.7677850127220154,0.15113230049610138,0.28837305307388306,0.01594216749072075,1,0.3187422454357147,1,0,0,-0.002301454544067383,0,2.1975643634796143,0.8673224449157715,0.9554458260536194,2.2827861309051514,2.112342596054077,0.7389060854911804,0.9957388639450073,0.996012270450592,0.9148793816566467
2026-06-13T11:59:08.692510,105,1,-3869.0636814663585,0,0.8989388942718506,0.9159902334213257,1.152419924736023,0.2946963906288147,0.29469648003578186,0.4802744269371033,0.31972557306289673,0.8,0.7258056402206421,0.764898955821991,0.12572899460792542,0.17441561818122864,0.01314214151352644,1,0.31972557306289673,1,0,0,-0.0017075538635253906,0,2.167372226715088,0.8671460151672363,0.9549096822738647,2.2589778900146484,2.0757668018341064,0.7437583804130554,0.990533709526062,0.9989553093910217,0.910863995552063
2026-06-13T11:59:10.194879,106,1,-3593.5672837859493,0,0.8899499177932739,0.8996565341949463,1.1396856307983398,0.2738338112831116,0.27383384108543396,0.48039515614509587,0.3196048438549042,0.8,0.73894202709198,0.7786684632301331,0.11642810702323914,0.2548050284385681,0.022264370694756508,1,0.3196048438549042,1,0,0,-0.0033220648765563965,0,2.2380223274230957,0.8739933967590332,0.9563009738922119,2.306018829345703,2.1700258255004883,0.7358035445213318,1.0121831893920898,0.9989256262779236,0.9136762619018555
2026-06-13T11:59:11.733447,107,1,-3890.599933793354,0,0.864783763885498,0.8838372826576233,1.1273592710494995,0.3043361306190491,0.30433619022369385,0.48160963058471684,0.3183903694152832,0.8,0.748664379119873,0.7709432244300842,0.11517728120088577,0.15173809230327606,0.01369118969887495,1,0.3183903694152832,1,0,0,-0.0015736818313598633,0,2.188460350036621,0.8374617099761963,0.9580504894256592,2.285996913909912,2.090924024581909,0.7215584516525269,0.9533650279045105,1.007001280784607,0.9090996980667114
2026-06-13T11:59:13.414513,108,1,-3815.14441823843,0,0.9050852060317993,0.9158135652542114,1.1774587631225586,0.29663681983947754,0.2966368496417999,0.4810393631458283,0.31896063685417175,0.8,0.7369378805160522,0.7679630517959595,0.12474925071001053,0.2223500907421112,0.017712237313389778,1,0.31896063685417175,1,0,0,-0.0036202669143676758,0,2.301784038543701,0.8991290330886841,0.966835618019104,2.392359733581543,2.2112085819244385,0.7773283123970032,1.0209296941757202,1.0157705545425415,0.9179006814956665
2026-06-13T11:59:14.999361,109,1,-3868.846782815046,0,0.8788487315177917,0.889345645904541,1.1371266841888428,0.2827647924423218,0.28276482224464417,0.4824058592319489,0.31759414076805115,0.8,0.723358154296875,0.7653966546058655,0.12602224946022034,0.16833288967609406,0.00609245989471674,1,0.31759414076805115,1,0,0,-0.0029053688049316406,0,2.2558131217956543,0.8665369749069214,0.973563551902771,2.332400321960449,2.1792256832122803,0.734961211681366,0.998112678527832,1.018715739250183,0.9284114241600037
2026-06-13T11:59:16.358579,110,1,-4008.841401655688,0,0.8574725389480591,0.8774541616439819,1.1294227838516235,0.3132968544960022,0.3132968842983246,0.48170022964477544,0.3182997703552246,0.8,0.7114584445953369,0.7261252999305725,0.13252592086791992,0.27042829990386963,0.02816329523921013,1,0.3182997703552246,1,0,0,-0.001778244972229004,0,2.2069272994995117,0.8347272872924805,0.965180516242981,2.3107144832611084,2.103140115737915,0.7257601022720337,0.943694531917572,1.0169787406921387,0.913382351398468
2026-06-13T11:59:17.932798,111,1,-3951.329146660287,0,0.9570609927177429,0.9623111486434937,1.2590420246124268,0.31325098872184753,0.31325098872184753,0.4808751523494721,0.31912484765052795,0.8,0.7527653574943542,0.7819374203681946,0.14035063982009888,0.23357847332954407,0.004221257753670216,1,0.31912484765052795,1,0,0,-0.007271766662597656,0,2.499174118041992,0.9516403675079346,0.97739577293396,2.600674629211426,2.3976736068725586,0.8424729108810425,1.0608078241348267,1.034319281578064,0.9204723238945007
2026-06-13T11:59:19.496588,112,1,-4010.320658935453,0,1.177858829498291,1.1802363395690918,1.5053492784500122,0.3336234390735626,0.3336234390735626,0.4803712844848633,0.3196287155151367,0.8,0.7561858892440796,0.7965450882911682,0.16995739936828613,0.22813701629638672,0.015594502910971642,1,0.3196287155151367,1,0,0,-0.010785579681396484,0,2.8236165046691895,1.099015712738037,0.9919286370277405,2.9337315559387207,2.713501453399658,1.0062206983566284,1.1918107271194458,1.0612423419952393,0.9226149320602417
2026-06-13T11:59:20.972133,113,1,-3684.0939976556765,0,1.0361430644989014,1.0400164127349854,1.3444560766220093,0.31737220287323,0.31737220287323,0.4813812851905823,0.3186187148094177,0.8,0.7574607729911804,0.7683707475662231,0.17032799124717712,0.23258036375045776,0.01714346930384636,1,0.3186187148094177,1,0,0,-0.008049845695495605,0,2.5683951377868652,1.0222917795181274,0.9875432252883911,2.667586326599121,2.4692041873931885,0.9164738059043884,1.1281096935272217,1.0534459352493286,0.9216405153274536
2026-06-13T11:59:22.650596,114,1,-4140.1009027948,0,1.3387280702590942,1.341469645500183,1.7000751495361328,0.36870840191841125,0.36870843172073364,0.4804466843605042,0.31955331563949585,0.8,0.7560956478118896,0.792483925819397,0.16100016236305237,0.1977664828300476,0.029893070459365845,1,0.31955331563949585,1,0,0,-0.012156963348388672,0,3.0296378135681152,1.1812108755111694,1.022135853767395,3.15692400932312,2.9023518562316895,1.1192325353622437,1.2431892156600952,1.0962001085281372,0.9480715394020081
2026-06-13T11:59:24.019904,115,1,-3994.358652192543,0,1.0460898876190186,1.0500504970550537,1.3701915740966797,0.33285459876060486,0.332854688167572,0.48058893084526066,0.3194110691547394,0.8,0.749990701675415,0.7863304615020752,0.17628848552703857,0.26286444067955017,0.017858389765024185,1,0.3194110691547394,1,0,0,-0.008433938026428223,0,2.597217559814453,1.0273265838623047,0.996946394443512,2.7056970596313477,2.4887382984161377,0.9339345693588257,1.1207187175750732,1.0677701234817505,0.9261226654052734
2026-06-13T11:59:25.764275,116,1,-3496.106906677119,0,1.690882682800293,1.699912428855896,2.122447967529297,0.45733392238616943,0.4573339819908142,0.4539987921714783,0.34600120782852173,0.8,0.5641912817955017,0.6820881962776184,0.15961498022079468,0.2124146819114685,0.08993107825517654,0,0.34600120782852173,1,1,0,-0.008099675178527832,0,3.460601329803467,1.3158175945281982,1.0532293319702148,3.6073267459869385,3.313875675201416,1.3398489952087402,1.2917861938476562,1.141678810119629,0.9647797346115112
2026-06-13T11:59:27.010726,117,1,-3889.6833799813476,0,0.853897750377655,0.8766424655914307,1.080917239189148,0.28476130962371826,0.28476133942604065,0.481339979171753,0.31866002082824707,0.8,0.7048128247261047,0.7391715049743652,0.1386394202709198,0.2856588363647461,0.021224845200777054,1,0.31866002082824707,1,0,0,0.0,0,2.0249392986297607,0.7666194438934326,0.9723343849182129,2.094175338745117,1.9557033777236938,0.6362481117248535,0.8969907164573669,1.0322990417480469,0.9123697876930237
2026-06-13T11:59:28.681564,118,1,-5033.777855188604,0,1.6707544326782227,1.679969310760498,2.0948991775512695,0.4506032168865204,0.4506032466888428,0.48195986747741704,0.318040132522583,0.8,0.6131311058998108,0.7168223857879639,0.1555061638355255,0.2855781316757202,0.10366883873939514,1,0.318040132522583,1,0,0,-0.009874939918518066,0,3.447265625,1.3009765148162842,1.04599130153656,3.5850512981414795,3.3094801902770996,1.3231713771820068,1.2787816524505615,1.1222140789031982,0.9697685241699219
2026-06-13T11:59:29.816632,119,1,-3818.1086740818355,0,0.8229084610939026,0.8494501709938049,1.0315836668014526,0.2784956693649292,0.2784956991672516,0.4815995573997498,0.31840044260025024,0.8,0.7093687057495117,0.7557099461555481,0.08967407047748566,0.35287418961524963,0.005776094272732735,1,0.31840044260025024,1,0,0,0.0,0,1.9609265327453613,0.6951125264167786,0.9651957154273987,2.0240283012390137,1.8978246450424194,0.5603814125061035,0.8298436403274536,1.0218560695648193,0.908535361289978
2026-06-13T11:59:31.184824,120,1,-4106.792194541963,0,0.8854520916938782,0.8926130533218384,1.1977871656417847,0.3253670930862427,0.32536712288856506,0.48084838986396794,0.3191516101360321,0.8,0.7537826299667358,0.787047803401947,0.14316651225090027,0.16075944900512695,0.019217122346162796,1,0.3191516101360321,1,0,0,-0.006343066692352295,0,2.4696531295776367,0.8826961517333984,0.9953767657279968,2.5766100883483887,2.3626961708068848,0.7831953167915344,0.9821970462799072,1.0595968961715698,0.9311566352844238
2026-06-13T11:59:32.589251,121,1,-3913.043109330327,0,0.8305788040161133,0.85115647315979,1.083111047744751,0.2973366677761078,0.29733672738075256,0.4808862090110779,0.3191137909889221,0.8,0.7430617809295654,0.8005260229110718,0.1206517219543457,0.203281968832016,0.021258527413010597,1,0.3191137909889221,1,0,0,-0.00047600269317626953,0,2.14231538772583,0.789167046546936,0.9740167260169983,2.2230916023254395,2.0615394115448,0.667855441570282,0.9104787111282349,1.0389560461044312,0.9090774059295654
2026-06-13T11:59:34.482769,122,1,-4229.064886420942,0,1.670481562614441,1.6813851594924927,2.0907089710235596,0.4517672061920166,0.4517672061920166,0.47979216575622563,0.3202078342437744,0.8,0.6142452359199524,0.7373532652854919,0.15978427231311798,0.20638713240623474,0.10078375041484833,0,0.3202078342437744,1,1,0,-0.010579109191894531,0,3.472972869873047,1.2792350053787231,1.0528757572174072,3.60573148727417,3.340214252471924,1.3023104667663574,1.2561595439910889,1.1393392086029053,0.9664121866226196
2026-06-13T11:59:35.814511,123,1,-3909.792421438567,0,0.8006002902984619,0.8195286989212036,1.0392334461212158,0.28095686435699463,0.28095686435699463,0.4812238693237305,0.31877613067626953,0.8,0.7337138652801514,0.771243691444397,0.12602335214614868,0.4044848680496216,0.019676631316542625,1,0.31877613067626953,1,0,0,0.0,0,2.095783233642578,0.7403833270072937,0.9843329191207886,2.149970769882202,2.041595935821533,0.6072985529899597,0.8734681010246277,1.0533019304275513,0.9153639078140259
2026-06-13T11:59:37.171677,124,1,-3978.944850351666,0,0.8030763268470764,0.8283147215843201,1.0498682260513306,0.3004325032234192,0.30043256282806396,0.4805641949176789,0.31943580508232117,0.8,0.720547080039978,0.7659651041030884,0.1348133236169815,0.21243181824684143,0.014310253784060478,1,0.31943580508232117,1,0,0,0.0,0,2.105752944946289,0.7470436096191406,0.9833871126174927,2.191784620285034,2.019721031188965,0.6279809474945068,0.8661062121391296,1.0460962057113647,0.9206780195236206
2026-06-13T11:59:38.596231,125,1,-3992.8141456673966,0,0.7932454347610474,0.817369818687439,1.035474181175232,0.2939808964729309,0.2939808964729309,0.4806849539279938,0.3193150460720062,0.8,0.7115898728370667,0.7494924664497375,0.1306394636631012,0.2493893802165985,0.014021790586411953,1,0.3193150460720062,1,0,0,0.0,0,2.099390983581543,0.7339303493499756,0.9852097630500793,2.177478313446045,2.02130389213562,0.610098123550415,0.8577625155448914,1.0489161014556885,0.9215034246444702
2026-06-13T11:59:40.056961,126,1,-3967.500338129781,0,0.7804068922996521,0.8061774969100952,1.0166165828704834,0.29184243083000183,0.29184243083000183,0.48062096834182744,0.3193790316581726,0.8,0.7201119661331177,0.7571660280227661,0.15708328783512115,0.3674839735031128,0.03475673124194145,1,0.3193790316581726,1,0,0,0.0,0,2.083780288696289,0.7131965160369873,0.9802359342575073,2.162879467010498,2.00468111038208,0.5877856016159058,0.8386074304580688,1.0395331382751465,0.9209386706352234
2026-06-13T11:59:41.260272,127,1,-3662.537786920448,0,0.795659065246582,0.8197048902511597,1.0066767930984497,0.2716638445854187,0.2716638445854187,0.48102419376373295,0.3189758062362671,0.8,0.6962963342666626,0.7490586638450623,0.1181720718741417,0.209715336561203,0.014168540947139263,1,0.3189758062362671,1,0,0,0.0,0,1.9771747589111328,0.6737536787986755,0.9813446998596191,2.0271310806274414,1.9272183179855347,0.5342097282409668,0.8132976293563843,1.040236473083496,0.922452986240387
2026-06-13T11:59:42.686807,128,1,-3847.4156823642134,0,0.8064765334129333,0.8150787949562073,1.1132553815841675,0.32071542739868164,0.3207154870033264,0.4809890270233155,0.31901097297668457,0.8,0.7386665344238281,0.7789199948310852,0.1479511857032776,0.18714675307273865,0.023514555767178535,1,0.31901097297668457,1,0,0,-0.005063652992248535,0,2.431985378265381,0.805782675743103,1.0097765922546387,2.5337047576904297,2.330265760421753,0.7025531530380249,0.9090121388435364,1.0764011144638062,0.9431521892547607
2026-06-13T11:59:44.521721,129,1,-4488.038389729249,0,1.5777820348739624,1.5885262489318848,1.9737436771392822,0.42709726095199585,0.42709726095199585,0.48083962798118596,0.3191603720188141,0.8,0.6714988350868225,0.752982497215271,0.1583627164363861,0.1949249505996704,0.08131066709756851,1,0.3191603720188141,1,0,0,-0.012369275093078613,0,3.4447858333587646,1.1804543733596802,1.0659258365631104,3.5772440433502197,3.3123276233673096,1.1766371726989746,1.1842715740203857,1.1548420190811157,0.977009654045105
2026-06-13T11:59:45.754430,130,1,-3850.155712627839,0,0.7675899863243103,0.7887915372848511,1.0103819370269775,0.2865312099456787,0.2865312695503235,0.4817530691623688,0.3182469308376312,0.8,0.7279871106147766,0.7752862572669983,0.16667357087135315,0.2509233355522156,0.023141853511333466,1,0.3182469308376312,1,0,0,0.0,0,2.1227359771728516,0.7154167890548706,0.9776898622512817,2.1860227584838867,2.0594494342803955,0.5863916277885437,0.8444419503211975,1.0460095405578613,0.9093701243400574
2026-06-13T11:59:47.391829,131,1,-3909.387145752275,0,0.8543246388435364,0.8601558804512024,1.1602510213851929,0.3163142800331116,0.31631430983543396,0.48177118897438054,0.3182288110256195,0.8,0.7541161775588989,0.792892575263977,0.16600582003593445,0.21605852246284485,0.018936991691589355,1,0.3182288110256195,1,0,0,-0.006976723670959473,0,2.5132079124450684,0.8467785120010376,0.9954507946968079,2.6017301082611084,2.4246859550476074,0.7402001619338989,0.9533568024635315,1.0736958980560303,0.9172056913375854
2026-06-13T11:59:48.778206,132,1,-3722.896463213656,0,0.8107994198799133,0.8183318376541138,1.1007297039031982,0.30334776639938354,0.30334779620170593,0.4811796128749848,0.31882038712501526,0.8,0.7314369678497314,0.7654373645782471,0.13657012581825256,0.150469109416008,0.019293757155537605,1,0.31882038712501526,1,0,0,-0.005335390567779541,0,2.43251371383667,0.8100218176841736,0.9857451915740967,2.514431953430176,2.350595474243164,0.6932821273803711,0.9267615079879761,1.056969165802002,0.9145211577415466
2026-06-13T11:59:50.072442,133,1,-3806.0139976331193,0,0.7447981238365173,0.7593750953674316,1.0002275705337524,0.2827298641204834,0.2827298939228058,0.48165779113769536,0.3183422088623047,0.8,0.7439177632331848,0.7706393003463745,0.12629388272762299,0.35735517740249634,0.01666245609521866,1,0.3183422088623047,1,0,0,-0.0012560486793518066,0,2.2377114295959473,0.7261126041412354,0.9661303758621216,2.296989679336548,2.1784331798553467,0.5943635106086731,0.8578616380691528,1.032941460609436,0.8993193507194519
2026-06-13T11:59:51.451495,134,1,-3986.314025618043,0,0.8019610643386841,0.8128788471221924,1.1184207201004028,0.3331460654735565,0.3331460952758789,0.48010726571083073,0.3198927342891693,0.8,0.7480135560035706,0.8022598624229431,0.1594904661178589,0.23651477694511414,0.032861899584531784,1,0.3198927342891693,1,0,0,-0.005632638931274414,0,2.432760000228882,0.8012093305587769,0.988513708114624,2.53845477104187,2.3270652294158936,0.7079637050628662,0.8944550156593323,1.0641225576400757,0.9129047989845276
2026-06-13T11:59:52.775562,135,1,-3755.23981752366,0,0.7054681181907654,0.7256541848182678,0.9613869190216064,0.29061782360076904,0.29061785340309143,0.48003410100936894,0.3199658989906311,0.8,0.7348507642745972,0.7990872859954834,0.14432673156261444,0.2803441882133484,0.009561816230416298,1,0.3199658989906311,1,0,0,-0.0007105469703674316,0,2.2208640575408936,0.681380033493042,0.9637124538421631,2.2931432723999023,2.1485848426818848,0.5549602508544922,0.8077998161315918,1.0299566984176636,0.8974682688713074
2026-06-13T11:59:54.163893,136,1,-3729.0929342958325,0,0.7122558951377869,0.7311171293258667,0.9856136441230774,0.3033021092414856,0.30330216884613037,0.481255578994751,0.318744421005249,0.8,0.7087621688842773,0.7323494553565979,0.15343226492404938,0.2826104164123535,0.018628817051649094,1,0.318744421005249,1,0,0,-0.0021384358406066895,0,2.276306629180908,0.7007970809936523,0.9701358079910278,2.3601651191711426,2.192448139190674,0.5840379595756531,0.8175562620162964,1.038943886756897,0.9013276696205139
2026-06-13T11:59:55.526812,137,1,-3773.084758016792,0,0.7080480456352234,0.7284542322158813,0.9663596153259277,0.29310840368270874,0.29310840368270874,0.48051147460937504,0.319488525390625,0.8,0.735755205154419,0.7789547443389893,0.14015918970108032,0.28201213479042053,0.021103180944919586,1,0.319488525390625,1,0,0,-0.0005014538764953613,0,2.223226547241211,0.6850185990333557,0.9711434841156006,2.2999322414398193,2.1465210914611816,0.5605114698410034,0.809525728225708,1.0354276895523071,0.906859278678894
2026-06-13T11:59:57.004196,138,1,-3842.623204157111,0,0.7817285060882568,0.7878015041351318,1.0891739130020142,0.31679201126098633,0.31679201126098633,0.48047273159027104,0.319527268409729,0.8,0.7432096004486084,0.7925747632980347,0.13927313685417175,0.17412400245666504,0.008564411662518978,1,0.319527268409729,1,0,0,-0.0065923333168029785,0,2.5121889114379883,0.7735642790794373,0.9894452095031738,2.610731601715088,2.4136462211608887,0.6671051979064941,0.8800233602523804,1.0563796758651733,0.9225107431411743
2026-06-13T11:59:58.397352,139,1,-3981.778023618497,0,0.6811602115631104,0.6990681290626526,0.9500787258148193,0.29618141055107117,0.29618141055107117,0.4815034151077271,0.31849658489227295,0.8,0.7529281377792358,0.7775360941886902,0.15417742729187012,0.17462153732776642,0.009802048094570637,1,0.31849658489227295,1,0,0,-0.0012970566749572754,0,2.279886484146118,0.6701470613479614,0.9786726236343384,2.3580574989318848,2.2017154693603516,0.5481013059616089,0.7921927571296692,1.0446586608886719,0.9126866459846497
2026-06-13T12:00:00.134645,140,1,-4301.934004807235,0,1.3569613695144653,1.3680371046066284,1.7460503578186035,0.4160235524177551,0.4160236120223999,0.4803303956985474,0.31966960430145264,0.8,0.7669931054115295,0.7800721526145935,0.18106094002723694,0.3288984000682831,0.014886345714330673,1,0.31966960430145264,1,0,0,-0.01373600959777832,0,3.3066139221191406,1.0077948570251465,1.061194658279419,3.4443323612213135,3.1688954830169678,0.9922053813934326,1.0233842134475708,1.1408047676086426,0.9815846085548401
2026-06-13T12:00:01.794034,141,1,-3405.878185533978,0,1.0078762769699097,1.0118430852890015,1.3117187023162842,0.3129494786262512,0.3129495084285736,0.4810664236545563,0.3189335763454437,0.8,0.7692892551422119,0.7881982922554016,0.12695945799350739,0.37410974502563477,0.010701948776841164,1,0.3189335763454437,1,0,0,-0.011390328407287598,0,2.8881402015686035,0.8811744451522827,1.0326396226882935,2.9803853034973145,2.7958948612213135,0.7718091011047363,0.9905397891998291,1.103064775466919,0.9622145295143127
2026-06-13T12:00:03.418128,142,1,-3507.908517019096,0,0.8521868586540222,0.8549003601074219,1.1553713083267212,0.3080826997756958,0.3080827295780182,0.4805203258991242,0.31947967410087585,0.8,0.7402007579803467,0.7651197910308838,0.1591222733259201,0.35868749022483826,0.017724625766277313,1,0.31947967410087585,1,0,0,-0.009433925151824951,0,2.6932458877563477,0.7999908328056335,1.0156222581863403,2.78334379196167,2.6031482219696045,0.6867384910583496,0.9132431745529175,1.0832470655441284,0.9479974508285522
2026-06-13T12:00:04.797469,143,1,-3926.6174957875696,0,0.8601805567741394,0.863402783870697,1.1586560010910034,0.30451303720474243,0.30451303720474243,0.48098518252372746,0.3190148174762726,0.8,0.7567411661148071,0.7906107902526855,0.16311275959014893,0.18503929674625397,0.022054236382246017,1,0.3190148174762726,1,0,0,-0.009781956672668457,0,2.7023990154266357,0.8052448630332947,1.0067988634109497,2.7873055934906006,2.617492437362671,0.6893517971038818,0.9211379289627075,1.0760973691940308,0.9375003576278687
2026-06-13T12:00:06.339330,144,1,-3500.0007299213557,0,1.0195472240447998,1.0257682800292969,1.302747368812561,0.2990679144859314,0.2990679442882538,0.4817290782928467,0.3182709217071533,0.8,0.7601044178009033,0.7651445269584656,0.14692513644695282,0.30933284759521484,0.014476586133241653,1,0.3182709217071533,1,0,0,-0.012614130973815918,0,2.961160182952881,0.8507523536682129,1.0282185077667236,3.0392353534698486,2.883084774017334,0.7308992743492126,0.9706054329872131,1.097957968711853,0.9584791660308838
2026-06-13T12:00:07.657095,145,1,-3447.6265821260918,0,0.7621285319328308,0.7661590576171875,1.0327163934707642,0.277871310710907,0.277871310710907,0.4807888448238373,0.3192111551761627,0.8,0.7307611703872681,0.763042151927948,0.15870609879493713,0.4057563543319702,0.022405993193387985,1,0.3192111551761627,1,0,0,-0.00797206163406372,0,2.6135940551757812,0.7315752506256104,1.0039055347442627,2.6619369983673096,2.565251350402832,0.5962483882904053,0.8669020533561707,1.073357343673706,0.9344536662101746
2026-06-13T12:00:09.408800,146,1,-3330.7571440705183,0,1.472757339477539,1.4833042621612549,1.7675158977508545,0.33459460735321045,0.33459463715553284,0.4830253899097443,0.31697461009025574,0.8,0.6508758664131165,0.7338975071907043,0.14658619463443756,0.25239115953445435,0.06728838384151459,1,0.31697461009025574,1,0,0,-0.012592196464538574,0,3.488917350769043,0.988524317741394,1.0780580043792725,3.590189218521118,3.387645721435547,0.8970685005187988,1.0799801349639893,1.1586687564849854,0.9974472522735596
2026-06-13T12:00:11.162547,147,1,-3339.248349619496,0,1.0555092096328735,1.0632617473602295,1.3193329572677612,0.2863532304763794,0.2863532602787018,0.4802107393741608,0.31978926062583923,0.8,0.7206852436065674,0.7658316493034363,0.16398212313652039,0.19343093037605286,0.018445532768964767,1,0.31978926062583923,1,0,0,-0.011901021003723145,0,3.0165958404541016,0.8557351231575012,1.04033362865448,3.0780630111694336,2.9551289081573486,0.7262749671936035,0.9851952791213989,1.1112431287765503,0.9694240689277649
2026-06-13T12:00:13.147522,148,1,-3219.417913696307,0,1.2537099123001099,1.2655458450317383,1.4768439531326294,0.2728816270828247,0.2728816568851471,0.4818124651908875,0.31818753480911255,0.8,0.7519279718399048,0.7738405466079712,0.13819730281829834,0.18639017641544342,0.006045985501259565,1,0.31818753480911255,1,0,0,-0.013782739639282227,0,3.2454841136932373,0.9243417978286743,1.0503756999969482,3.271543025970459,3.2194252014160156,0.7857837677001953,1.0628998279571533,1.1240874528884888,0.9766638278961182
2026-06-13T12:00:15.015943,149,1,-3310.6233766917458,0,1.222377896308899,1.2314584255218506,1.500805377960205,0.3079441785812378,0.30794423818588257,0.4806822717189789,0.3193177282810211,0.8,0.7273521423339844,0.7412579655647278,0.16409853100776672,0.12256850302219391,0.02295420877635479,1,0.3193177282810211,1,0,0,-0.012968301773071289,0,3.2024917602539062,0.9202848672866821,1.0573623180389404,3.2813310623168945,3.123652696609497,0.8069582581520081,1.033611536026001,1.1375645399093628,0.9771599769592285
2026-06-13T12:00:17.000667,150,1,-3141.520879829254,0,1.4851733446121216,1.4954451322555542,1.738265037536621,0.2992953360080719,0.2992953658103943,0.4817131042480469,0.3182868957519531,0.8,0.6823525428771973,0.7172741293907166,0.13940834999084473,0.19480013847351074,0.06023561581969261,1,0.3182868957519531,1,0,0,-0.013130784034729004,0,3.479483127593994,1.0161044597625732,1.0893754959106445,3.545248508453369,3.413717746734619,0.8964182734489441,1.1357905864715576,1.1710870265960693,1.0076639652252197
2026-06-13T12:00:19.032514,151,1,-3164.180166098699,0,1.4543110132217407,1.464994192123413,1.7159126996994019,0.3068348169326782,0.3068348169326782,0.4808915436267853,0.3191084563732147,0.8,0.7044560313224792,0.7196438908576965,0.14575260877609253,0.2000507414340973,0.07043294608592987,1,0.3191084563732147,1,0,0,-0.013569235801696777,0,3.466129779815674,0.9851039052009583,1.0892083644866943,3.5397825241088867,3.392477035522461,0.8709664344787598,1.0992413759231567,1.1729069948196411,1.0055097341537476
2026-06-13T12:00:20.930836,152,1,-3556.4009551447602,0,1.3954426050186157,1.4053850173950195,1.6392945051193237,0.28733450174331665,0.2873345613479614,0.48139043450355534,0.3186095654964447,0.8,0.7363510131835938,0.7634145617485046,0.15065644681453705,0.17980733513832092,0.026996051892638206,1,0.3186095654964447,1,0,0,-0.013831615447998047,0,3.394270420074463,0.9732304811477661,1.1072793006896973,3.451064109802246,3.3374764919281006,0.8447093367576599,1.1017515659332275,1.1823445558547974,1.0322139263153076
2026-06-13T12:00:22.910232,153,1,-3045.1560061082996,0,1.508426308631897,1.5185413360595703,1.77912175655365,0.3138786554336548,0.3138786852359772,0.48371412158012395,0.3162858784198761,0.8,0.6561793684959412,0.7275790572166443,0.16689613461494446,0.18094897270202637,0.08521228283643723,1,0.3162858784198761,1,0,0,-0.01273047924041748,0,3.4979519844055176,1.0273754596710205,1.1197960376739502,3.5759437084198,3.4199602603912354,0.9192637801170349,1.1354871988296509,1.2048745155334473,1.0347176790237427
2026-06-13T12:00:24.905777,154,1,-3381.6974222658896,0,1.119060754776001,1.1280763149261475,1.3576223850250244,0.2700935900211334,0.2700936198234558,0.48000257015228276,0.3199974298477173,0.8,0.7461196184158325,0.7670347690582275,0.1305840015411377,0.24325469136238098,0.015036827884614468,1,0.3199974298477173,1,0,0,-0.0131300687789917,0,3.084360122680664,0.8809933662414551,1.0883116722106934,3.1204493045806885,3.0482709407806396,0.740182101726532,1.021804690361023,1.1551647186279297,1.0214585065841675
2026-06-13T12:00:26.831246,155,1,-1360.6062996059563,0,1.5435529947280884,1.551283836364746,1.7969166040420532,0.29027748107910156,0.29027748107910156,0.4508976221084595,0.3491023778915405,0.8,0.581341564655304,0.6818017959594727,0.15641967952251434,0.16024428606033325,0.08891400694847107,0,0.3491023778915405,1,1,0,-0.011388540267944336,0,3.5234179496765137,1.0510265827178955,1.1258231401443481,3.60361385345459,3.4432220458984375,0.9182677268981934,1.1837854385375977,1.2058969736099243,1.045749306678772
2026-06-13T12:00:28.663231,156,1,-3634.896712381019,0,1.2669358253479004,1.2762913703918457,1.500257968902588,0.2719465494155884,0.2719465494155884,0.4817328333854676,0.31826716661453247,0.8,0.7301884889602661,0.7494834661483765,0.15543267130851746,0.2383345663547516,0.024458851665258408,1,0.31826716661453247,1,0,0,-0.013234734535217285,0,3.21441650390625,0.9645252227783203,1.1074395179748535,3.247346878051758,3.181485891342163,0.8253145217895508,1.1037359237670898,1.1771494150161743,1.0377297401428223
2026-06-13T12:00:30.976659,157,1,-3322.1978031082895,0,1.4372278451919556,1.4442203044891357,1.693549394607544,0.28690314292907715,0.28690317273139954,0.4803961098194123,0.31960389018058777,0.8,0.7352299690246582,0.74400395154953,0.13266819715499878,0.2237998992204666,0.02461777627468109,1,0.31960389018058777,1,0,0,-0.013874053955078125,0,3.3925302028656006,1.0295933485031128,1.1429872512817383,3.4656660556793213,3.31939435005188,0.9005643129348755,1.15862238407135,1.202479362487793,1.083495020866394
2026-06-13T12:00:33.011071,158,1,-2429.4379447164138,0,1.5875284671783447,1.594353437423706,1.8283179998397827,0.2765057682991028,0.27650582790374756,0.4788619756698609,0.32113802433013916,0.8,0.6265674829483032,0.7152625918388367,0.1579275131225586,0.1330077350139618,0.10669998824596405,0,0.32113802433013916,1,1,0,-0.01208198070526123,0,3.5369014739990234,1.0966097116470337,1.1585850715637207,3.603851079940796,3.469951629638672,0.9599509835243225,1.2332683801651,1.2098153829574585,1.107354760169983
2026-06-13T12:00:34.876231,159,1,-3741.0973858659167,0,0.8932287693023682,0.8965911865234375,1.142524003982544,0.2578781843185425,0.25787821412086487,0.4803580224514008,0.31964197754859924,0.8,0.7470147609710693,0.7883276343345642,0.15246188640594482,0.26843616366386414,0.010483114048838615,1,0.31964197754859924,1,0,0,-0.010385870933532715,0,2.73307204246521,0.8249989151954651,1.07935631275177,2.760650396347046,2.705493688583374,0.6761969327926636,0.9738008975982666,1.1307387351989746,1.0279738903045654
2026-06-13T12:00:36.858148,160,1,-3653.3805729471865,0,1.1787223815917969,1.1841099262237549,1.4393739700317383,0.2790866494178772,0.2790866494178772,0.48108886480331425,0.3189111351966858,0.8,0.7532974481582642,0.7697396278381348,0.14767619967460632,0.26735612750053406,0.01577283814549446,1,0.3189111351966858,1,0,0,-0.01303410530090332,0,3.0977368354797363,0.9417721033096313,1.1249611377716064,3.162374258041382,3.03309965133667,0.8073511719703674,1.0761929750442505,1.181344747543335,1.0685774087905884
2026-06-13T12:00:38.983168,161,1,-3770.5203679683787,0,1.190386414527893,1.1952115297317505,1.4588127136230469,0.2845991253852844,0.2845991849899292,0.4803930997848511,0.3196069002151489,0.8,0.7620607018470764,0.778718113899231,0.14798200130462646,0.27345842123031616,0.011706637218594551,1,0.3196069002151489,1,0,0,-0.013486385345458984,0,3.1166305541992188,0.9423295855522156,1.1244006156921387,3.1933016777038574,3.039959192276001,0.8116539716720581,1.073005199432373,1.1752192974090576,1.0735818147659302
2026-06-13T12:00:40.903370,162,1,-3813.0901326940884,0,1.1401375532150269,1.1448153257369995,1.4136253595352173,0.28800567984580994,0.2880057096481323,0.4802360117435456,0.31976398825645447,0.8,0.7337034940719604,0.776333749294281,0.14484474062919617,0.36673974990844727,0.01645183190703392,1,0.31976398825645447,1,0,0,-0.012370705604553223,0,3.065596103668213,0.9181783199310303,1.1176607608795166,3.1432998180389404,2.9878926277160645,0.7899096012115479,1.0464470386505127,1.1730822324752808,1.0622392892837524
2026-06-13T12:00:42.851722,163,1,-3621.263064281263,0,0.9095385670661926,0.9106960296630859,1.1816178560256958,0.27478229999542236,0.27478235960006714,0.48096685409545903,0.319033145904541,0.8,0.7499300241470337,0.7946256995201111,0.15841330587863922,0.19104164838790894,0.024323930963873863,1,0.319033145904541,1,0,0,-0.010689496994018555,0,2.7655529975891113,0.8263400793075562,1.10389244556427,2.8351821899414062,2.6959238052368164,0.6889148354530334,0.9637653827667236,1.1452640295028687,1.0625208616256714
2026-06-13T12:00:44.758568,164,1,-3888.1036535722715,0,1.218783974647522,1.2235816717147827,1.4846467971801758,0.28261786699295044,0.2826178967952728,0.481104063987732,0.31889593601226807,0.8,0.7430312633514404,0.7430605292320251,0.15187619626522064,0.13300803303718567,0.025850452482700348,1,0.31889593601226807,1,0,0,-0.01312112808227539,0,3.142867088317871,0.9555717706680298,1.1430578231811523,3.2189724445343018,3.0667617321014404,0.8236333131790161,1.0875102281570435,1.1902157068252563,1.0958998203277588
2026-06-13T12:00:46.614050,165,1,-3960.67305262412,0,1.1597760915756226,1.1645357608795166,1.4130274057388306,0.2698354423046112,0.2698354423046112,0.48041601777076726,0.3195839822292328,0.8,0.7318406701087952,0.7503074407577515,0.14196476340293884,0.2803969979286194,0.022448938339948654,1,0.3195839822292328,1,0,0,-0.01251208782196045,0,3.0648467540740967,0.9380753040313721,1.1519016027450562,3.123795986175537,3.0058975219726562,0.7971724271774292,1.078978180885315,1.1988574266433716,1.1049457788467407
2026-06-13T12:00:48.410532,166,1,-3916.2597528172923,0,1.1543960571289062,1.1588537693023682,1.4208484888076782,0.28098583221435547,0.28098586201667786,0.4805268228054047,0.31947317719459534,0.8,0.7481938600540161,0.7628942728042603,0.13243965804576874,0.2628231942653656,0.008293697610497475,1,0.31947317719459534,1,0,0,-0.012870311737060547,0,3.062807559967041,0.9354764223098755,1.1349083185195923,3.133643627166748,2.991971254348755,0.8022729754447937,1.0686798095703125,1.1873950958251953,1.0824215412139893
2026-06-13T12:00:50.387546,167,1,-4100.7078928993715,0,1.4337388277053833,1.4393266439437866,1.6974101066589355,0.28750890493392944,0.2875089645385742,0.48006268143653874,0.3199373185634613,0.8,0.7515052556991577,0.7711508870124817,0.17745408415794373,0.29167604446411133,0.021359719336032867,1,0.3199373185634613,1,0,0,-0.014148950576782227,0,3.377838373184204,1.0354266166687012,1.1653215885162354,3.463402509689331,3.292274236679077,0.9067658185958862,1.1640872955322266,1.2067362070083618,1.1239070892333984
2026-06-13T12:00:52.989350,168,1,-4236.359445071427,0,1.53265380859375,1.5383250713348389,1.802512526512146,0.2953154146671295,0.2953154444694519,0.4834708154201508,0.31652918457984924,0.8,0.6986595988273621,0.7700641751289368,0.17981824278831482,0.28270605206489563,0.06739450991153717,1,0.31652918457984924,1,0,0,-0.013597249984741211,0,3.467163562774658,1.087096929550171,1.1685538291931152,3.5584917068481445,3.375835418701172,0.9648013710975647,1.2093925476074219,1.2103945016860962,1.1267131567001343
2026-06-13T12:00:55.156509,169,1,-3841.326799302962,0,1.33826744556427,1.3444398641586304,1.5790362358093262,0.2675708830356598,0.2675709128379822,0.4814084351062775,0.31859156489372253,0.8,0.7563232183456421,0.77940833568573,0.13147810101509094,0.14161519706249237,0.00772966630756855,1,0.31859156489372253,1,0,0,-0.01407778263092041,0,3.2888152599334717,0.9877117872238159,1.159350872039795,3.3507115840911865,3.226918935775757,0.8454856276512146,1.129938006401062,1.195623517036438,1.1230783462524414
2026-06-13T12:00:56.912390,170,1,-3920.2546989386765,0,1.2558670043945312,1.2604281902313232,1.514483094215393,0.2757189869880676,0.27571901679039,0.4809725463390351,0.31902745366096497,0.8,0.7756217122077942,0.7944225072860718,0.16302983462810516,0.27371278405189514,0.027206234633922577,1,0.31902745366096497,1,0,0,-0.013922572135925293,0,3.176283836364746,0.9733597636222839,1.1647920608520508,3.2520358562469482,3.100531816482544,0.8365801572799683,1.1101393699645996,1.1963768005371094,1.1332072019577026
2026-06-13T12:00:58.761891,171,1,-3629.4575292211266,0,1.413651704788208,1.4188048839569092,1.6599502563476562,0.26971685886383057,0.26971688866615295,0.48064349889755253,0.3193565011024475,0.8,0.7478958368301392,0.774848461151123,0.16594652831554413,0.18587441742420197,0.016079500317573547,1,0.3193565011024475,1,0,0,-0.013708233833312988,0,3.3319902420043945,1.0467828512191772,1.184529185295105,3.4037983417510986,3.2601823806762695,0.9058454036712646,1.1877202987670898,1.2063785791397095,1.1626797914505005
2026-06-13T12:01:01.612211,172,1,-3544.05435076305,0,1.5887196063995361,1.5949201583862305,1.8106555938720703,0.2574533224105835,0.25745338201522827,0.4825591921806336,0.31744080781936646,0.8,0.6479026079177856,0.6820350885391235,0.14049771428108215,0.14756280183792114,0.08790819346904755,1,0.31744080781936646,1,0,0,-0.01205289363861084,0,3.5068016052246094,1.1229034662246704,1.1952133178710938,3.5594913959503174,3.4541115760803223,0.9742660522460938,1.271540880203247,1.2131816148757935,1.1772449016571045
2026-06-13T12:01:04.122044,173,1,-3538.9760453347144,0,1.4295710325241089,1.4364757537841797,1.6382529735565186,0.24597498774528503,0.24597501754760742,0.48183845281600957,0.3181615471839905,0.8,0.7741978168487549,0.7937631011009216,0.17792318761348724,0.18222397565841675,0.01834489218890667,1,0.3181615471839905,1,0,0,-0.014003753662109375,0,3.3198089599609375,1.0778605937957764,1.1893184185028076,3.3453338146209717,3.294283866882324,0.9218568205833435,1.2338643074035645,1.2071510553359985,1.1714859008789062
2026-06-13T12:01:06.458873,174,1,-3455.1899405714103,0,1.4965955018997192,1.5017650127410889,1.732642412185669,0.2623063921928406,0.26230642199516296,0.4806910037994385,0.3193089962005615,0.8,0.7431179285049438,0.7808946967124939,0.17577466368675232,0.284797728061676,0.03905574977397919,1,0.3193089962005615,1,0,0,-0.013307452201843262,0,3.382547378540039,1.1107759475708008,1.2014341354370117,3.4473724365234375,3.3177220821380615,0.9649198055267334,1.2566320896148682,1.2050728797912598,1.1977952718734741
2026-06-13T12:01:08.567375,175,1,-3598.6210152998547,0,1.522849440574646,1.5287777185440063,1.7467119693756104,0.25609734654426575,0.25609737634658813,0.48351069092750554,0.3164893090724945,0.8,0.7265264987945557,0.7419256567955017,0.13780976831912994,0.3551828861236572,0.05710924416780472,1,0.3164893090724945,1,0,0,-0.013079404830932617,0,3.4187939167022705,1.1135755777359009,1.202679991722107,3.4710419178009033,3.3665459156036377,0.964256227016449,1.2628949880599976,1.2065836191177368,1.198776364326477
2026-06-13T12:01:10.511203,176,1,-3886.08261251554,0,1.368967056274414,1.3726557493209839,1.6401104927062988,0.2857363820075989,0.28573647141456604,0.4802574694156647,0.3197425305843353,0.8,0.7358381152153015,0.7506079077720642,0.14862722158432007,0.24819588661193848,0.013223307207226753,1,0.3197425305843353,1,0,0,-0.013226032257080078,0,3.2401819229125977,1.0632297992706299,1.19418466091156,3.332681894302368,3.147681713104248,0.9333378076553345,1.1931216716766357,1.2056145668029785,1.1827547550201416
2026-06-13T12:01:12.624365,177,1,-3329.936987571076,0,1.564586877822876,1.5696539878845215,1.8114666938781738,0.27268078923225403,0.27268078923225403,0.48249487876892094,0.3175051212310791,0.8,0.6985505819320679,0.7043322324752808,0.1505003124475479,0.21453911066055298,0.05935262516140938,1,0.3175051212310791,1,0,0,-0.012012004852294922,0,3.4546661376953125,1.1374123096466064,1.2047069072723389,3.532107353210449,3.3772246837615967,0.9988529086112976,1.27597177028656,1.2072561979293823,1.2021574974060059
2026-06-13T12:01:14.671500,178,1,-3940.057108832479,0,1.2119839191436768,1.2153370380401611,1.45945143699646,0.2602514922618866,0.260251522064209,0.48142357468605046,0.3185764253139496,0.8,0.7619731426239014,0.7991105914115906,0.12959057092666626,0.36241644620895386,0.03235208988189697,1,0.3185764253139496,1,0,0,-0.012643694877624512,0,3.046058177947998,1.0114693641662598,1.1686527729034424,3.1059701442718506,2.9861459732055664,0.8644170761108398,1.1585217714309692,1.1812576055526733,1.1560478210449219
2026-06-13T12:01:16.508657,179,1,-3659.924747726478,0,1.1237430572509766,1.1269932985305786,1.3675788640975952,0.2553357779979706,0.25533583760261536,0.48007019162178044,0.3199298083782196,0.8,0.715255618095398,0.7340281009674072,0.15099337697029114,0.18177585303783417,0.009520374238491058,1,0.3199298083782196,1,0,0,-0.011475563049316406,0,2.9590373039245605,0.9615144729614258,1.160517692565918,3.012751579284668,2.9053232669830322,0.811024010181427,1.1120049953460693,1.1680124998092651,1.1530228853225708
2026-06-13T12:01:18.224333,180,1,-4097.418326605532,0,1.2317360639572144,1.2339507341384888,1.5067483186721802,0.2826291620731354,0.28262922167778015,0.48088468909263615,0.3191153109073639,0.8,0.7676063776016235,0.7827456593513489,0.11513067781925201,0.4519784450531006,0.020485172048211098,1,0.3191153109073639,1,0,0,-0.012852787971496582,0,3.0520477294921875,1.0313153266906738,1.1685121059417725,3.1403846740722656,2.9637105464935303,0.8993410468101501,1.1632895469665527,1.1839395761489868,1.1530845165252686
2026-06-13T12:01:20.654335,181,1,-4077.5439579408626,0,1.2803399562835693,1.2833924293518066,1.5452244281768799,0.276372492313385,0.276372492313385,0.4810597181320191,0.31894028186798096,0.8,0.7461521029472351,0.7706176042556763,0.17316806316375732,0.328188419342041,0.007662194315344095,1,0.31894028186798096,1,0,0,-0.01280224323272705,0,3.1235551834106445,1.0417968034744263,1.1743497848510742,3.20548939704895,3.041621208190918,0.9054855704307556,1.1781079769134521,1.1860452890396118,1.1626542806625366
2026-06-13T12:01:23.436599,182,1,-3724.0001293237888,0,1.4470175504684448,1.4512910842895508,1.6945463418960571,0.26750487089157104,0.26750490069389343,0.48354868888854985,0.3164513111114502,0.8,0.7432458400726318,0.7844913601875305,0.1460702121257782,0.20815303921699524,0.04202837869524956,1,0.3164513111114502,1,0,0,-0.012857913970947266,0,3.293745279312134,1.1212801933288574,1.1944482326507568,3.363614082336426,3.223876476287842,0.9794345498085022,1.2631257772445679,1.2002387046813965,1.1886577606201172
2026-06-13T12:01:26.658494,183,1,-3994.3516722906834,0,1.4770697355270386,1.4813969135284424,1.7232614755630493,0.2670213580131531,0.26702141761779785,0.48036666512489323,0.3196333348751068,0.8,0.7457131147384644,0.7961777448654175,0.17945078015327454,0.2178235799074173,0.04407418891787529,1,0.3196333348751068,1,0,0,-0.0131453275680542,0,3.3364667892456055,1.1265661716461182,1.1887164115905762,3.406956195831299,3.265977144241333,0.9837649464607239,1.2693673372268677,1.202148199081421,1.175284743309021
2026-06-13T12:01:29.237032,184,1,-3671.071648566263,0,1.5419015884399414,1.5460267066955566,1.8141273260116577,0.2908889651298523,0.29088905453681946,0.4843740344047547,0.31562596559524536,0.8,0.7344454526901245,0.7540536522865295,0.1442137211561203,0.1931450068950653,0.06531332433223724,1,0.31562596559524536,1,0,0,-0.012872934341430664,0,3.4077882766723633,1.1511778831481934,1.1913448572158813,3.502107858657837,3.3134684562683105,1.0258171558380127,1.2765384912490845,1.2084747552871704,1.1742149591445923
2026-06-13T12:01:31.390793,185,1,-3938.157460564983,0,0.9902183413505554,0.9928115606307983,1.2274696826934814,0.24537082016468048,0.24537086486816406,0.4810485124588013,0.31895148754119873,0.8,0.7445723414421082,0.7922027111053467,0.15306603908538818,0.09595523029565811,0.015521803870797157,1,0.31895148754119873,1,0,0,-0.010731101036071777,0,2.7747106552124023,0.9072096347808838,1.1307481527328491,2.8030896186828613,2.7463314533233643,0.7506775259971619,1.063741683959961,1.1419217586517334,1.1195745468139648
2026-06-13T12:01:33.660407,186,1,-3598.5374149453796,0,1.1894351243972778,1.1932862997055054,1.433496117591858,0.25860631465911865,0.25860631465911865,0.48070599436759953,0.3192940056324005,0.8,0.7561393976211548,0.7716441750526428,0.16711483895778656,0.17632335424423218,0.015038648620247841,1,0.3192940056324005,1,0,0,-0.012716412544250488,0,3.0520544052124023,0.9806870818138123,1.166834831237793,3.1102538108825684,2.9938549995422363,0.8324246406555176,1.128949522972107,1.1777089834213257,1.1559607982635498
2026-06-13T12:01:35.755327,187,1,-3820.212937851039,0,1.2345221042633057,1.2382590770721436,1.4857560396194458,0.2655091881752014,0.2655092179775238,0.48095636367797856,0.3190436363220215,0.8,0.7722346782684326,0.7927303314208984,0.17827442288398743,0.06564155966043472,0.01620730198919773,1,0.3190436363220215,1,0,0,-0.013380765914916992,0,3.1027355194091797,1.0003677606582642,1.1716742515563965,3.170762062072754,3.0347089767456055,0.8566777110099792,1.1440578699111938,1.184818148612976,1.1585302352905273
2026-06-13T12:01:37.580825,188,1,-3624.085004730134,0,1.2136657238006592,1.2189781665802002,1.4386911392211914,0.24738019704818726,0.24738021194934845,0.48001103401184086,0.3199889659881592,0.8,0.7617146968841553,0.7799727320671082,0.14806878566741943,0.3081825375556946,0.02060663513839245,1,0.3199889659881592,1,0,0,-0.013230681419372559,0,3.082460403442383,0.9883196353912354,1.1745188236236572,3.116985559463501,3.0479350090026855,0.8328180909156799,1.1438212394714355,1.1895354986190796,1.1595022678375244
2026-06-13T12:01:39.383951,189,1,-3558.1570871931676,0,1.433867335319519,1.4383859634399414,1.680417537689209,0.26750338077545166,0.26750338077545166,0.48009075522422795,0.3199092447757721,0.8,0.782791018486023,0.7958647608757019,0.16112811863422394,0.2746127247810364,0.025591935962438583,1,0.3199092447757721,1,0,0,-0.014265298843383789,0,3.308663845062256,1.0916876792907715,1.196274757385254,3.3808836936950684,3.2364439964294434,0.9491534233093262,1.2342219352722168,1.2036068439483643,1.1889426708221436
2026-06-13T12:01:42.292245,190,1,-3920.565206550589,0,1.546793818473816,1.5521665811538696,1.7829891443252563,0.2644413411617279,0.2644413709640503,0.4809124648571015,0.31908753514289856,0.8,0.7405813932418823,0.7465178370475769,0.17961916327476501,0.1861608326435089,0.08937512338161469,1,0.31908753514289856,1,0,0,-0.013609528541564941,0,3.4421098232269287,1.1243730783462524,1.2058238983154297,3.5099329948425293,3.374286651611328,0.9799668192863464,1.2687792778015137,1.206859827041626,1.2047878503799438
2026-06-13T12:01:44.571850,191,1,-3817.6188430278276,0,1.3555412292480469,1.3600742816925049,1.600144386291504,0.2644680440425873,0.26446807384490967,0.48097838759422307,0.319021612405777,0.8,0.7823144197463989,0.801057755947113,0.1728188842535019,0.17689359188079834,0.019358649849891663,1,0.319021612405777,1,0,0,-0.013944745063781738,0,3.2380211353302,1.0503618717193604,1.17875337600708,3.305056095123291,3.1709861755371094,0.905986487865448,1.1947373151779175,1.1890369653701782,1.1684699058532715
2026-06-13T12:01:47.106192,192,1,-2773.430586768958,0,1.5980058908462524,1.6032688617706299,1.84364914894104,0.27318713068962097,0.27318716049194336,0.4848162114620209,0.3151837885379791,0.8,0.6745580434799194,0.7297674417495728,0.1845317780971527,0.17257392406463623,0.07434900104999542,1,0.3151837885379791,1,0,0,-0.011775612831115723,0,3.488912582397461,1.1515400409698486,1.204567313194275,3.5654547214508057,3.4123706817626953,1.0137850046157837,1.289294958114624,1.20486581325531,1.2042688131332397
2026-06-13T12:01:49.270920,193,1,-3614.3047199669027,0,1.602821946144104,1.6084892749786377,1.8383641242980957,0.266537606716156,0.2665376365184784,0.4853052377700806,0.31469476222991943,0.8,0.6604496240615845,0.7088044285774231,0.18972410261631012,0.2432924211025238,0.11228160560131073,1,0.31469476222991943,1,0,0,-0.011935949325561523,0,3.5087151527404785,1.1400024890899658,1.2004578113555908,3.575845956802368,3.4415841102600098,0.9978576898574829,1.2821474075317383,1.2072752714157104,1.1936402320861816
2026-06-13T12:01:50.812170,194,1,-3670.450033666834,0,1.1792324781417847,1.1841989755630493,1.410347580909729,0.2507613003253937,0.25076133012771606,0.48105059862136845,0.3189494013786316,0.8,0.7916682958602905,0.8120056390762329,0.1531614065170288,0.19999265670776367,0.030231235548853874,1,0.3189494013786316,1,0,0,-0.013511419296264648,0,3.0600478649139404,0.9661778211593628,1.1463778018951416,3.104377269744873,3.015718460083008,0.8129891753196716,1.1193665266036987,1.1469370126724243,1.1458187103271484
2026-06-13T12:01:52.472585,195,1,-3716.31695257138,0,1.5532522201538086,1.5587341785430908,1.7997779846191406,0.27415624260902405,0.27415627241134644,0.48244662880897526,0.3175533711910248,0.8,0.7034308314323425,0.7192605137825012,0.15824563801288605,0.30619555711746216,0.07443392276763916,1,0.3175533711910248,1,0,0,-0.013574719429016113,0,3.473170280456543,1.1054483652114868,1.1971852779388428,3.552408456802368,3.3939321041107178,0.9678879380226135,1.2430088520050049,1.2000951766967773,1.1942754983901978
2026-06-13T12:01:54.083927,196,1,-3776.0254843063226,0,1.5150070190429688,1.520826816558838,1.741639494895935,0.2577331066131592,0.25773313641548157,0.48094620108604436,0.3190537989139557,0.8,0.765028178691864,0.7799913883209229,0.1703236997127533,0.15783177316188812,0.044379688799381256,1,0.3190537989139557,1,0,0,-0.014255523681640625,0,3.4244470596313477,1.0995477437973022,1.1917020082473755,3.4818806648254395,3.3670132160186768,0.9507696628570557,1.2483258247375488,1.1956113576889038,1.1877926588058472
2026-06-13T12:01:55.971930,197,1,-3116.615321201396,0,1.6286035776138306,1.634943962097168,1.8479063510894775,0.25699132680892944,0.25699132680892944,0.48388023972511296,0.3161197602748871,0.8,0.6227918863296509,0.6598798632621765,0.1797020584344864,0.3594648241996765,0.11075875908136368,1,0.3161197602748871,1,1,0,-0.011356711387634277,0,3.5508294105529785,1.1362783908843994,1.191867470741272,3.6037867069244385,3.4978723526000977,0.9876053929328918,1.2849513292312622,1.2005168199539185,1.1832181215286255
2026-06-13T12:01:57.866935,198,1,-3354.7631054309286,0,1.5656623840332031,1.571023941040039,1.8060517311096191,0.268431693315506,0.26843175292015076,0.48270438909530644,0.3172956109046936,0.8,0.710442304611206,0.7139063477516174,0.1700381636619568,0.09731218218803406,0.09481595456600189,1,0.3172956109046936,1,0,0,-0.012703299522399902,0,3.4680750370025635,1.1322667598724365,1.1687800884246826,3.539992094039917,3.39615797996521,0.9908747673034668,1.2736586332321167,1.1664596796035767,1.1711006164550781
2026-06-13T12:01:59.585825,199,1,-3991.696062028106,0,1.552800178527832,1.5583648681640625,1.7947931289672852,0.27057474851608276,0.27057480812072754,0.48141460418701176,0.3185853958129883,0.8,0.6994069218635559,0.7100924253463745,0.16663002967834473,0.27526983618736267,0.08435866236686707,1,0.3185853958129883,1,0,0,-0.013161778450012207,0,3.4796218872070312,1.1019275188446045,1.1770899295806885,3.555150270462036,3.4040937423706055,0.9617232084274292,1.2421318292617798,1.1806105375289917,1.1735692024230957
2026-06-13T12:02:01.036588,200,1,-3762.552090837043,0,0.9547144770622253,0.9585738182067871,1.1861904859542847,0.24329696595668793,0.24329699575901031,0.480279552936554,0.31972044706344604,0.8,0.8106385469436646,0.8218948841094971,0.18236222863197327,0.184256911277771,0.021610859781503677,1,0.31972044706344604,1,0,0,-0.011869728565216064,0,2.7997846603393555,0.8627234697341919,1.085791826248169,2.82407808303833,2.7754909992218018,0.704771101474762,1.020675778388977,1.0817703008651733,1.089813232421875
2026-06-13T12:02:02.925135,201,1,-3673.8143775460976,0,1.5509541034698486,1.5571304559707642,1.784843921661377,0.2665518820285797,0.2665519714355469,0.48226355314254765,0.3177364468574524,0.8,0.6848122477531433,0.763143002986908,0.1500595360994339,0.2828861176967621,0.10621863603591919,1,0.3177364468574524,1,0,0,-0.01307821273803711,0,3.503140926361084,1.0757179260253906,1.1771146059036255,3.572474718093872,3.433807373046875,0.9329814910888672,1.2184544801712036,1.1847466230392456,1.1694825887680054
2026-06-13T12:02:04.712231,202,1,-1604.5324684884304,0,1.5962255001068115,1.6013057231903076,1.8007051944732666,0.2366533726453781,0.23665344715118408,0.4390631794929505,0.36093682050704956,0.8,0.6184103488922119,0.6733368039131165,0.18338647484779358,0.19900988042354584,0.10789108276367188,0,0.36093682050704956,1,1,0,-0.011509895324707031,0,3.545535087585449,1.0963454246520996,1.1836085319519043,3.6031129360198975,3.487957000732422,0.925640344619751,1.2670503854751587,1.194258451461792,1.1729587316513062
2026-06-13T12:02:06.514055,203,1,-2488.369995859209,0,1.6148747205734253,1.6211521625518799,1.8226367235183716,0.2467995285987854,0.2467995584011078,0.46807720065116887,0.3319227993488312,0.8,0.610863208770752,0.681888222694397,0.15436848998069763,0.19944116473197937,0.11916489899158478,0,0.3319227993488312,1,1,0,-0.011510133743286133,0,3.5572338104248047,1.1094474792480469,1.1943111419677734,3.6060545444488525,3.5084128379821777,0.9511560201644897,1.267738938331604,1.2044858932495117,1.1841365098953247
2026-06-13T12:02:08.321714,204,1,-2807.5650863114897,0,1.5934689044952393,1.5988490581512451,1.8070120811462402,0.24598127603530884,0.2459813505411148,0.45148803591728215,0.3485119640827179,0.8,0.6345572471618652,0.7090017199516296,0.17260992527008057,0.29153913259506226,0.11640733480453491,0,0.3485119640827179,1,1,0,-0.011953949928283691,0,3.540888786315918,1.0956182479858398,1.19270920753479,3.6042611598968506,3.4775166511535645,0.9332953691482544,1.2579412460327148,1.1933175325393677,1.1921007633209229
2026-06-13T12:02:10.096381,205,1,-1657.0233041457632,0,1.6247133016586304,1.6312944889068604,1.809008002281189,0.2302403301000595,0.2302403599023819,0.4497053503990174,0.35029464960098267,0.8,0.5791738629341125,0.6220167875289917,0.1639200747013092,0.19191141426563263,0.14192932844161987,0,0.35029464960098267,1,1,0,-0.010832786560058594,0,3.5756499767303467,1.1026852130889893,1.2040245532989502,3.608247756958008,3.5430521965026855,0.9306027293205261,1.2747676372528076,1.205289363861084,1.202759861946106
2026-06-13T12:02:11.945936,206,1,-2355.9484127823234,0,1.5894039869308472,1.5958449840545654,1.7859001159667969,0.23798459768295288,0.23798465728759766,0.4554200649261475,0.34457993507385254,0.8,0.6152132749557495,0.6889646649360657,0.13388311862945557,0.20254331827163696,0.12126941978931427,0,0.34457993507385254,1,1,0,-0.01195824146270752,0,3.5564489364624023,1.0722875595092773,1.197561264038086,3.601161003112793,3.5117368698120117,0.9059786796569824,1.2385965585708618,1.202660083770752,1.1924623250961304
2026-06-13T12:02:13.788664,207,1,-2893.658705661773,0,1.597103238105774,1.6033276319503784,1.8113985061645508,0.25142359733581543,0.2514236271381378,0.46832840442657475,0.3316715955734253,0.8,0.6440308094024658,0.7262620329856873,0.17263749241828918,0.1221424788236618,0.12248065322637558,0,0.3316715955734253,1,1,0,-0.0125197172164917,0,3.5485281944274902,1.090681552886963,1.2050260305404663,3.6065306663513184,3.490525960922241,0.9353219866752625,1.246041178703308,1.2058238983154297,1.204228162765503
2026-06-13T12:02:15.794608,208,1,-2635.261030523959,0,1.5874556303024292,1.593949556350708,1.7814421653747559,0.2362484633922577,0.23624849319458008,0.45227514505386357,0.3477248549461365,0.8,0.610499382019043,0.6750452518463135,0.18293887376785278,0.1930847018957138,0.12844792008399963,0,0.3477248549461365,1,1,0,-0.012107014656066895,0,3.5596954822540283,1.0640980005264282,1.2069236040115356,3.6043856143951416,3.515005350112915,0.8960794806480408,1.232116460800171,1.2077724933624268,1.2060747146606445
2026-06-13T12:02:17.719088,209,1,-704.0018174076058,0,1.5885311365127563,1.5925848484039307,1.786664605140686,0.2248591184616089,0.22485913336277008,0.4070092022418976,0.3929907977581024,0.8,0.6455219984054565,0.7043455243110657,0.20373480021953583,0.1072089672088623,0.10600065439939499,0,0.3929907977581024,1,1,0,-0.011512517929077148,0,3.542046070098877,1.0858513116836548,1.2002232074737549,3.608083486557007,3.476008892059326,0.900790274143219,1.2709122896194458,1.2016167640686035,1.1988296508789062
2026-06-13T12:02:19.812586,210,1,-2002.9563672330153,0,1.5744843482971191,1.580512523651123,1.7666770219802856,0.23168043792247772,0.2316804975271225,0.4386334300041199,0.3613665699958801,0.8,0.6231188774108887,0.7092142701148987,0.1656762957572937,0.2851010262966156,0.126277893781662,0,0.3613665699958801,1,1,0,-0.012355208396911621,0,3.555717945098877,1.0500538349151611,1.2017525434494019,3.6053028106689453,3.5061330795288086,0.8763406276702881,1.2237671613693237,1.1983625888824463,1.2051424980163574
2026-06-13T12:02:22.363686,211,1,-422.89814592267635,0,1.554518222808838,1.5569584369659424,1.7542109489440918,0.21564263105392456,0.21564270555973053,0.358028131723404,0.44197186827659607,0.8,0.6672462224960327,0.7395097017288208,0.19357632100582123,0.12288665771484375,0.10830482840538025,0,0.44197186827659607,1,1,0,-0.01264190673828125,0,3.5214529037475586,1.0600626468658447,1.1874502897262573,3.6089725494384766,3.4339330196380615,0.8571463227272034,1.2629789113998413,1.1876829862594604,1.1872175931930542
2026-06-13T12:02:24.411315,212,1,-997.5959545865012,0,1.608659267425537,1.614497423171997,1.777085542678833,0.21272554993629456,0.21272557973861694,0.4143644452095032,0.3856355547904968,0.8,0.5894339084625244,0.6033376455307007,0.164336696267128,0.07366468757390976,0.16157622635364532,0,0.3856355547904968,1,1,0,-0.01125478744506836,0,3.5754494667053223,1.0804563760757446,1.1967675685882568,3.6073129177093506,3.543585777282715,0.8905482292175293,1.27036452293396,1.1868529319763184,1.2066823244094849
2026-06-13T12:02:26.416214,213,1,-2214.5702013338805,0,1.5277951955795288,1.5323411226272583,1.7581887245178223,0.2547904849052429,0.2547904849052429,0.42757626175880437,0.3724237382411957,0.8,0.6239976286888123,0.7174975872039795,0.16946065425872803,0.15067289769649506,0.08106265217065811,0,0.3724237382411957,1,1,0,-0.012361764907836914,0,3.516193389892578,1.0275309085845947,1.1801412105560303,3.6076457500457764,3.424741268157959,0.8653350472450256,1.189726710319519,1.1781765222549438,1.1821058988571167
2026-06-13T12:02:28.260762,214,1,-1978.74096963882,0,1.5850857496261597,1.5907801389694214,1.7592417001724243,0.21555505692958832,0.2155551165342331,0.4158365607261658,0.38416343927383423,0.8,0.5976176261901855,0.6276005506515503,0.1825513243675232,0.23186898231506348,0.142951101064682,0,0.38416343927383423,1,1,0,-0.012032866477966309,0,3.5697197914123535,1.0543749332427979,1.1804053783416748,3.6085691452026367,3.5308704376220703,0.8663356304168701,1.242414116859436,1.1751749515533447,1.1856358051300049
2026-06-13T12:02:30.522510,215,1,-377.0101191551514,0,1.5536731481552124,1.5568856000900269,1.7338075637817383,0.203209787607193,0.20320986211299896,0.36314042210578923,0.4368595778942108,0.8,0.611008882522583,0.7047058939933777,0.19766956567764282,0.21384000778198242,0.11242726445198059,0,0.4368595778942108,1,1,0,-0.011796355247497559,0,3.541778564453125,1.0401902198791504,1.1680665016174316,3.6083786487579346,3.4751782417297363,0.8321685194969177,1.2482118606567383,1.166344165802002,1.1697887182235718
2026-06-13T12:02:33.587840,216,1,-319.7940730059763,0,1.5701848268508911,1.5746772289276123,1.7318336963653564,0.1970439851284027,0.1970440149307251,0.37776385545730595,0.4222361445426941,0.8,0.5842753052711487,0.6590250134468079,0.19789275527000427,0.19960787892341614,0.13125303387641907,0,0.4222361445426941,1,1,0,-0.01152181625366211,0,3.5644192695617676,1.0364868640899658,1.1878912448883057,3.604935884475708,3.523902416229248,0.8293062448501587,1.243667483329773,1.1902204751968384,1.185562014579773
2026-06-13T12:02:36.487631,217,1,-180.29468832892007,0,1.5452051162719727,1.5474379062652588,1.7464077472686768,0.21562421321868896,0.21562425792217255,0.34918536543846135,0.4508146345615387,0.8,0.6183239221572876,0.7202865481376648,0.15890830755233765,0.22593025863170624,0.08994662761688232,0,0.4508146345615387,1,1,0,-0.011696338653564453,0,3.5149364471435547,1.0577583312988281,1.160383939743042,3.6075074672698975,3.422365665435791,0.8523650169372559,1.2631516456604004,1.1531262397766113,1.1676417589187622
2026-06-13T12:02:38.675628,218,1,329.1338023343851,0,1.5008838176727295,1.5026826858520508,1.6743334531784058,0.18672512471675873,0.18672515451908112,0.3027890503406525,0.49721094965934753,0.8,0.6206355094909668,0.7244275808334351,0.1841464787721634,0.30316948890686035,0.08616334944963455,0,0.49721094965934753,1,1,0,-0.012239456176757812,0,3.52223539352417,0.9842698574066162,1.1563754081726074,3.60693359375,3.437537431716919,0.750596821308136,1.2179428339004517,1.151098370552063,1.1616525650024414
2026-06-13T12:02:40.793393,219,1,645.2448677150815,0,1.5402899980545044,1.5424411296844482,1.712913155555725,0.18892353773117065,0.18892353773117065,0.32201309800148015,0.4779869019985199,0.8,0.6211686730384827,0.7461511492729187,0.16274353861808777,0.2966345250606537,0.1014242097735405,0,0.4779869019985199,1,1,0,-0.0118330717086792,0,3.5335001945495605,1.0298268795013428,1.1647038459777832,3.608774185180664,3.458226203918457,0.8030446767807007,1.2566090822219849,1.1600638628005981,1.1693439483642578
2026-06-13T12:02:42.810093,220,1,1311.418868719693,0,1.5211451053619385,1.5229535102844238,1.680311679840088,0.17397183179855347,0.17397184669971466,0.29777340888977055,0.5022265911102295,0.8,0.6247073411941528,0.7178555727005005,0.15135662257671356,0.2600545585155487,0.11412261426448822,0,0.5022265911102295,1,1,0,-0.012354493141174316,1,3.531271457672119,1.0050328969955444,1.154972791671753,3.601854085922241,3.460689067840576,0.7640432715415955,1.2460224628448486,1.1549111604690552,1.1550343036651611
2026-06-13T12:02:44.704073,221,1,1617.4034114117908,0,1.4814585447311401,1.4822269678115845,1.6373180150985718,0.1622670590877533,0.16226713359355927,0.2446048736572266,0.5553951263427734,0.8,0.614572286605835,0.7304762005805969,0.13444095849990845,0.2706568241119385,0.09507089108228683,0,0.5553951263427734,1,1,0,-0.01223766803741455,1,3.5170087814331055,0.9610306620597839,1.153071403503418,3.6044981479644775,3.4295196533203125,0.6975489854812622,1.2245123386383057,1.1593140363693237,1.1468287706375122
2026-06-13T12:02:46.446193,222,1,1414.927951725399,0,1.4990386962890625,1.4998514652252197,1.6481112241744995,0.15626400709152222,0.1562640368938446,0.2425122737884522,0.5574877262115479,0.8,0.6239035129547119,0.7368384599685669,0.14576834440231323,0.2946557104587555,0.10230344533920288,0,0.5574877262115479,1,1,0,-0.012220382690429688,1,3.525893211364746,0.9763797521591187,1.1617540121078491,3.607193946838379,3.444592237472534,0.7097801566123962,1.2429794073104858,1.1653529405593872,1.158155083656311
2026-06-13T12:02:48.192153,223,1,2387.007348469244,0,1.4368560314178467,1.436976671218872,1.5962774753570557,0.16038569808006287,0.16038578748703003,0.1859660625457764,0.6140339374542236,0.8,0.6420769691467285,0.7394587397575378,0.1526816487312317,0.2480332851409912,0.07985730469226837,0,0.6140339374542236,1,1,0,-0.012700557708740234,1,3.4886021614074707,0.9264869689941406,1.1453362703323364,3.6010007858276367,3.3762032985687256,0.6408171653747559,1.2121567726135254,1.149661660194397,1.1410108804702759
2026-06-13T12:02:49.984806,224,1,2478.897887519059,0,1.4809503555297852,1.4812175035476685,1.6177884340286255,0.13943800330162048,0.13943800330162048,0.1865430355072022,0.6134569644927979,0.8,0.5999289751052856,0.6984068751335144,0.1682766228914261,0.24075442552566528,0.10830176621675491,0,0.6134569644927979,1,1,0,-0.011751532554626465,1,3.518347978591919,0.9589264988899231,1.1515644788742065,3.608079195022583,3.428616762161255,0.6656272411346436,1.2522257566452026,1.1490728855133057,1.1540560722351074
2026-06-13T12:02:52.000911,225,1,2472.8714246222644,0,1.4651131629943848,1.465146541595459,1.6121200323104858,0.1473046839237213,0.14730477333068848,0.16992120742797856,0.6300787925720215,0.8,0.6174944639205933,0.7198496460914612,0.14802050590515137,0.17771072685718536,0.09907214343547821,0,0.6300787925720215,1,1,0,-0.01208031177520752,1,3.5030136108398438,0.9530602097511292,1.1469494104385376,3.6073968410491943,3.3986306190490723,0.6561212539672852,1.2499991655349731,1.1604124307632446,1.1334863901138306
2026-06-13T12:02:53.819650,226,1,2530.205466683174,0,1.4625613689422607,1.4625911712646484,1.598551630973816,0.1362791657447815,0.13627928495407104,0.1499711155891419,0.6500288844108582,0.8,0.6039724349975586,0.7142926454544067,0.16505804657936096,0.1622849702835083,0.08286403119564056,0,0.6500288844108582,1,1,0,-0.011478900909423828,1,3.5011353492736816,0.9520059823989868,1.1423778533935547,3.6023285388946533,3.399942398071289,0.6431780457496643,1.260833978652954,1.1468095779418945,1.1379461288452148
2026-06-13T12:02:55.653845,227,1,2438.4190824032767,0,1.433432698249817,1.4338692426681519,1.5884102582931519,0.15854018926620483,0.158540278673172,0.21429322957992558,0.5857067704200745,0.8,0.6098242402076721,0.7181518077850342,0.15440994501113892,0.350466787815094,0.0788116380572319,0,0.5857067704200745,1,1,0,-0.01221764087677002,1,3.507291316986084,0.8977571129798889,1.150557041168213,3.6051113605499268,3.409471035003662,0.6219719648361206,1.1735422611236572,1.1622562408447266,1.1388577222824097
2026-06-13T12:02:57.538196,228,1,2757.3260694307364,0,1.4565658569335938,1.4565678834915161,1.567529559135437,0.1109868735074997,0.11098698526620865,0.11547003984451298,0.6845299601554871,0.8,0.6110866069793701,0.7116984128952026,0.16458947956562042,0.2723543643951416,0.10827440023422241,0,0.6845299601554871,1,1,0,-0.012130141258239746,1,3.522007465362549,0.9171484708786011,1.1467039585113525,3.6084742546081543,3.4355409145355225,0.5861144661903381,1.2481825351715088,1.1559396982192993,1.1374680995941162
2026-06-13T12:02:59.347915,229,1,2779.8328545755576,0,1.4348527193069458,1.434882402420044,1.5565388202667236,0.12200485169887543,0.12200485914945602,0.13824247121810918,0.6617575287818909,0.8,0.6084840297698975,0.7156634330749512,0.12634050846099854,0.20927169919013977,0.09974552690982819,0,0.6617575287818909,1,1,0,-0.01210629940032959,1,3.5143911838531494,0.889295220375061,1.1615203619003296,3.6045336723327637,3.424248695373535,0.571050763130188,1.207539677619934,1.1702121496200562,1.152828574180603
2026-06-13T12:03:01.600319,230,1,2849.555808798895,0,1.42119562625885,1.4217984676361084,1.5348948240280151,0.12043541669845581,0.12043541669845581,0.043205964565277144,0.7567940354347229,0.8,0.5855585336685181,0.6926124095916748,0.15584146976470947,0.1322074979543686,0.1126517504453659,0,0.7567940354347229,1,1,0,-0.011625289916992188,1,3.4940874576568604,0.892641544342041,1.1611237525939941,3.607342004776001,3.3808329105377197,0.5317919850349426,1.2534910440444946,1.1731793880462646,1.1490682363510132
2026-06-13T12:03:03.573178,231,1,2795.5855651088086,0,1.4289005994796753,1.429218053817749,1.5449621677398682,0.11959931254386902,0.11959940195083618,0.0698745727539063,0.7301254272460938,0.8,0.5844514966011047,0.6985855102539062,0.13772544264793396,0.2624002695083618,0.09805092960596085,0,0.7301254272460938,1,1,0,-0.011644124984741211,1,3.498095989227295,0.8988550901412964,1.167337417602539,3.606034278869629,3.390157461166382,0.5501466393470764,1.2475636005401611,1.172078251838684,1.162596583366394
2026-06-13T12:03:05.399704,232,1,2810.963020293225,0,1.3929252624511719,1.3934204578399658,1.5219677686691284,0.13380753993988037,0.13380753993988037,0.06033180952072148,0.7396681904792786,0.8,0.6491051912307739,0.7550605535507202,0.18469709157943726,0.19339662790298462,0.07614629715681076,0,0.7396681904792786,1,1,0,-0.013053178787231445,1,3.4837658405303955,0.8613424301147461,1.1542134284973145,3.607043504714966,3.360488176345825,0.5127514004707336,1.2099334001541138,1.162225365638733,1.146201491355896
2026-06-13T12:03:07.450010,233,1,2701.0386423550085,0,1.4087517261505127,1.4095845222473145,1.5339603424072266,0.133475661277771,0.13347576558589935,0.039727318286895796,0.7602726817131042,0.8,0.6039507389068604,0.7173784375190735,0.1697680950164795,0.238483726978302,0.10014398396015167,0,0.7602726817131042,1,1,0,-0.011962890625,1,3.480031967163086,0.8914180994033813,1.1532530784606934,3.606254816055298,3.353809356689453,0.533058226108551,1.249777913093567,1.1654870510101318,1.1410191059112549
2026-06-13T12:03:09.475241,234,1,2822.6004488255126,0,1.404114842414856,1.4050034284591675,1.527772307395935,0.13254448771476746,0.1325445920228958,0.035651314258575484,0.7643486857414246,0.8,0.6301324367523193,0.7307761311531067,0.1497589647769928,0.16791307926177979,0.09538314491510391,0,0.7643486857414246,1,1,0,-0.012535691261291504,1,3.4797415733337402,0.8847150802612305,1.1515787839889526,3.605999708175659,3.3534836769104004,0.524103581905365,1.2453265190124512,1.1602678298950195,1.1428897380828857
2026-06-13T12:03:11.297947,235,1,2584.8741352818797,0,1.3788052797317505,1.3803918361663818,1.5331573486328125,0.1664772480726242,0.16647735238075256,0.029659616947174117,0.7703403830528259,0.8,0.6067273020744324,0.7109301090240479,0.14709632098674774,0.21490824222564697,0.09268836677074432,0,0.7703403830528259,1,1,0,-0.011894941329956055,1,3.447913646697998,0.8826261758804321,1.1547651290893555,3.6068482398986816,3.2889792919158936,0.5318244099617004,1.233427882194519,1.1605994701385498,1.1489307880401611
2026-06-13T12:03:13.077132,236,1,2247.678404419752,0,1.3400987386703491,1.343794822692871,1.4986096620559692,0.18408529460430145,0.18408529460430145,0.035464596748352006,0.835464596748352,0.8,0.604901909828186,0.7008817195892334,0.16069641709327698,0.16978612542152405,0.09479845315217972,0,0.835464596748352,1,1,0,-0.012099862098693848,1,3.4248924255371094,0.8521544337272644,1.138899803161621,3.6073546409606934,3.2424302101135254,0.4763883650302887,1.2279205322265625,1.141666054725647,1.1361336708068848
2026-06-13T12:03:14.830319,237,1,2674.7840799133255,0,1.3475286960601807,1.3517961502075195,1.4802303314208984,0.1673736721277237,0.16737379133701324,0.06761528253555293,0.867615282535553,0.8,0.6051007509231567,0.7020437717437744,0.17770995199680328,0.30508071184158325,0.10833542048931122,0,0.867615282535553,1,1,0,-0.01179647445678711,1,3.4338035583496094,0.8529885411262512,1.1396236419677734,3.601052761077881,3.266554594039917,0.4527696371078491,1.2532074451446533,1.1460767984390259,1.1331706047058105
2026-06-13T12:03:16.646530,238,1,2436.4487102705325,0,1.3382902145385742,1.3432607650756836,1.4673986434936523,0.16952666640281677,0.16952666640281677,0.08667279481887813,0.8866727948188782,0.8,0.6207234859466553,0.737663209438324,0.17894339561462402,0.1839224398136139,0.10564768314361572,0,0.8866727948188782,1,1,0,-0.012199997901916504,1,3.4388821125030518,0.831257164478302,1.1440703868865967,3.6080234050750732,3.2697408199310303,0.4214973747730255,1.2410169839859009,1.1381324529647827,1.1500084400177002
2026-06-13T12:03:18.775144,239,1,2228.0434054158413,0,1.3289283514022827,1.3349823951721191,1.4640007019042969,0.18103273212909698,0.18103273212909698,0.10790981054306026,0.9079098105430603,0.8,0.6139989495277405,0.7464173436164856,0.18235620856285095,0.2534884512424469,0.09771820902824402,0,0.9079098105430603,1,1,0,-0.012057185173034668,1,3.427173376083374,0.829453706741333,1.1515661478042603,3.6073241233825684,3.2470226287841797,0.41282594203948975,1.2460814714431763,1.1580525636672974,1.1450797319412231
2026-06-13T12:03:20.801101,240,1,2599.1311647154516,0,1.3500494956970215,1.3559876680374146,1.4707696437835693,0.17100903391838074,0.1710091382265091,0.11240072250366206,0.9124007225036621,0.8,0.6131160259246826,0.7071849703788757,0.1598716676235199,0.25674381852149963,0.10922767221927643,0,0.9124007225036621,1,1,0,-0.011423945426940918,1,3.4401793479919434,0.8466804623603821,1.1542491912841797,3.6095187664031982,3.2708396911621094,0.42308714985847473,1.2702738046646118,1.1508487462997437,1.1576495170593262
2026-06-13T12:03:23.635365,241,1,1800.012306921184,0,1.3124499320983887,1.322843313217163,1.4266083240509033,0.19533786177635193,0.19533786177635193,0.19690365791320796,0.996903657913208,0.8,0.6132433414459229,0.7165675163269043,0.17778661847114563,0.2043062150478363,0.09642691910266876,0,0.996903657913208,1,1,0,-0.011760234832763672,1,3.419534683227539,0.8139207363128662,1.1435519456863403,3.6044762134552,3.234593152999878,0.3510490655899048,1.2767924070358276,1.1427375078201294,1.1443663835525513
2026-06-13T12:03:25.726697,242,1,1352.8590478171077,0,1.2359946966171265,1.2508816719055176,1.3839256763458252,0.23392951488494873,0.23392963409423828,0.24340183734893794,1.043401837348938,0.8,0.6208471655845642,0.7537811398506165,0.13860651850700378,0.3929286599159241,0.0842391774058342,0,1.043401837348938,1,1,0,-0.012652277946472168,1,3.385744571685791,0.7335679531097412,1.1336748600006104,3.6083641052246094,3.1631247997283936,0.26175692677497864,1.2053790092468262,1.1310900449752808,1.1362597942352295
2026-06-13T12:03:27.594164,243,1,1217.028570469709,0,1.235526442527771,1.2522261142730713,1.401828408241272,0.25283461809158325,0.2528347671031952,0.24870772361755367,1.0487077236175537,0.8,0.6235673427581787,0.7343085408210754,0.1626724898815155,0.20480617880821228,0.10749238729476929,0,1.0487077236175537,1,1,0,-0.012341618537902832,1,3.363266944885254,0.7609269618988037,1.1401171684265137,3.6079213619232178,3.118612289428711,0.2971499562263489,1.2247040271759033,1.1415302753448486,1.1387041807174683
2026-06-13T12:03:29.470587,244,1,-572.5923974518998,0,1.1978217363357544,1.2254663705825806,1.3430296182632446,0.2842743396759033,0.2842743694782257,0.3769325733184814,1.1769325733184814,0.8,0.6000782251358032,0.7123786807060242,0.16722136735916138,0.19855132699012756,0.0939842239022255,0,1.1769325733184814,1,1,0,-0.011914610862731934,0,3.353041887283325,0.7113821506500244,1.142911672592163,3.604559898376465,3.1015238761901855,0.17953139543533325,1.2432329654693604,1.130028486251831,1.1557947397232056
2026-06-13T12:03:31.465392,245,1,-403.09409843885715,0,1.2056748867034912,1.2296643257141113,1.3345556259155273,0.26348525285720825,0.26348525285720825,0.35719044208526607,1.1571904420852661,0.8,0.614963173866272,0.7350937724113464,0.14971980452537537,0.2115035057067871,0.09249959141016006,0,1.1571904420852661,1,1,0,-0.01226663589477539,0,3.37497878074646,0.6960861086845398,1.136134386062622,3.602903127670288,3.147054433822632,0.16440121829509735,1.2277710437774658,1.124556303024292,1.1477125883102417
2026-06-13T12:03:33.378614,246,1,-1012.8111186838439,0,1.2310264110565186,1.2567155361175537,1.332888126373291,0.2640269994735718,0.2640269994735718,0.3947811841964721,1.1947811841964722,0.8,0.6004608273506165,0.7120829224586487,0.16136446595191956,0.2595694065093994,0.10721827298402786,0,1.1947811841964722,1,1,0,-0.011687636375427246,0,3.3976731300354004,0.7070891857147217,1.1417722702026367,3.608099937438965,3.187246322631836,0.1481325775384903,1.2660458087921143,1.1289817094802856,1.1545629501342773
2026-06-13T12:03:35.349224,247,1,-2181.346972778395,0,1.2182385921478271,1.2489306926727295,1.2973183393478394,0.2793993055820465,0.2793993055820465,0.46573133468627925,1.2657313346862793,0.8,0.5731419324874878,0.7036510705947876,0.14684563875198364,0.1583142727613449,0.092319056391716,0,1.2657313346862793,1,1,0,-0.011482715606689453,0,3.414008617401123,0.6613680720329285,1.1359567642211914,3.6059093475341797,3.2221078872680664,0.05829933285713196,1.2644368410110474,1.137037754058838,1.1348758935928345
2026-06-13T12:03:37.543434,248,1,-2392.7044424737633,0,1.179231882095337,1.2166666984558105,1.2772846221923828,0.30555590987205505,0.30555590987205505,0.5121061325073242,1.3121061325073242,0.8,0.5749319791793823,0.715030312538147,0.16912734508514404,0.24391359090805054,0.08578160405158997,0,1.3121061325073242,1,1,0,-0.011620879173278809,0,3.397139072418213,0.6144761443138123,1.1368237733840942,3.607814311981201,3.1864638328552246,-0.006825300864875317,1.2357776165008545,1.134366512298584,1.1392810344696045
2026-06-13T12:03:39.511188,249,1,-2503.451517146557,0,1.1943635940551758,1.2330389022827148,1.2723979949951172,0.30891698598861694,0.30891701579093933,0.537823748588562,1.337823748588562,0.8,0.5996084213256836,0.7196603417396545,0.1750461757183075,0.2343624085187912,0.09737217426300049,0,1.337823748588562,1,1,0,-0.012110471725463867,0,3.4133877754211426,0.6176938414573669,1.1341798305511475,3.6078543663024902,3.218921184539795,-0.02232292667031288,1.257710576057434,1.1320784091949463,1.1362813711166382
2026-06-13T12:03:41.719062,250,1,-2445.8311721947293,0,1.2140942811965942,1.2494111061096191,1.2723902463912964,0.2958561182022095,0.29585617780685425,0.5285659551620483,1.3285659551620483,0.8,0.571527361869812,0.7046043872833252,0.1571875810623169,0.2026950716972351,0.09175878763198853,0,1.3285659551620483,1,1,0,-0.011501908302307129,0,3.4385294914245605,0.6146595478057861,1.132948398590088,3.608137369155884,3.2689218521118164,-0.027516737580299377,1.2568358182907104,1.14365816116333,1.1222387552261353
2026-06-13T12:03:44.137750,251,1,-2642.834703772583,0,1.1851027011871338,1.2290425300598145,1.2589753866195679,0.3270680904388428,0.32706815004348755,0.5866026401519775,1.3866026401519775,0.8,0.5825837254524231,0.7110199332237244,0.14919757843017578,0.2797689437866211,0.09099896997213364,0,1.3866026401519775,1,1,0,-0.011815667152404785,0,3.4196715354919434,0.587773323059082,1.1387836933135986,3.6079676151275635,3.231375217437744,-0.07934323698282242,1.2548898458480835,1.1516997814178467,1.125867486000061
2026-06-13T12:03:46.289482,252,1,-2843.769327374169,0,1.1813265085220337,1.2257018089294434,1.2532984018325806,0.32798561453819275,0.3279856741428375,0.5882189989089965,1.3882189989089966,0.8,0.5989280939102173,0.7254539728164673,0.15250803530216217,0.2589162290096283,0.10715843737125397,0,1.3882189989089966,1,1,0,-0.01213681697845459,0,3.411957263946533,0.5934801697731018,1.1387667655944824,3.601133346557617,3.22278094291687,-0.07428653538227081,1.261246919631958,1.1481432914733887,1.1293902397155762
2026-06-13T12:03:48.282084,253,1,-3143.331828096805,0,1.1835154294967651,1.2343885898590088,1.2492375373840332,0.3510371744632721,0.35103726387023926,0.6439984560012817,1.4439984560012817,0.8,0.5666756629943848,0.7048877477645874,0.15491914749145508,0.24034486711025238,0.10206803679466248,0,1.4439984560012817,1,1,0,-0.011172890663146973,0,3.422640323638916,0.5806170701980591,1.133414387702942,3.608779191970825,3.2365012168884277,-0.11695263534784317,1.2781867980957031,1.1390388011932373,1.1277899742126465
2026-06-13T12:03:50.319248,254,1,-2765.2445958803773,0,1.1726324558258057,1.2194976806640625,1.2488534450531006,0.3361094295978546,0.3361094295978546,0.6069857597351074,1.4069857597351074,0.8,0.6047077775001526,0.7509831786155701,0.15934830904006958,0.13505436480045319,0.1057383269071579,0,1.4069857597351074,1,1,0,-0.012428522109985352,0,3.418379306793213,0.5688406229019165,1.1199629306793213,3.6081156730651855,3.2286429405212402,-0.108575239777565,1.2462564706802368,1.123139500617981,1.1167863607406616
2026-06-13T12:03:52.757119,255,1,-3162.059675597094,0,1.1281142234802246,1.1867120265960693,1.2445919513702393,0.3728192150592804,0.37281927466392517,0.6557023048400878,1.455702304840088,0.8,0.6037270426750183,0.7323918342590332,0.16634675860404968,0.1970483362674713,0.08254345506429672,0,1.455702304840088,1,1,0,-0.01223611831665039,0,3.3727803230285645,0.5600472092628479,1.1126387119293213,3.608912944793701,3.1366474628448486,-0.1284191608428955,1.2485135793685913,1.11739981174469,1.1078776121139526
2026-06-13T12:03:54.658304,256,1,-3533.343131713305,0,1.1304513216018677,1.192925214767456,1.236592411994934,0.383480429649353,0.3834804892539978,0.6830508232116699,1.48305082321167,0.8,0.6082436442375183,0.7123154997825623,0.12928539514541626,0.14370380342006683,0.10206460952758789,0,1.48305082321167,1,1,0,-0.011959314346313477,0,3.36846923828125,0.5712352395057678,1.1169533729553223,3.6026077270507812,3.1343305110931396,-0.13226811587810516,1.2747385501861572,1.1059025526046753,1.1280040740966797
2026-06-13T12:03:57.172596,257,1,-3286.5214208351154,0,1.1385345458984375,1.1999335289001465,1.2305296659469604,0.3801521956920624,0.38015225529670715,0.6918609857559204,1.4918609857559204,0.8,0.6087536811828613,0.7217451333999634,0.16727307438850403,0.36194276809692383,0.08607836812734604,0,1.4918609857559204,1,1,0,-0.012024402618408203,0,3.389644145965576,0.548923134803772,1.1246957778930664,3.6024765968322754,3.176811456680298,-0.16594769060611725,1.2637939453125,1.1160731315612793,1.133318305015564
2026-06-13T12:03:59.840422,258,1,-3140.2873005711963,0,1.140390396118164,1.1961894035339355,1.2373363971710205,0.36341649293899536,0.36341652274131775,0.654534888267517,1.454534888267517,0.8,0.5885289311408997,0.7039169669151306,0.1405063271522522,0.1884278953075409,0.0880374163389206,0,1.454534888267517,1,1,0,-0.012103438377380371,0,3.3945789337158203,0.5431843996047974,1.1274914741516113,3.605314016342163,3.1838440895080566,-0.15287360548973083,1.239242434501648,1.130950927734375,1.124031901359558
2026-06-13T12:04:01.782050,259,1,-3270.129908201214,0,1.1155046224594116,1.1785578727722168,1.2350589036941528,0.3845003843307495,0.3845004737377167,0.6838305711746215,1.4838305711746216,0.8,0.6278349161148071,0.7835039496421814,0.1775335967540741,0.2714264988899231,0.07774218916893005,0,1.4838305711746216,1,1,0,-0.012889862060546875,0,3.3725733757019043,0.5322554111480713,1.123110294342041,3.608618974685669,3.1365275382995605,-0.17099182307720184,1.2355026006698608,1.1103001832962036,1.135920524597168
2026-06-13T12:04:03.461325,260,1,-3508.759324777645,0,1.1135902404785156,1.1861076354980469,1.2214653491973877,0.4099005460739136,0.40990057587623596,0.7507987737655639,1.550798773765564,0.8,0.6174695491790771,0.7474531531333923,0.14230017364025116,0.343177855014801,0.08499225229024887,0,1.550798773765564,1,1,0,-0.012319564819335938,0,3.375540018081665,0.5221338272094727,1.1256237030029297,3.6021158695220947,3.1489641666412354,-0.2193983644247055,1.263666033744812,1.1194921731948853,1.1317553520202637
2026-06-13T12:04:05.267038,261,1,-3035.011990025463,0,1.0832151174545288,1.151681900024414,1.2309503555297852,0.3991238474845886,0.3991239368915558,0.6947379827499389,1.494737982749939,0.8,0.611857533454895,0.753676176071167,0.15689051151275635,0.24765589833259583,0.0919189527630806,0,1.494737982749939,1,1,0,-0.012512683868408203,0,3.339493751525879,0.5230984687805176,1.130669355392456,3.603760004043579,3.075227737426758,-0.17597727477550507,1.2221741676330566,1.1265490055084229,1.1347895860671997
2026-06-13T12:04:07.080579,262,1,-3186.6435063187055,0,1.1162744760513306,1.1851861476898193,1.224642038345337,0.4001922011375427,0.4001922607421875,0.7323681831359863,1.5323681831359863,0.8,0.6029180288314819,0.736124575138092,0.16458839178085327,0.14365476369857788,0.0969734638929367,0,1.5323681831359863,1,1,0,-0.012355327606201172,0,3.3838887214660645,0.5089519023895264,1.1378405094146729,3.604849100112915,3.162928581237793,-0.22465333342552185,1.242557168006897,1.1316840648651123,1.1439968347549438
2026-06-13T12:04:08.907137,263,1,-3307.0744007774115,0,1.0985808372497559,1.1677486896514893,1.2206792831420898,0.3994482457637787,0.39944830536842346,0.7195024013519287,1.5195024013519287,0.8,0.6078568696975708,0.7365369200706482,0.1717981994152069,0.1314346343278885,0.0904744565486908,0,1.5195024013519287,1,1,0,-0.01246500015258789,0,3.3652710914611816,0.5087724328041077,1.1276025772094727,3.601059913635254,3.1294820308685303,-0.21330633759498596,1.230851173400879,1.1125106811523438,1.1426944732666016
2026-06-13T12:04:10.918493,264,1,-3545.1607144195054,0,1.0914888381958008,1.169506311416626,1.215187668800354,0.42247363924980164,0.422473669052124,0.7763043165206909,1.576304316520691,0.8,0.6183375120162964,0.723924458026886,0.17955251038074493,0.19248256087303162,0.08673134446144104,0,1.576304316520691,1,1,0,-0.01268458366394043,0,3.3718466758728027,0.4800604581832886,1.1280784606933594,3.6030402183532715,3.140653133392334,-0.27331435680389404,1.2334352731704712,1.1154392957687378,1.1407177448272705
2026-06-13T12:04:12.859413,265,1,-3561.3676442167844,0,1.1086795330047607,1.1814162731170654,1.2161911725997925,0.40961360931396484,0.409613698720932,0.75422043800354,1.55422043800354,0.8,0.6302825212478638,0.7440752387046814,0.15032772719860077,0.37667596340179443,0.09349540621042252,0,1.55422043800354,1,1,0,-0.012852787971496582,0,3.380876064300537,0.499708354473114,1.131697416305542,3.6008312702178955,3.160921096801758,-0.2454378604888916,1.2448545694351196,1.1150482892990112,1.1483464241027832
2026-06-13T12:04:14.927523,266,1,-3360.9201086936782,0,1.110020399093628,1.1804494857788086,1.2189689874649048,0.403483510017395,0.4034835994243622,0.7433399677276611,1.5433399677276611,0.8,0.5909167528152466,0.7396776080131531,0.170052170753479,0.13038931787014008,0.08374996483325958,0,1.5433399677276611,1,1,0,-0.012130141258239746,0,3.389799118041992,0.4855784773826599,1.129061222076416,3.6050968170166016,3.174501657485962,-0.25526610016822815,1.2264230251312256,1.1126024723052979,1.1455200910568237
2026-06-13T12:04:17.068400,267,1,-3333.0192220860476,0,1.1463278532028198,1.2076647281646729,1.2273509502410889,0.3804916441440582,0.3804916441440582,0.7100668668746948,1.5100668668746948,0.8,0.6113680601119995,0.7678359150886536,0.1517697274684906,0.2623837888240814,0.09504341334104538,0,1.5100668668746948,1,1,0,-0.012529730796813965,0,3.4206480979919434,0.5013610124588013,1.1448533535003662,3.6071741580963135,3.2341220378875732,-0.2302660048007965,1.2329879999160767,1.1425178050994873,1.1471889019012451
2026-06-13T12:04:18.835595,268,1,-3209.558049764905,0,1.1349101066589355,1.1972460746765137,1.222096562385559,0.38209298253059387,0.38209301233291626,0.7147531032562255,1.5147531032562256,0.8,0.6071834564208984,0.7412370443344116,0.1936671882867813,0.23730728030204773,0.0788276195526123,0,1.5147531032562256,1,1,0,-0.012560248374938965,0,3.422545909881592,0.47072964906692505,1.144342064857483,3.606937885284424,3.2381536960601807,-0.26380065083503723,1.205259919166565,1.1351702213287354,1.1535139083862305
2026-06-13T12:04:20.594471,269,1,-3561.796285155816,0,1.156898021697998,1.2226059436798096,1.2237226963043213,0.39541536569595337,0.39541539549827576,0.7499589443206787,1.5499589443206787,0.8,0.59429931640625,0.7164092659950256,0.15697503089904785,0.05901998654007912,0.09221028536558151,0,1.5499589443206787,1,1,0,-0.012021183967590332,0,3.4343314170837402,0.4980442523956299,1.1432607173919678,3.607722282409668,3.2609407901763916,-0.25725555419921875,1.2533440589904785,1.1361191272735596,1.1504021883010864
2026-06-13T12:04:22.315073,270,1,-3517.061689845841,0,1.1153405904769897,1.1815325021743774,1.2158182859420776,0.39142078161239624,0.391420841217041,0.7286798477172851,1.5286798477172852,0.8,0.6126943230628967,0.7541608810424805,0.18371877074241638,0.15992391109466553,0.08726167678833008,0,1.5286798477172852,1,1,0,-0.01264941692352295,0,3.408496856689453,0.4577433466911316,1.1318705081939697,3.604149103164673,3.2128443717956543,-0.28101325035095215,1.1964999437332153,1.1186652183532715,1.145075798034668
2026-06-13T12:04:24.158780,271,1,-3601.6862727012003,0,1.0939033031463623,1.1661237478256226,1.2127984762191772,0.40669241547584534,0.4066924750804901,0.7505093336105346,1.5505093336105347,0.8,0.6220362782478333,0.7356088161468506,0.16708143055438995,0.15112251043319702,0.07111966609954834,0,1.5505093336105347,1,1,0,-0.012801527976989746,0,3.384249210357666,0.46049290895462036,1.125795602798462,3.600327730178833,3.16817045211792,-0.2840333878993988,1.205019235610962,1.1290174722671509,1.122573733329773
2026-06-13T12:04:25.898380,272,1,-3367.2165318358707,0,1.1087011098861694,1.1780011653900146,1.216354250907898,0.39992403984069824,0.39992406964302063,0.7452771186828613,1.5452771186828613,0.8,0.5671430826187134,0.704630970954895,0.14592766761779785,0.18161296844482422,0.079685740172863,0,1.5452771186828613,1,1,0,-0.011742234230041504,0,3.406465530395508,0.4475659132003784,1.1262152194976807,3.60636043548584,3.206570863723755,-0.2987229526042938,1.193854808807373,1.118133306503296,1.134297251701355
2026-06-13T12:04:27.558528,273,1,-3745.994026269521,0,1.0688111782073975,1.1527678966522217,1.21115243434906,0.4358040392398834,0.4358040988445282,0.8014586687088012,1.6014586687088013,0.8,0.6017610430717468,0.7566303610801697,0.1448560655117035,0.19450128078460693,0.08859284222126007,0,1.6014586687088013,1,1,0,-0.012377619743347168,0,3.363381862640381,0.44361501932144165,1.1321313381195068,3.6026127338409424,3.1241507530212402,-0.3204377591609955,1.2076678276062012,1.1195107698440552,1.144752025604248
2026-06-13T12:04:29.297291,274,1,-3749.506162516426,0,1.118330478668213,1.1938143968582153,1.2179263830184937,0.418462336063385,0.4184623956680298,0.7895811319351196,1.5895811319351196,0.8,0.6066504120826721,0.7439740300178528,0.16902925074100494,0.17914748191833496,0.09100490063428879,0,1.5895811319351196,1,1,0,-0.01252293586730957,0,3.41487455368042,0.44944584369659424,1.136716365814209,3.6087255477905273,3.2210237979888916,-0.321280837059021,1.2201725244522095,1.127005934715271,1.1464266777038574
2026-06-13T12:04:30.996187,275,1,-3863.878480614946,0,1.133954405784607,1.2007300853729248,1.2105417251586914,0.39496365189552307,0.39496365189552307,0.7556141138076782,1.5556141138076782,0.8,0.6316112279891968,0.7641027569770813,0.17926105856895447,0.23831453919410706,0.08262597769498825,0,1.5556141138076782,1,1,0,-0.013039112091064453,0,3.4420580863952637,0.425922691822052,1.1362268924713135,3.60168194770813,3.2824342250823975,-0.335311621427536,1.1871570348739624,1.1311007738113403,1.141352891921997
2026-06-13T12:04:32.929658,276,1,-3928.409479638418,0,1.1322948932647705,1.206089973449707,1.216505765914917,0.4155349135398865,0.41553494334220886,0.7916357040405273,1.5916357040405273,0.8,0.6061905026435852,0.7299007177352905,0.1510690301656723,0.20639516413211823,0.0961153507232666,0,1.5916357040405273,1,1,0,-0.0124894380569458,0,3.431321144104004,0.45018887519836426,1.1256928443908691,3.6084485054016113,3.2541940212249756,-0.3256320655345917,1.2260098457336426,1.1183561086654663,1.1330294609069824
2026-06-13T12:04:34.726555,277,1,-3618.2987603311853,0,1.1482025384902954,1.21675705909729,1.22080659866333,0.4026726186275482,0.4026726186275482,0.7776432752609252,1.5776432752609253,0.8,0.6069183349609375,0.7343549728393555,0.16572552919387817,0.21501247584819794,0.09071134775876999,0,1.5776432752609253,1,1,0,-0.01264035701751709,0,3.4571151733398438,0.42743179202079773,1.134829044342041,3.6033995151519775,3.31083083152771,-0.34768611192703247,1.202549695968628,1.1405452489852905,1.129112720489502
2026-06-13T12:04:36.554068,278,1,-3959.5655068405204,0,1.1259628534317017,1.2048805952072144,1.210449457168579,0.428924560546875,0.4289246201515198,0.8253389120101928,1.6253389120101929,0.8,0.6389247179031372,0.7634429335594177,0.1701013147830963,0.2837981581687927,0.07912823557853699,0,1.6253389120101929,1,1,0,-0.013257265090942383,0,3.4367141723632812,0.41922664642333984,1.1313974857330322,3.6024608612060547,3.2709672451019287,-0.3763425350189209,1.2147958278656006,1.1368082761764526,1.1259865760803223
2026-06-13T12:04:38.280305,279,1,-3746.5790261582515,0,1.1250580549240112,1.1976325511932373,1.2094709873199463,0.41074061393737793,0.41074061393737793,0.7842878818511962,1.5842878818511963,0.8,0.6297792196273804,0.7681145668029785,0.16758283972740173,0.31405770778656006,0.09659966081380844,0,1.5842878818511963,1,1,0,-0.01305687427520752,0,3.432155132293701,0.4329371452331543,1.113917350769043,3.603037118911743,3.261273145675659,-0.34054312109947205,1.206417441368103,1.1094839572906494,1.118350863456726
2026-06-13T12:04:40.196077,280,1,-3416.241496777733,0,1.1374659538269043,1.1979949474334717,1.2099639177322388,0.3761732876300812,0.37617334723472595,0.7177589654922485,1.5177589654922485,0.8,0.6279513835906982,0.7499461770057678,0.1633721888065338,0.28281834721565247,0.0801599770784378,0,1.5177589654922485,1,1,0,-0.012990593910217285,0,3.4458980560302734,0.4301448464393616,1.1220719814300537,3.600356101989746,3.29144024848938,-0.3128448724746704,1.1731345653533936,1.1247484683990479,1.1193956136703491
2026-06-13T12:04:42.110182,281,1,-3007.648086049466,0,1.1519312858581543,1.209386944770813,1.220731258392334,0.3685099482536316,0.368509978055954,0.703743290901184,1.503743290901184,0.8,0.6280317306518555,0.7466920018196106,0.165920227766037,0.31352052092552185,0.08321810513734818,0,1.503743290901184,1,1,0,-0.01296854019165039,0,3.4610462188720703,0.4313476085662842,1.1227445602416992,3.610293388366699,3.3117990493774414,-0.30554160475730896,1.1682368516921997,1.1282681226730347,1.1172211170196533
2026-06-13T12:04:43.777024,282,1,-2790.298176463759,0,1.1672394275665283,1.2186537981033325,1.2211315631866455,0.3502500653266907,0.35025012493133545,0.6729619026184082,1.4729619026184082,0.8,0.6293195486068726,0.7611375451087952,0.16878311336040497,0.1805235743522644,0.08839631825685501,0,1.4729619026184082,1,1,0,-0.013065099716186523,0,3.4787330627441406,0.4294784665107727,1.119713544845581,3.609908103942871,3.3475582599639893,-0.2951829433441162,1.1541398763656616,1.1276649236679077,1.111762285232544
2026-06-13T12:04:45.491326,283,1,-3382.284601302401,0,1.1809990406036377,1.2291905879974365,1.2401846647262573,0.340986043214798,0.34098607301712036,0.6616771936416626,1.4616771936416626,0.8,0.624574601650238,0.7843042612075806,0.18396449089050293,0.2055443674325943,0.0661090686917305,0,1.4616771936416626,1,1,0,-0.012932419776916504,0,3.4971837997436523,0.4225536584854126,1.111332654953003,3.6081438064575195,3.3862240314483643,-0.2997633218765259,1.144870638847351,1.119767427444458,1.1028980016708374
2026-06-13T12:04:47.145716,284,1,-3012.1377477394926,0,1.1475850343704224,1.2003552913665771,1.216810941696167,0.35238105058670044,0.3523810803890228,0.6706149101257324,1.4706149101257324,0.8,0.5988833904266357,0.7512193322181702,0.19356130063533783,0.3166160583496094,0.07933125644922256,0,1.4706149101257324,1,1,0,-0.012448549270629883,0,3.4623289108276367,0.4188116788864136,1.1140414476394653,3.6082534790039062,3.316404342651367,-0.3018190860748291,1.1394424438476562,1.1054188013076782,1.1226640939712524
2026-06-13T12:04:48.825719,285,1,-2681.8176715094623,0,1.1484968662261963,1.191064715385437,1.2130179405212402,0.3163417875766754,0.3163417875766754,0.5970328569412231,1.3970328569412231,0.8,0.6554281115531921,0.7646765112876892,0.16353976726531982,0.20795436203479767,0.0918123722076416,0,1.3970328569412231,1,1,0,-0.013597965240478516,0,3.4625051021575928,0.42326438426971436,1.1047636270523071,3.6000781059265137,3.324932098388672,-0.26155200600624084,1.1080807447433472,1.1098066568374634,1.0997205972671509
2026-06-13T12:04:50.516522,286,1,-2990.310140551045,0,1.1344079971313477,1.1820425987243652,1.2128852605819702,0.3336085379123688,0.3336085379123688,0.6289495944976806,1.4289495944976807,0.8,0.6357177495956421,0.7650372982025146,0.1556248664855957,0.2388496845960617,0.09691083431243896,0,1.4289495944976807,1,1,0,-0.013174176216125488,0,3.4556820392608643,0.40195170044898987,1.1041722297668457,3.603640079498291,3.3077239990234375,-0.2970227599143982,1.100926160812378,1.1083377599716187,1.1000065803527832
2026-06-13T12:04:52.249967,287,1,-2531.270452710439,0,1.143011450767517,1.1841100454330444,1.211234450340271,0.310446560382843,0.310446560382843,0.5885184526443481,1.3885184526443481,0.8,0.5973173379898071,0.7267014384269714,0.15719783306121826,0.19068670272827148,0.08684095740318298,0,1.3885184526443481,1,1,0,-0.01240527629852295,0,3.4718263149261475,0.3806496858596802,1.1130027770996094,3.601534605026245,3.34211802482605,-0.3013738691806793,1.0626732110977173,1.1169466972351074,1.1090589761734009
2026-06-13T12:04:53.996429,288,1,-2500.9692393991877,0,1.1823647022247314,1.2251460552215576,1.2364438772201538,0.32113003730773926,0.32113006711006165,0.6232470989227294,1.4232470989227295,0.8,0.6021934747695923,0.7679234743118286,0.19727174937725067,0.31130096316337585,0.07796767354011536,0,1.4232470989227295,1,1,0,-0.012488484382629395,0,3.502756118774414,0.41065406799316406,1.1152334213256836,3.6049399375915527,3.4005720615386963,-0.29345035552978516,1.1147584915161133,1.1009703874588013,1.1294965744018555
2026-06-13T12:04:55.779415,289,1,-2562.1235783780066,0,1.1579632759094238,1.1975737810134888,1.2166064977645874,0.30604949593544006,0.30604949593544006,0.5837554454803466,1.3837554454803467,0.8,0.601815402507782,0.7168583869934082,0.15625357627868652,0.17691513895988464,0.08646008372306824,0,1.3837554454803467,1,1,0,-0.012546062469482422,0,3.4891507625579834,0.37746262550354004,1.1102354526519775,3.608959436416626,3.369342088699341,-0.30382299423217773,1.0587482452392578,1.0964305400848389,1.1240402460098267
2026-06-13T12:04:57.681139,290,1,-2455.6848876107283,0,1.1844826936721802,1.2184765338897705,1.2244971990585327,0.28587114810943604,0.2858711779117584,0.5577264547348022,1.3577264547348022,0.8,0.6003985404968262,0.7311484217643738,0.14795485138893127,0.1674990952014923,0.09207530319690704,0,1.3577264547348022,1,1,0,-0.01253509521484375,0,3.523804187774658,0.3607986569404602,1.0994374752044678,3.605532646179199,3.442075490951538,-0.31311747431755066,1.0347148180007935,1.0958733558654785,1.103001594543457
2026-06-13T12:04:59.653932,291,1,-2132.885480593202,0,1.1391029357910156,1.1758649349212646,1.2131904363632202,0.2941019535064697,0.2941020131111145,0.5518949747085571,1.3518949747085571,0.8,0.617184579372406,0.7521742582321167,0.16443440318107605,0.1523866355419159,0.09064634889364243,0,1.3518949747085571,1,1,0,-0.012884736061096191,0,3.4724936485290527,0.37168827652931213,1.0957121849060059,3.6038732528686523,3.3411142826080322,-0.2913230061531067,1.034699559211731,1.103488564491272,1.0879356861114502
2026-06-13T12:05:01.434842,292,1,-2129.478149179163,0,1.1689376831054688,1.2008007764816284,1.209445595741272,0.27492135763168335,0.27492138743400574,0.5335651159286499,1.33356511592865,0.8,0.6173506379127502,0.7276827692985535,0.14301104843616486,0.21816730499267578,0.08787355571985245,0,1.33356511592865,1,1,0,-0.012956500053405762,0,3.5184946060180664,0.3271414041519165,1.0914547443389893,3.6040189266204834,3.4329702854156494,-0.33413010835647583,0.9884129166603088,1.0935859680175781,1.0893234014511108
2026-06-13T12:05:03.202092,293,1,-1971.8745151674998,0,1.1648902893066406,1.1937484741210938,1.2139804363250732,0.26167795062065125,0.26167795062065125,0.5008079528808593,1.3008079528808594,0.8,0.6093899011611938,0.7562387585639954,0.15979620814323425,0.1754492223262787,0.08427603542804718,0,1.3008079528808594,1,1,0,-0.012734770774841309,0,3.5094313621520996,0.3425130546092987,1.0938968658447266,3.6051933765411377,3.4136693477630615,-0.3006744980812073,0.9857006072998047,1.1067343950271606,1.081059455871582
2026-06-13T12:05:04.938193,294,1,-1997.277012246868,0,1.1731493473052979,1.1998767852783203,1.2145847082138062,0.25227242708206177,0.25227242708206177,0.4825783491134643,1.2825783491134644,0.8,0.6243278980255127,0.7551375031471252,0.1641281545162201,0.2006760537624359,0.09151673316955566,0,1.2825783491134644,1,1,0,-0.012993454933166504,0,3.511509418487549,0.3637610077857971,1.0922191143035889,3.6025805473327637,3.420438289642334,-0.2707519829273224,0.998274028301239,1.1109563112258911,1.073481798171997
2026-06-13T12:05:06.706572,295,1,-1064.7448410074337,0,1.2013989686965942,1.223264455795288,1.228894591331482,0.2303219437599182,0.2303219586610794,0.4481647729873657,1.2481647729873657,0.8,0.6108253002166748,0.7186002135276794,0.186616450548172,0.20338132977485657,0.11045357584953308,0,1.2481647729873657,1,1,0,-0.012824416160583496,0,3.541226625442505,0.3590458929538727,1.1097619533538818,3.601999521255493,3.4804537296295166,-0.2614923119544983,0.9795840978622437,1.1365530490875244,1.0829709768295288
2026-06-13T12:05:08.412493,296,1,-128.01663756518747,0,1.1606074571609497,1.17863130569458,1.2212438583374023,0.2097092568874359,0.2097093015909195,0.38047297000885005,1.18047297000885,0.8,0.6349366903305054,0.7653767466545105,0.1777462363243103,0.22704845666885376,0.07399483025074005,0,1.18047297000885,1,1,0,-0.013226747512817383,0,3.4966273307800293,0.3675759434700012,1.0964694023132324,3.6009228229522705,3.392331600189209,-0.21292544901371002,0.9480773210525513,1.1192654371261597,1.0736733675003052
2026-06-13T12:05:10.129886,297,1,28.63107408213,0,1.179565191268921,1.1974934339523315,1.22250497341156,0.20794814825057983,0.2079482227563858,0.38625020980834956,1.1862502098083496,0.8,0.6318061351776123,0.7643321752548218,0.1953279972076416,0.2766926884651184,0.08358000218868256,0,1.1862502098083496,1,1,0,-0.013181567192077637,0,3.5109028816223145,0.386266827583313,1.0898162126541138,3.6001508235931396,3.42165470123291,-0.1994268298149109,0.9719604849815369,1.1180133819580078,1.0616190433502197
2026-06-13T12:05:11.911467,298,1,1596.8065420814582,0,1.2069003582000732,1.219789743423462,1.2342908382415771,0.17745164036750793,0.17745168507099152,0.3325483322143554,1.1325483322143555,0.8,0.6006803512573242,0.7221984267234802,0.1489468514919281,0.24193131923675537,0.10299298912286758,0,1.1325483322143555,1,1,0,-0.012581706047058105,0,3.5373635292053223,0.39415329694747925,1.087498664855957,3.6070542335510254,3.46767258644104,-0.16731837391853333,0.9556249976158142,1.1111454963684082,1.0638518333435059
2026-06-13T12:05:13.671866,299,1,1363.1849843319487,0,1.234973669052124,1.2472944259643555,1.258212685585022,0.17522287368774414,0.17522287368774414,0.3374789476394653,1.1374789476394653,0.8,0.6012558937072754,0.6926822662353516,0.17981669306755066,0.16791732609272003,0.13115602731704712,0,1.1374789476394653,1,1,0,-0.012655019760131836,0,3.5629284381866455,0.40510064363479614,1.0930105447769165,3.6061484813690186,3.5197083950042725,-0.16085126996040344,0.9710525870323181,1.1289973258972168,1.0570237636566162
2026-06-13T12:05:15.495467,300,1,1997.428616725826,0,1.2127007246017456,1.2237781286239624,1.2462307214736938,0.1658121645450592,0.16581225395202637,0.3004726886749267,1.1004726886749268,0.8,0.6166942715644836,0.7477503418922424,0.18538998067378998,0.23074747622013092,0.1015801727771759,0,1.1004726886749268,1,1,0,-0.01292121410369873,0,3.5363073348999023,0.41210275888442993,1.0980825424194336,3.609548330307007,3.463066577911377,-0.13198021054267883,0.9561856985092163,1.1350901126861572,1.0610750913619995
2026-06-13T12:05:17.486427,301,1,3037.4046163172047,0,1.2047462463378906,1.2120072841644287,1.2378791570663452,0.1349722445011139,0.13497225940227509,0.23819787502288814,1.0381978750228882,0.8,0.6096475124359131,0.7240502238273621,0.1834077537059784,0.21445611119270325,0.09892423450946808,0,1.0381978750228882,1,1,0,-0.012757658958435059,1,3.536445140838623,0.3903016448020935,1.087010145187378,3.6006925106048584,3.4721977710723877,-0.12375608831644058,0.9043594002723694,1.1198828220367432,1.0541373491287231
2026-06-13T12:05:19.308633,302,1,2402.1128412511985,0,1.2032780647277832,1.2124561071395874,1.2468926906585693,0.15283074975013733,0.1528307944536209,0.26342375278472896,1.063423752784729,0.8,0.5907381772994995,0.7160687446594238,0.17758922278881073,0.17746508121490479,0.09331871569156647,0,1.063423752784729,1,1,0,-0.012280464172363281,1,3.5303006172180176,0.4056682884693146,1.0757114887237549,3.609027147293091,3.4515743255615234,-0.11853200197219849,0.9298685789108276,1.1173489093780518,1.0340739488601685
2026-06-13T12:05:21.108179,303,1,2888.965527095891,0,1.2037508487701416,1.211510419845581,1.2466187477111816,0.14132945239543915,0.14132946729660034,0.23602015972137447,1.0360201597213745,0.8,0.6361210942268372,0.77130126953125,0.16756488382816315,0.25185632705688477,0.0961102545261383,0,1.0360201597213745,1,1,0,-0.013258814811706543,1,3.529480218887329,0.4107634127140045,1.0675580501556396,3.604538917541504,3.4544215202331543,-0.0996871367096901,0.9212139844894409,1.1138277053833008,1.0212883949279785
2026-06-13T12:05:22.953098,304,1,3035.6619172107235,0,1.2320246696472168,1.2381834983825684,1.2457797527313232,0.12357643246650696,0.12357646226882935,0.22028572559356685,1.020285725593567,0.8,0.6116732358932495,0.7202451229095459,0.1909756064414978,0.1740768551826477,0.10414975136518478,0,1.020285725593567,1,1,0,-0.012724161148071289,1,3.556673049926758,0.4190705716609955,1.0661232471466064,3.6006996631622314,3.5126466751098633,-0.08714773505926132,0.9252888560295105,1.111405372619629,1.0208410024642944
2026-06-13T12:05:25.033058,305,1,3133.462485266046,0,1.2421915531158447,1.2479043006896973,1.257020115852356,0.11961996555328369,0.11962003260850906,0.2070412158966064,1.0070412158966064,0.8,0.5886196494102478,0.6873425245285034,0.20115649700164795,0.2442575991153717,0.1227908656001091,0,1.0070412158966064,1,1,0,-0.012301802635192871,1,3.5592923164367676,0.44222521781921387,1.0593143701553345,3.6043365001678467,3.5142478942871094,-0.05680480971932411,0.9412552714347839,1.1090435981750488,1.0095851421356201
2026-06-13T12:05:26.801071,306,1,3164.707958008693,0,1.2111049890518188,1.2175521850585938,1.256465196609497,0.1310429722070694,0.13104300200939178,0.2027920007705688,1.0027920007705688,0.8,0.6112804412841797,0.7277608513832092,0.19873222708702087,0.2827903628349304,0.10645487159490585,0,1.0027920007705688,1,1,0,-0.012751579284667969,1,3.535327672958374,0.4186612367630005,1.050291657447815,3.6087796688079834,3.4618756771087646,-0.07412085682153702,0.9114433526992798,1.106581449508667,0.9940018057823181
2026-06-13T12:05:28.600400,307,1,2880.4307817852596,0,1.2016141414642334,1.209303379058838,1.2530471086502075,0.14300790429115295,0.14300796389579773,0.2181413888931274,1.0181413888931274,0.8,0.609158992767334,0.7575867772102356,0.18745777010917664,0.11644341051578522,0.08985943347215652,0,1.0181413888931274,1,1,0,-0.012740135192871094,1,3.5258703231811523,0.4180299937725067,1.0392910242080688,3.6071290969848633,3.4446117877960205,-0.08034712821245193,0.9164071083068848,1.1038683652877808,0.9747136831283569
2026-06-13T12:05:30.462489,308,1,3258.9421727363883,0,1.1441255807876587,1.1501765251159668,1.264535903930664,0.16419807076454163,0.1641981601715088,0.15377194881439205,0.9537719488143921,0.8,0.6459916830062866,0.763147234916687,0.18002468347549438,0.19573581218719482,0.0795518234372139,0,0.9537719488143921,1,1,0,-0.013323068618774414,1,3.4697017669677734,0.4044511914253235,1.034362554550171,3.6095502376556396,3.329853057861328,-0.04612281918525696,0.8550252318382263,1.1039732694625854,0.9647518992424011
2026-06-13T12:05:32.264214,309,1,3420.4406270735853,0,1.187416911125183,1.1907765865325928,1.2684499025344849,0.11841924488544464,0.11841928213834763,0.0768234252929687,0.8768234252929688,0.8,0.6221780180931091,0.7445411086082458,0.18467804789543152,0.31632527709007263,0.09727887064218521,0,0.8768234252929688,1,1,0,-0.012956976890563965,1,3.5132055282592773,0.41147997975349426,1.0376405715942383,3.602163314819336,3.4242477416992188,-0.011247153393924236,0.8342071175575256,1.1124275922775269,0.9628534317016602
2026-06-13T12:05:34.073338,310,1,3474.265237352519,0,1.2240626811981201,1.2275032997131348,1.275439977645874,0.1035991758108139,0.1035991981625557,0.095090639591217,0.895090639591217,0.8,0.6009957790374756,0.7289410829544067,0.16599825024604797,0.29459747672080994,0.10933586210012436,0,0.895090639591217,1,1,0,-0.0124891996383667,1,3.546766757965088,0.42648014426231384,1.03701913356781,3.609441041946411,3.4840924739837646,-0.010474883019924164,0.8634351491928101,1.1107690334320068,0.9632691740989685
2026-06-13T12:05:36.148837,311,1,3350.367773293462,0,1.202070951461792,1.2069237232208252,1.275038480758667,0.12778937816619873,0.1277894675731659,0.10200412273406978,0.9020041227340698,0.8,0.6432607173919678,0.7747683525085449,0.16418002545833588,0.18478286266326904,0.09946991503238678,0,0.9020041227340698,1,1,0,-0.013387560844421387,1,3.5255393981933594,0.4196847975254059,1.0447276830673218,3.6075425148010254,3.4435360431671143,-0.014156131073832512,0.853525698184967,1.1367080211639404,0.9527472853660583
2026-06-13T12:05:38.023491,312,1,3395.390625568079,0,1.2069672346115112,1.2104673385620117,1.2756396532058716,0.1127316951751709,0.11273181438446045,0.07763518095016475,0.8776351809501648,0.8,0.6385874152183533,0.7696703672409058,0.1744297295808792,0.2140846848487854,0.1030769795179367,0,0.8776351809501648,1,1,0,-0.013244152069091797,1,3.53141450881958,0.4180182218551636,1.043954849243164,3.6072139739990234,3.455615282058716,-0.006797315087169409,0.8428337574005127,1.1236234903335571,0.9642863273620605
2026-06-13T12:05:39.953197,313,1,3411.71405606567,0,1.2061524391174316,1.2091516256332397,1.282556176185608,0.11239312589168549,0.11239313334226608,0.011138868331909135,0.8111388683319092,0.8,0.6342735290527344,0.74875408411026,0.18098506331443787,0.1651889830827713,0.10510838031768799,0,0.8111388683319092,1,1,0,-0.013270020484924316,1,3.5298211574554443,0.42119264602661133,1.030078411102295,3.60231351852417,3.4573287963867188,0.03137470409274101,0.8110105991363525,1.1153626441955566,0.9447941780090332
2026-06-13T12:05:41.772339,314,1,3407.440530890829,0,1.2252362966537476,1.2306170463562012,1.2711610794067383,0.12189613282680511,0.1218961700797081,0.11839331388473506,0.9183933138847351,0.8,0.6028137803077698,0.7138303518295288,0.19993488490581512,0.18714749813079834,0.11043782532215118,0,0.9183933138847351,1,1,0,-0.012584447860717773,1,3.5502352714538574,0.42158234119415283,1.0207700729370117,3.608351230621338,3.492119073867798,-0.023421257734298706,0.8665859699249268,1.1180113554000854,0.9235288500785828
2026-06-13T12:05:43.690678,315,1,3226.9941439212566,0,1.167098045349121,1.1725480556488037,1.2798265218734741,0.15575464069843292,0.15575477480888367,0.07342756986618038,0.8734275698661804,0.8,0.6681498885154724,0.7754119038581848,0.1809885948896408,0.10306860506534576,0.0843740776181221,0,0.8734275698661804,1,1,0,-0.013830423355102539,1,3.485300064086914,0.4290282726287842,1.0132896900177002,3.603151559829712,3.3674488067626953,0.020953986793756485,0.8371025323867798,1.1148051023483276,0.9117743968963623
2026-06-13T12:05:45.410797,316,1,3315.5742409140257,0,1.1959031820297241,1.2020773887634277,1.287766695022583,0.14882302284240723,0.1488230973482132,0.07255853414535518,0.8725585341453552,0.8,0.6455738544464111,0.7750995755195618,0.19874323904514313,0.18580055236816406,0.09265479445457458,0,0.8725585341453552,1,1,0,-0.013426065444946289,1,3.514375686645508,0.43379881978034973,1.0130410194396973,3.6094601154327393,3.4192910194396973,0.023559672757983208,0.8440379500389099,1.1270689964294434,0.8990130424499512
2026-06-13T12:05:47.070711,317,1,3285.3729528770573,0,1.1975868940353394,1.2028210163116455,1.2923702001571655,0.14346814155578613,0.1434682458639145,0.024520170688629106,0.8245201706886292,0.8,0.6534740328788757,0.7779501080513,0.20250028371810913,0.35677748918533325,0.0977497547864914,0,0.8245201706886292,1,1,0,-0.013621926307678223,1,3.512150764465332,0.4442204535007477,1.0018490552902222,3.603513240814209,3.420788049697876,0.05750139802694321,0.830939531326294,1.1116652488708496,0.89203280210495
2026-06-13T12:05:48.819599,318,1,3259.7202881394173,0,1.1767871379852295,1.1831331253051758,1.2843128442764282,0.15878818929195404,0.15878818929195404,0.045826089382171586,0.8458260893821716,0.8,0.6707117557525635,0.7977321147918701,0.21139881014823914,0.3443508744239807,0.09156326949596405,0,0.8458260893821716,1,1,0,-0.013858914375305176,1,3.4998209476470947,0.4185153841972351,1.0081748962402344,3.6047568321228027,3.3948850631713867,0.026463182643055916,0.8105675578117371,1.127082347869873,0.8892674446105957
2026-06-13T12:05:50.596366,319,1,3385.3193995748597,0,1.2116667032241821,1.2185652256011963,1.2902047634124756,0.1479787528514862,0.14797887206077576,0.07726438045501705,0.8772643804550171,0.8,0.6303160786628723,0.75962233543396,0.19893530011177063,0.10468239337205887,0.09487950801849365,0,0.8772643804550171,1,1,0,-0.01298379898071289,1,3.5250091552734375,0.44998547434806824,1.0019524097442627,3.6076443195343018,3.442373752593994,0.03685985878109932,0.8631110787391663,1.1240049600601196,0.8798997402191162
2026-06-13T12:05:52.687025,320,1,3328.548266444037,0,1.179960012435913,1.1869651079177856,1.2911722660064697,0.16564908623695374,0.16564908623695374,0.035737347602844194,0.8357373476028442,0.8,0.6520462036132812,0.775070071220398,0.2096809595823288,0.20956501364707947,0.0872606635093689,0,0.8357373476028442,1,1,0,-0.013474822044372559,1,3.499215602874756,0.428742915391922,0.9854953289031982,3.607133150100708,3.3912980556488037,0.04477463662624359,0.8127111792564392,1.1101404428482056,0.8608502149581909
2026-06-13T12:05:54.887745,321,1,3331.651453778328,0,1.1937745809555054,1.2026000022888184,1.275608777999878,0.1627260148525238,0.1627260446548462,0.09231371879577632,0.8923137187957764,0.8,0.6530780792236328,0.7930983901023865,0.20284809172153473,0.24030566215515137,0.07676498591899872,0,0.8923137187957764,1,1,0,-0.01342618465423584,1,3.516681671142578,0.42175203561782837,0.9843400716781616,3.6031653881073,3.4301977157592773,0.006031781435012817,0.8374722599983215,1.1212823390960693,0.8473978638648987
2026-06-13T12:05:56.854416,322,1,3348.2949001551824,0,1.2015100717544556,1.2090563774108887,1.2806177139282227,0.1526811420917511,0.15268118679523468,0.07631934881210323,0.8763193488121033,0.8,0.6349430084228516,0.7553399205207825,0.1930111199617386,0.30640459060668945,0.08930061757564545,0,0.8763193488121033,1,1,0,-0.013203144073486328,1,3.521799087524414,0.4302681088447571,0.992072582244873,3.6039907932281494,3.439607620239258,0.01942766085267067,0.8411085605621338,1.1202855110168457,0.8638595938682556
2026-06-13T12:05:58.774035,323,1,2544.2759910067266,0,1.1602635383605957,1.1712746620178223,1.2870373725891113,0.19767114520072937,0.19767123460769653,0.11906696557998653,0.9190669655799866,0.8,0.6504511833190918,0.7849974632263184,0.19400592148303986,0.3555488586425781,0.08542746305465698,0,0.9190669655799866,1,1,0,-0.01333916187286377,1,3.471245765686035,0.44551408290863037,0.9872955083847046,3.6058144569396973,3.336676836013794,0.030392618849873543,0.86063551902771,1.1312971115112305,0.8432939052581787
2026-06-13T12:06:00.674090,324,1,2775.6365543304673,0,1.1798800230026245,1.1891121864318848,1.2963221073150635,0.18266133964061737,0.18266141414642334,0.08288778066635127,0.8828877806663513,0.8,0.617755651473999,0.7587195634841919,0.17564794421195984,0.3010825216770172,0.08648494631052017,0,0.8828877806663513,1,1,0,-0.012666702270507812,1,3.4899673461914062,0.45174217224121094,0.9958540201187134,3.6082396507263184,3.371694803237915,0.049857743084430695,0.8536266088485718,1.1350418329238892,0.8566662073135376
2026-06-13T12:06:02.442853,325,1,2518.6857123073987,0,1.1808754205703735,1.1900153160095215,1.302484393119812,0.18525409698486328,0.18525420129299164,0.06983728408813472,0.8698372840881348,0.8,0.6389254331588745,0.7877375483512878,0.19739457964897156,0.18598273396492004,0.0824824646115303,0,0.8698372840881348,1,1,0,-0.013077616691589355,1,3.483092784881592,0.470499187707901,0.9972546100616455,3.604215145111084,3.3619701862335205,0.07695523649454117,0.864043116569519,1.13727867603302,0.8572304844856262
2026-06-13T12:06:04.195321,326,1,2866.4543717792385,0,1.1815510988235474,1.1910356283187866,1.2989364862442017,0.18478459119796753,0.1847846657037735,0.07753248214721675,0.8775324821472168,0.8,0.6437267661094666,0.763339102268219,0.18564076721668243,0.31807124614715576,0.08938772976398468,0,0.8775324821472168,1,1,0,-0.013108968734741211,1,3.4807562828063965,0.4773782789707184,0.9882097244262695,3.60030460357666,3.361208200454712,0.0794152244925499,0.8753413558006287,1.1290977001190186,0.8473217487335205
2026-06-13T12:06:06.053532,327,1,2809.2394238910356,0,1.1767374277114868,1.186079978942871,1.3043179512023926,0.18988195061683655,0.18988201022148132,0.04270250797271724,0.8427025079727173,0.8,0.6358880996704102,0.7627317905426025,0.19904059171676636,0.22352740168571472,0.0885414332151413,0,0.8427025079727173,1,1,0,-0.013122916221618652,1,3.4883804321289062,0.4473670721054077,0.9986549615859985,3.6078975200653076,3.368863105773926,0.07051490992307663,0.8242192268371582,1.1443772315979004,0.8529327511787415
2026-06-13T12:06:07.928578,328,1,2598.806111659584,0,1.1522470712661743,1.1605685949325562,1.2970670461654663,0.1946217119693756,0.19462184607982635,0.026889455318450883,0.8268894553184509,0.8,0.6362518072128296,0.7740616798400879,0.20137450098991394,0.23212894797325134,0.08979842066764832,0,0.8268894553184509,1,1,0,-0.013024687767028809,1,3.4657444953918457,0.43801090121269226,1.0029468536376953,3.6001694202423096,3.331319808959961,0.07168720662593842,0.8043345808982849,1.1395978927612305,0.8662959337234497
2026-06-13T12:06:10.373242,329,1,2843.5755467249746,0,1.1694327592849731,1.177411437034607,1.3003244400024414,0.18393519520759583,0.1839352548122406,0.03504986763000484,0.8350498676300049,0.8,0.6472187638282776,0.7631081938743591,0.2004048079252243,0.17972837388515472,0.08272521942853928,0,0.8350498676300049,1,1,0,-0.013226866722106934,1,3.4844489097595215,0.43761777877807617,1.005865454673767,3.6073312759399414,3.3615667819976807,0.06199914216995239,0.8132364153862,1.1405415534973145,0.871189296245575
2026-06-13T12:06:12.508521,330,1,2494.7110880154605,0,1.1397254467010498,1.146496295928955,1.305230736732483,0.20168344676494598,0.20168346166610718,0.010016214847564653,0.8100162148475647,0.8,0.6191001534461975,0.7372423410415649,0.1614588052034378,0.21573784947395325,0.09463793784379959,0,0.8100162148475647,1,1,0,-0.012720823287963867,1,3.4536519050598145,0.4341481626033783,1.0175291299819946,3.6054255962371826,3.3018782138824463,0.07995396107435226,0.7883423566818237,1.1421998739242554,0.8928584456443787
2026-06-13T12:06:15.384271,331,1,2542.724904814191,0,1.1588635444641113,1.1667702198028564,1.3151711225509644,0.2010246217250824,0.20102475583553314,0.027243208885192827,0.8272432088851929,0.8,0.6217513084411621,0.7532216310501099,0.1691632866859436,0.2133476436138153,0.10186038911342621,0,0.8272432088851929,1,1,0,-0.012683391571044922,1,3.4638991355895996,0.4591158330440521,1.0172147750854492,3.6086511611938477,3.3191468715667725,0.09577592462301254,0.8224557638168335,1.1518020629882812,0.8826273679733276
2026-06-13T12:06:17.806614,332,1,2282.757275374004,0,1.1700598001480103,1.177453875541687,1.3262617588043213,0.19874995946884155,0.19874995946884155,0.004947972297668413,0.8049479722976685,0.8,0.6314165592193604,0.7560137510299683,0.15077152848243713,0.27349913120269775,0.0717451423406601,0,0.8049479722976685,1,1,0,-0.012800097465515137,1,3.4592325687408447,0.4968264698982239,1.0151647329330444,3.60077166557312,3.3176934719085693,0.1437217891216278,0.8499311804771423,1.1465765237808228,0.8837529420852661
2026-06-13T12:06:19.837288,333,1,3268.940983536836,0,1.207841157913208,1.2143886089324951,1.3209611177444458,0.16497525572776794,0.16497530043125153,0.03264425992965703,0.767355740070343,0.8,0.6323480606079102,0.7503831386566162,0.18934941291809082,0.15706568956375122,0.08802442997694016,0,0.767355740070343,1,1,0,-0.012969732284545898,1,3.51157808303833,0.4720152020454407,1.021824836730957,3.604278564453125,3.4188778400421143,0.12202535569667816,0.822005033493042,1.1487990617752075,0.8948505520820618
2026-06-13T12:06:22.263462,334,1,2585.1734259849845,0,1.167675256729126,1.1739754676818848,1.3232078552246094,0.19241391122341156,0.19241391122341156,0.020888793468475386,0.7791112065315247,0.8,0.6392532587051392,0.7410314083099365,0.18010014295578003,0.24486081302165985,0.09043195843696594,0,0.7791112065315247,1,1,0,-0.012873530387878418,1,3.463223934173584,0.48233914375305176,1.0192240476608276,3.600109577178955,3.326338291168213,0.13892605900764465,0.8257521986961365,1.142038345336914,0.8964097499847412
2026-06-13T12:06:24.892966,335,1,2364.963695552324,0,1.1456266641616821,1.153041124343872,1.3151564598083496,0.2081458568572998,0.208145871758461,0.002126681804657027,0.797873318195343,0.8,0.6469966173171997,0.772930383682251,0.17856428027153015,0.3568291664123535,0.08729700744152069,0,0.797873318195343,1,1,0,-0.013263940811157227,1,3.44964337348938,0.4582809507846832,1.0262326002120972,3.600306510925293,3.298980236053467,0.113498754799366,0.803063154220581,1.1588082313537598,0.8936569094657898
2026-06-13T12:06:27.121308,336,1,2679.1260487730888,0,1.1865384578704834,1.1944324970245361,1.321632742881775,0.18701785802841187,0.18701791763305664,0.01824356317520137,0.8182435631752014,0.8,0.6194111108779907,0.728527307510376,0.19510352611541748,0.24652710556983948,0.089713454246521,0,0.8182435631752014,1,1,0,-0.01266634464263916,1,3.483060836791992,0.48413345217704773,1.0216257572174072,3.6051790714263916,3.3609423637390137,0.11862726509571075,0.8496396541595459,1.1590046882629395,0.8842468857765198
2026-06-13T12:06:28.987473,337,1,2620.163425217358,0,1.157607078552246,1.164376139640808,1.309662938117981,0.19190078973770142,0.1919008195400238,0.017612683773040816,0.7823873162269592,0.8,0.631450355052948,0.7383893728256226,0.1711379885673523,0.3017311692237854,0.08077540993690491,0,0.7823873162269592,1,1,0,-0.01298224925994873,1,3.4707608222961426,0.4395733177661896,1.0173447132110596,3.604227066040039,3.337294578552246,0.09431511163711548,0.7848315238952637,1.1438990831375122,0.8907902836799622
2026-06-13T12:06:30.693002,338,1,2553.2198552874906,0,1.1446278095245361,1.1517093181610107,1.2986282110214233,0.19454199075698853,0.1945420205593109,0.015833067893981978,0.7841669321060181,0.8,0.6322081685066223,0.7648233771324158,0.16063109040260315,0.0818210020661354,0.08667534589767456,0,0.7841669321060181,1,1,0,-0.013065814971923828,1,3.4699482917785645,0.40628403425216675,1.0178085565567017,3.6050117015838623,3.3348848819732666,0.061430424451828,0.7511376142501831,1.1465071439743042,0.8891099095344543
2026-06-13T12:06:32.534672,339,1,3440.319729909536,0,1.2097278833389282,1.2164052724838257,1.3000298738479614,0.15229351818561554,0.15229351818561554,0.009871494770050004,0.80987149477005,0.8,0.5967241525650024,0.7257699370384216,0.18644210696220398,0.16787782311439514,0.08662676066160202,0,0.80987149477005,1,1,0,-0.012302041053771973,1,3.5289690494537354,0.4344281256198883,1.0119479894638062,3.6084742546081543,3.4494638442993164,0.058453548699617386,0.8104026913642883,1.1395999193191528,0.8842960596084595
2026-06-13T12:06:34.271509,340,1,2967.963695985139,0,1.1601017713546753,1.1662578582763672,1.3002111911773682,0.1796237826347351,0.1796238124370575,0.04524748325347905,0.754752516746521,0.8,0.6125528812408447,0.7345856428146362,0.1679030954837799,0.20654338598251343,0.09281788021326065,0,0.754752516746521,1,1,0,-0.01265871524810791,1,3.491915702819824,0.39098989963531494,1.026139736175537,3.6097943782806396,3.374037027359009,0.0533047616481781,0.7286750674247742,1.1464983224868774,0.9057812094688416
2026-06-13T12:06:36.313876,341,1,2875.4498639647804,0,1.1572819948196411,1.1647725105285645,1.2926793098449707,0.18372249603271484,0.1837226152420044,0.02482087612152095,0.824820876121521,0.8,0.6165019273757935,0.7587717175483704,0.17316940426826477,0.21529805660247803,0.0964587852358818,0,0.824820876121521,1,1,0,-0.012735724449157715,1,3.4844160079956055,0.4040205478668213,1.010542869567871,3.6095004081726074,3.3593313694000244,0.033610016107559204,0.774431049823761,1.1418145895004272,0.8792710304260254
2026-06-13T12:06:38.185141,342,1,3181.3605092019807,0,1.158516764640808,1.1652745008468628,1.288878083229065,0.1760164350271225,0.17601653933525085,0.00014377832412715286,0.8001437783241272,0.8,0.6253836154937744,0.7474009990692139,0.16360530257225037,0.2871164083480835,0.08214166015386581,0,0.8001437783241272,1,1,0,-0.012913823127746582,1,3.4865856170654297,0.4018038213253021,1.0068267583847046,3.6040592193603516,3.3691117763519287,0.04045914113521576,0.7631484866142273,1.132076382637024,0.8815770745277405
2026-06-13T12:06:39.957763,343,1,2504.159525582586,0,1.1188344955444336,1.1263190507888794,1.2796422243118286,0.20077890157699585,0.20077891647815704,0.026075434684753374,0.8260754346847534,0.8,0.6364621520042419,0.7455160617828369,0.16465383768081665,0.29168593883514404,0.08432672917842865,0,0.8260754346847534,1,1,0,-0.013143301010131836,1,3.453742504119873,0.37605512142181396,0.999969482421875,3.604375123977661,3.303109884262085,0.013195178471505642,0.7389150857925415,1.1274158954620361,0.8725230097770691
2026-06-13T12:06:41.796713,344,1,2692.747046802288,0,1.1397892236709595,1.1478540897369385,1.282976508140564,0.19159138202667236,0.19159144163131714,0.05057172775268559,0.7494282722473145,0.8,0.6134570240974426,0.7300946712493896,0.15812721848487854,0.27060049772262573,0.0882805585861206,0,0.7494282722473145,1,1,0,-0.012692570686340332,1,3.4817724227905273,0.3589853346347809,1.0042067766189575,3.6012825965881348,3.362262487411499,0.029356079176068306,0.6886146068572998,1.1363905668258667,0.8720229268074036
2026-06-13T12:06:43.823203,345,1,2090.7237475062375,0,1.1190212965011597,1.1267735958099365,1.2877585887908936,0.20814988017082214,0.20814990997314453,0.056391882896423384,0.7436081171035767,0.8,0.6236315965652466,0.7556042671203613,0.16495418548583984,0.30749762058258057,0.08784374594688416,0,0.7436081171035767,1,1,0,-0.012932658195495605,1,3.4612386226654053,0.35486236214637756,1.007349967956543,3.6040749549865723,3.3184022903442383,0.036222539842128754,0.6735022068023682,1.1350396871566772,0.8796601295471191
2026-06-13T12:06:46.027431,346,1,2330.819745713219,0,1.122278094291687,1.1307238340377808,1.2880709171295166,0.20925140380859375,0.20925146341323853,0.007370603084564165,0.8073706030845642,0.8,0.6017636060714722,0.7176949977874756,0.1867525577545166,0.21663761138916016,0.09161204844713211,0,0.8073706030845642,1,1,0,-0.012401223182678223,1,3.4514245986938477,0.3923512101173401,0.9913326501846313,3.6027114391326904,3.300137996673584,0.04338160902261734,0.741320788860321,1.126589298248291,0.8560759425163269
2026-06-13T12:06:48.512423,347,1,2215.4888564433995,0,1.1080068349838257,1.116215705871582,1.2873096466064453,0.21801623702049255,0.21801631152629852,0.04546927213668828,0.7545307278633118,0.8,0.6174957156181335,0.7572047114372253,0.15508268773555756,0.18166306614875793,0.0934513732790947,0,0.7545307278633118,1,1,0,-0.01275777816772461,1,3.4516730308532715,0.34879398345947266,0.9975273609161377,3.6065423488616943,3.2968039512634277,0.030296364799141884,0.6672915816307068,1.1275426149368286,0.8675121068954468
2026-06-13T12:06:50.582931,348,1,2089.774788026845,0,1.0875458717346191,1.0953282117843628,1.2759801149368286,0.22276222705841064,0.22276225686073303,0.04069350957870488,0.7593064904212952,0.8,0.6142329573631287,0.7331209778785706,0.1710200011730194,0.15803194046020508,0.06958062201738358,0,0.7593064904212952,1,1,0,-0.012678742408752441,1,3.437786102294922,0.3251911699771881,1.0026158094406128,3.602487564086914,3.2730846405029297,0.007049188483506441,0.6433331370353699,1.1282967329025269,0.876934826374054
2026-06-13T12:06:52.648352,349,1,2474.901770221463,0,1.1489299535751343,1.1559467315673828,1.2903594970703125,0.18504002690315247,0.18504002690315247,0.10294549465179448,0.6970545053482056,0.8,0.6048736572265625,0.7300079464912415,0.17755120992660522,0.32058966159820557,0.08511088788509369,0,0.6970545053482056,1,1,0,-0.012586593627929688,1,3.4939608573913574,0.35103660821914673,1.0079457759857178,3.6059601306915283,3.3819615840911865,0.04199729487299919,0.6600759029388428,1.1237996816635132,0.8920919299125671
2026-06-13T12:06:54.697632,350,1,2335.2741804926463,0,1.1155633926391602,1.1234714984893799,1.2815520763397217,0.2066301703453064,0.2066301703453064,0.07843266725540166,0.7215673327445984,0.8,0.6031557321548462,0.7061285972595215,0.15286734700202942,0.18765568733215332,0.08379548788070679,0,0.7215673327445984,1,1,0,-0.01252448558807373,1,3.467305898666382,0.3243759572505951,1.0109673738479614,3.6048691272735596,3.329742670059204,0.01503990963101387,0.6337119936943054,1.1356767416000366,0.8862580060958862
2026-06-13T12:06:56.914450,351,1,1930.1822772183505,0,1.083314299583435,1.0920461416244507,1.2752795219421387,0.22928059101104736,0.22928059101104736,0.07416205406188969,0.7258379459381104,0.8,0.6257714629173279,0.7657873630523682,0.16108819842338562,0.2340608388185501,0.09106066823005676,0,0.7258379459381104,1,1,0,-0.013049840927124023,1,3.442913055419922,0.2930212616920471,1.0063971281051636,3.605607509613037,3.2802186012268066,-0.005904467776417732,0.5919470191001892,1.1324292421340942,0.8803650140762329
2026-06-13T12:06:59.336252,352,1,2063.517409969351,0,1.0951977968215942,1.102996826171875,1.2698229551315308,0.21207264065742493,0.21207265555858612,0.05438743829727177,0.7456125617027283,0.8,0.6155977249145508,0.7525013089179993,0.18972527980804443,0.20138362050056458,0.07679722458124161,0,0.7456125617027283,1,1,0,-0.012754440307617188,1,3.4508583545684814,0.30845290422439575,0.996553897857666,3.6021547317504883,3.2995619773864746,-0.009059230796992779,0.6259650588035583,1.1201660633087158,0.872941792011261
2026-06-13T12:07:01.485964,353,1,2064.5905833420848,0,1.120192527770996,1.1286983489990234,1.2725028991699219,0.19952017068862915,0.19952024519443512,0.037487912178039595,0.7625120878219604,0.8,0.6161152124404907,0.7329264879226685,0.16820144653320312,0.20648135244846344,0.07229118794202805,0,0.7625120878219604,1,1,0,-0.012764334678649902,1,3.471893310546875,0.32529541850090027,0.9923195838928223,3.603619337081909,3.34016752243042,-0.006639420986175537,0.6572302579879761,1.125825047492981,0.8588140606880188
2026-06-13T12:07:03.404828,354,1,2366.2310092416033,0,1.1047834157943726,1.1136183738708496,1.2666864395141602,0.20743489265441895,0.20743489265441895,0.026960003376007124,0.7730399966239929,0.8,0.6264570951461792,0.7673884630203247,0.20208655297756195,0.2584839463233948,0.08778318762779236,0,0.7730399966239929,1,1,0,-0.013058781623840332,1,3.4636642932891846,0.29860201478004456,0.9986439943313599,3.6052744388580322,3.322054147720337,-0.034358564764261246,0.6315625905990601,1.134590744972229,0.8626972436904907
2026-06-13T12:07:05.934721,355,1,2864.6144988195633,0,1.1207101345062256,1.1286704540252686,1.2575668096542358,0.18579527735710144,0.1857953518629074,0.04590188264846806,0.754098117351532,0.8,0.6017845869064331,0.7216060161590576,0.15440188348293304,0.16327786445617676,0.0825679749250412,0,0.754098117351532,1,1,0,-0.012554526329040527,1,3.4884653091430664,0.26689255237579346,1.00174880027771,3.605870246887207,3.371060609817505,-0.06766510754823685,0.6014502048492432,1.130019187927246,0.8734784126281738
2026-06-13T12:07:08.065122,356,1,1812.9915283428463,0,1.0943734645843506,1.1037182807922363,1.254642128944397,0.2081317901611328,0.2081318199634552,0.04686306715011601,0.753136932849884,0.8,0.613648533821106,0.7272642850875854,0.18885989487171173,0.21041244268417358,0.08219967037439346,0,0.753136932849884,1,1,0,-0.012843608856201172,1,3.4663476943969727,0.24599486589431763,0.993470311164856,3.6056437492370605,3.3270516395568848,-0.0771113708615303,0.569101095199585,1.1276447772979736,0.8592957854270935
2026-06-13T12:07:10.223578,357,1,1732.4507999614361,0,1.056170105934143,1.065759301185608,1.2504143714904785,0.23333537578582764,0.2333354651927948,0.020050454139709517,0.7799495458602905,0.8,0.6223698854446411,0.7510572075843811,0.17346790432929993,0.37484145164489746,0.0878167599439621,0,0.7799495458602905,1,1,0,-0.012957215309143066,1,3.428534507751465,0.2395428568124771,0.9847880005836487,3.6036839485168457,3.253384828567505,-0.08250078558921814,0.5615864992141724,1.1177948713302612,0.8517811298370361
2026-06-13T12:07:12.437071,358,1,2420.4648912801526,0,1.104596734046936,1.1120562553405762,1.248929500579834,0.1878010779619217,0.18780115246772766,0.031003582477569624,0.7689964175224304,0.8,0.6201432943344116,0.7624170184135437,0.16811302304267883,0.15116390585899353,0.080947145819664,0,0.7689964175224304,1,1,0,-0.012933731079101562,1,3.4743833541870117,0.2564302980899811,0.9911631345748901,3.6029205322265625,3.34584641456604,-0.08428176492452621,0.5971423387527466,1.1145827770233154,0.8677434921264648
2026-06-13T12:07:14.342256,359,1,1737.969986209198,0,1.034101128578186,1.040725588798523,1.2453432083129883,0.23582449555397034,0.2358245700597763,0.03012483119964604,0.769875168800354,0.8,0.6528028249740601,0.7655363082885742,0.1701526939868927,0.17663678526878357,0.07795263081789017,0,0.769875168800354,1,1,0,-0.013627052307128906,1,3.408482074737549,0.2285536527633667,0.990384578704834,3.601548194885254,3.2154157161712646,-0.08715104311704636,0.5442583560943604,1.0963701009750366,0.8843991160392761
2026-06-13T12:07:16.229189,360,1,2342.961578567551,0,1.1058627367019653,1.1128114461898804,1.2597053050994873,0.1923413723707199,0.19234144687652588,0.05274091958999638,0.7472590804100037,0.8,0.6075113415718079,0.747699499130249,0.15308398008346558,0.24562904238700867,0.07867338508367538,0,0.7472590804100037,1,1,0,-0.0127030611038208,1,3.4736695289611816,0.2648276388645172,0.9942997097969055,3.6088407039642334,3.338498115539551,-0.06342713534832001,0.5930824279785156,1.1108181476593018,0.8777812719345093
2026-06-13T12:07:18.395416,361,1,1576.7454867621332,0,1.0384111404418945,1.0454351902008057,1.2465068101882935,0.2346627414226532,0.23466283082962036,0.0060450911521912065,0.7939549088478088,0.8,0.632301926612854,0.7523394823074341,0.18712663650512695,0.22945661842823029,0.08443230390548706,0,0.7939549088478088,1,1,0,-0.013182878494262695,1,3.4110560417175293,0.23590058088302612,0.9796387553215027,3.6044538021087646,3.217658519744873,-0.09225506335496902,0.5640562176704407,1.0914525985717773,0.867824912071228
2026-06-13T12:07:20.870002,362,1,1645.2072908953646,0,1.0371875762939453,1.045046091079712,1.2444875240325928,0.23693889379501343,0.2369389832019806,0.007324206829071089,0.792675793170929,0.8,0.5957099795341492,0.7101319432258606,0.14109806716442108,0.14709395170211792,0.09693954139947891,0,0.792675793170929,1,1,0,-0.012441873550415039,1,3.4105701446533203,0.2327607125043869,0.9818712472915649,3.601940631866455,3.2191998958587646,-0.09341892600059509,0.5589403510093689,1.1004797220230103,0.8632627129554749
2026-06-13T12:07:23.744034,363,1,1784.931887305982,0,1.082318902015686,1.091194748878479,1.2514728307724,0.21208716928958893,0.21208727359771729,0.06219522953033452,0.7378047704696655,0.8,0.5880756378173828,0.72999507188797,0.1589604765176773,0.22328218817710876,0.07210387289524078,0,0.7378047704696655,1,1,0,-0.012294888496398926,1,3.4563751220703125,0.2347923219203949,0.9810630083084106,3.60502552986145,3.3077244758605957,-0.07909268140792847,0.5486773252487183,1.1054341793060303,0.8566917777061462
2026-06-13T12:07:26.059098,364,1,1316.970035043922,0,1.036157250404358,1.0465850830078125,1.2507694959640503,0.25181320309638977,0.25181320309638977,0.01646457910537724,0.7835354208946228,0.8,0.584775984287262,0.7172819972038269,0.17524096369743347,0.21613602340221405,0.09069667756557465,0,0.7835354208946228,1,1,0,-0.012201905250549316,1,3.4132187366485596,0.21644248068332672,0.9872570633888245,3.607149600982666,3.219287872314453,-0.0961475595831871,0.5290325284004211,1.1220169067382812,0.8524972200393677
2026-06-13T12:07:28.277752,365,1,1237.2495493740898,0,1.0261660814285278,1.0353254079818726,1.2487739324569702,0.2538543939590454,0.2538544237613678,0.005467486381530717,0.8054674863815308,0.8,0.6173165440559387,0.7252584099769592,0.16705632209777832,0.34477853775024414,0.09680355340242386,0,0.8054674863815308,1,1,0,-0.012890219688415527,1,3.3998777866363525,0.22981593012809753,0.9788773059844971,3.605684280395508,3.1940712928771973,-0.09237456321716309,0.5520064234733582,1.1054925918579102,0.8522619605064392
2026-06-13T12:07:30.357181,366,1,1200.2849950370041,0,1.0250400304794312,1.0355607271194458,1.2492566108703613,0.2595093548297882,0.259509414434433,0.005953025817871049,0.8059530258178711,0.8,0.6337234973907471,0.7684645056724548,0.15678787231445312,0.21083970367908478,0.07583530247211456,0,0.8059530258178711,1,1,0,-0.013242959976196289,1,3.3969807624816895,0.2370615303516388,0.9767966270446777,3.6027960777282715,3.1911652088165283,-0.08174467831850052,0.5558677315711975,1.1124162673950195,0.8411770462989807
2026-06-13T12:07:32.203747,367,1,842.5346818168441,0,0.9988691806793213,1.0103254318237305,1.2556577920913696,0.28845423460006714,0.2884542644023895,0.034449088573455855,0.7655509114265442,0.8,0.6289604902267456,0.7439389824867249,0.1491725742816925,0.15419906377792358,0.09535050392150879,0,0.7655509114265442,1,1,0,-0.013100147247314453,1,3.371889352798462,0.22994071245193481,0.9827319383621216,3.6005971431732178,3.143181562423706,-0.04919828474521637,0.5090796947479248,1.1103689670562744,0.8550949096679688
2026-06-13T12:07:34.129815,368,1,785.1262678591352,0,1.0321357250213623,1.0464422702789307,1.2652355432510376,0.27858179807662964,0.27858179807662964,0.0661293745040894,0.7338706254959106,0.8,0.6173428297042847,0.769078254699707,0.14940206706523895,0.25735753774642944,0.07908301800489426,0,0.7338706254959106,1,1,0,-0.01282203197479248,1,3.4048993587493896,0.23482100665569305,0.9815407991409302,3.605315685272217,3.2044830322265625,-0.036471154540777206,0.5061131715774536,1.1260240077972412,0.8370575308799744
2026-06-13T12:07:35.898821,369,1,859.1078845185489,0,1.0061697959899902,1.02219557762146,1.2596361637115479,0.2981349229812622,0.29813501238822937,0.021561074256897017,0.778438925743103,0.8,0.613564133644104,0.7440558671951294,0.13422082364559174,0.2766326069831848,0.09540039300918579,0,0.778438925743103,1,1,0,-0.012766659259796143,1,3.3834123611450195,0.21084311604499817,0.9713090658187866,3.6085753440856934,3.1582491397857666,-0.06741610169410706,0.4891023337841034,1.1241657733917236,0.8184522986412048
2026-06-13T12:07:37.658785,370,1,561.8895962703923,0,1.024316430091858,1.0441527366638184,1.2587401866912842,0.29509109258651733,0.2950911223888397,0.10761307477951054,0.6923869252204895,0.8,0.5978513956069946,0.7305521965026855,0.16892383992671967,0.3272910416126251,0.09818104654550552,0,0.6923869252204895,1,1,0,-0.0124739408493042,1,3.4083499908447266,0.17849315702915192,0.975611686706543,3.606049060821533,3.21065092086792,-0.06247078999876976,0.4194571077823639,1.1262813806533813,0.8249419331550598
2026-06-13T12:07:39.574096,371,1,595.2821304171866,0,0.9986228942871094,1.0166480541229248,1.2585382461547852,0.30795544385910034,0.30795544385910034,0.001964461803436235,0.8019644618034363,0.8,0.6153469085693359,0.7324100136756897,0.1516350507736206,0.21404613554477692,0.08262612670660019,0,0.8019644618034363,1,1,0,-0.012809336185455322,1,3.37182879447937,0.22822244465351105,0.9733322858810425,3.6018662452697754,3.141791343688965,-0.054215285927057266,0.5106601715087891,1.1409581899642944,0.8057064414024353
2026-06-13T12:07:41.302651,372,1,466.39208421314333,0,0.9850801825523376,1.0022728443145752,1.2574684619903564,0.3151073455810547,0.3151073753833771,0.004271876811981157,0.8042718768119812,0.8,0.5903565883636475,0.6899335384368896,0.17007504403591156,0.1782207190990448,0.08243847638368607,0,0.8042718768119812,1,1,0,-0.012301445007324219,1,3.361142873764038,0.2134040892124176,0.9676550626754761,3.6054680347442627,3.1168177127838135,-0.06462175399065018,0.4914299249649048,1.1248815059661865,0.8104285597801208
2026-06-13T12:07:43.029240,373,1,895.2005185208545,0,1.0175204277038574,1.0346183776855469,1.2525296211242676,0.28735408186912537,0.28735417127609253,0.039753842353820845,0.7602461576461792,0.8,0.6046512126922607,0.7165187001228333,0.18135683238506317,0.2725355625152588,0.10986869037151337,0,0.7602461576461792,1,1,0,-0.012572050094604492,1,3.39943265914917,0.18932212889194489,0.974708080291748,3.60578989982605,3.193075656890869,-0.08807938545942307,0.46672365069389343,1.1326913833618164,0.8167248368263245
2026-06-13T12:07:44.831625,374,1,503.306241933672,0,1.0014015436172485,1.0210524797439575,1.2451388835906982,0.29992955923080444,0.29992958903312683,0.04126249551773076,0.7587375044822693,0.8,0.5955072045326233,0.6956526041030884,0.15079495310783386,0.22787989675998688,0.08901006728410721,0,0.7587375044822693,1,1,0,-0.012455761432647705,1,3.387019157409668,0.16730953752994537,0.9753831624984741,3.600450038909912,3.173588275909424,-0.10014408826828003,0.4347631633281708,1.1392015218734741,0.8115647435188293
2026-06-13T12:07:46.553741,375,1,673.8988219965277,0,0.9941542744636536,1.0115604400634766,1.2460917234420776,0.29986119270324707,0.29986122250556946,0.0017174959182739702,0.7982825040817261,0.8,0.6383810043334961,0.7291194796562195,0.19233518838882446,0.36916983127593994,0.09612356871366501,0,0.7982825040817261,1,1,0,-0.0133247971534729,1,3.3756067752838135,0.18781423568725586,0.9645010232925415,3.6027867794036865,3.1484267711639404,-0.09893201291561127,0.4745604693889618,1.12412428855896,0.8048778176307678
2026-06-13T12:07:48.329286,376,1,788.8248061254271,0,1.009190559387207,1.0252413749694824,1.2515101432800293,0.289572149515152,0.289572149515152,0.003593039512634233,0.8035930395126343,0.8,0.6002247929573059,0.7151408195495605,0.18716639280319214,0.23863083124160767,0.0878889262676239,0,0.8035930395126343,1,1,0,-0.012555420398712158,1,3.389838933944702,0.19503431022167206,0.974578857421875,3.6080150604248047,3.1716628074645996,-0.10195118188858032,0.49201980233192444,1.1347013711929321,0.8144563436508179
2026-06-13T12:07:50.054826,377,1,1348.9256072096582,0,1.0468109846115112,1.0627515316009521,1.2487391233444214,0.2611878514289856,0.261187881231308,0.03182195425033574,0.7681780457496643,0.8,0.5942870378494263,0.7287832498550415,0.15871195495128632,0.20461226999759674,0.08625756204128265,0,0.7681780457496643,1,1,0,-0.012405991554260254,1,3.430328607559204,0.18297293782234192,0.9724831581115723,3.6085846424102783,3.25207257270813,-0.11615870147943497,0.4821045696735382,1.1345616579055786,0.8104045987129211
2026-06-13T12:07:51.747781,378,1,717.487041601687,0,1.0092480182647705,1.0283414125442505,1.2494884729385376,0.2963285744190216,0.29632866382598877,0.02835302352905278,0.7716469764709473,0.8,0.5784236192703247,0.7128423452377319,0.13036377727985382,0.2561092674732208,0.08621280640363693,0,0.7716469764709473,1,1,0,-0.012084007263183594,1,3.3951621055603027,0.16562791168689728,0.9716878533363342,3.6077969074249268,3.1825270652770996,-0.11068352311849594,0.4419393539428711,1.1369093656539917,0.8064663410186768
2026-06-13T12:07:53.459515,379,1,792.2030335012296,0,0.995722770690918,1.0122733116149902,1.2397193908691406,0.2914884090423584,0.29148849844932556,0.013631772994995073,0.8136317729949951,0.8,0.604183554649353,0.7294307947158813,0.15680357813835144,0.26474729180336,0.08060932159423828,0,0.8136317729949951,1,1,0,-0.012576639652252197,1,3.3801822662353516,0.1722537875175476,0.9678223729133606,3.6028618812561035,3.1575024127960205,-0.1284133344888687,0.47292089462280273,1.1275477409362793,0.8080970048904419
2026-06-13T12:07:55.227124,380,1,894.3480542311363,0,1.016699194908142,1.0338733196258545,1.2431029081344604,0.28105807304382324,0.28105807304382324,0.030000078678131148,0.7699999213218689,0.8,0.6091440916061401,0.7378779649734497,0.16629034280776978,0.22097477316856384,0.08096745610237122,0,0.7699999213218689,1,1,0,-0.012691497802734375,1,3.4007036685943604,0.17618995904922485,0.9649739265441895,3.602471351623535,3.1989359855651855,-0.11034920811653137,0.4627291262149811,1.124379277229309,0.8055685758590698
2026-06-13T12:07:57.134489,381,1,911.6392291022289,0,0.9889042973518372,1.005552053451538,1.229247808456421,0.28851863741874695,0.28851863741874695,0.01080996990203853,0.8108099699020386,0.8,0.5815877914428711,0.7005608081817627,0.17281705141067505,0.28989937901496887,0.09220943599939346,0,0.8108099699020386,1,1,0,-0.012189209461212158,1,3.3788225650787354,0.1356251835823059,0.9619985818862915,3.6009974479675293,3.1566476821899414,-0.1657625436782837,0.4370129108428955,1.1174236536026,0.8065735697746277
2026-06-13T12:07:58.832485,382,1,536.1352643806881,0,0.958881676197052,0.9783149361610413,1.2362709045410156,0.32278022170066833,0.3227803111076355,0.03215379714965816,0.8321537971496582,0.8,0.6066211462020874,0.7374488115310669,0.16615921258926392,0.1972087025642395,0.08190830796957016,0,0.8321537971496582,1,1,0,-0.012641668319702148,1,3.349270820617676,0.13240361213684082,0.9715672731399536,3.6040985584259033,3.0944433212280273,-0.15376253426074982,0.41856974363327026,1.1337147951126099,0.8094197511672974
2026-06-13T12:08:00.575225,383,1,722.6307089587331,0,0.9949131608009338,1.0123897790908813,1.2324929237365723,0.2890087068080902,0.2890087962150574,0.004036355018615767,0.7959636449813843,0.8,0.5895573496818542,0.7035962343215942,0.15650740265846252,0.2429991364479065,0.08922030031681061,0,0.7959636449813843,1,1,0,-0.012304842472076416,1,3.387686252593994,0.11638626456260681,0.9720271229743958,3.6052215099334717,3.1701512336730957,-0.17719310522079468,0.4099656343460083,1.129758358001709,0.8142958879470825
2026-06-13T12:08:02.438098,384,1,744.9261743695251,0,0.9827693104743958,1.0001587867736816,1.2355434894561768,0.29981371760368347,0.29981380701065063,0.01716382503509517,0.8171638250350952,0.8,0.5974695682525635,0.7243610620498657,0.15655145049095154,0.2784656286239624,0.07800347357988358,0,0.8171638250350952,1,1,0,-0.01249462366104126,1,3.375326156616211,0.11781817674636841,0.9736663103103638,3.6084306240081787,3.142221450805664,-0.17849546670913696,0.4141318202018738,1.1311453580856323,0.8161872625350952
2026-06-13T12:08:04.221855,385,1,750.0542738608606,0,0.9719436764717102,0.9884503483772278,1.2286254167556763,0.3000726103782654,0.30007264018058777,0.042477977275848344,0.8424779772758484,0.8,0.5876584649085999,0.7101402878761292,0.18452641367912292,0.21644024550914764,0.07821092754602432,0,0.8424779772758484,1,1,0,-0.012297570705413818,1,3.363553762435913,0.12402992695569992,0.9707523584365845,3.603001356124878,3.1241061687469482,-0.1852184385061264,0.43327829241752625,1.1271895170211792,0.8143152594566345
2026-06-13T12:08:05.962470,386,1,607.8993517120157,0,0.9542417526245117,0.9720638394355774,1.230149269104004,0.3177083134651184,0.31770840287208557,0.05824000835418697,0.858240008354187,0.8,0.5932728052139282,0.7138013243675232,0.164069265127182,0.14312221109867096,0.07731936126947403,0,0.858240008354187,1,1,0,-0.012423813343048096,1,3.347209930419922,0.11123164743185043,0.9684028029441833,3.6060407161712646,3.088379383087158,-0.19277514517307281,0.4152384400367737,1.1256623268127441,0.8111432790756226
2026-06-13T12:08:07.753703,387,1,844.4310634258163,0,0.9745307564735413,0.9915757179260254,1.2271134853363037,0.298312246799469,0.298312246799469,0.043785703182220415,0.8437857031822205,0.8,0.5953288674354553,0.7109718322753906,0.14680027961730957,0.20128341019153595,0.09928911179304123,0,0.8437857031822205,1,1,0,-0.01248931884765625,1,3.3687074184417725,0.10324429720640182,0.9743697643280029,3.6045706272125244,3.1328442096710205,-0.20800994336605072,0.41449853777885437,1.1340035200119019,0.8147360682487488
2026-06-13T12:08:09.747175,388,1,734.8059216301153,0,0.963773250579834,0.9825347065925598,1.2239766120910645,0.3079117238521576,0.3079117238521576,0.04857904911041255,0.8485790491104126,0.8,0.6001800298690796,0.7311782836914062,0.1738653928041458,0.21983429789543152,0.07748442888259888,0,0.8485790491104126,1,1,0,-0.012570381164550781,1,3.361309051513672,0.0653298869729042,0.9781818389892578,3.605422019958496,3.1171960830688477,-0.24118508398532867,0.3718448579311371,1.1409056186676025,0.8154580593109131
2026-06-13T12:08:11.807186,389,1,906.2521534072825,0,0.9948170781135559,1.0112237930297852,1.226789951324463,0.281747043132782,0.28174713253974915,0.005803215503692671,0.7941967844963074,0.8,0.6107785701751709,0.7129307389259338,0.16976937651634216,0.23378241062164307,0.0863715335726738,0,0.7941967844963074,1,1,0,-0.012765109539031982,1,3.3916091918945312,0.07636632025241852,0.976747989654541,3.6070938110351562,3.176124334335327,-0.22151586413383484,0.3742485046386719,1.126813530921936,0.826682448387146
2026-06-13T12:08:13.746465,390,1,683.8064675444875,0,0.986909031867981,1.0048717260360718,1.2279863357543945,0.29250234365463257,0.29250243306159973,0.009360086917877153,0.8093600869178772,0.8,0.5868830680847168,0.7135228514671326,0.14984720945358276,0.3264612555503845,0.07799763977527618,0,0.8093600869178772,1,1,0,-0.012237966060638428,1,3.384152889251709,0.0690125823020935,0.9741144180297852,3.608919382095337,3.15938663482666,-0.22874781489372253,0.36677297949790955,1.1309096813201904,0.8173190951347351
2026-06-13T12:08:15.933681,391,1,814.0853108747565,0,0.9592771530151367,0.9754154086112976,1.2127922773361206,0.2959229350090027,0.2959229350090027,0.07733429670333858,0.8773342967033386,0.8,0.6000068783760071,0.7077959179878235,0.15816567838191986,0.292339026927948,0.08556322753429413,0,0.8773342967033386,1,1,0,-0.012498617172241211,1,3.357339382171631,0.049856528639793396,0.964950680732727,3.601203203201294,3.1134755611419678,-0.2812165915966034,0.3809296488761902,1.1177574396133423,0.8121439814567566
2026-06-13T12:08:17.831107,392,1,772.7611890918438,0,0.9753726720809937,0.9948205947875977,1.2172799110412598,0.29631781578063965,0.29631784558296204,0.0480097651481628,0.8480097651481628,0.8,0.5954009294509888,0.7374834418296814,0.1790539175271988,0.18205109238624573,0.07368163764476776,0,0.8480097651481628,1,1,0,-0.012414932250976562,1,3.375007152557373,0.02034686505794525,0.9827072620391846,3.6032068729400635,3.1468074321746826,-0.2946229875087738,0.3353167176246643,1.1515238285064697,0.8138907551765442
2026-06-13T12:08:19.661689,393,1,1002.1936330531912,0,0.9783401489257812,0.9949463605880737,1.213079810142517,0.28346288204193115,0.2834629714488983,0.05958963632583614,0.8595896363258362,0.8,0.5784339904785156,0.6878953576087952,0.16238364577293396,0.36928731203079224,0.08357606083154678,0,0.8595896363258362,1,1,0,-0.012119650840759277,1,3.377716064453125,0.030382871627807617,0.9827427864074707,3.6003754138946533,3.1550564765930176,-0.30008259415626526,0.3608483374118805,1.1437984704971313,0.8216871619224548
2026-06-13T12:08:21.510553,394,1,807.7585988445308,0,0.973524272441864,0.9913022518157959,1.2205126285552979,0.29574984312057495,0.29574984312057495,0.051160228252410844,0.8511602282524109,0.8,0.5995202660560608,0.7459761500358582,0.16672959923744202,0.24453186988830566,0.0797223448753357,0,0.8511602282524109,1,1,0,-0.01250392198562622,1,3.3733980655670166,0.006631776690483093,0.9857887625694275,3.6085805892944336,3.1382155418395996,-0.3104313015937805,0.3236948549747467,1.144781231880188,0.826796293258667
2026-06-13T12:08:23.390454,395,1,1282.9745061284398,0,1.0003706216812134,1.017376184463501,1.2139837741851807,0.27012476325035095,0.27012476325035095,0.048051965236663774,0.8480519652366638,0.8,0.586767315864563,0.7143311500549316,0.1848970651626587,0.20152074098587036,0.08082596957683563,0,0.8480519652366638,1,1,0,-0.01226741075515747,1,3.400273323059082,0.011029019951820374,0.9914429187774658,3.6009483337402344,3.1995983123779297,-0.3225092589855194,0.34456729888916016,1.1596088409423828,0.8232769966125488
2026-06-13T12:08:25.485993,396,1,846.6606524874182,0,0.9915444850921631,1.0083372592926025,1.2161353826522827,0.27706247568130493,0.2770625054836273,0.07760472297668453,0.8776047229766846,0.8,0.6036298274993896,0.7464322447776794,0.15120017528533936,0.2091459035873413,0.08724095672369003,0,0.8776047229766846,1,1,0,-0.012601912021636963,1,3.39132022857666,-0.015154793858528137,0.9853302240371704,3.605989933013916,3.1766505241394043,-0.3598846197128296,0.3295750319957733,1.1515401601791382,0.8191202282905579
2026-06-13T12:08:27.573418,397,1,1307.1435542416489,0,1.0199880599975586,1.0365238189697266,1.2143162488937378,0.256156325340271,0.2561563551425934,0.014126908779144243,0.8141269087791443,0.8,0.5928846001625061,0.7550987005233765,0.170070618391037,0.20663127303123474,0.07407256215810776,0,0.8141269087791443,1,1,0,-0.012373089790344238,1,3.419781446456909,-0.019327282905578613,0.9930588006973267,3.6030187606811523,3.236544132232666,-0.3444330096244812,0.305778443813324,1.155634880065918,0.8304826617240906
2026-06-13T12:08:29.653974,398,1,1171.9916615034658,0,0.9948970675468445,1.0113215446472168,1.2135087251663208,0.27171823382377625,0.27171823382377625,0.04319585561752315,0.8431958556175232,0.8,0.5971502065658569,0.7577022314071655,0.1855589598417282,0.26383498311042786,0.0845896378159523,0,0.8431958556175232,1,1,0,-0.012437999248504639,1,3.3945579528808594,-0.01746051013469696,0.9807664752006531,3.604433536529541,3.1846823692321777,-0.3473530113697052,0.3124319911003113,1.1384623050689697,0.8230706453323364
2026-06-13T12:08:31.663930,399,1,1844.4863372355226,0,1.0708909034729004,1.0855010747909546,1.2188677787780762,0.22201770544052124,0.22201770544052124,0.04773621559143071,0.7522637844085693,0.8,0.5902525186538696,0.7379574179649353,0.15633204579353333,0.15359213948249817,0.08661433309316635,0,0.7522637844085693,1,1,0,-0.012328267097473145,1,3.4697885513305664,-0.0485793799161911,0.9998904466629028,3.6089789867401123,3.3305981159210205,-0.3638085722923279,0.2666498124599457,1.1506611108779907,0.8491197824478149
2026-06-13T12:08:34.159221,400,1,2183.039359015622,0,1.0650455951690674,1.078962802886963,1.215753436088562,0.2203415334224701,0.22034160792827606,0.008424985408783003,0.791575014591217,0.8,0.5925909876823425,0.7212096452713013,0.1704966425895691,0.22689801454544067,0.08854641020298004,0,0.791575014591217,1,1,0,-0.01237797737121582,1,3.463855266571045,-0.04814900457859039,0.9853050112724304,3.607649564743042,3.3200607299804688,-0.3832706809043884,0.28697267174720764,1.1391372680664062,0.8314727544784546
2026-06-13T12:08:36.455189,401,1,2322.443398126814,0,1.0851690769195557,1.0968588590621948,1.216934084892273,0.19981339573860168,0.19981348514556885,0.03189419507980351,0.7681058049201965,0.8,0.596081018447876,0.7465886473655701,0.15667282044887543,0.23234502971172333,0.08600329607725143,0,0.7681058049201965,1,1,0,-0.012420654296875,1,3.484083652496338,-0.04849040508270264,1.0018197298049927,3.608266830444336,3.359900712966919,-0.382954478263855,0.2859736680984497,1.1439781188964844,0.8596614003181458
2026-06-13T12:08:38.842586,402,1,2336.490446981636,0,1.0807785987854004,1.0921320915222168,1.2172620296478271,0.2008177936077118,0.20081791281700134,0.012225556373596236,0.7877744436264038,0.8,0.5915607213973999,0.7228939533233643,0.1560174524784088,0.1328490823507309,0.0776490569114685,0,0.7877744436264038,1,1,0,-0.012324929237365723,1,3.4754486083984375,-0.10695276409387589,1.0073437690734863,3.607175588607788,3.343721389770508,-0.4504769444465637,0.23657141625881195,1.1480072736740112,0.8666801452636719
2026-06-13T12:08:40.771484,403,1,1846.3531511027386,0,1.0602891445159912,1.0757969617843628,1.2140930891036987,0.22858618199825287,0.22858627140522003,0.029241430759429976,0.7707585692405701,0.8,0.593292236328125,0.7302356958389282,0.13975274562835693,0.21762818098068237,0.07542116194963455,0,0.7707585692405701,1,1,0,-0.012352347373962402,1,3.4550061225891113,-0.10514412820339203,1.0109559297561646,3.6023523807525635,3.3076601028442383,-0.4254760444164276,0.21518778800964355,1.166499376296997,0.8554125428199768
2026-06-13T12:08:42.745939,404,1,1964.5879260286074,0,1.0641709566116333,1.0783236026763916,1.219022274017334,0.22387099266052246,0.22387103736400604,0.041041445732116655,0.8410414457321167,0.8,0.5866087079048157,0.7245427370071411,0.13975700736045837,0.1889348328113556,0.09125781804323196,0,0.8410414457321167,1,1,0,-0.012243032455444336,1,3.4555318355560303,-0.1351655274629593,1.0065371990203857,3.603588104248047,3.3074755668640137,-0.4935648441314697,0.22323378920555115,1.1692239046096802,0.8438506126403809
2026-06-13T12:08:44.804170,405,1,1888.5852849899647,0,1.0937315225601196,1.1073076725006104,1.2198606729507446,0.2062755525112152,0.2062755823135376,0.005988109111785933,0.7940118908882141,0.8,0.6095616817474365,0.7459354996681213,0.15156766772270203,0.10692089796066284,0.08914434164762497,0,0.7940118908882141,1,1,0,-0.012676000595092773,1,3.479074001312256,-0.17843499779701233,1.0030500888824463,3.6034228801727295,3.3547251224517822,-0.5222651362419128,0.16539514064788818,1.1577495336532593,0.8483507037162781
2026-06-13T12:08:47.261638,406,1,2275.126347001372,0,1.0997925996780396,1.1125636100769043,1.2234649658203125,0.20137766003608704,0.20137767493724823,0.04328192472457881,0.8432819247245789,0.8,0.5974026322364807,0.7484234571456909,0.1560189425945282,0.20751601457595825,0.08264771103858948,0,0.8432819247245789,1,1,0,-0.012379765510559082,1,3.4869985580444336,-0.16725444793701172,0.9979666471481323,3.6051883697509766,3.3688087463378906,-0.5387896299362183,0.20428073406219482,1.1585091352462769,0.8374242186546326
2026-06-13T12:08:49.801408,407,1,1793.8457108007706,0,1.0639042854309082,1.0783088207244873,1.2255674600601196,0.22922247648239136,0.22922255098819733,0.09401084184646602,0.8940108418464661,0.8,0.5918874144554138,0.7140567302703857,0.14686721563339233,0.15203934907913208,0.08516412228345871,0,0.8940108418464661,1,1,0,-0.012287378311157227,1,3.4462437629699707,-0.19300489127635956,1.0039472579956055,3.600313186645508,3.2921741008758545,-0.5770935416221619,0.19108375906944275,1.1729216575622559,0.8349728584289551
2026-06-13T12:08:51.823302,408,1,1720.9870633761188,0,1.0635933876037598,1.0770164728164673,1.2228596210479736,0.22361576557159424,0.2236158400774002,0.07820822000503536,0.8782082200050354,0.8,0.6032946705818176,0.7279669642448425,0.15327361226081848,0.2743818759918213,0.07729511708021164,0,0.8782082200050354,1,1,0,-0.0124589204788208,1,3.44814395904541,-0.1806119978427887,1.002160668373108,3.601374626159668,3.2949130535125732,-0.5591225028038025,0.1978985071182251,1.1635996103286743,0.8407217264175415
2026-06-13T12:08:54.207616,409,1,1667.4832124897703,0,1.0722373723983765,1.0857309103012085,1.2283563613891602,0.2223980724811554,0.22239814698696136,0.045660209655761674,0.8456602096557617,0.8,0.5660367012023926,0.7049905061721802,0.1518135666847229,0.23794415593147278,0.07402533292770386,0,0.8456602096557617,1,1,0,-0.011622905731201172,1,3.4468255043029785,-0.23204752802848816,1.001839518547058,3.6029813289642334,3.2906694412231445,-0.593703031539917,0.12960796058177948,1.1554816961288452,0.848197340965271
2026-06-13T12:08:56.191889,410,1,1446.756549273577,0,1.064513087272644,1.0783687829971313,1.2376766204833984,0.23467037081718445,0.23467040061950684,0.06994743347167964,0.8699474334716797,0.8,0.5600965023040771,0.6918530464172363,0.157133549451828,0.2940736413002014,0.09317591786384583,0,0.8699474334716797,1,1,0,-0.011535406112670898,1,3.433152198791504,-0.2563217282295227,1.0091606378555298,3.6060774326324463,3.2602269649505615,-0.6239866614341736,0.11134319752454758,1.1644716262817383,0.8538497090339661
2026-06-13T12:08:58.277441,411,1,1543.0217853651357,0,1.0723702907562256,1.0858336687088013,1.2387655973434448,0.2290092557668686,0.22900934517383575,0.07717086076736446,0.8771708607673645,0.8,0.5805149674415588,0.7272463440895081,0.16939836740493774,0.19571873545646667,0.08024054765701294,0,0.8771708607673645,1,1,0,-0.011990189552307129,1,3.4418392181396484,-0.2539711594581604,0.9930756092071533,3.608381509780884,3.275296688079834,-0.6288610696792603,0.12091877311468124,1.1482475996017456,0.837903618812561
2026-06-13T12:09:00.278590,412,1,1442.0924415715458,0,1.05094313621521,1.0651917457580566,1.2380945682525635,0.24504542350769043,0.24504543840885162,0.06839491128921504,0.8683949112892151,0.8,0.602915346622467,0.7159342169761658,0.13354848325252533,0.17077894508838654,0.09279436618089676,0,0.8683949112892151,1,1,0,-0.012418508529663086,1,3.414595127105713,-0.2738591730594635,0.9910788536071777,3.608031749725342,3.221158504486084,-0.634459376335144,0.08674101531505585,1.1362587213516235,0.8458990454673767
2026-06-13T12:09:02.977652,413,1,1470.8472508243335,0,1.0910218954086304,1.1060569286346436,1.2402061223983765,0.2258964627981186,0.2258964627981186,0.02187215089797978,0.7781278491020203,0.8,0.5736231207847595,0.7186856269836426,0.150956928730011,0.15649588406085968,0.08005324751138687,0,0.7781278491020203,1,1,0,-0.011687159538269043,1,3.444603443145752,-0.3148016631603241,1.0057109594345093,3.6083712577819824,3.2808356285095215,-0.6402285695075989,0.010625233873724937,1.142269253730774,0.8691526651382446
2026-06-13T12:09:05.127271,414,1,1584.8800825567478,0,1.1060130596160889,1.119718074798584,1.2475460767745972,0.2164338231086731,0.21643394231796265,0.01479871273040767,0.8147987127304077,0.8,0.5842501521110535,0.715853214263916,0.14828363060951233,0.24489888548851013,0.0834420770406723,0,0.8147987127304077,1,1,0,-0.011878609657287598,1,3.4482903480529785,-0.35256433486938477,1.00712251663208,3.601027488708496,3.29555344581604,-0.7014776468276978,-0.0036510233767330647,1.151708722114563,0.8625364303588867
2026-06-13T12:09:07.043880,415,1,1676.263323613321,0,1.0991679430007935,1.1108204126358032,1.2384024858474731,0.20501010119915009,0.20501010119915009,0.010036480426788286,0.8100364804267883,0.8,0.5580164790153503,0.7033141851425171,0.14911547303199768,0.21799321472644806,0.07672765105962753,0,0.8100364804267883,1,1,0,-0.011385321617126465,1,3.4510979652404785,-0.32143476605415344,0.9934427738189697,3.6012697219848633,3.3009262084960938,-0.6739480495452881,0.031078539788722992,1.1246776580810547,0.8622078895568848
2026-06-13T12:09:08.845643,416,1,1536.226883051831,0,1.093801736831665,1.106860876083374,1.2497590780258179,0.22171825170516968,0.22171835601329803,0.008817207813262895,0.8088172078132629,0.8,0.578940212726593,0.7188621759414673,0.17085453867912292,0.22245270013809204,0.08193559944629669,0,0.8088172078132629,1,1,0,-0.011715888977050781,1,3.4318008422851562,-0.36300018429756165,0.9954887628555298,3.6057004928588867,3.2579009532928467,-0.705984354019165,-0.02001602202653885,1.1206568479537964,0.8703206777572632
2026-06-13T12:09:10.952685,417,1,1722.6046761988914,0,1.095850944519043,1.1083648204803467,1.2542266845703125,0.2210405468940735,0.22104065120220184,0.0032299876213073286,0.8032299876213074,0.8,0.5945957899093628,0.7606791257858276,0.17786665260791779,0.20330113172531128,0.08752673119306564,0,0.8032299876213074,1,1,0,-0.01198732852935791,1,3.429929256439209,-0.37430539727211,1.005537748336792,3.6078789234161377,3.2519798278808594,-0.7148500084877014,-0.03376080468297005,1.122404932975769,0.8886705636978149
2026-06-13T12:09:13.063700,418,1,2159.0355096368135,0,1.1508641242980957,1.1619380712509155,1.2629549503326416,0.18925116956233978,0.18925124406814575,0.035699474811554,0.764300525188446,0.8,0.5907541513442993,0.7232993245124817,0.15926241874694824,0.3523407578468323,0.07163940370082855,0,0.764300525188446,1,1,0,-0.012008428573608398,1,3.4763007164001465,-0.407492995262146,0.9961680173873901,3.609337568283081,3.343264102935791,-0.7452715039253235,-0.06971447169780731,1.1155234575271606,0.8768125772476196
2026-06-13T12:09:15.399122,419,1,1468.7481006221992,0,1.1052465438842773,1.1192405223846436,1.2595402002334595,0.22541773319244385,0.22541780769824982,0.012034940719604537,0.7879650592803955,0.8,0.5828529596328735,0.7214120626449585,0.17470583319664001,0.15609334409236908,0.07822029292583466,0,0.7879650592803955,1,1,0,-0.011794209480285645,1,3.428516387939453,-0.4046255350112915,1.001549482345581,3.6083531379699707,3.2486798763275146,-0.735136866569519,-0.07411421835422516,1.1183538436889648,0.8847450613975525
2026-06-13T12:09:17.571439,420,1,1516.6195533747646,0,1.1023346185684204,1.1130311489105225,1.263999342918396,0.21561062335968018,0.21561063826084137,0.041210842132568315,0.8412108421325684,0.8,0.6214749813079834,0.7573869228363037,0.18161410093307495,0.2182117998600006,0.09182880818843842,0,0.8412108421325684,1,1,0,-0.012489557266235352,1,3.4244260787963867,-0.4069652557373047,0.9914928674697876,3.604081392288208,3.2447707653045654,-0.7699914574623108,-0.04393903538584709,1.1048280000686646,0.8781577348709106
2026-06-13T12:09:19.842624,421,1,1577.8832355854202,0,1.13395357131958,1.1456772089004517,1.271661400794983,0.20639201998710632,0.20639201998710632,0.008314681053161577,0.8083146810531616,0.8,0.6122104525566101,0.7566778063774109,0.1705014556646347,0.2910425662994385,0.07853022962808609,0,0.8083146810531616,1,1,0,-0.012236595153808594,1,3.4423069953918457,-0.446569561958313,0.9952465295791626,3.6023590564727783,3.282254934310913,-0.7975014448165894,-0.09563770890235901,1.115966558456421,0.8745265603065491
2026-06-13T12:09:21.870263,422,1,1367.6730459880064,0,1.1194336414337158,1.1325817108154297,1.269889235496521,0.22014334797859192,0.2201433628797531,0.010644304752349898,0.7893556952476501,0.8,0.6013852953910828,0.7410906553268433,0.11125731468200684,0.3680644631385803,0.0825328454375267,0,0.7893556952476501,1,1,0,-0.012139201164245605,1,3.4279966354370117,-0.44310423731803894,1.003665566444397,3.607273578643799,3.2487196922302246,-0.7772386074066162,-0.10896985232830048,1.1131397485733032,0.8941914439201355
2026-06-13T12:09:23.954595,423,1,2064.103820357409,0,1.169783592224121,1.1796517372131348,1.2805371284484863,0.1826532483100891,0.18265335261821747,0.03898684978485112,0.7610131502151489,0.8,0.588210940361023,0.7149943113327026,0.1644139140844345,0.24783846735954285,0.09220489859580994,0,0.7610131502151489,1,1,0,-0.01183474063873291,1,3.4643993377685547,-0.4851230978965759,1.0101735591888428,3.6029045581817627,3.325894355773926,-0.8244019150733948,-0.14584429562091827,1.1126015186309814,0.9077456593513489
2026-06-13T12:09:26.299120,424,1,1618.5457776954818,0,1.168707251548767,1.1795928478240967,1.28166663646698,0.1896873265504837,0.18968741595745087,0.04946022033691411,0.7505397796630859,0.8,0.5737009048461914,0.7036847472190857,0.17625772953033447,0.18613356351852417,0.08044224232435226,0,0.7505397796630859,1,1,0,-0.011441230773925781,1,3.45572566986084,-0.5012831687927246,1.0059462785720825,3.601952314376831,3.3094992637634277,-0.8323409557342529,-0.17022542655467987,1.1051735877990723,0.9067190289497375
2026-06-13T12:09:28.679478,425,1,1753.8550035236235,0,1.1598520278930664,1.1699023246765137,1.2864311933517456,0.19233790040016174,0.19233791530132294,0.017314243316650435,0.7826857566833496,0.8,0.6022807359695435,0.7346248030662537,0.15857045352458954,0.16100281476974487,0.08880956470966339,0,0.7826857566833496,1,1,0,-0.011976122856140137,1,3.4460837841033936,-0.500958263874054,0.9974682331085205,3.6028859615325928,3.2892816066741943,-0.8461524844169617,-0.15576405823230743,1.0944386720657349,0.9004977345466614
2026-06-13T12:09:31.070449,426,1,1490.5505703967742,0,1.1534947156906128,1.1673343181610107,1.281588077545166,0.2125396728515625,0.21253974735736847,0.05963854789733891,0.7403614521026611,0.8,0.6079047918319702,0.720832109451294,0.1655145287513733,0.1190345361828804,0.08880641311407089,0,0.7403614521026611,1,1,0,-0.012138843536376953,1,3.438627243041992,-0.5017992258071899,1.001073956489563,3.608091115951538,3.2691636085510254,-0.8166250586509705,-0.186973437666893,1.0969932079315186,0.9051547050476074
2026-06-13T12:09:33.706179,427,1,2999.7224868185235,0,1.2038441896438599,1.2124736309051514,1.2866867780685425,0.16235536336898804,0.16235539317131042,0.07344554662704472,0.7265544533729553,0.8,0.6207881569862366,0.7663601636886597,0.14912298321723938,0.1724090874195099,0.08066978305578232,0,0.7265544533729553,1,1,0,-0.01237785816192627,1,3.491211175918579,-0.5083656907081604,0.9920345544815063,3.6060194969177246,3.3764028549194336,-0.840379536151886,-0.17635184526443481,1.0845342874526978,0.8995348811149597
2026-06-13T12:09:36.680526,428,1,1682.3705708195894,0,1.1790523529052734,1.1903220415115356,1.302541732788086,0.19823114573955536,0.19823116064071655,0.021778512001037642,0.7782214879989624,0.8,0.5962164402008057,0.7501115202903748,0.17138701677322388,0.1930103898048401,0.07537060230970383,0,0.7782214879989624,1,1,0,-0.011827588081359863,1,3.448852300643921,-0.5384650230407715,0.9886478185653687,3.608042001724243,3.2896625995635986,-0.8786044716835022,-0.198325514793396,1.090485692024231,0.8868100047111511
2026-06-13T12:09:39.571716,429,1,1760.6386519513499,0,1.1722856760025024,1.1837067604064941,1.2978863716125488,0.19986310601234436,0.19986321032047272,0.03027908802032475,0.7697209119796753,0.8,0.6016002893447876,0.7271825671195984,0.16991908848285675,0.21558430790901184,0.08267568051815033,0,0.7697209119796753,1,1,0,-0.011904001235961914,1,3.4427504539489746,-0.535525381565094,0.9882525205612183,3.606696844100952,3.278803825378418,-0.8707407712936401,-0.20031002163887024,1.0824319124221802,0.8940731287002563
2026-06-13T12:09:42.461557,430,1,1580.7523474747322,0,1.1853094100952148,1.1978899240493774,1.3001099824905396,0.2010737955570221,0.20107385516166687,0.05401657819747929,0.7459834218025208,0.8,0.5983606576919556,0.7425159215927124,0.13729830086231232,0.1445988118648529,0.08976039290428162,0,0.7459834218025208,1,1,0,-0.011786580085754395,1,3.4482855796813965,-0.5531431436538696,0.9905902147293091,3.6064088344573975,3.2901625633239746,-0.876508355140686,-0.229777991771698,1.08833909034729,0.8928412795066833
2026-06-13T12:09:45.189416,431,1,1376.462013908118,0,1.1782382726669312,1.1927673816680908,1.2994304895401,0.21406926214694977,0.21406927704811096,0.060514736175537154,0.7394852638244629,0.8,0.5875012874603271,0.7400393486022949,0.15174192190170288,0.20542770624160767,0.0799005776643753,0,0.7394852638244629,1,1,0,-0.011528491973876953,1,3.437842607498169,-0.5577284097671509,0.9917939901351929,3.607628107070923,3.268057107925415,-0.8713333606719971,-0.2441234290599823,1.0894384384155273,0.8941496014595032
2026-06-13T12:09:47.437908,432,1,1397.6891617621382,0,1.1933927536010742,1.205963134765625,1.3047666549682617,0.19980794191360474,0.1998080164194107,0.05876677036285405,0.741233229637146,0.8,0.5925388932228088,0.7413938641548157,0.12230141460895538,0.21994251012802124,0.07966486364603043,0,0.741233229637146,1,1,0,-0.011591792106628418,1,3.446070671081543,-0.5743449926376343,0.9928923845291138,3.6035611629486084,3.2885799407958984,-0.8961368203163147,-0.25255313515663147,1.0877786874771118,0.8980061411857605
2026-06-13T12:09:49.767843,433,1,1675.373535569879,0,1.2050766944885254,1.2175686359405518,1.3061752319335938,0.19522935152053833,0.19522936642169952,0.06897424459457402,0.731025755405426,0.8,0.5827366709709167,0.7270471453666687,0.1584312617778778,0.2440832555294037,0.07808363437652588,0,0.731025755405426,1,1,0,-0.011334896087646484,1,3.4536969661712646,-0.5846483111381531,0.9890780448913574,3.6018481254577637,3.3055458068847656,-0.9040047526359558,-0.26529186964035034,1.087375283241272,0.8907808065414429
2026-06-13T12:09:52.357720,434,1,1497.3224325198476,0,1.2070105075836182,1.2170580625534058,1.307470679283142,0.18036124110221863,0.18036136031150818,0.05343132019042973,0.7465686798095703,0.8,0.577167272567749,0.7355408072471619,0.15455162525177002,0.22786667943000793,0.07280132919549942,0,0.7465686798095703,1,1,0,-0.011439323425292969,1,3.469843864440918,-0.5587924122810364,0.9922665357589722,3.608109712600708,3.331578254699707,-0.8923062086105347,-0.22527864575386047,1.0870945453643799,0.8974385857582092
2026-06-13T12:09:55.255885,435,1,1684.8513064952917,0,1.2230459451675415,1.2339167594909668,1.3136993646621704,0.181863933801651,0.18186403810977936,0.08250235319137578,0.7174976468086243,0.8,0.5560042858123779,0.6894627213478088,0.18250828981399536,0.21177434921264648,0.0819491446018219,0,0.7174976468086243,1,1,0,-0.010923385620117188,1,3.4673476219177246,-0.5969928503036499,0.985499918460846,3.605760097503662,3.328934907913208,-0.916525661945343,-0.27746009826660156,1.0717638731002808,0.8992359638214111
2026-06-13T12:09:58.951117,436,1,2666.9156924829067,0,1.224910855293274,1.233008623123169,1.325182318687439,0.16852271556854248,0.16852273046970367,0.018607902526855513,0.7813920974731445,0.8,0.5892525911331177,0.7257875204086304,0.16506722569465637,0.2666267156600952,0.08625949919223785,0,0.7813920974731445,1,1,0,-0.011673450469970703,1,3.470402479171753,-0.5955148339271545,0.9972996711730957,3.6016862392425537,3.339118719100952,-0.950819194316864,-0.24021047353744507,1.0930429697036743,0.9015563726425171
2026-06-13T12:10:02.080378,437,1,1981.6745382268996,0,1.2132999897003174,1.221995234489441,1.3285027742385864,0.18033072352409363,0.18033075332641602,0.003674435615539595,0.7963255643844604,0.8,0.5827856063842773,0.722617506980896,0.15558958053588867,0.1889788955450058,0.09506621956825256,0,0.7963255643844604,1,1,0,-0.011438846588134766,1,3.4556193351745605,-0.5981320142745972,1.0017552375793457,3.6028263568878174,3.3084123134613037,-0.9556500911712646,-0.24061398208141327,1.0968581438064575,0.9066524505615234
2026-06-13T12:10:05.184068,438,1,1838.4765354651636,0,1.2281553745269775,1.2370293140411377,1.3345924615859985,0.17718496918678284,0.17718496918678284,0.020752000808715865,0.7792479991912842,0.8,0.5841132998466492,0.7112951278686523,0.16571593284606934,0.2285420149564743,0.08719343692064285,0,0.7792479991912842,1,1,0,-0.01124727725982666,1,3.4577090740203857,-0.6241352558135986,0.9914877414703369,3.6017415523529053,3.313676595687866,-0.9746506810188293,-0.27361980080604553,1.082044005393982,0.9009314775466919
2026-06-13T12:10:08.197423,439,1,1329.2443716780408,0,1.2137045860290527,1.2245184183120728,1.3527275323867798,0.20689164102077484,0.2068917453289032,0.023708474636077836,0.8237084746360779,0.8,0.594454288482666,0.7329386472702026,0.15280601382255554,0.13037841022014618,0.08357010781764984,0,0.8237084746360779,1,1,0,-0.011536359786987305,1,3.425018310546875,-0.6498458385467529,0.9891976714134216,3.6054489612579346,3.2445878982543945,-1.0083705186843872,-0.2913210988044739,1.081549048423767,0.8968462944030762
2026-06-13T12:10:10.604700,440,1,1211.0754570262816,0,1.1957560777664185,1.2062649726867676,1.35136079788208,0.21516454219818115,0.21516457200050354,0.04701997041702266,0.8470199704170227,0.8,0.5577620267868042,0.6764737963676453,0.14806821942329407,0.2602364122867584,0.08438998460769653,0,0.8470199704170227,1,1,0,-0.010807037353515625,1,3.4092016220092773,-0.6412450671195984,0.9877728223800659,3.605023145675659,3.2133800983428955,-1.0075762271881104,-0.2749139070510864,1.070332646369934,0.9052130579948425
2026-06-13T12:10:13.107192,441,1,1612.1913478005708,0,1.2130271196365356,1.2196298837661743,1.367362141609192,0.19464713335037231,0.19464725255966187,0.08493657112121578,0.8849365711212158,0.8,0.576917290687561,0.6778730154037476,0.12057238817214966,0.20182770490646362,0.09560959786176682,0,0.8849365711212158,1,1,0,-0.011201262474060059,1,3.4223995208740234,-0.6525560617446899,0.982545018196106,3.601609706878662,3.2431890964508057,-1.0499193668365479,-0.25519269704818726,1.0584675073623657,0.9066225290298462
2026-06-13T12:10:15.555357,442,1,1691.6780731014182,0,1.2082054615020752,1.214717149734497,1.3525023460388184,0.18644656240940094,0.18644657731056213,0.06374950408935542,0.8637495040893555,0.8,0.5560685396194458,0.6756396889686584,0.13063150644302368,0.1944195032119751,0.08036166429519653,0,0.8637495040893555,1,1,0,-0.010882139205932617,1,3.430140495300293,-0.6311114430427551,0.9835894107818604,3.60013747215271,3.260143518447876,-1.0208033323287964,-0.24141959846019745,1.059464931488037,0.9077139496803284
2026-06-13T12:10:18.229731,443,1,1355.2658937776837,0,1.21836519241333,1.2249313592910767,1.369383454322815,0.19211751222610474,0.1921176314353943,0.08308161497116084,0.8830816149711609,0.8,0.5270540714263916,0.6843103766441345,0.15895795822143555,0.18255189061164856,0.07691855728626251,0,0.8830816149711609,1,1,0,-0.010227560997009277,1,3.427565097808838,-0.6539983749389648,0.9715361595153809,3.603454113006592,3.251676321029663,-1.0515598058700562,-0.25643694400787354,1.0487779378890991,0.8942944407463074
2026-06-13T12:10:21.010692,444,1,806.811849621799,0,1.236757755279541,1.2449932098388672,1.3788772821426392,0.19586551189422607,0.19586552679538727,0.06005860567092891,0.860058605670929,0.8,0.561115562915802,0.6862906813621521,0.13985231518745422,0.24023914337158203,0.07992593944072723,0,0.860058605670929,1,1,0,-0.01069498062133789,1,3.4244067668914795,-0.6923614144325256,0.9717816710472107,3.600773811340332,3.248039722442627,-1.0755637884140015,-0.3091590404510498,1.0553029775619507,0.8882603645324707
2026-06-13T12:10:23.878266,445,1,1627.051421805168,0,1.2631409168243408,1.270443081855774,1.3839672803878784,0.17716723680496216,0.17716734111309052,0.017474365234374956,0.817474365234375,0.8,0.5285506248474121,0.6768983602523804,0.14137303829193115,0.19015449285507202,0.08911336213350296,0,0.817474365234375,1,1,0,-0.010050058364868164,1,3.447171211242676,-0.7055239677429199,0.9654532670974731,3.6076483726501465,3.286694288253784,-1.075121283531189,-0.3359266519546509,1.0340901613235474,0.8968163728713989
2026-06-13T12:10:26.676389,446,1,1109.526802971579,0,1.244974970817566,1.2534070014953613,1.3736450672149658,0.1884772777557373,0.1884772926568985,0.01573468446731563,0.8157346844673157,0.8,0.5600903034210205,0.6795456409454346,0.11329016089439392,0.1366507112979889,0.0757388174533844,0,0.8157346844673157,1,1,0,-0.010840892791748047,1,3.4270825386047363,-0.7031497359275818,0.9746053218841553,3.600372314453125,3.2537927627563477,-1.0666898488998413,-0.3396095931529999,1.0391422510147095,0.9100684523582458
2026-06-13T12:10:29.049069,447,1,1035.098601611664,0,1.248626947402954,1.256183385848999,1.3847179412841797,0.18827728927135468,0.18827740848064423,0.047396612167358354,0.8473966121673584,0.8,0.540010392665863,0.684442400932312,0.1058892235159874,0.23145383596420288,0.08001091331243515,0,0.8473966121673584,1,1,0,-0.010414600372314453,1,3.4272470474243164,-0.7092103958129883,0.9707821607589722,3.6002116203308105,3.2542827129364014,-1.089300274848938,-0.3291204869747162,1.0424426794052124,0.8991217017173767
2026-06-13T12:10:31.246409,448,1,2514.8403015163635,0,1.2958369255065918,1.3022291660308838,1.390333890914917,0.1561090648174286,0.1561090648174286,0.010641801357269332,0.7893581986427307,0.8,0.5488997101783752,0.699862003326416,0.11835161596536636,0.3141648769378662,0.07976223528385162,0,0.7893581986427307,1,1,0,-0.010638833045959473,1,3.466292381286621,-0.735920786857605,0.9748064279556274,3.6002588272094727,3.3323259353637695,-1.100172758102417,-0.37166887521743774,1.046535849571228,0.9030770659446716
2026-06-13T12:10:33.788422,449,1,841.141192176764,0,1.2543326616287231,1.2631027698516846,1.407651662826538,0.20729956030845642,0.20729966461658478,0.07155342102050777,0.8715534210205078,0.8,0.5473964214324951,0.6832475066184998,0.12623727321624756,0.33050379157066345,0.06634163856506348,0,0.8715534210205078,1,1,0,-0.010707855224609375,1,3.4089226722717285,-0.7447704076766968,0.9727489948272705,3.603806495666504,3.214038610458374,-1.128430724143982,-0.36111006140708923,1.0414975881576538,0.9040004014968872
2026-06-13T12:10:36.437490,450,1,1229.5298923972514,0,1.2717704772949219,1.279890775680542,1.3998372554779053,0.18736952543258667,0.18736964464187622,0.025128555297851518,0.8251285552978516,0.8,0.5237373113632202,0.6717501878738403,0.11446834355592728,0.15655577182769775,0.06467877328395844,0,0.8251285552978516,1,1,0,-0.009977936744689941,1,3.42995023727417,-0.7453595399856567,0.9677200317382812,3.603513240814209,3.25638747215271,-1.1142369508743286,-0.3764820694923401,1.0310813188552856,0.9043587446212769
2026-06-13T12:10:39.355825,451,1,1021.4985582799063,0,1.2845784425735474,1.2944527864456177,1.407945156097412,0.19582290947437286,0.19582290947437286,0.005630683898925737,0.8056306838989258,0.8,0.5488427877426147,0.6919394731521606,0.09283992648124695,0.19650986790657043,0.08379456400871277,0,0.8056306838989258,1,1,0,-0.010296940803527832,1,3.4245693683624268,-0.7743899822235107,0.9731724262237549,3.6037487983703613,3.245389938354492,-1.129281997680664,-0.4194980263710022,1.0380308628082275,0.908314049243927
2026-06-13T12:10:42.198906,452,1,904.2756386829478,0,1.287544846534729,1.2977337837219238,1.39859139919281,0.1910833716392517,0.19108346104621887,0.019669938087463423,0.7803300619125366,0.8,0.5376204252243042,0.6738684773445129,0.11449702084064484,0.28743648529052734,0.07243285328149796,0,0.7803300619125366,1,1,0,-0.010244131088256836,1,3.4325180053710938,-0.7686620950698853,0.9710646867752075,3.602390766143799,3.2626454830169678,-1.113306999206543,-0.4240172505378723,1.0388286113739014,0.9033007025718689
2026-06-13T12:10:44.941084,453,1,881.2773039052113,0,1.2767657041549683,1.2872732877731323,1.4054605960845947,0.20226287841796875,0.20226287841796875,0.01282556056976314,0.8128255605697632,0.8,0.513837456703186,0.65901780128479,0.10799925029277802,0.13412059843540192,0.08315722644329071,0,0.8128255605697632,1,1,0,-0.009788870811462402,1,3.421624183654785,-0.765354335308075,0.9745533466339111,3.6057727336883545,3.237475633621216,-1.1206806898117065,-0.41002798080444336,1.0452911853790283,0.9038154482841492
2026-06-13T12:10:47.923573,454,1,743.8080149929506,0,1.267338752746582,1.2761650085449219,1.417341947555542,0.20586609840393066,0.20586620271205902,0.06308503150939937,0.8630850315093994,0.8,0.5515172481536865,0.673254668712616,0.1175617128610611,0.19570088386535645,0.08480440080165863,0,0.8630850315093994,1,1,0,-0.010341167449951172,1,3.4054059982299805,-0.7708568572998047,0.9670425653457642,3.6019747257232666,3.2088370323181152,-1.1506669521331787,-0.3910467028617859,1.0247825384140015,0.9093025922775269
2026-06-13T12:10:50.737902,455,1,456.93816091906865,0,1.2855124473571777,1.301034927368164,1.4015558958053589,0.224173903465271,0.22417400777339935,0.04220246076583867,0.7577975392341614,0.8,0.5463749766349792,0.6938254237174988,0.13677740097045898,0.33086922764778137,0.08600407838821411,0,0.7577975392341614,1,1,0,-0.010202527046203613,1,3.4088263511657715,-0.7962660193443298,0.9722107648849487,3.6060869693756104,3.2115659713745117,-1.1129039525985718,-0.4796280562877655,1.0384904146194458,0.9059310555458069
2026-06-13T12:10:53.497719,456,1,921.2224497546877,0,1.2959696054458618,1.3079890012741089,1.4085025787353516,0.2034723311662674,0.20347242057323456,0.02465080022811894,0.7753491997718811,0.8,0.5512384176254272,0.7121447920799255,0.13688379526138306,0.1727774441242218,0.0642443373799324,0,0.7753491997718811,1,1,0,-0.010500311851501465,1,3.421529769897461,-0.7968544363975525,0.9677894115447998,3.602219820022583,3.2408394813537598,-1.1329677104949951,-0.4607411324977875,1.0361307859420776,0.8994480967521667
2026-06-13T12:10:56.943659,457,1,1075.4095194618958,0,1.323236346244812,1.3317019939422607,1.415527105331421,0.17176330089569092,0.17176340520381927,0.036270427703857466,0.7637295722961426,0.8,0.5176982283592224,0.6596495509147644,0.12917613983154297,0.29315975308418274,0.08250188827514648,0,0.7637295722961426,1,1,0,-0.009898066520690918,1,3.4543046951293945,-0.7990471124649048,0.9696700572967529,3.6034488677978516,3.3051602840423584,-1.1444447040557861,-0.45364949107170105,1.0350703001022339,0.904269814491272
2026-06-13T12:11:00.034267,458,1,1823.6652691339482,0,1.3404486179351807,1.3503429889678955,1.4197677373886108,0.17732247710227966,0.17732249200344086,0.07699255943298344,0.7230074405670166,0.8,0.5479974150657654,0.665955662727356,0.11555804312229156,0.245201975107193,0.07907155156135559,0,0.7230074405670166,1,1,0,-0.010501980781555176,1,3.4498841762542725,-0.8331581354141235,0.9801652431488037,3.6004812717437744,3.2992870807647705,-1.1572102308273315,-0.5091060400009155,1.0348981618881226,0.9254322648048401
2026-06-13T12:11:02.827660,459,1,753.5229842036983,0,1.3166587352752686,1.330690860748291,1.4045164585113525,0.2063925862312317,0.20639267563819885,0.08576946258544926,0.7142305374145508,0.8,0.5731320381164551,0.7239390015602112,0.12373732775449753,0.23471081256866455,0.09146468341350555,0,0.7142305374145508,1,1,0,-0.010737419128417969,1,3.431278705596924,-0.8181149959564209,0.9727512001991272,3.6027286052703857,3.259829044342041,-1.1242817640304565,-0.5119482278823853,1.0390701293945312,0.9064322710037231
2026-06-13T12:11:04.901120,460,1,1076.433053827373,0,1.3739551305770874,1.3838016986846924,1.436517596244812,0.1730138659477234,0.1730138659477234,0.0996677160263062,0.7003322839736938,0.8,0.5225305557250977,0.677121102809906,0.12144603580236435,0.2854084372520447,0.07758387923240662,0,0.7003322839736938,1,1,0,-0.00990307331085205,1,3.4691014289855957,-0.8626849055290222,0.976556122303009,3.606611967086792,3.3315908908843994,-1.1785380840301514,-0.5468317270278931,1.03935706615448,0.9137551784515381
2026-06-13T12:11:06.966721,461,1,2492.426465247177,0,1.3767554759979248,1.3819363117218018,1.4543110132217407,0.13974976539611816,0.13974976539611816,0.01850770711898808,0.781492292881012,0.8,0.5318682193756104,0.7111651301383972,0.1449003368616104,0.29002928733825684,0.06570348143577576,0,0.781492292881012,1,1,0,-0.010107159614562988,1,3.4861886501312256,-0.8453931212425232,0.9690052270889282,3.606194496154785,3.366182804107666,-1.2118338346481323,-0.4789523780345917,1.0322694778442383,0.9057409763336182
2026-06-13T12:11:08.979617,462,1,2287.2174678871966,0,1.4210442304611206,1.4275922775268555,1.4492520093917847,0.1382814198732376,0.13828150928020477,0.12875275611877446,0.6712472438812256,0.8,0.5252745151519775,0.6786539554595947,0.10254433751106262,0.2403641939163208,0.06749406456947327,0,0.6712472438812256,1,1,0,-0.010098457336425781,1,3.510104179382324,-0.8869677782058716,0.9820005893707275,3.6052653789520264,3.414943218231201,-1.2038695812225342,-0.5700659155845642,1.0382217168807983,0.9257794618606567
2026-06-13T12:11:11.061301,463,1,1377.7346456844107,0,1.390581488609314,1.3996667861938477,1.4574848413467407,0.16938993334770203,0.1693900227546692,0.07825039625167851,0.7217496037483215,0.8,0.5367922782897949,0.682881236076355,0.12543681263923645,0.3062117099761963,0.08411475270986557,0,0.7217496037483215,1,1,0,-0.010153412818908691,1,3.466982364654541,-0.891211986541748,0.9682692289352417,3.605769634246826,3.328195333480835,-1.2181340456008911,-0.5642898678779602,1.0322277545928955,0.9043106436729431
2026-06-13T12:11:13.187250,464,1,2299.61813033122,0,1.3989927768707275,1.407308578491211,1.4624319076538086,0.16240331530570984,0.16240333020687103,0.08100389242172246,0.7189961075782776,0.8,0.5432535409927368,0.7143629193305969,0.11511731147766113,0.1475173532962799,0.09041833877563477,0,0.7189961075782776,1,1,0,-0.010278940200805664,1,3.4741456508636475,-0.8958581686019897,0.971185564994812,3.607516050338745,3.34077525138855,-1.224438190460205,-0.5672782063484192,1.03023099899292,0.9121401906013489
2026-06-13T12:11:15.595086,465,1,1300.163535673687,0,1.367503046989441,1.376487374305725,1.4430192708969116,0.17052793502807617,0.17052803933620453,0.07503669261932377,0.7249633073806763,0.8,0.5680222511291504,0.7133963108062744,0.12744449079036713,0.2492341697216034,0.08278807997703552,0,0.7249633073806763,1,1,0,-0.010732889175415039,1,3.452354907989502,-0.8730533123016357,0.9802073240280151,3.6000561714172363,3.3046534061431885,-1.2009447813034058,-0.5451618432998657,1.0256434679031372,0.9347712397575378
2026-06-13T12:11:17.878087,466,1,498.08988192444303,0,1.3757705688476562,1.3889708518981934,1.4504212141036987,0.20067769289016724,0.20067769289016724,0.0971591949462891,0.7028408050537109,0.8,0.5325803756713867,0.6694655418395996,0.08933962881565094,0.24013584852218628,0.0820198580622673,0,0.7028408050537109,1,1,0,-0.009922504425048828,1,3.4349029064178467,-0.9060768485069275,0.9726929068565369,3.6028127670288086,3.2669930458068848,-1.2101078033447266,-0.6020458936691284,1.0262442827224731,0.9191415309906006
2026-06-13T12:11:20.560445,467,1,1176.9243268892874,0,1.4158084392547607,1.4249213933944702,1.4584860801696777,0.1643599569797516,0.1643599569797516,0.12775944471359257,0.6722405552864075,0.8,0.5335520505905151,0.6900519132614136,0.11248461157083511,0.197247713804245,0.07440155744552612,0,0.6722405552864075,1,1,0,-0.010257124900817871,1,3.4758689403533936,-0.9201909899711609,0.9836244583129883,3.6003072261810303,3.351430654525757,-1.2276443243026733,-0.6127376556396484,1.0380709171295166,0.9291780591011047
2026-06-13T12:11:22.877369,468,1,2297.5053592778895,0,1.4021211862564087,1.410040259361267,1.4380114078521729,0.15183058381080627,0.15183070302009583,0.1406571745872498,0.6593428254127502,0.8,0.5453586578369141,0.6834500432014465,0.12131661176681519,0.3590754270553589,0.08147581666707993,0,0.6593428254127502,1,1,0,-0.010560274124145508,1,3.496537685394287,-0.8737757205963135,0.9919410943984985,3.606928825378418,3.386146306991577,-1.1808141469955444,-0.5667373538017273,1.0391050577163696,0.9447771310806274
2026-06-13T12:11:24.903231,469,1,454.0971211428068,0,1.3927549123764038,1.4042463302612305,1.4317879676818848,0.18138334155082703,0.18138337135314941,0.16197221279144292,0.6380277872085571,0.8,0.5413200855255127,0.7003654837608337,0.129167377948761,0.24962535500526428,0.08974162489175797,0,0.6380277872085571,1,1,0,-0.010306000709533691,1,3.4737303256988525,-0.8867167234420776,0.975439190864563,3.605008363723755,3.34245228767395,-1.1728041172027588,-0.6006292700767517,1.027303695678711,0.9235747456550598
2026-06-13T12:11:26.772108,470,1,1015.4140082435138,0,1.3518648147583008,1.3619964122772217,1.4227783679962158,0.1766068935394287,0.1766069084405899,0.09336804151535039,0.7066319584846497,0.8,0.5465251207351685,0.6904134750366211,0.1432262361049652,0.277008056640625,0.07145518809556961,0,0.7066319584846497,1,1,0,-0.010415315628051758,1,3.4614198207855225,-0.8367928266525269,0.9734575748443604,3.6062512397766113,3.3165884017944336,-1.1538455486297607,-0.519740104675293,1.0311949253082275,0.9157201647758484
2026-06-13T12:11:29.024199,471,1,591.1910977661751,0,1.340850591659546,1.3556327819824219,1.415781021118164,0.2085123062133789,0.20851241052150726,0.11356692314147954,0.6864330768585205,0.8,0.5441979765892029,0.71568363904953,0.12762296199798584,0.2854534983634949,0.07107964158058167,0,0.6864330768585205,1,1,0,-0.01035773754119873,1,3.437734603881836,-0.8486475348472595,0.9719870090484619,3.6055662631988525,3.2699031829833984,-1.1415477991104126,-0.5557472705841064,1.0339515209197998,0.910022497177124
2026-06-13T12:11:31.330301,472,1,700.4648445263356,0,1.3563083410263062,1.370311975479126,1.4331947565078735,0.20527151226997375,0.20527157187461853,0.09999381303787236,0.7000061869621277,0.8,0.54588782787323,0.6956053972244263,0.131393700838089,0.1934317797422409,0.08633852750062943,0,0.7000061869621277,1,1,0,-0.010573625564575195,1,3.4402074813842773,-0.8700885772705078,0.9779403209686279,3.607680320739746,3.2727348804473877,-1.1705458164215088,-0.5696313977241516,1.0425971746444702,0.9132834076881409
2026-06-13T12:11:33.559491,473,1,498.8688999034375,0,1.342320203781128,1.3604438304901123,1.411001205444336,0.22702360153198242,0.22702370584011078,0.14268480539321904,0.657315194606781,0.8,0.5684857964515686,0.6822295188903809,0.10795819759368896,0.2549719512462616,0.09259817004203796,0,0.657315194606781,1,1,0,-0.010790586471557617,1,3.4274158477783203,-0.8634960055351257,0.9752005338668823,3.604532241821289,3.2502996921539307,-1.1340911388397217,-0.5929008722305298,1.033714771270752,0.9166863560676575
2026-06-13T12:11:35.586396,474,1,789.1690742229425,0,1.3676872253417969,1.3807196617126465,1.4214022159576416,0.19358107447624207,0.19358108937740326,0.14760218858718877,0.6523978114128113,0.8,0.5692500472068787,0.6964524388313293,0.12334245443344116,0.2324923425912857,0.07606296986341476,0,0.6523978114128113,1,1,0,-0.010866641998291016,1,3.459367275238037,-0.8648701906204224,0.9824185967445374,3.606226682662964,3.3125078678131104,-1.1510353088378906,-0.5787050724029541,1.0367101430892944,0.9281270503997803
2026-06-13T12:11:37.646055,475,1,507.8388023038833,0,1.3220551013946533,1.3389620780944824,1.4051212072372437,0.22218677401542664,0.222186878323555,0.11272673606872563,0.6872732639312744,0.8,0.5423346757888794,0.670978307723999,0.11536036431789398,0.23285040259361267,0.07674724608659744,0,0.6872732639312744,1,1,0,-0.010337114334106445,1,3.4172186851501465,-0.8441019654273987,0.9757518768310547,3.600257635116577,3.2341794967651367,-1.1300009489059448,-0.5582029819488525,1.0290868282318115,0.9224169254302979
2026-06-13T12:11:39.770270,476,1,319.41406116457074,0,1.3092052936553955,1.3304901123046875,1.3939080238342285,0.24537168443202972,0.2453717142343521,0.1303545713424683,0.6696454286575317,0.8,0.5511133670806885,0.6834738254547119,0.14711067080497742,0.1653282344341278,0.09494069963693619,0,0.6696454286575317,1,1,0,-0.01051795482635498,1,3.409595012664795,-0.8333801031112671,0.9853597283363342,3.605574131011963,3.213615894317627,-1.098253846168518,-0.5685064196586609,1.0448604822158813,0.9258589744567871
2026-06-13T12:11:41.853824,477,1,-109.90728607003484,0,1.3247756958007812,1.3465335369110107,1.397769570350647,0.24646979570388794,0.24646982550621033,0.15103052854537968,0.6489694714546204,0.8,0.539476215839386,0.6772719025611877,0.10032308101654053,0.28569239377975464,0.08707451075315475,0,0.6489694714546204,1,1,0,-0.01044321060180664,1,3.4188904762268066,-0.8464360237121582,0.9790493249893188,3.6078319549560547,3.2299489974975586,-1.1021147966384888,-0.5907573103904724,1.0440096855163574,0.9140889048576355
2026-06-13T12:11:44.033489,478,1,378.146811939082,0,1.317186713218689,1.3346656560897827,1.415158987045288,0.22984981536865234,0.2298499494791031,0.08092402219772343,0.7190759778022766,0.8,0.5252467393875122,0.6385422348976135,0.11691166460514069,0.21937762200832367,0.08062384277582169,0,0.7190759778022766,1,1,0,-0.009921669960021973,1,3.4056663513183594,-0.8505393266677856,0.9858925938606262,3.6016650199890137,3.209667444229126,-1.1460851430892944,-0.5549935698509216,1.0450934171676636,0.9266917705535889
2026-06-13T12:11:46.100646,479,1,342.6538650981656,0,1.3211852312088013,1.3387669324874878,1.4095351696014404,0.2275404930114746,0.22754059731960297,0.10377554893493657,0.6962244510650635,0.8,0.5402323007583618,0.6916191577911377,0.1269359141588211,0.23792105913162231,0.07459766417741776,0,0.6962244510650635,1,1,0,-0.010354280471801758,1,3.4211721420288086,-0.838265597820282,0.9930077195167542,3.607355833053589,3.234988212585449,-1.1250249147415161,-0.5515062808990479,1.0584814548492432,0.9275339841842651
2026-06-13T12:11:48.029131,480,1,455.07516700694896,0,1.314652681350708,1.333137035369873,1.4046988487243652,0.23251502215862274,0.2325151264667511,0.10596178770065312,0.6940382122993469,0.8,0.518885612487793,0.6414273381233215,0.12812846899032593,0.15021604299545288,0.07753036171197891,0,0.6940382122993469,1,1,0,-0.010057568550109863,1,3.4156908988952637,-0.8345332741737366,0.9845644235610962,3.6067376136779785,3.224644422531128,-1.11748206615448,-0.5515844821929932,1.0467209815979004,0.9224078059196472
2026-06-13T12:11:50.313058,481,1,608.4461882701489,0,1.3209789991378784,1.3386569023132324,1.4013715982437134,0.2257213294506073,0.2257213443517685,0.12274729013442998,0.6772527098655701,0.8,0.5385217666625977,0.6791650056838989,0.1259136199951172,0.2766501307487488,0.06946087628602982,0,0.6772527098655701,1,1,0,-0.010515451431274414,1,3.4203906059265137,-0.8388539552688599,0.9893835783004761,3.6022145748138428,3.2385666370391846,-1.11850106716156,-0.5592068433761597,1.0477389097213745,0.9310281872749329
2026-06-13T12:11:52.554635,482,1,912.0196580511351,0,1.3470207452774048,1.3604657649993896,1.4045591354370117,0.19582241773605347,0.19582249224185944,0.1468040227890015,0.6531959772109985,0.8,0.5511677265167236,0.6697592735290527,0.12892162799835205,0.17875215411186218,0.09254242479801178,0,0.6531959772109985,1,1,0,-0.010651588439941406,1,3.4522781372070312,-0.8408937454223633,0.9914321899414062,3.6013107299804688,3.303245782852173,-1.1262935400009155,-0.555493950843811,1.0462275743484497,0.936636745929718
2026-06-13T12:11:54.981182,483,1,1056.8822559470564,0,1.3510271310806274,1.3617277145385742,1.425969123840332,0.18208451569080353,0.18208461999893188,0.09178911447525029,0.7082108855247498,0.8,0.5522002577781677,0.6703177690505981,0.13859187066555023,0.2752351760864258,0.08031278848648071,0,0.7082108855247498,1,1,0,-0.010616779327392578,1,3.4503774642944336,-0.8496946096420288,0.9991521835327148,3.602226495742798,3.2985286712646484,-1.1649894714355469,-0.5343997478485107,1.053205132484436,0.9450992941856384
2026-06-13T12:11:57.961235,484,1,939.8444298018308,0,1.3397941589355469,1.3533132076263428,1.4138063192367554,0.20016852021217346,0.20016860961914062,0.11083220243453984,0.6891677975654602,0.8,0.5297939777374268,0.6647742390632629,0.14378488063812256,0.25825822353363037,0.08378003537654877,0,0.6891677975654602,1,1,0,-0.010214447975158691,1,3.4435582160949707,-0.8401345014572144,0.9855508804321289,3.604701519012451,3.2824151515960693,-1.1384727954864502,-0.5417962074279785,1.0469121932983398,0.9241896271705627
2026-06-13T12:12:00.742658,485,1,1760.0409584996523,0,1.3484666347503662,1.3607089519500732,1.4107861518859863,0.18887609243392944,0.18887609243392944,0.13117699623107915,0.6688230037689209,0.8,0.5437581539154053,0.6789938807487488,0.13484084606170654,0.14043115079402924,0.0887230783700943,0,0.6688230037689209,1,1,0,-0.010692715644836426,1,3.458367347717285,-0.8355959057807922,0.9991966485977173,3.6055359840393066,3.3111987113952637,-1.1307920217514038,-0.5403997898101807,1.0542576313018799,0.9441356658935547
2026-06-13T12:12:02.683522,486,1,427.6425642199738,0,1.336034893989563,1.3517357110977173,1.4248522520065308,0.21805070340633392,0.21805070340633392,0.08520256280899052,0.7147974371910095,0.8,0.5619739294052124,0.7009788155555725,0.1170194000005722,0.19521459937095642,0.07617081701755524,0,0.7147974371910095,1,1,0,-0.010825037956237793,1,3.4196078777313232,-0.8632279634475708,0.984938383102417,3.601978063583374,3.2372376918792725,-1.1634626388549805,-0.5629932880401611,1.0507723093032837,0.9191044569015503
2026-06-13T12:12:04.796085,487,1,557.7634581159182,0,1.3279855251312256,1.3412773609161377,1.422799825668335,0.20524471998214722,0.20524480938911438,0.06541429758071904,0.734585702419281,0.8,0.5383633971214294,0.6546900272369385,0.11492253839969635,0.1766858696937561,0.06566011905670166,0,0.734585702419281,1,1,0,-0.010437726974487305,1,3.4273428916931152,-0.8411723375320435,0.9767305254936218,3.6039843559265137,3.2507011890411377,-1.157145619392395,-0.5251989960670471,1.0388808250427246,0.914580225944519
2026-06-13T12:12:06.461589,488,1,964.9589843694689,0,1.3163163661956787,1.330101728439331,1.4107664823532104,0.20733699202537537,0.20733711123466492,0.07370464801788335,0.7262953519821167,0.8,0.5608173608779907,0.6835869550704956,0.14750869572162628,0.1732402741909027,0.09870799630880356,0,0.7262953519821167,1,1,0,-0.010972857475280762,1,3.426359176635742,-0.8239535093307495,0.9805930852890015,3.6034128665924072,3.249305248260498,-1.1350630521774292,-0.5128440260887146,1.041740894317627,0.919445276260376
2026-06-13T12:12:08.440833,489,1,477.0387737615538,0,1.3489824533462524,1.3619065284729004,1.435528039932251,0.2011365294456482,0.2011365443468094,0.07406746149063115,0.7259325385093689,0.8,0.5622105002403259,0.7034590244293213,0.10756879299879074,0.3886570930480957,0.07414469122886658,0,0.7259325385093689,1,1,0,-0.01080620288848877,1,3.429675579071045,-0.8713841438293457,0.9854500889778137,3.6006147861480713,3.2587363719940186,-1.1854948997497559,-0.5572733879089355,1.0475687980651855,0.9233313798904419
2026-06-13T12:12:10.523773,490,1,424.10613223990094,0,1.3387113809585571,1.3545515537261963,1.433326244354248,0.22105993330478668,0.22106002271175385,0.06939094066619877,0.7306090593338013,0.8,0.5514296293258667,0.6611893773078918,0.11981670558452606,0.2667292058467865,0.07002447545528412,0,0.7306090593338013,1,1,0,-0.010544300079345703,1,3.4141106605529785,-0.8738327026367188,0.9879812002182007,3.6013946533203125,3.2268264293670654,-1.1795575618743896,-0.5681077837944031,1.0580123662948608,0.9179500341415405
2026-06-13T12:12:12.299220,491,1,598.7202599776597,0,1.3601787090301514,1.3734239339828491,1.4338151216506958,0.19963538646697998,0.19963547587394714,0.10514156818389897,0.6948584318161011,0.8,0.5657609701156616,0.69576096534729,0.14015336334705353,0.14150592684745789,0.07857552170753479,0,0.6948584318161011,1,1,0,-0.010877490043640137,1,3.43961238861084,-0.8769854307174683,0.9862560033798218,3.603597640991211,3.275627374649048,-1.1780513525009155,-0.5759194493293762,1.0426050424575806,0.9299069046974182
2026-06-13T12:12:57.787524,1,1,1685.1055985948847,0,2.3358731269836426,2.3369226455688477,2.4831554889678955,0.1621364802122116,0.1621364951133728,0.004091131687164351,0.7959088683128357,0.8,0.09370791912078857,0.11052543669939041,0.04141736030578613,0.06634287536144257,0.018256351351737976,0,0.7959088683128357,0,0,0,-0.00013446807861328125,1,0.1813163459300995,0.7285351157188416,1.0546141862869263,0.04053425043821335,0.32209843397140503,0.3634357452392578,1.0936344861984253,1.1270750761032104,0.9821532368659973
2026-06-13T12:13:00.612182,2,1,1063.5247636013607,0,2.3863697052001953,2.3875732421875,2.5976669788360596,0.2233484834432602,0.2233484983444214,0.07524328231811528,0.7247567176818848,0.8,0.08519451320171356,0.10503784567117691,0.047819092869758606,0.07304751873016357,0.015483114868402481,0,0.7247567176818848,0,0,0,0.00010132789611816406,1,0.20426540076732635,0.9339677095413208,1.0348420143127441,0.018802423030138016,0.3897283673286438,0.6321758031845093,1.2357596158981323,1.1112828254699707,0.958401083946228
2026-06-13T12:13:03.532642,3,1,207.08962570075232,0,2.3620100021362305,2.366466522216797,2.6287972927093506,0.2998153865337372,0.29981544613838196,0.29597215652465825,0.5040278434753418,0.8,0.11238963156938553,0.138144388794899,0.05379552021622658,0.2748039960861206,0.014992530457675457,0,0.5040278434753418,0,0,0,0.00032520294189453125,1,0.29352259635925293,1.0680148601531982,1.0344734191894531,0.1180720180273056,0.46897318959236145,0.9009876251220703,1.2350419759750366,1.1039718389511108,0.9649749398231506
2026-06-13T12:13:06.389214,4,1,-2996.6852917859896,0,2.436861753463745,2.4498353004455566,2.8293254375457764,0.45542266964912415,0.4554227292537689,0.3926825404167176,0.40731745958328247,0.8,0.04967615008354187,0.07131484895944595,0.05689145252108574,0.35050666332244873,0.027474142611026764,0,0.40731745958328247,0,0,0,-0.00029468536376953125,0,0.3074648380279541,1.2488324642181396,0.9969348907470703,0.10627910494804382,0.5086506009101868,1.2562485933303833,1.2414162158966064,1.027694821357727,0.9661749005317688
2026-06-13T12:13:09.434159,5,1,-5645.098426548509,0,2.399047374725342,2.4103946685791016,2.840099573135376,0.4891026020050049,0.4891026020050049,0.3018621981143952,0.49813780188560486,0.8,0.07307806611061096,0.08742276579141617,0.04055233672261238,0.1551263928413391,0.022769425064325333,0,0.49813780188560486,0,0,0,0.0,0,0.3553725481033325,1.2547329664230347,0.9761131405830383,0.10735730826854706,0.6033877730369568,1.2762155532836914,1.233250379562378,0.9840039014816284,0.9682223796844482
2026-06-13T12:13:12.266324,6,1,-5694.59550724329,0,2.411036968231201,2.423814058303833,2.822801351547241,0.47007083892822266,0.47007086873054504,0.3565946698188782,0.4434053301811218,0.8,0.06341301649808884,0.08594570308923721,0.04802136495709419,0.312982976436615,0.013315625488758087,0,0.4434053301811218,0,0,0,0.0,0,0.34115126729011536,1.2546520233154297,0.9906038045883179,0.12400206178426743,0.5583004951477051,1.2694202661514282,1.2398838996887207,1.032796025276184,0.9484115242958069
2026-06-13T12:13:15.025614,7,1,-5702.64485221516,0,2.361611843109131,2.3733181953430176,2.7899203300476074,0.47852498292922974,0.47852498292922974,0.33551852703094487,0.4644814729690552,0.8,0.04594344645738602,0.05102679505944252,0.039421528577804565,0.16606616973876953,0.021083330735564232,0,0.4644814729690552,0,0,0,0.0,0,0.4018665552139282,1.2587876319885254,0.9887457489967346,0.17080648243427277,0.6329266428947449,1.277600646018982,1.2399746179580688,1.0026406049728394,0.9748508930206299
2026-06-13T12:13:17.875992,8,1,-5321.084244494271,0,2.3270771503448486,2.3395934104919434,2.7285842895507812,0.45795494318008423,0.457955002784729,0.39523108601570134,0.4047689139842987,0.8,0.07447006553411484,0.07993042469024658,0.025451507419347763,0.2295314073562622,0.017830368131399155,0,0.4047689139842987,0,0,0,0.0,0,0.4398306608200073,1.2540993690490723,0.983913004398346,0.23834124207496643,0.6413201093673706,1.265053391456604,1.243145227432251,0.9994527697563171,0.9683732390403748
2026-06-13T12:13:20.722547,9,1,-5184.041481420247,0,2.3235764503479004,2.3368427753448486,2.726123571395874,0.4619169235229492,0.4619169235229492,0.3941594541072846,0.40584054589271545,0.8,0.07024829834699631,0.07260127365589142,0.04777797684073448,0.18577556312084198,0.014585466124117374,0,0.40584054589271545,0,0,0,0.0,0,0.4432130455970764,1.2521178722381592,0.953178882598877,0.2432829737663269,0.6431431174278259,1.2673561573028564,1.236879587173462,0.9843622446060181,0.9219955801963806
2026-06-13T12:13:23.553836,10,1,-5187.605966578737,0,2.308490753173828,2.3216769695281982,2.7319142818450928,0.4789043664932251,0.4789043962955475,0.3202989578247071,0.47970104217529297,0.8,0.06257928907871246,0.08652908354997635,0.04721705988049507,0.1690421849489212,0.007397639565169811,0,0.47970104217529297,0,0,0,0.0,0,0.458283931016922,1.2459707260131836,0.9198474884033203,0.2308424860239029,0.6857253909111023,1.2607471942901611,1.231194257736206,0.9945489168167114,0.8451460003852844
2026-06-13T12:13:26.557136,11,1,-4591.793688322609,0,2.3182637691497803,2.3319501876831055,2.7313637733459473,0.47241511940956116,0.47241517901420593,0.3672121644020081,0.43278783559799194,0.8,0.08687737584114075,0.09330607205629349,0.03789490833878517,0.2079365849494934,0.026460766792297363,0,0.43278783559799194,0,0,0,0.0,0,0.45667216181755066,1.2569420337677002,0.8661333322525024,0.24616849422454834,0.667175829410553,1.2773791551589966,1.2365047931671143,0.9119247794151306,0.820341944694519
2026-06-13T12:13:29.864491,12,1,-5607.562209734078,0,2.2945668697357178,2.306999921798706,2.7108418941497803,0.46936124563217163,0.4693613052368164,0.3504841208457947,0.4495158791542053,0.8,0.06953030824661255,0.07233360409736633,0.06088877469301224,0.30164390802383423,0.023765096440911293,0,0.4495158791542053,0,0,0,0.0,0,0.4809335470199585,1.248706579208374,0.8485006093978882,0.26040199398994446,0.7014650702476501,1.2609364986419678,1.2364767789840698,0.8901227116584778,0.8068785071372986
2026-06-13T12:13:32.943679,13,1,-5503.321010816669,0,2.2935986518859863,2.306105136871338,2.7129456996917725,0.4722769260406494,0.4722769856452942,0.34436120390892033,0.4556387960910797,0.8,0.08713182806968689,0.10753430426120758,0.07076623290777206,0.3215351700782776,0.020542629063129425,0,0.4556387960910797,0,0,0,0.0,0,0.48416948318481445,1.250617504119873,0.8383098840713501,0.2609824240207672,0.7073565721511841,1.2645472288131714,1.2366876602172852,0.8818434476852417,0.7947763204574585
2026-06-13T12:13:35.945340,14,1,-5488.246739532146,0,2.2784531116485596,2.2910146713256836,2.7045788764953613,0.4779478907585144,0.4779479205608368,0.3354617238044739,0.4645382761955261,0.8,0.08619566261768341,0.09199822694063187,0.05402638763189316,0.3308390974998474,0.02037353441119194,0,0.4645382761955261,0,0,0,0.0,0,0.5032275319099426,1.2505899667739868,0.8278731107711792,0.2755430340766907,0.7309120297431946,1.2686965465545654,1.2324833869934082,0.8700735569000244,0.7856727242469788
2026-06-13T12:13:38.858398,15,1,-4991.374237764382,0,2.2744789123535156,2.286569833755493,2.7105700969696045,0.4846891164779663,0.4846891462802887,0.3244625806808472,0.47553741931915283,0.8,0.0687887966632843,0.09002891182899475,0.04547349363565445,0.36615198850631714,0.02749602124094963,0,0.47553741931915283,0,0,0,0.0,0,0.5106284618377686,1.2520085573196411,0.8102548718452454,0.2752869725227356,0.7459698915481567,1.2749955654144287,1.2290215492248535,0.8351538777351379,0.7853558659553528
2026-06-13T12:13:41.984409,16,1,-4961.1001284500335,0,2.2517988681793213,2.263012647628784,2.679826498031616,0.4736669063568115,0.4736669361591339,0.34045635461807255,0.4595436453819275,0.8,0.08413174003362656,0.08502165973186493,0.06641694903373718,0.3162732720375061,0.011020886711776257,0,0.4595436453819275,0,0,0,0.0,0,0.5377363562583923,1.2495253086090088,0.7968761920928955,0.30853208899497986,0.7669406533241272,1.2639819383621216,1.2350687980651855,0.8040525317192078,0.789699912071228
2026-06-13T12:13:45.074279,17,1,-5671.215426275151,0,2.2271718978881836,2.239457130432129,2.638646364212036,0.46284568309783936,0.46284571290016174,0.3851773917675019,0.41482260823249817,0.8,0.09285211563110352,0.10225262492895126,0.03778922185301781,0.2011067122220993,0.016589220613241196,0,0.41482260823249817,0,0,0,0.0,0,0.5665155649185181,1.2467972040176392,0.7899396419525146,0.35968977212905884,0.7733412981033325,1.260805606842041,1.2327888011932373,0.7967450618743896,0.7831342220306396
2026-06-13T12:13:47.906446,18,1,-5058.731022785887,0,2.217228651046753,2.2280819416046143,2.6539011001586914,0.47913211584091187,0.47913214564323425,0.3274315178394318,0.47256848216056824,0.8,0.09170563519001007,0.09548763185739517,0.037066541612148285,0.39592164754867554,0.020311515778303146,0,0.47256848216056824,0,0,0,0.0,0,0.5805881023406982,1.2484760284423828,0.782858669757843,0.34495604038238525,0.8162201046943665,1.2656476497650146,1.2313042879104614,0.7864531874656677,0.7792641520500183
2026-06-13T12:13:50.697529,19,1,-5523.5533000702135,0,2.188387393951416,2.197817802429199,2.6410326957702637,0.4876505136489868,0.4876505136489868,0.2915969371795655,0.5084030628204346,0.8,0.07351788133382797,0.07543906569480896,0.0673970878124237,0.32041051983833313,0.014889677055180073,0,0.5084030628204346,0,0,0,0.0,0,0.6193628311157227,1.2545804977416992,0.7892921566963196,0.3656964898109436,0.8730291724205017,1.2710613012313843,1.2380996942520142,0.7897229194641113,0.7888613939285278
2026-06-13T12:13:53.594601,20,1,-5217.79912156758,0,2.1642801761627197,2.174266815185547,2.6102309226989746,0.4831068515777588,0.4831068515777588,0.3137642323970795,0.48623576760292053,0.8,0.09269355982542038,0.09814085066318512,0.047740139067173004,0.3218933641910553,0.01799703761935234,0,0.48623576760292053,0,0,0,0.0,0,0.6451054811477661,1.248179316520691,0.7843576669692993,0.40268123149871826,0.887529730796814,1.2660367488861084,1.2303218841552734,0.7801268696784973,0.7885884642601013
2026-06-13T12:13:57.100441,21,1,-4888.062888098334,0,2.1560962200164795,2.16229510307312,2.6534056663513184,0.5176464915275574,0.5176465511322021,0.18124275207519536,0.6187572479248047,0.8,0.07146058231592178,0.08289242535829544,0.044243209064006805,0.24570806324481964,0.011824957095086575,0,0.6187572479248047,0,0,0,0.0,0,0.6579527854919434,1.2537884712219238,0.7949713468551636,0.34957262873649597,0.9663329124450684,1.2690919637680054,1.2384850978851318,0.7754103541374207,0.8145322799682617
2026-06-13T12:14:00.199928,22,1,-5126.641093785364,0,2.077268600463867,2.0853700637817383,2.5476155281066895,0.4973878264427185,0.4973878860473633,0.2695516228675843,0.5304483771324158,0.8,0.08630652725696564,0.10017398744821548,0.07686902582645416,0.2702656090259552,0.023702044039964676,0,0.5304483771324158,0,0,0,0.0,0,0.756367564201355,1.2531812191009521,0.7925064563751221,0.49212005734443665,1.0206151008605957,1.2744946479797363,1.2318676710128784,0.7845788598060608,0.8004340529441833
2026-06-13T12:14:03.174007,23,1,-4995.610692513472,0,2.074097156524658,2.080442428588867,2.5496833324432373,0.49653613567352295,0.49653613567352295,0.23532961606979375,0.5646703839302063,0.8,0.10364300012588501,0.10571623593568802,0.04228981211781502,0.29355812072753906,0.0220441073179245,0,0.5646703839302063,0,0,0,0.0,0,0.7554739713668823,1.2477688789367676,0.7987891435623169,0.4736687242984772,1.0372792482376099,1.256312608718872,1.239225149154663,0.7837573885917664,0.8138208985328674
2026-06-13T12:14:06.010400,24,1,-5420.320091838004,0,2.046276092529297,2.0550363063812256,2.4968101978302,0.4807208478450775,0.4807209074497223,0.32150472998619084,0.4784952700138092,0.8,0.10747843980789185,0.13072985410690308,0.04167778044939041,0.1895027607679367,0.01301092654466629,0,0.4784952700138092,0,0,0,0.0,0,0.7999178171157837,1.2571473121643066,0.7842141389846802,0.5614140629768372,1.038421630859375,1.2744636535644531,1.2398308515548706,0.7767629027366638,0.7916654348373413
2026-06-13T12:14:09.128960,25,1,-4711.413675913858,0,2.0128366947174072,2.0184404850006104,2.511683702468872,0.5156354308128357,0.5156354308128357,0.19793848991394047,0.6020615100860596,0.8,0.09997886419296265,0.11610370129346848,0.0684463307261467,0.2090459167957306,0.015096362680196762,0,0.6020615100860596,0,0,0,0.0,0,0.8367038369178772,1.2497568130493164,0.7861688733100891,0.5365161895751953,1.136891484260559,1.2688323259353638,1.230681300163269,0.7742100358009338,0.7981277108192444
2026-06-13T12:14:12.305677,26,1,-4313.8301214464655,0,2.052762746810913,2.0594494342803955,2.5428824424743652,0.5110818147659302,0.5110818147659302,0.22029529809951787,0.5797047019004822,0.8,0.1178707629442215,0.12969855964183807,0.05588065832853317,0.3173753023147583,0.009709198027849197,0,0.5797047019004822,0,0,0,0.0,0,0.7879456281661987,1.252495527267456,0.784663200378418,0.4990329146385193,1.0768582820892334,1.273983359336853,1.231007695198059,0.7756016254425049,0.7937247157096863
2026-06-13T12:14:15.640600,27,1,-4342.400760041288,0,2.0328667163848877,2.0395781993865967,2.5177602767944336,0.5059545040130615,0.5059545040130615,0.23190312385559086,0.5680968761444092,0.8,0.09589936584234238,0.09935076534748077,0.07063309848308563,0.18651802837848663,0.006364745553582907,0,0.5680968761444092,0,0,0,0.0,0,0.8112065196037292,1.2494349479675293,0.7827564477920532,0.5278838872909546,1.094529151916504,1.2685680389404297,1.230301856994629,0.775994062423706,0.7895188927650452
2026-06-13T12:14:19.013908,28,1,-5102.332491921972,0,2.0250425338745117,2.0317482948303223,2.5139400959014893,0.5096204280853271,0.5096204280853271,0.22440414428710942,0.5755958557128906,0.8,0.13158568739891052,0.162242129445076,0.0484221875667572,0.27129778265953064,0.02460404857993126,0,0.5755958557128906,0,0,0,0.0,0,0.8199218511581421,1.2469847202301025,0.7782368063926697,0.53294438123703,1.106899380683899,1.2680914402008057,1.225878119468689,0.7731311321258545,0.7833424806594849
2026-06-13T12:14:22.201213,29,1,-4920.744063571985,0,2.0389602184295654,2.0444202423095703,2.5490915775299072,0.526296854019165,0.526296854019165,0.16483478546142583,0.6351652145385742,0.8,0.10489153861999512,0.12688499689102173,0.05239291116595268,0.22707757353782654,0.019645309075713158,0,0.6351652145385742,0,0,0,0.0,0,0.8036319613456726,1.2488067150115967,0.7776280641555786,0.48673391342163086,1.1205300092697144,1.2689688205718994,1.228644609451294,0.7723520398139954,0.7829041481018066
2026-06-13T12:14:25.439962,30,1,-4454.3755480086,0,2.031919002532959,2.036867141723633,2.5484230518341064,0.5308696031570435,0.5308696031570435,0.15092955827713017,0.6490704417228699,0.8,0.13017374277114868,0.14791513979434967,0.044592104852199554,0.262249231338501,0.01508715283125639,0,0.6490704417228699,0,0,0,0.0,0,0.8177629709243774,1.2561681270599365,0.782601535320282,0.49393242597579956,1.1415935754776,1.2767924070358276,1.2355438470840454,0.7769891023635864,0.7882139682769775
2026-06-13T12:14:28.431644,31,1,-5536.960490486502,0,2.0573477745056152,2.063080310821533,2.5501515865325928,0.5107430219650269,0.5107430815696716,0.20015053749084477,0.5998494625091553,0.8,0.09856516122817993,0.10466880351305008,0.06604059040546417,0.21981552243232727,0.02265164442360401,0,0.5998494625091553,0,0,0,0.0,0,0.7839969396591187,1.2545545101165771,0.7824978828430176,0.4845224618911743,1.083471417427063,1.268183946609497,1.2409249544143677,0.7733263373374939,0.7916693687438965
2026-06-13T12:14:31.273258,32,1,-4915.930860818704,0,2.039213180541992,2.048628807067871,2.489525318145752,0.4825740456581116,0.48257407546043396,0.3256797373294831,0.47432026267051697,0.8,0.09509196877479553,0.10182502865791321,0.03171858564019203,0.4466593861579895,0.012256519868969917,0,0.47432026267051697,0,0,0,0.0,0,0.8046209216117859,1.251962423324585,0.7861159443855286,0.568384051322937,1.0408577919006348,1.2727534770965576,1.2311714887619019,0.7883070111274719,0.7839248776435852
2026-06-13T12:14:34.132021,33,1,-5217.196410290618,0,2.0351951122283936,2.0441672801971436,2.490370273590088,0.4854872524738312,0.48548728227615356,0.31505142450332646,0.4849485754966736,0.8,0.0995633527636528,0.10317597538232803,0.05639240890741348,0.3089500963687897,0.016872644424438477,0,0.4849485754966736,0,0,0,0.0,0,0.812423586845398,1.255096435546875,0.7847023606300354,0.5708720088005066,1.053975224494934,1.2762266397476196,1.23396635055542,0.7843643426895142,0.7850403785705566
2026-06-13T12:14:36.991366,34,1,-5101.234587274236,0,2.0308799743652344,2.040513038635254,2.480335235595703,0.48235175013542175,0.48235180974006653,0.33483599424362187,0.4651640057563782,0.8,0.09867893159389496,0.11364661902189255,0.06721089035272598,0.20732663571834564,0.016060521826148033,0,0.4651640057563782,0,0,0,0.0,0,0.8184412717819214,1.2548680305480957,0.7798839807510376,0.5870273113250732,1.0498552322387695,1.2780790328979492,1.2316569089889526,0.7780928611755371,0.7816751003265381
2026-06-13T12:14:39.840113,35,1,-5514.535513088785,0,2.0312278270721436,2.040308713912964,2.4767560958862305,0.4769269824028015,0.4769269824028015,0.3355048775672913,0.46449512243270874,0.8,0.11585447937250137,0.11666771024465561,0.06056114286184311,0.22438353300094604,0.02268538996577263,0,0.46449512243270874,0,0,0,0.0,0,0.8242087960243225,1.2615770101547241,0.7737440466880798,0.5925856828689575,1.0558319091796875,1.2784775495529175,1.2446764707565308,0.7757525444030762,0.7717355489730835
2026-06-13T12:14:42.583373,36,1,-5042.160591639174,0,2.0510146617889404,2.0600152015686035,2.5045583248138428,0.4843757450580597,0.48437580466270447,0.3115837454795838,0.48841625452041626,0.8,0.1037764921784401,0.10909830778837204,0.06120777875185013,0.2175062894821167,0.019560040906071663,0,0.48841625452041626,0,0,0,0.0,0,0.7945749163627625,1.2558350563049316,0.7716379761695862,0.551120400428772,1.038029432296753,1.274562954902649,1.237107276916504,0.7757334113121033,0.7675425410270691
2026-06-13T12:14:45.553200,37,1,-5233.027154002723,0,2.0612599849700928,2.0689024925231934,2.523545503616333,0.4881235957145691,0.48812365531921387,0.2815794229507447,0.5184205770492554,0.8,0.09835465252399445,0.11596575379371643,0.0494905561208725,0.16481351852416992,0.016130581498146057,0,0.5184205770492554,0,0,0,0.0,0,0.7838301658630371,1.259751558303833,0.7768092751502991,0.5250290036201477,1.0426313877105713,1.273594856262207,1.2459081411361694,0.7723057270050049,0.7813128232955933
2026-06-13T12:14:48.396103,38,1,-5337.974153663411,0,2.075411796569824,2.085329532623291,2.5193276405334473,0.47918543219566345,0.47918543219566345,0.3338344275951386,0.46616557240486145,0.8,0.09803426265716553,0.1169532984495163,0.06520897895097733,0.22628089785575867,0.010320554487407207,0,0.46616557240486145,0,0,0,0.0,0,0.7593890428543091,1.2518742084503174,0.7796797156333923,0.5271143317222595,0.9916637539863586,1.2709881067276,1.2327603101730347,0.7829510569572449,0.7764083743095398
2026-06-13T12:14:51.210172,39,1,-5615.758616490023,0,2.05666446685791,2.066875457763672,2.4933347702026367,0.47325748205184937,0.47325754165649414,0.3524651110172272,0.4475348889827728,0.8,0.10515742003917694,0.11772731691598892,0.06672056019306183,0.22548335790634155,0.0069145504385232925,0,0.4475348889827728,0,0,0,0.0,0,0.7838806509971619,1.2522735595703125,0.7767568826675415,0.5609025955200195,1.0068587064743042,1.269649624824524,1.2348976135253906,0.7838793396949768,0.769634485244751
2026-06-13T12:14:54.042157,40,1,-5114.542734257903,0,2.0499019622802734,2.059995651245117,2.5025105476379395,0.48713797330856323,0.487138032913208,0.32222087979316716,0.4777791202068329,0.8,0.106480173766613,0.1113814041018486,0.08431880921125412,0.1796553134918213,0.026801949366927147,0,0.4777791202068329,0,0,0,0.0,0,0.7972159385681152,1.2586052417755127,0.7784281969070435,0.5602137446403503,1.034218192100525,1.283899188041687,1.2333111763000488,0.7945025563240051,0.762353777885437
2026-06-13T12:14:57.077007,41,1,-5357.606292887598,0,2.067593812942505,2.0776071548461914,2.512756586074829,0.48048070073127747,0.48048076033592224,0.32722936868667607,0.472770631313324,0.8,0.10819587111473083,0.1259433627128601,0.04907349497079849,0.18248265981674194,0.02413322404026985,0,0.472770631313324,0,0,0,0.0,0,0.7690761089324951,1.2507777214050293,0.7750861644744873,0.5338791012763977,1.0042730569839478,1.2695074081420898,1.2320481538772583,0.7895638346672058,0.7606084942817688
2026-06-13T12:14:59.886783,42,1,-5635.591724230712,0,2.0446677207946777,2.054144859313965,2.4974918365478516,0.48518234491348267,0.48518234491348267,0.31184323430061345,0.4881567656993866,0.8,0.12166818976402283,0.13613024353981018,0.041526708751916885,0.23777836561203003,0.020758330821990967,0,0.4881567656993866,0,0,0,0.0,0,0.7947856187820435,1.2462519407272339,0.7745921611785889,0.5517727732658386,1.0377984046936035,1.2660365104675293,1.2264673709869385,0.7858879566192627,0.7632963061332703
2026-06-13T12:15:02.638718,43,1,-5239.635941572569,0,2.048422336578369,2.056915044784546,2.5084846019744873,0.48865199089050293,0.48865199089050293,0.28822140693664555,0.5117785930633545,0.8,0.10479429364204407,0.12790489196777344,0.07393400371074677,0.24850398302078247,0.0076276157051324844,0,0.5117785930633545,0,0,0,0.0,0,0.7966576814651489,1.2534785270690918,0.7673653364181519,0.5415271520614624,1.0517882108688354,1.2701053619384766,1.236851692199707,0.7779150605201721,0.7568156123161316
2026-06-13T12:15:05.433104,44,1,-5618.985672504762,0,2.034917116165161,2.043705701828003,2.4777534008026123,0.4735429883003235,0.4735430181026459,0.3297704637050629,0.47022953629493713,0.8,0.10057519376277924,0.1134641021490097,0.0664098709821701,0.2791379988193512,0.014896689914166927,0,0.47022953629493713,0,0,0,0.0,0,0.8126418590545654,1.253389596939087,0.7759557962417603,0.5778408646583557,1.04744291305542,1.2645946741104126,1.2421846389770508,0.7806332111358643,0.771278440952301
2026-06-13T12:15:08.188321,45,1,-5379.576073892633,0,2.045856237411499,2.054530382156372,2.496145725250244,0.4801984429359436,0.4801985025405884,0.3063846409320832,0.49361535906791687,0.8,0.11371658742427826,0.11788593232631683,0.04805930703878403,0.4052867293357849,0.013352606445550919,0,0.49361535906791687,0,0,0,0.0,0,0.795994758605957,1.250089406967163,0.7764576077461243,0.5497918725013733,1.042197585105896,1.2621850967407227,1.237993836402893,0.7887817025184631,0.7641335129737854
2026-06-13T12:15:10.994466,46,1,-5401.201007891792,0,2.0691535472869873,2.0773556232452393,2.5328891277313232,0.4914485216140747,0.4914485216140747,0.272793459892273,0.527206540107727,0.8,0.10557810217142105,0.13431940972805023,0.07548165321350098,0.36967843770980835,0.008980635553598404,0,0.527206540107727,0,0,0,0.0,0,0.7703412175178528,1.2557767629623413,0.7794724702835083,0.5075551271438599,1.0331273078918457,1.2708204984664917,1.240733027458191,0.7937498688697815,0.7651951313018799
2026-06-13T12:15:13.833828,47,1,-5613.88122248089,0,2.0437474250793457,2.0533881187438965,2.484116315841675,0.47436851263046265,0.47436851263046265,0.33991991281509404,0.460080087184906,0.8,0.0803690254688263,0.11224350333213806,0.07886907458305359,0.24358999729156494,0.015168351121246815,0,0.460080087184906,0,0,0,0.0,0,0.8032279014587402,1.255982518196106,0.7769971489906311,0.5740523338317871,1.0324034690856934,1.2711163759231567,1.2408486604690552,0.7899564504623413,0.7640378475189209
2026-06-13T12:15:16.698625,48,1,-5567.779499969545,0,2.026327133178711,2.033306360244751,2.5057241916656494,0.5015100240707397,0.5015100836753845,0.23811273574829106,0.561887264251709,0.8,0.10637079924345016,0.10966753959655762,0.0728212371468544,0.2542864978313446,0.016365380957722664,0,0.561887264251709,0,0,0,0.0,0,0.8196802735328674,1.248750925064087,0.7781631946563721,0.5392810106277466,1.1000795364379883,1.2644797563552856,1.2330222129821777,0.7857905030250549,0.7705358266830444
2026-06-13T12:15:19.647008,49,1,-5757.004886695122,0,2.0698986053466797,2.076796531677246,2.548851490020752,0.5014378428459167,0.5014378428459167,0.2297619462013245,0.5702380537986755,0.8,0.09143109619617462,0.10872608423233032,0.04942896217107773,0.20335213840007782,0.013012601062655449,0,0.5702380537986755,0,0,0,0.0,0,0.7686047554016113,1.2539575099945068,0.775011420249939,0.4838627874851227,1.0533467531204224,1.26664137840271,1.2412736415863037,0.782357931137085,0.7676648497581482
2026-06-13T12:15:22.559650,50,1,-5365.241554164004,0,2.0534589290618896,2.059558153152466,2.5556023120880127,0.5207165479660034,0.5207166075706482,0.1728776574134827,0.6271223425865173,0.8,0.11462362110614777,0.12988783419132233,0.049977242946624756,0.3411545753479004,0.012898141518235207,0,0.6271223425865173,0,0,0,0.0,0,0.7869274616241455,1.250734567642212,0.7756044864654541,0.47412052750587463,1.0997344255447388,1.26676607131958,1.2347031831741333,0.7902809381484985,0.7609280347824097
2026-06-13T12:15:25.921938,51,1,-5301.0962668579505,0,2.0318078994750977,2.0373311042785645,2.5411064624786377,0.5256085395812988,0.5256085395812988,0.15952270030975346,0.6404772996902466,0.8,0.08830771595239639,0.10029918700456619,0.05532471090555191,0.22812384366989136,0.010591112077236176,0,0.6404772996902466,0,0,0,0.0,0,0.8174114227294922,1.2547723054885864,0.7781830430030823,0.49787306785583496,1.1369497776031494,1.2719117403030396,1.2376328706741333,0.7906040549278259,0.7657620310783386
2026-06-13T12:15:28.754637,52,1,-5270.018813138294,0,2.0316429138183594,2.03605318069458,2.5457165241241455,0.5269690752029419,0.5269690752029419,0.1356319665908814,0.6643680334091187,0.8,0.09377725422382355,0.1137482151389122,0.06918222457170486,0.2661204934120178,0.021540649235248566,0,0.6643680334091187,0,0,0,0.0,0,0.8223950862884521,1.2605719566345215,0.7770797610282898,0.49043717980384827,1.1543530225753784,1.2697597742080688,1.2513842582702637,0.7851871848106384,0.7689723372459412
2026-06-13T12:15:31.441950,53,1,-5135.630020525362,0,2.0317294597625732,2.036487102508545,2.554280996322632,0.5361575484275818,0.5361576080322266,0.12344776391983037,0.6765522360801697,0.8,0.0614028163254261,0.06651381403207779,0.04153336212038994,0.18261471390724182,0.01951163448393345,0,0.6765522360801697,0,0,0,0.0,0,0.822057843208313,1.2601256370544434,0.7761549949645996,0.4844186305999756,1.1596970558166504,1.2764183282852173,1.2438328266143799,0.7890017032623291,0.7633082270622253
2026-06-13T12:15:34.369959,54,1,-5363.756590308101,0,2.005922794342041,2.0114758014678955,2.5166378021240234,0.5267802476882935,0.5267803072929382,0.16432117223739628,0.6356788277626038,0.8,0.06952102482318878,0.07244419306516647,0.0693511962890625,0.21000467240810394,0.016488153487443924,0,0.6356788277626038,0,0,0,0.0,0,0.8479907512664795,1.2515380382537842,0.7794427871704102,0.530985414981842,1.1649961471557617,1.2721325159072876,1.2309436798095703,0.789707601070404,0.7691779136657715
2026-06-13T12:15:37.231707,55,1,-5051.4997216746415,0,2.0181145668029785,2.0235252380371094,2.5316553115844727,0.5292110443115234,0.5292111039161682,0.15257852077484135,0.6474214792251587,0.8,0.10083429515361786,0.1119428426027298,0.07722683250904083,0.3364807963371277,0.01201045885682106,0,0.6474214792251587,0,0,0,0.0,0,0.8285332918167114,1.2463245391845703,0.7764964699745178,0.505483865737915,1.1515827178955078,1.2654191255569458,1.2272298336029053,0.7844407558441162,0.7685521841049194
2026-06-13T12:15:40.004851,56,1,-4247.231192273617,0,1.9953956604003906,1.999826192855835,2.5285658836364746,0.545221745967865,0.545221745967865,0.11102150678634648,0.6889784932136536,0.8,0.0870925784111023,0.09779427200555801,0.05519183725118637,0.18786033987998962,0.032908421009778976,0,0.6889784932136536,0,0,0,0.0,0,0.8683404922485352,1.261751413345337,0.7911790609359741,0.5248801112174988,1.2118008136749268,1.2849937677383423,1.238508939743042,0.8041257858276367,0.7782322764396667
2026-06-13T12:15:43.852735,57,1,-4586.062872637498,0,2.010704517364502,2.0141708850860596,2.568084955215454,0.566367506980896,0.5663675665855408,0.042349922657012984,0.7576500773429871,0.8,0.08475251495838165,0.12032075226306915,0.06756319850683212,0.13638368248939514,0.010669208131730556,0,0.7576500773429871,0,0,0,0.0,0,0.8468433022499084,1.2584168910980225,0.7831506729125977,0.46875467896461487,1.2249319553375244,1.279996633529663,1.2368371486663818,0.7927260994911194,0.7735753059387207
2026-06-13T12:15:47.422768,58,1,-5198.737869636032,0,2.009768009185791,2.0149426460266113,2.5263798236846924,0.5314081311225891,0.5314081311225891,0.14638071060180669,0.6536192893981934,0.8,0.1036699190735817,0.1338687688112259,0.059689030051231384,0.22475510835647583,0.014571228064596653,0,0.6536192893981934,0,0,0,0.0,0,0.8407474756240845,1.2494051456451416,0.7834681272506714,0.5146569013595581,1.1668380498886108,1.268892765045166,1.2299175262451172,0.7929399013519287,0.7739963531494141
2026-06-13T12:15:50.887712,59,1,-4928.065373591843,0,2.019545078277588,2.0251121520996094,2.532555103302002,0.5291644930839539,0.5291644930839539,0.15339015722274785,0.6466098427772522,0.8,0.08755242079496384,0.09748490154743195,0.061854615807533264,0.26114681363105774,0.006641716696321964,0,0.6466098427772522,0,0,0,0.0,0,0.8294408321380615,1.2524911165237427,0.7922206521034241,0.5072084665298462,1.1516731977462769,1.2718523740768433,1.233129858970642,0.8100396394729614,0.7744016647338867
2026-06-13T12:15:56.203556,60,1,-4803.52922394497,0,2.0216774940490723,2.0269718170166016,2.5354208946228027,0.5291083455085754,0.5291083455085754,0.1536346554756165,0.6463653445243835,0.8,0.11802519857883453,0.13396452367305756,0.0529189296066761,0.25447845458984375,0.02682117372751236,0,0.6463653445243835,0,0,0,0.0,0,0.8354330658912659,1.2636357545852661,0.7937614321708679,0.5132555961608887,1.157610535621643,1.2830215692520142,1.244249939918518,0.8102814555168152,0.7772414088249207
2026-06-13T12:15:59.486536,61,1,-4304.586736485599,0,2.0255062580108643,2.0300235748291016,2.5589895248413086,0.5460081100463867,0.5460081696510315,0.09301357269287114,0.7069864273071289,0.8,0.0892571210861206,0.10625410825014114,0.06552575528621674,0.17927584052085876,0.013240695931017399,0,0.7069864273071289,0,0,0,0.0,0,0.8221195936203003,1.255400538444519,0.8078071475028992,0.46988925337791443,1.1743499040603638,1.271859884262085,1.2389411926269531,0.832713782787323,0.7829005122184753
2026-06-13T12:16:02.771229,62,1,-4464.523133725968,0,2.031325578689575,2.0359721183776855,2.5834386348724365,0.5644634366035461,0.5644634962081909,0.04747806787490849,0.7525219321250916,0.8,0.09131643176078796,0.09711121022701263,0.0741991400718689,0.17742185294628143,0.026541000232100487,0,0.7525219321250916,0,0,0,0.0,0,0.8155626058578491,1.257359266281128,0.8132137060165405,0.44188034534454346,1.1892448663711548,1.2786675691604614,1.2360508441925049,0.8516822457313538,0.7747452259063721
2026-06-13T12:16:06.420201,63,1,-4846.341996988335,0,2.0620245933532715,2.066667079925537,2.6022562980651855,0.5531938076019287,0.5531938076019287,0.07503895759582524,0.7249610424041748,0.8,0.09534761309623718,0.10312105715274811,0.056742407381534576,0.30460721254348755,0.018114853650331497,0,0.7249610424041748,0,0,0,0.0,0,0.7811457514762878,1.2618904113769531,0.8027969598770142,0.42014679312705994,1.1421446800231934,1.280179500579834,1.2436013221740723,0.8299523591995239,0.7756415605545044
2026-06-13T12:16:10.617775,64,1,-4893.512056354001,0,2.0916671752929688,2.0960288047790527,2.644702672958374,0.5650737285614014,0.5650737285614014,0.047293353080749556,0.7527066469192505,0.8,0.08198627829551697,0.08730001002550125,0.052827827632427216,0.3144974112510681,0.028246618807315826,0,0.7527066469192505,0,0,0,0.0,0,0.7492944002151489,1.2687766551971436,0.7988829016685486,0.37427040934562683,1.1243183612823486,1.2908596992492676,1.24669349193573,0.8214924335479736,0.7762733697891235
2026-06-13T12:16:13.855725,65,1,-4915.879516281072,0,2.0819215774536133,2.086782455444336,2.6272058486938477,0.5588569045066833,0.5588569045066833,0.0678313255310059,0.7321686744689941,0.8,0.06964022666215897,0.07001984119415283,0.06394220888614655,0.18759773671627045,0.02042117714881897,0,0.7321686744689941,0,0,0,0.0,0,0.752587080001831,1.2581475973129272,0.8063709735870361,0.38806572556495667,1.1171084642410278,1.2810267210006714,1.235268473625183,0.8312395215034485,0.7815024256706238
2026-06-13T12:16:17.222576,66,1,-4376.749630655688,0,2.081456184387207,2.085988759994507,2.6432721614837646,0.5739806890487671,0.5739808082580566,0.034786331653595015,0.765213668346405,0.8,0.0927698165178299,0.11260315030813217,0.07092536985874176,0.17387396097183228,0.017530333250761032,0,0.765213668346405,0,0,0,0.0,0,0.7565875053405762,1.2615797519683838,0.7998226881027222,0.3757161796092987,1.1374588012695312,1.290412187576294,1.2327474355697632,0.8220428824424744,0.7776025533676147
2026-06-13T12:16:21.958596,67,1,-5248.49867688933,0,2.1013216972351074,2.105865955352783,2.6392369270324707,0.5510021448135376,0.5510022044181824,0.07872115373611455,0.7212788462638855,0.8,0.07414437085390091,0.08527576178312302,0.059154897928237915,0.1231696605682373,0.018245641142129898,0,0.7212788462638855,0,0,0,0.0,0,0.7349291443824768,1.2663424015045166,0.8013325333595276,0.37518587708473206,1.094672441482544,1.2832707166671753,1.2494142055511475,0.8202794194221497,0.7823856472969055
2026-06-13T12:16:25.078443,68,1,-4390.18918141212,0,2.069843053817749,2.074221134185791,2.62768816947937,0.5696214437484741,0.5696215033531189,0.03684930801391606,0.763150691986084,0.8,0.08880452811717987,0.09452643990516663,0.08508814871311188,0.35012030601501465,0.010373362340033054,0,0.763150691986084,0,0,0,0.0,0,0.7737352848052979,1.266318440437317,0.8103923797607422,0.3941041827201843,1.1533663272857666,1.2899045944213867,1.242732286453247,0.84078449010849,0.7800002098083496
2026-06-13T12:16:27.932668,69,1,-4480.278964971991,0,2.059018135070801,2.0625956058502197,2.6264374256134033,0.5767687559127808,0.5767687559127808,0.011583018302917525,0.7884169816970825,0.8,0.07944594323635101,0.09668921679258347,0.08762804418802261,0.1343381553888321,0.011251237243413925,0,0.7884169816970825,0,0,0,0.0,0,0.7834968566894531,1.2601819038391113,0.8040032386779785,0.39035680890083313,1.1766369342803955,1.281759262084961,1.2386046648025513,0.8233844637870789,0.7846219539642334
2026-06-13T12:16:30.786638,70,1,-4897.793665466094,0,2.068692445755005,2.0732033252716064,2.619889497756958,0.5635145902633667,0.5635145902633667,0.05742977857589726,0.7425702214241028,0.8,0.09088747203350067,0.10906634479761124,0.060507893562316895,0.14716270565986633,0.015447771176695824,0,0.7425702214241028,0,0,0,0.0,0,0.7720233798027039,1.2608274221420288,0.8012665510177612,0.4021415412425995,1.1419051885604858,1.2854474782943726,1.236207365989685,0.822097659111023,0.7804354429244995
2026-06-13T12:16:33.769634,71,1,-4828.615352252796,0,2.072004556655884,2.077373743057251,2.606344223022461,0.5496259927749634,0.5496259927749634,0.11456381082534794,0.6854361891746521,0.8,0.07583679258823395,0.08300730586051941,0.06697718054056168,0.2732388973236084,0.029142089188098907,0,0.6854361891746521,0,0,0,0.0,0,0.7739872336387634,1.266972303390503,0.7900806665420532,0.43275952339172363,1.1152149438858032,1.2977635860443115,1.2361810207366943,0.7985215783119202,0.781639814376831
2026-06-13T12:16:36.983738,72,1,-4257.880510277793,0,2.0750787258148193,2.0790414810180664,2.636918783187866,0.5724397897720337,0.5724398493766785,0.02776168584823613,0.7722383141517639,0.8,0.10009455680847168,0.11485772579908371,0.07644139230251312,0.23862139880657196,0.016784869134426117,0,0.7722383141517639,0,0,0,0.0,0,0.766023576259613,1.2627160549163818,0.795986533164978,0.38102540373802185,1.1510217189788818,1.2859653234481812,1.239466905593872,0.8139838576316833,0.7779892683029175
2026-06-13T12:16:40.072255,73,1,-4238.879619691612,0,2.0405116081237793,2.0439798831939697,2.6175942420959473,0.5858319997787476,0.5858320593833923,0.007628452777862504,0.8076284527778625,0.8,0.10843412578105927,0.13483040034770966,0.0698380246758461,0.2386821061372757,0.019483307376503944,0,0.8076284527778625,0,0,0,0.0,0,0.8067237138748169,1.2602458000183105,0.8078059554100037,0.4043569564819336,1.2090904712677002,1.2854124307632446,1.235079288482666,0.8309051394462585,0.7847067713737488
2026-06-13T12:16:43.736009,74,1,-4748.048939957294,0,2.057884931564331,2.0603127479553223,2.650193452835083,0.5982955694198608,0.5982956290245056,0.0501086831092834,0.8501086831092834,0.8,0.09559120237827301,0.1077582910656929,0.08754687756299973,0.2588904798030853,0.023750847205519676,0,0.8501086831092834,0,0,0,0.0,0,0.7875781655311584,1.2612180709838867,0.7894899845123291,0.3630926311016083,1.2120636701583862,1.2828260660171509,1.239609956741333,0.7935312390327454,0.7854487299919128
2026-06-13T12:16:46.738475,75,1,-4148.467681960752,0,2.0336296558380127,2.0363454818725586,2.617882251739502,0.5909639000892639,0.5909639000892639,0.02333046197891231,0.8233304619789124,0.8,0.10266738384962082,0.10285420715808868,0.06863978505134583,0.24811044335365295,0.009983403608202934,0,0.8233304619789124,0,0,0,0.0,0,0.8168056011199951,1.2591352462768555,0.7908982038497925,0.405915230512619,1.2276959419250488,1.2838478088378906,1.2344225645065308,0.7960639595985413,0.7857324481010437
2026-06-13T12:16:50.017585,76,1,-4267.262017690259,0,2.0307552814483643,2.033470630645752,2.625337839126587,0.6011179685592651,0.6011180281639099,0.05560965538024898,0.855609655380249,0.8,0.08101651072502136,0.09886248409748077,0.08012564480304718,0.29018592834472656,0.026798255741596222,0,0.855609655380249,0,0,0,0.0,0,0.8236831426620483,1.2652621269226074,0.8042864799499512,0.39701002836227417,1.2503561973571777,1.288169503211975,1.2423547506332397,0.8253175616264343,0.783255398273468
2026-06-13T12:16:53.024609,77,1,-4467.860979974094,0,2.0355112552642822,2.03779935836792,2.628025770187378,0.5980693697929382,0.5980693697929382,0.044128251075744584,0.8441282510757446,0.8,0.0765090137720108,0.1009226068854332,0.07068050652742386,0.14180541038513184,0.02633770927786827,0,0.8441282510757446,0,0,0,0.0,0,0.8185215592384338,1.264780044555664,0.7936911582946777,0.39717018604278564,1.239872932434082,1.289216160774231,1.2403439283370972,0.7956968545913696,0.7916854023933411
2026-06-13T12:16:56.281556,78,1,-4163.973793147366,0,1.9905738830566406,1.9918785095214844,2.605078935623169,0.6174226403236389,0.6174226403236389,0.09342242479324336,0.8934224247932434,0.8,0.07865796238183975,0.09431622177362442,0.07764463126659393,0.26890474557876587,0.016988661140203476,0,0.8934224247932434,0,0,0,0.0,0,0.8714224696159363,1.2601535320281982,0.8054545521736145,0.4256298542022705,1.317215085029602,1.2872283458709717,1.2330787181854248,0.796137809753418,0.814771294593811
2026-06-13T12:17:00.211834,79,1,-4416.212055434439,0,1.971646785736084,1.9734388589859009,2.599270820617676,0.6314553618431091,0.6314554214477539,0.1296595454216003,0.9296595454216003,0.8,0.12796345353126526,0.16647371649742126,0.08234495669603348,0.2782714366912842,0.020011916756629944,0,0.9296595454216003,0,0,0,0.0,0,0.8930598497390747,1.2589881420135498,0.8225995302200317,0.42939239740371704,1.3567273616790771,1.2873245477676392,1.230651617050171,0.8392196297645569,0.8059793710708618
2026-06-13T12:17:03.604972,80,1,-4574.297921699492,0,1.9509871006011963,1.951635718345642,2.5726091861724854,0.6230082511901855,0.6230083107948303,0.12755776643753047,0.9275577664375305,0.8,0.09016834199428558,0.10502524673938751,0.06823916733264923,0.14050135016441345,0.016157550737261772,0,0.9275577664375305,0,0,0,0.0,0,0.9258872866630554,1.2667884826660156,0.8309168815612793,0.46247005462646484,1.389304518699646,1.2830991744995117,1.250477910041809,0.8225938081741333,0.8392400145530701
2026-06-13T12:17:07.147814,81,1,-4394.135577641424,0,1.9583783149719238,1.9602848291397095,2.601391315460205,0.646906852722168,0.6469069123268127,0.182700765132904,0.982700765132904,0.8,0.10624600201845169,0.13522569835186005,0.06081067770719528,0.18943063914775848,0.0076149264350533485,0,0.982700765132904,0,0,0,0.0,0,0.9153712391853333,1.2644691467285156,0.8204436302185059,0.4249972999095917,1.4057451486587524,1.2857983112335205,1.2431399822235107,0.8428865075111389,0.798000693321228
2026-06-13T12:17:10.964648,82,1,-4833.776690935401,0,1.9209173917770386,1.9225273132324219,2.5701823234558105,0.6524142622947693,0.6524142622947693,0.19130779504775997,0.99130779504776,0.8,0.10677006840705872,0.12410374730825424,0.06963256746530533,0.25727659463882446,0.008017071522772312,0,0.99130779504776,0,0,0,0.0,0,0.9627894759178162,1.262480616569519,0.8253800868988037,0.4679761230945587,1.457602858543396,1.2874451875686646,1.2375160455703735,0.8398467302322388,0.8109134435653687
2026-06-13T12:17:14.121515,83,1,-4726.714315370436,0,1.9315705299377441,1.9331624507904053,2.569821357727051,0.6414724588394165,0.6414724588394165,0.16210396289825435,0.9621039628982544,0.8,0.09701820462942123,0.11683954298496246,0.04519568011164665,0.30309367179870605,0.005692401435226202,0,0.9621039628982544,0,0,0,0.0,0,0.948327898979187,1.2577016353607178,0.795552134513855,0.4679670035839081,1.4286887645721436,1.2827965021133423,1.2326067686080933,0.8014405369758606,0.7896636724472046
2026-06-13T12:17:17.240423,84,1,-4662.00378275824,0,1.8809418678283691,1.8823471069335938,2.517534017562866,0.6393357515335083,0.6393357515335083,0.16036064624786373,0.9603606462478638,0.8,0.09676900506019592,0.12468942999839783,0.06483641266822815,0.2568415403366089,0.009280722588300705,0,0.9603606462478638,0,0,0,0.0,0,1.0185309648513794,1.2642396688461304,0.8234115839004517,0.5389459729194641,1.4981160163879395,1.2869609594345093,1.2415183782577515,0.8308337926864624,0.8159893155097961
2026-06-13T12:17:20.746150,85,1,-4884.569199026603,0,1.8771917819976807,1.8788459300994873,2.5193324089050293,0.6453183889389038,0.6453184485435486,0.17562664747238155,0.9756266474723816,0.8,0.08765139430761337,0.12043461203575134,0.07375158369541168,0.262557715177536,0.011904613114893436,0,0.9756266474723816,0,0,0,0.0,0,1.0243561267852783,1.2607972621917725,0.7954452037811279,0.5370928049087524,1.5116193294525146,1.2838897705078125,1.2377047538757324,0.7972018718719482,0.7936884760856628
2026-06-13T12:17:25.268373,86,1,-4821.875197787832,0,1.858996033668518,1.86029052734375,2.530062675476074,0.6733571290969849,0.6733571887016296,0.24252696037292476,1.0425269603729248,0.8,0.09993274509906769,0.1455746442079544,0.047574594616889954,0.1908605396747589,0.021841373294591904,0,1.0425269603729248,0,0,0,0.0,0,1.048154354095459,1.2624810934066772,0.8142024278640747,0.5279351472854614,1.568373680114746,1.2895989418029785,1.235363245010376,0.7954371571540833,0.8329677581787109
2026-06-13T12:17:28.546486,87,1,-4405.170247458983,0,1.844709873199463,1.8463425636291504,2.5074214935302734,0.6656213998794556,0.6656214594841003,0.22186179161071773,1.0218617916107178,0.8,0.1046479195356369,0.13862590491771698,0.055611591786146164,0.28785210847854614,0.01949997991323471,0,1.0218617916107178,0,0,0,0.0,0,1.0668202638626099,1.2613933086395264,0.8143312931060791,0.556671679019928,1.576968789100647,1.2888951301574707,1.2338913679122925,0.8078116178512573,0.8208509087562561
2026-06-13T12:17:31.792417,88,1,-4859.036364068731,0,1.8227723836898804,1.8256531953811646,2.5217251777648926,0.7035810947418213,0.7035810947418213,0.32357318401336665,1.1235731840133667,0.8,0.1314709335565567,0.1675003170967102,0.08252331614494324,0.22772875428199768,0.01829097978770733,0,1.1235731840133667,0,0,0,0.0,0,1.092208743095398,1.2616963386535645,0.8575104475021362,0.5310609936714172,1.6533564329147339,1.2859740257263184,1.2374186515808105,0.8461957573890686,0.8688251972198486
2026-06-13T12:17:34.905590,89,1,-4676.303217126578,0,1.817502737045288,1.8201935291290283,2.505991220474243,0.6928973197937012,0.692897379398346,0.3029523611068725,1.1029523611068726,0.8,0.0999034196138382,0.13957008719444275,0.04464251548051834,0.4367462992668152,0.012604448944330215,0,1.1029523611068726,0,0,0,0.0,0,1.1001982688903809,1.2623543739318848,0.8575466871261597,0.5492674112319946,1.651129126548767,1.2823302745819092,1.2423783540725708,0.8433306813240051,0.8717626929283142
2026-06-13T12:17:37.974401,90,1,-4748.969792977139,0,1.775451898574829,1.7792789936065674,2.473170518875122,0.7036261558532715,0.7036262154579163,0.3289829015731811,1.1289829015731812,0.8,0.11872230470180511,0.1413254290819168,0.05197847634553909,0.21976661682128906,0.011332690715789795,0,1.1289829015731812,0,0,0,0.0,0,1.1539297103881836,1.2582566738128662,0.8722189664840698,0.5903878808021545,1.7174714803695679,1.2788057327270508,1.2377077341079712,0.8467434048652649,0.8976945877075195
2026-06-13T12:17:41.040604,91,1,-4703.702129949104,0,1.731156587600708,1.7391968965530396,2.459216356277466,0.7391420006752014,0.7391420602798462,0.4015128135681152,1.2015128135681152,0.8,0.11503531038761139,0.15611284971237183,0.07807891070842743,0.35648009181022644,0.014363661408424377,0,1.2015128135681152,0,0,0,0.0,0,1.2195515632629395,1.2618999481201172,0.8948683738708496,0.6196762323379517,1.8194270133972168,1.2936782836914062,1.2301216125488281,0.9017888307571411,0.8879478573799133
2026-06-13T12:17:44.201547,92,1,-4842.921832006621,0,1.726528286933899,1.7347300052642822,2.447633743286133,0.7325437664985657,0.7325438261032104,0.39848608970642085,1.198486089706421,0.8,0.12450152635574341,0.1575554758310318,0.06408800929784775,0.3616116940975189,0.027201425284147263,0,1.198486089706421,0,0,0,0.0,0,1.2251172065734863,1.2627182006835938,0.9219436645507812,0.6262964606285095,1.8239378929138184,1.2846283912658691,1.240808129310608,0.9168480038642883,0.9270393252372742
2026-06-13T12:17:47.686240,93,1,-4472.205851875333,0,1.7101213932037354,1.714160442352295,2.3829855918884277,0.6790857315063477,0.6790857911109924,0.2571334362030029,1.057133436203003,0.8,0.13535086810588837,0.1846933215856552,0.0673598051071167,0.11883777379989624,0.024877209216356277,0,1.057133436203003,0,0,0,0.0,0,1.253137469291687,1.2659114599227905,0.9182096719741821,0.7252827286720276,1.7809921503067017,1.293129801750183,1.238693118095398,0.914833128452301,0.9215862154960632
2026-06-13T12:17:51.399906,94,1,-3932.6821405812634,0,1.663482904434204,1.6717588901519775,2.348275661468506,0.6966180205345154,0.6966180801391602,0.3264450550079345,1.1264450550079346,0.8,0.18259893357753754,0.18523259460926056,0.06116080656647682,0.17911994457244873,0.026080265641212463,0,1.1264450550079346,0,0,0,0.0,0,1.2968231439590454,1.2448921203613281,0.9795131683349609,0.7340192198753357,1.8596270084381104,1.2549635171890259,1.23482084274292,0.9987483620643616,0.9602779150009155
2026-06-13T12:17:55.168138,95,1,-4717.078156289081,0,1.6781153678894043,1.6866581439971924,2.3872547149658203,0.7208190560340881,0.7208191156387329,0.3618256568908691,1.1618256568908691,0.8,0.11934147030115128,0.18680301308631897,0.04293031990528107,0.30737006664276123,0.013552315533161163,0,1.1618256568908691,0,0,0,0.0,0,1.2928144931793213,1.2609418630599976,0.98460853099823,0.7125619053840637,1.873067021369934,1.2885923385620117,1.2332913875579834,0.9860840439796448,0.9831330180168152
2026-06-13T12:17:58.017880,96,1,-4366.36477450722,0,1.6420769691467285,1.6518793106079102,2.3362841606140137,0.7076005935668945,0.7076006531715393,0.3377550363540649,1.137755036354065,0.8,0.13878381252288818,0.179242342710495,0.06015894562005997,0.18603330850601196,0.028265483677387238,0,1.137755036354065,0,0,0,0.0,0,1.3444645404815674,1.2558988332748413,1.0705649852752686,0.7771814465522766,1.911747694015503,1.2772451639175415,1.2345525026321411,1.107385516166687,1.03374445438385
2026-06-13T12:18:01.196487,97,1,-4295.982862538381,0,1.642071008682251,1.6533751487731934,2.344926357269287,0.7179798483848572,0.717979907989502,0.35947329998016353,1.1594732999801636,0.8,0.11815240979194641,0.1687173694372177,0.04407636821269989,0.2608742415904999,0.012384812347590923,0,1.1594732999801636,0,0,0,0.0,0,1.353514552116394,1.2640032768249512,1.0596743822097778,0.7751835584640503,1.9318455457687378,1.2882537841796875,1.2397526502609253,1.0919203758239746,1.027428388595581
2026-06-13T12:18:04.050353,98,1,-4483.348887781866,0,1.608408808708191,1.6191861629486084,2.296863079071045,0.7028734683990479,0.7028734683990479,0.31407184600830074,1.1140718460083008,0.8,0.1479748636484146,0.21247880160808563,0.04823755472898483,0.18950334191322327,0.019973011687397957,0,1.1140718460083008,0,0,0,0.0,0,1.4026769399642944,1.2601550817489624,1.065838098526001,0.8485965132713318,1.9567573070526123,1.2898327112197876,1.2304774522781372,1.1148602962493896,1.0168159008026123
2026-06-13T12:18:06.815973,99,1,-4032.0516596192174,0,1.5468106269836426,1.5644686222076416,2.2008397579193115,0.6781642436981201,0.6781642436981201,0.32613379955291744,1.1261337995529175,0.8,0.18116264045238495,0.1973201483488083,0.0546414814889431,0.4467502236366272,0.032259926199913025,0,1.1261337995529175,0,0,0,0.0,0,1.460322618484497,1.2231991291046143,1.1158151626586914,0.9040563106536865,2.0165889263153076,1.2017772197723389,1.2446211576461792,1.2003918886184692,1.031238317489624
2026-06-13T12:18:09.620683,100,1,-4076.5875352491285,0,1.588313102722168,1.5980502367019653,2.2528278827667236,0.6780558228492737,0.6780558824539185,0.25728054046630855,1.0572805404663086,0.8,0.13593484461307526,0.15010195970535278,0.05474788695573807,0.2617320716381073,0.003896888578310609,0,1.0572805404663086,0,0,0,0.0,0,1.4431723356246948,1.260840892791748,1.132285714149475,0.9203013181686401,1.9660433530807495,1.2862149477005005,1.2354669570922852,1.2059239149093628,1.0586475133895874
2026-06-13T12:18:12.601200,101,1,-3812.9269419021275,0,1.569692611694336,1.5787715911865234,2.214524984359741,0.6578503847122192,0.657850444316864,0.20930929183959956,1.0093092918395996,0.8,0.1648736596107483,0.20109926164150238,0.0480869822204113,0.32665586471557617,0.015368642285466194,0,1.0093092918395996,0,0,0,0.0,0,1.474773645401001,1.2618637084960938,1.1248633861541748,0.9776206016540527,1.9719265699386597,1.2844772338867188,1.2392501831054688,1.2085524797439575,1.041174292564392
2026-06-13T12:18:15.431069,102,1,-3850.6283508706806,0,1.569035291671753,1.5794968605041504,2.223658561706543,0.6692402362823486,0.6692402362823486,0.25471539497375484,1.0547153949737549,0.8,0.16849026083946228,0.17248404026031494,0.07425472140312195,0.2599567174911499,0.021915949881076813,0,1.0547153949737549,0,0,0,0.0,0,1.4541592597961426,1.2413880825042725,1.1619031429290771,0.9322609901428223,1.976057529449463,1.2536085844039917,1.2291676998138428,1.2365961074829102,1.0872102975845337
2026-06-13T12:18:18.339193,103,1,-4003.2630681763744,0,1.5886849164962769,1.5952744483947754,2.23209285736084,0.6530838012695312,0.653083860874176,0.18587685823440547,0.9858768582344055,0.8,0.1459154635667801,0.18688665330410004,0.05071144551038742,0.34954074025154114,0.02110513672232628,0,0.9858768582344055,0,0,0,0.0,0,1.4499722719192505,1.261092185974121,1.1761066913604736,0.9612413048744202,1.9387032985687256,1.290504813194275,1.2316794395446777,1.2332485914230347,1.118964672088623
2026-06-13T12:18:21.245060,104,1,-4004.2856499616078,0,1.5735846757888794,1.5848312377929688,2.2216286659240723,0.6641029119491577,0.6641029715538025,0.22942597866058345,1.0294259786605835,0.8,0.1315828412771225,0.1764245182275772,0.05022303760051727,0.12795916199684143,0.012347269803285599,0,1.0294259786605835,0,0,0,0.0,0,1.48732590675354,1.2657248973846436,1.2028175592422485,0.9755527377128601,1.9990990161895752,1.2858538627624512,1.2455958127975464,1.253930926322937,1.15170419216156
2026-06-13T12:18:24.127535,105,1,-3736.781147724746,0,1.549604058265686,1.5616964101791382,2.186964273452759,0.6546622514724731,0.6546622514724731,0.20177240371704097,1.001772403717041,0.8,0.1716717779636383,0.21291258931159973,0.029665490612387657,0.19145166873931885,0.022625096142292023,0,1.001772403717041,0,0,0,0.0,0,1.5286078453063965,1.263258695602417,1.2147690057754517,1.029808521270752,2.027407169342041,1.285378336906433,1.2411391735076904,1.254730463027954,1.1748075485229492
2026-06-13T12:18:27.045118,106,1,-4035.372075200777,0,1.544327735900879,1.55696439743042,2.1798665523529053,0.6536030769348145,0.6536031365394592,0.20313878059387203,1.003138780593872,0.8,0.14719703793525696,0.17896835505962372,0.03907186910510063,0.14577552676200867,0.00779738137498498,0,1.003138780593872,0,0,0,0.0,0,1.538470983505249,1.2641661167144775,1.2111868858337402,1.0392600297927856,2.037682056427002,1.2836976051330566,1.2446346282958984,1.255670189857483,1.166703701019287
2026-06-13T12:18:29.878075,107,1,-4125.5523021143545,0,1.521531105041504,1.5400192737579346,2.168276786804199,0.6717962622642517,0.6717962622642517,0.2447466373443603,1.0447466373443604,0.8,0.13768988847732544,0.17422212660312653,0.06649656593799591,0.40826913714408875,0.010045005939900875,0,1.0447466373443604,0,0,0,0.0,0,1.5821707248687744,1.2633280754089355,1.2240849733352661,1.0612598657608032,2.103081464767456,1.2863733768463135,1.240282654762268,1.255624771118164,1.1925451755523682
2026-06-13T12:18:32.713084,108,1,-4027.016913291204,0,1.5183197259902954,1.537137508392334,2.1603310108184814,0.6677327156066895,0.6677327752113342,0.2375440120697021,1.0375440120697021,0.8,0.16059792041778564,0.19507814943790436,0.05172773078083992,0.1948745995759964,0.011124391108751297,0,1.0375440120697021,0,0,0,0.0,0,1.5901029109954834,1.264244794845581,1.2259347438812256,1.0725879669189453,2.1076178550720215,1.2851731777191162,1.2433165311813354,1.255340337753296,1.1965291500091553
2026-06-13T12:18:35.565257,109,1,-4123.8961900735385,0,1.4908571243286133,1.5152732133865356,2.1276986598968506,0.6696738600730896,0.6696739196777344,0.24223346710205074,1.0422334671020508,0.8,0.15140143036842346,0.17531992495059967,0.05257195979356766,0.1463555544614792,0.03273338824510574,0,1.0422334671020508,0,0,0,0.0,0,1.6447913646697998,1.2625064849853516,1.2416443824768066,1.124273419380188,2.165309429168701,1.2836320400238037,1.2413809299468994,1.2549631595611572,1.2283254861831665
2026-06-13T12:18:38.931777,110,1,-4048.4482913516654,0,1.4964796304702759,1.5227099657058716,2.1456103324890137,0.6835199594497681,0.6835200190544128,0.275102686882019,1.075102686882019,0.8,0.16394202411174774,0.21550360321998596,0.052563346922397614,0.21892374753952026,0.012016577646136284,0,1.075102686882019,0,0,0,0.0,0,1.6270689964294434,1.2571754455566406,1.2480696439743042,1.0900553464889526,2.1640825271606445,1.279973030090332,1.2343778610229492,1.2556945085525513,1.2404447793960571
2026-06-13T12:18:42.316820,111,1,-4538.55336059816,0,1.507157802581787,1.5327370166778564,2.159196138381958,0.6857180595397949,0.6857181191444397,0.26881356239318843,1.0688135623931885,0.8,0.15229304134845734,0.17802655696868896,0.0399855300784111,0.2775155305862427,0.023554634302854538,0,1.0688135623931885,0,0,0,0.0,0,1.6263587474822998,1.2686371803283691,1.2521177530288696,1.092852234840393,2.159865140914917,1.2994104623794556,1.2378637790679932,1.2559226751327515,1.2483128309249878
2026-06-13T12:18:45.183677,112,1,-4161.325878486571,0,1.4681121110916138,1.4963061809539795,2.0965681076049805,0.6662535071372986,0.6662535071372986,0.23457927703857417,1.0345792770385742,0.8,0.180219829082489,0.20450784265995026,0.07927092909812927,0.3369535207748413,0.0309602078050375,0,1.0345792770385742,0,0,0,0.0,0,1.6880930662155151,1.2589938640594482,1.2519443035125732,1.1712188720703125,2.2049672603607178,1.2793753147125244,1.238612413406372,1.2557218074798584,1.2481666803359985
2026-06-13T12:18:48.064434,113,1,-4230.681665438571,0,1.4538671970367432,1.4915988445281982,2.098651647567749,0.6925678253173828,0.6925678253173828,0.29960675239562984,1.0996067523956299,0.8,0.1605505347251892,0.20734640955924988,0.06460177153348923,0.23381511867046356,0.012821034528315067,0,1.0996067523956299,0,0,0,0.0,0,1.7201640605926514,1.2600107192993164,1.2528352737426758,1.1707953214645386,2.2695329189300537,1.2817188501358032,1.2383027076721191,1.2553731203079224,1.2502973079681396
2026-06-13T12:18:50.974179,114,1,-4431.731425446236,0,1.4359804391860962,1.4782366752624512,2.06807541847229,0.6863332986831665,0.6863332986831665,0.28910846710205074,1.0891084671020508,0.8,0.16660048067569733,0.20884758234024048,0.07056493312120438,0.33857065439224243,0.013690226711332798,0,1.0891084671020508,0,0,0,0.0,0,1.771791696548462,1.2661679983139038,1.2534022331237793,1.2275446653366089,2.3160388469696045,1.2843105792999268,1.2480254173278809,1.255698561668396,1.251105785369873
2026-06-13T12:18:53.723613,115,1,-4122.2664351857975,0,1.4391372203826904,1.4765183925628662,2.0645511150360107,0.6743685007095337,0.6743685007095337,0.25985903739929195,1.059859037399292,0.8,0.16557428240776062,0.19096173346042633,0.036507900804281235,0.22521281242370605,0.016364820301532745,0,1.059859037399292,0,0,0,0.0,0,1.7571558952331543,1.2625610828399658,1.2526001930236816,1.2275211811065674,2.286790609359741,1.2799955606460571,1.2451266050338745,1.2554978132247925,1.2497025728225708
2026-06-13T12:18:56.627565,116,1,-4509.10510334848,0,1.426779866218567,1.4686763286590576,2.0558016300201416,0.6826605796813965,0.682660698890686,0.2682704448699951,1.0682704448699951,0.8,0.16144871711730957,0.19628001749515533,0.04031830281019211,0.14286136627197266,0.02365242689847946,0,1.0682704448699951,0,0,0,0.0,0,1.7960608005523682,1.2672868967056274,1.254837155342102,1.2625559568405151,2.3295657634735107,1.2931932210922241,1.2413805723190308,1.256198525428772,1.2534757852554321
2026-06-13T12:18:59.406681,117,1,-4167.631255133268,0,1.4081342220306396,1.4556267261505127,2.0278189182281494,0.6807428598403931,0.6807428598403931,0.27704353332519527,1.0770435333251953,0.8,0.19476774334907532,0.23743832111358643,0.049453385174274445,0.25650086998939514,0.009439121931791306,0,1.0770435333251953,0,0,0,0.0,0,1.8308844566345215,1.2626469135284424,1.2543072700500488,1.2926251888275146,2.3691437244415283,1.2794033288955688,1.2458906173706055,1.25568425655365,1.2529301643371582
2026-06-13T12:19:02.142061,118,1,-4334.2571974562425,0,1.4194918870925903,1.4644856452941895,2.0483407974243164,0.6860378980636597,0.6860378980636597,0.28878266811370845,1.0887826681137085,0.8,0.17715778946876526,0.2252892106771469,0.038263242691755295,0.31838852167129517,0.01821800507605076,0,1.0887826681137085,0,0,0,0.0,0,1.7980995178222656,1.2605020999908447,1.2526010274887085,1.2540115118026733,2.3421874046325684,1.2783596515655518,1.2426444292068481,1.255967617034912,1.2492344379425049
2026-06-13T12:19:05.022404,119,1,-3973.709583468769,0,1.4309240579605103,1.4654521942138672,2.040405035018921,0.6561841368675232,0.656184196472168,0.2105139017105102,1.0105139017105103,0.8,0.18804094195365906,0.23777756094932556,0.03324108198285103,0.2864283323287964,0.02801275998353958,0,1.0105139017105103,0,0,0,0.0,0,1.7836313247680664,1.2663214206695557,1.2531068325042725,1.2787423133850098,2.288520336151123,1.2854377031326294,1.2472050189971924,1.25560462474823,1.250609040260315
2026-06-13T12:19:07.770247,120,1,-4361.453264026182,0,1.4285975694656372,1.4642640352249146,2.045239210128784,0.6638599634170532,0.6638599634170532,0.21640462875366206,1.016404628753662,0.8,0.19664254784584045,0.23497812449932098,0.052650514990091324,0.2741715908050537,0.028047144412994385,0,1.016404628753662,0,0,0,0.0,0,1.7951955795288086,1.2691397666931152,1.2537457942962646,1.2877726554870605,2.3026185035705566,1.2971903085708618,1.2410893440246582,1.2559268474578857,1.2515647411346436
2026-06-13T12:19:10.555292,121,1,-4031.9512118537277,0,1.4174778461456299,1.4487797021865845,2.013355016708374,0.6391124129295349,0.6391124129295349,0.15904946327209468,0.9590494632720947,0.8,0.1693931221961975,0.20313361287117004,0.061717599630355835,0.15691149234771729,0.012034636922180653,0,0.9590494632720947,0,0,0,0.0,0,1.8091951608657837,1.2631257772445679,1.2543741464614868,1.3302333354949951,2.2881569862365723,1.2862766981124878,1.239974856376648,1.256259560585022,1.2524887323379517
2026-06-13T12:19:13.774950,122,1,-4185.200382579453,0,1.4051543474197388,1.439043402671814,2.004281997680664,0.644889235496521,0.6448892951011658,0.17678792476654048,0.9767879247665405,0.8,0.17594009637832642,0.22297559678554535,0.047446057200431824,0.36667776107788086,0.0199996717274189,0,0.9767879247665405,0,0,0,0.0,0,1.8181002140045166,1.2538280487060547,1.2525200843811035,1.3301975727081299,2.3060028553009033,1.275519847869873,1.2321361303329468,1.2555432319641113,1.2494969367980957
2026-06-13T12:19:17.275459,123,1,-3851.122055374144,0,1.4135679006576538,1.4415358304977417,1.9886822700500488,0.6158087253570557,0.6158087253570557,0.1068408608436584,0.9068408608436584,0.8,0.1935693323612213,0.21709533035755157,0.04312201589345932,0.24615196883678436,0.012826944701373577,0,0.9068408608436584,0,0,0,0.0,0,1.8282086849212646,1.2678682804107666,1.2524656057357788,1.3751229047775269,2.281294584274292,1.284906268119812,1.2508304119110107,1.2560760974884033,1.2488551139831543
2026-06-13T12:19:20.509901,124,1,-3902.8520679303165,0,1.405617117881775,1.4333579540252686,1.9822204113006592,0.6164458990097046,0.6164459586143494,0.10417540073394771,0.9041754007339478,0.8,0.19866326451301575,0.22355307638645172,0.035898178815841675,0.18196788430213928,0.024107664823532104,0,0.9041754007339478,0,0,0,0.0,0,1.8279776573181152,1.2584450244903564,1.254688024520874,1.376314640045166,2.2796406745910645,1.277972936630249,1.2389172315597534,1.2562673091888428,1.2531087398529053
2026-06-13T12:19:23.538601,125,1,-4010.994558857638,0,1.40163254737854,1.4344538450241089,1.9899778366088867,0.6337909698486328,0.6337909698486328,0.14592434167861934,0.9459243416786194,0.8,0.17965230345726013,0.19751644134521484,0.0729142278432846,0.28294578194618225,0.017497781664133072,0,0.9459243416786194,0,0,0,0.0,0,1.8413184881210327,1.2602225542068481,1.2535505294799805,1.3688957691192627,2.3137412071228027,1.2827197313308716,1.2377253770828247,1.2555192708969116,1.2515816688537598
2026-06-13T12:19:26.452072,126,1,-4002.4205924236603,0,1.403577446937561,1.435587763786316,1.9845240116119385,0.6262696981430054,0.6262696981430054,0.13175250291824336,0.9317525029182434,0.8,0.16758844256401062,0.19229599833488464,0.060744091868400574,0.1458326280117035,0.009597137570381165,0,0.9317525029182434,0,0,0,0.0,0,1.8476918935775757,1.2653347253799438,1.2528107166290283,1.3822133541107178,2.3131704330444336,1.2843010425567627,1.246368408203125,1.256077766418457,1.24954354763031
2026-06-13T12:19:29.378925,127,1,-3711.616907815595,0,1.4003947973251343,1.4291930198669434,1.9748204946517944,0.6157894134521484,0.6157894730567932,0.09642012119293208,0.8964201211929321,0.8,0.16353997588157654,0.17960120737552643,0.07528124004602432,0.25566160678863525,0.007880223914980888,0,0.8964201211929321,0,0,0,0.0,0,1.8551695346832275,1.2652854919433594,1.251630187034607,1.4075571298599243,2.302781820297241,1.2881659269332886,1.2424051761627197,1.2550863027572632,1.2481740713119507
2026-06-13T12:19:32.857860,128,1,-3959.3063088881013,0,1.3927642107009888,1.4185423851013184,1.951585292816162,0.5971641540527344,0.5971641540527344,0.04503918886184688,0.8450391888618469,0.8,0.183923602104187,0.2132655382156372,0.07476196438074112,0.20746377110481262,0.016301115974783897,0,0.8450391888618469,0,0,0,0.0,0,1.8768190145492554,1.265573501586914,1.2537662982940674,1.4549105167388916,2.298727512359619,1.2881762981414795,1.2429708242416382,1.2560304403305054,1.2515020370483398
2026-06-13T12:19:36.285072,129,1,-3500.9677330513905,0,1.3953402042388916,1.4227787256240845,1.956252098083496,0.6015967130661011,0.6015967726707458,0.0704099059104919,0.8704099059104919,0.8,0.17548805475234985,0.18675833940505981,0.09286688268184662,0.39042928814888,0.026799436658620834,0,0.8704099059104919,0,0,0,0.0,0,1.8673673868179321,1.2657430171966553,1.247328519821167,1.4324743747711182,2.302260398864746,1.281387209892273,1.2500989437103271,1.2524945735931396,1.2421623468399048
2026-06-13T12:19:39.897242,130,1,-4358.539045759042,0,1.3914763927459717,1.4081785678863525,1.9214681386947632,0.5569799542427063,0.5569799542427063,0.06955878734588627,0.7304412126541138,0.8,0.15855076909065247,0.19731400907039642,0.02866121381521225,0.1886952519416809,0.013531960546970367,0,0.7304412126541138,0,0,0,0.0,0,1.87399160861969,1.2649734020233154,1.2436472177505493,1.5094354152679443,2.2385478019714355,1.2860240936279297,1.2439227104187012,1.2371864318847656,1.250108003616333
2026-06-13T12:19:43.413475,131,1,-3059.2247638673316,0,1.3800299167633057,1.4003543853759766,1.9125242233276367,0.5646482706069946,0.5646482706069946,0.03590826988220219,0.7640917301177979,0.8,0.18864601850509644,0.22864556312561035,0.07165186107158661,0.3144786059856415,0.020108457654714584,0,0.7640917301177979,0,0,0,0.0,0,1.8936244249343872,1.2603446245193481,1.244126558303833,1.5119223594665527,2.2753264904022217,1.2764304876327515,1.2442587614059448,1.2421727180480957,1.2460802793502808
2026-06-13T12:19:46.860331,132,1,-2761.3505134426287,0,1.3925029039382935,1.4113216400146484,1.9237066507339478,0.5615183711051941,0.5615183711051941,0.04043732881546025,0.7595626711845398,0.8,0.19938287138938904,0.22800041735172272,0.03995513170957565,0.2431485503911972,0.01455263514071703,0,0.7595626711845398,0,0,0,0.0,0,1.8792667388916016,1.2682340145111084,1.2438926696777344,1.4997475147247314,2.2587859630584717,1.282070279121399,1.2543977499008179,1.246641993522644,1.2411432266235352
2026-06-13T12:19:49.945325,133,1,-4388.199203209422,0,1.3940043449401855,1.4090367555618286,1.920554280281067,0.5511685609817505,0.5511685609817505,0.08411769866943364,0.7158823013305664,0.8,0.17573700845241547,0.21819071471691132,0.07126471400260925,0.3769843578338623,0.01698179729282856,0,0.7158823013305664,0,0,0,0.0,0,1.8573033809661865,1.2635680437088013,1.2283070087432861,1.5001788139343262,2.214427947998047,1.283149242401123,1.2439868450164795,1.2141475677490234,1.2424664497375488
2026-06-13T12:19:53.186492,134,1,-4020.9757007218677,0,1.3965882062911987,1.411268711090088,1.9277416467666626,0.5549460649490356,0.5549461245536804,0.08114050626754765,0.7188594937324524,0.8,0.1706312745809555,0.2030700147151947,0.028079988434910774,0.24475939571857452,0.03426831215620041,0,0.7188594937324524,0,0,0,0.0,0,1.8538353443145752,1.2661757469177246,1.2212724685668945,1.4954373836517334,2.212233304977417,1.2896450757980347,1.242706537246704,1.2074940204620361,1.2350510358810425
2026-06-13T12:19:56.521368,135,1,-3994.323587911929,0,1.3812788724899292,1.393807053565979,1.8859171867370605,0.5262500047683716,0.5262501239776611,0.15945171117782597,0.6405482888221741,0.8,0.17508339881896973,0.19326910376548767,0.06512340903282166,0.1345457136631012,0.01692363992333412,0,0.6405482888221741,0,0,0,0.0,0,1.8938322067260742,1.2650089263916016,1.2268867492675781,1.5746430158615112,2.2130212783813477,1.282963514328003,1.2470544576644897,1.207613229751587,1.2461601495742798
2026-06-13T12:20:00.246655,136,1,-5013.066595693798,0,1.3754888772964478,1.3904883861541748,1.8763948678970337,0.5268712639808655,0.5268712639808655,0.1567346334457398,0.6432653665542603,0.8,0.18523308634757996,0.21678142249584198,0.0609833225607872,0.22834481298923492,0.014444557018578053,0,0.6432653665542603,0,0,0,0.0,0,1.8869019746780396,1.2627297639846802,1.1849688291549683,1.5732121467590332,2.200591802597046,1.280411958694458,1.2450475692749023,1.1161675453186035,1.253770112991333
2026-06-13T12:20:03.655592,137,1,-2711.525524872597,0,1.3700075149536133,1.3818960189819336,1.862320065498352,0.5133450627326965,0.5133451223373413,0.1727035522460938,0.6272964477539062,0.8,0.19814833998680115,0.20652928948402405,0.07282322645187378,0.2675507664680481,0.04317161440849304,0,0.6272964477539062,0,0,0,0.0,0,1.883475422859192,1.2509427070617676,1.2127561569213867,1.5711112022399902,2.1958396434783936,1.2573777437210083,1.2445077896118164,1.1851447820663452,1.2403675317764282
2026-06-13T12:20:06.801876,138,1,-4766.068157187946,0,1.363929033279419,1.3757790327072144,1.852717638015747,0.5098392963409424,0.5098392963409424,0.225635039806366,0.574364960193634,0.8,0.1760188639163971,0.1934927999973297,0.07387569546699524,0.2980485260486603,0.0183027945458889,0,0.574364960193634,0,0,0,0.0,0,1.9276249408721924,1.265418291091919,1.1894218921661377,1.6465739011764526,2.2086760997772217,1.2872462272644043,1.2435903549194336,1.1345804929733276,1.2442634105682373
2026-06-13T12:20:10.769895,139,1,-2656.8266415275075,0,1.3747206926345825,1.3817858695983887,1.8442633152008057,0.4830741286277771,0.4830741882324219,0.28709642887115483,0.5129035711288452,0.8,0.18647049367427826,0.1920761615037918,0.0644199550151825,0.13330137729644775,0.033400747925043106,0,0.5129035711288452,0,0,0,0.0,0,1.8820592164993286,1.2578997611999512,1.198197603225708,1.6285035610198975,2.1356148719787598,1.2673912048339844,1.2484084367752075,1.1609556674957275,1.235439419746399
2026-06-13T12:20:14.484539,140,1,-5078.051964880075,0,1.3682376146316528,1.3781572580337524,1.8448458909988403,0.49501651525497437,0.49501651525497437,0.27665601968765263,0.5233439803123474,0.8,0.17102795839309692,0.2074587345123291,0.050075463950634,0.19363388419151306,0.016818005591630936,0,0.5233439803123474,0,0,0,0.0,0,1.9079450368881226,1.2641111612319946,1.1788268089294434,1.6564710140228271,2.159419059753418,1.2848225831985474,1.243399739265442,1.1095154285430908,1.2481383085250854
2026-06-13T12:20:18.084704,141,1,-4091.5355420832207,0,1.3569539785385132,1.3704363107681274,1.828075647354126,0.49619126319885254,0.4961913228034973,0.25979768037796025,0.5402023196220398,0.8,0.17302824556827545,0.20571894943714142,0.05625824257731438,0.3035619258880615,0.024729743599891663,0,0.5402023196220398,0,0,0,0.0,0,1.9347178936004639,1.2664358615875244,1.1448332071304321,1.6872966289520264,2.1821391582489014,1.2829997539520264,1.249871850013733,1.0377678871154785,1.2518985271453857
2026-06-13T12:20:21.361604,142,1,-4583.763806577519,0,1.349884033203125,1.364316701889038,1.8191066980361938,0.4959908723831177,0.49599090218544006,0.2572745561599732,0.5427254438400269,0.8,0.1748490035533905,0.2011084258556366,0.07560607045888901,0.2987931966781616,0.024339191615581512,0,0.5427254438400269,0,0,0,0.0,0,1.939422845840454,1.2616811990737915,1.1349669694900513,1.6956828832626343,2.1831626892089844,1.2771427631378174,1.2462196350097656,1.016689658164978,1.2532442808151245
2026-06-13T12:20:25.232827,143,1,-3915.102073587754,0,1.3522824048995972,1.363951325416565,1.8053098917007446,0.47591274976730347,0.47591277956962585,0.34969832301139836,0.4503016769886017,0.8,0.17447656393051147,0.21548932790756226,0.06478656083345413,0.17208893597126007,0.018195537850260735,0,0.4503016769886017,0,0,0,0.0,0,1.9389350414276123,1.2641105651855469,1.1345781087875366,1.7492058277130127,2.128664255142212,1.2838605642318726,1.2443604469299316,1.0149718523025513,1.254184365272522
2026-06-13T12:20:29.578013,144,1,-3212.254495938549,0,1.3519285917282104,1.3659803867340088,1.8061555624008179,0.48160725831985474,0.4816072881221771,0.34645675420761113,0.4535432457923889,0.8,0.19587863981723785,0.22081534564495087,0.07042538374662399,0.22255556285381317,0.012236934155225754,0,0.4535432457923889,0,0,0,0.0,0,1.9430313110351562,1.2679163217544556,1.106200933456421,1.7737199068069458,2.1123428344726562,1.2935665845870972,1.242266058921814,0.9575366377830505,1.2548651695251465
2026-06-13T12:20:31.441234,145,1,-4601.6653602558235,0,1.4793747663497925,1.5018517971038818,1.6732430458068848,0.3104577660560608,0.3104577958583832,0.48087133765220647,0.3191286623477936,0.8,0.2368546575307846,0.2795015275478363,0.06392736732959747,0.2788299322128296,0.015583052299916744,1,0.3191286623477936,1,0,0,0.0,0,1.0795280933380127,0.6469184160232544,1.1624808311462402,1.0144494771957397,1.1446067094802856,0.5355724692344666,0.7582643032073975,1.0685253143310547,1.2564363479614258
2026-06-13T12:20:33.218474,146,1,-4802.909455085193,0,1.5601938962936401,1.5865529775619507,1.7807583808898926,0.3473633825778961,0.3473634123802185,0.4802361607551575,0.31976383924484253,0.8,0.2656260132789612,0.3076333999633789,0.06401664018630981,0.3106398582458496,0.02459014020860195,1,0.31976383924484253,1,0,0,0.0,0,1.007128119468689,0.68874192237854,1.1405245065689087,0.9319462180137634,1.0823100805282593,0.6076158285140991,0.7698680758476257,1.0250755548477173,1.2559734582901
2026-06-13T12:20:34.838396,147,1,-4618.6191671774695,0,1.6983195543289185,1.7220392227172852,1.8860560655593872,0.32868051528930664,0.32868051528930664,0.4801400780677796,0.31985992193222046,0.8,0.27398014068603516,0.29602569341659546,0.0807831883430481,0.29573890566825867,0.0027798812370747328,1,0.31985992193222046,1,0,0,0.0,0,0.8161381483078003,0.5959622859954834,1.1431773900985718,0.7424728870391846,0.8898034691810608,0.49902886152267456,0.6928956508636475,1.0394713878631592,1.2468833923339844
2026-06-13T12:20:36.216084,148,1,-4323.10561242592,0,1.7775168418884277,1.7983671426773071,1.9102774858474731,0.295096755027771,0.2950967848300934,0.48104481697082524,0.3189551830291748,0.8,0.2569654881954193,0.31004658341407776,0.04682501405477524,0.260946661233902,0.011690555140376091,1,0.3189551830291748,1,0,0,0.0,0,0.7023086547851562,0.5071043372154236,1.1423206329345703,0.6588243842124939,0.7457928657531738,0.38416558504104614,0.630043089389801,1.0505149364471436,1.234126329421997
2026-06-13T12:20:37.413571,149,1,-4313.36730676033,0,1.817716121673584,1.8378992080688477,1.9245368242263794,0.2851114273071289,0.2851114571094513,0.48268233537673955,0.3173176646232605,0.8,0.27512669563293457,0.3230205774307251,0.05039314925670624,0.29864561557769775,0.017080005258321762,1,0.3173176646232605,1,0,0,0.0,0,0.6563695073127747,0.49457478523254395,1.1387064456939697,0.6346308588981628,0.6781081557273865,0.3647196590900421,0.6244298815727234,1.050175666809082,1.227237343788147
2026-06-13T12:20:38.635152,150,1,-4292.4286627856645,0,1.8422048091888428,1.8615729808807373,1.9535897970199585,0.2831997871398926,0.28319981694221497,0.48225625157356267,0.3177437484264374,0.8,0.2529091238975525,0.27873679995536804,0.06463230401277542,0.22635343670845032,0.022552669048309326,1,0.3177437484264374,1,0,0,0.0,0,0.633286714553833,0.5016710758209229,1.1441130638122559,0.6056886315345764,0.6608847379684448,0.370373398065567,0.6329687833786011,1.0590275526046753,1.2291984558105469
2026-06-13T12:20:40.077559,151,1,-4140.1121907152565,0,1.8781096935272217,1.897308349609375,1.9719929695129395,0.27939334511756897,0.27939337491989136,0.4827250719070435,0.31727492809295654,0.8,0.28145772218704224,0.34685224294662476,0.04005935415625572,0.18427586555480957,0.008288162760436535,1,0.31727492809295654,1,0,0,0.0,0,0.5854761004447937,0.46428751945495605,1.1386932134628296,0.5690938234329224,0.601858377456665,0.3304060399532318,0.5981690287590027,1.055187463760376,1.2221989631652832
2026-06-13T12:20:41.171327,152,1,-4182.8713075208525,0,1.8936221599578857,1.912128210067749,1.9838541746139526,0.27490758895874023,0.27490758895874023,0.4808698177337647,0.31913018226623535,0.8,0.3062373101711273,0.38585543632507324,0.06687566637992859,0.17693154513835907,0.03458579257130623,1,0.31913018226623535,1,0,0,0.0,0,0.5709107518196106,0.47082990407943726,1.136220932006836,0.5575703382492065,0.5842511653900146,0.3334713280200958,0.6081884503364563,1.0561230182647705,1.2163188457489014
2026-06-13T12:20:42.119457,153,1,-4220.8751025112315,0,1.9131568670272827,1.9323712587356567,1.9919370412826538,0.27827709913253784,0.27827712893486023,0.4817010343074799,0.31829896569252014,0.8,0.2686661183834076,0.3367481231689453,0.05964362993836403,0.3429965376853943,0.008867627941071987,1,0.31829896569252014,1,0,0,0.0,0,0.5437054634094238,0.44477760791778564,1.128499150276184,0.5393847823143005,0.5480260848999023,0.30991461873054504,0.5796406269073486,1.0441080331802368,1.2128902673721313
2026-06-13T12:20:43.239040,154,1,-4279.326198939485,0,1.9397567510604858,1.9585247039794922,2.036043405532837,0.281375527381897,0.28137555718421936,0.4819637715816498,0.3180362284183502,0.8,0.2754933834075928,0.3074549734592438,0.06793775409460068,0.3819396495819092,0.014421762898564339,1,0.3180362284183502,1,0,0,0.0,0,0.521377444267273,0.46456897258758545,1.1326987743377686,0.5006570816040039,0.542097806930542,0.33192577958106995,0.5972121953964233,1.0474742650985718,1.2179231643676758
2026-06-13T12:20:44.179530,155,1,-4249.839620601946,0,1.937424898147583,1.9566187858581543,2.0181429386138916,0.28022676706314087,0.28022676706314087,0.4809023022651673,0.31909769773483276,0.8,0.2701578140258789,0.32202088832855225,0.04421056807041168,0.1760796308517456,0.026799820363521576,1,0.31909769773483276,1,0,0,0.0,0,0.5143147110939026,0.42609506845474243,1.1274714469909668,0.5048046708106995,0.5238247513771057,0.29243406653404236,0.5597561001777649,1.0408681631088257,1.214074730873108
2026-06-13T12:20:45.171675,156,1,-4104.219814966014,0,1.9836668968200684,2.002291202545166,2.055194139480591,0.27755144238471985,0.27755147218704224,0.4830605268478394,0.31693947315216064,0.8,0.28504419326782227,0.33255937695503235,0.0467621274292469,0.18823929131031036,0.02206401899456978,1,0.31693947315216064,1,0,0,0.0,0,0.47011035680770874,0.4407011866569519,1.1274471282958984,0.47024470567703247,0.4699760377407074,0.30560386180877686,0.575798511505127,1.0446138381958008,1.210280418395996
2026-06-13T12:20:46.148103,157,1,-4187.799349956468,0,1.993391990661621,2.0116240978240967,2.0501058101654053,0.27294808626174927,0.27294811606407166,0.48076115846633916,0.3192388415336609,0.8,0.2555786967277527,0.3097655177116394,0.030158143490552902,0.203465074300766,0.004656120203435421,1,0.3192388415336609,1,0,0,0.0,0,0.455972820520401,0.4208964705467224,1.1312079429626465,0.46744897961616516,0.44449666142463684,0.28217431902885437,0.5596185922622681,1.0530873537063599,1.209328532218933
2026-06-13T12:20:47.037932,158,1,-4108.037614557752,0,2.031264543533325,2.049522638320923,2.0822761058807373,0.274918794631958,0.274918794631958,0.4815469563007355,0.3184530436992645,0.8,0.27871817350387573,0.3755108714103699,0.04839720577001572,0.19150826334953308,0.011409071274101734,1,0.3184530436992645,1,0,0,0.0,0,0.41223448514938354,0.39953476190567017,1.1232709884643555,0.4263499975204468,0.3981189429759979,0.26231881976127625,0.5367507338523865,1.0437372922897339,1.2028048038482666
2026-06-13T12:20:47.927672,159,1,-4107.43302149423,0,2.0050435066223145,2.0233917236328125,2.0613369941711426,0.2745078206062317,0.2745078206062317,0.4829350590705872,0.31706494092941284,0.8,0.29722821712493896,0.3852461874485016,0.029610898345708847,0.2403073012828827,0.01916361227631569,1,0.31706494092941284,1,0,0,0.0,0,0.4388652741909027,0.3969641327857971,1.1287199258804321,0.44772741198539734,0.4300031363964081,0.2597416043281555,0.5341866612434387,1.0498276948928833,1.207612156867981
2026-06-13T12:20:48.723867,160,1,-4016.2154884548722,0,2.054049253463745,2.071498394012451,2.1014912128448486,0.2699750065803528,0.2699750065803528,0.4819299757480622,0.31807002425193787,0.8,0.27070602774620056,0.3610389828681946,0.055055662989616394,0.2660987377166748,0.025407811626791954,1,0.31807002425193787,1,0,0,0.0,0,0.3859410285949707,0.38586586713790894,1.1174395084381104,0.40054845809936523,0.37133362889289856,0.24535879492759705,0.5263729095458984,1.044387936592102,1.190490961074829
2026-06-13T12:20:49.610531,161,1,-4001.2339338522193,0,2.0489625930786133,2.067121982574463,2.0911128520965576,0.2744472622871399,0.2744472622871399,0.48131119012832646,0.3186888098716736,0.8,0.29119306802749634,0.3542417287826538,0.05110474303364754,0.25849294662475586,0.02278655767440796,1,0.3186888098716736,1,0,0,0.0,0,0.38982051610946655,0.37699124217033386,1.123706579208374,0.4095686972141266,0.3700723648071289,0.23940454423427582,0.5145779252052307,1.045792818069458,1.20162034034729
2026-06-13T12:20:50.487176,162,1,-4005.9626060315272,0,2.037508487701416,2.0557308197021484,2.0809552669525146,0.274270236492157,0.274270236492157,0.4813885867595673,0.31861141324043274,0.8,0.2622794806957245,0.32767096161842346,0.045930810272693634,0.2494448721408844,0.029250256717205048,1,0.31861141324043274,1,0,0,0.0,0,0.4017307758331299,0.3767014145851135,1.1282830238342285,0.42022502422332764,0.38323649764060974,0.23900872468948364,0.5143941044807434,1.0503278970718384,1.206238031387329
2026-06-13T12:20:51.291517,163,1,-3910.8521360194077,0,2.051305055618286,2.0692267417907715,2.0951504707336426,0.27298110723495483,0.2729811370372772,0.4811105310916901,0.31888946890830994,0.8,0.2848449945449829,0.35132768750190735,0.03351636603474617,0.20884200930595398,0.020789943635463715,1,0.31888946890830994,1,0,0,0.0,0,0.3871777057647705,0.3754829168319702,1.124140739440918,0.40454646944999695,0.36980897188186646,0.23685301840305328,0.5141128301620483,1.047311782836914,1.2009698152542114
2026-06-13T12:20:52.025688,164,1,-4008.8302841850627,0,2.0764873027801514,2.093900680541992,2.121969223022461,0.2709408104419708,0.2709408104419708,0.48236508965492253,0.3176349103450775,0.8,0.2556946873664856,0.37780895829200745,0.041952088475227356,0.1872176080942154,0.012579166330397129,1,0.3176349103450775,1,0,0,0.0,0,0.35866883397102356,0.35948556661605835,1.1246458292007446,0.37116387486457825,0.34617379307746887,0.21971797943115234,0.49925318360328674,1.0502692461013794,1.1990224123001099
2026-06-13T12:20:52.771567,165,1,-3981.751325796727,0,2.075855016708374,2.0940918922424316,2.1102256774902344,0.2762387990951538,0.2762387990951538,0.4831220388412476,0.31687796115875244,0.8,0.2961396872997284,0.39677894115448,0.05849812179803848,0.14498969912528992,0.009617871604859829,1,0.31687796115875244,1,0,0,0.0,0,0.36392897367477417,0.38782086968421936,1.114816427230835,0.39334872364997864,0.3345091938972473,0.25182706117630005,0.5238146781921387,1.03903329372406,1.1905994415283203
2026-06-13T12:20:53.477732,166,1,-3951.9483294181196,0,2.1028459072113037,2.119779348373413,2.147554636001587,0.26883989572525024,0.26883989572525024,0.48226698040962224,0.3177330195903778,0.8,0.26065194606781006,0.3617119789123535,0.0654180496931076,0.26578933000564575,0.024679038673639297,1,0.3177330195903778,1,0,0,0.0,0,0.33002445101737976,0.35376060009002686,1.1096150875091553,0.3420066833496094,0.31804221868515015,0.21255598962306976,0.49496519565582275,1.0378080606460571,1.181422233581543
2026-06-13T12:20:54.117883,167,1,-3938.0434513219197,0,2.0900182723999023,2.1079845428466797,2.1119017601013184,0.27465933561325073,0.2746593654155731,0.48257671594619755,0.3174232840538025,0.8,0.280307799577713,0.3888542652130127,0.04842542111873627,0.2486417591571808,0.010983574204146862,1,0.3174232840538025,1,0,0,0.0,0,0.34175869822502136,0.3455001711845398,1.111570119857788,0.3780089020729065,0.30550849437713623,0.20831063389778137,0.4826897084712982,1.0404762029647827,1.182663917541504
2026-06-13T12:20:54.766014,168,1,-3901.568441476379,0,2.09478497505188,2.1124603748321533,2.1283695697784424,0.27316221594810486,0.27316221594810486,0.4828066408634186,0.3171933591365814,0.8,0.2955903708934784,0.4231353998184204,0.04230637475848198,0.3913283944129944,0.02103601209819317,1,0.3171933591365814,1,0,0,0.0,0,0.3395930826663971,0.36224648356437683,1.107818603515625,0.36547255516052246,0.31371361017227173,0.22407734394073486,0.5004156231880188,1.034385323524475,1.181251883506775
2026-06-13T12:20:55.458387,169,1,-3949.8268918970543,0,2.1101362705230713,2.128126621246338,2.1361074447631836,0.2762455344200134,0.2762455642223358,0.4829275488853455,0.31707245111465454,0.8,0.2668030858039856,0.36016011238098145,0.0741998702287674,0.31872355937957764,0.02416294254362583,1,0.31707245111465454,1,0,0,0.0,0,0.32272112369537354,0.351879358291626,1.1173360347747803,0.3550385534763336,0.29040366411209106,0.21585170924663544,0.4879069924354553,1.0425978899002075,1.1920742988586426
2026-06-13T12:20:56.125153,170,1,-3917.760277754587,0,2.103886127471924,2.121511459350586,2.135310649871826,0.2732493579387665,0.2732493579387665,0.48076547980308537,0.3192345201969147,0.8,0.26789966225624084,0.3597157895565033,0.05675581842660904,0.2948998808860779,0.020847197622060776,1,0.3192345201969147,1,0,0,0.0,0,0.3256235420703888,0.33351394534111023,1.109850525856018,0.3495470881462097,0.30169999599456787,0.19499839842319489,0.47202950716018677,1.034227967262268,1.185473084449768
2026-06-13T12:20:56.875629,171,1,-3837.5892911223345,0,2.1392569541931152,2.1553900241851807,2.1694753170013428,0.2635989189147949,0.2635989487171173,0.4808249950408936,0.31917500495910645,0.8,0.27939534187316895,0.38349929451942444,0.04749152064323425,0.22038669884204865,0.011964809149503708,1,0.31917500495910645,1,0,0,0.0,0,0.2960493862628937,0.37486058473587036,1.0963926315307617,0.3242880702018738,0.2678107023239136,0.22988083958625793,0.5198403000831604,1.0359638929367065,1.1568212509155273
2026-06-13T12:20:57.632298,172,1,-3873.8232031725556,0,2.118079900741577,2.1347765922546387,2.141819953918457,0.2665667235851288,0.2665667235851288,0.4809250116348267,0.31907498836517334,0.8,0.30893123149871826,0.437953919172287,0.05196791887283325,0.21838781237602234,0.02282818779349327,1,0.31907498836517334,1,0,0,0.0,0,0.3122542202472687,0.34323978424072266,1.0988229513168335,0.344320684671402,0.2801877558231354,0.20024678111076355,0.4862327575683594,1.0357598066329956,1.1618860960006714
2026-06-13T12:20:58.277662,173,1,-3845.864729139865,0,2.1350793838500977,2.1528310775756836,2.1529364585876465,0.2758913040161133,0.2758913040161133,0.48186438083648686,0.3181356191635132,0.8,0.29226556420326233,0.40844374895095825,0.043702419847249985,0.22695252299308777,0.02319418638944626,1,0.3181356191635132,1,0,0,0.0,0,0.2927984595298767,0.32919010519981384,1.0994971990585327,0.33065474033355713,0.2549421787261963,0.1927069127559662,0.4656732976436615,1.0270968675613403,1.171897530555725
2026-06-13T12:20:58.875307,174,1,-3831.9273671232604,0,2.122309446334839,2.1387925148010254,2.1512300968170166,0.2653115391731262,0.2653115391731262,0.48131580948829655,0.3186841905117035,0.8,0.28395596146583557,0.4037860333919525,0.05188295245170593,0.3986091613769531,0.022009817883372307,1,0.3186841905117035,1,0,0,0.0,0,0.30772826075553894,0.34409645199775696,1.0905213356018066,0.3344162106513977,0.2810403108596802,0.20034681260585785,0.4878460764884949,1.027167558670044,1.1538751125335693
2026-06-13T12:20:59.567959,175,1,-3953.902679271067,0,2.103841543197632,2.12451171875,2.1389734745025635,0.2959890067577362,0.2959890067577362,0.4834013462066651,0.31659865379333496,0.8,0.2774587869644165,0.3807791769504547,0.0699700191617012,0.21142137050628662,0.034270163625478745,1,0.31659865379333496,1,0,0,0.0,0,0.3342088758945465,0.3837282955646515,1.106811761856079,0.39664503931999207,0.27177271246910095,0.2619168162345886,0.5055397748947144,1.0272984504699707,1.1863250732421875
2026-06-13T12:21:00.216269,176,1,-3853.5631114247303,0,2.125380039215088,2.1427814960479736,2.147653818130493,0.27257364988327026,0.27257370948791504,0.4815872490406037,0.31841275095939636,0.8,0.2872169017791748,0.4068617522716522,0.03913310170173645,0.33383190631866455,0.029803916811943054,1,0.31841275095939636,1,0,0,0.0,0,0.31155169010162354,0.3838980197906494,1.090804100036621,0.3516572117805481,0.2714461386203766,0.2450851947069168,0.5227108597755432,1.0239518880844116,1.157656192779541
2026-06-13T12:21:00.924825,177,1,-3863.0674673626604,0,2.1389522552490234,2.1562983989715576,2.1568989753723145,0.2729569673538208,0.2729569971561432,0.48136495351791386,0.3186350464820862,0.8,0.2810310423374176,0.39413711428642273,0.061079300940036774,0.1285119354724884,0.008002026006579399,1,0.3186350464820862,1,0,0,0.0,0,0.2973927855491638,0.382643461227417,1.087998628616333,0.34163105487823486,0.25315454602241516,0.24404776096343994,0.521239161491394,1.0230656862258911,1.1529314517974854
2026-06-13T12:21:01.566303,178,1,-3817.043148164374,0,2.145965814590454,2.1623752117156982,2.1708192825317383,0.2660241723060608,0.2660241723060608,0.48508958816528325,0.3149104118347168,0.8,0.2724682092666626,0.386610209941864,0.052297234535217285,0.19752603769302368,0.0228675939142704,1,0.3149104118347168,1,0,0,0.0,0,0.281299352645874,0.33123981952667236,1.0809733867645264,0.3106360137462616,0.25196269154548645,0.18871071934700012,0.4737689197063446,1.0208323001861572,1.141114592552185
2026-06-13T12:21:02.212066,179,1,-3837.952010936416,0,2.143059253692627,2.1612906455993652,2.164985179901123,0.2801581025123596,0.2801581025123596,0.48505612015724187,0.3149438798427582,0.8,0.3066929280757904,0.4487189054489136,0.04491982236504555,0.20430238544940948,0.014136109501123428,1,0.3149438798427582,1,0,0,0.0,0,0.2872803807258606,0.34775954484939575,1.0904494524002075,0.3319574296474457,0.2426033616065979,0.21487346291542053,0.48064562678337097,1.0187370777130127,1.1621618270874023
2026-06-13T12:21:02.861095,180,1,-3836.9743496178794,0,2.1406006813049316,2.159891366958618,2.181370258331299,0.28882795572280884,0.28882795572280884,0.48105134367942814,0.3189486563205719,0.8,0.3070836067199707,0.4278358817100525,0.07078475505113602,0.19254988431930542,0.02048737183213234,1,0.3189486563205719,1,0,0,0.0,0,0.2928347885608673,0.3652651309967041,1.092772126197815,0.3590382933616638,0.226631298661232,0.2377520501613617,0.4927782118320465,1.023565411567688,1.161978840827942
2026-06-13T12:21:03.606510,181,1,-3857.1888663917175,0,2.1623141765594482,2.179943084716797,2.190955400466919,0.27689534425735474,0.2768953740596771,0.4812205612659455,0.31877943873405457,0.8,0.2930525243282318,0.4320341646671295,0.03782156482338905,0.21116524934768677,0.012946070171892643,1,0.31877943873405457,1,0,0,0.0,0,0.2683641016483307,0.3524967432022095,1.0864694118499756,0.32066813111305237,0.216060072183609,0.21657916903495789,0.48841428756713867,1.0216944217681885,1.1512442827224731
2026-06-13T12:21:04.296670,182,1,-3864.974874069614,0,2.1566152572631836,2.1752445697784424,2.1915369033813477,0.2845448851585388,0.2845449149608612,0.48384879827499394,0.3161512017250061,0.8,0.3004412055015564,0.42359408736228943,0.06820744276046753,0.21423090994358063,0.017242854461073875,1,0.3161512017250061,1,0,0,0.0,0,0.2737623453140259,0.3486628234386444,1.0923895835876465,0.3317146301269531,0.21581004559993744,0.2186351865530014,0.4786904454231262,1.0236709117889404,1.161108136177063
2026-06-13T12:21:04.900240,183,1,-3841.7896221777237,0,2.1570141315460205,2.175490140914917,2.1867966651916504,0.2831518054008484,0.2831518054008484,0.4819265484809876,0.31807345151901245,0.8,0.3276894688606262,0.48011326789855957,0.06650631129741669,0.24481642246246338,0.013237888924777508,1,0.31807345151901245,1,0,0,0.0,0,0.27249160408973694,0.3457755446434021,1.0828077793121338,0.3248790502548218,0.2201041728258133,0.21437834203243256,0.47717273235321045,1.010123372077942,1.1554920673370361
2026-06-13T12:21:05.543688,184,1,-3857.5902088487705,0,2.164867639541626,2.183311939239502,2.1971919536590576,0.28353649377822876,0.28353652358055115,0.4827110052108765,0.31728899478912354,0.8,0.31279894709587097,0.4466516077518463,0.0491335429251194,0.2172102928161621,0.025831831619143486,1,0.31728899478912354,1,0,0,0.0,0,0.26474010944366455,0.3462885022163391,1.0860257148742676,0.3197162449359894,0.2097640037536621,0.21531955897808075,0.4772574305534363,1.015365719795227,1.1566858291625977
2026-06-13T12:21:06.111919,185,1,-3820.450660735869,0,2.166980028152466,2.1837658882141113,2.193519115447998,0.270417183637619,0.270417183637619,0.48108621239662175,0.3189137876033783,0.8,0.3187955915927887,0.45857176184654236,0.045948758721351624,0.2528879642486572,0.01966490037739277,1,0.3189137876033783,1,0,0,0.0,0,0.2663157284259796,0.37225809693336487,1.0679532289505005,0.31989336013793945,0.21273809671401978,0.23188181221485138,0.5126343965530396,1.014563798904419,1.121342658996582
2026-06-13T12:21:06.666355,186,1,-3768.2318357047275,0,2.166924476623535,2.1842246055603027,2.1883301734924316,0.27439266443252563,0.27439266443252563,0.48591406941413884,0.3140859305858612,0.8,0.31979596614837646,0.4829537272453308,0.06240149214863777,0.4649825394153595,0.018802685663104057,1,0.3140859305858612,1,0,0,0.0,0,0.2611578702926636,0.3409733772277832,1.0682172775268555,0.3053005039691925,0.21701525151729584,0.20425944030284882,0.4776873290538788,1.0047885179519653,1.1316461563110352
2026-06-13T12:21:07.222463,187,1,-3769.6856147449744,0,2.1693978309631348,2.1873555183410645,2.2041680812835693,0.28021395206451416,0.28021395206451416,0.4838207840919495,0.31617921590805054,0.8,0.35090774297714233,0.5219911932945251,0.04641900956630707,0.31271475553512573,0.02079501375555992,1,0.31617921590805054,1,0,0,0.0,0,0.2634836733341217,0.36914968490600586,1.0728975534439087,0.3247884511947632,0.20217891037464142,0.23605911433696747,0.5022402405738831,1.0135599374771118,1.1322351694107056
2026-06-13T12:21:07.849474,188,1,-3826.3093554081815,0,2.135488271713257,2.149071216583252,2.183555841445923,0.24369259178638458,0.24369259178638458,0.48361887335777287,0.3163811266422272,0.8,0.3719227910041809,0.5044792890548706,0.06113061308860779,0.25470906496047974,0.017730917781591415,1,0.3163811266422272,1,0,0,0.0,0,0.3136499524116516,0.45489540696144104,1.0228731632232666,0.3310166597366333,0.29628321528434753,0.2978476881980896,0.6119431257247925,1.0152140855789185,1.0305323600769043
2026-06-13T12:21:08.422388,189,1,-3837.4435475203654,0,2.1268563270568848,2.1427001953125,2.145531415939331,0.2601054608821869,0.2601054906845093,0.4822130680084229,0.31778693199157715,0.8,0.3569112718105316,0.5104070901870728,0.02986755222082138,0.2223338484764099,0.016914743930101395,1,0.31778693199157715,1,0,0,0.0,0,0.31886059045791626,0.4368627071380615,1.0390722751617432,0.374445378780365,0.26327580213546753,0.2898723781108856,0.5838530659675598,1.015592336654663,1.0625520944595337
2026-06-13T12:21:09.033202,190,1,-3900.645085405933,0,2.093836545944214,2.1089112758636475,2.135643720626831,0.2531195878982544,0.2531196177005768,0.4840908229351044,0.31590917706489563,0.8,0.40424031019210815,0.534319281578064,0.07843299210071564,0.34052354097366333,0.01411207765340805,1,0.31590917706489563,1,0,0,0.0,0,0.3789491653442383,0.5472378134727478,0.9940139055252075,0.4183785021305084,0.33951982855796814,0.39613765478134155,0.698337972164154,1.017756700515747,0.9702710509300232
2026-06-13T12:21:09.819141,191,1,-3974.8479436861207,0,2.0888190269470215,2.1041669845581055,2.1251933574676514,0.2545483112335205,0.2545483112335205,0.48064245581626897,0.3193575441837311,0.8,0.40148746967315674,0.5021941065788269,0.09680815041065216,0.23033243417739868,0.017855938524007797,1,0.3193575441837311,1,0,0,0.0,0,0.3885946273803711,0.5633310079574585,0.9915562868118286,0.43627968430519104,0.34090957045555115,0.41245290637016296,0.7142090797424316,1.012986421585083,0.9701261520385742
2026-06-13T12:21:10.495085,192,1,-3884.6411051208643,0,2.1043267250061035,2.1190991401672363,2.1471285820007324,0.2513493299484253,0.2513493597507477,0.48124601244926457,0.3187539875507355,0.8,0.4159803092479706,0.5505541563034058,0.11252906918525696,0.19931373000144958,0.018685122951865196,1,0.3187539875507355,1,0,0,0.0,0,0.36910152435302734,0.5509133338928223,0.9883183240890503,0.40677160024642944,0.33143141865730286,0.39813268184661865,0.7036940455436707,1.0136175155639648,0.963019073009491
2026-06-13T12:21:11.203904,193,1,-3944.3567218554876,0,2.0709471702575684,2.085836887359619,2.137683868408203,0.25412797927856445,0.25412797927856445,0.48247619271278386,0.3175238072872162,0.8,0.44403403997421265,0.5620856881141663,0.11439529061317444,0.22428134083747864,0.029711134731769562,1,0.3175238072872162,1,0,0,0.0,0,0.4411485195159912,0.6710506677627563,0.9624052047729492,0.4705471694469452,0.4117498993873596,0.5202702879905701,0.8218310475349426,1.0024843215942383,0.9223260283470154
2026-06-13T12:21:11.995940,194,1,-3997.0378011271796,0,2.052994728088379,2.0685386657714844,2.120840072631836,0.25845867395401,0.2584587037563324,0.4828888654708863,0.31711113452911377,0.8,0.4367489814758301,0.5315741300582886,0.09520445764064789,0.15636682510375977,0.022383451461791992,1,0.31711113452911377,1,0,0,0.0,0,0.4811590313911438,0.7287758588790894,0.9585018754005432,0.519603431224823,0.4427146315574646,0.5808521509170532,0.8766995668411255,1.0006974935531616,0.9163062572479248
2026-06-13T12:21:12.699128,195,1,-3933.6925413761055,0,2.072552442550659,2.087707996368408,2.13795804977417,0.2560756206512451,0.2560756206512451,0.483416098356247,0.31658390164375305,0.8,0.45866644382476807,0.5706884264945984,0.08926582336425781,0.18636690080165863,0.010320151224732399,1,0.31658390164375305,1,0,0,0.0,0,0.44384878873825073,0.6833422183990479,0.9553897380828857,0.4768485128879547,0.41084903478622437,0.533990204334259,0.8326942324638367,0.9961491823196411,0.9146302938461304
2026-06-13T12:21:13.402557,196,1,-4028.4139273636374,0,2.0576605796813965,2.0733017921447754,2.127368688583374,0.25987619161605835,0.25987619161605835,0.48344599008560185,0.3165540099143982,0.8,0.4735974669456482,0.5722054243087769,0.09293757379055023,0.22363819181919098,0.03208061307668686,1,0.3165540099143982,1,0,0,0.0,0,0.47692832350730896,0.7305788397789001,0.9550900459289551,0.5137173533439636,0.4401392936706543,0.5836838483810425,0.8774738311767578,1.001133918762207,0.9090461134910583
2026-06-13T12:21:14.247539,197,1,-4008.3080264987793,0,2.056323766708374,2.0718417167663574,2.1350200176239014,0.2608654499053955,0.2608655095100403,0.4842434108257294,0.31575658917427063,0.8,0.4981811046600342,0.633377730846405,0.08786395192146301,0.2278328239917755,0.0240935031324625,1,0.31575658917427063,1,0,0,0.0,0,0.49638792872428894,0.7756127119064331,0.9438450336456299,0.5296099781990051,0.46316587924957275,0.6295192837715149,0.9217061996459961,0.9936301112174988,0.894059956073761
2026-06-13T12:21:14.984205,198,1,-4024.316441643453,0,2.058544874191284,2.074267864227295,2.1428921222686768,0.2639846205711365,0.26398465037345886,0.4804360747337342,0.31956392526626587,0.8,0.4821254312992096,0.5819240212440491,0.0935879647731781,0.22088664770126343,0.016329731792211533,1,0.31956392526626587,1,0,0,0.0,0,0.5190627574920654,0.8338971138000488,0.9344420433044434,0.5545205473899841,0.4836049973964691,0.6890941262245178,0.9787001013755798,0.991932213306427,0.8769519329071045
2026-06-13T12:21:15.791585,199,1,-4098.961334273419,0,2.052218437194824,2.069115400314331,2.1486449241638184,0.27561354637145996,0.27561354637145996,0.482765007019043,0.31723499298095703,0.8,0.50321364402771,0.623167097568512,0.11401720345020294,0.12751543521881104,0.03421124443411827,1,0.31723499298095703,1,0,0,0.0,0,0.5752735137939453,0.9360485672950745,0.9239290356636047,0.6173902750015259,0.5331568121910095,0.7995526790618896,1.0725444555282593,0.9928823709487915,0.854975700378418
2026-06-13T12:21:16.488742,200,1,-4012.6321283178845,0,2.0750131607055664,2.0911014080047607,2.158107042312622,0.2674233913421631,0.2674234211444855,0.48067443370819096,0.3193255662918091,0.8,0.5128312110900879,0.6191827058792114,0.10183949023485184,0.1919611394405365,0.020173221826553345,1,0.3193255662918091,1,0,0,0.0,0,0.5106759071350098,0.8548805713653564,0.9271082282066345,0.5507290959358215,0.4706227779388428,0.7124094367027283,0.9973517656326294,0.9870241284370422,0.8671923279762268
2026-06-13T12:21:17.296603,201,1,-4040.448983940675,0,2.053406000137329,2.070626735687256,2.1409831047058105,0.2756265699863434,0.2756265699863434,0.48457853794097905,0.315421462059021,0.8,0.5307767987251282,0.6352315545082092,0.12714101374149323,0.24787452816963196,0.029686398804187775,1,0.315421462059021,1,0,0,0.0,0,0.5642777681350708,0.9168276190757751,0.9223694801330566,0.6140778660774231,0.5144776701927185,0.7806992530822754,1.052955985069275,0.9845120310783386,0.8602269887924194
2026-06-13T12:21:18.133016,202,1,-4122.86146602641,0,2.047926664352417,2.0665078163146973,2.1473307609558105,0.2880686819553375,0.2880687117576599,0.48181109428405766,0.3181889057159424,0.8,0.5306820273399353,0.6417686939239502,0.09652025997638702,0.1952902376651764,0.02014300785958767,1,0.3181889057159424,1,0,0,0.0,0,0.6312466263771057,1.028083324432373,0.9074822068214417,0.6911393404006958,0.5713539123535156,0.9001739621162415,1.1559926271438599,0.9807154536247253,0.834248960018158
2026-06-13T12:21:18.866532,203,1,-3971.6039828226003,0,2.048438310623169,2.0646607875823975,2.150959014892578,0.2723456919193268,0.2723456919193268,0.4818928122520447,0.3181071877479553,0.8,0.5620760917663574,0.6702813506126404,0.10781324654817581,0.20274507999420166,0.006743228062987328,1,0.3181071877479553,1,0,0,0.0,0,0.6238758563995361,1.0161186456680298,0.9052110910415649,0.6695906519889832,0.5781611204147339,0.877211332321167,1.1550259590148926,0.9677647948265076,0.8426573872566223
2026-06-13T12:21:19.626348,204,1,-4101.192282203716,0,2.0522100925445557,2.0686635971069336,2.1653904914855957,0.2777758240699768,0.2777758538722992,0.4817375719547272,0.3182624280452728,0.8,0.5683625936508179,0.6737804412841797,0.10380720347166061,0.16269651055335999,0.02193305641412735,1,0.3182624280452728,1,0,0,-0.0003743171691894531,0,0.6560107469558716,1.076395869255066,0.8930476903915405,0.7003393173217773,0.6116822361946106,0.9411917328834534,1.2116000652313232,0.9643046855926514,0.8217907547950745
2026-06-13T12:21:20.390232,205,1,-4139.069643383059,0,2.0682945251464844,2.086808204650879,2.179056406021118,0.29229310154914856,0.29229316115379333,0.48271142244338994,0.3172885775566101,0.8,0.5492627620697021,0.6656385660171509,0.09396851062774658,0.1054680123925209,0.03781234100461006,1,0.3172885775566101,1,0,0,-9.441375732421875e-05,0,0.6732680797576904,1.1329219341278076,0.8871882557868958,0.7375916242599487,0.6089444756507874,1.0082560777664185,1.2575879096984863,0.9612753391265869,0.8131011724472046
2026-06-13T12:21:21.113515,206,1,-4158.813619683927,0,2.049309492111206,2.066549777984619,2.16548752784729,0.2841598391532898,0.2841598391532898,0.48353921175003056,0.3164607882499695,0.8,0.5762178897857666,0.6864095330238342,0.08031518012285233,0.17731274664402008,0.014937631785869598,1,0.3164607882499695,1,0,0,-0.0001628398895263672,0,0.6575031876564026,1.0737210512161255,0.8975445628166199,0.7017284035682678,0.6132779717445374,0.9433584809303284,1.2040835618972778,0.9755612015724182,0.8195279240608215
2026-06-13T12:21:21.901241,207,1,-4041.923576420435,0,2.066495180130005,2.0828874111175537,2.1881837844848633,0.2812563180923462,0.28125637769699097,0.4840513646602631,0.31594863533973694,0.8,0.5304690003395081,0.6937837600708008,0.08808453381061554,0.13852721452713013,0.05383697897195816,1,0.31594863533973694,1,0,0,0.0,0,0.712921142578125,1.1856660842895508,0.8644915819168091,0.7655549645423889,0.6602873802185059,1.0533525943756104,1.3179794549942017,0.9328927993774414,0.7960903644561768
2026-06-13T12:21:22.653899,208,1,-4168.065882733761,0,2.069446325302124,2.0866405963897705,2.1784393787384033,0.28264468908309937,0.28264474868774414,0.4810284554958344,0.31897154450416565,0.8,0.5382357835769653,0.6645920276641846,0.1143953800201416,0.19821855425834656,0.04581749811768532,1,0.31897154450416565,1,0,0,-0.00014138221740722656,0,0.7009887099266052,1.1745052337646484,0.8715236186981201,0.7691588401794434,0.6328185796737671,1.0425705909729004,1.306439757347107,0.9296769499778748,0.8133702874183655
2026-06-13T12:21:23.428424,209,1,-4162.940303456622,0,2.063488483428955,2.0809638500213623,2.1646811962127686,0.28184038400650024,0.281840443611145,0.4809034049510956,0.3190965950489044,0.8,0.5769392251968384,0.7195495367050171,0.10313795506954193,0.47517937421798706,0.040904149413108826,1,0.3190965950489044,1,0,0,-0.0009291172027587891,0,0.7096379995346069,1.1759819984436035,0.8668560981750488,0.7896084189414978,0.6296675801277161,1.043454885482788,1.3085089921951294,0.9055468440055847,0.8281653523445129
2026-06-13T12:21:24.466380,210,1,-4167.2950272305125,0,2.068723678588867,2.0894083976745605,2.175930976867676,0.3057720363140106,0.3057720959186554,0.4815632283687592,0.31843677163124084,0.8,0.49529850482940674,0.7099307775497437,0.0894111692905426,0.26672208309173584,0.053846634924411774,1,0.31843677163124084,1,0,0,-0.0001461505889892578,0,0.7456701397895813,1.2348873615264893,0.8663490414619446,0.8454744815826416,0.645865797996521,1.1200698614120483,1.3497047424316406,0.913322925567627,0.8193751573562622
2026-06-13T12:21:25.807790,211,1,-4105.445269336223,0,2.0319817066192627,2.0575790405273438,2.1521294116973877,0.33707886934280396,0.33707886934280396,0.48191143870353703,0.318088561296463,0.8,0.49604445695877075,0.70322585105896,0.11479617655277252,0.30676424503326416,0.027378089725971222,1,0.318088561296463,1,0,0,0.0,0,0.8254079818725586,1.275329351425171,0.8478670120239258,0.9489386677742004,0.7018773555755615,1.185738205909729,1.3649204969406128,0.8926854133605957,0.8030486702919006
2026-06-13T12:21:26.851714,212,1,-4148.73816009296,0,2.021160125732422,2.0428380966186523,2.134922981262207,0.3107704818248749,0.3107704818248749,0.4811495423316956,0.31885045766830444,0.8,0.5206349492073059,0.7357181906700134,0.08086615800857544,0.24852892756462097,0.051682185381650925,1,0.31885045766830444,1,0,0,0.0,0,0.8144118785858154,1.2451213598251343,0.856224536895752,0.918346643447876,0.7104771733283997,1.1340737342834473,1.3561689853668213,0.9039990305900574,0.8084501028060913
2026-06-13T12:21:27.852970,213,1,-4176.16215799524,0,2.0292611122131348,2.0508553981781006,2.1412484645843506,0.31028714776039124,0.310287207365036,0.48122014403343205,0.318779855966568,0.8,0.5216180086135864,0.7044235467910767,0.09685133397579193,0.4347935914993286,0.044820867478847504,1,0.318779855966568,1,0,0,0.0,0,0.7970523834228516,1.2381362915039062,0.8755916357040405,0.9006164073944092,0.693488359451294,1.1267274618148804,1.3495450019836426,0.9232122898101807,0.8279709815979004
2026-06-13T12:21:28.862275,214,1,-4218.339676928583,0,2.015744924545288,2.0379862785339355,2.1276981830596924,0.31338226795196533,0.3133822977542877,0.4828253865242005,0.31717461347579956,0.8,0.506872832775116,0.6729047298431396,0.11684226989746094,0.22357073426246643,0.03104373998939991,1,0.31717461347579956,1,0,0,0.0,0,0.8139042258262634,1.2358272075653076,0.857667088508606,0.9219619035720825,0.7058465480804443,1.1271504163742065,1.3445041179656982,0.8984447121620178,0.8168894052505493
2026-06-13T12:21:29.884046,215,1,-4226.307585272416,0,1.9897416830062866,2.019132137298584,2.1268112659454346,0.3597448766231537,0.3597449064254761,0.48266850709915166,0.3173314929008484,0.8,0.5059370994567871,0.7016128897666931,0.11102119088172913,0.3381377160549164,0.032799530774354935,1,0.3173314929008484,1,0,0,0.0,0,0.8907762765884399,1.287569284439087,0.8467648029327393,1.0231379270553589,0.7584145665168762,1.2178713083267212,1.3572673797607422,0.8996551036834717,0.7938744425773621
2026-06-13T12:21:30.989264,216,1,-4079.7917389045797,0,1.9670499563217163,1.9918737411499023,2.097928524017334,0.33094334602355957,0.33094334602355957,0.48312236666679387,0.3168776333332062,0.8,0.49128782749176025,0.6860504746437073,0.06902384012937546,0.14378519356250763,0.03336247056722641,1,0.3168776333332062,1,0,0,0.0,0,0.9030459523200989,1.2676903009414673,0.8537991642951965,1.0147141218185425,0.7913777828216553,1.1732161045074463,1.3621644973754883,0.9146900773048401,0.792908251285553
2026-06-13T12:21:32.171840,217,1,-4269.28192737299,0,1.9801244735717773,2.002736806869507,2.097511053085327,0.3147139847278595,0.3147140443325043,0.4813417971134186,0.3186582028865814,0.8,0.5433617234230042,0.7350609302520752,0.13926732540130615,0.2664175033569336,0.06960032880306244,1,0.3186582028865814,1,0,0,0.0,0,0.8593557476997375,1.2359669208526611,0.8596667647361755,0.966049313545227,0.752662181854248,1.1280407905578613,1.3438929319381714,0.9081869721412659,0.8111465573310852
2026-06-13T12:21:33.358351,218,1,-4316.468696466798,0,1.9673051834106445,2.000824213027954,2.1223056316375732,0.38440272212028503,0.3844027817249298,0.48109586834907536,0.3189041316509247,0.8,0.5006263852119446,0.7078176140785217,0.07610835880041122,0.23938582837581635,0.019848652184009552,1,0.3189041316509247,1,0,0,0.0,0,0.9432622790336609,1.312208652496338,0.8377857208251953,1.0896024703979492,0.7969220876693726,1.2651342153549194,1.3592829704284668,0.8801355957984924,0.7954357862472534
2026-06-13T12:21:34.510121,219,1,-3522.0685636027456,0,1.953372836112976,1.9996469020843506,2.1673378944396973,0.4593938887119293,0.4593938887119293,0.43770082592964177,0.3622991740703583,0.8,0.3898428678512573,0.47653084993362427,0.08247573673725128,0.3555493950843811,0.07222162187099457,0,0.3622991740703583,1,1,0,0.0,0,1.0296192169189453,1.3801491260528564,0.8185892701148987,1.206572413444519,0.8526660203933716,1.4029335975646973,1.3573646545410156,0.8499518036842346,0.7872267365455627
2026-06-13T12:21:35.626686,220,1,-3322.670011219031,0,1.9274436235427856,1.9749352931976318,2.151731491088867,0.4653889536857605,0.4653889834880829,0.43545155525207524,0.3645484447479248,0.8,0.4141640067100525,0.5031519532203674,0.07670604437589645,0.23956328630447388,0.07494305819272995,0,0.3645484447479248,1,1,0,0.0,0,1.0635699033737183,1.3775900602340698,0.8232545852661133,1.240197777748108,0.8869419693946838,1.4067938327789307,1.348386287689209,0.8575127124786377,0.7889964580535889
2026-06-13T12:21:36.846124,221,1,-3531.254152600076,0,1.8940762281417847,1.942638874053955,2.1289830207824707,0.4701537787914276,0.47015380859375,0.43462439179420476,0.3653756082057953,0.8,0.3598812222480774,0.45183265209198,0.09250344336032867,0.1343100517988205,0.06254767626523972,0,0.3653756082057953,1,1,0,0.0,0,1.1057652235031128,1.3713922500610352,0.8217743635177612,1.2818282842636108,0.92970210313797,1.4059795141220093,1.3368051052093506,0.8561305403709412,0.7874181866645813
2026-06-13T12:21:37.924602,222,1,-3620.860922147953,0,1.8723461627960205,1.9226956367492676,2.1075432300567627,0.4746014475822449,0.47460150718688965,0.41798456311225896,0.3820154368877411,0.8,0.3951628506183624,0.49168699979782104,0.08973614871501923,0.16514445841312408,0.07184861600399017,0,0.3820154368877411,1,1,0,0.0,0,1.1316202878952026,1.3658037185668945,0.8225929737091064,1.3160744905471802,0.9471660256385803,1.4017568826675415,1.329850435256958,0.8567683100700378,0.7884176969528198
2026-06-13T12:21:39.038090,223,1,-3712.0343415847656,0,1.8864260911941528,1.9376375675201416,2.115156888961792,0.47681164741516113,0.4768117070198059,0.40381937026977544,0.3961806297302246,0.8,0.36903879046440125,0.49537229537963867,0.09028439223766327,0.16271302103996277,0.09383417665958405,0,0.3961806297302246,1,1,0,0.0,0,1.1166942119598389,1.3709046840667725,0.8201397657394409,1.3091129064559937,0.9242755174636841,1.4060416221618652,1.3357676267623901,0.851448118686676,0.788831353187561
2026-06-13T12:21:39.980813,224,1,-3782.0034146906387,0,1.863563895225525,1.9167945384979248,2.0926899909973145,0.4818400740623474,0.4818401038646698,0.3830541849136353,0.41694581508636475,0.8,0.38780635595321655,0.5120955109596252,0.08111411333084106,0.2370644211769104,0.08349817991256714,0,0.41694581508636475,1,1,0,0.0,0,1.1482778787612915,1.3690752983093262,0.8219689130783081,1.3510808944702148,0.9454749226570129,1.4049614667892456,1.3331891298294067,0.8542812466621399,0.7896566390991211
2026-06-13T12:21:40.984905,225,1,-3650.621870848415,0,1.8492636680603027,1.899855136871338,2.0901708602905273,0.47528254985809326,0.47528257966041565,0.41655777692794804,0.383442223072052,0.8,0.4100739657878876,0.5114471316337585,0.07817226648330688,0.20823602378368378,0.06949362903833389,0,0.383442223072052,1,1,0,0.0,0,1.1630828380584717,1.364527702331543,0.8330390453338623,1.3465054035186768,0.9796603322029114,1.400948405265808,1.3281069993972778,0.8753082752227783,0.7907697558403015
2026-06-13T12:21:42.003679,226,1,-3687.458848769824,0,1.8204231262207031,1.878555417060852,2.0449419021606445,0.49266067147254944,0.4926607012748718,0.3285757184028626,0.47142428159713745,0.8,0.43566596508026123,0.5401182770729065,0.10236860811710358,0.3049911856651306,0.07772636413574219,0,0.47142428159713745,1,1,0,0.0,0,1.2094120979309082,1.3665329217910767,0.8296223282814026,1.4393030405044556,0.9795210361480713,1.4004758596420288,1.3325899839401245,0.8690966367721558,0.7901480197906494
2026-06-13T12:21:43.017871,227,1,-3813.2174055874702,0,1.8383636474609375,1.8939546346664429,2.06931734085083,0.48809313774108887,0.48809313774108887,0.35952915549278264,0.4404708445072174,0.8,0.417947381734848,0.5360102653503418,0.09654071182012558,0.1424141228199005,0.09063690900802612,0,0.4404708445072174,1,1,0,0.0,0,1.183977484703064,1.3685545921325684,0.832882285118103,1.3973958492279053,0.9705591797828674,1.4057186841964722,1.3313905000686646,0.8725696802139282,0.7931949496269226
2026-06-13T12:21:44.128493,228,1,-3770.608714888329,0,1.7981886863708496,1.8525559902191162,2.042518138885498,0.4843212962150574,0.48432132601737976,0.377246904373169,0.42275309562683105,0.8,0.42872726917266846,0.5315465927124023,0.10074499994516373,0.29755306243896484,0.06707008183002472,0,0.42275309562683105,1,1,0,0.0,0,1.239715814590454,1.3627090454101562,0.8260840177536011,1.4451088905334473,1.0343228578567505,1.400067925453186,1.3253501653671265,0.8592211008071899,0.7929468750953674
2026-06-13T12:21:45.064467,229,1,-3693.050277097127,0,1.797106385231018,1.8521301746368408,2.0364301204681396,0.4845219850540161,0.4845220446586609,0.36369948387146,0.43630051612854004,0.8,0.4367215633392334,0.5449917912483215,0.10596068948507309,0.24474617838859558,0.07983177900314331,0,0.43630051612854004,1,1,0,0.0,0,1.2459182739257812,1.3662734031677246,0.8239790201187134,1.4590598344802856,1.0327767133712769,1.4002385139465332,1.3323084115982056,0.855705738067627,0.7922523021697998
2026-06-13T12:21:45.982130,230,1,-3743.305235543894,0,1.7934306859970093,1.8458479642868042,2.044278383255005,0.4797244071960449,0.4797244966030121,0.39401398897171025,0.4059860110282898,0.8,0.4249717593193054,0.5128757357597351,0.10009026527404785,0.273521363735199,0.08483994752168655,0,0.4059860110282898,1,1,0,0.0,0,1.2528207302093506,1.3687033653259277,0.8356094360351562,1.4475529193878174,1.0580884218215942,1.404865026473999,1.332541584968567,0.880082368850708,0.7911365032196045
2026-06-13T12:21:47.074202,231,1,-3611.6511909093524,0,1.7785698175430298,1.8421437740325928,2.0071160793304443,0.5073449015617371,0.5073449015617371,0.27910583019256596,0.5208941698074341,0.8,0.4042159914970398,0.4919659495353699,0.09727507829666138,0.17354749143123627,0.07829128205776215,0,0.5208941698074341,1,1,0,0.0,0,1.2753173112869263,1.3668900728225708,0.8267638683319092,1.5303606986999512,1.0202739238739014,1.4038478136062622,1.3299323320388794,0.8644424676895142,0.7890852093696594
2026-06-13T12:21:48.041427,232,1,-3611.1033501522716,0,1.775648593902588,1.8355040550231934,2.0161776542663574,0.4987882375717163,0.4987882971763611,0.3214268267154694,0.47857317328453064,0.8,0.4309335947036743,0.5947284698486328,0.1008230447769165,0.27508729696273804,0.10000727325677872,0,0.47857317328453064,1,1,0,0.0,0,1.2779453992843628,1.3647921085357666,0.8231847286224365,1.5114063024520874,1.0444844961166382,1.4042067527770996,1.3253775835037231,0.8578339219093323,0.788535475730896
2026-06-13T12:21:49.051178,233,1,-3544.2150976802277,0,1.7740342617034912,1.8310816287994385,2.019170045852661,0.49095743894577026,0.49095746874809265,0.3483028292655945,0.4516971707344055,0.8,0.4403320848941803,0.5758571028709412,0.09182500839233398,0.206949383020401,0.08359378576278687,0,0.4516971707344055,1,1,0,0.0,0,1.2791112661361694,1.3642544746398926,0.827907919883728,1.4985660314559937,1.0596565008163452,1.4017940759658813,1.3267149925231934,0.8658285737037659,0.789987325668335
2026-06-13T12:21:50.010470,234,1,-3599.1299879782064,0,1.7418209314346313,1.7965872287750244,2.0017640590667725,0.4856780171394348,0.4856780469417572,0.3693735480308533,0.43062645196914673,0.8,0.4403597116470337,0.5337561964988708,0.09308212250471115,0.16881103813648224,0.065420001745224,0,0.43062645196914673,1,1,0,0.0,0,1.3363425731658936,1.3672864437103271,0.8180648684501648,1.5465975999832153,1.1260876655578613,1.4041906595230103,1.330382227897644,0.8461844325065613,0.7899453043937683
2026-06-13T12:21:50.999188,235,1,-3690.612689917776,0,1.7403144836425781,1.7965447902679443,1.997179388999939,0.48901209235191345,0.48901212215423584,0.35382308363914494,0.4461769163608551,0.8,0.44966304302215576,0.5678601264953613,0.11486145108938217,0.230086088180542,0.07706435024738312,0,0.4461769163608551,1,1,0,0.0,0,1.338153600692749,1.3676589727401733,0.8248276114463806,1.5552053451538086,1.1211017370224,1.4043644666671753,1.3309534788131714,0.861017107963562,0.7886381149291992
2026-06-13T12:21:51.961017,236,1,-3651.710632242468,0,1.7463206052780151,1.8033926486968994,1.9993771314620972,0.4909170866012573,0.4909171462059021,0.3463570356369019,0.45364296436309814,0.8,0.47146522998809814,0.6019592881202698,0.10504797101020813,0.2467261701822281,0.11037875711917877,0,0.45364296436309814,1,1,0,0.0,0,1.3262490034103394,1.3660550117492676,0.8251060247421265,1.5475584268569946,1.104939579963684,1.4029945135116577,1.329115390777588,0.8583565354347229,0.79185551404953
2026-06-13T12:21:52.916514,237,1,-3675.36552119723,0,1.7316312789916992,1.7916806936264038,1.9875197410583496,0.49992549419403076,0.49992549419403076,0.32382454276084904,0.476175457239151,0.8,0.49619948863983154,0.5908178687095642,0.08914382755756378,0.3554728031158447,0.08178237825632095,0,0.476175457239151,1,1,0,0.0,0,1.3450847864151,1.3621615171432495,0.8261698484420776,1.5771918296813965,1.1129777431488037,1.403711199760437,1.320611834526062,0.8591199517250061,0.793219804763794
2026-06-13T12:21:53.879623,238,1,-3671.416254835911,0,1.718062162399292,1.7821152210235596,1.9657647609710693,0.5078625679016113,0.5078626275062561,0.274874496459961,0.5251255035400391,0.8,0.509986400604248,0.6017362475395203,0.10057015717029572,0.25535356998443604,0.08326521515846252,0,0.5251255035400391,1,1,0,0.0,0,1.3764581680297852,1.3680191040039062,0.8193807005882263,1.6352651119232178,1.1176512241363525,1.4042506217956543,1.3317874670028687,0.8447862267494202,0.7939751744270325
2026-06-13T12:21:54.922991,239,1,-3575.504358973231,0,1.7130976915359497,1.7806541919708252,1.9573224782943726,0.5169497728347778,0.5169497728347778,0.24532579183578496,0.5546742081642151,0.8,0.4910726547241211,0.5949581265449524,0.0929282158613205,0.3678871989250183,0.08851312845945358,0,0.5546742081642151,1,1,0,0.0,0,1.38124680519104,1.3663250207901,0.8267902135848999,1.6535378694534302,1.1089556217193604,1.404226541519165,1.3284235000610352,0.8633537292480469,0.7902266979217529
2026-06-13T12:21:55.887122,240,1,-3426.0554606725927,0,1.6963802576065063,1.7616469860076904,1.951202154159546,0.5114932060241699,0.5114932060241699,0.26880203485488896,0.5311979651451111,0.8,0.494520366191864,0.6123591065406799,0.10564747452735901,0.10674409568309784,0.0672232061624527,0,0.5311979651451111,1,1,0,0.0,0,1.4063795804977417,1.364346981048584,0.8297603130340576,1.666168212890625,1.1465909481048584,1.4032001495361328,1.3254939317703247,0.8690428137779236,0.7904778122901917
2026-06-13T12:21:56.901345,241,1,-3482.4945297990275,0,1.6960378885269165,1.764206886291504,1.9427409172058105,0.517451286315918,0.5174513459205627,0.2383386373519898,0.5616613626480103,0.8,0.47548598051071167,0.6040787696838379,0.08579578995704651,0.21238017082214355,0.08623407781124115,0,0.5616613626480103,1,1,0,0.0,0,1.4076874256134033,1.3649542331695557,0.8304123878479004,1.6831347942352295,1.1322400569915771,1.401066780090332,1.3288418054580688,0.8715282678604126,0.7892965078353882
2026-06-13T12:21:57.893486,242,1,-3565.3976675179692,0,1.6922303438186646,1.761413812637329,1.9387869834899902,0.5199967622756958,0.5199967622756958,0.22813354730606084,0.5718664526939392,0.8,0.5080937147140503,0.6423519253730774,0.12106502056121826,0.3544108271598816,0.08110781759023666,0,0.5718664526939392,1,1,0,0.0,0,1.4165878295898438,1.3662238121032715,0.8268629312515259,1.697934627532959,1.135241150856018,1.402022361755371,1.3304252624511719,0.8631986379623413,0.7905272245407104
2026-06-13T12:21:58.928168,243,1,-3434.7313419148977,0,1.6868036985397339,1.753450632095337,1.9421806335449219,0.5146859884262085,0.5146860480308533,0.251880156993866,0.548119843006134,0.8,0.5074294805526733,0.6087404489517212,0.11992527544498444,0.29051536321640015,0.08226226270198822,0,0.548119843006134,1,1,0,0.0,0,1.4285787343978882,1.3688619136810303,0.8330733776092529,1.696833848953247,1.1603236198425293,1.4061028957366943,1.3316208124160767,0.8750392198562622,0.7911075949668884
2026-06-13T12:21:59.892559,244,1,-3633.573284922554,0,1.7012054920196533,1.7733240127563477,1.9407682418823242,0.5278400778770447,0.5278400778770447,0.20258693695068364,0.5974130630493164,0.8,0.5167888402938843,0.6080203056335449,0.11670694500207901,0.29947566986083984,0.07557383179664612,0,0.5974130630493164,1,1,0,0.0,0,1.3991601467132568,1.3670902252197266,0.8467559814453125,1.6926794052124023,1.1056407690048218,1.40382719039917,1.3303532600402832,0.8882577419281006,0.8052541613578796
2026-06-13T12:22:00.858662,245,1,-3600.396956065879,0,1.6977812051773071,1.7727618217468262,1.9381814002990723,0.5362713932991028,0.5362713932991028,0.18758903741836552,0.6124109625816345,0.8,0.5566726922988892,0.654289186000824,0.14358937740325928,0.21906685829162598,0.09046991169452667,0,0.6124109625816345,1,1,0,0.0,0,1.39438796043396,1.3595733642578125,0.8491172790527344,1.696048617362976,1.0927273035049438,1.4018548727035522,1.3172918558120728,0.8803409934043884,0.8178935647010803
2026-06-13T12:22:01.834193,246,1,-3748.1488559269897,0,1.7098828554153442,1.7919538021087646,1.9318211078643799,0.5540414452552795,0.5540414452552795,0.11881499290466313,0.6811850070953369,0.8,0.5365667939186096,0.6179583072662354,0.12132079899311066,0.2982563078403473,0.10107925534248352,0,0.6811850070953369,1,1,0,0.0,0,1.3773118257522583,1.36286199092865,0.8571178913116455,1.7155739068984985,1.039049744606018,1.4015604257583618,1.324163556098938,0.8663071393966675,0.8479286432266235
2026-06-13T12:22:02.815218,247,1,-3703.603817193001,0,1.7016488313674927,1.7812834978103638,1.936920404434204,0.5491671562194824,0.5491672158241272,0.14673321247100835,0.6532667875289917,0.8,0.5123233795166016,0.6057310700416565,0.1367366760969162,0.31243595480918884,0.09425480663776398,0,0.6532667875289917,1,1,0,0.0,0,1.3931379318237305,1.3638566732406616,0.8525803089141846,1.716493844985962,1.0697818994522095,1.4074757099151611,1.320237636566162,0.8676687479019165,0.8374918699264526
2026-06-13T12:22:03.784817,248,1,-3668.6332362488747,0,1.6986808776855469,1.7759208679199219,1.9322597980499268,0.5411287546157837,0.5411287546157837,0.15916072130203252,0.6408392786979675,0.8,0.5345892906188965,0.6190258860588074,0.13462470471858978,0.150064617395401,0.09321684390306473,0,0.6408392786979675,1,1,0,0.0,0,1.402946949005127,1.3668286800384521,0.8477472066879272,1.7193604707717896,1.086533546447754,1.4045181274414062,1.3291391134262085,0.881374180316925,0.8141202330589294
2026-06-13T12:22:04.796689,249,1,-3767.6538208027578,0,1.7420108318328857,1.8360244035720825,1.9309296607971191,0.5876995325088501,0.5876995921134949,0.008785116672515914,0.7912148833274841,0.8,0.5327877402305603,0.6278356313705444,0.08933166414499283,0.2644783556461334,0.11355076730251312,0,0.7912148833274841,1,1,0,0.0,0,1.325993537902832,1.365482211112976,0.8712756633758545,1.719743251800537,0.9322437644004822,1.4015891551971436,1.3293752670288086,0.8585208058357239,0.8840305209159851
2026-06-13T12:22:05.749851,250,1,-3866.5097303101984,0,1.7710063457489014,1.8796499967575073,1.9410138130187988,0.6327605247497559,0.6327605247497559,0.08705807924270625,0.8870580792427063,0.8,0.5216704607009888,0.6136723160743713,0.10333461314439774,0.1914053112268448,0.11442488431930542,0,0.8870580792427063,1,1,0,0.0,0,1.2563281059265137,1.3489824533462524,0.9065954685211182,1.6948050260543823,0.8178512454032898,1.4035673141479492,1.2943975925445557,0.8681698441505432,0.9450210928916931
2026-06-13T12:22:06.774516,251,1,-3840.2237362375336,0,1.800204873085022,1.9045172929763794,1.958687424659729,0.6240053772926331,0.6240054368972778,0.07380003929138179,0.8738000392913818,0.8,0.5276753902435303,0.6494101881980896,0.11322665214538574,0.23950010538101196,0.10810565948486328,0,0.8738000392913818,1,1,0,0.0,0,1.2216306924819946,1.357783555984497,0.9072256088256836,1.653784155845642,0.7894771695137024,1.4059098958969116,1.309657096862793,0.8646950125694275,0.9497561454772949
2026-06-13T12:22:07.727745,252,1,-4285.998768603435,0,1.8729997873306274,2.079993963241577,2.22721791267395,0.9164721965789795,0.9164721965789795,0.6906295537948608,1.4906295537948608,0.8,0.4933180809020996,0.6359787583351135,0.0824071392416954,0.2721928358078003,0.09174147248268127,0,1.4906295537948608,1,1,0,0.0,0,1.0012112855911255,1.2454018592834473,1.0221902132034302,1.712200403213501,0.29022225737571716,1.4009357690811157,1.0898679494857788,0.8615729808807373,1.182807445526123
2026-06-13T12:22:08.752752,253,1,-4373.146855188941,0,1.9124354124069214,2.115273952484131,2.2916760444641113,0.9209195375442505,0.9209195971488953,0.7319787263870239,1.531978726387024,0.8,0.5392090082168579,0.613730788230896,0.09257461875677109,0.36953821778297424,0.08737550675868988,0,1.531978726387024,1,1,0,0.0,0,0.9789412617683411,1.2796659469604492,1.0213528871536255,1.713132381439209,0.24475014209747314,1.4063572883605957,1.1529744863510132,0.8434415459632874,1.1992642879486084
2026-06-13T12:22:09.737005,254,1,-4460.789810383132,0,1.9542845487594604,2.157074213027954,2.3699870109558105,0.9375888705253601,0.9375888705253601,0.7795080661773681,1.5795080661773682,0.8,0.48922058939933777,0.6163360476493835,0.10341544449329376,0.33500000834465027,0.07385606318712234,0,1.5795080661773682,1,1,0,0.0,0,0.9266576766967773,1.2836718559265137,1.02601158618927,1.6876622438430786,0.16565312445163727,1.4028736352920532,1.1644700765609741,0.8517289757728577,1.2002942562103271
2026-06-13T12:22:10.720688,255,1,-4493.618469761284,0,1.9869087934494019,2.1884217262268066,2.4264447689056396,0.9476487040519714,0.9476487040519714,0.8095688343048095,1.6095688343048096,0.8,0.48553699254989624,0.6217774152755737,0.10899098217487335,0.23806369304656982,0.08052193373441696,0,1.6095688343048096,1,1,0,0.0,0,0.8877506256103516,1.2883857488632202,1.0311471223831177,1.665663242340088,0.10983802378177643,1.4013359546661377,1.1754355430603027,0.858600914478302,1.2036932706832886
2026-06-13T12:22:11.670302,256,1,-4618.210989410364,0,2.040210723876953,2.2601065635681152,2.5754482746124268,1.0222829580307007,1.0222829580307007,0.9817170619964599,1.78171706199646,0.8,0.4769027829170227,0.6445842981338501,0.10063622891902924,0.2772173285484314,0.07296343892812729,0,1.78171706199646,1,1,0,0.0,0,0.8174179196357727,1.2872239351272583,1.0307893753051758,1.68258798122406,-0.04775213450193405,1.4015158414840698,1.1729320287704468,0.8517724275588989,1.2098063230514526
2026-06-13T12:22:12.623133,257,1,-4645.5686534235665,0,2.0593740940093994,2.280486583709717,2.6026692390441895,1.031212329864502,1.031212329864502,1.0000168800354003,1.8000168800354004,0.8,0.4630991220474243,0.6400896310806274,0.08575712144374847,0.3004920482635498,0.07686921954154968,0,1.8000168800354004,1,1,0,0.0,0,0.7945908904075623,1.2897084951400757,1.0183144807815552,1.6651279926300049,-0.07594616711139679,1.4064382314682007,1.1729787588119507,0.8219614028930664,1.214667558670044
2026-06-13T12:22:13.570862,258,1,-4768.925302920001,0,2.092296838760376,2.322380304336548,2.694748640060425,1.0744309425354004,1.0744309425354004,1.103402805328369,1.9034028053283691,0.8,0.47955912351608276,0.619163990020752,0.10175783187150955,0.09610966593027115,0.06772530823945999,0,1.9034028053283691,1,1,0,-0.00011038780212402344,0,0.7543513774871826,1.291949987411499,1.0202922821044922,1.678435206413269,-0.16973242163658142,1.4027830362319946,1.181117057800293,0.8214943408966064,1.2190903425216675
2026-06-13T12:22:14.549649,259,1,-4952.1325901710015,0,2.139894485473633,2.3775250911712646,2.8146262168884277,1.1245152950286865,1.1245152950286865,1.2347769260406494,2.0347769260406494,0.8,0.45182502269744873,0.6167720556259155,0.11977212131023407,0.3948993980884552,0.05885124206542969,0,2.0347769260406494,1,1,0,0.0,0,0.7134894132614136,1.3169236183166504,1.0232934951782227,1.7070444822311401,-0.280065655708313,1.4037425518035889,1.2301045656204224,0.8223205208778381,1.2242664098739624
2026-06-13T12:22:15.514380,260,1,-4977.931738738325,0,2.1855554580688477,2.430704116821289,2.917367696762085,1.1698336601257324,1.1698336601257324,1.3352155208587646,2.1352155208587646,0.8,0.4550488591194153,0.6260836124420166,0.09617528319358826,0.27884232997894287,0.0792120099067688,0,2.1352155208587646,1,1,0,-0.00016951560974121094,0,0.6567909121513367,1.3181180953979492,1.0209567546844482,1.7002944946289062,-0.3867127001285553,1.4040236473083496,1.2322124242782593,0.8123738765716553,1.2295395135879517
2026-06-13T12:22:16.523311,261,1,-5080.47783105346,0,2.224961519241333,2.4775800704956055,3.0093562602996826,1.2127387523651123,1.2127387523651123,1.4283852100372314,2.2283852100372314,0.8,0.45353037118911743,0.6108516454696655,0.08912567049264908,0.509320855140686,0.10237115621566772,0,2.2283852100372314,1,1,0,-0.0006086826324462891,0,0.6086838245391846,1.3194993734359741,1.023687720298767,1.6999008655548096,-0.48253318667411804,1.4061371088027954,1.2328616380691528,0.8159276247024536,1.2314478158950806
2026-06-13T12:22:17.488104,262,1,-5101.926142720766,0,2.2672343254089355,2.5150344371795654,3.0833680629730225,1.2280268669128418,1.2280268669128418,1.4818419933319091,2.281841993331909,0.8,0.45718446373939514,0.6751094460487366,0.08973989635705948,0.2899602949619293,0.10367979109287262,0,2.281841993331909,1,1,0,-2.7179718017578125e-05,0,0.5762045383453369,1.3467543125152588,1.019331455230713,1.695857286453247,-0.5434481501579285,1.4046905040740967,1.2888182401657104,0.8078558444976807,1.2308069467544556
2026-06-13T12:22:18.478865,263,1,-5219.280176203529,0,2.2914512157440186,2.5456366539001465,3.144274950027466,1.2601133584976196,1.2601133584976196,1.5468360900878906,2.3468360900878906,0.8,0.43527188897132874,0.6183233261108398,0.08514181524515152,0.2300017774105072,0.11023333668708801,0,2.3468360900878906,1,1,0,-0.0001246929168701172,0,0.5408310294151306,1.339385747909546,1.0168788433074951,1.6926288604736328,-0.6109668016433716,1.403105616569519,1.2756659984588623,0.8019101023674011,1.2318476438522339
2026-06-13T12:22:19.510089,264,1,-5448.710161598148,0,2.3448002338409424,2.6078391075134277,3.2725002765655518,1.3207995891571045,1.320799708366394,1.6835801124572753,2.4835801124572754,0.8,0.42774343490600586,0.6356165409088135,0.09318177402019501,0.15283502638339996,0.09911517053842545,0,2.4835801124572754,1,1,0,-6.246566772460938e-05,0,0.48452967405319214,1.352268934249878,1.020734429359436,1.707016944885254,-0.7379575967788696,1.4053552150726318,1.2991825342178345,0.8091937899589539,1.232275128364563
2026-06-13T12:22:20.453253,265,1,-5511.953673466554,0,2.397516965866089,2.6571664810180664,3.3658690452575684,1.3471100330352783,1.3471101522445679,1.7472018718719482,2.5472018718719482,0.8,0.4293985366821289,0.6480627059936523,0.11677686870098114,0.34504234790802,0.10746069252490997,0,2.5472018718719482,1,1,0,-7.891654968261719e-05,0,0.4260174036026001,1.3605077266693115,1.0223286151885986,1.681429386138916,-0.8293945789337158,1.4013158082962036,1.319699764251709,0.8117706179618835,1.2328866720199585
2026-06-13T12:22:21.400405,266,1,-5510.8436140135855,0,2.4188930988311768,2.6814966201782227,3.407564640045166,1.3662190437316895,1.3662190437316895,1.7809495449066162,2.580949544906616,0.8,0.47364315390586853,0.6436790823936462,0.10685841739177704,0.2917325496673584,0.10282910615205765,0,2.580949544906616,1,1,0,-0.0007236003875732422,0,0.3937840461730957,1.3511669635772705,1.022120475769043,1.6660335063934326,-0.8784654140472412,1.4027036428451538,1.2996304035186768,0.812238872051239,1.2320020198822021
2026-06-13T12:22:22.340961,267,1,-5656.3774458768585,0,2.4605448246002197,2.7266077995300293,3.4944822788238525,1.4034743309020996,1.4034743309020996,1.8634998321533203,2.6634998321533203,0.8,0.4670974016189575,0.6591811180114746,0.08793778717517853,0.3126172721385956,0.0934881865978241,0,2.6634998321533203,1,1,0,-9.489059448242188e-05,0,0.34793683886528015,1.3575890064239502,1.0164170265197754,1.661034107208252,-0.9651604294776917,1.4028167724609375,1.3123611211776733,0.7989590167999268,1.233875036239624
2026-06-13T12:22:23.328421,268,1,-5790.140515033896,0,2.499567747116089,2.7738051414489746,3.5859427452087402,1.4511109590530396,1.4511109590530396,1.9607951164245605,2.7607951164245605,0.8,0.437942773103714,0.6286225914955139,0.10673467814922333,0.35442885756492615,0.10813937336206436,0,2.7607951164245605,1,1,0,-6.914138793945312e-05,0,0.2999016046524048,1.35544753074646,1.0136826038360596,1.6617604494094849,-1.0619572401046753,1.4057295322418213,1.305165410041809,0.7938879728317261,1.233477234840393
2026-06-13T12:22:24.375081,269,1,-5780.938470571334,0,2.513655662536621,2.7870712280273438,3.6144120693206787,1.4607515335083008,1.4607516527175903,1.9836148738861084,2.7836148738861084,0.8,0.39416611194610596,0.6030563712120056,0.1207042932510376,0.2577405571937561,0.11477746069431305,0,2.7836148738861084,1,1,0,0.0,0,0.2834940552711487,1.3559775352478027,1.01382315158844,1.6571578979492188,-1.0901697874069214,1.4018115997314453,1.3101435899734497,0.7945638298988342,1.2330825328826904
2026-06-13T12:22:25.380416,270,1,-5918.36553364859,0,2.511867046356201,2.792142629623413,3.633855104446411,1.4815746545791626,1.4815746545791626,2.0300111293792726,2.8300111293792725,0.8,0.3702445328235626,0.6229420304298401,0.11133211851119995,0.359926700592041,0.10452516376972198,0,2.8300111293792725,1,1,0,0.0,0,0.2900688648223877,1.3628759384155273,1.0153437852859497,1.687207579612732,-1.1070698499679565,1.4039043188095093,1.3218475580215454,0.7949784398078918,1.2357090711593628
2026-06-13T12:22:26.355686,271,1,-5978.871290824782,0,2.5300967693328857,2.806685209274292,3.6539766788482666,1.4812142848968506,1.4812142848968506,2.0299100399017336,2.8299100399017334,0.8,0.323880136013031,0.5701565742492676,0.10953952372074127,0.19773489236831665,0.0905701145529747,0,2.8299100399017334,1,1,0,0.0,0,0.2702060341835022,1.365708589553833,1.0143592357635498,1.6673632860183716,-1.1269512176513672,1.4055811166763306,1.325836181640625,0.7942234873771667,1.234494924545288
2026-06-13T12:22:27.349577,272,1,-6078.126453716583,0,2.517484188079834,2.801334857940674,3.658468723297119,1.4981420040130615,1.4981420040130615,2.064017724990845,2.8640177249908447,0.8,0.3611023724079132,0.6101034879684448,0.10008435696363449,0.2342144250869751,0.09942200034856796,0,2.8640177249908447,1,1,0,0.0,0,0.2801387906074524,1.3578327894210815,1.0143115520477295,1.6945921182632446,-1.1343145370483398,1.4000577926635742,1.3156077861785889,0.7947931289672852,1.2338299751281738
2026-06-13T12:22:28.282788,273,1,-6017.612124984553,0,2.5158448219299316,2.8006601333618164,3.6497256755828857,1.4950363636016846,1.4950364828109741,2.050883722305298,2.850883722305298,0.8,0.4041791260242462,0.6265450716018677,0.0970151275396347,0.20472824573516846,0.09350743144750595,0,2.850883722305298,1,1,0,0.0,0,0.27699971199035645,1.349881649017334,1.0128122568130493,1.6844733953475952,-1.1304739713668823,1.403943657875061,1.2958197593688965,0.7937700152397156,1.2318545579910278
2026-06-13T12:22:29.284785,274,1,-6071.81943199411,0,2.5238053798675537,2.8044168949127197,3.658637762069702,1.4915940761566162,1.4915941953659058,2.0514523506164553,2.851452350616455,0.8,0.3732580542564392,0.6397939324378967,0.11563172936439514,0.24683843553066254,0.0756877064704895,0,2.851452350616455,1,1,0,0.0,0,0.27533388137817383,1.3620326519012451,1.0159482955932617,1.6833871603012085,-1.1327193975448608,1.4022300243377686,1.3218351602554321,0.795799732208252,1.236096739768982
2026-06-13T12:22:30.262721,275,1,-6039.365259327027,0,2.525536060333252,2.805804491043091,3.6559741497039795,1.4889575242996216,1.4889575242996216,2.0408560752868654,2.8408560752868652,0.8,0.3788229823112488,0.6195691823959351,0.12760037183761597,0.12105704843997955,0.09403425455093384,0,2.8408560752868652,1,1,0,0.0,0,0.2681218981742859,1.3539338111877441,1.0170825719833374,1.6705822944641113,-1.1343384981155396,1.403157114982605,1.3047103881835938,0.7973145842552185,1.2368505001068115
2026-06-13T12:22:31.264566,276,1,-6019.886934056455,0,2.538355588912964,2.813016414642334,3.663801670074463,1.4810969829559326,1.4810969829559326,2.028483819961548,2.828483819961548,0.8,0.3494652807712555,0.6196010112762451,0.10043343156576157,0.2522014081478119,0.10150937736034393,0,2.828483819961548,1,1,0,0.0,0,0.2576267123222351,1.3613381385803223,1.0156151056289673,1.6539703607559204,-1.1387169361114502,1.403298258781433,1.319378137588501,0.7952885031700134,1.235941767692566
2026-06-13T12:22:32.215742,277,1,-6102.511402451037,0,2.531228542327881,2.8098459243774414,3.6652839183807373,1.4899299144744873,1.4899299144744873,2.0474967479705812,2.847496747970581,0.8,0.34333348274230957,0.6262668967247009,0.10767881572246552,0.2346036434173584,0.10020125657320023,0,2.847496747970581,1,1,0,0.0,0,0.266185998916626,1.3614946603775024,1.0169563293457031,1.6723058223724365,-1.1399338245391846,1.402533769607544,1.320455551147461,0.7974057197570801,1.2365068197250366
2026-06-13T12:22:33.185844,278,1,-6168.785484852306,0,2.5270345211029053,2.805114269256592,3.6553213596343994,1.4851317405700684,1.4851317405700684,2.037511777877808,2.8375117778778076,0.8,0.36993739008903503,0.6421358585357666,0.11216633021831512,0.20088425278663635,0.07477154582738876,0,2.8375117778778076,1,1,0,0.0,0,0.2711527347564697,1.361492395401001,1.0158162117004395,1.6717897653579712,-1.1294842958450317,1.402427315711975,1.3205573558807373,0.7935360074043274,1.2380964756011963
2026-06-13T12:22:34.136240,279,1,-6120.048501780635,0,2.5161426067352295,2.80180287361145,3.651538610458374,1.497056245803833,1.497056245803833,2.054698419570923,2.854698419570923,0.8,0.3832602798938751,0.6027098894119263,0.12105044722557068,0.23948389291763306,0.11424610018730164,0,2.854698419570923,1,1,0,0.0,0,0.27717381715774536,1.3506577014923096,1.017486333847046,1.6862514019012451,-1.1319037675857544,1.4054721593856812,1.2958433628082275,0.7965312004089355,1.2384413480758667
2026-06-13T12:22:35.212263,280,1,-6151.46921923027,0,2.5241236686706543,2.8082447052001953,3.6628684997558594,1.4984724521636963,1.4984724521636963,2.0617281913757326,2.8617281913757324,0.8,0.36413493752479553,0.6176149249076843,0.07731699198484421,0.3072810769081116,0.09785080701112747,0,2.8617281913757324,1,1,0,0.0,0,0.27348703145980835,1.3597358465194702,1.0161573886871338,1.6866021156311035,-1.1396280527114868,1.4072957038879395,1.312175989151001,0.7965760231018066,1.2357386350631714
2026-06-13T12:22:36.281189,281,1,-6098.221499748941,0,2.529648780822754,2.8078773021698,3.6580264568328857,1.4858688116073608,1.4858688116073608,2.0327579498291017,2.8327579498291016,0.8,0.38957566022872925,0.6311706900596619,0.11276253312826157,0.23028598725795746,0.09780320525169373,0,2.8327579498291016,1,1,0,0.0,0,0.2596514821052551,1.3482351303100586,1.0171095132827759,1.657971739768982,-1.1386687755584717,1.4003307819366455,1.2961393594741821,0.7977556586265564,1.2364634275436401
2026-06-13T12:22:37.290381,282,1,-6028.700982187791,0,2.5462076663970947,2.8138175010681152,3.6583471298217773,1.4654779434204102,1.4654779434204102,1.9942147254943847,2.7942147254943848,0.8,0.35803931951522827,0.6237090229988098,0.11096900701522827,0.32334715127944946,0.10388550162315369,0,2.7942147254943848,1,1,0,0.0,0,0.24650675058364868,1.3582347631454468,1.0289509296417236,1.6276726722717285,-1.1346591711044312,1.4028806686401367,1.3135888576507568,0.8232903480529785,1.2346115112304688
2026-06-13T12:22:38.251825,283,1,-6090.971408000094,0,2.534259080886841,2.809509754180908,3.6590492725372314,1.4807409048080444,1.4807409048080444,2.0234395980834963,2.823439598083496,0.8,0.36348220705986023,0.609275758266449,0.10491710156202316,0.18380965292453766,0.08359798043966293,0,2.823439598083496,1,1,0,0.0,0,0.2584565281867981,1.3547308444976807,1.0310544967651367,1.6543916463851929,-1.1374785900115967,1.4042816162109375,1.3051799535751343,0.8264501094818115,1.235658884048462
2026-06-13T12:22:39.248865,284,1,-6024.124470653049,0,2.5496060848236084,2.8177237510681152,3.6599984169006348,1.465777039527893,1.465777039527893,1.9878479957580566,2.7878479957580566,0.8,0.4129253625869751,0.6437445878982544,0.0857001543045044,0.29166078567504883,0.10487490147352219,0,2.7878479957580566,1,1,0,0.0,0,0.2346230149269104,1.3456618785858154,1.0287693738937378,1.61178719997406,-1.1425411701202393,1.4025096893310547,1.2888141870498657,0.8208956718444824,1.2366430759429932
2026-06-13T12:22:40.257802,285,1,-6015.432030930591,0,2.5306026935577393,2.8044776916503906,3.6471030712127686,1.4734864234924316,1.4734864234924316,2.004771661758423,2.804771661758423,0.8,0.3907753825187683,0.6045308113098145,0.10090482234954834,0.1760028600692749,0.11185397952795029,0,2.804771661758423,1,1,0,0.0,0,0.2578641176223755,1.346941351890564,1.0308599472045898,1.6445963382720947,-1.1288681030273438,1.4025369882583618,1.2913457155227661,0.8294427394866943,1.232277274131775
2026-06-13T12:22:41.239298,286,1,-6194.6393023857945,0,2.5074222087860107,2.7972195148468018,3.658196449279785,1.5094873905181885,1.509487509727478,2.084586572647095,2.8845865726470947,0.8,0.38176578283309937,0.6527122259140015,0.11532998830080032,0.3144819736480713,0.08959584683179855,0,2.8845865726470947,1,1,0,0.0,0,0.29047542810440063,1.3550653457641602,1.0294746160507202,1.7169561386108398,-1.1360052824020386,1.4029934406280518,1.307137370109558,0.8219525218009949,1.2369967699050903
2026-06-13T12:22:42.307462,287,1,-6139.25462661949,0,2.5296549797058105,2.8073344230651855,3.6586427688598633,1.4854960441589355,1.4854960441589355,2.033786487579346,2.8337864875793457,0.8,0.38120198249816895,0.6347178220748901,0.11419613659381866,0.24792858958244324,0.11151823401451111,0,2.8337864875793457,1,1,0,0.0,0,0.26449185609817505,1.355640172958374,1.0315898656845093,1.6655381917953491,-1.136554479598999,1.40453040599823,1.3067500591278076,0.8260039687156677,1.2371758222579956
2026-06-13T12:22:43.359184,288,1,-6040.214881043081,0,2.5389785766601562,2.8123178482055664,3.655712366104126,1.474460482597351,1.474460482597351,2.007981014251709,2.807981014251709,0.8,0.3895641565322876,0.6315624713897705,0.11428363621234894,0.23715436458587646,0.10882130265235901,0,2.807981014251709,1,1,0,0.0,0,0.2525944113731384,1.3542964458465576,1.0306867361068726,1.6402180194854736,-1.1350291967391968,1.4078515768051147,1.3007413148880005,0.8237511515617371,1.2376222610473633
2026-06-13T12:22:44.348996,289,1,-6041.917049093326,0,2.546987771987915,2.817136526107788,3.6563198566436768,1.4674263000488281,1.4674263000488281,1.9873291969299316,2.7873291969299316,0.8,0.4302186965942383,0.6285654902458191,0.1132744774222374,0.1496395468711853,0.10361199080944061,0,2.7873291969299316,1,1,0,0.0,0,0.2346135973930359,1.3407272100448608,1.0264345407485962,1.6109907627105713,-1.1417635679244995,1.4045261144638062,1.2769283056259155,0.8171099424362183,1.2357591390609741
2026-06-13T12:22:45.444209,290,1,-6143.376585895479,0,2.531712532043457,2.8111934661865234,3.66860032081604,1.4927783012390137,1.4927783012390137,2.0520586490631105,2.8520586490631104,0.8,0.37561604380607605,0.6601788401603699,0.13443568348884583,0.30406373739242554,0.07881884276866913,0,2.8520586490631104,1,1,0,0.0,0,0.26649242639541626,1.3626759052276611,1.0287750959396362,1.67673921585083,-1.1437543630599976,1.40621018409729,1.3191416263580322,0.8217292428016663,1.235821008682251
2026-06-13T12:22:46.501838,291,1,-6038.276032423995,0,2.5157389640808105,2.8008127212524414,3.652216911315918,1.4968293905258179,1.4968293905258179,2.0515863418579103,2.85158634185791,0.8,0.44679009914398193,0.6857293248176575,0.12736713886260986,0.20745830237865448,0.1064547598361969,0,2.85158634185791,1,1,0,0.0,0,0.2732641100883484,1.343616008758545,1.025155782699585,1.6823581457138062,-1.1358299255371094,1.4031312465667725,1.2841007709503174,0.815876305103302,1.2344353199005127
2026-06-13T12:22:47.552951,292,1,-5992.605077727766,0,2.532421827316284,2.804680824279785,3.641523838043213,1.467440128326416,1.467440128326416,1.9904098033905029,2.790409803390503,0.8,0.403761625289917,0.6241086721420288,0.08864773064851761,0.3373780846595764,0.09776972979307175,0,2.790409803390503,1,1,0,0.0,0,0.2525964379310608,1.3421809673309326,1.019177794456482,1.6302409172058105,-1.125048041343689,1.400660514831543,1.2837014198303223,0.8064047694206238,1.2319507598876953
2026-06-13T12:22:48.538676,293,1,-6104.634394298069,0,2.5185675621032715,2.8029489517211914,3.6559078693389893,1.4969565868377686,1.496956706047058,2.055538845062256,2.855538845062256,0.8,0.41454505920410156,0.6715181469917297,0.12631593644618988,0.325909286737442,0.108823262155056,0,2.855538845062256,1,1,0,0.0,0,0.2748364210128784,1.3514652252197266,1.0200982093811035,1.685874342918396,-1.1362015008926392,1.4044071435928345,1.298523187637329,0.8086872696876526,1.2315092086791992
2026-06-13T12:22:49.609058,294,1,-6201.755008462056,0,2.513998508453369,2.7994091510772705,3.6502037048339844,1.496781349182129,1.496781349182129,2.0561549186706545,2.8561549186706543,0.8,0.39274314045906067,0.6580712795257568,0.1338232159614563,0.2536148428916931,0.09400977939367294,0,2.8561549186706543,1,1,0,0.0,0,0.2821120023727417,1.3543933629989624,1.0189094543457031,1.6933211088180542,-1.1290971040725708,1.405579924583435,1.3032068014144897,0.8061327934265137,1.2316862344741821
2026-06-13T12:22:50.653429,295,1,-6246.585573862343,0,2.494389772415161,2.7908246517181396,3.652515411376953,1.5196160078048706,1.5196160078048706,2.1058046340942385,2.9058046340942383,0.8,0.39566290378570557,0.6536754369735718,0.1189466118812561,0.16559256613254547,0.10600098222494125,0,2.9058046340942383,1,1,0,0.0,0,0.3049182891845703,1.3536745309829712,1.0133413076400757,1.7407701015472412,-1.1309335231781006,1.4015593528747559,1.3057897090911865,0.7966349720954895,1.2300477027893066
2026-06-13T12:22:51.704722,296,1,-6122.623761599638,0,2.516611337661743,2.7999496459960938,3.6573803424835205,1.4971880912780762,1.4971880912780762,2.059649181365967,2.859649181365967,0.8,0.38770386576652527,0.6494596600532532,0.1220516562461853,0.1266176700592041,0.07968103885650635,0,2.859649181365967,1,1,0,0.0,0,0.2797805666923523,1.3553943634033203,1.0301282405853271,1.6946570873260498,-1.1350959539413452,1.4018616676330566,1.3089269399642944,0.8292211294174194,1.2310352325439453
2026-06-13T12:22:52.717092,297,1,-6030.31305158615,0,2.5301294326782227,2.8053064346313477,3.6464710235595703,1.4750409126281738,1.4750409126281738,2.0084530830383303,2.80845308303833,0.8,0.38568609952926636,0.614036500453949,0.10946573317050934,0.3431722819805145,0.10047905147075653,0,2.80845308303833,1,1,0,0.0,0,0.2613326907157898,1.3516724109649658,1.025286316871643,1.6497822999954224,-1.1271169185638428,1.4065394401550293,1.296805500984192,0.8226799368858337,1.2278927564620972
2026-06-13T12:22:53.757960,298,1,-6125.042950023702,0,2.51399564743042,2.80200457572937,3.657505989074707,1.5043065547943115,1.504306674003601,2.0705589771270754,2.870558977127075,0.8,0.3973938822746277,0.6465057134628296,0.13300921022891998,0.23536285758018494,0.10582494735717773,0,2.870558977127075,1,1,0,0.0,0,0.282063364982605,1.3542158603668213,1.024862289428711,1.7015260457992554,-1.1373993158340454,1.4078547954559326,1.30057692527771,0.8192514777183533,1.2304730415344238
2026-06-13T12:22:54.825158,299,1,-6070.090265169798,0,2.5230116844177246,2.7998523712158203,3.6436688899993896,1.4783813953399658,1.4783813953399658,2.016370964050293,2.816370964050293,0.8,0.3982742428779602,0.650909423828125,0.0782497301697731,0.3026522994041443,0.10256185382604599,0,2.816370964050293,1,1,0,0.0,0,0.26940590143203735,1.3510417938232422,1.0290167331695557,1.6630629301071167,-1.124251127243042,1.4043234586715698,1.297760009765625,0.8344205021858215,1.2236130237579346
2026-06-13T12:22:55.900109,300,1,-6169.23660162448,0,2.526137113571167,2.8029332160949707,3.653270959854126,1.4826127290725708,1.4826127290725708,2.0271703720092775,2.8271703720092773,0.8,0.37828528881073,0.6387864947319031,0.10222901403903961,0.17236146330833435,0.11666373163461685,0,2.8271703720092773,1,1,0,0.0,0,0.26751643419265747,1.3536098003387451,1.0402731895446777,1.6671539545059204,-1.1321210861206055,1.4035063982009888,1.303713321685791,0.8485741019248962,1.231972336769104
2026-06-13T12:22:56.984127,301,1,-6184.69702129676,0,2.5171241760253906,2.7926747798919678,3.6385560035705566,1.4760198593139648,1.4760199785232544,2.01349778175354,2.81349778175354,0.8,0.38442137837409973,0.6579946279525757,0.12374722957611084,0.19082412123680115,0.08846571296453476,0,2.81349778175354,1,1,0,0.0,0,0.2768141031265259,1.3512077331542969,1.0472429990768433,1.671645998954773,-1.1180177927017212,1.4008232355117798,1.3015921115875244,0.8713889718055725,1.2230969667434692
2026-06-13T12:22:58.035526,302,1,-6302.206920232199,0,2.4976046085357666,2.787712574005127,3.644019365310669,1.5055146217346191,1.5055146217346191,2.0781938552856447,2.8781938552856445,0.8,0.3397975265979767,0.6326869130134583,0.1162344217300415,0.23824256658554077,0.09678371250629425,0,2.8781938552856445,1,1,0,0.0,0,0.3062559962272644,1.3612229824066162,1.0365543365478516,1.7320284843444824,-1.1195164918899536,1.4056907892227173,1.3167550563812256,0.8463029861450195,1.2268056869506836
2026-06-13T12:22:59.144039,303,1,-6204.833971602196,0,2.5044443607330322,2.7817928791046143,3.618844509124756,1.4720008373260498,1.4720008373260498,2.0027520179748537,2.8027520179748535,0.8,0.42172330617904663,0.6679913401603699,0.10254950821399689,0.2963477075099945,0.11478467285633087,0,2.8027520179748535,1,1,0,0.0,0,0.289497435092926,1.3478924036026,1.0347211360931396,1.67976975440979,-1.100774884223938,1.4015570878982544,1.2942277193069458,0.8670386075973511,1.2024037837982178
2026-06-13T12:23:00.274567,304,1,-6209.213037826694,0,2.523087739944458,2.800658702850342,3.6514651775360107,1.4837751388549805,1.4837751388549805,2.028629732131958,2.828629732131958,0.8,0.4193870723247528,0.6589089632034302,0.08901919424533844,0.4190514087677002,0.10720690339803696,0,2.828629732131958,1,1,0,0.0,0,0.2722597122192383,1.3549147844314575,1.0538372993469238,1.6754462718963623,-1.1309268474578857,1.406542420387268,1.303287148475647,0.8844603300094604,1.2232143878936768
2026-06-13T12:23:01.283795,305,1,-6357.916763364681,0,2.4925427436828613,2.7874538898468018,3.649749755859375,1.5168005228042603,1.5168005228042603,2.095992994308472,2.8959929943084717,0.8,0.41011252999305725,0.6314235925674438,0.11205093562602997,0.1350589543581009,0.10297189652919769,0,2.8959929943084717,1,1,0,0.0,0,0.30431705713272095,1.3487478494644165,1.0419676303863525,1.7405537366867065,-1.1319196224212646,1.4037352800369263,1.2937604188919067,0.8661983013153076,1.217736840248108
2026-06-13T12:23:02.318535,306,1,-6286.069542359671,0,2.490469217300415,2.7757439613342285,3.6229004859924316,1.4899635314941406,1.4899635314941406,2.045430850982666,2.845430850982666,0.8,0.3673245310783386,0.6413655877113342,0.0903802141547203,0.12278085947036743,0.09853784739971161,0,2.845430850982666,1,1,0,0.0,0,0.31061112880706787,1.3552367687225342,1.0149961709976196,1.7234324216842651,-1.1022101640701294,1.4000766277313232,1.3103967905044556,0.853613018989563,1.1763793230056763
2026-06-13T12:23:03.329150,307,1,-6440.875221965129,0,2.4780309200286865,2.7706680297851562,3.6192173957824707,1.5019986629486084,1.5019986629486084,2.0749086856842043,2.874908685684204,0.8,0.3500497043132782,0.6256030797958374,0.1272512972354889,0.1807517260313034,0.09744749218225479,0,2.874908685684204,1,1,0,0.0,0,0.3350168466567993,1.3698428869247437,1.003381609916687,1.7632851600646973,-1.0932514667510986,1.4069993495941162,1.332686424255371,0.8454452157020569,1.1613179445266724
2026-06-13T12:23:04.624806,308,1,-6431.98079744071,0,2.4770288467407227,2.771472930908203,3.621974229812622,1.5062345266342163,1.5062345266342163,2.0822896480560305,2.8822896480560303,0.8,0.3503912091255188,0.6074628233909607,0.12672780454158783,0.31703025102615356,0.10116593539714813,0,2.8822896480560303,1,1,0,0.0,0,0.33411502838134766,1.366667628288269,1.0032804012298584,1.7657936811447144,-1.097563624382019,1.4064725637435913,1.3268626928329468,0.8432483673095703,1.163312315940857
2026-06-13T12:23:05.727772,309,1,-6348.337838590041,0,2.4912705421447754,2.7750535011291504,3.6210756301879883,1.4866896867752075,1.4866896867752075,2.041169357299805,2.8411693572998047,0.8,0.37637612223625183,0.6484900116920471,0.09521940350532532,0.2764137089252472,0.11114099621772766,0,2.8411693572998047,1,1,0,0.0,0,0.314331591129303,1.3624019622802734,1.0166499614715576,1.7263612747192383,-1.0976980924606323,1.4026341438293457,1.3221698999404907,0.8662704229354858,1.167029619216919
2026-06-13T12:23:06.884664,310,1,-6490.983617574256,0,2.4925649166107178,2.785795211791992,3.6457202434539795,1.5123647451400757,1.5123647451400757,2.092894506454468,2.8928945064544678,0.8,0.3808881938457489,0.6248705983161926,0.12062977254390717,0.23130308091640472,0.09977985918521881,0,2.8928945064544678,1,1,0,0.0,0,0.31351786851882935,1.3632373809814453,1.0324835777282715,1.7489289045333862,-1.1218931674957275,1.4070342779159546,1.3194406032562256,0.859606146812439,1.2053608894348145
2026-06-13T12:23:08.350491,311,1,-6352.186348594196,0,2.489096164703369,2.7746691703796387,3.617088794708252,1.4875681400299072,1.4875682592391968,2.0390645980834963,2.839064598083496,0.8,0.42481204867362976,0.6679520010948181,0.12569858133792877,0.29481786489486694,0.09916464984416962,0,2.839064598083496,1,1,0,0.0,0,0.31296002864837646,1.3563892841339111,1.0085015296936035,1.722957730293274,-1.097037672996521,1.4036232233047485,1.3091554641723633,0.8511885404586792,1.1658143997192383
2026-06-13T12:23:09.373962,312,1,-6358.820311320014,0,2.5020625591278076,2.7780351638793945,3.613215208053589,1.4678850173950195,1.4678850173950195,2.000011157989502,2.800011157989502,0.8,0.3969925045967102,0.6269503831863403,0.11475974321365356,0.15997308492660522,0.1071925237774849,0,2.800011157989502,1,1,0,0.0,0,0.2996814250946045,1.359769582748413,1.0023822784423828,1.6912062168121338,-1.0918433666229248,1.4031078815460205,1.3164314031600952,0.8547466993331909,1.1500178575515747
2026-06-13T12:23:10.452838,313,1,-6465.220084683429,0,2.4709179401397705,2.768954038619995,3.623398780822754,1.5138518810272217,1.5138518810272217,2.095869016647339,2.895869016647339,0.8,0.3882594406604767,0.6534167528152466,0.1168370470404625,0.13625425100326538,0.11180800199508667,0,2.895869016647339,1,1,0,0.0,0,0.3354101777076721,1.3575148582458496,1.0075196027755737,1.7727108001708984,-1.1018904447555542,1.4015566110610962,1.3134732246398926,0.8379873633384705,1.1770517826080322
2026-06-13T12:23:11.456244,314,1,-6458.768316962245,0,2.4792299270629883,2.769624710083008,3.614612340927124,1.4960767030715942,1.4960767030715942,2.061442565917969,2.8614425659179688,0.8,0.3471439778804779,0.609089195728302,0.11709855496883392,0.17647004127502441,0.09267763048410416,0,2.8614425659179688,1,1,0,0.0,0,0.3310973644256592,1.3658480644226074,0.9738967418670654,1.753983497619629,-1.0917887687683105,1.404950499534607,1.326745629310608,0.8295729160308838,1.118220567703247
2026-06-13T12:23:12.504838,315,1,-6523.376808634192,0,2.474179744720459,2.7661571502685547,3.6162161827087402,1.5008866786956787,1.5008867979049683,2.072544527053833,2.872544527053833,0.8,0.3520350754261017,0.6538031697273254,0.09432016313076019,0.21620042622089386,0.10462737083435059,0,2.872544527053833,1,1,0,0.0,0,0.337327778339386,1.366358757019043,0.9964957237243652,1.7671555280685425,-1.0924999713897705,1.4035873413085938,1.3291300535202026,0.8657859563827515,1.127205491065979
2026-06-13T12:23:13.532967,316,1,-6566.866355255375,0,2.4847497940063477,2.7693276405334473,3.6157634258270264,1.48716139793396,1.48716139793396,2.045477342605591,2.845477342605591,0.8,0.34081822633743286,0.6172126531600952,0.13856787979602814,0.3641178011894226,0.09033321589231491,0,2.845477342605591,1,1,0,0.0,0,0.32647275924682617,1.3690769672393799,0.9903258085250854,1.7442445755004883,-1.091299057006836,1.4034062623977661,1.334747552871704,0.8766162991523743,1.1040353775024414
2026-06-13T12:23:14.663093,317,1,-6646.63268640037,0,2.478181838989258,2.769702434539795,3.6218039989471436,1.5019798278808594,1.5019798278808594,2.0729181289672853,2.872918128967285,0.8,0.363264262676239,0.6566051840782166,0.12021547555923462,0.22054776549339294,0.09517834335565567,0,2.872918128967285,1,1,0,0.0,0,0.3307707905769348,1.3636555671691895,0.9891120791435242,1.7623143196105957,-1.100772738456726,1.4043163061141968,1.3229948282241821,0.8775581121444702,1.1006660461425781
2026-06-13T12:23:15.929205,318,1,-6668.085299772369,0,2.4808874130249023,2.7688894271850586,3.6147947311401367,1.4924815893173218,1.4924815893173218,2.053975057601929,2.8539750576019287,0.8,0.34136074781417847,0.6198611259460449,0.11401429772377014,0.1777525097131729,0.09084615856409073,0,2.8539750576019287,1,1,0,0.0,0,0.329975426197052,1.3673532009124756,0.9879226684570312,1.7521036863327026,-1.0921528339385986,1.4063632488250732,1.3283432722091675,0.8769141435623169,1.0989311933517456
2026-06-13T12:23:17.454783,319,1,-6829.137586616605,0,2.4609272480010986,2.75687575340271,3.6091158390045166,1.506822109222412,1.506822109222412,2.08496732711792,2.88496732711792,0.8,0.32686135172843933,0.6130840182304382,0.102885901927948,0.2824094891548157,0.08804850280284882,0,2.88496732711792,1,1,0,0.0,0,0.3519972562789917,1.3644869327545166,1.0048744678497314,1.7902553081512451,-1.0862607955932617,1.4016791582107544,1.3272945880889893,0.9010008573532104,1.108747959136963
2026-06-13T12:23:18.411779,320,1,-6885.5046405360845,0,2.48357892036438,2.766427993774414,3.6119253635406494,1.4831807613372803,1.4831807613372803,2.0358774185180666,2.8358774185180664,0.8,0.327354371547699,0.598418116569519,0.11734580248594284,0.19013263285160065,0.07846623659133911,0,2.8358774185180664,1,1,0,0.0,0,0.32570523023605347,1.365820050239563,1.0000591278076172,1.74079430103302,-1.089383840560913,1.402414321899414,1.329225778579712,0.9179998636245728,1.082118272781372
2026-06-13T12:23:19.539172,321,1,-6997.412329518405,0,2.46675705909729,2.7630386352539062,3.6176986694335938,1.5099458694458008,1.5099458694458008,2.0885948657989504,2.88859486579895,0.8,0.3933502435684204,0.5863257050514221,0.12445748597383499,0.21844810247421265,0.06658713519573212,0,2.88859486579895,1,1,0,0.0,0,0.3441072106361389,1.3625972270965576,1.039027452468872,1.7839787006378174,-1.0957642793655396,1.4050238132476807,1.320170521736145,0.9343129396438599,1.1437419652938843
2026-06-13T12:23:20.560274,322,1,-6953.63173243633,0,2.477229356765747,2.766237258911133,3.6160964965820312,1.4958821535110474,1.4958821535110474,2.0568050861358644,2.8568050861358643,0.8,0.3110482096672058,0.5781553387641907,0.1136697307229042,0.39454731345176697,0.08196236193180084,0,2.8568050861358643,1,1,0,0.0,0,0.32701992988586426,1.3560428619384766,1.0237987041473389,1.752345323562622,-1.0983054637908936,1.4027048349380493,1.3093810081481934,0.9425333142280579,1.1050641536712646
2026-06-13T12:23:21.391005,323,1,-6950.008646481763,0,2.467503309249878,2.7608256340026855,3.613090753555298,1.503309965133667,1.503309965133667,2.0753674030303957,2.8753674030303955,0.8,0.31637322902679443,0.5877732634544373,0.09456396102905273,0.49554556608200073,0.07843928784132004,0,2.8753674030303955,1,1,0,0.0,0,0.3424856662750244,1.3620104789733887,1.0116064548492432,1.777769684791565,-1.0927983522415161,1.403268575668335,1.320752501487732,0.9395501017570496,1.0836628675460815
2026-06-13T12:23:22.305194,324,1,-7132.402765092384,0,2.4578824043273926,2.7585973739624023,3.6197071075439453,1.5199289321899414,1.519929051399231,2.111794900894165,2.911794900894165,0.8,0.3074560761451721,0.5631901025772095,0.1127280443906784,0.38512372970581055,0.08763813972473145,0,2.911794900894165,1,1,0,0.0,0,0.3541513681411743,1.3622245788574219,0.9942569732666016,1.8072541952133179,-1.0989514589309692,1.4004079103469849,1.3240413665771484,0.9125773310661316,1.0759365558624268
2026-06-13T12:23:23.171252,325,1,-7318.780895393389,0,2.449367046356201,2.7530858516693115,3.609773874282837,1.521182656288147,1.521182656288147,2.112395477294922,2.912395477294922,0.8,0.31463736295700073,0.5868123173713684,0.12114113569259644,0.38884589076042175,0.08008499443531036,0,2.912395477294922,1,1,0,0.0,0,0.3643907308578491,1.3621742725372314,1.0132262706756592,1.8182448148727417,-1.0894633531570435,1.404030203819275,1.3203182220458984,0.9420337677001953,1.084418773651123
2026-06-13T12:23:24.051284,326,1,-7391.96292551412,0,2.4609873294830322,2.755794048309326,3.6063904762268066,1.5038138628005981,1.5038138628005981,2.0749914169311525,2.8749914169311523,0.8,0.33860665559768677,0.55083167552948,0.14161819219589233,0.37734517455101013,0.07466868311166763,0,2.8749914169311523,1,1,0,0.0,0,0.3478463888168335,1.3579907417297363,1.0313992500305176,1.7826168537139893,-1.0869240760803223,1.4018182754516602,1.3141632080078125,0.954543948173523,1.1082546710968018
2026-06-13T12:23:24.977967,327,1,-7369.769140470848,0,2.44364595413208,2.7481443881988525,3.6041018962860107,1.5210378170013428,1.5210378170013428,2.111697864532471,2.9116978645324707,0.8,0.2840419411659241,0.5304906964302063,0.10004937648773193,0.31025606393814087,0.09122946858406067,0,2.9116978645324707,1,1,0,0.0,0,0.3682624101638794,1.357656478881836,1.014678955078125,1.8211853504180908,-1.084660530090332,1.4002314805984497,1.3150815963745117,0.9328351020812988,1.0965229272842407
2026-06-13T12:23:25.890919,328,1,-7613.141932477042,0,2.428797960281372,2.7399232387542725,3.596397876739502,1.5302512645721436,1.5302512645721436,2.130762052536011,2.9307620525360107,0.8,0.32855889201164246,0.49935418367385864,0.1653091162443161,0.3053355813026428,0.09353780001401901,0,2.9307620525360107,1,1,0,0.0,0,0.38634687662124634,1.357757329940796,1.0274689197540283,1.8494130373001099,-1.0767192840576172,1.4006667137145996,1.3148480653762817,0.9572004079818726,1.0977373123168945
2026-06-13T12:23:26.877605,329,1,-7705.378770765037,0,2.4326529502868652,2.7453689575195312,3.6053059101104736,1.5358192920684814,1.5358192920684814,2.1411253929138185,2.9411253929138184,0.8,0.28528448939323425,0.5239757895469666,0.07239868491888046,0.35835903882980347,0.0629362165927887,0,2.9411253929138184,1,1,0,0.0,0,0.38129907846450806,1.3574413061141968,0.9999508857727051,1.8501766920089722,-1.087578535079956,1.4026743173599243,1.3122082948684692,0.9460309743881226,1.0538707971572876
2026-06-13T12:23:27.807126,330,1,-7882.006380729364,0,2.405693292617798,2.7319936752319336,3.5942931175231934,1.555631399154663,1.5556315183639526,2.182940435409546,2.982940435409546,0.8,0.2872373163700104,0.5211809873580933,0.09873872250318527,0.3760121464729309,0.07417454570531845,0,2.982940435409546,1,1,0,0.0,0,0.41325682401657104,1.3564140796661377,1.0187733173370361,1.9015989303588867,-1.0750852823257446,1.4007964134216309,1.312031865119934,0.9330321550369263,1.104514479637146
2026-06-13T12:23:29.047401,331,1,-8077.413423103509,0,2.410876750946045,2.7336955070495605,3.593963146209717,1.5494592189788818,1.5494592189788818,2.1680933952331545,2.9680933952331543,0.8,0.33538323640823364,0.4864197075366974,0.1336522251367569,0.21939238905906677,0.08223928511142731,0,2.9680933952331543,1,1,0,0.0,0,0.40421074628829956,1.3522133827209473,1.0258992910385132,1.8849917650222778,-1.0765702724456787,1.4002500772476196,1.3041768074035645,0.9400237202644348,1.1117749214172363
2026-06-13T12:23:30.076770,332,1,-8377.09387901098,0,2.3927152156829834,2.7338573932647705,3.606846809387207,1.5846138000488281,1.5846138000488281,2.2398244857788088,3.0398244857788086,0.8,0.30953702330589294,0.43407610058784485,0.15329915285110474,0.261157751083374,0.05612754076719284,0,3.0398244857788086,1,1,0,0.0,0,0.42468106746673584,1.3501498699188232,1.017200231552124,1.9403425455093384,-1.0909804105758667,1.40123450756073,1.299065351486206,0.9157422780990601,1.1186583042144775
2026-06-13T12:23:31.149015,333,1,-8740.794370642525,0,2.390740156173706,2.743403196334839,3.6337814331054688,1.613504409790039,1.613504409790039,2.2991387367248537,3.0991387367248535,0.8,0.33191776275634766,0.45330068469047546,0.1271599978208542,0.3087634742259979,0.04238443821668625,0,3.0991387367248535,1,1,0,0.0,0,0.4253711700439453,1.3475139141082764,1.0261726379394531,1.9698830842971802,-1.1191407442092896,1.4003030061721802,1.294724702835083,0.9127647876739502,1.139580488204956
2026-06-13T12:23:32.372456,334,1,-10649.941982466982,0,2.240478992462158,2.7256879806518555,3.644634485244751,1.8039103746414185,1.8039103746414185,2.692415189743042,3.492415189743042,0.8,0.2600594162940979,0.47806304693222046,0.13177074491977692,0.3810345530509949,0.018747279420495033,0,3.492415189743042,1,1,0,0.0,0,0.6076940894126892,1.3440066576004028,1.032119631767273,2.3440256118774414,-1.128637433052063,1.4000712633132935,1.2879420518875122,0.855341374874115,1.2088979482650757
2026-06-13T12:23:34.204632,335,1,-21139.4560697354,0,1.7049630880355835,2.833937644958496,3.5591182708740234,2.3770127296447754,2.3770127296447754,3.874442768096924,4.674442768096924,0.8,0.014944036491215229,0.017222704365849495,0.11030471324920654,0.13530060648918152,0.019023526459932327,0,4.674442768096924,1,1,0,0.0,0,1.2764973640441895,1.2824171781539917,1.0068467855453491,3.6001205444335938,-1.0471258163452148,1.3168997764587402,1.2479345798492432,0.7574682831764221,1.256225347518921
2026-06-13T12:23:36.411366,336,1,-19862.653219326654,0,1.6929512023925781,2.8074872493743896,3.526954174041748,2.352346420288086,2.352346420288086,3.8237688064575197,4.6237688064575195,0.8,0.032664861530065536,0.04010925069451332,0.10500457137823105,0.48685863614082336,0.027544204145669937,0,4.6237688064575195,0,0,0,-0.00030303001403808594,0,1.2810063362121582,1.2703849077224731,1.0076751708984375,3.579285144805908,-1.0172725915908813,1.3062902688980103,1.234479546546936,0.7598139643669128,1.2555363178253174
2026-06-13T12:23:38.466227,337,1,-18382.36440788412,0,1.7038726806640625,2.791327476501465,3.525947332382202,2.329805612564087,2.329805612564087,3.7816984176635744,4.581698417663574,0.8,0.06800417602062225,0.10044803470373154,0.09037347137928009,0.27411267161369324,0.0443192720413208,0,4.581698417663574,0,0,0,0.0,0,1.264131784439087,1.2699730396270752,1.0124117136001587,3.5419435501098633,-1.0136799812316895,1.2949767112731934,1.244969367980957,0.7696380019187927,1.2551854848861694
2026-06-13T12:23:40.483735,338,1,-17505.92373601552,0,1.7576590776443481,2.754866123199463,3.5228042602539062,2.256025552749634,2.256025552749634,3.6298543930053713,4.429854393005371,0.8,0.1916223168373108,0.3546512722969055,0.14309975504875183,0.5053402781486511,0.012952849268913269,0,4.429854393005371,0,0,0,0.0,0,1.191220998764038,1.27596116065979,1.0118935108184814,3.3925631046295166,-1.01012122631073,1.3056461811065674,1.2462760210037231,0.7687588930130005,1.2550281286239624
2026-06-13T12:23:42.510152,339,1,-17800.800034702115,0,1.732718586921692,2.765078544616699,3.5163686275482178,2.2820563316345215,2.2820565700531006,3.6841880798339846,4.484188079833984,0.8,0.17127470672130585,0.3259350061416626,0.10905091464519501,0.21023190021514893,0.0271537397056818,0,4.484188079833984,0,0,0,0.0,0,1.2254865169525146,1.2738614082336426,1.0104366540908813,3.454054355621338,-1.003081202507019,1.2998565435409546,1.247866153717041,0.7659048438072205,1.2549684047698975
2026-06-13T12:23:44.543386,340,1,-18013.950822895138,0,1.7076724767684937,2.7853379249572754,3.522475481033325,2.320632219314575,2.320632219314575,3.7628628730773928,4.562862873077393,0.8,0.09701459109783173,0.1636389046907425,0.0995689257979393,0.20560038089752197,0.05102260783314705,0,4.562862873077393,0,0,0,0.0,0,1.258289098739624,1.269817590713501,1.014297604560852,3.5268616676330566,-1.010283350944519,1.295324683189392,1.2443103790283203,0.7737632989883423,1.2548319101333618
2026-06-13T12:23:46.798623,341,1,-17557.15532840671,0,1.739891767501831,2.7673068046569824,3.5217902660369873,2.28035306930542,2.280353307723999,3.6792842864990236,4.479284286499023,0.8,0.19149532914161682,0.3572460412979126,0.09357009083032608,0.25309258699417114,0.010235578753054142,0,4.479284286499023,0,0,0,0.0,0,1.2169077396392822,1.2756922245025635,1.0111842155456543,3.443049669265747,-1.009234070777893,1.3057094812393188,1.2456750869750977,0.7674883604049683,1.2548801898956299
2026-06-13T12:23:48.811643,342,1,-17729.26719341907,0,1.705214262008667,2.7855069637298584,3.5258779525756836,2.323669910430908,2.323669910430908,3.7699729919433596,4.569972991943359,0.8,0.11204692721366882,0.1818176805973053,0.10884714871644974,0.31908300518989563,0.05286363884806633,0,4.569972991943359,0,0,0,0.0,0,1.2581112384796143,1.266356348991394,1.0136865377426147,3.5302085876464844,-1.0139859914779663,1.289204478263855,1.243508219718933,0.7724084258079529,1.2549647092819214
2026-06-13T12:23:50.824031,343,1,-17648.436314617917,0,1.7403346300125122,2.7686119079589844,3.526049852371216,2.2825775146484375,2.2825777530670166,3.684233856201172,4.484233856201172,0.8,0.20067381858825684,0.3633348047733307,0.13633152842521667,0.40198200941085815,0.01609460636973381,0,4.484233856201172,0,0,0,0.0,0,1.2147915363311768,1.2743444442749023,1.0095601081848145,3.4432554244995117,-1.0136724710464478,1.3031830787658691,1.2455058097839355,0.7641924023628235,1.2549277544021606
2026-06-13T12:23:52.827659,344,1,-18037.161491543062,0,1.706397294998169,2.782578945159912,3.523878574371338,2.3195862770080566,2.3195862770080566,3.7629091262817385,4.562909126281738,0.8,0.08398079872131348,0.13909746706485748,0.13152489066123962,0.1901608407497406,0.04059230908751488,0,4.562909126281738,0,0,0,0.0,0,1.2579197883605957,1.267773151397705,1.0139796733856201,3.5265347957611084,-1.0106953382492065,1.287078857421875,1.2484674453735352,0.7730481624603271,1.254911184310913
2026-06-13T12:23:54.845442,345,1,-17448.04807421627,0,1.7368581295013428,2.7660670280456543,3.5268361568450928,2.283247709274292,2.283247709274292,3.6860868453979494,4.486086845397949,0.8,0.17869508266448975,0.329655259847641,0.09900182485580444,0.2706824541091919,0.015420942567288876,0,4.486086845397949,0,0,0,0.0,0,1.2142283916473389,1.2690457105636597,1.0120296478271484,3.4439127445220947,-1.015455961227417,1.2965167760849,1.2415746450424194,0.7691376209259033,1.254921793937683
2026-06-13T12:23:56.891110,346,1,-18097.08333495768,0,1.7071850299835205,2.7933785915374756,3.5239906311035156,2.328577995300293,2.328577995300293,3.7778160095214846,4.577816009521484,0.8,0.06729568541049957,0.107905313372612,0.10617798566818237,0.23425009846687317,0.04784298688173294,0,4.577816009521484,0,0,0,0.0,0,1.2640721797943115,1.2743773460388184,1.0105345249176025,3.5397210121154785,-1.011576533317566,1.303348183631897,1.2454063892364502,0.7662335634231567,1.2548353672027588
2026-06-13T12:23:58.918105,347,1,-17754.958651212444,0,1.727211594581604,2.7682714462280273,3.5201168060302734,2.2902705669403076,2.2902705669403076,3.7016140937805178,4.501614093780518,0.8,0.16793754696846008,0.2962566316127777,0.11779285222291946,0.30097296833992004,0.04484579339623451,0,4.501614093780518,0,0,0,0.0,0,1.2301263809204102,1.270646333694458,1.010644555091858,3.467529296875,-1.0072765350341797,1.294655203819275,1.2466375827789307,0.7665460705757141,1.254742980003357
2026-06-13T12:24:01.040854,348,1,-17857.26491293667,0,1.717002511024475,2.782435417175293,3.526724338531494,2.3125343322753906,2.3125345706939697,3.745827865600586,4.545827865600586,0.8,0.14001664519309998,0.24877411127090454,0.09775790572166443,0.20576182007789612,0.04541654884815216,0,4.545827865600586,0,0,0,0.0,0,1.244659423828125,1.2701027393341064,1.011165976524353,3.504316568374634,-1.0149976015090942,1.2972005605697632,1.2430050373077393,0.7675418257713318,1.254790186882019
2026-06-13T12:24:03.037175,349,1,-17504.83925969503,0,1.7223378419876099,2.7817015647888184,3.526869058609009,2.307962417602539,2.307962417602539,3.7360212326049806,4.5360212326049805,0.8,0.16296300292015076,0.30997946858406067,0.08623708784580231,0.2568122148513794,0.03605591505765915,0,4.5360212326049805,0,0,0,0.0,0,1.239914894104004,1.2729992866516113,1.0110865831375122,3.494612455368042,-1.0147826671600342,1.301522135734558,1.2444764375686646,0.7673706412315369,1.2548024654388428
2026-06-13T12:24:05.114638,350,1,-18033.119098424988,0,1.71221923828125,2.780301094055176,3.516895294189453,2.311049699783325,2.311049699783325,3.745654296875,4.545654296875,0.8,0.09800050407648087,0.18792696297168732,0.12783081829547882,0.3350291848182678,0.04503403231501579,0,4.545654296875,0,0,0,0.0,0,1.2585088014602661,1.2761383056640625,1.0127828121185303,3.5183372497558594,-1.0013196468353271,1.2951480150222778,1.2571287155151367,0.7707995176315308,1.2547662258148193
2026-06-13T12:24:07.600059,351,1,-18012.653122185395,0,1.6981449127197266,2.7845420837402344,3.5140016078948975,2.324239492416382,2.324239492416382,3.7727968215942385,4.572796821594238,0.8,0.10363803058862686,0.14229457080364227,0.14322906732559204,0.3926613926887512,0.07559871673583984,0,4.572796821594238,0,0,0,0.0,0,1.2743970155715942,1.2714166641235352,1.0146052837371826,3.548084020614624,-0.9992899298667908,1.289505124092102,1.2533282041549683,0.7745236158370972,1.254686951637268
2026-06-13T12:24:10.109696,352,1,-17674.511311697246,0,1.725474238395691,2.7779541015625,3.5262186527252197,2.302100658416748,2.302100658416748,3.726279926300049,4.526279926300049,0.8,0.15406674146652222,0.2817140519618988,0.09949110448360443,0.5051164031028748,0.04437132552266121,0,4.526279926300049,0,0,0,0.0,0,1.2378265857696533,1.275343656539917,1.0106101036071777,3.487637758255005,-1.0119844675064087,1.2976750135421753,1.2530124187469482,0.7663699984550476,1.2548502683639526
2026-06-13T12:24:12.108366,353,1,-18421.12198898756,0,1.7012686729431152,2.7941064834594727,3.5267555713653564,2.334414482116699,2.334414482116699,3.7912628173828127,4.5912628173828125,0.8,0.04530782252550125,0.06015229597687721,0.12983113527297974,0.24031275510787964,0.02665359154343605,0,4.5912628173828125,0,0,0,0.0,0,1.268427848815918,1.2703090906143188,1.0132074356079102,3.5511841773986816,-1.0143284797668457,1.2947683334350586,1.245849847793579,0.7716528177261353,1.2547619342803955
2026-06-13T12:24:14.304402,354,1,-17754.09918564594,0,1.732922077178955,2.774789810180664,3.5320448875427246,2.2956204414367676,2.2956204414367676,3.7110478401184084,4.511047840118408,0.8,0.1701579988002777,0.31666433811187744,0.1236095130443573,0.42796123027801514,0.02630465477705002,0,4.511047840118408,0,0,0,0.0,0,1.2218701839447021,1.2707618474960327,1.0139081478118896,3.464318037033081,-1.0205777883529663,1.2988685369491577,1.2426551580429077,0.7730222940444946,1.2547938823699951
2026-06-13T12:24:17.043191,355,1,-17765.78992894082,0,1.7269172668457031,2.78082275390625,3.5282604694366455,2.3042120933532715,2.3042123317718506,3.7278067588806154,4.527806758880615,0.8,0.1651410609483719,0.30134475231170654,0.10704043507575989,0.27786529064178467,0.048110999166965485,0,4.527806758880615,0,0,0,0.0,0,1.2344231605529785,1.274167537689209,1.013056755065918,3.485193967819214,-1.0163475275039673,1.304337739944458,1.2439974546432495,0.77143794298172,1.2546755075454712
2026-06-13T12:24:19.872659,356,1,-17977.90721244683,0,1.6926747560501099,2.782947301864624,3.525136947631836,2.3303420543670654,2.3303420543670654,3.787829113006592,4.587829113006592,0.8,0.11493202298879623,0.2200889140367508,0.10668453574180603,0.19998547434806824,0.04174959659576416,0,4.587829113006592,0,0,0,-0.0015856027603149414,0,1.2698140144348145,1.2599687576293945,1.0174884796142578,3.5514044761657715,-1.011776328086853,1.2705310583114624,1.249406337738037,0.7802600264549255,1.2547168731689453
2026-06-13T12:24:22.165936,357,1,-17587.56735089087,0,1.7359511852264404,2.777029037475586,3.5296263694763184,2.2945077419281006,2.2945077419281006,3.708234977722168,4.508234977722168,0.8,0.1690429002046585,0.32592856884002686,0.09801337122917175,0.2870592474937439,0.02282724343240261,0,4.508234977722168,0,0,0,0.0,0,1.2237515449523926,1.2766492366790771,1.0115094184875488,3.464517593383789,-1.0170143842697144,1.3062989711761475,1.2469993829727173,0.7683348655700684,1.2546840906143188
2026-06-13T12:24:24.177493,358,1,-18040.82462931893,0,1.7051407098770142,2.7851169109344482,3.526745319366455,2.323657512664795,2.323657512664795,3.770642948150635,4.570642948150635,0.8,0.10327766835689545,0.18103361129760742,0.1317191869020462,0.37466636300086975,0.045492663979530334,0,4.570642948150635,0,0,0,-0.00048363208770751953,0,1.2583909034729004,1.2664766311645508,1.0164378881454468,3.5311615467071533,-1.014379858970642,1.287338137626648,1.245615005493164,0.7781686186790466,1.2547072172164917
2026-06-13T12:24:26.246031,359,1,-17741.195674658124,0,1.7179070711135864,2.7852706909179688,3.5191490650177,2.311948537826538,2.311948537826538,3.743557643890381,4.543557643890381,0.8,0.12118726968765259,0.22614771127700806,0.12026243656873703,0.23212675750255585,0.04755382612347603,0,4.543557643890381,0,0,0,0.0,0,1.2531567811965942,1.2789561748504639,1.0150387287139893,3.512052536010742,-1.0057389736175537,1.3091151714324951,1.2487971782684326,0.7753327488899231,1.2547447681427002
2026-06-13T12:24:28.237349,360,1,-17785.07744804859,0,1.7264841794967651,2.7797412872314453,3.520076036453247,2.300936222076416,2.300936460494995,3.7221161842346193,4.522116184234619,0.8,0.1532977819442749,0.2701663672924042,0.10073819756507874,0.18140430748462677,0.05787477642297745,0,4.522116184234619,0,0,0,0.0,0,1.242830753326416,1.2811880111694336,1.0162532329559326,3.491119146347046,-1.0054577589035034,1.3085931539535522,1.253782868385315,0.7778589725494385,1.2546476125717163
2026-06-13T12:24:30.469397,361,1,-18046.44886952955,0,1.7081222534179688,2.789656162261963,3.5148072242736816,2.321711540222168,2.321711540222168,3.7638642311096193,4.563864231109619,0.8,0.07298217713832855,0.12174194306135178,0.1336202323436737,0.21769249439239502,0.0470903217792511,0,4.563864231109619,0,0,0,0.0,0,1.268470287322998,1.2794718742370605,1.0165441036224365,3.537755012512207,-1.0008145570755005,1.3083844184875488,1.2505594491958618,0.778373658657074,1.2547146081924438
2026-06-13T12:24:32.518282,362,1,-17318.805493269214,0,1.740721583366394,2.7581899166107178,3.516503095626831,2.2699203491210938,2.2699203491210938,3.6593796730041506,4.45937967300415,0.8,0.17252403497695923,0.3341597318649292,0.10603995621204376,0.15402086079120636,0.027485743165016174,0,4.45937967300415,0,0,0,0.0,0,1.2130591869354248,1.2732164859771729,1.0142391920089722,3.4295899868011475,-1.0034716129302979,1.2994939088821411,1.2469390630722046,0.7737868428230286,1.2546916007995605
2026-06-13T12:24:34.516454,363,1,-18231.343683248855,0,1.7018157243728638,2.7903943061828613,3.520071029663086,2.32863712310791,2.3286373615264893,3.7800623893737795,4.580062389373779,0.8,0.07215646654367447,0.12028839439153671,0.10485774278640747,0.24544435739517212,0.038298167288303375,0,4.580062389373779,0,0,0,-0.0013064146041870117,0,1.2714743614196777,1.2736859321594238,1.0181756019592285,3.5491461753845215,-1.006197452545166,1.2965716123580933,1.2508001327514648,0.7816801071166992,1.2546712160110474
2026-06-13T12:24:36.647887,364,1,-17879.475097559964,0,1.7085232734680176,2.7878236770629883,3.5115795135498047,2.3187782764434814,2.3187782764434814,3.756241512298584,4.556241512298584,0.8,0.10686230659484863,0.18497346341609955,0.09798659384250641,0.22583404183387756,0.04614533483982086,0,4.556241512298584,0,0,0,0.0,0,1.266471266746521,1.2782313823699951,1.0169861316680908,3.5319082736968994,-0.9989657998085022,1.3118555545806885,1.2446070909500122,0.7792943120002747,1.2546780109405518
2026-06-13T12:24:38.671004,365,1,-17894.930142312376,0,1.7144709825515747,2.7916531562805176,3.522568702697754,2.321239948272705,2.321239948272705,3.7632095336914064,4.563209533691406,0.8,0.06878450512886047,0.08711650967597961,0.1075793132185936,0.2750011086463928,0.03691786527633667,0,4.563209533691406,0,0,0,0.0,0,1.2609362602233887,1.2812590599060059,1.0178813934326172,3.5300452709198,-1.008172869682312,1.3093008995056152,1.253217339515686,0.7810722589492798,1.2546906471252441
2026-06-13T12:24:40.687814,366,1,-17922.399280058515,0,1.7105085849761963,2.79390811920166,3.517152786254883,2.3244709968566895,2.3244709968566895,3.767523002624512,4.567523002624512,0.8,0.06298919022083282,0.10655508935451508,0.1069534569978714,0.19705753028392792,0.03755601495504379,0,4.567523002624512,0,0,0,0.0,0,1.2668540477752686,1.2812283039093018,1.0165468454360962,3.537900924682617,-1.0041929483413696,1.3157249689102173,1.2467316389083862,0.7783798575401306,1.254713773727417
2026-06-13T12:24:42.699630,367,1,-18081.285597131384,0,1.6873241662979126,2.7735297679901123,3.528167247772217,2.3269903659820557,2.3269903659820557,3.784378719329834,4.584378719329834,0.8,0.14672213792800903,0.27699241042137146,0.13432058691978455,0.31259220838546753,0.03148544952273369,0,4.584378719329834,0,0,0,-0.0018031597137451172,0,1.264607310295105,1.248024344444275,1.019528865814209,3.5446975231170654,-1.0154829025268555,1.2489633560180664,1.2470853328704834,0.7843285799026489,1.2547292709350586
2026-06-13T12:24:44.733958,368,1,-17098.333324453244,0,1.7254362106323242,2.7693450450897217,3.5289087295532227,2.295447587966919,2.295447587966919,3.715450477600098,4.515450477600098,0.8,0.19348938763141632,0.3368723392486572,0.10828589648008347,0.22242803871631622,0.04740699753165245,0,4.515450477600098,0,0,0,0.0,0,1.2312521934509277,1.2691197395324707,1.0222111940383911,3.4769272804260254,-1.0144230127334595,1.2838146686553955,1.2544246912002563,0.7897222638130188,1.2547000646591187
2026-06-13T12:24:46.739712,369,1,-18453.944890409555,0,1.7040430307388306,2.795046806335449,3.5176753997802734,2.3303894996643066,2.3303894996643066,3.7810866355896,4.5810866355896,0.8,0.028237685561180115,0.045394107699394226,0.1495450735092163,0.3568834066390991,0.019794732332229614,0,4.5810866355896,0,0,0,-0.0001385211944580078,0,1.2735350131988525,1.2785089015960693,1.0159358978271484,3.551400899887085,-1.0043309926986694,1.3086671829223633,1.248350739479065,0.7771764993667603,1.2546954154968262
2026-06-13T12:24:48.745426,370,1,-18121.040939118244,0,1.7090638875961304,2.7912368774414062,3.5196170806884766,2.323928117752075,2.323928117752075,3.769497108459473,4.569497108459473,0.8,0.06986662745475769,0.1182914450764656,0.13362693786621094,0.22249799966812134,0.04731353372335434,0,4.569497108459473,0,0,0,-0.00027751922607421875,0,1.267608404159546,1.2799229621887207,1.0196362733840942,3.5400888919830322,-1.0048720836639404,1.3056297302246094,1.254216194152832,0.7845873832702637,1.2546851634979248
2026-06-13T12:24:50.987551,371,1,-18151.28565075553,0,1.6540671586990356,2.7409937381744385,3.5231995582580566,2.3214120864868164,2.3214120864868164,3.786946964263916,4.586946964263916,0.8,0.1930079311132431,0.3491222858428955,0.13114596903324127,0.0918307974934578,0.013044612482190132,0,4.586946964263916,0,0,0,-0.0023496150970458984,0,1.2710363864898682,1.20867919921875,1.0217697620391846,3.5523195266723633,-1.0102466344833374,1.1698468923568726,1.2475115060806274,0.7888333797454834,1.2547061443328857
2026-06-13T12:24:53.007596,372,1,-17186.542854232393,0,1.7524282932281494,2.7633957862854004,3.519094228744507,2.2663698196411133,2.2663698196411133,3.649265480041504,4.449265480041504,0.8,0.1905340701341629,0.35488346219062805,0.11672255396842957,0.23032024502754211,0.01734897866845131,0,4.449265480041504,0,0,0,0.0,0,1.2060086727142334,1.2825901508331299,1.0187560319900513,3.417832374572754,-1.0058151483535767,1.3168903589248657,1.248289942741394,0.7828530669212341,1.2546589374542236
2026-06-13T12:24:55.077842,373,1,-18257.117360142754,0,1.7028332948684692,2.7860865592956543,3.5111947059631348,2.3212969303131104,2.3212969303131104,3.7641717910766603,4.56417179107666,0.8,0.09152308851480484,0.1468649059534073,0.1228114441037178,0.21423247456550598,0.04042288288474083,0,4.56417179107666,0,0,0,-0.0009933710098266602,0,1.2726927995681763,1.27610182762146,1.0195866823196411,3.5424864292144775,-0.9971007704734802,1.3017313480377197,1.2504721879959106,0.7844356894493103,1.2547376155853271
2026-06-13T12:24:57.273486,374,1,-18073.849831438958,0,1.6602877378463745,2.7487096786499023,3.52636981010437,2.3245654106140137,2.3245654106140137,3.7926380157470705,4.59263801574707,0.8,0.20362289249897003,0.3928338587284088,0.14881214499473572,0.24378053843975067,0.013640492223203182,0,4.59263801574707,0,0,0,-0.0028333663940429688,0,1.2729895114898682,1.2189358472824097,1.0244518518447876,3.5574333667755127,-1.011454463005066,1.1820907592773438,1.2557809352874756,0.7941492199897766,1.2547545433044434
2026-06-13T12:24:59.260554,375,1,-17168.00292887592,0,1.7494828701019287,2.7560417652130127,3.523073196411133,2.263495922088623,2.263495922088623,3.6470815658569338,4.447081565856934,0.8,0.19437512755393982,0.36019450426101685,0.07624190300703049,0.2941519618034363,0.026070743799209595,0,4.447081565856934,0,0,0,0.0,0,1.2010765075683594,1.2739710807800293,1.0164432525634766,3.411679744720459,-1.0095267295837402,1.2980715036392212,1.2498705387115479,0.7781453728675842,1.2547411918640137
2026-06-13T12:25:01.275886,376,1,-18437.474240502197,0,1.591628909111023,2.669355869293213,3.531567096710205,2.3098888397216797,2.309889078140259,3.7979323387146,4.5979323387146,0.8,0.20571142435073853,0.36832141876220703,0.14617672562599182,0.27813398838043213,0.028147384524345398,0,4.5979323387146,0,0,0,-0.0019413232803344727,0,1.2668991088867188,1.117278814315796,1.032446265220642,3.550982713699341,-1.0171844959259033,0.9802050590515137,1.2543526887893677,0.8101429343223572,1.2547495365142822
2026-06-13T12:25:03.268192,377,1,-17556.72372710864,0,1.702245831489563,2.766537666320801,3.524578809738159,2.3088343143463135,2.3088343143463135,3.7474853515625,4.5474853515625,0.8,0.1676139533519745,0.31943947076797485,0.1055239737033844,0.39516061544418335,0.05575919896364212,0,4.5474853515625,0,0,0,-0.0010732412338256836,0,1.2521601915359497,1.2568371295928955,1.0215615034103394,3.513911008834839,-1.0095906257629395,1.2578494548797607,1.2558246850967407,0.7883467078208923,1.2547763586044312
2026-06-13T12:25:05.353729,378,1,-17390.291365155543,0,1.7208579778671265,2.773839235305786,3.5158581733703613,2.298570156097412,2.298570156097412,3.7188283920288088,4.518828392028809,0.8,0.1716880351305008,0.31577590107917786,0.1092631071805954,0.3275131583213806,0.0765596553683281,0,4.518828392028809,0,0,0,0.0,0,1.2459781169891357,1.2763757705688477,1.0212242603302002,3.49316668510437,-1.0012104511260986,1.2994656562805176,1.2532858848571777,0.7876383066177368,1.254810094833374
2026-06-13T12:25:07.336694,379,1,-17800.272517319387,0,1.706161618232727,2.780491828918457,3.513697862625122,2.3146791458129883,2.3146793842315674,3.751961421966553,4.551961421966553,0.8,0.11536494642496109,0.22409582138061523,0.12801721692085266,0.27391302585601807,0.0739973783493042,0,4.551961421966553,0,0,0,-0.0006422996520996094,0,1.26443350315094,1.2731783390045166,1.0221987962722778,3.5283899307250977,-0.9995229244232178,1.2952430248260498,1.251113772392273,0.7895999550819397,1.2547975778579712
2026-06-13T12:25:09.818093,380,1,-17897.58598735518,0,1.7144168615341187,2.797410488128662,3.511375904083252,2.322934865951538,2.322934865951538,3.7621809959411623,4.562180995941162,0.8,0.036955416202545166,0.06472034752368927,0.13472415506839752,0.24981023371219635,0.033381905406713486,0,4.562180995941162,0,0,0,0.0,0,1.2711260318756104,1.2901287078857422,1.0208947658538818,3.539825916290283,-0.9975738525390625,1.330944299697876,1.2493129968643188,0.7869955897331238,1.2547940015792847
2026-06-13T12:25:12.080952,381,1,-18400.343486304126,0,1.6298930644989014,2.7146685123443604,3.530393600463867,2.3191120624542236,2.3191120624542236,3.7968875885009767,4.596887588500977,0.8,0.21126829087734222,0.4067940413951874,0.14754846692085266,0.12549567222595215,0.016975287348031998,0,4.596887588500977,0,0,0,-0.0031098127365112305,0,1.2710652351379395,1.1750229597091675,1.0371274948120117,3.5577526092529297,-1.0156221389770508,1.0943193435668945,1.2557265758514404,0.8194320201873779,1.254823088645935
2026-06-13T12:25:14.287019,382,1,-17441.761296035875,0,1.7324024438858032,2.7841131687164307,3.525456190109253,2.302098274230957,2.302098512649536,3.7240740776062013,4.524074077606201,0.8,0.1343562752008438,0.24506646394729614,0.11457481980323792,0.24904024600982666,0.05113648995757103,0,4.524074077606201,0,0,0,0.0,0,1.239739179611206,1.286299467086792,1.021129846572876,3.4894895553588867,-1.010011076927185,1.3148566484451294,1.2577424049377441,0.7874220609664917,1.2548376321792603
2026-06-13T12:25:16.295591,383,1,-17504.526015624364,0,1.7102996110916138,2.783907413482666,3.5205867290496826,2.3168323040008545,2.3168323040008545,3.756170463562012,4.556170463562012,0.8,0.13473501801490784,0.25744137167930603,0.11996699869632721,0.18586468696594238,0.06706367433071136,0,4.556170463562012,0,0,0,-0.0005085468292236328,0,1.2595641613006592,1.274383783340454,1.0218290090560913,3.525583267211914,-1.0064549446105957,1.296933650970459,1.2518340349197388,0.7887603640556335,1.2548977136611938
2026-06-13T12:25:18.365844,384,1,-17477.375866226295,0,1.7461494207382202,2.762178897857666,3.51454758644104,2.2686235904693604,2.2686235904693604,3.6539289474487306,4.4539289474487305,0.8,0.19481539726257324,0.3756696283817291,0.088761106133461,0.18533927202224731,0.012561707757413387,0,4.4539289474487305,0,0,0,0.0,0,1.212219476699829,1.2798147201538086,1.0170156955718994,3.4261815547943115,-1.0017424821853638,1.3139175176620483,1.2457120418548584,0.7791498899459839,1.2548816204071045
2026-06-13T12:25:20.378344,385,1,-18013.576024295347,0,1.6251901388168335,2.701470375061035,3.5215859413146973,2.3085250854492188,2.3085250854492188,3.778721046447754,4.578721046447754,0.8,0.19701823592185974,0.3891879916191101,0.13618502020835876,0.5342273712158203,0.029966723173856735,0,4.578721046447754,0,0,0,-0.002341628074645996,0,1.2701467275619507,1.1678959131240845,1.0263339281082153,3.5462989807128906,-1.0060055255889893,1.0780425071716309,1.257749319076538,0.7977970242500305,1.254870891571045
2026-06-13T12:25:22.389253,386,1,-18117.916418171342,0,1.672717571258545,2.749668836593628,3.5209879875183105,2.31465482711792,2.314655065536499,3.7685014724731447,4.5685014724731445,0.8,0.2140035331249237,0.3950222134590149,0.14633241295814514,0.1498270034790039,0.03574661538004875,0,4.5685014724731445,0,0,0,-0.002229928970336914,0,1.266411542892456,1.2297754287719727,1.0247702598571777,3.5389037132263184,-1.0060805082321167,1.2045583724975586,1.2549923658370972,0.7946735620498657,1.2548670768737793
2026-06-13T12:25:24.720031,387,1,-17843.440134451666,0,1.7195221185684204,2.7894411087036133,3.507838726043701,2.310913562774658,2.310913562774658,3.7386943817138674,4.538694381713867,0.8,0.13391931354999542,0.2198624312877655,0.1240110993385315,0.2031974494457245,0.04768994450569153,0,4.538694381713867,0,0,0,0.0,0,1.2637169361114502,1.2904326915740967,1.020004153251648,3.5205605030059814,-0.9931266903877258,1.3284122943878174,1.2524529695510864,0.7851598858833313,1.2548484802246094
2026-06-13T12:25:26.731657,388,1,-18440.00865089486,0,1.6803888082504272,2.7595534324645996,3.5179171562194824,2.316580057144165,2.316580057144165,3.7675144195556642,4.567514419555664,0.8,0.18340744078159332,0.3387851417064667,0.1320214718580246,0.22032856941223145,0.03386762738227844,0,4.567514419555664,0,0,0,-0.0023621320724487305,0,1.2683898210525513,1.242065668106079,1.020918607711792,3.540107488632202,-1.0033278465270996,1.2308108806610107,1.253320336341858,0.7869965434074402,1.2548407316207886
2026-06-13T12:25:28.721844,389,1,-17609.76503895844,0,1.7373238801956177,2.7616665363311768,3.5050971508026123,2.27182674407959,2.27182674407959,3.66013879776001,4.46013879776001,0.8,0.19594402611255646,0.35785531997680664,0.0826469361782074,0.26575687527656555,0.009602105244994164,0,4.46013879776001,0,0,0,0.0,0,1.2251613140106201,1.2797069549560547,1.0199558734893799,3.4425480365753174,-0.9922253489494324,1.314691185951233,1.244722843170166,0.7850484251976013,1.2548632621765137
2026-06-13T12:25:30.725271,390,1,-18134.677646732325,0,1.7130786180496216,2.790069580078125,3.5087008476257324,2.316523551940918,2.316523551940918,3.7521998405456545,4.552199840545654,0.8,0.04785005375742912,0.07365497946739197,0.0893879234790802,0.2391110360622406,0.03515719994902611,0,4.552199840545654,0,0,0,0.0,0,1.270261526107788,1.2876383066177368,1.017791748046875,3.53375244140625,-0.9932293891906738,1.3197005987167358,1.2555760145187378,0.7807016968727112,1.2548818588256836
2026-06-13T12:25:33.085797,391,1,-18170.520369045913,0,1.7113031148910522,2.785825252532959,3.5100295543670654,2.314462184906006,2.314462184906006,3.750529956817627,4.550529956817627,0.8,0.04700323939323425,0.0691247507929802,0.12715889513492584,0.21510393917560577,0.02592567168176174,0,4.550529956817627,0,0,0,0.0,0,1.2692235708236694,1.284348487854004,1.0187588930130005,3.5320682525634766,-0.9936210513114929,1.3092288970947266,1.2594679594039917,0.7826507687568665,1.2548669576644897
2026-06-13T12:25:35.065959,392,1,-18481.374971696816,0,1.7067933082580566,2.7870891094207764,3.5007593631744385,2.3160414695739746,2.3160414695739746,3.7492930412292482,4.549293041229248,0.8,0.053916171193122864,0.0677323043346405,0.13524746894836426,0.2567870020866394,0.019496124237775803,0,4.549293041229248,0,0,0,-0.00020825862884521484,0,1.2744193077087402,1.2829177379608154,1.0182594060897827,3.5364255905151367,-0.987587034702301,1.320456862449646,1.2453784942626953,0.7817527055740356,1.2547661066055298
2026-06-13T12:25:37.164270,393,1,-17893.352806776795,0,1.7159135341644287,2.778398036956787,3.5123097896575928,2.3051600456237793,2.3051600456237793,3.7319437980651857,4.5319437980651855,0.8,0.09903658181428909,0.18650397658348083,0.10069385170936584,0.36457374691963196,0.028184637427330017,0,4.5319437980651855,0,0,0,0.0,0,1.2564365863800049,1.2791717052459717,1.0184741020202637,3.5099151134490967,-0.9970418810844421,1.303090214729309,1.2552531957626343,0.7820618748664856,1.2548863887786865
2026-06-13T12:25:39.165877,394,1,-17866.26809661199,0,1.7232204675674438,2.7676470279693604,3.5074849128723145,2.2886111736297607,2.2886111736297607,3.697236728668213,4.497236728668213,0.8,0.16912534832954407,0.3121229112148285,0.10029006004333496,0.47672390937805176,0.049586255103349686,0,4.497236728668213,0,0,0,0.0,0,1.2421033382415771,1.2761398553848267,1.0151969194412231,3.477752923965454,-0.9935461282730103,1.3029606342315674,1.249319076538086,0.7755374312400818,1.2548563480377197
2026-06-13T12:25:41.189665,395,1,-18362.09655375962,0,1.7041981220245361,2.791001319885254,3.505002975463867,2.322755813598633,2.322755813598633,3.7639262199401857,4.5639262199401855,0.8,0.04038310796022415,0.04884916543960571,0.10960543155670166,0.23404978215694427,0.03180200606584549,0,4.5639262199401855,0,0,0,-0.00027239322662353516,0,1.2779754400253296,1.282590627670288,1.017702341079712,3.5473098754882812,-0.9913589358329773,1.3173890113830566,1.24779212474823,0.7804967761039734,1.2549078464508057
2026-06-13T12:25:43.175736,396,1,-18185.727906118285,0,1.7081865072250366,2.788694381713867,3.5107786655426025,2.319551706314087,2.319551706314087,3.758444976806641,4.558444976806641,0.8,0.055487826466560364,0.07169433683156967,0.09757247567176819,0.33253946900367737,0.03413395583629608,0,4.558444976806641,0,0,0,-0.0001074075698852539,0,1.2694681882858276,1.2804274559020996,1.0174453258514404,3.5360636711120605,-0.9971272349357605,1.3122588396072388,1.24859619140625,0.779984712600708,1.2549058198928833
2026-06-13T12:25:45.158855,397,1,-18550.85952298181,0,1.7008146047592163,2.787325859069824,3.4994313716888428,2.320239543914795,2.320239543914795,3.756872844696045,4.556872844696045,0.8,0.05387197434902191,0.05678645893931389,0.11979436874389648,0.2645939290523529,0.012830941006541252,0,4.556872844696045,0,0,0,0.0,0,1.2776734828948975,1.277807593345642,1.0190050601959229,3.543505907058716,-0.9881588220596313,1.3181064128875732,1.237508773803711,0.7830982804298401,1.2549117803573608
2026-06-13T12:25:47.154838,398,1,-17965.416327580882,0,1.7112587690353394,2.7798452377319336,3.5136961936950684,2.3103396892547607,2.3103396892547607,3.7434222221374513,4.543422222137451,0.8,0.08880320936441422,0.12948723137378693,0.12205991894006729,0.18503692746162415,0.05217842012643814,0,4.543422222137451,0,0,0,0.0,0,1.2612289190292358,1.2771713733673096,1.0209786891937256,3.5207600593566895,-0.998302161693573,1.2984187602996826,1.255923867225647,0.7870136499404907,1.2549437284469604
2026-06-13T12:25:49.140436,399,1,-17918.386301171864,0,1.713402509689331,2.7815980911254883,3.499107837677002,2.3057234287261963,2.3057234287261963,3.728794288635254,4.528794288635254,0.8,0.12344682961702347,0.2342311292886734,0.09620203077793121,0.41877037286758423,0.05637715756893158,0,4.528794288635254,0,0,0,0.0,0,1.2666338682174683,1.2848799228668213,1.0176818370819092,3.518281936645508,-0.9850141406059265,1.320961356163025,1.2487984895706177,0.7804595232009888,1.25490403175354
2026-06-13T12:25:51.128863,400,1,-18741.607161354055,0,1.69314444065094,2.7774720191955566,3.5139870643615723,2.3216516971588135,2.3216516971588135,3.770166110992432,4.570166110992432,0.8,0.156095489859581,0.2694983184337616,0.14123094081878662,0.2236589789390564,0.04467034339904785,0,4.570166110992432,0,0,0,-0.0018618106842041016,0,1.2739665508270264,1.2642430067062378,1.0218217372894287,3.5471081733703613,-0.9991750121116638,1.2748208045959473,1.2536652088165283,0.7887551784515381,1.2548881769180298
2026-06-13T12:25:53.463259,401,1,-17851.466248488836,0,1.7170706987380981,2.7779242992401123,3.513097047805786,2.304128885269165,2.304128885269165,3.7279178619384767,4.527917861938477,0.8,0.11081070452928543,0.2169097661972046,0.11148054152727127,0.36941030621528625,0.04101443290710449,0,4.527917861938477,0,0,0,0.0,0,1.2515370845794678,1.276319980621338,1.0192830562591553,3.503007173538208,-0.999933123588562,1.3056950569152832,1.246944785118103,0.7836359739303589,1.254930019378662
2026-06-13T12:25:55.506251,402,1,-18619.943365665385,0,1.7002747058868408,2.7882065773010254,3.4929678440093994,2.3194503784179688,2.3194503784179688,3.7556430816650392,4.555643081665039,0.8,0.024293718859553337,0.026918521150946617,0.11544743180274963,0.36150991916656494,0.022175868973135948,0,4.555643081665039,0,0,0,0.0,0,1.2850126028060913,1.2835562229156494,1.0148509740829468,3.5498111248016357,-0.9797858595848083,1.322778582572937,1.2443338632583618,0.7748070955276489,1.2548948526382446
2026-06-13T12:25:57.519885,403,1,-18991.577092252188,0,1.6804497241973877,2.756744861602783,3.508882999420166,2.3111557960510254,2.3111557960510254,3.755445194244385,4.555445194244385,0.8,0.16923286020755768,0.33294913172721863,0.12896576523780823,0.3867732882499695,0.026299867779016495,0,4.555445194244385,0,0,0,-0.002480626106262207,0,1.2714358568191528,1.2449469566345215,1.0190105438232422,3.536888360977173,-0.9940165877342224,1.236723780632019,1.253170132637024,0.7830491065979004,1.2549718618392944
2026-06-13T12:25:59.493169,404,1,-18382.48239652187,0,1.6766681671142578,2.748210906982422,3.508239507675171,2.3063151836395264,2.3063151836395264,3.7487418174743654,4.548741817474365,0.8,0.217910498380661,0.3834518492221832,0.15117399394512177,0.25054922699928284,0.02415195107460022,0,4.548741817474365,0,0,0,-0.002812981605529785,0,1.2695269584655762,1.2380406856536865,1.0224027633666992,3.531912088394165,-0.9928582310676575,1.220949649810791,1.2551318407058716,0.7898420691490173,1.2549635171890259
2026-06-13T12:26:01.466305,405,1,-18132.23140005325,0,1.7111114263534546,2.7889187335968018,3.508280038833618,2.3168179988861084,2.3168179988861084,3.753142547607422,4.553142547607422,0.8,0.07030197978019714,0.08998933434486389,0.1219942644238472,0.41281795501708984,0.051766835153102875,0,4.553142547607422,0,0,0,0.0,0,1.2711560726165771,1.285778284072876,1.019693374633789,3.5353198051452637,-0.9930076599121094,1.3168649673461914,1.25469172000885,0.7843794822692871,1.2550073862075806
2026-06-13T12:26:03.435666,406,1,-18234.74369138894,0,1.7037827968597412,2.7863564491271973,3.511256694793701,2.320858955383301,2.320858955383301,3.764824104309082,4.564824104309082,0.8,0.07767437398433685,0.14205777645111084,0.14448824524879456,0.32931071519851685,0.054049327969551086,0,4.564824104309082,0,0,0,-0.000998377799987793,0,1.2751814126968384,1.2795263528823853,1.0217067003250122,3.5455358028411865,-0.995172917842865,1.3007532358169556,1.258299469947815,0.7883710265159607,1.255042314529419
2026-06-13T12:26:05.413926,407,1,-18382.960549535102,0,1.7057782411575317,2.7899060249328613,3.517665386199951,2.324549436569214,2.324549436569214,3.7715451240539553,4.571545124053955,0.8,0.10103441774845123,0.13497483730316162,0.1288796067237854,0.27418750524520874,0.034354548901319504,0,4.571545124053955,0,0,0,-0.0003968477249145508,0,1.2709323167800903,1.2784661054611206,1.0202414989471436,3.544506072998047,-1.0026414394378662,1.3019334077835083,1.254998803138733,0.785577654838562,1.2549052238464355
2026-06-13T12:26:07.396813,408,1,-18231.993781184723,0,1.7079728841781616,2.7906832695007324,3.5090384483337402,2.3209428787231445,2.3209428787231445,3.76203031539917,4.56203031539917,0.8,0.06887898594141006,0.12199462205171585,0.11961333453655243,0.3725244104862213,0.05948168784379959,0,4.56203031539917,0,0,0,-0.0009634494781494141,0,1.2753878831863403,1.2852656841278076,1.02260422706604,3.544354200363159,-0.9935783743858337,1.3149479627609253,1.2555832862854004,0.7903515100479126,1.254857063293457
2026-06-13T12:26:09.441062,409,1,-18456.317600037055,0,1.708921194076538,2.7863378524780273,3.503396511077881,2.3146142959594727,2.3146142959594727,3.7487914085388185,4.548791408538818,0.8,0.057731471955776215,0.058563701808452606,0.09917725622653961,0.32604604959487915,0.026189709082245827,0,4.548791408538818,0,0,0,0.0,0,1.2740745544433594,1.2854180335998535,1.0200997591018677,3.536109209060669,-0.9879600405693054,1.3161218166351318,1.2547141313552856,0.7852968573570251,1.2549026012420654
2026-06-13T12:26:11.447430,410,1,-18073.581503779307,0,1.6903724670410156,2.7714390754699707,3.5155563354492188,2.3188843727111816,2.3188846111297607,3.767448139190674,4.567448139190674,0.8,0.15314163267612457,0.28667280077934265,0.11917148530483246,0.16543680429458618,0.05668644979596138,0,4.567448139190674,0,0,0,-0.002129197120666504,0,1.2718493938446045,1.258601427078247,1.023614764213562,3.543826103210449,-1.0001271963119507,1.260888934135437,1.2563140392303467,0.7922865748405457,1.2549430131912231
2026-06-13T12:26:13.772528,411,1,-18056.758495165795,0,1.7186704874038696,2.794642686843872,3.518311023712158,2.319460391998291,2.319460391998291,3.7583906173706056,4.5583906173706055,0.8,0.06339927762746811,0.10054588317871094,0.12525448203086853,0.2307083010673523,0.02598823793232441,0,4.5583906173706055,0,0,0,0.0,0,1.2646517753601074,1.2900885343551636,1.0220050811767578,3.5316975116729736,-1.0023938417434692,1.3215447664260864,1.2586323022842407,0.7890989780426025,1.2549113035202026
2026-06-13T12:26:15.750512,412,1,-18175.733811541446,0,1.7093892097473145,2.7875030040740967,3.5043740272521973,2.3156135082244873,2.3156135082244873,3.750689697265625,4.550689697265625,0.8,0.05167737603187561,0.08300658315420151,0.12202707678079605,0.34383243322372437,0.02297993004322052,0,4.550689697265625,0,0,0,0.0,0,1.2741520404815674,1.286097764968872,1.0207371711730957,3.537198781967163,-0.9888947606086731,1.3171871900558472,1.2550082206726074,0.7865419387817383,1.2549322843551636
2026-06-13T12:26:17.753101,413,1,-18193.59666685732,0,1.6913633346557617,2.7758705615997314,3.4915919303894043,2.3145203590393066,2.3145203590393066,3.749318790435791,4.549318790435791,0.8,0.0581546314060688,0.09447740018367767,0.12077662348747253,0.19514065980911255,0.0576968714594841,0,4.549318790435791,0,0,0,0.0,0,1.2830761671066284,1.269975185394287,1.0188112258911133,3.5452687740325928,-0.9791163802146912,1.298635721206665,1.2413146495819092,0.7827199101448059,1.2549024820327759
2026-06-13T12:26:19.746527,414,1,-18673.44408360305,0,1.6752773523330688,2.7571215629577637,3.5101656913757324,2.3156511783599854,2.3156511783599854,3.765401077270508,4.565401077270508,0.8,0.1613227128982544,0.3046894669532776,0.15326054394245148,0.4802747368812561,0.025176864117383957,0,4.565401077270508,0,0,0,-0.0024930238723754883,0,1.2750389575958252,1.2411863803863525,1.0217440128326416,3.5457651615142822,-0.9956872463226318,1.2305854558944702,1.2517873048782349,0.7884810566902161,1.255007028579712
2026-06-13T12:26:21.722854,415,1,-18186.8598768931,0,1.709483027458191,2.7913010120391846,3.5145702362060547,2.3220999240875244,2.3220999240875244,3.7646910667419435,4.564691066741943,0.8,0.06924063712358475,0.08502703160047531,0.12804445624351501,0.23512843251228333,0.053279776126146317,0,4.564691066741943,0,0,0,0.0,0,1.2707079648971558,1.2831683158874512,1.0225934982299805,3.541019916534424,-0.9996039271354675,1.3119752407073975,1.2543612718582153,0.7903094291687012,1.2548774480819702
2026-06-13T12:26:23.696267,416,1,-18542.02521875338,0,1.7011171579360962,2.7914013862609863,3.5158820152282715,2.3287320137023926,2.3287320137023926,3.7784759521484377,4.5784759521484375,0.8,0.04414109140634537,0.07377585768699646,0.11280886828899384,0.3803621530532837,0.03245311230421066,0,4.5784759521484375,0,0,0,0.0,0,1.274100422859192,1.2750638723373413,1.0190136432647705,3.5509731769561768,-1.002772331237793,1.3030426502227783,1.2470850944519043,0.7830506563186646,1.254976749420166
2026-06-13T12:26:25.727280,417,1,-18241.27616997834,0,1.702402949333191,2.7852773666381836,3.5041956901550293,2.3187148571014404,2.3187148571014404,3.7567450523376467,4.5567450523376465,0.8,0.049178123474121094,0.06941573321819305,0.1190081536769867,0.25101253390312195,0.03652764484286308,0,4.5567450523376465,0,0,0,0.0,0,1.274925708770752,1.2774951457977295,1.019740343093872,3.540902853012085,-0.9910513758659363,1.3093156814575195,1.24567449092865,0.7845451235771179,1.2549355030059814
2026-06-13T12:26:27.713446,418,1,-18527.613574066105,0,1.701566219329834,2.788773536682129,3.5159752368927,2.3261024951934814,2.3261024951934814,3.7764093399047853,4.576409339904785,0.8,0.11313792318105698,0.19024300575256348,0.12823070585727692,0.2625373601913452,0.05988335981965065,0,4.576409339904785,0,0,0,-0.0012552738189697266,0,1.2763011455535889,1.277562141418457,1.0215222835540771,3.552490234375,-0.999888002872467,1.2961523532867432,1.2589718103408813,0.7880736589431763,1.254970908164978
2026-06-13T12:26:29.707416,419,1,-17975.27587706386,0,1.7177270650863647,2.76491117477417,3.49979829788208,2.2878386974334717,2.2878386974334717,3.6945445060729982,4.494544506072998,0.8,0.15685507655143738,0.3019920587539673,0.09758782386779785,0.27866071462631226,0.028152579441666603,0,4.494544506072998,0,0,0,0.0,0,1.2475508451461792,1.273624062538147,1.018134355545044,3.482113838195801,-0.9870120882987976,1.303591251373291,1.243656873703003,0.7813584804534912,1.2549103498458862
2026-06-13T12:26:31.692645,420,1,-18693.128954640684,0,1.6838780641555786,2.773550033569336,3.5193166732788086,2.326650619506836,2.326650857925415,3.7835394859313967,4.5835394859313965,0.8,0.18631350994110107,0.3639153838157654,0.15355215966701508,0.34794217348098755,0.04690251871943474,0,4.5835394859313965,0,0,0,-0.003130674362182617,0,1.2745695114135742,1.2523404359817505,1.0222395658493042,3.554490804672241,-1.0053519010543823,1.253707766532898,1.250973105430603,0.78950434923172,1.2549748420715332
2026-06-13T12:26:33.908186,421,1,-17663.08234060383,0,1.7055869102478027,2.7614846229553223,3.5061099529266357,2.295917510986328,2.2959177494049072,3.7189051628112795,4.518905162811279,0.8,0.19461274147033691,0.3694781959056854,0.11091085523366928,0.26328855752944946,0.07659643143415451,0,4.518905162811279,0,0,0,0.0,0,1.2577632665634155,1.2664093971252441,1.022996187210083,3.505260705947876,-0.9897341132164001,1.274048089981079,1.2587707042694092,0.790996789932251,1.254995584487915
2026-06-13T12:26:35.940242,422,1,-18284.806358842437,0,1.7019879817962646,2.7919342517852783,3.503847122192383,2.324855327606201,2.324855327606201,3.768844795227051,4.568844795227051,0.8,0.04510251432657242,0.05344812944531441,0.13430200517177582,0.17151600122451782,0.047805383801460266,0,4.568844795227051,0,0,0,0.0,0,1.2825645208358765,1.2836378812789917,1.0193548202514648,3.554567813873291,-0.9894387125968933,1.3165972232818604,1.250678539276123,0.7837689518928528,1.2549406290054321
2026-06-13T12:26:37.993492,423,1,-17970.831262299533,0,1.7066538333892822,2.777541160583496,3.5042970180511475,2.3087313175201416,2.3087313175201416,3.739095401763916,4.539095401763916,0.8,0.061620622873306274,0.10372428596019745,0.12171082198619843,0.1736346185207367,0.026777034625411034,0,4.539095401763916,0,0,0,0.0,0,1.2676910161972046,1.276785135269165,1.0190571546554565,3.5248169898986816,-0.9894349575042725,1.3010263442993164,1.2525438070297241,0.7831704020500183,1.2549439668655396
2026-06-13T12:26:39.974003,424,1,-18259.132203625424,0,1.710404634475708,2.7892611026763916,3.511775493621826,2.318732500076294,2.318732500076294,3.758966159820557,4.558966159820557,0.8,0.040089916437864304,0.057286687195301056,0.129634290933609,0.23879531025886536,0.026698565110564232,0,4.558966159820557,0,0,0,-0.0002783536911010742,0,1.2717399597167969,1.2853620052337646,1.0189082622528076,3.5388288497924805,-0.9953489303588867,1.3109596967697144,1.2597641944885254,0.7829089164733887,1.2549077272415161
2026-06-13T12:26:41.967330,425,1,-18666.871010429433,0,1.6975789070129395,2.7830471992492676,3.489818572998047,2.3158376216888428,2.3158376216888428,3.7524153709411623,4.552415370941162,0.8,0.03154568374156952,0.031559769064188004,0.1131882518529892,0.23656150698661804,0.029066141694784164,0,4.552415370941162,0,0,0,0.0,0,1.2899285554885864,1.2842514514923096,1.0146145820617676,3.5532565116882324,-0.9733994007110596,1.3117294311523438,1.256773591041565,0.7743794918060303,1.2548495531082153
2026-06-13T12:26:43.954688,426,1,-18309.99818305448,0,1.7101213932037354,2.7875099182128906,3.5078351497650146,2.316153049468994,2.316153049468994,3.7506739616394045,4.550673961639404,0.8,0.05200765281915665,0.061741188168525696,0.11061911284923553,0.2515982389450073,0.013272615149617195,0,4.550673961639404,0,0,0,0.0,0,1.2683197259902954,1.281999111175537,1.0171136856079102,3.5309386253356934,-0.9942992329597473,1.316256046295166,1.2477422952651978,0.7793314456939697,1.254895806312561
2026-06-13T12:26:46.035935,427,1,-18149.161479251852,0,1.6711918115615845,2.7551188468933105,3.5179972648620605,2.3194355964660645,2.3194355964660645,3.7767292976379396,4.5767292976379395,0.8,0.18606483936309814,0.33903321623802185,0.12595409154891968,0.2775294780731201,0.02205985225737095,0,4.5767292976379395,0,0,0,-0.0026772022247314453,0,1.2733795642852783,1.2341614961624146,1.0213004350662231,3.549694299697876,-1.0029352903366089,1.2131216526031494,1.2552013397216797,0.7877154350280762,1.2548854351043701
2026-06-13T12:26:48.127552,428,1,-18315.350113000863,0,1.709411382675171,2.7898576259613037,3.495896577835083,2.3151047229766846,2.3151047229766846,3.747651767730713,4.547651767730713,0.8,0.05637357756495476,0.07002640515565872,0.12737441062927246,0.113618403673172,0.02357867732644081,0,4.547651767730713,0,0,0,-0.0002930164337158203,0,1.2813003063201904,1.292372703552246,1.0192574262619019,3.5425829887390137,-0.9799823760986328,1.3291553258895874,1.2555899620056152,0.7836065292358398,1.2549083232879639
2026-06-13T12:26:50.191545,429,1,-18104.276773813173,0,1.712425708770752,2.779123306274414,3.506647825241089,2.306602716445923,2.306602716445923,3.7340657234191896,4.5340657234191895,0.8,0.0608234703540802,0.08176743239164352,0.14802445471286774,0.303546667098999,0.03401287645101547,0,4.5340657234191895,0,0,0,0.0,0,1.2632427215576172,1.2805428504943848,1.0198659896850586,3.5179097652435303,-0.9914242625236511,1.3067665100097656,1.2543193101882935,0.7848622798919678,1.254869818687439
2026-06-13T12:26:52.348063,430,1,-18507.428953754446,0,1.6978110074996948,2.7838170528411865,3.5115199089050293,2.323064088821411,2.323064088821411,3.768924427032471,4.568924427032471,0.8,0.10045719891786575,0.1817888766527176,0.12320394068956375,0.21920982003211975,0.06172444298863411,0,4.568924427032471,0,0,0,-0.0016086101531982422,0,1.2746467590332031,1.2710764408111572,1.02251136302948,3.547146797180176,-0.9978532195091248,1.2934001684188843,1.2487525939941406,0.790104866027832,1.254917860031128
2026-06-13T12:26:54.610511,431,1,-18146.528965510184,0,1.7103170156478882,2.7833304405212402,3.505791664123535,2.311643123626709,2.311643123626709,3.741219234466553,4.541219234466553,0.8,0.10824437439441681,0.17235073447227478,0.0984262079000473,0.23348236083984375,0.03225959837436676,0,4.541219234466553,0,0,0,0.0,0,1.2647674083709717,1.2791144847869873,1.0172408819198608,3.5226385593414307,-0.9931037425994873,1.314147710800171,1.2440812587738037,0.7796309590339661,1.2548508644104004
2026-06-13T12:26:56.655849,432,1,-17915.86699690875,0,1.6702125072479248,2.7426564693450928,3.5088798999786377,2.3064374923706055,2.3064377307891846,3.75146598815918,4.55146598815918,0.8,0.20409587025642395,0.3852636516094208,0.1177113801240921,0.24571579694747925,0.05106676369905472,0,4.55146598815918,0,0,0,-0.0016633272171020508,0,1.2699202299118042,1.2296279668807983,1.023329734802246,3.5337088108062744,-0.9938684105873108,1.2054954767227173,1.2537604570388794,0.7917293310165405,1.254930019378662
2026-06-13T12:26:58.675434,433,1,-18225.618198916887,0,1.7056738138198853,2.7946648597717285,3.505422592163086,2.3250818252563477,2.3250818252563477,3.7676259994506838,4.567625999450684,0.8,0.045634642243385315,0.05228370055556297,0.1410323977470398,0.2525423467159271,0.015094971284270287,0,4.567625999450684,0,0,0,0.0,0,1.2797605991363525,1.2860684394836426,1.0203542709350586,3.551180839538574,-0.9916597604751587,1.323820948600769,1.2483158111572266,0.7857757806777954,1.2549328804016113
2026-06-13T12:27:00.770447,434,1,-18169.58330155627,0,1.6200504302978516,2.7037925720214844,3.516146659851074,2.3121094703674316,2.3121094703674316,3.7845279693603517,4.584527969360352,0.8,0.22464792430400848,0.42169779539108276,0.15110094845294952,0.21147747337818146,0.015421941876411438,0,4.584527969360352,0,0,0,-0.002748847007751465,0,1.2794311046600342,1.1693403720855713,1.0391346216201782,3.5598995685577393,-1.0010372400283813,1.0835609436035156,1.255119800567627,0.8233123421669006,1.254956841468811
2026-06-13T12:27:02.790170,435,1,-17517.293315475898,0,1.705902338027954,2.752124309539795,3.52038836479187,2.292229413986206,2.292229413986206,3.7154242515563967,4.5154242515563965,0.8,0.24061506986618042,0.44302234053611755,0.13248129189014435,0.3163253664970398,0.04538041353225708,0,4.5154242515563965,0,0,0,-9.72747802734375e-05,0,1.2407361268997192,1.25118088722229,1.0274986028671265,3.4869585037231445,-1.005486249923706,1.2474952936172485,1.254866600036621,0.8000452518463135,1.2549519538879395
2026-06-13T12:27:04.774324,436,1,-17921.115102525677,0,1.7089531421661377,2.7922568321228027,3.5114047527313232,2.3223588466644287,2.3223588466644287,3.763346862792969,4.563346862792969,0.8,0.08753479272127151,0.12748032808303833,0.14197133481502533,0.36252376437187195,0.03408367559313774,0,4.563346862792969,0,0,0,0.0,0,1.2716113328933716,1.2833075523376465,1.0195305347442627,3.5408575534820557,-0.9976348876953125,1.3174535036087036,1.2491616010665894,0.7841792106628418,1.2548818588256836
2026-06-13T12:27:06.776604,437,1,-18292.297079156502,0,1.7052522897720337,2.7874903678894043,3.518439769744873,2.323037624359131,2.323037624359131,3.7701255798339846,4.570125579833984,0.8,0.126510888338089,0.2406342327594757,0.11312621086835861,0.28975117206573486,0.0638912096619606,0,4.570125579833984,0,0,0,-0.0024067163467407227,0,1.270667552947998,1.2774877548217773,1.022768497467041,3.543837070465088,-1.0025020837783813,1.296226978302002,1.2587486505508423,0.7906875610351562,1.2548493146896362
2026-06-13T12:27:08.764607,438,1,-17689.68390723693,0,1.7330483198165894,2.7720041275024414,3.507896661758423,2.285188913345337,2.285188913345337,3.68807430267334,4.48807430267334,0.8,0.16251613199710846,0.2930462956428528,0.11959291994571686,0.3336673676967621,0.05812733992934227,0,4.48807430267334,0,0,0,0.0,0,1.2386579513549805,1.2861826419830322,1.021801233291626,3.4703073501586914,-0.9929914474487305,1.319164752960205,1.2532004117965698,0.7886577844619751,1.2549445629119873
2026-06-13T12:27:10.763962,439,1,-18094.412790029808,0,1.7001782655715942,2.7848803997039795,3.498495101928711,2.3182320594787598,2.3182320594787598,3.7548849105834963,4.554884910583496,0.8,0.050491973757743835,0.05717366188764572,0.13295593857765198,0.23153254389762878,0.035750612616539,0,4.554884910583496,0,0,0,0.0,0,1.2793853282928467,1.2784628868103027,1.0190088748931885,3.5443098545074463,-0.9855391383171082,1.3127825260162354,1.2441433668136597,0.7830374836921692,1.2549803256988525
2026-06-13T12:27:12.752295,440,1,-18025.03677255528,0,1.7138267755508423,2.7768290042877197,3.5038394927978516,2.30263352394104,2.30263352394104,3.7240349769592287,4.5240349769592285,0.8,0.12464441359043121,0.22278453409671783,0.10084374248981476,0.12168403714895248,0.05212639272212982,0,4.5240349769592285,0,0,0,0.0,0,1.2589881420135498,1.2786575555801392,1.0181304216384888,3.508347272872925,-0.99037104845047,1.3104043006896973,1.246910810470581,0.7812778949737549,1.2549829483032227
2026-06-13T12:27:15.036143,441,1,-18744.573997449104,0,1.7138469219207764,2.7944376468658447,3.5043282508850098,2.3185243606567383,2.3185243606567383,3.753529739379883,4.553529739379883,0.8,0.02226138859987259,0.03505643457174301,0.10944858193397522,0.27845773100852966,0.03408550098538399,0,4.553529739379883,0,0,0,-0.0003108978271484375,0,1.2745434045791626,1.2924033403396606,1.0176655054092407,3.538550615310669,-0.989463746547699,1.3322737216949463,1.252532958984375,0.780302882194519,1.2550281286239624
2026-06-13T12:27:17.031597,442,1,-18211.745267936014,0,1.7101304531097412,2.7834646701812744,3.5096395015716553,2.313106060028076,2.313106060028076,3.7472187995910646,4.5472187995910645,0.8,0.052768006920814514,0.08119652420282364,0.11782068014144897,0.2472415268421173,0.0348915234208107,0,4.5472187995910645,0,0,0,0.0,0,1.266700267791748,1.280539870262146,1.0198806524276733,3.527966022491455,-0.9945655465126038,1.3069884777069092,1.2540912628173828,0.7847679853439331,1.2549933195114136
2026-06-13T12:27:19.079410,443,1,-18128.27623035683,0,1.7055494785308838,2.7723147869110107,3.491783618927002,2.3009703159332275,2.3009703159332275,3.7226540565490724,4.522654056549072,0.8,0.11228596419095993,0.17952294647693634,0.10007773339748383,0.22317995131015778,0.03947461023926735,0,4.522654056549072,0,0,0,0.0,0,1.272323727607727,1.279436707496643,1.0169367790222168,3.520935297012329,-0.976287841796875,1.305517554283142,1.253355860710144,0.7788892984390259,1.2549842596054077
2026-06-13T12:27:21.069158,444,1,-18069.839764015534,0,1.6960312128067017,2.770960807800293,3.5206518173217773,2.3159749507904053,2.3159749507904053,3.7619602203369142,4.561960220336914,0.8,0.1584332287311554,0.28643810749053955,0.13669216632843018,0.15082329511642456,0.0527622252702713,0,4.561960220336914,0,0,0,-0.0014554262161254883,0,1.264159083366394,1.2593233585357666,1.0221734046936035,3.533228635787964,-1.0049104690551758,1.2604113817214966,1.258235216140747,0.7893827557563782,1.254963994026184
2026-06-13T12:27:23.210708,445,1,-18478.370053713155,0,1.704416036605835,2.7961273193359375,3.5073940753936768,2.327916145324707,2.327916145324707,3.7742669105529787,4.5742669105529785,0.8,0.03712155297398567,0.06266913563013077,0.13313710689544678,0.34635376930236816,0.018770184367895126,0,4.5742669105529785,0,0,0,-0.00036454200744628906,0,1.2810842990875244,1.28562331199646,1.0153037309646606,3.555351734161377,-0.9931831359863281,1.3208903074264526,1.2503564357757568,0.7756289839744568,1.2549784183502197
2026-06-13T12:27:25.411317,446,1,-18411.923928313543,0,1.677132487297058,2.7594637870788574,3.5025570392608643,2.3138833045959473,2.3138833045959473,3.759530258178711,4.559530258178711,0.8,0.16634730994701385,0.2819462716579437,0.15717972815036774,0.2645880877971649,0.029859445989131927,0,4.559530258178711,0,0,0,-0.0020749568939208984,0,1.2801356315612793,1.2482783794403076,1.0218634605407715,3.5479512214660645,-0.9876800179481506,1.244186282157898,1.2523703575134277,0.7887860536575317,1.2549407482147217
2026-06-13T12:27:27.407920,447,1,-17975.834170000322,0,1.7150496244430542,2.7735393047332764,3.50115704536438,2.297945737838745,2.297945737838745,3.7161871910095217,4.5161871910095215,0.8,0.12653541564941406,0.19856823980808258,0.10554042458534241,0.20542751252651215,0.027700047940015793,0,4.5161871910095215,0,0,0,0.0,0,1.2597180604934692,1.2809371948242188,1.0187535285949707,3.5052638053894043,-0.9858277440071106,1.3078964948654175,1.2539777755737305,0.7825671434402466,1.2549397945404053
2026-06-13T12:27:29.383197,448,1,-18305.302210313555,0,1.704937219619751,2.7918810844421387,3.516791820526123,2.326646566390991,2.326646566390991,3.774344635009766,4.574344635009766,0.8,0.08207827806472778,0.12404060363769531,0.1277487874031067,0.3900550603866577,0.045203790068626404,0,4.574344635009766,0,0,0,-0.0007870197296142578,0,1.2722625732421875,1.2785007953643799,1.0213212966918945,3.5472981929779053,-1.0027731657028198,1.3061591386795044,1.250842571258545,0.7876443862915039,1.2549982070922852
2026-06-13T12:27:31.365627,449,1,-18655.07829273697,0,1.701833963394165,2.7895710468292236,3.5155632495880127,2.3264851570129395,2.3264851570129395,3.776267719268799,4.576267719268799,0.8,0.1148177832365036,0.19406867027282715,0.1404344141483307,0.20952850580215454,0.04912320151925087,0,4.576267719268799,0,0,0,-0.001583099365234375,0,1.276163935661316,1.2777739763259888,1.0229073762893677,3.5523993968963623,-1.0000715255737305,1.298995018005371,1.2565529346466064,0.7908352613449097,1.2549794912338257
2026-06-13T12:27:33.331245,450,1,-18047.69265729123,0,1.7176989316940308,2.7582144737243652,3.4957656860351562,2.2806224822998047,2.2806224822998047,3.6812440872192385,4.481244087219238,0.8,0.15448564291000366,0.29841551184654236,0.11361163854598999,0.3087601661682129,0.03462623804807663,0,4.481244087219238,0,0,0,0.0,0,1.2451386451721191,1.2714433670043945,1.0147130489349365,3.4726850986480713,-0.9824076890945435,1.297508716583252,1.2453778982162476,0.7744118571281433,1.255014181137085
2026-06-13T12:27:35.561858,451,1,-18384.295867294455,0,1.6901161670684814,2.7770299911499023,3.511998176574707,2.3228392601013184,2.3228392601013184,3.7724515914916994,4.572451591491699,0.8,0.12459360063076019,0.23025138676166534,0.14517025649547577,0.19782234728336334,0.04399638622999191,0,4.572451591491699,0,0,0,-0.002022981643676758,0,1.276714563369751,1.2626266479492188,1.022273063659668,3.5510334968566895,-0.9976044297218323,1.273568034172058,1.2516852617263794,0.7895028591156006,1.2550432682037354
2026-06-13T12:27:37.637584,452,1,-18024.06074632871,0,1.7133681774139404,2.779569625854492,3.4990181922912598,2.303905725479126,2.303905725479126,3.7270905494689943,4.527090549468994,0.8,0.11567575484514236,0.21113015711307526,0.08309925347566605,0.15113316476345062,0.058943718671798706,0,4.527090549468994,0,0,0,0.0,0,1.2674822807312012,1.2855911254882812,1.0170159339904785,3.518277883529663,-0.983313262462616,1.3160221576690674,1.2551602125167847,0.7790445685386658,1.2549872398376465
2026-06-13T12:27:39.615560,453,1,-18183.615029836958,0,1.6902251243591309,2.7712483406066895,3.4743802547454834,2.305938243865967,2.305938482284546,3.730914306640625,4.530914306640625,0.8,0.0966707170009613,0.1357911378145218,0.11999569833278656,0.2531591057777405,0.049817927181720734,0,4.530914306640625,0,0,0,0.0,0,1.2923738956451416,1.2766118049621582,1.016959547996521,3.5450663566589355,-0.9603186845779419,1.30793035030365,1.245293378829956,0.7788576483726501,1.2550615072250366
2026-06-13T12:27:41.594427,454,1,-17912.709142649248,0,1.712660312652588,2.7700819969177246,3.50000262260437,2.2962870597839355,2.2962870597839355,3.7122990608215334,4.512299060821533,0.8,0.16973672807216644,0.2991734743118286,0.0741790309548378,0.21810799837112427,0.045564789324998856,0,4.512299060821533,0,0,0,0.0,0,1.256940484046936,1.2752795219421387,1.0167944431304932,3.5002810955047607,-0.9864001870155334,1.3036837577819824,1.2468751668930054,0.778411865234375,1.2551769018173218
2026-06-13T12:27:43.597405,455,1,-18541.685015054114,0,1.6968204975128174,2.787708282470703,3.4992051124572754,2.3234341144561768,2.3234341144561768,3.767309379577637,4.567309379577637,0.8,0.03516463562846184,0.04140957444906235,0.12090107798576355,0.18938705325126648,0.028747569769620895,0,4.567309379577637,0,0,0,0.0,0,1.286281943321228,1.2800782918930054,1.015203833580017,3.5571067333221436,-0.9845429062843323,1.3091626167297363,1.2509939670562744,0.7752318978309631,1.2551758289337158
2026-06-13T12:27:45.586223,456,1,-18323.31437642431,0,1.6774399280548096,2.7560009956359863,3.515916347503662,2.3149964809417725,2.3149967193603516,3.764942836761475,4.564942836761475,0.8,0.17431004345417023,0.3233228623867035,0.11744393408298492,0.1880817711353302,0.01989247463643551,0,4.564942836761475,0,0,0,-0.0026296377182006836,0,1.268803358078003,1.2384328842163086,1.0219732522964478,3.5392956733703613,-1.001689076423645,1.2253490686416626,1.2515168190002441,0.7888011932373047,1.2551453113555908
2026-06-13T12:27:47.562790,457,1,-17597.84437845697,0,1.726291298866272,2.772979259490967,3.5075981616973877,2.291069269180298,2.291069269180298,3.70277853012085,4.50277853012085,0.8,0.1608133316040039,0.2828712463378906,0.09212788939476013,0.13305380940437317,0.02700592204928398,0,4.50277853012085,0,0,0,0.0,0,1.2479276657104492,1.2854750156402588,1.0191007852554321,3.4867563247680664,-0.9909008741378784,1.3107807636260986,1.260169267654419,0.7829667925834656,1.2552348375320435
2026-06-13T12:27:49.532071,458,1,-18597.90147915286,0,1.6898828744888306,2.7811670303344727,3.4861176013946533,2.318650484085083,2.318650484085083,3.7564460754394533,4.556446075439453,0.8,0.023578207939863205,0.029024606570601463,0.08514416217803955,0.3582132160663605,0.03375028818845749,0,4.556446075439453,0,0,0,-3.7789344787597656e-05,0,1.292576789855957,1.2763557434082031,1.0152902603149414,3.5579147338867188,-0.9727610945701599,1.3086564540863037,1.244055151939392,0.7754967212677002,1.255083680152893
2026-06-13T12:27:51.542617,459,1,-18513.506764966223,0,1.7011326551437378,2.7802624702453613,3.491398334503174,2.311216354370117,2.311216354370117,3.742634963989258,4.542634963989258,0.8,0.09961766004562378,0.1345345377922058,0.10978417098522186,0.09806717187166214,0.04986710846424103,0,4.542634963989258,0,0,0,0.0,0,1.2825961112976074,1.2826011180877686,1.0139586925506592,3.54089617729187,-0.9757040143013,1.3111484050750732,1.2540539503097534,0.7728179097175598,1.2550994157791138
2026-06-13T12:27:53.528254,460,1,-18349.989049163585,0,1.7052342891693115,2.7787551879882812,3.511627435684204,2.3131704330444336,2.3131704330444336,3.7498504638671877,4.5498504638671875,0.8,0.09489396959543228,0.18414278328418732,0.14013153314590454,0.2397744059562683,0.05088881403207779,0,4.5498504638671875,0,0,0,-0.0013855695724487305,0,1.2658541202545166,1.2732603549957275,1.0185669660568237,3.5283563137054443,-0.9966480135917664,1.2926005125045776,1.253920316696167,0.7819337844848633,1.2552001476287842
2026-06-13T12:27:55.749267,461,1,-18419.75666590601,0,1.7046269178390503,2.7971768379211426,3.5124056339263916,2.330235481262207,2.330235481262207,3.7791254043579103,4.57912540435791,0.8,0.04501426964998245,0.05121411010622978,0.12517793476581573,0.1762971580028534,0.038125231862068176,0,4.57912540435791,0,0,0,-0.0005713701248168945,0,1.277815341949463,1.283049464225769,1.0154409408569336,3.554521083831787,-0.9988903403282166,1.31792414188385,1.248174786567688,0.7756651043891907,1.2552167177200317
2026-06-13T12:27:57.730734,462,1,-17822.359319342635,0,1.707229733467102,2.7698378562927246,3.4838507175445557,2.295034408569336,2.295034408569336,3.707817268371582,4.507817268371582,0.8,0.15958335995674133,0.2859043776988983,0.10288830101490021,0.24260976910591125,0.051955755800008774,0,4.507817268371582,0,0,0,0.0,0,1.271195888519287,1.2806963920593262,1.0158476829528809,3.5120928287506104,-0.9697009921073914,1.3145451545715332,1.2468477487564087,0.7763924598693848,1.255302906036377
2026-06-13T12:27:59.703722,463,1,-18232.140636938493,0,1.7079280614852905,2.788723945617676,3.498029947280884,2.3158316612243652,2.3158316612243652,3.7488543510437013,4.548854351043701,0.8,0.04506590962409973,0.060706887394189835,0.13564962148666382,0.2638441324234009,0.006841765251010656,0,4.548854351043701,0,0,0,0.0,0,1.2779476642608643,1.28753662109375,1.0163180828094482,3.539471387863159,-0.9835761785507202,1.325108528137207,1.249964714050293,0.7773242592811584,1.2553119659423828
2026-06-13T12:28:01.713515,464,1,-17801.961880971543,0,1.711724877357483,2.7668938636779785,3.484910726547241,2.289377212524414,2.289377212524414,3.6998431205749513,4.499843120574951,0.8,0.16975541412830353,0.3046587407588959,0.10733087360858917,0.23026545345783234,0.062112048268318176,0,4.499843120574951,0,0,0,0.0,0,1.2701019048690796,1.2857118844985962,1.0166419744491577,3.5071940422058105,-0.9669902920722961,1.3095883131027222,1.2618354558944702,0.7779054641723633,1.2553784847259521
2026-06-13T12:28:03.695393,465,1,-17648.513051076083,0,1.7017141580581665,2.780202865600586,3.4981582164764404,2.312824249267578,2.3128244876861572,3.746422004699707,4.546422004699707,0.8,0.0671134889125824,0.11907969415187836,0.11593617498874664,0.3334364891052246,0.041464805603027344,0,4.546422004699707,0,0,0,0.0,0,1.2763835191726685,1.2779664993286133,1.010890007019043,3.536226749420166,-0.9834596514701843,1.305051565170288,1.250881314277649,0.7662193775177002,1.2555607557296753
2026-06-13T12:28:05.670103,466,1,-18197.384272473984,0,1.7122873067855835,2.7860889434814453,3.504803419113159,2.3123393058776855,2.3123395442962646,3.744189453125,4.544189453125,0.8,0.03832339495420456,0.03944483399391174,0.13577932119369507,0.11545076966285706,0.021690839901566505,0,4.544189453125,0,0,0,0.0,0,1.269890546798706,1.2863060235977173,1.0140380859375,3.5288970470428467,-0.9891159534454346,1.316929817199707,1.2556822299957275,0.7724465131759644,1.2556297779083252
2026-06-13T12:28:07.658272,467,1,-17746.193822443573,0,1.7172678709030151,2.783978223800659,3.5107181072235107,2.3086092472076416,2.3086092472076416,3.7370306968688967,4.5370306968688965,0.8,0.04738825932145119,0.07274481654167175,0.14594966173171997,0.1651650220155716,0.03604491055011749,0,4.5370306968688965,0,0,0,-0.0004925727844238281,0,1.2604150772094727,1.2845430374145508,1.0174418687820435,3.516188621520996,-0.995358407497406,1.3139363527297974,1.2551497220993042,0.7791488766670227,1.255734920501709
2026-06-13T12:28:09.728007,468,1,-17031.00413660493,0,1.7395788431167603,2.7396509647369385,3.4799273014068604,2.242222785949707,2.242222785949707,3.6003496170043947,4.4003496170043945,0.8,0.20730090141296387,0.3562549948692322,0.1053725928068161,0.2276252806186676,0.028987813740968704,0,4.4003496170043945,0,0,0,0.0,0,1.2200212478637695,1.2781543731689453,1.010298252105713,3.4061973094940186,-0.9661546945571899,1.3116470575332642,1.2446616888046265,0.7647755742073059,1.255820870399475
2026-06-13T12:28:11.737371,469,1,-17698.29467504619,0,1.7111902236938477,2.787123680114746,3.5211997032165527,2.3192138671875,2.3192138671875,3.760976505279541,4.560976505279541,0.8,0.09923036396503448,0.1750473976135254,0.12537187337875366,0.2638024389743805,0.03774891048669815,0,4.560976505279541,0,0,0,-0.0016281604766845703,0,1.261552333831787,1.2774267196655273,1.0170257091522217,3.5293846130371094,-1.0062799453735352,1.3000849485397339,1.2547686100006104,0.778173565864563,1.2558777332305908
2026-06-13T12:28:13.733078,470,1,-17713.607220316604,0,1.7181614637374878,2.77587628364563,3.499824047088623,2.297283411026001,2.297283411026001,3.711258602142334,4.511258602142334,0.8,0.1907729208469391,0.32371634244918823,0.12529435753822327,0.24985037744045258,0.056199125945568085,0,4.511258602142334,0,0,0,0.0,0,1.2554773092269897,1.28139066696167,1.0135788917541504,3.4977614879608154,-0.9868069291114807,1.3184505701065063,1.244330883026123,0.7713986039161682,1.2557591199874878
2026-06-13T12:28:15.936466,471,1,-16117.320517919705,0,1.61105215549469,2.6899495124816895,3.542233467102051,2.316619396209717,2.316619396209717,3.8014385223388674,4.601438522338867,0.8,0.21679913997650146,0.3959784507751465,0.18501555919647217,0.2580113410949707,0.013957000337541103,0,4.601438522338867,0,0,0,-0.0024199485778808594,0,1.2563406229019165,1.1342624425888062,1.0313174724578857,3.544450044631958,-1.031768798828125,1.0260334014892578,1.2424914836883545,0.8164880275726318,1.24614679813385
2026-06-13T12:28:18.286074,472,1,-17571.963705684437,0,1.7410016059875488,2.757570743560791,3.5039377212524414,2.264988660812378,2.264988660812378,3.6454731941223146,4.4454731941223145,0.8,0.21735472977161407,0.3866386115550995,0.10838602483272552,0.28740713000297546,0.02136697620153427,0,4.4454731941223145,0,0,0,0.0,0,1.2173664569854736,1.2775893211364746,1.0151631832122803,3.4267067909240723,-0.9919738173484802,1.314609408378601,1.2405692338943481,0.774325430393219,1.2560009956359863
2026-06-13T12:28:20.525491,473,1,-17621.578677541085,0,1.6570074558258057,2.737718343734741,3.528092622756958,2.3182146549224854,2.3182146549224854,3.7797433853149416,4.579743385314941,0.8,0.21173250675201416,0.39530086517333984,0.15591633319854736,0.18200016021728516,0.030405880883336067,0,4.579743385314941,0,0,0,-0.003276228904724121,0,1.2604036331176758,1.202709436416626,1.0219976902008057,3.5380325317382812,-1.0172251462936401,1.1659679412841797,1.2394510507583618,0.7883977293968201,1.2555975914001465
2026-06-13T12:28:22.787886,474,1,-16538.28791620426,0,1.7355248928070068,2.7710442543029785,3.5209245681762695,2.286691904067993,2.2866921424865723,3.6905376434326174,4.490537643432617,0.8,0.15192343294620514,0.27679628133773804,0.15933939814567566,0.3309153914451599,0.030117511749267578,0,4.490537643432617,0,0,0,0.0,0,1.2231054306030273,1.275364875793457,1.0202546119689941,3.4556968212127686,-1.0094860792160034,1.310023307800293,1.240706443786621,0.7845283150672913,1.2559808492660522
2026-06-13T12:28:24.983972,475,1,-16569.71200019676,0,1.7153795957565308,2.796504020690918,3.520235538482666,2.3241546154022217,2.324154853820801,3.763665866851807,4.563665866851807,0.8,0.056894466280937195,0.09092143923044205,0.11902029812335968,0.17552319169044495,0.032726436853408813,0,4.563665866851807,0,0,0,0.0,0,1.2596426010131836,1.2813048362731934,1.019233226776123,3.5290043354034424,-1.0097192525863647,1.324970006942749,1.2376396656036377,0.7850272059440613,1.25343918800354
2026-06-13T12:28:27.125010,476,1,-17073.735601676555,0,1.758400559425354,2.722735643386841,3.478336811065674,2.211843490600586,2.211843490600586,3.5330760002136232,4.333076000213623,0.8,0.21370436251163483,0.3885563611984253,0.1442844271659851,0.3770771622657776,0.01267525926232338,0,4.333076000213623,0,0,0,0.0,0,1.1814903020858765,1.2677056789398193,1.0113394260406494,3.333629846572876,-0.970649242401123,1.315660834312439,1.2197504043579102,0.7666312456130981,1.2560476064682007
2026-06-13T12:28:29.438743,477,1,-18132.57448840114,0,1.6545506715774536,2.7271575927734375,3.528040885925293,2.311117649078369,2.311117649078369,3.769023609161377,4.569023609161377,0.8,0.204655259847641,0.3734452426433563,0.1533055454492569,0.2780159115791321,0.023963678628206253,0,4.569023609161377,0,0,0,-0.002885103225708008,0,1.2551673650741577,1.1943646669387817,1.0197218656539917,3.5270369052886963,-1.0167021751403809,1.1472023725509644,1.2415269613265991,0.7843961119651794,1.2550476789474487
2026-06-13T12:28:31.448141,478,1,-16636.020403538107,0,1.7051512002944946,2.7817153930664062,3.5228750705718994,2.3194217681884766,2.3194217681884766,3.761961650848389,4.561961650848389,0.8,0.10282109677791595,0.19621062278747559,0.1549365222454071,0.34375685453414917,0.0551849901676178,0,4.561961650848389,0,0,0,-0.0014190673828125,0,1.2584185600280762,1.2664532661437988,1.0206950902938843,3.527292251586914,-1.0104550123214722,1.2875086069107056,1.245397925376892,0.7869388461112976,1.2544512748718262
2026-06-13T12:28:33.441945,479,1,-16370.458541826749,0,1.7489714622497559,2.759324550628662,3.504896879196167,2.260718584060669,2.260718584060669,3.6347195625305178,4.434719562530518,0.8,0.2122839391231537,0.3977372944355011,0.130668506026268,0.2735760509967804,0.014769414439797401,0,4.434719562530518,0,0,0,0.0,0,1.2107254266738892,1.2823293209075928,1.0125819444656372,3.415470838546753,-0.9940199851989746,1.3250349760055542,1.2396236658096313,0.7802926301956177,1.2448712587356567
2026-06-13T12:28:35.427469,480,1,-17510.99666317452,0,1.715015172958374,2.791837215423584,3.5109751224517822,2.3173770904541016,2.3173770904541016,3.748895359039307,4.548895359039307,0.8,0.04010678827762604,0.06417101621627808,0.17165395617485046,0.18847888708114624,0.02130371704697609,0,4.548895359039307,0,0,0,-0.000641942024230957,0,1.261054515838623,1.2820861339569092,1.0183095932006836,3.522519588470459,-1.000410556793213,1.328492283821106,1.235680103302002,0.7801203727722168,1.25649893283844
2026-06-13T12:28:37.675320,481,1,-16989.58885326698,0,1.7107900381088257,2.788416624069214,3.513314723968506,2.31817626953125,2.318176507949829,3.7545516014099123,4.554551601409912,0.8,0.057612329721450806,0.07000494748353958,0.1452958881855011,0.3316696286201477,0.026235073804855347,0,4.554551601409912,0,0,0,0.0,0,1.263819694519043,1.27887761592865,1.0191994905471802,3.528428792953491,-1.0007895231246948,1.3138236999511719,1.243931531906128,0.7819035649299622,1.2564953565597534
2026-06-13T12:28:39.670892,482,1,-16725.256909788546,0,1.7197167873382568,2.7886903285980225,3.5103702545166016,2.310885190963745,2.310885190963745,3.735125255584717,4.535125255584717,0.8,0.13785573840141296,0.25823867321014404,0.11108644306659698,0.33209091424942017,0.04012230038642883,0,4.535125255584717,0,0,0,0.0,0,1.2541334629058838,1.282263994216919,1.014644980430603,3.5087037086486816,-1.000436782836914,1.3302018642425537,1.2343262434005737,0.777042806148529,1.2522470951080322
2026-06-13T12:28:41.688638,483,1,-16107.030458787516,0,1.6329107284545898,2.67122220993042,3.2709436416625977,2.197429656982422,2.197429656982422,3.5083028793334963,4.308302879333496,0.8,0.09931350499391556,0.1503494679927826,0.1688525378704071,0.31815439462661743,0.05826490372419357,0,4.308302879333496,0,0,0,-0.0014923810958862305,0,1.394906997680664,1.2698216438293457,0.7908632755279541,3.5482914447784424,-0.758477509021759,1.3052319288253784,1.234411358833313,0.7455832362174988,0.8361433744430542
2026-06-13T12:28:43.691042,484,1,-19067.88117326286,0,1.4697779417037964,2.523481845855713,3.5343246459960938,2.286813259124756,2.286813497543335,3.8166105270385744,4.616610527038574,0.8,0.15846161544322968,0.2920551002025604,0.1448744684457779,0.2542554438114166,0.022032927721738815,0,4.616610527038574,0,0,0,-0.00204312801361084,0,1.2492454051971436,0.9141178131103516,1.019989252090454,3.522641658782959,-1.0241507291793823,0.5906723737716675,1.2375632524490356,0.7847763895988464,1.255202054977417
2026-06-13T12:28:45.671796,485,1,-16282.228159474344,0,1.4811753034591675,2.521995782852173,3.5366249084472656,2.2794854640960693,2.2794854640960693,3.800602149963379,4.600602149963379,0.8,0.19422724843025208,0.36346447467803955,0.16354675590991974,0.22892901301383972,0.030217349529266357,0,4.600602149963379,0,0,0,-0.0002524852752685547,0,1.2417891025543213,0.9227241277694702,1.0317471027374268,3.509632110595703,-1.0260539054870605,0.6035606861114502,1.2418875694274902,0.8163226842880249,1.2471716403961182
2026-06-13T12:28:47.662004,486,1,-17086.207646659026,0,1.5263371467590332,2.596224308013916,3.5312373638153076,2.298896312713623,2.298896312713623,3.807421398162842,4.607421398162842,0.8,0.17375464737415314,0.33607903122901917,0.16137613356113434,0.3480692505836487,0.005218946374952793,0,4.607421398162842,0,0,0,-0.00237119197845459,0,1.261255145072937,1.0160775184631348,1.0234849452972412,3.5419559478759766,-1.0194456577301025,0.7883796691894531,1.243775486946106,0.7918796539306641,1.2550901174545288
2026-06-13T12:28:49.655663,487,1,-16839.097295068103,0,1.5727429389953613,2.6391701698303223,3.5373780727386475,2.3018417358398438,2.301841974258423,3.792097282409668,4.592097282409668,0.8,0.18400536477565765,0.323768675327301,0.18327370285987854,0.23545396327972412,0.02716955542564392,0,4.592097282409668,0,0,0,-0.002118706703186035,0,1.2514281272888184,1.0742199420928955,1.0188231468200684,3.5297224521636963,-1.02686607837677,0.907516360282898,1.2409234046936035,0.7876866459846497,1.2499597072601318
2026-06-13T12:28:51.659459,488,1,-16459.518483537762,0,1.6241345405578613,2.667081356048584,3.5168867111206055,2.279841899871826,2.2798421382904053,3.724876594543457,4.524876594543457,0.8,0.19923348724842072,0.358529269695282,0.1731303334236145,0.36156100034713745,0.04124151170253754,0,4.524876594543457,0,0,0,-0.0005620718002319336,0,1.2421870231628418,1.138911247253418,1.0127670764923096,3.491225004196167,-1.0068508386611938,1.037728190422058,1.2400943040847778,0.7886764407157898,1.2368577718734741
2026-06-13T12:28:53.654352,489,1,-15451.599653880116,0,1.6038180589675903,2.6287097930908203,3.2077348232269287,2.161747694015503,2.161747694015503,3.441044044494629,4.241044044494629,0.8,0.09110783040523529,0.10717463493347168,0.14972686767578125,0.2418927550315857,0.043950293213129044,0,4.241044044494629,0,0,0,0.0,0,1.4285030364990234,1.2578293085098267,0.7848461866378784,3.5485641956329346,-0.6915581226348877,1.2785041332244873,1.237154483795166,0.7457693815231323,0.8239229917526245
2026-06-13T12:28:55.770173,490,1,-16540.321496091274,0,1.7202926874160767,2.794179916381836,3.540818452835083,2.3249738216400146,2.3249738216400146,3.7732007026672365,4.573200702667236,0.8,0.09709683060646057,0.17599421739578247,0.10485634952783585,0.226701021194458,0.056658998131752014,0,4.573200702667236,0,0,0,0.0,0,1.2524595260620117,1.2613614797592163,0.7730085849761963,3.538801670074463,-1.033882737159729,1.2825639247894287,1.240159034729004,0.7459626197814941,0.8000545501708984
2026-06-13T12:28:57.922007,491,1,-19277.39053359728,0,1.4846214056015015,2.54843807220459,3.533897876739502,2.2938106060028076,2.2938106060028076,3.8194911003112795,4.619491100311279,0.8,0.17257621884346008,0.3010634779930115,0.14995361864566803,0.18786686658859253,0.013163303956389427,0,4.619491100311279,0,0,0,-0.002114534378051758,0,1.2546614408493042,0.9445374011993408,1.0122096538543701,3.5342116355895996,-1.0248887538909912,0.6528413891792297,1.2362333536148071,0.7809329032897949,1.2434864044189453
2026-06-13T12:29:00.123730,492,1,-17709.829190522734,0,1.5675784349441528,2.625993490219116,3.5255398750305176,2.2907910346984863,2.2907910346984863,3.7732874870300295,4.573287487030029,0.8,0.18230119347572327,0.332436740398407,0.16070938110351562,0.2812635004520416,0.01477796770632267,0,4.573287487030029,0,0,0,-0.0025256872177124023,0,1.2537508010864258,1.0692881345748901,1.0061300992965698,3.522043466567993,-1.0145419836044312,0.8930176496505737,1.2455586194992065,0.7769660353660583,1.235294222831726
2026-06-13T12:29:02.239370,493,1,-17305.23698819246,0,1.6881837844848633,2.736823320388794,3.5255751609802246,2.29398512840271,2.29398512840271,3.725737285614014,4.525737285614014,0.8,0.18580558896064758,0.34558773040771484,0.12939365208148956,0.3203362226486206,0.050778068602085114,0,4.525737285614014,0,0,0,-0.0005563497543334961,0,1.2367876768112183,1.2234368324279785,1.0101768970489502,3.4872894287109375,-1.013714075088501,1.2006776332855225,1.2461960315704346,0.7750194072723389,1.2453343868255615
2026-06-13T12:29:04.434720,494,1,-14954.787533218134,0,1.583904504776001,2.5784902572631836,3.1260859966278076,2.1070642471313477,2.1070642471313477,3.330183219909668,4.130183219909668,0.8,0.14105942845344543,0.22465908527374268,0.11867857724428177,0.32612544298171997,0.06875397264957428,0,4.130183219909668,0,0,0,0.0,0,1.458846092224121,1.2536263465881348,0.7732762098312378,3.523669719696045,-0.6059775352478027,1.2725220918655396,1.2347304821014404,0.7458937168121338,0.8006587028503418
2026-06-13T12:29:06.544537,495,1,-16688.108988630418,0,1.731186866760254,2.777090072631836,3.5442469120025635,2.302987575531006,2.302987813949585,3.7257205963134767,4.525720596313477,0.8,0.22888688743114471,0.3211871087551117,0.14605918526649475,0.26276421546936035,0.03984527289867401,0,4.525720596313477,0,0,0,0.0,0,1.2138967514038086,1.2502866983413696,0.8358350992202759,3.4747793674468994,-1.0469857454299927,1.2793070077896118,1.2212663888931274,0.7458150386810303,0.9258552193641663
2026-06-13T12:29:08.645834,496,1,-17591.13753143707,0,1.7186874151229858,2.7886338233947754,3.5544919967651367,2.325753688812256,2.325753927230835,3.7744194984436037,4.5744194984436035,0.8,0.2266700118780136,0.30353984236717224,0.1329125463962555,0.1625150591135025,0.04976575821638107,0,4.5744194984436035,0,0,0,0.0,0,1.2256536483764648,1.2541477680206299,0.9562966823577881,3.5030570030212402,-1.0517498254776,1.2764004468917847,1.2318952083587646,0.7458980679512024,1.1666953563690186
2026-06-13T12:29:10.720843,497,1,-18874.50954910771,0,1.4657063484191895,2.5271072387695312,3.525817632675171,2.2880992889404297,2.2880992889404297,3.8181154251098635,4.618115425109863,0.8,0.14609917998313904,0.2689838707447052,0.14907929301261902,0.22349146008491516,0.02268109656870365,0,4.618115425109863,0,0,0,-0.0018934011459350586,0,1.2594332695007324,0.9204960465431213,1.0094592571258545,3.534536123275757,-1.0156697034835815,0.6000577211380005,1.2409343719482422,0.7792981863021851,1.239620327949524
2026-06-13T12:29:12.902356,498,1,-17772.510660077573,0,1.5232622623443604,2.56514835357666,3.5162811279296875,2.272512197494507,2.272512197494507,3.760654163360596,4.560654163360596,0.8,0.16262860596179962,0.3068445324897766,0.16850534081459045,0.16635072231292725,0.03267725184559822,0,4.560654163360596,0,0,0,-0.002496957778930664,0,1.2503154277801514,0.9992458820343018,1.0077922344207764,3.506094455718994,-1.0054636001586914,0.7547707557678223,1.2437210083007812,0.7806699872016907,1.2349145412445068
2026-06-13T12:29:15.691572,499,1,-17386.357441713015,0,1.5920929908752441,2.648479461669922,3.5212748050689697,2.2894222736358643,2.2894225120544434,3.75726432800293,4.55726432800293,0.8,0.21571849286556244,0.33887872099876404,0.18219660222530365,0.276919424533844,0.015931885689496994,0,4.55726432800293,0,0,0,-0.0019273757934570312,0,1.2513134479522705,1.1023943424224854,0.9975849390029907,3.515211582183838,-1.0125845670700073,0.9640079736709595,1.2407808303833008,0.7790013551712036,1.2161685228347778
2026-06-13T12:29:18.485337,500,1,-16198.960514118868,0,1.6842091083526611,2.730557918548584,3.5340521335601807,2.294556140899658,2.294556140899658,3.7312271118164064,4.531227111816406,0.8,0.24037769436836243,0.36529412865638733,0.12453295290470123,0.13256946206092834,0.028143756091594696,0,4.531227111816406,0,0,0,0.0,0,1.2304002046585083,1.211850881576538,0.9962635040283203,3.4851086139678955,-1.024308204650879,1.1768300533294678,1.2468715906143188,0.7770159840583801,1.2155110836029053
2026-06-13T12:29:21.089085,501,1,-14308.988711853306,0,1.55441153049469,2.52908992767334,3.0126850605010986,2.0527942180633545,2.0527942180633545,3.2193977355957033,4.019397735595703,0.8,0.13900026679039001,0.1672908514738083,0.11535204201936722,0.3506214916706085,0.06317565590143204,0,4.019397735595703,0,0,0,0.0,0,1.5246765613555908,1.2643986940383911,0.7735055088996887,3.53409743309021,-0.48474442958831787,1.283241629600525,1.2455557584762573,0.7458934187889099,0.8011175990104675
2026-06-13T12:29:23.129110,502,1,-18472.116257424623,0,1.5321860313415527,2.595470905303955,3.5020904541015625,2.2827248573303223,2.2827250957489014,3.7662398338317873,4.566239833831787,0.8,0.13983997702598572,0.26073747873306274,0.16038194298744202,0.1261254847049713,0.01393126416951418,0,4.566239833831787,0,0,0,-0.001978754997253418,0,1.2697644233703613,1.0344856977462769,0.9991803169250488,3.5328781604766846,-0.9933494329452515,0.8322306275367737,1.2367408275604248,0.775471031665802,1.2228895425796509
2026-06-13T12:29:25.158480,503,1,-16967.291862436196,0,1.6231039762496948,2.6908228397369385,3.5550670623779297,2.3136508464813232,2.3136508464813232,3.7964241027832033,4.596424102783203,0.8,0.20093026757240295,0.3139583468437195,0.14453387260437012,0.4231323003768921,0.04906874895095825,0,4.596424102783203,0,0,0,-0.001339554786682129,0,1.2383991479873657,1.1336253881454468,0.9934055805206299,3.523674488067627,-1.0468761920928955,1.022627830505371,1.2446229457855225,0.7766709923744202,1.2101401090621948
2026-06-13T12:29:27.186638,504,1,-16426.985235785804,0,1.7266570329666138,2.7831356525421143,3.5311717987060547,2.30739164352417,2.307391881942749,3.7324029922485353,4.532402992248535,0.8,0.1988222897052765,0.24244913458824158,0.1178714707493782,0.2270084023475647,0.030501898378133774,0,4.532402992248535,0,0,0,0.0,0,1.2300314903259277,1.269497275352478,0.9700881838798523,3.4871127605438232,-1.0270498991012573,1.3049819469451904,1.2340126037597656,0.7701034545898438,1.1700729131698608
2026-06-13T12:29:29.175395,505,1,-16366.506328204801,0,1.765149712562561,2.76218843460083,3.5303657054901123,2.259209632873535,2.2592098712921143,3.633114051818848,4.433114051818848,0.8,0.2545889914035797,0.4082704782485962,0.1347963958978653,0.1965906172990799,0.031033707782626152,0,4.433114051818848,0,0,0,0.0,0,1.1825363636016846,1.2780659198760986,0.9908922910690308,3.3875129222869873,-1.0224400758743286,1.3166954517364502,1.2394362688064575,0.7679323554039001,1.2138522863388062
2026-06-13T12:29:31.206023,506,1,-16861.625190187682,0,1.7117748260498047,2.8139705657958984,3.540825366973877,2.3487391471862793,2.3487391471862793,3.812935543060303,4.612935543060303,0.8,0.10572927445173264,0.15405815839767456,0.16533803939819336,0.31461912393569946,0.04974426329135895,0,4.612935543060303,0,0,0,0.0,0,1.258704662322998,1.2746950387954712,0.9473642110824585,3.557400941848755,-1.0399917364120483,1.3206722736358643,1.2287178039550781,0.7638577818870544,1.1308706998825073
2026-06-13T12:29:33.231666,507,1,-15723.248221388008,0,1.660262942314148,2.722278594970703,3.393014430999756,2.2592508792877197,2.2592508792877197,3.6395403861999513,4.439540386199951,0.8,0.12423592805862427,0.12740996479988098,0.11675605177879333,0.18892419338226318,0.050352394580841064,0,4.439540386199951,0,0,0,-6.4373016357421875e-06,0,1.3365687131881714,1.2546014785766602,0.7729279398918152,3.55607533454895,-0.8829379677772522,1.2756447792053223,1.2335580587387085,0.7459694743156433,0.7998864054679871
2026-06-13T12:29:35.228030,508,1,-18901.99381244478,0,1.5640991926193237,2.6218619346618652,3.5172388553619385,2.286799907684326,2.2868001461029053,3.764133644104004,4.564133644104004,0.8,0.16455179452896118,0.2928486168384552,0.13395994901657104,0.25977185368537903,0.014466917142271996,0,4.564133644104004,0,0,0,-0.0019019842147827148,0,1.256220817565918,1.06685209274292,1.0014557838439941,3.5201456546783447,-1.0077039003372192,0.8938838243484497,1.2398202419281006,0.7722057104110718,1.2307058572769165
2026-06-13T12:29:37.413120,509,1,-17186.33715934604,0,1.666124939918518,2.741440773010254,3.537750720977783,2.3181099891662598,2.3181099891662598,3.777669143676758,4.577669143676758,0.8,0.19062072038650513,0.31024205684661865,0.15988412499427795,0.2646753489971161,0.03677244856953621,0,4.577669143676758,0,0,0,-0.0017516613006591797,0,1.2464064359664917,1.202136754989624,0.9921902418136597,3.524376392364502,-1.0315635204315186,1.1707242727279663,1.2335493564605713,0.771666407585144,1.2127140760421753
2026-06-13T12:29:39.431015,510,1,-16528.99399827814,0,1.7452043294906616,2.785318374633789,3.5486793518066406,2.3010823726654053,2.3010823726654053,3.719171237945557,4.519171237945557,0.8,0.22341248393058777,0.37540221214294434,0.10911343991756439,0.33968672156333923,0.026674462482333183,0,4.519171237945557,0,0,0,0.0,0,1.2059645652770996,1.2727326154708862,0.9869900941848755,3.4544007778167725,-1.0424715280532837,1.3092986345291138,1.2361665964126587,0.7657991051673889,1.2081811428070068
2026-06-13T12:29:41.654637,511,1,-15594.1853675468,0,1.6198564767837524,2.658212184906006,3.2583837509155273,2.191429376602173,2.191429376602173,3.498179626464844,4.298179626464844,0.8,0.13456416130065918,0.2327471226453781,0.17392390966415405,0.15214090049266815,0.060500361025333405,0,4.298179626464844,0,0,0,-0.0008758306503295898,0,1.4016133546829224,1.2578985691070557,0.7882215976715088,3.5500712394714355,-0.7468445897102356,1.2876182794570923,1.228178858757019,0.7454195618629456,0.831023633480072
2026-06-13T12:29:43.670938,512,1,-18962.241475907715,0,1.546173334121704,2.6082651615142822,3.5312886238098145,2.2944209575653076,2.2944209575653076,3.792745304107666,4.592745304107666,0.8,0.15598620474338531,0.2846532464027405,0.1684783697128296,0.3006143271923065,0.021736688911914825,0,4.592745304107666,0,0,0,-0.0020275115966796875,0,1.2560049295425415,1.0401184558868408,1.008988380432129,3.530252456665039,-1.018242597579956,0.8289191722869873,1.2513176202774048,0.7712500095367432,1.2467268705368042
2026-06-13T12:29:45.684866,513,1,-17577.683938256658,0,1.586843729019165,2.645692825317383,3.5116147994995117,2.287233829498291,2.287233829498291,3.7539069175720217,4.5539069175720215,0.8,0.15858455002307892,0.28393736481666565,0.15835388004779816,0.22477781772613525,0.04424310103058815,0,4.5539069175720215,0,0,0,-0.0014961957931518555,0,1.2611085176467896,1.104923129081726,1.0119884014129639,3.5211052894592285,-0.9988881945610046,0.9635735154151917,1.2462728023529053,0.7733412384986877,1.2506356239318848
2026-06-13T12:29:47.701168,514,1,-15372.012775895408,0,1.7674697637557983,2.7032723426818848,3.4799113273620605,2.187898635864258,2.187898635864258,3.493423652648926,4.293423652648926,0.8,0.2376525104045868,0.3618929386138916,0.13884985446929932,0.19649159908294678,0.031021855771541595,0,4.293423652648926,0,0,0,0.0,0,1.1723761558532715,1.2510825395584106,0.7726641893386841,3.3187942504882812,-0.9740420579910278,1.2742438316345215,1.2279212474822998,0.7457516193389893,0.7995766997337341
2026-06-13T12:29:49.697299,515,1,-19065.3046181971,0,1.536576747894287,2.5996992588043213,3.525207281112671,2.2921462059020996,2.2921462059020996,3.788988780975342,4.588988780975342,0.8,0.14499036967754364,0.2810329496860504,0.16942882537841797,0.2630453109741211,0.026532240211963654,0,4.588988780975342,0,0,0,-0.00194549560546875,0,1.2580668926239014,1.0280365943908691,1.0140564441680908,3.5300426483154297,-1.0139089822769165,0.8145726919174194,1.2415006160736084,0.7747584581375122,1.2533544301986694
2026-06-13T12:29:51.728295,516,1,-17058.485105284683,0,1.6755468845367432,2.658606767654419,3.507786512374878,2.2320032119750977,2.2320034503936768,3.622114372253418,4.422114372253418,0.8,0.215249702334404,0.3984205722808838,0.15171480178833008,0.26815760135650635,0.010761803016066551,0,4.422114372253418,0,0,0,-0.00021970272064208984,0,1.2038792371749878,1.1733360290527344,1.0059174299240112,3.400468587875366,-0.9927100539207458,1.0896658897399902,1.257006049156189,0.7676541805267334,1.244180679321289
2026-06-13T12:29:53.735743,517,1,-17050.90347842489,0,1.732657790184021,2.7597429752349854,3.512810468673706,2.2762224674224854,2.2762224674224854,3.6751200675964357,4.4751200675964355,0.8,0.1560036540031433,0.2855340838432312,0.13901789486408234,0.17930039763450623,0.045343004167079926,0,4.4751200675964355,0,0,0,0.0,0,1.227234125137329,1.2753926515579224,1.0098226070404053,3.45209002494812,-0.9976218342781067,1.293534278869629,1.2572510242462158,0.7724148035049438,1.2472302913665771
2026-06-13T12:29:55.790255,518,1,-16240.055650495853,0,1.7455387115478516,2.764233350753784,3.518655300140381,2.2722744941711426,2.2722747325897217,3.6594311714172365,4.459431171417236,0.8,0.2571609616279602,0.4046569764614105,0.11420547962188721,0.25616422295570374,0.01776152476668358,0,4.459431171417236,0,0,0,0.0,0,1.20639967918396,1.2736210823059082,0.9893678426742554,3.4245080947875977,-1.0117086172103882,1.3131221532821655,1.2341201305389404,0.7656125426292419,1.213123083114624
2026-06-13T12:29:57.968167,519,1,-16711.956819917352,0,1.710325837135315,2.8029747009277344,3.5314836502075195,2.337130546569824,2.337130546569824,3.7911736488342287,4.5911736488342285,0.8,0.11169542372226715,0.1682252287864685,0.1372402459383011,0.22073230147361755,0.055365242063999176,0,4.5911736488342285,0,0,0,0.0,0,1.2594337463378906,1.274458646774292,0.9911830425262451,3.543785810470581,-1.0249181985855103,1.315034031867981,1.233883261680603,0.7680055499076843,1.2143604755401611
2026-06-13T12:29:59.995857,520,1,-16544.710288238166,0,1.7081031799316406,2.8055763244628906,3.552009105682373,2.3475100994110107,2.3475100994110107,3.8168894767761232,4.616889476776123,0.8,0.10420028865337372,0.1589347869157791,0.17153191566467285,0.17406921088695526,0.06586693227291107,0,4.616889476776123,0,0,0,0.0,0,1.251633644104004,1.256929636001587,0.8621644973754883,3.556978464126587,-1.053711175918579,1.2842880487442017,1.2295711040496826,0.745743453502655,0.9785855412483215
2026-06-13T12:30:02.216882,521,1,-18515.79145616125,0,1.4965335130691528,2.54834246635437,3.5255327224731445,2.2823972702026367,2.2823972702026367,3.7957126617431642,4.595712661743164,0.8,0.14678636193275452,0.26974979043006897,0.13526907563209534,0.3211292624473572,0.011309304274618626,0,4.595712661743164,0,0,0,-0.0018110275268554688,0,1.25604248046875,0.9647095203399658,1.0175797939300537,3.5232460498809814,-1.011161208152771,0.6761998534202576,1.2532192468643188,0.7794754505157471,1.2556840181350708
2026-06-13T12:30:04.210066,522,1,-17438.04258902573,0,1.6545028686523438,2.6819188594818115,3.5089797973632812,2.2670109272003174,2.2670109272003174,3.6895215034484865,4.489521503448486,0.8,0.17892611026763916,0.3293226659297943,0.17324209213256836,0.3289385139942169,0.03666914254426956,0,4.489521503448486,0,0,0,-0.00012695789337158203,0,1.2353291511535645,1.175072193145752,1.0112568140029907,3.4658889770507812,-0.9952305555343628,1.1005576848983765,1.249586582183838,0.7704230546951294,1.252090573310852
2026-06-13T12:30:06.230571,523,1,-16743.410288418436,0,1.7400341033935547,2.7517688274383545,3.507039785385132,2.261625051498413,2.261625051498413,3.643098545074463,4.443098545074463,0.8,0.15386298298835754,0.2822493612766266,0.15023186802864075,0.22643542289733887,0.035209771245718,0,4.443098545074463,0,0,0,0.0,0,1.2151564359664917,1.2742466926574707,1.0126216411590576,3.423290491104126,-0.9929776191711426,1.2988300323486328,1.2496633529663086,0.7700920104980469,1.255151391029358
2026-06-13T12:30:08.272967,524,1,-15814.855142972145,0,1.8107028007507324,2.6892733573913574,3.476449966430664,2.138502597808838,2.138502597808838,3.3877231597900392,4.187723159790039,0.8,0.23406662046909332,0.3917939364910126,0.14682802557945251,0.19260191917419434,0.01430126465857029,0,4.187723159790039,0,0,0,0.0,0,1.1153831481933594,1.276059627532959,1.008713960647583,3.194918632507324,-0.964152455329895,1.312231183052063,1.2398879528045654,0.766887366771698,1.2505404949188232
2026-06-13T12:30:10.294103,525,1,-15951.359370020102,0,1.779492735862732,2.7122111320495605,3.4760100841522217,2.1846930980682373,2.1846930980682373,3.4829670906066896,4.2829670906066895,0.8,0.21571102738380432,0.39568737149238586,0.14088022708892822,0.21155914664268494,0.013106437399983406,0,4.2829670906066895,0,0,0,0.0,0,1.1661518812179565,1.2822380065917969,1.0088582038879395,3.294077157974243,-0.9617734551429749,1.3159040212631226,1.2485719919204712,0.7706323266029358,1.2470840215682983
2026-06-13T12:30:12.316840,526,1,-16269.7567958299,0,1.7551366090774536,2.733401298522949,3.4875147342681885,2.2270307540893555,2.2270307540893555,3.5699421882629396,4.3699421882629395,0.8,0.23575103282928467,0.43324559926986694,0.1571151316165924,0.34215685725212097,0.031842149794101715,0,4.3699421882629395,0,0,0,0.0,0,1.1974546909332275,1.278404951095581,1.0083709955215454,3.369109869003296,-0.974200427532196,1.3103634119033813,1.2464464902877808,0.7696433067321777,1.247098684310913
2026-06-13T12:30:14.293574,527,1,-17057.10784298103,0,1.7171343564987183,2.7731263637542725,3.4917778968811035,2.293063163757324,2.2930634021759033,3.703295421600342,4.503295421600342,0.8,0.14288270473480225,0.2224722057580948,0.11253615468740463,0.2752171456813812,0.026489632204174995,0,4.503295421600342,0,0,0,0.0,0,1.260940432548523,1.2849078178405762,1.0102661848068237,3.4993908405303955,-0.9775099158287048,1.3201842308044434,1.2496312856674194,0.7694064378738403,1.2511259317398071
2026-06-13T12:30:16.342848,528,1,-17044.29414500614,0,1.7101843357086182,2.789501190185547,3.5073227882385254,2.3177261352539062,2.3177261352539062,3.7552163124084474,4.555216312408447,0.8,0.033608388155698776,0.050173211842775345,0.1498294472694397,0.29518061876296997,0.03798758238554001,0,4.555216312408447,0,0,0,0.0,0,1.2725354433059692,1.285853624343872,1.0115838050842285,3.536942720413208,-0.9918718934059143,1.316298484802246,1.255408763885498,0.7686219811439514,1.2545455694198608
2026-06-13T12:30:18.384714,529,1,-16316.438707618863,0,1.7804925441741943,2.7343220710754395,3.503798484802246,2.2132458686828613,2.2132458686828613,3.542278003692627,4.342278003692627,0.8,0.1891552209854126,0.3387549817562103,0.14629921317100525,0.3405138850212097,0.02913392148911953,0,4.342278003692627,0,0,0,0.0,0,1.1693576574325562,1.2866861820220947,1.0105633735656738,3.3273866176605225,-0.9886713027954102,1.317452311515808,1.2559200525283813,0.7743250131607056,1.2468016147613525
2026-06-13T12:30:20.422156,530,1,-16178.602495345025,0,1.7858017683029175,2.7280936241149902,3.50221848487854,2.202878952026367,2.2028791904449463,3.519119930267334,4.319119930267334,0.8,0.1829710453748703,0.33743372559547424,0.1706046164035797,0.5154776573181152,0.03523218631744385,0,4.319119930267334,0,0,0,0.0,0,1.156882405281067,1.281997561454773,1.015115737915039,3.3026814460754395,-0.9889165759086609,1.3182182312011719,1.245776891708374,0.774420976638794,1.2558104991912842
2026-06-13T12:30:22.799765,531,1,-16083.917553664016,0,1.7538551092147827,2.742849349975586,3.4865756034851074,2.236144781112671,2.236144781112671,3.586729717254639,4.386729717254639,0.8,0.20379170775413513,0.37327155470848083,0.16036374866962433,0.3488604426383972,0.01654837280511856,0,4.386729717254639,0,0,0,0.0,0,1.2078502178192139,1.2863253355026245,1.0123883485794067,3.3878843784332275,-0.9721840023994446,1.3231933116912842,1.2494573593139648,0.773766040802002,1.2510106563568115
2026-06-13T12:30:25.157015,532,1,-16562.03376403621,0,1.7301716804504395,2.771458148956299,3.5041990280151367,2.285693645477295,2.285693645477295,3.687785339355469,4.487785339355469,0.8,0.22633109986782074,0.3661527633666992,0.12397990375757217,0.21804364025592804,0.048726629465818405,0,4.487785339355469,0,0,0,0.0,0,1.2386080026626587,1.2824175357818604,0.9917752146720886,3.470935821533203,-0.993719756603241,1.319092869758606,1.2457422018051147,0.767225980758667,1.2163244485855103
2026-06-13T12:30:27.197061,533,1,-16660.01063675121,0,1.7289483547210693,2.7938828468322754,3.553917646408081,2.322535514831543,2.322535514831543,3.7645947456359865,4.564594745635986,0.8,0.20500993728637695,0.26999571919441223,0.15898606181144714,0.18327589333057404,0.04224541410803795,0,4.564594745635986,0,0,0,0.0,0,1.2220081090927124,1.260162115097046,0.8834285140037537,3.4999380111694336,-1.0559217929840088,1.291774868965149,1.2285493612289429,0.7458866834640503,1.020970344543457
2026-06-13T12:30:29.194779,534,1,-17052.52228266225,0,1.7535556554794312,2.763671398162842,3.5482981204986572,2.2756450176239014,2.2756450176239014,3.6721946716308596,4.472194671630859,0.8,0.25466427206993103,0.3555161654949188,0.14293386042118073,0.30039292573928833,0.013603863306343555,0,4.472194671630859,0,0,0,0.0,0,1.1819970607757568,1.2602427005767822,0.9433033466339111,3.4092326164245605,-1.0452384948730469,1.2832797765731812,1.2372056245803833,0.745763897895813,1.1408427953720093
2026-06-13T12:30:31.194610,535,1,-19017.682514346125,0,1.5176187753677368,2.5784718990325928,3.5135695934295654,2.2846789360046387,2.2846789360046387,3.7837078094482424,4.583707809448242,0.8,0.13816750049591064,0.26093265414237976,0.16557647287845612,0.22576463222503662,0.009259548038244247,0,4.583707809448242,0,0,0,-0.002169370651245117,0,1.2667523622512817,1.0093169212341309,1.0139951705932617,3.5329506397247314,-0.9994458556175232,0.7682716250419617,1.2503622770309448,0.771431565284729,1.256558895111084
2026-06-13T12:30:33.191098,536,1,-16484.406622139963,0,1.5845766067504883,2.5275778770446777,3.510549545288086,2.200908899307251,2.200908899307251,3.613782596588135,4.413782596588135,0.8,0.19065508246421814,0.3514104187488556,0.13433286547660828,0.3517310917377472,0.023306608200073242,0,4.413782596588135,0,0,0,0.0,0,1.1853208541870117,1.0174150466918945,1.017438292503357,3.367288589477539,-0.9966470003128052,0.7844531536102295,1.25037682056427,0.7826722264289856,1.2522042989730835
2026-06-13T12:30:35.216528,537,1,-16525.216495753128,0,1.627878189086914,2.629190444946289,3.5138282775878906,2.2461609840393066,2.2461612224578857,3.6690837860107424,4.469083786010742,0.8,0.19091355800628662,0.3603786528110504,0.13800877332687378,0.22838695347309113,0.012958964332938194,0,4.469083786010742,0,0,0,0.0,0,1.2188602685928345,1.1201527118682861,1.0123976469039917,3.4369747638702393,-0.9992542862892151,0.9852308034896851,1.2550746202468872,0.778002142906189,1.2467931509017944
2026-06-13T12:30:37.317467,538,1,-16136.464235449104,0,1.7341245412826538,2.6904408931732178,3.510942220687866,2.2146122455596924,2.2146122455596924,3.566461753845215,4.366461753845215,0.8,0.20155370235443115,0.36675921082496643,0.11982859671115875,0.18728141486644745,0.017616059631109238,0,4.366461753845215,0,0,0,0.0,0,1.173863172531128,1.2261905670166016,1.0152583122253418,3.343796491622925,-0.9960702061653137,1.1987035274505615,1.2536777257919312,0.776238203048706,1.2542784214019775
2026-06-13T12:30:39.304728,539,1,-15307.931237589502,0,1.8605788946151733,2.6809253692626953,3.497168779373169,2.0956764221191406,2.0956764221191406,3.301390361785889,4.101390361785889,0.8,0.2164406031370163,0.35492807626724243,0.14270225167274475,0.34012311697006226,0.009772500023245811,0,4.101390361785889,0,0,0,0.0,0,1.053452968597412,1.283947229385376,1.0066365003585815,3.090407371520996,-0.9835014939308167,1.3170839548110962,1.2508106231689453,0.7719674706459045,1.2413055896759033
2026-06-13T12:30:41.336880,540,1,-15722.747997648572,0,1.804701566696167,2.699528217315674,3.50426983833313,2.1628947257995605,2.1628949642181396,3.443804454803467,4.243804454803467,0.8,0.14516577124595642,0.2528988718986511,0.11769266426563263,0.33927205204963684,0.02954009547829628,0,4.243804454803467,0,0,0,0.0,0,1.118380069732666,1.2705271244049072,1.012596607208252,3.2270452976226807,-0.9902852773666382,1.2900824546813965,1.250971794128418,0.7767633199691772,1.2484300136566162
2026-06-13T12:30:43.472091,541,1,-15869.70267839314,0,1.8414885997772217,2.7402544021606445,3.5561892986297607,2.1871590614318848,2.1871590614318848,3.483824920654297,4.283824920654297,0.8,0.24822327494621277,0.34439507126808167,0.14505143463611603,0.2696964144706726,0.01951780915260315,0,4.283824920654297,0,0,0,0.0,0,1.0804619789123535,1.2816529273986816,0.9147652387619019,3.216651678085327,-1.0557276010513306,1.3264981508255005,1.2368075847625732,0.7648611068725586,1.0646693706512451
2026-06-13T12:30:45.832147,542,1,-15670.766162498068,0,1.847900152206421,2.677626132965088,3.491264581680298,2.1016550064086914,2.1016552448272705,3.314855766296387,4.114855766296387,0.8,0.18527062237262726,0.326680451631546,0.10563743114471436,0.3019229769706726,0.031841062009334564,0,4.114855766296387,0,0,0,0.0,0,1.0657330751419067,1.2784504890441895,1.0055687427520752,3.1095199584960938,-0.9780537486076355,1.3083808422088623,1.2485202550888062,0.7709425687789917,1.2401950359344482
2026-06-13T12:30:47.935169,543,1,-14763.228153000782,0,1.9095205068588257,2.69020414352417,3.565765857696533,2.0874719619750977,2.0874719619750977,3.286225986480713,4.086225986480713,0.8,0.2571062445640564,0.3472326099872589,0.1532360017299652,0.12729661166667938,0.02492179162800312,0,4.086225986480713,0,0,0,0.0,0,0.969398558139801,1.2639589309692383,0.9546619057655334,3.0015575885772705,-1.0627604722976685,1.2929936647415161,1.234924077987671,0.7453843355178833,1.1639394760131836
2026-06-13T12:30:50.193016,544,1,-17325.670266000794,0,1.479561448097229,2.528470039367676,3.529494047164917,2.2816896438598633,2.2816896438598633,3.8049489974975588,4.604948997497559,0.8,0.1476270854473114,0.2621709406375885,0.1526779681444168,0.16411012411117554,0.01605600118637085,0,4.604948997497559,0,0,0,-0.0020475387573242188,0,1.252639651298523,0.9339934587478638,1.017951250076294,3.52081036567688,-1.015531063079834,0.6148918271064758,1.253095030784607,0.7835060954093933,1.2523963451385498
2026-06-13T12:30:52.266154,545,1,-16574.498178797192,0,1.5498143434524536,2.557894468307495,3.5045270919799805,2.2443289756774902,2.2443292140960693,3.6985451698303224,4.498545169830322,0.8,0.19831964373588562,0.36282142996788025,0.14234307408332825,0.44283393025398254,0.03252062946557999,0,4.498545169830322,0,0,0,0.0,0,1.2346645593643188,1.0215569734573364,1.0184087753295898,3.459740161895752,-0.9904109835624695,0.793788731098175,1.2493252754211426,0.7809471487998962,1.2558704614639282
2026-06-13T12:30:54.336908,546,1,-16334.590867059023,0,1.6890381574630737,2.6492791175842285,3.500330686569214,2.2113611698150635,2.2113611698150635,3.5783435821533205,4.37834358215332,0.8,0.1979677975177765,0.3853764533996582,0.14060121774673462,0.34223291277885437,0.010885495692491531,0,4.37834358215332,0,0,0,-0.0002599954605102539,0,1.1902071237564087,1.1785752773284912,1.0145279169082642,3.3647520542144775,-0.9843377470970154,1.100631594657898,1.256519079208374,0.774210512638092,1.254845380783081
2026-06-13T12:30:56.421200,547,1,-15982.685489637424,0,1.747687816619873,2.6808066368103027,3.508242130279541,2.1947574615478516,2.1947576999664307,3.5254566192626955,4.325456619262695,0.8,0.1948624700307846,0.3557418882846832,0.11566463857889175,0.2559232711791992,0.01206314004957676,0,4.325456619262695,0,0,0,-0.0005712509155273438,0,1.1560574769973755,1.2275214195251465,1.0145171880722046,3.306051731109619,-0.9939368367195129,1.2019803524017334,1.2530626058578491,0.7815664410591125,1.2474678754806519
2026-06-13T12:30:58.486432,548,1,-15525.369706982836,0,1.8651939630508423,2.7010064125061035,3.556274175643921,2.1325972080230713,2.1325972080230713,3.3778950691223146,4.1778950691223145,0.8,0.23776781558990479,0.30684754252433777,0.15486741065979004,0.1971232295036316,0.022206779569387436,0,4.1778950691223145,0,0,0,0.0,0,1.023492455482483,1.2580983638763428,0.9630738496780396,3.1008667945861816,-1.0538818836212158,1.288435935974121,1.227760672569275,0.7455969452857971,1.1805508136749268
2026-06-13T12:31:00.590928,549,1,-17208.9768370848,0,1.4979896545410156,2.549562931060791,3.5189547538757324,2.279478073120117,2.279478073120117,3.7861992835998537,4.5861992835998535,0.8,0.14058205485343933,0.27402153611183167,0.13418182730674744,0.4023565649986267,0.019587859511375427,0,4.5861992835998535,0,0,0,-0.0022772550582885742,0,1.2575039863586426,0.9687286615371704,1.0155086517333984,3.5210883617401123,-1.0060802698135376,0.6908705830574036,1.2465866804122925,0.7761610746383667,1.2548562288284302
2026-06-13T12:31:02.619155,550,1,-16448.816610023612,0,1.5317823886871338,2.5789635181427,3.5080060958862305,2.273283004760742,2.2732832431793213,3.757248592376709,4.557248592376709,0.8,0.13885480165481567,0.2496868073940277,0.13103848695755005,0.23865532875061035,0.03911128640174866,0,4.557248592376709,0,0,0,-0.0009305477142333984,0,1.2623724937438965,1.0255436897277832,1.020516276359558,3.517150640487671,-0.9924055337905884,0.7951541543006897,1.2559332847595215,0.7859436869621277,1.2550889253616333
2026-06-13T12:31:04.796861,551,1,-15970.113366939657,0,1.8746576309204102,2.691756248474121,3.5578525066375732,2.1169159412384033,2.1169159412384033,3.347507190704346,4.147507190704346,0.8,0.24298980832099915,0.3221433162689209,0.12235379964113235,0.23139557242393494,0.017923902720212936,0,4.147507190704346,0,0,0,0.0,0,1.0065429210662842,1.253297209739685,0.956822395324707,3.069368362426758,-1.0562825202941895,1.2793958187103271,1.227198600769043,0.7458155155181885,1.1678292751312256
2026-06-13T12:31:06.840043,552,1,-17809.28358660047,0,1.4700334072113037,2.510768413543701,3.506561517715454,2.2659573554992676,2.2659573554992676,3.774992656707764,4.574992656707764,0.8,0.13256362080574036,0.24783927202224731,0.14036624133586884,0.2634333372116089,0.02383025735616684,0,4.574992656707764,0,0,0,-0.0019423961639404297,0,1.2600914239883423,0.9280142784118652,1.019892692565918,3.5123136043548584,-0.9921307563781738,0.6054180264472961,1.250610589981079,0.7831072807312012,1.2566781044006348
2026-06-13T12:31:08.856063,553,1,-15498.732087005712,0,1.9468508958816528,2.6625332832336426,3.566754102706909,2.0289082527160645,2.0289084911346436,3.1692525863647463,3.969252586364746,0.8,0.22760546207427979,0.27962052822113037,0.14308172464370728,0.1436740756034851,0.014360171742737293,0,3.969252586364746,0,0,0,0.0,0,0.909415066242218,1.247694492340088,0.8920981287956238,2.8885207176208496,-1.0696905851364136,1.2698543071746826,1.2255347967147827,0.7458417415618896,1.038354516029358
2026-06-13T12:31:10.912881,554,1,-15688.556398474544,0,2.0033044815063477,2.6529617309570312,3.568969249725342,1.9657179117202759,1.9657179117202759,3.0384404182434084,3.838440418243408,0.8,0.21955008804798126,0.2704295814037323,0.13904760777950287,0.1856938600540161,0.019643204286694527,0,3.838440418243408,0,0,0,0.0,0,0.8405571579933167,1.257201075553894,0.9715157747268677,2.7462878227233887,-1.0651735067367554,1.2830020189285278,1.2314001321792603,0.7458371520042419,1.1971943378448486
2026-06-13T12:31:12.925736,555,1,-16398.5863411487,0,1.6008539199829102,2.54213547706604,3.5101866722106934,2.199282169342041,2.19928240776062,3.6032788276672365,4.403278827667236,0.8,0.18156912922859192,0.3391151428222656,0.12405392527580261,0.226615309715271,0.005263917148113251,0,4.403278827667236,0,0,0,0.0,0,1.1828213930130005,1.0396878719329834,1.0160712003707886,3.361271619796753,-0.995628833770752,0.8267213106155396,1.2526545524597168,0.7789713144302368,1.2531710863113403
2026-06-13T12:31:14.939749,556,1,-13955.762176755523,0,2.0120296478271484,2.649829387664795,3.5638861656188965,1.951622724533081,1.951622724533081,3.0089911937713625,3.8089911937713623,0.8,0.2001384198665619,0.24270810186862946,0.14797250926494598,0.23197832703590393,0.028817027807235718,0,3.8089911937713623,0,0,0,0.0,0,0.8341149687767029,1.2570370435714722,0.8730171322822571,2.734147787094116,-1.0659178495407104,1.284197211265564,1.2298768758773804,0.7455769777297974,1.0004572868347168
2026-06-13T12:31:16.991920,557,1,-14403.858459217354,0,2.0593979358673096,2.607836961746216,3.511338710784912,1.83739173412323,1.83739173412323,2.7754187107086183,3.575418710708618,0.8,0.19676563143730164,0.29003340005874634,0.10782773792743683,0.24080750346183777,0.016833307221531868,0,3.575418710708618,0,0,0,0.0,0,0.7668049931526184,1.2543885707855225,0.9825868606567383,2.538541793823242,-1.0049318075180054,1.2795182466506958,1.2292590141296387,0.7454754710197449,1.219698190689087
2026-06-13T12:31:18.997677,558,1,-13129.289365285491,0,2.120370864868164,2.6305787563323975,3.574784278869629,1.8208506107330322,1.8208506107330322,2.7435585975646974,3.5435585975646973,0.8,0.217632457613945,0.27132898569107056,0.11738736927509308,0.2768324017524719,0.01955193094909191,0,3.5435585975646973,0,0,0,0.0,0,0.6887878775596619,1.2457703351974487,0.8743765950202942,2.4557628631591797,-1.078187108039856,1.2661391496658325,1.225401520729065,0.7455880641937256,1.0031651258468628
2026-06-13T12:31:21.021851,559,1,-14146.865066851324,0,2.185197353363037,2.6283183097839355,3.5568735599517822,1.7306602001190186,1.7306602001190186,2.555089902877808,3.3550899028778076,0.8,0.16709718108177185,0.17970913648605347,0.1160854771733284,0.3859841525554657,0.018591463565826416,0,3.3550899028778076,0,0,0,0.0,0,0.6076887249946594,1.249414086341858,0.9591127634048462,2.271390914916992,-1.0560134649276733,1.2756991386413574,1.2231290340423584,0.7456629872322083,1.1725624799728394
2026-06-13T12:31:23.038694,560,1,-12683.13509021742,0,2.2902133464813232,2.6464593410491943,3.557835340499878,1.609122395515442,1.609122395515442,2.304709625244141,3.1047096252441406,0.8,0.19785922765731812,0.22091294825077057,0.14910678565502167,0.29330313205718994,0.023495011031627655,0,3.1047096252441406,0,0,0,0.0,0,0.48067301511764526,1.248892068862915,0.9608945846557617,2.017822504043579,-1.0564764738082886,1.2732291221618652,1.2245551347732544,0.7455233931541443,1.1762657165527344
2026-06-13T12:31:25.186063,561,1,-12081.266251477546,0,2.3962275981903076,2.6883907318115234,3.5693132877349854,1.503849744796753,1.503849744796753,2.0872056007385256,2.8872056007385254,0.8,0.1708049327135086,0.1710071861743927,0.13854776322841644,0.17409682273864746,0.01698797568678856,0,2.8872056007385254,0,0,0,0.0,0,0.3622061014175415,1.26009202003479,0.961656391620636,1.7893718481063843,-1.0649596452713013,1.2820605039596558,1.2381235361099243,0.7455441951751709,1.177768588066101
2026-06-13T12:31:27.453299,562,1,-11480.965710717135,0,2.5601601600646973,2.7677927017211914,3.5705361366271973,1.3231226205825806,1.3231226205825806,1.7069148540496826,2.5069148540496826,0.8,0.16673719882965088,0.16737809777259827,0.13297143578529358,0.30102619528770447,0.009672839194536209,0,2.5069148540496826,0,0,0,0.0,0,0.16888970136642456,1.253420114517212,0.9258071780204773,1.4091224670410156,-1.0713430643081665,1.2777924537658691,1.2290477752685547,0.745850682258606,1.1057636737823486
2026-06-13T12:31:29.491578,563,1,-10688.661058397143,0,2.696073055267334,2.853215217590332,3.569772243499756,1.1770646572113037,1.1770646572113037,1.3971175670623779,2.197117567062378,0.8,0.15499290823936462,0.16803644597530365,0.14100833237171173,0.26158201694488525,0.021180424839258194,0,2.197117567062378,0,0,0,0.0,0,0.012851595878601074,1.2507377862930298,0.9226181507110596,1.096834421157837,-1.0711312294006348,1.274050235748291,1.2274253368377686,0.7457876801490784,1.0994486808776855
2026-06-13T12:31:31.531033,564,1,-9831.262800035727,0,2.8404972553253174,2.959505558013916,3.5727789402008057,1.0326429605484009,1.0326429605484009,1.087568473815918,1.887568473815918,0.8,0.15313096344470978,0.17484326660633087,0.14702089130878448,0.1757141351699829,0.02021900564432144,0,1.887568473815918,0,0,0,0.0,0,-0.1533413529396057,1.2439658641815186,0.9622946381568909,0.7650735378265381,-1.0717562437057495,1.2634944915771484,1.2244373559951782,0.7458195686340332,1.1787697076797485
2026-06-13T12:31:33.573968,565,1,-8037.0084721392095,0,3.1022894382476807,3.1742494106292725,3.5674681663513184,0.7786402702331543,0.7786403298377991,0.5005728721618652,1.3005728721618652,0.8,0.09735672920942307,0.17587196826934814,0.12977561354637146,0.2172812819480896,0.027806127443909645,0,1.3005728721618652,0,0,0,0.0,0,-0.44042372703552246,1.2428507804870605,0.8926931619644165,0.19238391518592834,-1.0732313394546509,1.272111177444458,1.2135905027389526,0.7458229660987854,1.0395632982254028
2026-06-13T12:31:35.597631,566,1,-6689.202947177975,0,3.3932688236236572,3.439131259918213,3.575718641281128,0.5761991739273071,0.5761991739273071,0.0326322197914124,0.7673677802085876,0.8,0.10924190282821655,0.1590414196252823,0.14822977781295776,0.3091345429420471,0.008852698840200901,0,0.7673677802085876,0,0,0,-0.0005881786346435547,0,-0.7557482719421387,1.2462751865386963,0.9517877101898193,-0.4335407614707947,-1.077955722808838,1.2772653102874756,1.2152849435806274,0.7457894682884216,1.1577858924865723
2026-06-13T12:31:37.487932,567,1,-7580.557151176067,0,3.520336866378784,3.546041488647461,3.5481560230255127,0.4261951148509979,0.4261951148509979,0.4843807399272919,0.31561926007270813,0.8,0.1978190541267395,0.24014322459697723,0.2026507556438446,0.35214942693710327,0.03596337139606476,1,0.31561926007270813,1,0,0,-0.0015265941619873047,0,-0.8853810429573059,1.2448288202285767,0.7776390910148621,-0.7309144735336304,-1.0398476123809814,1.24075186252594,1.2489057779312134,0.7455869913101196,0.8096911907196045
2026-06-13T12:31:38.925682,568,1,-6886.8759219089225,0,3.529557704925537,3.5489232540130615,3.5702219009399414,0.37085241079330444,0.3708525002002716,0.4803660690784455,0.31963393092155457,0.8,0.17154847085475922,0.30535271763801575,0.11657238006591797,0.1508009135723114,0.02998633310198784,1,0.31963393092155457,1,0,0,-0.002739429473876953,0,-0.918371319770813,1.180823802947998,0.7723067998886108,-0.7727506756782532,-1.063991904258728,1.1208114624023438,1.240836262702942,0.7452030777931213,0.7994105219841003
2026-06-13T12:31:40.193517,569,1,-5901.263801786473,0,3.2727434635162354,3.286288261413574,3.2914652824401855,0.2981035113334656,0.2981035113334656,0.48086698651313786,0.3191330134868622,0.8,0.30243945121765137,0.31739670038223267,0.15552744269371033,0.20740452408790588,0.024299705401062965,1,0.3191330134868622,1,0,0,-0.0058443546295166016,0,-0.6956773996353149,1.037468671798706,0.7735273838043213,-0.5946826338768005,-0.7966722249984741,0.9167239665985107,1.1582133769989014,0.7474076747894287,0.7996470332145691
2026-06-13T12:31:41.399672,570,1,-6578.251478006221,0,3.543856143951416,3.56266450881958,3.5824320316314697,0.3661338984966278,0.3661338984966278,0.4839200556278229,0.3160799443721771,0.8,0.1865728497505188,0.34601837396621704,0.08449752628803253,0.3650045096874237,0.02816692367196083,1,0.3160799443721771,1,0,0,-0.003175020217895508,0,-0.9315816760063171,1.1859878301620483,0.769975483417511,-0.7890175580978394,-1.074145793914795,1.122334599494934,1.2496410608291626,0.7454730272293091,0.7944779396057129
2026-06-13T12:31:42.502102,571,1,-5719.193677669465,0,3.398744821548462,3.410543203353882,3.414062976837158,0.28345704078674316,0.28345704078674316,0.48060472607612614,0.3193952739238739,0.8,0.36199599504470825,0.3659612834453583,0.15939725935459137,0.4179014563560486,0.030093494802713394,1,0.3193952739238739,1,0,0,-0.0068721771240234375,0,-0.8084613084793091,1.0974440574645996,0.7700867652893066,-0.7191948294639587,-0.8977278470993042,0.9659997820854187,1.2288883924484253,0.7540485858917236,0.7861248850822449
2026-06-13T12:31:43.480306,572,1,-5877.242531845266,0,3.5500307083129883,3.5666286945343018,3.5851476192474365,0.3441884219646454,0.3441884219646454,0.4849007904529572,0.31509920954704285,0.8,0.30105942487716675,0.4366760551929474,0.127786785364151,0.1987185776233673,0.045691631734371185,1,0.31509920954704285,1,0,0,-0.005646467208862305,0,-0.937999427318573,1.1852251291275024,0.7639544010162354,-0.804702639579773,-1.071296215057373,1.1022799015045166,1.2681703567504883,0.7507660984992981,0.7771427631378174
2026-06-13T12:31:44.412657,573,1,-5752.009078260294,0,3.448254108428955,3.4628453254699707,3.4756083488464355,0.31780892610549927,0.31780898571014404,0.4823890805244446,0.3176109194755554,0.8,0.3816448450088501,0.43128952383995056,0.12558764219284058,0.2308591902256012,0.01961488462984562,1,0.3176109194755554,1,0,0,-0.007237672805786133,0,-0.8429326415061951,1.1481833457946777,0.7643746137619019,-0.7243361473083496,-0.9615291357040405,1.0429126024246216,1.2534542083740234,0.7558832764625549,0.7728660106658936
2026-06-13T12:31:45.316859,574,1,-5792.303513850315,0,3.5734548568725586,3.5917718410491943,3.614246129989624,0.36297526955604553,0.36297526955604553,0.4809753775596619,0.31902462244033813,0.8,0.3119124174118042,0.4768775999546051,0.12109808623790741,0.2504315674304962,0.05165625363588333,1,0.31902462244033813,1,0,0,-0.0061070919036865234,0,-0.9530192017555237,1.2118264436721802,0.7585078477859497,-0.8083635568618774,-1.09767484664917,1.1447100639343262,1.2789428234100342,0.7547248601913452,0.762290894985199
2026-06-13T12:31:46.160662,575,1,-5639.501468227467,0,3.488527297973633,3.505228281021118,3.5276927947998047,0.3425025939941406,0.3425026535987854,0.4807223558425904,0.31927764415740967,0.8,0.42017775774002075,0.4710562825202942,0.15653541684150696,0.2306341826915741,0.030800076201558113,1,0.31927764415740967,1,0,0,-0.00796365737915039,0,-0.882868766784668,1.156120777130127,0.7634013891220093,-0.7478927969932556,-1.0178446769714355,1.0709000825881958,1.2413413524627686,0.7615328431129456,0.765269935131073
2026-06-13T12:31:47.034850,576,1,-5617.737397755047,0,3.5735583305358887,3.5912790298461914,3.613534927368164,0.3570158779621124,0.3570158779621124,0.48219521641731267,0.3178047835826874,0.8,0.36133936047554016,0.4780178964138031,0.1552707552909851,0.20676684379577637,0.04094655439257622,1,0.3178047835826874,1,0,0,-0.0066182613372802734,0,-0.9564709663391113,1.2037439346313477,0.7645785808563232,-0.8149548768997192,-1.0979870557785034,1.1315069198608398,1.2759809494018555,0.7623468041419983,0.7668103575706482
2026-06-13T12:31:47.737455,577,1,-5108.5466005042335,0,3.3593358993530273,3.3733327388763428,3.3887383937835693,0.30736297369003296,0.30736300349235535,0.4805864572525025,0.31941354274749756,0.8,0.4594547748565674,0.4871014654636383,0.14745557308197021,0.3864530920982361,0.01725100912153721,1,0.31941354274749756,1,0,0,-0.008588790893554688,0,-0.7795826196670532,1.0597896575927734,0.7714413404464722,-0.6675813794136047,-0.8915839195251465,0.9459968209266663,1.1735824346542358,0.7678131461143494,0.7750694751739502
2026-06-13T12:31:48.486036,578,1,-5089.686169478562,0,3.424445152282715,3.4383544921875,3.4514987468719482,0.30924177169799805,0.3092418313026428,0.48035131692886357,0.3196486830711365,0.8,0.4961341917514801,0.5352455973625183,0.13596279919147491,0.26365622878074646,0.0213448628783226,1,0.3196486830711365,1,0,0,-0.00918889045715332,0,-0.8288372755050659,1.1171586513519287,0.7689377665519714,-0.7152172923088074,-0.9424571990966797,1.0047669410705566,1.2295502424240112,0.7673741579055786,0.7705013751983643
2026-06-13T12:31:49.263404,579,1,-5551.808339134181,0,3.6174275875091553,3.6394870281219482,3.654566526412964,0.40038949251174927,0.40038952231407166,0.481783139705658,0.31821686029434204,0.8,0.3475300669670105,0.562071681022644,0.1503744125366211,0.12092027068138123,0.047320324927568436,1,0.31821686029434204,1,0,0,-0.006425619125366211,0,-0.9758119583129883,1.2787001132965088,0.7663303017616272,-0.8198071122169495,-1.1318168640136719,1.2474454641342163,1.3099547624588013,0.7652724981307983,0.767388105392456
2026-06-13T12:31:49.914022,580,1,-5040.972470941777,0,3.3631584644317627,3.3797521591186523,3.4005656242370605,0.3351483941078186,0.3351483941078186,0.48037563562393193,0.3196243643760681,0.8,0.5153959393501282,0.5604833364486694,0.13053393363952637,0.14824509620666504,0.016074076294898987,1,0.3196243643760681,1,0,0,-0.009466409683227539,0,-0.7650588750839233,1.1146682500839233,0.7747212052345276,-0.6340602040290833,-0.8960574865341187,1.0231488943099976,1.2061876058578491,0.7728516459465027,0.7765907645225525
2026-06-13T12:31:50.719406,581,1,-5121.382277855924,0,3.523507833480835,3.541426420211792,3.5612332820892334,0.356350839138031,0.3563508689403534,0.48020918965339665,0.3197908103466034,0.8,0.48400914669036865,0.5739364624023438,0.13371923565864563,0.2657466530799866,0.0291648730635643,1,0.3197908103466034,1,0,0,-0.009063005447387695,0,-0.8980658054351807,1.2189885377883911,0.7721061110496521,-0.755929172039032,-1.0402024984359741,1.1457628011703491,1.292214274406433,0.7708010077476501,0.773411214351654
2026-06-13T12:31:51.399028,582,1,-4973.095273668421,0,3.4001734256744385,3.4165589809417725,3.4367027282714844,0.3348156213760376,0.33481565117836,0.48003654479980473,0.3199634552001953,0.8,0.5270860195159912,0.5927121639251709,0.10881178081035614,0.34414592385292053,0.012694185599684715,1,0.3199634552001953,1,0,0,-0.00974130630493164,0,-0.7979403734207153,1.1334114074707031,0.776985764503479,-0.666999101638794,-0.9288815855979919,1.0415456295013428,1.2252771854400635,0.7739490866661072,0.7800225019454956
2026-06-13T12:31:52.105567,583,1,-5142.134230219759,0,3.5438878536224365,3.5620839595794678,3.5825819969177246,0.3601645231246948,0.3601645231246948,0.48013891577720647,0.3198610842227936,0.8,0.48072507977485657,0.5665185451507568,0.13740721344947815,0.29486048221588135,0.04424339160323143,1,0.3198610842227936,1,0,0,-0.009135723114013672,0,-0.9184647798538208,1.2231950759887695,0.7747724652290344,-0.7746003866195679,-1.0623291730880737,1.153370976448059,1.29301917552948,0.7724467515945435,0.7770981788635254
2026-06-13T12:31:52.827815,584,1,-5332.693885356616,0,3.601161241531372,3.623624324798584,3.637605667114258,0.40309280157089233,0.40309280157089233,0.4808043718338013,0.31919562816619873,0.8,0.45584502816200256,0.6435409784317017,0.13872352242469788,0.11175919324159622,0.06446345895528793,1,0.31919562816619873,1,0,0,-0.008483171463012695,0,-0.9580115079879761,1.2809773683547974,0.773686408996582,-0.8010610938072205,-1.1149619817733765,1.2522428035736084,1.3097119331359863,0.7701724767684937,0.7772002816200256
2026-06-13T12:31:53.431436,585,1,-4698.587066659062,0,3.2782342433929443,3.2915217876434326,3.2974798679351807,0.29551756381988525,0.29551759362220764,0.4801819503307343,0.31981804966926575,0.8,0.5557069778442383,0.6051310300827026,0.14999039471149445,0.19647997617721558,0.008430195972323418,1,0.31981804966926575,1,0,0,-0.010204553604125977,0,-0.691403865814209,1.0689889192581177,0.7825056314468384,-0.5890145301818848,-0.7937931418418884,0.9461886286735535,1.1917892694473267,0.7797842025756836,0.7852270007133484
2026-06-13T12:31:54.025844,586,1,-4878.507964335452,0,3.4632747173309326,3.479074478149414,3.492755651473999,0.3314708471298218,0.33147087693214417,0.482628870010376,0.317371129989624,0.8,0.5668307542800903,0.6623872518539429,0.1536855697631836,0.30114686489105225,0.045120373368263245,1,0.317371129989624,1,0,0,-0.010650396347045898,0,-0.8421798944473267,1.197232723236084,0.7782447338104248,-0.7144417762756348,-0.9699180126190186,1.1030974388122559,1.2913678884506226,0.7766193151473999,0.7798700928688049
2026-06-13T12:31:54.709639,587,1,-5131.245738506168,0,3.536609649658203,3.5563409328460693,3.5722057819366455,0.37443917989730835,0.37443920969963074,0.48261209130287175,0.3173879086971283,0.8,0.5679420828819275,0.7027367949485779,0.15548349916934967,0.14555928111076355,0.05733760818839073,1,0.3173879086971283,1,0,0,-0.01060628890991211,0,-0.8978409767150879,1.2579331398010254,0.777612566947937,-0.7494564652442932,-1.0462255477905273,1.2017093896865845,1.3141570091247559,0.7754494547843933,0.7797757387161255
2026-06-13T12:31:55.364591,588,1,-5184.829558692928,0,3.6259050369262695,3.6516072750091553,3.6518301963806152,0.4324885308742523,0.4324885904788971,0.481293934583664,0.31870606541633606,0.8,0.4333910346031189,0.6290899515151978,0.15174362063407898,0.3043314218521118,0.09726874530315399,1,0.31870606541633606,1,0,0,-0.008519172668457031,0,-0.9641791582107544,1.3336949348449707,0.7747358083724976,-0.8048590421676636,-1.1234992742538452,1.3357611894607544,1.3316287994384766,0.7722411155700684,0.7772305011749268
2026-06-13T12:31:55.991129,589,1,-5023.7413933271955,0,3.5472614765167236,3.5707225799560547,3.5799756050109863,0.4087557792663574,0.4087558388710022,0.48017184734344487,0.3198281526565552,0.8,0.5668280720710754,0.6924033164978027,0.13600683212280273,0.26689407229423523,0.04042043164372444,1,0.3198281526565552,1,0,0,-0.010687112808227539,0,-0.8954018354415894,1.2941062450408936,0.7793668508529663,-0.737190306186676,-1.053613305091858,1.2709922790527344,1.3172203302383423,0.7766514420509338,0.782082200050354
2026-06-13T12:31:56.659728,590,1,-5143.926777644698,0,3.607534885406494,3.633458137512207,3.6337106227874756,0.4332561492919922,0.4332561492919922,0.48065068125724797,0.3193493187427521,0.8,0.48215043544769287,0.632932186126709,0.14411236345767975,0.3214908838272095,0.1009242832660675,1,0.3193493187427521,1,0,0,-0.009194612503051758,0,-0.9470804929733276,1.3273930549621582,0.7777698636054993,-0.7874510884284973,-1.1067099571228027,1.330161690711975,1.3246244192123413,0.7751672863960266,0.7803724408149719
2026-06-13T12:31:57.296618,591,1,-4794.616947305249,0,3.4644861221313477,3.4831838607788086,3.4999947547912598,0.3608160614967346,0.3608160614967346,0.4806176900863648,0.31938230991363525,0.8,0.6375350952148438,0.7188538312911987,0.1113734021782875,0.29336512088775635,0.0482921302318573,1,0.31938230991363525,1,0,0,-0.012056350708007812,0,-0.8322912454605103,1.2276781797409058,0.7814503908157349,-0.6883610486984253,-0.9762214422225952,1.1585369110107422,1.2968194484710693,0.7792487144470215,0.7836520075798035
2026-06-13T12:31:57.977897,592,1,-5164.25703018981,0,3.6413216590881348,3.6680335998535156,3.6720614433288574,0.4418869614601135,0.4418870210647583,0.48046158552169804,0.319538414478302,0.8,0.42970162630081177,0.5943018198013306,0.13406874239444733,0.34087681770324707,0.10873717069625854,1,0.319538414478302,1,0,0,-0.008379459381103516,0,-0.9784419536590576,1.340256690979004,0.778494119644165,-0.819153368473053,-1.1377304792404175,1.3524291515350342,1.3280843496322632,0.7762168049812317,0.7807714939117432
2026-06-13T12:31:58.665420,593,1,-5159.287988487659,0,3.6281566619873047,3.6542601585388184,3.656175374984741,0.4360048472881317,0.4360048472881317,0.48221923708915715,0.3177807629108429,0.8,0.47352537512779236,0.6453014016151428,0.12224945425987244,0.21628403663635254,0.10921493172645569,1,0.3177807629108429,1,0,0,-0.009086370468139648,0,-0.9674566388130188,1.3319376707077026,0.7770687937736511,-0.808713436126709,-1.1261998414993286,1.3380053043365479,1.3258700370788574,0.7739172577857971,0.7802203297615051
2026-06-13T12:31:59.223917,594,1,-4602.144777568323,0,3.4148030281066895,3.431273937225342,3.4471545219421387,0.33617594838142395,0.33617594838142395,0.4815392971038819,0.31846070289611816,0.8,0.6367110013961792,0.7156059145927429,0.13327589631080627,0.30313077569007874,0.03630923852324486,1,0.31846070289611816,1,0,0,-0.01182103157043457,0,-0.7990017533302307,1.1751465797424316,0.7848321199417114,-0.6679925918579102,-0.9300109148025513,1.084721565246582,1.2655715942382812,0.7810612320899963,0.7886030077934265
2026-06-13T12:31:59.821897,595,1,-5126.835399158606,0,3.6032023429870605,3.6264243125915527,3.635786533355713,0.40984541177749634,0.40984541177749634,0.48135994672775273,0.3186400532722473,0.8,0.5341267585754395,0.6997146010398865,0.1538579761981964,0.23032523691654205,0.0765821635723114,1,0.3186400532722473,1,0,0,-0.009952068328857422,0,-0.950681209564209,1.306580662727356,0.77898108959198,-0.792877733707428,-1.1084847450256348,1.2848186492919922,1.3283426761627197,0.7762719392776489,0.7816901803016663
2026-06-13T12:32:00.403795,596,1,-4529.921886971537,0,3.3043923377990723,3.318784236907959,3.3293111324310303,0.3089168667793274,0.3089168965816498,0.48170502781867985,0.3182949721813202,0.8,0.6406903266906738,0.7063994407653809,0.12304772436618805,0.20555269718170166,0.034840844571590424,1,0.3182949721813202,1,0,0,-0.011404037475585938,0,-0.7109077572822571,1.0934010744094849,0.786141037940979,-0.5982922911643982,-0.823523223400116,0.9810282588005066,1.205773949623108,0.7818959355354309,0.7903861999511719
2026-06-13T12:32:01.074406,597,1,-5066.765852322275,0,3.644270420074463,3.6689083576202393,3.671853542327881,0.424487829208374,0.424487829208374,0.4830278337001801,0.31697216629981995,0.8,0.4613072872161865,0.6439513564109802,0.14438706636428833,0.20258906483650208,0.11491613835096359,1,0.31697216629981995,1,0,0,-0.008867502212524414,0,-0.9850661158561707,1.3316495418548584,0.7792218923568726,-0.8267322778701782,-1.143399953842163,1.3254896402359009,1.337809443473816,0.7760140895843506,0.7824296355247498
2026-06-13T12:32:01.675475,598,1,-4911.882358405254,0,3.622587203979492,3.6436872482299805,3.6585330963134766,0.39183950424194336,0.39183953404426575,0.48064031004905705,0.319359689950943,0.8,0.537969172000885,0.7137542366981506,0.12146571278572083,0.35307055711746216,0.08765190839767456,1,0.319359689950943,1,0,0,-0.009950399398803711,0,-0.9755369424819946,1.296351671218872,0.7800911664962769,-0.8209839463233948,-1.1300899982452393,1.2564023733139038,1.3363009691238403,0.7762097120285034,0.7839726209640503
2026-06-13T12:32:02.241743,599,1,-4783.128997004936,0,3.4932432174682617,3.5101075172424316,3.5259079933166504,0.34402915835380554,0.3440292179584503,0.4817542910575867,0.31824570894241333,0.8,0.6522601842880249,0.7420210242271423,0.13255596160888672,0.23996269702911377,0.04559656232595444,1,0.31824570894241333,1,0,0,-0.01239013671875,0,-0.866379976272583,1.2192463874816895,0.7833268642425537,-0.7310994863510132,-1.0016604661941528,1.1355414390563965,1.302951455116272,0.7797574400901794,0.7868963479995728
2026-06-13T12:32:02.885708,600,1,-4968.4901906986815,0,3.65750789642334,3.678042411804199,3.6925156116485596,0.3883824348449707,0.3883824646472931,0.48384081125259404,0.316159188747406,0.8,0.5107694268226624,0.7386950850486755,0.1532120704650879,0.22604334354400635,0.0930606871843338,1,0.316159188747406,1,0,0,-0.00959014892578125,0,-1.01099693775177,1.301642656326294,0.7804758548736572,-0.8588255047798157,-1.1631684303283691,1.2589573860168457,1.3443279266357422,0.7771632671356201,0.7837885022163391
2026-06-13T12:32:03.554730,601,1,-4649.77288775737,0,3.4755518436431885,3.4902753829956055,3.502577066421509,0.3204891085624695,0.3204891085624695,0.4805495619773865,0.3194504380226135,0.8,0.6772650480270386,0.7536312341690063,0.14482441544532776,0.2871133089065552,0.052383698523044586,1,0.3194504380226135,1,0,0,-0.012842655181884766,0,-0.8589490652084351,1.1883835792541504,0.7844671010971069,-0.7373693585395813,-0.9805287718772888,1.0848850011825562,1.2918821573257446,0.7801581621170044,0.7887759804725647
2026-06-13T12:32:04.200808,602,1,-4785.188477809498,0,3.6331350803375244,3.6529805660247803,3.668184518814087,0.38056278228759766,0.38056281208992004,0.48187800049781804,0.318121999502182,0.8,0.5882289409637451,0.7690698504447937,0.14578062295913696,0.08683478832244873,0.07768066972494125,1,0.318121999502182,1,0,0,-0.010803937911987305,0,-0.9856365919113159,1.2997066974639893,0.7811470627784729,-0.8348748683929443,-1.1363983154296875,1.2491161823272705,1.3502970933914185,0.7776960730552673,0.7845980525016785
2026-06-13T12:32:04.786882,603,1,-4634.424026876846,0,3.4633684158325195,3.475820779800415,3.476802110671997,0.29395395517349243,0.29395395517349243,0.480249035358429,0.31975096464157104,0.8,0.6880908012390137,0.7682416439056396,0.13878637552261353,0.20868369936943054,0.08106329292058945,1,0.31975096464157104,1,0,0,-0.012768983840942383,0,-0.8518601655960083,1.1723239421844482,0.7855636477470398,-0.7509784698486328,-0.9527418613433838,1.0483849048614502,1.2962629795074463,0.7808555960655212,0.7902716994285583
2026-06-13T12:32:05.385672,604,1,-4878.254271622318,0,3.6621155738830566,3.681699752807617,3.697521448135376,0.37956979870796204,0.3795698881149292,0.4845667362213135,0.3154332637786865,0.8,0.5534294247627258,0.781178891658783,0.14535605907440186,0.3722969889640808,0.09513308852910995,1,0.3154332637786865,1,0,0,-0.010544300079345703,0,-1.0191900730133057,1.2932844161987305,0.781726598739624,-0.8699725866317749,-1.168407678604126,1.242282748222351,1.3442859649658203,0.7789885997772217,0.7844646573066711
2026-06-13T12:32:05.939973,605,1,-4616.088295325129,0,3.584095001220703,3.5978808403015137,3.6095054149627686,0.3148753345012665,0.31487539410591125,0.48078011274337773,0.3192198872566223,0.8,0.6940323114395142,0.7852278351783752,0.14982759952545166,0.16589170694351196,0.06542544066905975,1,0.3192198872566223,1,0,0,-0.013088464736938477,0,-0.9666034579277039,1.2101876735687256,0.7828314304351807,-0.8490256071090698,-1.084181308746338,1.1022765636444092,1.3180986642837524,0.7803839445114136,0.7852789163589478
2026-06-13T12:32:06.541689,606,1,-4766.402038646811,0,3.62257719039917,3.63820481300354,3.65358567237854,0.3372038006782532,0.3372038006782532,0.4803309619426728,0.31966903805732727,0.8,0.6053709387779236,0.7653236389160156,0.12700814008712769,0.24416103959083557,0.0623415969312191,1,0.31966903805732727,1,0,0,-0.011455297470092773,0,-0.9896090030670166,1.2595373392105103,0.7827884554862976,-0.8574931025505066,-1.1217248439788818,1.1697365045547485,1.349338173866272,0.7774705290794373,0.788106381893158
2026-06-13T12:32:07.163430,607,1,-4848.598668068376,0,3.668473482131958,3.68631911277771,3.7045109272003174,0.3627426028251648,0.3627426028251648,0.48202206492424016,0.3179779350757599,0.8,0.5528718829154968,0.7930680513381958,0.12840433418750763,0.2185821533203125,0.07233382761478424,1,0.3179779350757599,1,0,0,-0.010489463806152344,0,-1.0308279991149902,1.2807166576385498,0.7834798693656921,-0.8867594599723816,-1.174896478652954,1.2135975360870361,1.3478357791900635,0.7793838381767273,0.787575900554657
2026-06-13T12:32:07.744276,608,1,-4906.2136285721135,0,3.667567253112793,3.686511278152466,3.704559803009033,0.3736885190010071,0.37368854880332947,0.4815632581710816,0.31843674182891846,0.8,0.4951639473438263,0.7408115863800049,0.12758053839206696,0.25060972571372986,0.09014351665973663,1,0.31843674182891846,1,0,0,-0.00935220718383789,0,-1.0266374349594116,1.2888262271881104,0.7806124091148376,-0.8780574202537537,-1.1752173900604248,1.2316919565200806,1.3459603786468506,0.7774253487586975,0.7837994694709778
2026-06-13T12:32:08.342963,609,1,-4765.553718722234,0,3.6662168502807617,3.6839563846588135,3.7007436752319336,0.3614823520183563,0.3614823818206787,0.48457826972007756,0.3154217302799225,0.8,0.545464813709259,0.7697740793228149,0.14429837465286255,0.27072662115097046,0.07541422545909882,1,0.3154217302799225,1,0,0,-0.010318279266357422,0,-1.0285966396331787,1.2801772356033325,0.7831662893295288,-0.8862417936325073,-1.1709513664245605,1.2124232053756714,1.3479312658309937,0.7790163159370422,0.7873162031173706
2026-06-13T12:32:08.948384,610,1,-4728.851112236149,0,3.598423957824707,3.613281726837158,3.627106189727783,0.32763123512268066,0.32763123512268066,0.481952714920044,0.31804728507995605,0.8,0.6305237412452698,0.7591992020606995,0.1638079434633255,0.14649876952171326,0.05949849635362625,1,0.31804728507995605,1,0,0,-0.012135028839111328,0,-0.973982572555542,1.2322741746902466,0.7846022844314575,-0.8483838438987732,-1.099581241607666,1.1348413228988647,1.3297070264816284,0.7800941467285156,0.7891103625297546
2026-06-13T12:32:09.600329,611,1,-4884.805590572323,0,3.6739327907562256,3.6900882720947266,3.7058396339416504,0.34528207778930664,0.34528207778930664,0.4839443147182465,0.31605568528175354,0.8,0.4990178942680359,0.8158811330795288,0.15763404965400696,0.16655248403549194,0.06455236673355103,1,0.31605568528175354,1,0,0,-0.009230613708496094,0,-1.040308952331543,1.2710732221603394,0.7845296859741211,-0.9055361747741699,-1.1750816106796265,1.1888818740844727,1.353264570236206,0.7772019505500793,0.7918574810028076
2026-06-13T12:32:10.237342,612,1,-4892.584643826308,0,3.6517302989959717,3.668117046356201,3.6814093589782715,0.34658417105674744,0.34658417105674744,0.48888416886329655,0.3111158311367035,0.8,0.5130537152290344,0.7604357600212097,0.15214964747428894,0.3264167904853821,0.0714406743645668,1,0.3111158311367035,1,0,0,-0.00982213020324707,0,-1.0177785158157349,1.267879843711853,0.7845792770385742,-0.8845218420028687,-1.151035189628601,1.1877827644348145,1.3479769229888916,0.7795414328575134,0.7896170616149902
2026-06-13T12:32:10.827109,613,1,-4593.496273962264,0,3.505563735961914,3.518198013305664,3.5223186016082764,0.2979212999343872,0.2979213297367096,0.4802218854427338,0.31977811455726624,0.8,0.658298134803772,0.7829321622848511,0.13565319776535034,0.11940021812915802,0.04673389717936516,1,0.31977811455726624,1,0,0,-0.012239217758178711,0,-0.8955405950546265,1.1761586666107178,0.7877768278121948,-0.7911974191665649,-0.9998838305473328,1.0551494359970093,1.2971678972244263,0.7819656729698181,0.7935879826545715
2026-06-13T12:32:11.409371,614,1,-4613.066624521502,0,3.634355306625366,3.64780330657959,3.6565892696380615,0.3130604028701782,0.3130604326725006,0.4816712617874146,0.31832873821258545,0.8,0.5991228222846985,0.7873796820640564,0.16867652535438538,0.20657816529273987,0.05495684966444969,1,0.31832873821258545,1,0,0,-0.011593103408813477,0,-1.0087964534759521,1.2417826652526855,0.7840843200683594,-0.8930935859680176,-1.1244994401931763,1.132624626159668,1.3509408235549927,0.7785488963127136,0.7896196842193604
2026-06-13T12:32:12.004341,615,1,-4826.533571218951,0,3.6538524627685547,3.668628215789795,3.6812613010406494,0.3291773200035095,0.3291773498058319,0.48169122934341435,0.3183087706565857,0.8,0.4967854619026184,0.7519922256469727,0.15960098803043365,0.3565315306186676,0.06397058814764023,1,0.3183087706565857,1,0,0,-0.009446382522583008,0,-1.021311640739441,1.2650316953659058,0.7879689931869507,-0.8948693871498108,-1.1477538347244263,1.1688162088394165,1.361247181892395,0.7787460088729858,0.7971919178962708
2026-06-13T12:32:12.584677,616,1,-4664.0551105370005,0,3.637679100036621,3.6524720191955566,3.6659770011901855,0.3286735713481903,0.32867366075515747,0.4812938451766968,0.3187061548233032,0.8,0.5509862899780273,0.761084794998169,0.13692212104797363,0.1661854386329651,0.07614846527576447,1,0.3187061548233032,1,0,0,-0.010574579238891602,0,-1.0074286460876465,1.2551579475402832,0.7838602662086487,-0.880890965461731,-1.1339664459228516,1.1584490537643433,1.3518667221069336,0.7784745693206787,0.7892459630966187
2026-06-13T12:32:13.106935,617,1,-3310.2013047116343,0,3.4486942291259766,3.467723846435547,3.680676221847534,0.4206721782684326,0.420672208070755,0.022265064716339156,0.7777349352836609,0.8,0.6197338104248047,0.801142156124115,0.13299979269504547,0.44941169023513794,0.09077181667089462,0,0.7777349352836609,1,1,0,-0.008713722229003906,0,-0.9068183898925781,0.9787636995315552,0.9784219861030579,-0.613525927066803,-1.200110912322998,0.8109477162361145,1.1465797424316406,0.7859766483306885,1.1708673238754272
2026-06-13T12:32:13.563804,618,1,-3251.7202173170076,0,3.4137930870056152,3.4350991249084473,3.6798946857452393,0.45370611548423767,0.45370614528656006,0.032703411579132036,0.8327034115791321,0.8,0.6411464214324951,0.7701241970062256,0.13259203732013702,0.17736007273197174,0.14083673059940338,0,0.8327034115791321,1,1,0,-0.010608673095703125,0,-0.8763226270675659,0.9589359760284424,0.9884485006332397,-0.5485265254974365,-1.2041187286376953,0.7995615601539612,1.1183103322982788,0.7872067093849182,1.189690351486206
2026-06-13T12:32:14.038755,619,1,-3271.051571900416,0,3.4150755405426025,3.43408203125,3.6786692142486572,0.435889333486557,0.435889333486557,0.03617722988128658,0.8361772298812866,0.8,0.6360679864883423,0.7870066165924072,0.1336933672428131,0.26885148882865906,0.1006462574005127,0,0.8361772298812866,1,1,0,-0.01029062271118164,0,-0.880416214466095,0.9494072794914246,0.9846002459526062,-0.5600570440292358,-1.200775384902954,0.768409013748169,1.1304055452346802,0.7860864400863647,1.1831140518188477
2026-06-13T12:32:14.677664,620,1,-5249.011052452601,0,3.7598962783813477,3.7795562744140625,3.846783399581909,0.39082813262939453,0.39082813262939453,0.4857823729515076,0.31421762704849243,0.8,0.4363052546977997,0.7426846027374268,0.16373887658119202,0.3025858998298645,0.051653265953063965,1,0.31421762704849243,1,0,0,-0.00684046745300293,0,-1.1112124919891357,1.341597557067871,0.9087775349617004,-1.0424740314483643,-1.1799508333206177,1.301676869392395,1.3815182447433472,0.7732616662979126,1.0442934036254883
2026-06-13T12:32:15.359911,621,1,-5202.760061396728,0,3.7425355911254883,3.761230945587158,3.8301756381988525,0.3808407187461853,0.3808407485485077,0.4810403764247895,0.31895962357521057,0.8,0.4453413486480713,0.7617084383964539,0.15120185911655426,0.1691979616880417,0.025797655805945396,1,0.31895962357521057,1,0,0,-0.007364749908447266,0,-1.1011205911636353,1.3196518421173096,0.914874792098999,-1.0400846004486084,-1.162156581878662,1.269159197807312,1.3701444864273071,0.7764590382575989,1.0532904863357544
2026-06-13T12:32:16.016692,622,1,-5151.616960682775,0,3.7325828075408936,3.7502927780151367,3.829136848449707,0.3724760413169861,0.3724760413169861,0.48137830495834355,0.3186216950416565,0.8,0.45348405838012695,0.7741390466690063,0.1557515412569046,0.2878735065460205,0.03335479646921158,1,0.3186216950416565,1,0,0,-0.008064746856689453,0,-1.0953333377838135,1.3067920207977295,0.9156632423400879,-1.048782229423523,-1.1418843269348145,1.2484900951385498,1.3650939464569092,0.7749016284942627,1.056424856185913
2026-06-13T12:32:16.664001,623,1,-5143.17518934708,0,3.735618829727173,3.7533118724823,3.827639579772949,0.37151724100112915,0.37151727080345154,0.48478807806968693,0.3152119219303131,0.8,0.4468139410018921,0.744261622428894,0.17429642379283905,0.07768553495407104,0.043651334941387177,1,0.3152119219303131,1,0,0,-0.007493734359741211,0,-1.098712682723999,1.3062620162963867,0.9131863117218018,-1.047553300857544,-1.1498721837997437,1.247743844985962,1.364780306816101,0.7760806679725647,1.0502920150756836
2026-06-13T12:32:17.306536,624,1,-5137.034101153096,0,3.7254457473754883,3.7428767681121826,3.8154382705688477,0.3680296540260315,0.3680296540260315,0.4815525591373444,0.31844744086265564,0.8,0.47299060225486755,0.7936228513717651,0.1463852822780609,0.2883003354072571,0.0571005642414093,1,0.31844744086265564,1,0,0,-0.00846242904663086,0,-1.0922682285308838,1.294405460357666,0.9132710695266724,-1.0414868593215942,-1.143049716949463,1.2320225238800049,1.3567883968353271,0.7758600115776062,1.0506821870803833
2026-06-13T12:32:17.900513,625,1,-5114.496035797498,0,3.7293155193328857,3.7469348907470703,3.825779676437378,0.3714069128036499,0.3714069426059723,0.4816796660423279,0.3183203339576721,0.8,0.4797719419002533,0.780029296875,0.15480558574199677,0.282565712928772,0.0602390319108963,1,0.3183203339576721,1,0,0,-0.0076751708984375,0,-1.0984821319580078,1.2890968322753906,0.9184789657592773,-1.0540810823440552,-1.1428831815719604,1.229860782623291,1.3483328819274902,0.7775833010673523,1.0593746900558472
2026-06-13T12:32:18.505841,626,1,-4853.559164301013,0,3.7300984859466553,3.746873378753662,3.8250365257263184,0.3626754879951477,0.3626755475997925,0.4822733879089356,0.31772661209106445,0.8,0.4731491208076477,0.7701797485351562,0.15143950283527374,0.2398284375667572,0.07236257195472717,1,0.31772661209106445,1,0,0,-0.007498741149902344,0,-1.1028681993484497,1.2796058654785156,0.9215219616889954,-1.061786413192749,-1.1439499855041504,1.2124757766723633,1.3467358350753784,0.7835241556167603,1.0595197677612305
2026-06-13T12:32:19.152591,627,1,-5126.22842054978,0,3.7280969619750977,3.7458913326263428,3.8359861373901367,0.37564897537231445,0.37564897537231445,0.4855633854866028,0.3144366145133972,0.8,0.48268455266952515,0.7989080548286438,0.163948655128479,0.3027356266975403,0.048127681016922,1,0.3144366145133972,1,0,0,-0.007682085037231445,0,-1.0989975929260254,1.2842826843261719,0.920379638671875,-1.0653716325759888,-1.1326236724853516,1.2297759056091309,1.338789463043213,0.7767972350120544,1.0639619827270508
2026-06-13T12:32:19.750813,628,1,-5083.990653329054,0,3.7357800006866455,3.75291109085083,3.8416624069213867,0.3690077066421509,0.3690077066421509,0.48336489796638493,0.3166351020336151,0.8,0.45974472165107727,0.7640167474746704,0.13483425974845886,0.10357049107551575,0.07082362473011017,1,0.3166351020336151,1,0,0,-0.0076694488525390625,0,-1.1091091632843018,1.2789509296417236,0.9194435477256775,-1.0772451162338257,-1.1409730911254883,1.2178287506103516,1.3400731086730957,0.7769191265106201,1.0619679689407349
2026-06-13T12:32:20.358839,629,1,-5113.737437683274,0,3.7515904903411865,3.7674694061279297,3.8700056076049805,0.3604293465614319,0.36042940616607666,0.4818168163299561,0.31818318367004395,0.8,0.44680893421173096,0.7413474917411804,0.17077641189098358,0.2793307900428772,0.07392597198486328,1,0.31818318367004395,1,0,0,-0.007104635238647461,0,-1.1251120567321777,1.281184434890747,0.9188733100891113,-1.1112080812454224,-1.1390161514282227,1.2119333744049072,1.3504353761672974,0.7763211727142334,1.0614254474639893
2026-06-13T12:32:21.013707,630,1,-5067.417002444743,0,3.7357537746429443,3.7524900436401367,3.853203058242798,0.36806008219718933,0.36806008219718933,0.4803182661533356,0.31968173384666443,0.8,0.46690207719802856,0.7963171601295471,0.12456098198890686,0.23029911518096924,0.07678860425949097,1,0.31968173384666443,1,0,0,-0.00798487663269043,0,-1.1086699962615967,1.2803150415420532,0.923298716545105,-1.0900754928588867,-1.1272644996643066,1.2177139520645142,1.3429161310195923,0.7774068117141724,1.0691906213760376
2026-06-13T12:32:21.679531,631,1,-5093.043040005662,0,3.7462217807769775,3.7632083892822266,3.8699986934661865,0.37277770042419434,0.37277770042419434,0.4836138963699341,0.3163861036300659,0.8,0.45816242694854736,0.7604354023933411,0.15951144695281982,0.17439475655555725,0.07589112967252731,1,0.3163861036300659,1,0,0,-0.007416963577270508,0,-1.121535062789917,1.2756751775741577,0.9250284433364868,-1.1084871292114258,-1.1345831155776978,1.2180979251861572,1.3332524299621582,0.7782645225524902,1.0717923641204834
2026-06-13T12:32:22.346127,632,1,-5128.201957294843,0,3.7432332038879395,3.7600598335266113,3.867263078689575,0.37114325165748596,0.37114325165748596,0.48702313303947453,0.3129768669605255,0.8,0.4620208740234375,0.7574143409729004,0.13666951656341553,0.20525160431861877,0.06556365638971329,1,0.3129768669605255,1,0,0,-0.007249116897583008,0,-1.1158429384231567,1.2823214530944824,0.9206571578979492,-1.1026493310928345,-1.129036545753479,1.2238948345184326,1.3407480716705322,0.7760857939720154,1.0652285814285278
2026-06-13T12:32:23.026094,633,1,-4856.364694019132,0,3.7382118701934814,3.7540385723114014,3.8541529178619385,0.35860878229141235,0.35860881209373474,0.48014258146286015,0.3198574185371399,0.8,0.47988560795783997,0.7977587580680847,0.15640579164028168,0.20776143670082092,0.06541648507118225,1,0.3198574185371399,1,0,0,-0.007820606231689453,0,-1.1152024269104004,1.2696139812469482,0.9247680902481079,-1.10032320022583,-1.1300816535949707,1.1983927488327026,1.3408350944519043,0.7823484539985657,1.0671876668930054
2026-06-13T12:32:23.638902,634,1,-5135.032155279178,0,3.7543890476226807,3.770051956176758,3.8834519386291504,0.36154383420944214,0.3615439236164093,0.48038064241409306,0.319619357585907,0.8,0.4266291558742523,0.7414370179176331,0.1495657116174698,0.2040802538394928,0.0846436470746994,1,0.319619357585907,1,0,0,-0.006551027297973633,0,-1.1279118061065674,1.281700611114502,0.919255256652832,-1.1253677606582642,-1.1304559707641602,1.2131690979003906,1.3502320051193237,0.7749081254005432,1.0636024475097656
2026-06-13T12:32:24.264831,635,1,-4861.741260019713,0,3.7492494583129883,3.7657229900360107,3.88106107711792,0.37027132511138916,0.3702714145183563,0.48492347002029423,0.3150765299797058,0.8,0.45239558815956116,0.7452124953269958,0.14517302811145782,0.3057895302772522,0.0829269289970398,1,0.3150765299797058,1,0,0,-0.007200002670288086,0,-1.123649001121521,1.2789368629455566,0.9286611080169678,-1.1204255819320679,-1.1268724203109741,1.2192901372909546,1.3385837078094482,0.7828866839408875,1.0744354724884033
2026-06-13T12:32:25.109547,636,1,-5127.804241098556,0,3.7620131969451904,3.778103828430176,3.8880512714385986,0.36525797843933105,0.36525800824165344,0.48123245239257817,0.3187675476074219,0.8,0.4242238998413086,0.7312886118888855,0.14473693072795868,0.3018868863582611,0.05957658588886261,1,0.3187675476074219,1,0,0,-0.007073163986206055,0,-1.1356773376464844,1.2828609943389893,0.922565221786499,-1.1284263134002686,-1.1429284811019897,1.2178738117218018,1.3478482961654663,0.7772130370140076,1.0679174661636353
2026-06-13T12:32:25.717598,637,1,-5030.392289961306,0,3.7639594078063965,3.7791061401367188,3.9039478302001953,0.3603290915489197,0.36032912135124207,0.48004131317138676,0.3199586868286133,0.8,0.41784074902534485,0.7002592086791992,0.17493927478790283,0.22010564804077148,0.09389913082122803,1,0.3199586868286133,1,0,0,-0.006249666213989258,0,-1.1405730247497559,1.2749602794647217,0.9212019443511963,-1.151687741279602,-1.1294583082199097,1.2052648067474365,1.3446556329727173,0.7776317000389099,1.064772129058838
2026-06-13T12:32:26.338512,638,1,-5121.317685684101,0,3.774871349334717,3.7902626991271973,3.919405937194824,0.3648524284362793,0.3648524284362793,0.4844034790992737,0.3155965209007263,0.8,0.3955923914909363,0.6706508994102478,0.17343813180923462,0.3631465435028076,0.09405132383108139,1,0.3155965209007263,1,0,0,-0.005990505218505859,0,-1.1464052200317383,1.2907143831253052,0.9180338382720947,-1.1590931415557861,-1.1337171792984009,1.2259856462478638,1.3554431200027466,0.774682879447937,1.0613847970962524
2026-06-13T12:32:26.986694,639,1,-4871.689750644486,0,3.732374668121338,3.748974323272705,3.8468079566955566,0.36573269963264465,0.36573272943496704,0.48764093518257146,0.3123590648174286,0.8,0.49304842948913574,0.7932458519935608,0.13551440834999084,0.45886415243148804,0.07455157488584518,1,0.3123590648174286,1,0,0,-0.007695198059082031,0,-1.1091797351837158,1.2690906524658203,0.924592137336731,-1.0888906717300415,-1.1294689178466797,1.2058011293411255,1.3323801755905151,0.7832598090171814,1.0659245252609253
2026-06-13T12:32:27.599792,640,1,-5018.96872071579,0,3.7608280181884766,3.7757115364074707,3.89206862449646,0.35455578565597534,0.35455581545829773,0.4805641353130341,0.31943586468696594,0.8,0.41481202840805054,0.6857200264930725,0.12984468042850494,0.23448649048805237,0.09838175773620605,1,0.31943586468696594,1,0,0,-0.006464958190917969,0,-1.140124797821045,1.2669196128845215,0.9208923578262329,-1.144674301147461,-1.1355754137039185,1.1921695470809937,1.3416695594787598,0.7798194885253906,1.0619652271270752
2026-06-13T12:32:28.269966,641,1,-5157.928050532611,0,3.7595977783203125,3.775061845779419,3.8986988067626953,0.36304599046707153,0.3630460500717163,0.4846132576465607,0.31538674235343933,0.8,0.42727336287498474,0.7006158232688904,0.15494775772094727,0.2248002588748932,0.09254381060600281,1,0.31538674235343933,1,0,0,-0.006295204162597656,0,-1.132885456085205,1.2831287384033203,0.9170791506767273,-1.1404573917388916,-1.1253135204315186,1.2167977094650269,1.3494596481323242,0.7742153406143188,1.0599429607391357
2026-06-13T12:32:28.969214,642,1,-4761.219436913933,0,3.7459824085235596,3.7611610889434814,3.869363784790039,0.3544800877571106,0.354480117559433,0.4827817857265473,0.31721821427345276,0.8,0.4531359076499939,0.7371758222579956,0.13121500611305237,0.19621539115905762,0.08315370976924896,1,0.31721821427345276,1,0,0,-0.007600069046020508,0,-1.1252763271331787,1.2646397352218628,0.9258618354797363,-1.1209615468978882,-1.1295911073684692,1.1902638673782349,1.3390156030654907,0.785838782787323,1.0658849477767944
2026-06-13T12:32:29.584742,643,1,-5110.973464616858,0,3.759612798690796,3.7745423316955566,3.9005861282348633,0.35828596353530884,0.3582859933376312,0.48389546871185307,0.316104531288147,0.8,0.4398892819881439,0.6846591234207153,0.1419014185667038,0.3525872826576233,0.09631450474262238,1,0.316104531288147,1,0,0,-0.00644683837890625,0,-1.1365886926651,1.27284836769104,0.9158228635787964,-1.1492682695388794,-1.1239091157913208,1.202083706855774,1.3436129093170166,0.7750673294067383,1.0565783977508545
2026-06-13T12:32:30.197837,644,1,-5075.658800111613,0,3.7573416233062744,3.772764205932617,3.883760929107666,0.35840725898742676,0.35840731859207153,0.4845105290412903,0.3154894709587097,0.8,0.44513389468193054,0.748069167137146,0.14218714833259583,0.2862779498100281,0.07859817147254944,1,0.3154894709587097,1,0,0,-0.007097005844116211,0,-1.1339974403381348,1.2735106945037842,0.9184638261795044,-1.1305128335952759,-1.1374821662902832,1.202976107597351,1.3440451622009277,0.7774101495742798,1.059517502784729
2026-06-13T12:32:30.786109,645,1,-5134.577618664094,0,3.7559702396392822,3.771605968475342,3.877042293548584,0.3589065968990326,0.3589065968990326,0.48022707104682927,0.3197729289531708,0.8,0.4417835474014282,0.7298378348350525,0.15584102272987366,0.1857822835445404,0.07515306025743484,1,0.3197729289531708,1,0,0,-0.00724029541015625,0,-1.134174108505249,1.26896333694458,0.9184021949768066,-1.125240445137024,-1.1431076526641846,1.198026180267334,1.3399004936218262,0.775392472743988,1.06141197681427
2026-06-13T12:32:31.448260,646,1,-5026.247991244174,0,3.767179489135742,3.781393527984619,3.902754068374634,0.3493198752403259,0.3493199050426483,0.4859540939331055,0.31404590606689453,0.8,0.393356055021286,0.6509342193603516,0.1533733308315277,0.19613994657993317,0.09123880416154861,1,0.31404590606689453,1,0,0,-0.006066560745239258,0,-1.1484088897705078,1.2621155977249146,0.91340172290802,-1.1600008010864258,-1.1368168592453003,1.1838258504867554,1.3404053449630737,0.7777826189994812,1.0490208864212036
2026-06-13T12:32:32.054002,647,1,-4873.506618502675,0,3.7509145736694336,3.7659716606140137,3.873535633087158,0.35320577025413513,0.35320577025413513,0.4856467425823212,0.31435325741767883,0.8,0.43640297651290894,0.735693097114563,0.1521506905555725,0.19986653327941895,0.08857080340385437,1,0.31435325741767883,1,0,0,-0.007012367248535156,0,-1.128483772277832,1.2699860334396362,0.9206476211547852,-1.1231846809387207,-1.133782982826233,1.1950483322143555,1.344923734664917,0.782586932182312,1.0587083101272583
2026-06-13T12:32:32.656672,648,1,-5079.812788615446,0,3.760143756866455,3.7750444412231445,3.893303394317627,0.3553391098976135,0.3553391695022583,0.4854547560214997,0.31454524397850037,0.8,0.4227335453033447,0.7199241518974304,0.1560722291469574,0.22725698351860046,0.0697561502456665,1,0.31454524397850037,1,0,0,-0.006801605224609375,0,-1.1332416534423828,1.2836956977844238,0.9162763357162476,-1.1375210285186768,-1.1289622783660889,1.210609793663025,1.3567817211151123,0.7770829200744629,1.0554697513580322
2026-06-13T12:32:33.166796,649,1,-3116.9038654102014,0,3.6211888790130615,3.625424861907959,3.7797064781188965,0.23344919085502625,0.23344920575618744,0.3590707361698151,0.44092926383018494,0.8,0.5804783701896667,0.6648254990577698,0.13478364050388336,0.23102053999900818,0.13944576680660248,0,0.44092926383018494,1,1,0,-0.007995843887329102,0,-1.0980677604675293,0.9201604127883911,1.1727268695831299,-1.2021453380584717,-0.9939901232719421,0.7275277972221375,1.1127930879592896,1.1985176801681519,1.146936058998108
2026-06-13T12:32:33.776253,650,1,-4818.816913231089,0,3.762101650238037,3.776167869567871,3.8900015354156494,0.34495410323143005,0.34495416283607483,0.4829502582550049,0.3170497417449951,0.8,0.41898849606513977,0.7200119495391846,0.15672427415847778,0.21321073174476624,0.06793925166130066,1,0.3170497417449951,1,0,0,-0.0063326358795166016,0,-1.1398131847381592,1.2715082168579102,0.9200174808502197,-1.1442077159881592,-1.1354185342788696,1.1888371706008911,1.3541791439056396,0.7848275303840637,1.0552074909210205
2026-06-13T12:32:34.296858,651,1,-3041.389458567477,0,3.63045072555542,3.6339874267578125,3.772864580154419,0.2120826095342636,0.2120826691389084,0.338352906703949,0.461647093296051,0.8,0.5635039806365967,0.6414901614189148,0.11471500992774963,0.1907772421836853,0.13549503684043884,0,0.461647093296051,1,1,0,-0.00760650634765625,0,-1.1090633869171143,0.914303183555603,1.1752002239227295,-1.2026739120483398,-1.0154527425765991,0.7039275765419006,1.1246787309646606,1.1912838220596313,1.1591166257858276
2026-06-13T12:32:34.972240,652,1,-4793.446955625233,0,3.775275230407715,3.789234161376953,3.9089035987854004,0.34628772735595703,0.34628772735595703,0.4838111579418183,0.31618884205818176,0.8,0.41656821966171265,0.716925323009491,0.14603377878665924,0.08894804120063782,0.0781455710530281,1,0.31618884205818176,1,0,0,-0.006242990493774414,0,-1.1510213613510132,1.2792905569076538,0.9202259182929993,-1.1608837842941284,-1.141158938407898,1.1979422569274902,1.3606388568878174,0.785025954246521,1.0554258823394775
2026-06-13T12:32:35.627383,653,1,-4859.672825840107,0,3.758305549621582,3.7730329036712646,3.8836565017700195,0.35093602538108826,0.35093602538108826,0.48009337782859807,0.319906622171402,0.8,0.42123115062713623,0.7193650007247925,0.15603142976760864,0.1931082308292389,0.06907816231250763,1,0.319906622171402,1,0,0,-0.006733894348144531,0,-1.1342625617980957,1.2759367227554321,0.923628032207489,-1.1331074237823486,-1.1354175806045532,1.1979005336761475,1.3539729118347168,0.7840068340301514,1.0632492303848267
2026-06-13T12:32:36.309789,654,1,-4881.688753538886,0,3.76519513130188,3.7801284790039062,3.896477460861206,0.35526472330093384,0.3552647531032562,0.4845868229866028,0.3154131770133972,0.8,0.4028189480304718,0.7027913331985474,0.1668117493391037,0.368541419506073,0.07582518458366394,1,0.3154131770133972,1,0,0,-0.006016969680786133,0,-1.1415717601776123,1.2758251428604126,0.921047568321228,-1.1449631452560425,-1.1381804943084717,1.2025022506713867,1.3491480350494385,0.7814638018608093,1.060631275177002
2026-06-13T12:32:36.914064,655,1,-4755.986105940602,0,3.738452434539795,3.753005266189575,3.84771728515625,0.3434983491897583,0.3434984087944031,0.48092390894889836,0.3190760910511017,0.8,0.45072782039642334,0.7714621424674988,0.13718228042125702,0.26526856422424316,0.05888599529862404,1,0.3190760910511017,1,0,0,-0.0072743892669677734,0,-1.1179468631744385,1.262481927871704,0.9211645126342773,-1.1026862859725952,-1.1332075595855713,1.1781554222106934,1.3468085527420044,0.7865965962409973,1.0557324886322021
2026-06-13T12:32:37.431007,656,1,-3058.966045269619,0,3.6207330226898193,3.6247148513793945,3.7758469581604004,0.22735977172851562,0.22735978662967682,0.35108734965324406,0.448912650346756,0.8,0.533929705619812,0.6430920958518982,0.1299678087234497,0.3125516176223755,0.14130942523479462,0,0.448912650346756,1,1,0,-0.00687718391418457,0,-1.1007269620895386,0.9069629907608032,1.178983449935913,-1.2039856910705566,-0.9974681735038757,0.708602786064148,1.1053231954574585,1.1982579231262207,1.159709095954895
2026-06-13T12:32:38.028089,657,1,-4448.421372139845,0,3.721271514892578,3.7281582355499268,3.813915491104126,0.2421925812959671,0.2421925812959671,0.48283614516258244,0.3171638548374176,0.8,0.47661229968070984,0.652214527130127,0.14999431371688843,0.16288472712039948,0.07934487611055374,1,0.3171638548374176,1,0,0,-0.003113269805908203,0,-1.1367008686065674,1.1520729064941406,1.111063003540039,-1.1481788158416748,-1.12522292137146,0.9939591884613037,1.3101866245269775,1.1151295900344849,1.1069964170455933
2026-06-13T12:32:38.582194,658,1,-4527.473127848727,0,3.7298028469085693,3.736807346343994,3.825860023498535,0.24541592597961426,0.24541598558425903,0.4889501512050629,0.31104984879493713,0.8,0.44894611835479736,0.6649612188339233,0.12965549528598785,0.23197747766971588,0.07572263479232788,1,0.31104984879493713,1,0,0,-0.003225088119506836,0,-1.1404720544815063,1.1682844161987305,1.107696771621704,-1.1535104513168335,-1.1274336576461792,1.0133355855941772,1.3232331275939941,1.110676884651184,1.1047166585922241
2026-06-13T12:32:39.157736,659,1,-4522.299754776319,0,3.7353620529174805,3.742534875869751,3.8217718601226807,0.24477961659431458,0.24477967619895935,0.4894820034503937,0.3105179965496063,0.8,0.4608314037322998,0.6639531850814819,0.13871575891971588,0.2547895312309265,0.0711413323879242,1,0.3105179965496063,1,0,0,-0.004105091094970703,0,-1.1418778896331787,1.1819474697113037,1.1050245761871338,-1.1438699960708618,-1.1398859024047852,1.0267120599746704,1.3371827602386475,1.106860876083374,1.1031882762908936
2026-06-13T12:32:39.715060,660,1,-4552.9973801734395,0,3.727552890777588,3.7345175743103027,3.812098741531372,0.24081124365329742,0.24081124365329742,0.4812961399555207,0.31870386004447937,0.8,0.45605331659317017,0.6483729481697083,0.1395440548658371,0.23911304771900177,0.07356308400630951,1,0.31870386004447937,1,0,0,-0.002905130386352539,0,-1.1374207735061646,1.1695023775100708,1.11648690700531,-1.139561414718628,-1.1352801322937012,1.0102486610412598,1.3287560939788818,1.1216551065444946,1.1113187074661255
2026-06-13T12:32:40.367704,661,1,-4491.381298202178,0,3.7389461994171143,3.7461585998535156,3.823167085647583,0.24477824568748474,0.24477824568748474,0.4891631186008454,0.31083688139915466,0.8,0.40713170170783997,0.630436897277832,0.13203635811805725,0.25079989433288574,0.07240042090415955,1,0.31083688139915466,1,0,0,-0.0032706260681152344,0,-1.1383132934570312,1.2039921283721924,1.1022695302963257,-1.1364121437072754,-1.1402145624160767,1.0486940145492554,1.3592902421951294,1.1080811023712158,1.0964579582214355
2026-06-13T12:32:40.981519,662,1,-4531.231510573752,0,3.7405283451080322,3.7477331161499023,3.821479082107544,0.2437012642621994,0.2437012642621994,0.4870980262756348,0.31290197372436523,0.8,0.4252474009990692,0.6403728127479553,0.13653036952018738,0.3347688317298889,0.04676191136240959,1,0.31290197372436523,1,0,0,-0.0034477710723876953,0,-1.1413958072662354,1.1996785402297974,1.1041085720062256,-1.1369940042495728,-1.1457977294921875,1.0433202981948853,1.3560367822647095,1.1010043621063232,1.107212781906128
2026-06-13T12:32:41.574332,663,1,-4430.223333414532,0,3.7371010780334473,3.7443275451660156,3.81423282623291,0.24279867112636566,0.24279867112636566,0.48492904305458073,0.3150709569454193,0.8,0.44023627042770386,0.6622375845909119,0.1406489610671997,0.2969549000263214,0.05206569656729698,1,0.3150709569454193,1,0,0,-0.002844095230102539,0,-1.1396756172180176,1.1935385465621948,1.1099367141723633,-1.1318473815917969,-1.1475038528442383,1.036205768585205,1.3508713245391846,1.1083424091339111,1.111531138420105
2026-06-13T12:32:42.130886,664,1,-4534.218416369604,0,3.7300972938537598,3.737332820892334,3.802363157272339,0.24137231707572937,0.24137237668037415,0.48047049641609196,0.3195295035839081,0.8,0.4543173909187317,0.6683192849159241,0.14830844104290009,0.22468167543411255,0.06991385668516159,1,0.3195295035839081,1,0,0,-0.0035147666931152344,0,-1.1354191303253174,1.1844265460968018,1.10756516456604,-1.1231985092163086,-1.1476397514343262,1.0253463983535767,1.3435068130493164,1.115867018699646,1.0992631912231445
2026-06-13T12:32:42.686738,665,1,-4543.125030834179,0,3.7390196323394775,3.7462751865386963,3.8172812461853027,0.243621826171875,0.24362188577651978,0.4846161782741547,0.31538382172584534,0.8,0.45445677638053894,0.6858527064323425,0.1646164059638977,0.2617814838886261,0.08100540935993195,1,0.31538382172584534,1,0,0,-0.0028853416442871094,0,-1.138397216796875,1.2033262252807617,1.1096327304840088,-1.1304749250411987,-1.1463193893432617,1.0464322566986084,1.3602200746536255,1.123354196548462,1.0959113836288452
2026-06-13T12:32:43.410287,666,1,-4476.973846512358,0,3.7332677841186523,3.7405474185943604,3.8083291053771973,0.24290040135383606,0.24290041625499725,0.48425586819648747,0.3157441318035126,0.8,0.42702987790107727,0.6640746593475342,0.14415931701660156,0.19301961362361908,0.056974537670612335,1,0.3157441318035126,1,0,0,-0.0029249191284179688,0,-1.1326684951782227,1.2020784616470337,1.1120191812515259,-1.1217221021652222,-1.1436150074005127,1.0446747541427612,1.3594821691513062,1.1172950267791748,1.106743335723877
2026-06-13T12:32:43.963712,667,1,-4454.986866315715,0,3.7358453273773193,3.742976427078247,3.812211513519287,0.24108977615833282,0.24108977615833282,0.481198924779892,0.31880107522010803,0.8,0.4215681552886963,0.6860925555229187,0.14678463339805603,0.2808210253715515,0.0730123519897461,1,0.31880107522010803,1,0,0,-0.0026044845581054688,0,-1.1321916580200195,1.211196780204773,1.1147401332855225,-1.1228684186935425,-1.1415150165557861,1.0520914793014526,1.3703020811080933,1.1174066066741943,1.112073540687561
2026-06-13T12:32:44.512188,668,1,-4504.838717430451,0,3.7368478775024414,3.744114398956299,3.816596508026123,0.24415865540504456,0.24415871500968933,0.48729415535926823,0.3127058446407318,0.8,0.4336010217666626,0.6853656768798828,0.12870076298713684,0.2982574999332428,0.0565197691321373,1,0.3127058446407318,1,0,0,-0.0027649402618408203,0,-1.1368968486785889,1.2010157108306885,1.1093297004699707,-1.1305512189865112,-1.1432424783706665,1.044974684715271,1.3570566177368164,1.1168919801712036,1.1017675399780273
2026-06-13T12:32:45.061152,669,1,-4332.966317317129,0,3.736011505126953,3.743124008178711,3.81319522857666,0.24105361104011536,0.24105361104011536,0.48118089437484746,0.3188191056251526,0.8,0.4080468714237213,0.6745774745941162,0.13502369821071625,0.26266995072364807,0.03235741704702377,1,0.3188191056251526,1,0,0,-0.002103567123413086,0,-1.1324551105499268,1.2106363773345947,1.117908239364624,-1.124313235282898,-1.1405969858169556,1.0515056848526,1.3697670698165894,1.1131606101989746,1.1226557493209839
2026-06-13T12:32:45.659262,670,1,-4497.373009748184,0,3.7313144207000732,3.7385988235473633,3.805738925933838,0.24274198710918427,0.24274198710918427,0.4840588748455048,0.31594112515449524,0.8,0.4589431881904602,0.6908467411994934,0.14524027705192566,0.2806069552898407,0.07011072337627411,1,0.31594112515449524,1,0,0,-0.0034623146057128906,0,-1.1321557760238647,1.1978458166122437,1.1083810329437256,-1.1209001541137695,-1.14341139793396,1.0403070449829102,1.3553845882415771,1.1114705801010132,1.105291485786438
2026-06-13T12:32:46.205763,671,1,-3080.4790579016053,0,3.708728075027466,3.7123091220855713,3.809504985809326,0.18979787826538086,0.18979790806770325,0.3386152863502503,0.46138471364974976,0.8,0.5212777256965637,0.6045098900794983,0.13142114877700806,0.2781091332435608,0.08403229713439941,0,0.46138471364974976,1,1,0,-0.006813526153564453,0,-1.153677225112915,1.0457675457000732,1.1800315380096436,-1.2004314661026,-1.1069228649139404,0.8242729306221008,1.2672622203826904,1.2244514226913452,1.1356117725372314
2026-06-13T12:32:46.751758,672,1,-3126.282099162759,0,3.7307024002075195,3.734293222427368,3.8238348960876465,0.18660709261894226,0.18660715222358704,0.3364339947700501,0.46356600522994995,0.8,0.4787604808807373,0.5906350612640381,0.13767720758914948,0.17247319221496582,0.105857253074646,0,0.46356600522994995,1,1,0,-0.005669355392456055,0,-1.1645442247390747,1.086534023284912,1.1777887344360352,-1.2021980285644531,-1.1268904209136963,0.8629076480865479,1.310160517692566,1.2257133722305298,1.1298640966415405
2026-06-13T12:32:47.381776,673,1,-4377.222061777655,0,3.7509024143218994,3.758425235748291,3.834210157394409,0.24947184324264526,0.24947190284729004,0.4914928555488587,0.30850714445114136,0.8,0.3923646807670593,0.6513472199440002,0.1313515603542328,0.3575237989425659,0.04814285784959793,1,0.30850714445114136,1,0,0,-0.0023190975189208984,0,-1.138521432876587,1.239562749862671,1.1077890396118164,-1.1313424110412598,-1.1457003355026245,1.0876152515411377,1.3915101289749146,1.1333742141723633,1.0822038650512695
2026-06-13T12:32:47.941534,674,1,-4356.99281086458,0,3.750256061553955,3.757286787033081,3.829928159713745,0.2409595251083374,0.2409595251083374,0.48077766895294194,0.3192223310470581,0.8,0.3836100399494171,0.6142723560333252,0.15159118175506592,0.2551862597465515,0.0403512641787529,1,0.3192223310470581,1,0,0,-0.0030486583709716797,0,-1.1506710052490234,1.203243613243103,1.0967451333999634,-1.1457096338272095,-1.1556323766708374,1.043975830078125,1.362511396408081,1.105958342552185,1.0875319242477417
2026-06-13T12:32:48.509442,675,1,-4465.054961753553,0,3.7463269233703613,3.753659248352051,3.8276000022888184,0.2458873689174652,0.24588742852210999,0.4896500885486603,0.3103499114513397,0.8,0.4194515645503998,0.6834396123886108,0.13958558440208435,0.21336472034454346,0.04110432416200638,1,0.3103499114513397,1,0,0,-0.002243518829345703,0,-1.1413918733596802,1.2178120613098145,1.102189302444458,-1.1349841356277466,-1.1477996110916138,1.063288688659668,1.3723353147506714,1.1148680448532104,1.0895105600357056
2026-06-13T12:32:49.061361,676,1,-4477.775619606992,0,3.7446179389953613,3.751826524734497,3.831794261932373,0.2458309829235077,0.2458309829235077,0.4914024353027344,0.3085975646972656,0.8,0.391206830739975,0.6457924246788025,0.15140146017074585,0.29614344239234924,0.043382059782743454,1,0.3085975646972656,1,0,0,-0.0022592544555664062,0,-1.139693260192871,1.218592643737793,1.088129997253418,-1.1397160291671753,-1.1396706104278564,1.0643736124038696,1.3728116750717163,1.0930898189544678,1.0831700563430786
2026-06-13T12:32:49.660311,677,1,-4491.570662970701,0,3.731783390045166,3.739254951477051,3.8044753074645996,0.24509645998477936,0.24509651958942413,0.4868381500244141,0.31316184997558594,0.8,0.4325249195098877,0.6713042855262756,0.12465117126703262,0.26263320446014404,0.0685044676065445,1,0.31316184997558594,1,0,0,-0.003206491470336914,0,-1.1355153322219849,1.1906092166900635,1.0937503576278687,-1.1218698024749756,-1.1491608619689941,1.0350525379180908,1.3461657762527466,1.105305552482605,1.0821951627731323
2026-06-13T12:32:50.155859,678,1,-3162.7002441989325,0,3.7318217754364014,3.735999584197998,3.8267383575439453,0.19857876002788544,0.19857878983020782,0.36964331865310673,0.4303566813468933,0.8,0.5044655799865723,0.6373384594917297,0.169322669506073,0.3891471028327942,0.08162696659564972,0,0.4303566813468933,1,1,0,-0.004569292068481445,0,-1.1686663627624512,1.0752034187316895,1.1872191429138184,-1.2039223909378052,-1.1334104537963867,0.8666182160377502,1.2837886810302734,1.226601004600525,1.1478371620178223
2026-06-13T12:32:50.655280,679,1,-2973.372763863718,0,3.7253639698028564,3.728976249694824,3.8286585807800293,0.19199898838996887,0.19199901819229126,0.3377484261989594,0.46225157380104065,0.8,0.49325263500213623,0.6307538151741028,0.152444988489151,0.1306547224521637,0.10151368379592896,0,0.46225157380104065,1,1,0,-0.0066874027252197266,0,-1.1548939943313599,1.100387454032898,1.1738173961639404,-1.2014899253845215,-1.1082980632781982,0.8796930909156799,1.3210818767547607,1.2242350578308105,1.1233998537063599
2026-06-13T12:32:51.243089,680,1,-2946.8772199705363,0,3.739931344985962,3.7430615425109863,3.81935453414917,0.17100393772125244,0.17100399732589722,0.3167251825332642,0.48327481746673584,0.8,0.42263031005859375,0.5630137920379639,0.19295749068260193,0.4845976233482361,0.09378029406070709,0,0.48327481746673584,1,1,0,-0.004182338714599609,0,-1.173824429512024,1.086637020111084,1.1846230030059814,-1.2018659114837646,-1.1457829475402832,0.8502041101455688,1.3230698108673096,1.2258760929107666,1.1433699131011963
2026-06-13T12:32:51.804579,681,1,-2952.253352108424,0,3.7309021949768066,3.7340636253356934,3.816617965698242,0.17439967393875122,0.1743997037410736,0.3180813074111939,0.48191869258880615,0.8,0.5072440505027771,0.6524776220321655,0.13951943814754486,0.20645785331726074,0.10619917511940002,0,0.48191869258880615,1,1,0,-0.0062143802642822266,0,-1.1698079109191895,1.0693628787994385,1.1804563999176025,-1.2044295072555542,-1.1351861953735352,0.8348052501678467,1.3039206266403198,1.2234148979187012,1.1374977827072144
2026-06-13T12:32:52.357270,682,1,-2960.7792319712235,0,3.7345337867736816,3.737528085708618,3.8148772716522217,0.16839805245399475,0.16839811205863953,0.30926429033279423,0.4907357096672058,0.8,0.463947057723999,0.5783132314682007,0.12375578284263611,0.2654381990432739,0.08847249299287796,0,0.4907357096672058,1,1,0,-0.0052335262298583984,0,-1.1698521375656128,1.0817737579345703,1.180726408958435,-1.2001569271087646,-1.139547348022461,0.8419643640518188,1.3215830326080322,1.2228984832763672,1.138554334640503
2026-06-13T12:32:52.846763,683,1,-2752.3803797226146,0,3.7427639961242676,3.745290517807007,3.8117737770080566,0.1527673751115799,0.1527673751115799,0.2861533641815186,0.5138466358184814,0.8,0.47920799255371094,0.6443460583686829,0.18103916943073273,0.2730558514595032,0.1162390261888504,0,0.5138466358184814,1,1,0,-0.0056378841400146484,1,-1.18201744556427,1.0686787366867065,1.188040852546692,-1.20591402053833,-1.15812087059021,0.8153390884399414,1.3220183849334717,1.2235031127929688,1.152578592300415
2026-06-13T12:32:53.355667,684,1,-2709.2893885995636,0,3.733243703842163,3.7353196144104004,3.8045997619628906,0.1424943506717682,0.14249438047409058,0.26710371971130376,0.5328962802886963,0.8,0.4362536072731018,0.5644178986549377,0.12110038846731186,0.26072078943252563,0.1460050344467163,0,0.5328962802886963,1,1,0,-0.005199432373046875,1,-1.170701503753662,1.0747296810150146,1.1793177127838135,-1.2006875276565552,-1.1407155990600586,0.8113671541213989,1.3380920886993408,1.206441044807434,1.1521944999694824
2026-06-13T12:32:53.854336,685,1,-2531.866184540489,0,3.725571870803833,3.727571964263916,3.8011698722839355,0.14256244897842407,0.14256247878074646,0.25792692899703984,0.5420730710029602,0.8,0.5026277303695679,0.6690301895141602,0.17042674124240875,0.2662174701690674,0.11580191552639008,0,0.5420730710029602,1,1,0,-0.007187604904174805,1,-1.1696808338165283,1.049712061882019,1.188063383102417,-1.2054263353347778,-1.1339352130889893,0.7832911610603333,1.3161330223083496,1.2227469682693481,1.1533799171447754
2026-06-13T12:32:54.406625,686,1,-4094.2461925996604,0,3.7710907459259033,3.7783045768737793,3.854618549346924,0.24552921950817108,0.24552921950817108,0.48905028700828557,0.3109497129917145,0.8,0.3863871395587921,0.641144871711731,0.137424498796463,0.3235732316970825,0.032770976424217224,1,0.3109497129917145,1,0,0,-0.0027108192443847656,0,-1.1584751605987549,1.2441991567611694,1.101718783378601,-1.1534241437911987,-1.1635260581970215,1.0893393754959106,1.3990589380264282,1.114578366279602,1.0888592004776
2026-06-13T12:32:54.983785,687,1,-4103.267851188322,0,3.758133888244629,3.7655444145202637,3.839914321899414,0.2475627362728119,0.24756279587745667,0.48622937798500065,0.3137706220149994,0.8,0.38480955362319946,0.6505826115608215,0.1455325037240982,0.27720579504966736,0.05824689939618111,1,0.3137706220149994,1,0,0,-0.0017066001892089844,0,-1.1471807956695557,1.2361280918121338,1.1143035888671875,-1.1395509243011475,-1.1548105478286743,1.0819709300994873,1.3902851343154907,1.1424171924591064,1.0861899852752686
2026-06-13T12:32:55.579089,688,1,-4085.9653130713427,0,3.7609341144561768,3.7681329250335693,3.839505195617676,0.24350789189338684,0.2435079663991928,0.48205329775810246,0.3179467022418976,0.8,0.42900747060775757,0.710076093673706,0.15587130188941956,0.262615442276001,0.05879467725753784,1,0.3179467022418976,1,0,0,-0.0031468868255615234,0,-1.1520155668258667,1.2309062480926514,1.112595796585083,-1.1430546045303345,-1.160976529121399,1.073435664176941,1.3883767127990723,1.1324769258499146,1.092714548110962
2026-06-13T12:32:56.122107,689,1,-4293.8701428663735,0,3.754502058029175,3.761843681335449,3.8349478244781494,0.24602168798446655,0.24602168798446655,0.4910919845104218,0.30890801548957825,0.8,0.43956252932548523,0.7119989991188049,0.16942167282104492,0.3117472231388092,0.042741287499666214,1,0.30890801548957825,1,0,0,-0.0032563209533691406,0,-1.1478726863861084,1.2234805822372437,1.1094520092010498,-1.140426516532898,-1.1553188562393188,1.0693188905715942,1.377642273902893,1.115348219871521,1.1035557985305786
2026-06-13T12:32:56.664149,690,1,-4270.104929060168,0,3.757694721221924,3.764988899230957,3.8410282135009766,0.24627648293972015,0.24627648293972015,0.4920770406723023,0.30792295932769775,0.8,0.45182955265045166,0.7307763695716858,0.16786006093025208,0.15398569405078888,0.051935866475105286,1,0.30792295932769775,1,0,0,-0.003425121307373047,0,-1.1452076435089111,1.240735411643982,1.1111176013946533,-1.1396827697753906,-1.1507325172424316,1.0869203805923462,1.3945504426956177,1.1149319410324097,1.107303261756897
2026-06-13T12:32:57.250870,691,1,-4269.6544909560125,0,3.7557830810546875,3.763111114501953,3.8400208950042725,0.24701061844825745,0.24701067805290222,0.490869152545929,0.30913084745407104,0.8,0.45153090357780457,0.7462491393089294,0.18972434103488922,0.1720900535583496,0.051424771547317505,1,0.30913084745407104,1,0,0,-0.002419710159301758,0,-1.1469480991363525,1.22883939743042,1.1225523948669434,-1.1426000595092773,-1.1512961387634277,1.0752440690994263,1.382434606552124,1.1392873525619507,1.1058175563812256
2026-06-13T12:32:57.893419,692,1,-4359.08420536204,0,3.7501189708709717,3.757477045059204,3.8297276496887207,0.24589243531227112,0.2458925098180771,0.49004485011100773,0.3099551498889923,0.8,0.46177613735198975,0.7479685544967651,0.16659510135650635,0.11285174638032913,0.04681088402867317,1,0.3099551498889923,1,0,0,-0.0036864280700683594,0,-1.144768238067627,1.2189903259277344,1.109873652458191,-1.136603593826294,-1.1529327630996704,1.0645465850830078,1.3734339475631714,1.1198002099990845,1.0999470949172974
2026-06-13T12:32:58.478008,693,1,-4496.1542533170805,0,3.7603659629821777,3.767944812774658,3.8412375450134277,0.24985483288764954,0.2498548924922943,0.488283383846283,0.31171661615371704,0.8,0.48399364948272705,0.8040338754653931,0.1959417462348938,0.2246948927640915,0.05110151320695877,1,0.31171661615371704,1,0,0,-0.0012218952178955078,0,-1.1519362926483154,1.228355884552002,1.1234606504440308,-1.1429328918457031,-1.1609396934509277,1.0760254859924316,1.3806864023208618,1.1551810503005981,1.0917402505874634
2026-06-13T12:32:59.022572,694,1,-4382.265533517461,0,3.7451398372650146,3.7524476051330566,3.826838493347168,0.24561171233654022,0.24561171233654022,0.48909513950347905,0.310904860496521,0.8,0.45419543981552124,0.7303407788276672,0.16252204775810242,0.3319269120693207,0.046353261917829514,1,0.310904860496521,1,0,0,-0.0031828880310058594,0,-1.1365407705307007,1.2263247966766357,1.1227912902832031,-1.130009651184082,-1.1430718898773193,1.0715243816375732,1.3811252117156982,1.1354259252548218,1.1101566553115845
2026-06-13T12:32:59.616381,695,1,-4403.244948324449,0,3.748804807662964,3.7562003135681152,3.830997943878174,0.2471790462732315,0.2471790462732315,0.49115972518920903,0.308840274810791,0.8,0.4104747772216797,0.6981269121170044,0.17394180595874786,0.17189422249794006,0.032531142234802246,1,0.308840274810791,1,0,0,-0.0023322105407714844,0,-1.1385952234268188,1.2324419021606445,1.1138842105865479,-1.1316041946411133,-1.1455862522125244,1.0790067911148071,1.385877013206482,1.1298332214355469,1.0979351997375488
2026-06-13T12:33:00.157931,696,1,-4393.744007210831,0,3.742483615875244,3.749640703201294,3.8183226585388184,0.2415347695350647,0.2415347695350647,0.48150597810745244,0.3184940218925476,0.8,0.47644996643066406,0.7556763887405396,0.19061025977134705,0.12001295387744904,0.06127525866031647,1,0.3184940218925476,1,0,0,-0.003333568572998047,0,-1.1367988586425781,1.2173725366592407,1.1234543323516846,-1.1263608932495117,-1.1472368240356445,1.0585968494415283,1.3761482238769531,1.1298528909683228,1.117055892944336
2026-06-13T12:33:00.690632,697,1,-4312.533234719059,0,3.742553949356079,3.7498250007629395,3.82387638092041,0.2448740005493164,0.24487406015396118,0.4884746849536896,0.3115253150463104,0.8,0.42569512128829956,0.6902456283569336,0.1765146553516388,0.20917943120002747,0.048841990530490875,1,0.3115253150463104,1,0,0,-0.0037894248962402344,0,-1.1349776983261108,1.2232506275177002,1.119577169418335,-1.1285759210586548,-1.141379475593567,1.067877173423767,1.3786239624023438,1.1285285949707031,1.1106257438659668
2026-06-13T12:33:01.234368,698,1,-4322.518592076222,0,3.7437584400177,3.7509119510650635,3.820625066757202,0.2418137490749359,0.2418137490749359,0.4819159090518952,0.31808409094810486,0.8,0.4634946882724762,0.7660038471221924,0.1687600463628769,0.3480260372161865,0.03858896717429161,1,0.31808409094810486,1,0,0,-0.004074811935424805,0,-1.1362500190734863,1.223022699356079,1.1219731569290161,-1.1263980865478516,-1.1461018323898315,1.0644971132278442,1.381548285484314,1.1301554441452026,1.1137908697128296
2026-06-13T12:33:01.805232,699,1,-4344.17038000755,0,3.7466187477111816,3.7536399364471436,3.8327319622039795,0.24272626638412476,0.24272631108760834,0.48380394577980046,0.3161960542201996,0.8,0.4841160774230957,0.770578920841217,0.16625112295150757,0.3296571671962738,0.044087886810302734,1,0.3161960542201996,1,0,0,-0.003469228744506836,0,-1.1413612365722656,1.2163505554199219,1.1280765533447266,-1.1414827108383179,-1.141239881515503,1.0587518215179443,1.3739491701126099,1.1406316757202148,1.1155215501785278
2026-06-13T12:33:02.333961,700,1,-3132.8146779879053,0,3.7493062019348145,3.7530517578125,3.845067262649536,0.1912221610546112,0.19122222065925598,0.3425944030284882,0.45740559697151184,0.8,0.4213795065879822,0.5530667304992676,0.13283300399780273,0.2642292380332947,0.10066384077072144,0,0.45740559697151184,1,1,0,-0.00564122200012207,0,-1.1660816669464111,1.1447815895080566,1.1727237701416016,-1.202506422996521,-1.1296567916870117,0.9251078367233276,1.3644554615020752,1.2248929738998413,1.1205546855926514
2026-06-13T12:33:02.940841,701,1,-4293.868194478482,0,3.763108253479004,3.770260810852051,3.8485121726989746,0.2449573278427124,0.24495738744735718,0.4829616725444794,0.31703832745552063,0.8,0.45918384194374084,0.7518322467803955,0.17804187536239624,0.2316492795944214,0.059537190943956375,1,0.31703832745552063,1,0,0,-0.0032074451446533203,0,-1.153186559677124,1.2328338623046875,1.126368761062622,-1.1507861614227295,-1.155587077140808,1.0764285326004028,1.3892390727996826,1.1520583629608154,1.1006792783737183
2026-06-13T12:33:03.578747,702,1,-4475.321119276537,0,3.7680039405822754,3.7753841876983643,3.8757739067077637,0.25641658902168274,0.25641658902168274,0.4922903656959534,0.30770963430404663,0.8,0.4598488211631775,0.7636317014694214,0.18630504608154297,0.36836227774620056,0.044310759752988815,1,0.30770963430404663,1,0,0,-0.0018510818481445312,0,-1.1544363498687744,1.242375373840332,1.142614483833313,-1.1711394786834717,-1.1377333402633667,1.094973087310791,1.389777660369873,1.1834174394607544,1.1018115282058716
2026-06-13T12:33:04.119516,703,1,-3318.5641254914876,0,3.7641794681549072,3.76918363571167,3.863877058029175,0.21602006256580353,0.2160201221704483,0.3981782674789429,0.40182173252105713,0.8,0.40700823068618774,0.5844343304634094,0.1536906510591507,0.17944645881652832,0.07965949922800064,0,0.40182173252105713,1,1,0,-0.0044002532958984375,0,-1.1717495918273926,1.1748852729797363,1.1769084930419922,-1.2007687091827393,-1.142730474472046,0.9827597141265869,1.3670109510421753,1.2280045747756958,1.1258124113082886
2026-06-13T12:33:04.644512,704,1,-3164.4844346052873,0,3.7553515434265137,3.759317636489868,3.8490238189697266,0.19455528259277344,0.19455532729625702,0.3548613071441651,0.44513869285583496,0.8,0.42896658182144165,0.5629875063896179,0.1920819878578186,0.2783847451210022,0.11968560516834259,0,0.44513869285583496,1,1,0,-0.005776882171630859,0,-1.169432520866394,1.153245449066162,1.178438663482666,-1.2015376091003418,-1.1373274326324463,0.9386387467384338,1.3678520917892456,1.2279396057128906,1.1289376020431519
2026-06-13T12:33:05.187296,705,1,-3201.2101544660186,0,3.7649123668670654,3.7690744400024414,3.856097459793091,0.19730794429779053,0.1973080039024353,0.35850777029991154,0.4414922297000885,0.8,0.3718406558036804,0.5593620538711548,0.17769409716129303,0.164642333984375,0.052942488342523575,0,0.4414922297000885,1,1,0,-0.003787994384765625,0,-1.1745872497558594,1.169477939605713,1.1709115505218506,-1.202340006828308,-1.1468346118927002,0.9572299718856812,1.3817260265350342,1.2248505353927612,1.11697256565094
2026-06-13T12:33:05.755332,706,1,-3021.236189486028,0,3.7560155391693115,3.759359836578369,3.843158483505249,0.1793230175971985,0.17932306230068207,0.32732270956039433,0.4726772904396057,0.8,0.4079154431819916,0.5977331399917603,0.16233082115650177,0.31636250019073486,0.09316570311784744,0,0.4726772904396057,1,1,0,-0.0042934417724609375,0,-1.1713775396347046,1.1489994525909424,1.180873155593872,-1.2024160623550415,-1.1403390169143677,0.919375479221344,1.3786234855651855,1.2274068593978882,1.1343395709991455
2026-06-13T12:33:06.331421,707,1,-3370.168099753314,0,3.7682254314422607,3.7746877670288086,3.860893487930298,0.23701898753643036,0.23701904714107513,0.46215735673904423,0.3378426432609558,0.8,0.458686888217926,0.787095308303833,0.16467979550361633,0.26343148946762085,0.037248142063617706,0,0.3378426432609558,1,1,0,-0.0015881061553955078,0,-1.1573628187179565,1.2346198558807373,1.142844796180725,-1.1661070585250854,-1.1486185789108276,1.0691742897033691,1.400065302848816,1.175795316696167,1.1098942756652832
2026-06-13T12:33:06.866943,708,1,-3166.8123008016228,0,3.768078327178955,3.7721290588378906,3.8491268157958984,0.19098031520843506,0.19098035991191864,0.36550398468971257,0.4344960153102875,0.8,0.45236945152282715,0.5937380194664001,0.18544824421405792,0.3462826609611511,0.09435566514730453,0,0.4344960153102875,1,1,0,-0.004484653472900391,0,-1.1814830303192139,1.155151128768921,1.192401647567749,-1.2004624605178833,-1.1625034809112549,0.9417471885681152,1.3685551881790161,1.2283905744552612,1.1564126014709473
2026-06-13T12:33:07.410579,709,1,-3138.059298948286,0,3.7554993629455566,3.7594261169433594,3.8478193283081055,0.19318318367004395,0.19318321347236633,0.3558157563209534,0.44418424367904663,0.8,0.4590727686882019,0.6213242411613464,0.1690974235534668,0.15694081783294678,0.09022263437509537,0,0.44418424367904663,1,1,0,-0.004446506500244141,0,-1.1719129085540771,1.1457358598709106,1.180285930633545,-1.2032876014709473,-1.1405383348464966,0.9307294487953186,1.3607423305511475,1.2262507677078247,1.1343209743499756
2026-06-13T12:33:07.978997,710,1,-3047.042529090896,0,3.76375150680542,3.7675728797912598,3.845208168029785,0.18656662106513977,0.18656665086746216,0.35158630013465886,0.4484136998653412,0.8,0.4411017894744873,0.584400475025177,0.1501232087612152,0.4142293334007263,0.08780001848936081,0,0.4484136998653412,1,1,0,-0.004030942916870117,0,-1.180305004119873,1.1457316875457764,1.185847520828247,-1.2020490169525146,-1.158560872077942,0.9264046549797058,1.3650586605072021,1.2269762754440308,1.1447187662124634
2026-06-13T12:33:08.566656,711,1,-3044.028115257926,0,3.7580807209014893,3.761713981628418,3.847179412841797,0.1860843002796173,0.1860843449831009,0.3428942441940308,0.45710575580596924,0.8,0.43343666195869446,0.6110228300094604,0.16002891957759857,0.32526522874832153,0.09604120254516602,0,0.45710575580596924,1,1,0,-0.004316568374633789,0,-1.1705501079559326,1.1581835746765137,1.1815258264541626,-1.2005568742752075,-1.1405434608459473,0.9361723065376282,1.380194902420044,1.2267695665359497,1.1362820863723755
2026-06-13T12:33:09.099952,712,1,-2997.576942548945,0,3.7455241680145264,3.748552083969116,3.828850269317627,0.17070452868938446,0.17070455849170685,0.3087612569332123,0.4912387430667877,0.8,0.4835161566734314,0.6229100823402405,0.1782393455505371,0.24227559566497803,0.1328102946281433,0,0.4912387430667877,1,1,0,-0.005869626998901367,0,-1.1704182624816895,1.1176494359970093,1.1786683797836304,-1.201962947845459,-1.13887357711792,0.8786633610725403,1.3566354513168335,1.2257797718048096,1.1315569877624512
2026-06-13T12:33:09.621538,713,1,-3055.3522672286736,0,3.766033411026001,3.769862174987793,3.8189857006073,0.17682012915611267,0.17682017385959625,0.35155754089355473,0.4484424591064453,0.8,0.4807775020599365,0.6270787715911865,0.19170060753822327,0.29971960186958313,0.12942369282245636,0,0.4484424591064453,1,1,0,-0.0056993961334228516,0,-1.1972187757492065,1.0951991081237793,1.208716630935669,-1.1942293643951416,-1.2002081871032715,0.8714368939399719,1.3189613819122314,1.2227411270141602,1.1946922540664673
2026-06-13T12:33:10.131956,714,1,-2896.3791049334895,0,3.757925033569336,3.7613606452941895,3.800088882446289,0.1653287410736084,0.16532880067825317,0.3297949612140656,0.47020503878593445,0.8,0.5127936601638794,0.6576014161109924,0.15627846121788025,0.36108845472335815,0.12107090651988983,0,0.47020503878593445,1,1,0,-0.007798194885253906,0,-1.1922023296356201,1.0809857845306396,1.2226014137268066,-1.1830599308013916,-1.2013447284698486,0.8460613489151001,1.3159103393554688,1.2229089736938477,1.222293734550476
2026-06-13T12:33:10.589258,715,1,-2550.3523502885364,0,3.7390408515930176,3.741347312927246,3.7607386112213135,0.1327684372663498,0.1327684372663498,0.26183848381042485,0.5381615161895752,0.8,0.5286297798156738,0.6660671830177307,0.1310226172208786,0.2563212215900421,0.11058364808559418,0,0.5381615161895752,1,1,0,-0.008501529693603516,1,-1.1832818984985352,1.044711709022522,1.221573829650879,-1.1651808023452759,-1.2013829946517944,0.7762404680252075,1.3131829500198364,1.221582055091858,1.2215656042099
2026-06-13T12:33:11.054613,716,1,-2597.3563567832675,0,3.743661642074585,3.745504856109619,3.809555768966675,0.13381358981132507,0.13381360471248627,0.24364923238754277,0.5563507676124573,0.8,0.49987363815307617,0.6551676392555237,0.18693986535072327,0.3411881625652313,0.10490623116493225,0,0.5563507676124573,1,1,0,-0.00608062744140625,1,-1.1782989501953125,1.0847058296203613,1.184909462928772,-1.2053284645080566,-1.151269555091858,0.8103615045547485,1.3590501546859741,1.2221404314041138,1.1476784944534302
2026-06-13T12:33:11.542748,717,1,-2707.7539151369347,0,3.754891872406006,3.757192611694336,3.8140146732330322,0.1432199478149414,0.1432199627161026,0.2710021018981934,0.5289978981018066,0.8,0.4981391131877899,0.6333848237991333,0.18612849712371826,0.6363916397094727,0.0820072591304779,0,0.5289978981018066,1,1,0,-0.004332542419433594,1,-1.186037540435791,1.0973608493804932,1.1880052089691162,-1.201485514640808,-1.170589566230774,0.8355512022972107,1.3591705560684204,1.2223089933395386,1.1537013053894043
2026-06-13T12:33:12.020295,718,1,-2556.5572837281834,0,3.724186897277832,3.7263526916503906,3.73837947845459,0.1275898814201355,0.12758991122245789,0.24895863533020024,0.5510413646697998,0.8,0.5780877470970154,0.71256422996521,0.15493273735046387,0.3147534132003784,0.14048689603805542,0,0.5510413646697998,1,1,0,-0.009140729904174805,1,-1.1802570819854736,1.0026136636734009,1.2146952152252197,-1.1573971509933472,-1.2031171321868896,0.7280730605125427,1.2771542072296143,1.2187615633010864,1.2106287479400635
2026-06-13T12:33:12.484474,719,1,-2519.985244111537,0,3.747311592102051,3.7491612434387207,3.7909350395202637,0.12493745982646942,0.1249375119805336,0.2446210861206055,0.5553789138793945,0.8,0.5347622036933899,0.6719835996627808,0.16052572429180145,0.30744296312332153,0.11598894000053406,0,0.5553789138793945,1,1,0,-0.006276369094848633,1,-1.1963624954223633,1.0338075160980225,1.1994068622589111,-1.2034087181091309,-1.1893163919448853,0.756929874420166,1.3106850385665894,1.2194218635559082,1.1793919801712036
2026-06-13T12:33:12.941835,720,1,-2458.217166937834,0,3.7548553943634033,3.7565016746520996,3.80462908744812,0.12115902453660965,0.12115904688835144,0.22976927757263188,0.5702307224273682,0.8,0.49038147926330566,0.636020302772522,0.18443310260772705,0.1574232578277588,0.10659068822860718,0,0.5702307224273682,1,1,0,-0.005599260330200195,1,-1.1908254623413086,1.0806390047073364,1.192696213722229,-1.2044631242752075,-1.1771879196166992,0.7973749041557312,1.3639030456542969,1.2221283912658691,1.1632640361785889
2026-06-13T12:33:13.451698,721,1,-2458.4956779954687,0,3.743446111679077,3.7450666427612305,3.7910022735595703,0.11934974789619446,0.11934976279735565,0.22748409509658818,0.5725159049034119,0.8,0.5244603157043457,0.6531110405921936,0.13615527749061584,0.5202816724777222,0.12253972887992859,0,0.5725159049034119,1,1,0,-0.006095409393310547,1,-1.191942572593689,1.0365326404571533,1.1921887397766113,-1.2050665616989136,-1.1788185834884644,0.7519086003303528,1.3211567401885986,1.2197662591934204,1.1646111011505127
2026-06-13T12:33:13.962762,722,1,-2309.1218903981053,0,3.7365329265594482,3.737555503845215,3.7755918502807617,0.09535443782806396,0.09535447508096695,0.1799524307250977,0.6200475692749023,0.8,0.5468177795410156,0.6809961795806885,0.16608475148677826,0.3157193660736084,0.15029707551002502,0,0.6200475692749023,1,1,0,-0.0070209503173828125,1,-1.188472032546997,1.0230735540390015,1.1945897340774536,-1.2007299661636353,-1.1762139797210693,0.7142956852912903,1.3318513631820679,1.2195042371749878,1.1696752309799194
2026-06-13T12:33:14.447338,723,1,-2428.3810369695134,0,3.7529067993164062,3.7543272972106934,3.7883241176605225,0.10872966051101685,0.10872967541217804,0.20952837467193608,0.590471625328064,0.8,0.5439352989196777,0.6701653003692627,0.17253877222537994,0.3523225784301758,0.135936439037323,0,0.590471625328064,1,1,0,-0.006800651550292969,1,-1.2001895904541016,1.0415319204330444,1.1953308582305908,-1.2036857604980469,-1.1966934204101562,0.7473543286323547,1.3357094526290894,1.220060110092163,1.170601725578308
2026-06-13T12:33:14.876652,724,1,-2288.398043025527,0,3.7393312454223633,3.740124464035034,3.7572550773620605,0.07890795916318893,0.07890798896551132,0.15437685251235966,0.6456231474876404,0.8,0.5739398002624512,0.6970107555389404,0.16411572694778442,0.3358273506164551,0.16394966840744019,0,0.6456231474876404,1,1,0,-0.008671998977661133,1,-1.1955798864364624,1.006044626235962,1.2056118249893188,-1.1909101009368896,-1.2002496719360352,0.68356853723526,1.328520655632019,1.2195653915405273,1.1916582584381104
2026-06-13T12:33:15.311763,725,1,-2291.539130851319,0,3.731767416000366,3.7324185371398926,3.745929718017578,0.07100151479244232,0.07100154459476471,0.14153938293457036,0.6584606170654297,0.8,0.6586213707923889,0.7153999209403992,0.1348741352558136,0.26326996088027954,0.17104211449623108,0,0.6584606170654297,1,1,0,-0.010980844497680664,1,-1.1963082551956177,0.9723435640335083,1.2172638177871704,-1.1911468505859375,-1.2014696598052979,0.6431543231010437,1.3015327453613281,1.2179051637649536,1.2166224718093872
2026-06-13T12:33:15.758975,726,1,-2280.8906255906586,0,3.7233307361602783,3.7238609790802,3.7315683364868164,0.06330415606498718,0.06330417841672897,0.12517880201339726,0.6748211979866028,0.8,0.6988054513931274,0.7642478346824646,0.20728695392608643,0.36543482542037964,0.17356382310390472,0,0.6748211979866028,1,1,0,-0.012229681015014648,1,-1.1917870044708252,0.9565527439117432,1.217405080795288,-1.183146595954895,-1.200427532196045,0.6192546486854553,1.2938508987426758,1.2162933349609375,1.2185168266296387
2026-06-13T12:33:16.207569,727,1,-2299.5195370652714,0,3.737240791320801,3.7379565238952637,3.7558674812316895,0.07529816031455994,0.07529819011688232,0.15055881738662724,0.6494411826133728,0.8,0.6571074724197388,0.7102080583572388,0.15476980805397034,0.4564351439476013,0.1566143035888672,0,0.6494411826133728,1,1,0,-0.011243343353271484,1,-1.204878807067871,0.9620091915130615,1.2153023481369019,-1.2033686637878418,-1.2063888311386108,0.6372920870780945,1.2867262363433838,1.21517014503479,1.2154345512390137
2026-06-13T12:33:16.628463,728,1,-2270.9396479414127,0,3.7282421588897705,3.728590965270996,3.733877420425415,0.05125822126865387,0.05125825107097626,0.10113446712493901,0.698865532875061,0.8,0.6804510354995728,0.7428241968154907,0.17989802360534668,0.30720630288124084,0.16934075951576233,0,0.698865532875061,1,1,0,-0.01172018051147461,1,-1.1993825435638428,0.9471909999847412,1.2169398069381714,-1.1915532350540161,-1.2072118520736694,0.5978462100028992,1.296535849571228,1.2165367603302002,1.2173428535461426
2026-06-13T12:33:17.042668,729,1,-2271.0506265192666,0,3.7389559745788574,3.739272117614746,3.749633312225342,0.04970619082450867,0.04970619082450867,0.09925268888473515,0.7007473111152649,0.8,0.6470776796340942,0.71441251039505,0.1656540036201477,0.21615397930145264,0.17178350687026978,0,0.7007473111152649,1,1,0,-0.011018991470336914,1,-1.204500675201416,0.9697400331497192,1.2167272567749023,-1.2019306421279907,-1.2070708274841309,0.6193763017654419,1.3201037645339966,1.216141700744629,1.2173129320144653
2026-06-13T12:33:17.466833,730,1,-2254.2151103854317,0,3.7280473709106445,3.7282936573028564,3.7326817512512207,0.0430864542722702,0.04308648034930229,0.07974539995193486,0.7202546000480652,0.8,0.6714544296264648,0.7445069551467896,0.21904584765434265,0.3255779445171356,0.17613013088703156,0,0.7202546000480652,1,1,0,-0.01201176643371582,1,-1.1910089254379272,0.9772800207138062,1.2188940048217773,-1.1755200624465942,-1.2064977884292603,0.6174859404563904,1.3370740413665771,1.2187491655349731,1.2190388441085815
2026-06-13T12:33:17.993421,731,1,-2265.134775070008,0,3.741276741027832,3.7415952682495117,3.757190704345703,0.05125993490219116,0.05125996470451355,0.10235427618026738,0.6976457238197327,0.8,0.6392474174499512,0.7091059684753418,0.16009379923343658,0.5263056755065918,0.15266945958137512,0,0.6976457238197327,1,1,0,-0.011011838912963867,1,-1.2014796733856201,0.9895938634872437,1.2172551155090332,-1.2037105560302734,-1.1992487907409668,0.640781581401825,1.3384060859680176,1.2156990766525269,1.2188111543655396
2026-06-13T12:33:18.445365,732,1,-2266.737721671504,0,3.7392237186431885,3.739551067352295,3.75422739982605,0.051606565713882446,0.051606569439172745,0.10314075946807866,0.6968592405319214,0.8,0.6527777910232544,0.735689103603363,0.16553810238838196,0.25657111406326294,0.1651102602481842,0,0.6968592405319214,1,1,0,-0.010892152786254883,1,-1.2007203102111816,0.9845580458641052,1.2173759937286377,-1.2019402980804443,-1.1995002031326294,0.636133074760437,1.3329830169677734,1.2160485982894897,1.2187033891677856
2026-06-13T12:33:18.873317,733,1,-2268.682158856196,0,3.725255250930786,3.7255523204803467,3.725579023361206,0.04704061523079872,0.04704064503312111,0.09041415452957158,0.7095858454704285,0.8,0.7031048536300659,0.7514656186103821,0.16989944875240326,0.199467271566391,0.18258821964263916,0,0.7095858454704285,1,1,0,-0.01248788833618164,1,-1.1909246444702148,0.9672983884811401,1.2170745134353638,-1.1787320375442505,-1.2031172513961792,0.6127168536186218,1.3218798637390137,1.2159245014190674,1.2182245254516602
2026-06-13T12:33:19.306271,734,1,-2271.4431807016513,0,3.7382333278656006,3.738523006439209,3.7469451427459717,0.04730362445116043,0.04730362445116043,0.09418694972991948,0.7058130502700806,0.8,0.6990442872047424,0.741455078125,0.17444735765457153,0.1905517280101776,0.1693582534790039,0,0.7058130502700806,1,1,0,-0.012298107147216797,1,-1.2018907070159912,0.9762691855430603,1.2183325290679932,-1.1979455947875977,-1.2058358192443848,0.6233874559402466,1.329150915145874,1.2169418334960938,1.2197233438491821
2026-06-13T12:33:19.760439,735,1,-2262.6476742112777,0,3.7321383953094482,3.7323994636535645,3.7402074337005615,0.04482465609908104,0.044824689626693726,0.08926312923431401,0.710736870765686,0.8,0.7156820297241211,0.7749237418174744,0.17695549130439758,0.19157294929027557,0.17346136271953583,0,0.710736870765686,1,1,0,-0.012672901153564453,1,-1.1999430656433105,0.9603954553604126,1.2165799140930176,-1.1961942911148071,-1.2036919593811035,0.6050485968589783,1.3157422542572021,1.2154430150985718,1.2177168130874634
2026-06-13T12:33:20.224174,736,1,-2244.5500249636407,0,3.732431173324585,3.732522964477539,3.73359751701355,0.02621958591043949,0.02621958963572979,0.050967502593994185,0.7490324974060059,0.8,0.6998042464256287,0.7385291457176208,0.19786104559898376,0.20995667576789856,0.18664221465587616,0,0.7490324974060059,1,1,0,-0.012610197067260742,1,-1.1946334838867188,0.9809917211532593,1.2174997329711914,-1.1888772249221802,-1.2003897428512573,0.6065230369567871,1.3554604053497314,1.2159231901168823,1.219076156616211
2026-06-13T12:33:20.648434,737,1,-2257.1744563463053,0,3.7489774227142334,3.749171733856201,3.7578749656677246,0.03914706036448479,0.039147116243839264,0.07819639444351201,0.721803605556488,0.8,0.6633666753768921,0.7392851114273071,0.16131657361984253,0.2546112537384033,0.17716827988624573,0,0.721803605556488,1,1,0,-0.01158761978149414,1,-1.2049298286437988,1.0059640407562256,1.2175973653793335,-1.2030738592147827,-1.2067859172821045,0.6450670957565308,1.36686110496521,1.217525601387024,1.217669129371643
2026-06-13T12:33:21.056099,738,1,-2235.710250234108,0,3.7410690784454346,3.7411253452301025,3.741436004638672,0.02047049254179001,0.020470520481467247,0.0395601868629456,0.7604398131370544,0.8,0.6628292798995972,0.7289282083511353,0.16654342412948608,0.22713115811347961,0.17461204528808594,0,0.7604398131370544,1,1,0,-0.011639118194580078,1,-1.2011457681655884,0.9902803897857666,1.216084361076355,-1.1960666179656982,-1.2062249183654785,0.610095202922821,1.3704655170440674,1.215299367904663,1.2168693542480469
2026-06-13T12:33:21.479106,739,1,-2251.4106139996484,0,3.7466962337493896,3.7468409538269043,3.751495122909546,0.033249471336603165,0.03324953094124794,0.0658275961875916,0.7341724038124084,0.8,0.6620142459869385,0.7304666638374329,0.1845901608467102,0.3446030914783478,0.17005687952041626,0,0.7341724038124084,1,1,0,-0.011477470397949219,1,-1.2028909921646118,1.0047776699066162,1.2175579071044922,-1.1986353397369385,-1.2071466445922852,0.6377191543579102,1.3718360662460327,1.2160502672195435,1.219065546989441
2026-06-13T12:33:21.940132,740,1,-2241.28360133304,0,3.7440948486328125,3.744194746017456,3.745603561401367,0.027396610006690025,0.027396610006690025,0.05327205657958989,0.7467279434204102,0.8,0.6899228096008301,0.7637445330619812,0.1974567472934723,0.45693346858024597,0.20352759957313538,0,0.7467279434204102,1,1,0,-0.011858940124511719,1,-1.200637936592102,1.0033701658248901,1.216566562652588,-1.1947885751724243,-1.2064872980117798,0.6300575733184814,1.3766827583312988,1.2145311832427979,1.218601942062378
2026-06-13T12:33:22.404997,741,1,-2257.7867340542657,0,3.7441318035125732,3.7443811893463135,3.7505860328674316,0.04366527125239372,0.04366530850529671,0.08645527362823491,0.7135447263717651,0.8,0.6742135286331177,0.7614687085151672,0.14715732634067535,0.48260149359703064,0.19926415383815765,0,0.7135447263717651,1,1,0,-0.011827468872070312,1,-1.2006266117095947,1.003509283065796,1.216747760772705,-1.1949421167373657,-1.2063109874725342,0.6467844843864441,1.3602341413497925,1.2180144786834717,1.215480923652649
2026-06-13T12:33:22.839237,742,1,-2243.098763398202,0,3.7367489337921143,3.736858606338501,3.740959405899048,0.0288961511105299,0.028896206989884377,0.05252795219421391,0.7474720478057861,0.8,0.6615333557128906,0.7723639607429504,0.16917818784713745,0.3922088146209717,0.1891302466392517,0,0.7474720478057861,1,1,0,-0.011854887008666992,1,-1.1925040483474731,1.0052082538604736,1.2162494659423828,-1.1808689832687378,-1.2041391134262085,0.6316536664962769,1.3787627220153809,1.2157484292984009,1.2167506217956543
2026-06-13T12:33:23.287306,743,1,-2247.0952164251403,0,3.749178171157837,3.7493209838867188,3.7570769786834717,0.03360232710838318,0.03360232710838318,0.06713216304779057,0.7328678369522095,0.8,0.6286839246749878,0.7302161455154419,0.16182681918144226,0.2910054624080658,0.18009720742702484,0,0.7328678369522095,1,1,0,-0.01100301742553711,1,-1.2053947448730469,1.005051851272583,1.2175681591033936,-1.2041528224945068,-1.2066367864608765,0.6386209726333618,1.3714827299118042,1.2167378664016724,1.2183984518051147
2026-06-13T12:33:23.718746,744,1,-2230.4858421827525,0,3.746466875076294,3.746516704559326,3.750826120376587,0.019709184765815735,0.019709188491106033,0.03924195766448979,0.7607580423355103,0.8,0.6360884308815002,0.7193947434425354,0.18166908621788025,0.29424819350242615,0.18146778643131256,0,0.7607580423355103,1,1,0,-0.011088848114013672,1,-1.200762391090393,1.0114308595657349,1.2180194854736328,-1.199828028678894,-1.201696753501892,0.6310561895370483,1.3918055295944214,1.2164618968963623,1.2195771932601929
2026-06-13T12:33:24.311811,745,1,-2239.9364855634494,0,3.7403461933135986,3.740447759628296,3.74055552482605,0.027542313560843468,0.027542313560843468,0.05298136472702031,0.7470186352729797,0.8,0.6693740487098694,0.7857983112335205,0.14011678099632263,0.3562346398830414,0.16486111283302307,0,0.7470186352729797,1,1,0,-0.01166844367980957,1,-1.1984425783157349,0.9971209168434143,1.2171437740325928,-1.1912715435028076,-1.205613613128662,0.6236826181411743,1.3705592155456543,1.215867280960083,1.2184202671051025
2026-06-13T12:33:24.762303,746,1,-2227.7704487296824,0,3.7391772270202637,3.739224433898926,3.740656852722168,0.01885567232966423,0.01885572075843811,0.035343277454376265,0.7646567225456238,0.8,0.6579190492630005,0.7457345128059387,0.12377804517745972,0.41103261709213257,0.18220016360282898,0,0.7646567225456238,1,1,0,-0.011652231216430664,1,-1.1953082084655762,1.0039600133895874,1.2174136638641357,-1.1889013051986694,-1.2017152309417725,0.6216856837272644,1.3862342834472656,1.2168773412704468,1.2179499864578247
2026-06-13T12:33:25.195753,747,1,-2226.522190250205,0,3.7478528022766113,3.7479159832000732,3.750145196914673,0.021866656839847565,0.021866675466299057,0.0430508136749268,0.7569491863250732,0.8,0.6461664438247681,0.7436822652816772,0.16311343014240265,0.23770958185195923,0.17760097980499268,0,0.7569491863250732,1,1,0,-0.011295795440673828,1,-1.2034530639648438,1.0069963932037354,1.2179086208343506,-1.1997286081314087,-1.2071776390075684,0.6285403370857239,1.3854525089263916,1.2182819843292236,1.217535138130188
2026-06-13T12:33:25.623675,748,1,-2233.412524308157,0,3.74355411529541,3.7435951232910156,3.7447240352630615,0.017580829560756683,0.017580844461917877,0.033049929141998335,0.7669500708580017,0.8,0.6226005554199219,0.7353894710540771,0.14184197783470154,0.26233142614364624,0.17218172550201416,0,0.7669500708580017,1,1,0,-0.010469436645507812,1,-1.2002220153808594,1.0026700496673584,1.2173717021942139,-1.1945186853408813,-1.205925464630127,0.6192400455474854,1.3861000537872314,1.215959906578064,1.2187833786010742
2026-06-13T12:33:26.090819,749,1,-2226.8099731019556,0,3.7354719638824463,3.735480546951294,3.7436318397521973,0.011358986608684063,0.011358986608684063,0.010484206676483199,0.7895157933235168,0.8,0.6402886509895325,0.7297283411026001,0.16107270121574402,0.2914181351661682,0.16306966543197632,0,0.7895157933235168,1,1,0,-0.010898590087890625,1,-1.1945430040359497,0.9929845929145813,1.2167799472808838,-1.1846981048583984,-1.204387903213501,0.5983536243438721,1.3876155614852905,1.214969515800476,1.2185903787612915
2026-06-13T12:33:26.512492,750,1,-2229.024729450275,0,3.7223494052886963,3.7223739624023438,3.7333924770355225,0.017431236803531647,0.017431285232305527,0.019808816909790083,0.78019118309021,0.8,0.6784875988960266,0.7402323484420776,0.16279418766498566,0.3367534279823303,0.16646793484687805,0,0.78019118309021,1,1,0,-0.011903524398803711,1,-1.187880277633667,0.967856228351593,1.2150683403015137,-1.1737185716629028,-1.2020421028137207,0.5780178308486938,1.3576946258544922,1.2148852348327637,1.2152514457702637
2026-06-13T12:33:26.993100,751,1,-2227.4636296940967,0,3.7333600521087646,3.7333712577819824,3.741122245788574,0.012086646631360054,0.012086678296327591,0.013539719581604048,0.786460280418396,0.8,0.6759478449821472,0.7206271886825562,0.17357996106147766,0.2964515686035156,0.17328646779060364,0,0.786460280418396,1,1,0,-0.011964082717895508,1,-1.1957058906555176,0.9803946018218994,1.2184077501296997,-1.1858503818511963,-1.2055612802505493,0.5872897505760193,1.3734993934631348,1.2172186374664307,1.2195968627929688
2026-06-13T12:33:27.437900,752,1,-2224.654056433779,0,3.732661008834839,3.7326810359954834,3.7413477897644043,0.014976203441619873,0.01497624907642603,0.018608260154724166,0.7813917398452759,0.8,0.6686580777168274,0.7595272660255432,0.1980125606060028,0.3975178599357605,0.176217719912529,0,0.7813917398452759,1,1,0,-0.011850118637084961,1,-1.1930530071258545,0.9875596165657043,1.2178369760513306,-1.1814583539962769,-1.2046477794647217,0.5970358848571777,1.378083348274231,1.2176157236099243,1.2180582284927368
2026-06-13T12:33:27.905449,753,1,-2227.1685163831708,0,3.724827766418457,3.7248353958129883,3.7400829792022705,0.016989130526781082,0.01698918454349041,0.005614209175109908,0.7943857908248901,0.8,0.6845940947532654,0.7743141651153564,0.1880420446395874,0.2686765193939209,0.18388108909130096,0,0.7943857908248901,1,1,0,-0.012288093566894531,1,-1.1848845481872559,0.987887978553772,1.2168452739715576,-1.1682677268981934,-1.201501488685608,0.5910460352897644,1.3847299814224243,1.2152525186538696,1.2184380292892456
2026-06-13T12:33:28.347553,754,1,-2229.806027418084,0,3.7340099811553955,3.734020233154297,3.7409965991973877,0.011139633134007454,0.011139650829136372,0.01280908584594731,0.7871909141540527,0.8,0.649167001247406,0.7365663647651672,0.19221091270446777,0.2926737666130066,0.1602640151977539,0,0.7871909141540527,1,1,0,-0.0114898681640625,1,-1.1934376955032349,0.9915926456451416,1.216289758682251,-1.1843974590301514,-1.2024779319763184,0.5981010794639587,1.3850842714309692,1.216208815574646,1.2163705825805664
2026-06-13T12:33:28.768079,755,1,-2228.0383067926696,0,3.725351333618164,3.725369930267334,3.742701768875122,0.020949939265847206,0.020949939265847206,0.012404668331146285,0.7875953316688538,0.8,0.7141613960266113,0.8060850501060486,0.1664198637008667,0.23921698331832886,0.1764286309480667,0,0.7875953316688538,1,1,0,-0.012699365615844727,1,-1.1854362487792969,0.9880478978157043,1.215986728668213,-1.1655879020690918,-1.205284595489502,0.5947507619857788,1.3813450336456299,1.2158674001693726,1.2161059379577637
2026-06-13T12:33:29.201757,756,1,-2239.663556989494,0,3.740079164505005,3.7400827407836914,3.7464709281921387,0.008167115971446037,0.008167172782123089,0.013154935836791948,0.813154935836792,0.8,0.6304383277893066,0.7209858894348145,0.13990667462348938,0.2933376431465149,0.18112540245056152,0,0.813154935836792,1,1,0,-0.01115107536315918,1,-1.2020609378814697,0.9829024076461792,1.2173724174499512,-1.1971930265426636,-1.2069287300109863,0.5763542056083679,1.3894505500793457,1.217728614807129,1.2170161008834839
2026-06-13T12:33:29.614116,757,1,-2232.2673381857808,0,3.7303476333618164,3.730348587036133,3.741090774536133,0.011089347302913666,0.01108939852565527,0.011047554016113237,0.8110475540161133,0.8,0.6722082495689392,0.7789599895477295,0.1731281280517578,0.35949480533599854,0.21298208832740784,0,0.8110475540161133,1,1,0,-0.011589288711547852,1,-1.192659616470337,0.9804418683052063,1.2168502807617188,-1.182978630065918,-1.2023407220840454,0.5750336647033691,1.3858500719070435,1.2169020175933838,1.2167986631393433
2026-06-13T12:33:30.092165,758,1,-2224.149458728046,0,3.7259044647216797,3.725907564163208,3.7383556365966797,0.013362854719161987,0.013362914323806763,0.002392220497131392,0.7976077795028687,0.8,0.7128781080245972,0.7770071625709534,0.18081152439117432,0.19738906621932983,0.18488824367523193,0,0.7976077795028687,1,1,0,-0.012151718139648438,1,-1.1940619945526123,0.9583829641342163,1.2158310413360596,-1.1807748079299927,-1.2073493003845215,0.5598005056381226,1.35696542263031,1.2159061431884766,1.2157560586929321
2026-06-13T12:33:30.502724,759,1,-2228.8424745134917,0,3.730787754058838,3.730801582336426,3.734440565109253,0.010762078687548637,0.010762102901935577,0.021183979511260942,0.821183979511261,0.8,0.7262941002845764,0.772865891456604,0.1588532030582428,0.1931404322385788,0.19611316919326782,0,0.821183979511261,1,1,0,-0.012665748596191406,1,-1.200941562652588,0.9514995813369751,1.2159746885299683,-1.2000722885131836,-1.2018109560012817,0.5409120917320251,1.3620870113372803,1.2142508029937744,1.217698574066162
2026-06-13T12:33:30.919912,760,1,-2235.2696008241082,0,3.7305195331573486,3.7305350303649902,3.738243818283081,0.013226509094238281,0.013226515613496304,0.02478147745132442,0.8247814774513245,0.8,0.6783046722412109,0.7110498547554016,0.1859893947839737,0.20684771239757538,0.18233811855316162,0,0.8247814774513245,1,1,0,-0.011809587478637695,1,-1.1979765892028809,0.9614052772521973,1.2168864011764526,-1.193328857421875,-1.2026242017745972,0.5490413308143616,1.3737692832946777,1.2161999940872192,1.217572808265686
2026-06-13T12:33:31.378736,761,1,-2235.985605056165,0,3.7338409423828125,3.7338500022888184,3.7394118309020996,0.009867759421467781,0.00986778736114502,0.018670868873596147,0.8186708688735962,0.8,0.6788934469223022,0.7532300353050232,0.19050392508506775,0.24071669578552246,0.17725640535354614,0,0.8186708688735962,1,1,0,-0.011884689331054688,1,-1.1969155073165894,0.9780558347702026,1.21719229221344,-1.1936944723129272,-1.2001365423202515,0.5687331557273865,1.387378454208374,1.216900110244751,1.217484474182129
2026-06-13T12:33:31.804198,762,1,-2233.501556169414,0,3.7274065017700195,3.727407455444336,3.7346136569976807,0.007763413712382317,0.007763413712382317,0.009201002120971635,0.8092010021209717,0.8,0.7059292793273926,0.789935827255249,0.16958075761795044,0.31419140100479126,0.18694539368152618,0,0.8092010021209717,1,1,0,-0.01228952407836914,1,-1.1942604780197144,0.9633551836013794,1.2163233757019043,-1.1879836320877075,-1.2005373239517212,0.5588035583496094,1.3679068088531494,1.2167161703109741,1.2159305810928345
2026-06-13T12:33:32.294682,763,1,-2231.6875931400386,0,3.7367308139801025,3.7367396354675293,3.7409045696258545,0.009191792458295822,0.009191814810037613,0.013618421554565385,0.8136184215545654,0.8,0.6709346771240234,0.7697985172271729,0.21620076894760132,0.28697317838668823,0.18876515328884125,0,0.8136184215545654,1,1,0,-0.011556148529052734,1,-1.1997474431991577,0.979107141494751,1.2152293920516968,-1.2059454917907715,-1.193549394607544,0.5723455548286438,1.3858686685562134,1.2146341800689697,1.2158246040344238
2026-06-13T12:33:32.702625,764,1,-2223.351707819896,0,3.726816415786743,3.7268178462982178,3.7394936084747314,0.013096054084599018,0.013096113689243793,0.0009098172187804732,0.8009098172187805,0.8,0.6971759796142578,0.7707343101501465,0.1476590633392334,0.3824842572212219,0.20139117538928986,0,0.8009098172187805,1,1,0,-0.012255191802978516,1,-1.19187593460083,0.9700900316238403,1.2156682014465332,-1.17878258228302,-1.2049694061279297,0.5698492527008057,1.370330810546875,1.2157740592956543,1.215562343597412
2026-06-13T12:33:33.114947,765,1,-2231.656460153433,0,3.724336862564087,3.724358081817627,3.733682155609131,0.015716461464762688,0.01571650803089142,0.019147920608520552,0.7808520793914795,0.8,0.7258226871490479,0.7878637313842773,0.16493026912212372,0.35820120573043823,0.18342843651771545,0,0.7808520793914795,1,1,0,-0.012541532516479492,1,-1.1917085647583008,0.9613467454910278,1.2147716283798218,-1.179402470588684,-1.204014539718628,0.5711148977279663,1.3515785932540894,1.215161919593811,1.2143813371658325
2026-06-13T12:33:33.526561,766,1,-2227.367879921738,0,3.729339838027954,3.7293472290039062,3.7381842136383057,0.01154204923659563,0.01154204923659563,0.009440886974334761,0.7905591130256653,0.8,0.6945230960845947,0.7746366858482361,0.15228620171546936,0.24749191105365753,0.18711668252944946,0,0.7905591130256653,1,1,0,-0.01202082633972168,1,-1.1955492496490479,0.9661463499069214,1.215783715248108,-1.1851511001586914,-1.2059473991394043,0.5710054636001587,1.361287236213684,1.2145644426345825,1.2170029878616333
2026-06-13T12:33:33.953317,767,1,-2221.7205552647542,0,3.7316629886627197,3.731663703918457,3.738091468811035,0.006771809421479702,0.006771881133317947,5.017518997196824e-05,0.7999498248100281,0.8,0.7174229621887207,0.7598742246627808,0.14783675968647003,0.2992998957633972,0.18087360262870789,0,0.7999498248100281,1,1,0,-0.01186370849609375,1,-1.2008287906646729,0.9554163217544556,1.215682029724121,-1.194238543510437,-1.2074191570281982,0.5554987192153931,1.355333924293518,1.2141269445419312,1.2172372341156006
2026-06-13T12:33:34.404414,768,1,-2235.5374189057243,0,3.724818468093872,3.724822521209717,3.73418927192688,0.010912499390542507,0.010912520810961723,0.015743625164031938,0.815743625164032,0.8,0.7123554348945618,0.7747128009796143,0.17738483846187592,0.39817512035369873,0.19111725687980652,0,0.815743625164032,1,1,0,-0.012362957000732422,1,-1.1951898336410522,0.9499582052230835,1.2155497074127197,-1.187564492225647,-1.2028151750564575,0.5421578288078308,1.357758641242981,1.2152495384216309,1.2158498764038086
2026-06-13T12:33:34.806870,769,1,-2229.8079187809744,0,3.725303888320923,3.7253143787384033,3.735276937484741,0.013321856036782265,0.013321876525878906,0.022276651859283403,0.8222766518592834,0.8,0.7037139534950256,0.7452393770217896,0.18279072642326355,0.38727331161499023,0.18399009108543396,0,0.8222766518592834,1,1,0,-0.012247800827026367,1,-1.1968482732772827,0.9454443454742432,1.2161157131195068,-1.1894938945770264,-1.204202651977539,0.5343727469444275,1.356515884399414,1.2152186632156372,1.217012882232666
2026-06-13T12:33:35.236700,770,1,-2230.471926443884,0,3.7264480590820312,3.7264535427093506,3.733610153198242,0.00955558568239212,0.009555610828101635,0.015883815288543657,0.8158838152885437,0.8,0.7098355293273926,0.7730574011802673,0.15536876022815704,0.15964481234550476,0.20031583309173584,0,0.8158838152885437,1,1,0,-0.01247406005859375,1,-1.2001748085021973,0.9376615285873413,1.2143514156341553,-1.1948133707046509,-1.2055362462997437,0.5297549366950989,1.3455681800842285,1.2145731449127197,1.2141296863555908
2026-06-13T12:33:35.705205,771,1,-2229.9821049291686,0,3.7348177433013916,3.734827995300293,3.7410480976104736,0.010694077238440514,0.010694077238440514,0.020042490959167436,0.8200424909591675,0.8,0.6764886379241943,0.7551913857460022,0.14550074934959412,0.4311441481113434,0.19692572951316833,0,0.8200424909591675,1,1,0,-0.011862993240356445,1,-1.2028676271438599,0.9601332545280457,1.215298056602478,-1.1990879774093628,-1.206647276878357,0.5501294136047363,1.370137095451355,1.21526038646698,1.215335726737976
2026-06-13T12:33:36.232474,772,1,-2231.1044929519157,0,3.71964168548584,3.7196526527404785,3.731096029281616,0.014590635895729065,0.014590658247470856,0.02346028089523311,0.8234602808952332,0.8,0.7253119945526123,0.7664096355438232,0.1572118103504181,0.17363347113132477,0.18644395470619202,0,0.8234602808952332,1,1,0,-0.012525796890258789,1,-1.1935741901397705,0.9356451034545898,1.2156975269317627,-1.1847761869430542,-1.2023721933364868,0.5240090489387512,1.3472810983657837,1.2154074907302856,1.2159876823425293
2026-06-13T12:33:36.678477,773,1,-2225.34981505092,0,3.7183070182800293,3.7183074951171875,3.7293267250061035,0.01110035553574562,0.011100358329713345,0.005262565612792924,0.805262565612793,0.8,0.7292706966400146,0.8050028085708618,0.1475328803062439,0.21057501435279846,0.17621248960494995,0,0.805262565612793,1,1,0,-0.012674570083618164,1,-1.1924535036087036,0.9347843527793884,1.215087890625,-1.1816552877426147,-1.2032517194747925,0.5322984457015991,1.3372702598571777,1.215748906135559,1.2144269943237305
2026-06-13T12:33:37.112579,774,1,-2229.4081070576435,0,3.726375102996826,3.726388692855835,3.7339062690734863,0.012580309063196182,0.01258033700287342,0.023116898536682084,0.8231168985366821,0.8,0.7451683878898621,0.8002747893333435,0.1683690845966339,0.3731915354728699,0.20443883538246155,0,0.8231168985366821,1,1,0,-0.013043880462646484,1,-1.2020182609558105,0.9303572177886963,1.213940143585205,-1.1971429586410522,-1.2068935632705688,0.5188296437263489,1.3418848514556885,1.2152087688446045,1.2126715183258057
2026-06-13T12:33:37.536556,775,1,-2225.324758910481,0,3.7266898155212402,3.72670578956604,3.7309951782226562,0.011703753843903542,0.011703785508871078,0.0190262913703918,0.8190262913703918,0.8,0.7153444290161133,0.760261595249176,0.16278374195098877,0.2809271514415741,0.19653327763080597,0,0.8190262913703918,1,1,0,-0.012520074844360352,1,-1.2000634670257568,0.9388992786407471,1.2150053977966309,-1.2069315910339355,-1.1931952238082886,0.5294442176818848,1.3483543395996094,1.2156436443328857,1.2143672704696655
2026-06-13T12:33:37.999825,776,1,-2228.2562745461682,0,3.725044012069702,3.7250585556030273,3.725242853164673,0.010329092852771282,0.01032910868525505,0.01991779804229732,0.8199177980422974,0.8,0.7240378856658936,0.7490265369415283,0.16367018222808838,0.34328368306159973,0.21742627024650574,0,0.8199177980422974,1,1,0,-0.012407541275024414,1,-1.1995012760162354,0.9348864555358887,1.213377833366394,-1.2022755146026611,-1.1967271566390991,0.5249369144439697,1.3448359966278076,1.2133935689926147,1.2133620977401733
2026-06-13T12:33:38.455935,777,1,-2218.421749271741,0,3.7277655601501465,3.7277677059173584,3.7317962646484375,0.00575657095760107,0.005756620317697525,0.0052971124649048296,0.7947028875350952,0.8,0.7097275853157043,0.7463752627372742,0.17748390138149261,0.46960920095443726,0.19790762662887573,0,0.7947028875350952,1,1,0,-0.012274980545043945,1,-1.199432611465454,0.9462035894393921,1.2121756076812744,-1.1944843530654907,-1.204380989074707,0.5488848090171814,1.3435224294662476,1.2133853435516357,1.2109657526016235
2026-06-13T12:33:38.864755,778,1,-2221.4413744447475,0,3.7196128368377686,3.719616413116455,3.7253780364990234,0.007874706760048866,0.007874731905758381,0.013303709030151323,0.8133037090301514,0.8,0.748346209526062,0.788795530796051,0.12464052438735962,0.40609973669052124,0.19434170424938202,0,0.8133037090301514,1,1,0,-0.013328313827514648,1,-1.1960227489471436,0.9263041019439697,1.2147079706192017,-1.1917985677719116,-1.2002469301223755,0.5196744799613953,1.332933783531189,1.2142446041107178,1.2151713371276855
2026-06-13T12:33:39.301347,779,1,-2231.8942740998136,0,3.7215969562530518,3.721611976623535,3.7322044372558594,0.01492382027208805,0.014923851005733013,0.02523041963577266,0.8252304196357727,0.8,0.7547433376312256,0.8113105893135071,0.14667096734046936,0.13077428936958313,0.22113317251205444,0,0.8252304196357727,1,1,0,-0.0131683349609375,1,-1.1981472969055176,0.9263481497764587,1.213302493095398,-1.1903001070022583,-1.2059946060180664,0.5138124227523804,1.338883876800537,1.2153018712997437,1.2113031148910522
2026-06-13T12:33:39.708771,780,1,-2220.467933457745,0,3.725985527038574,3.7259860038757324,3.7280993461608887,0.00286093563772738,0.00286093563772738,0.0026119470596313032,0.8026119470596313,0.8,0.7019174098968506,0.7352884411811829,0.15817365050315857,0.2100619673728943,0.1921738088130951,0,0.8026119470596313,1,1,0,-0.011853694915771484,1,-1.1998443603515625,0.9372811913490295,1.2135217189788818,-1.2023835182189941,-1.1973052024841309,0.5359833240509033,1.3385790586471558,1.2132909297943115,1.2137525081634521
2026-06-13T12:33:40.223687,781,1,-2222.5472609500353,0,3.7249598503112793,3.7249670028686523,3.7279882431030273,0.008025395683944225,0.00802543293684721,0.015800011157989458,0.8158000111579895,0.8,0.7562828660011292,0.7875159382820129,0.17326955497264862,0.23065516352653503,0.19008895754814148,0,0.8158000111579895,1,1,0,-0.013018131256103516,1,-1.202559471130371,0.9227621555328369,1.2130717039108276,-1.2015159130096436,-1.203602910041809,0.5148646235466003,1.3306596279144287,1.212098479270935,1.2140449285507202
2026-06-13T12:33:40.695851,782,1,-2222.784901990391,0,3.7346620559692383,3.7346630096435547,3.7355220317840576,0.002972726244479418,0.002972750226035714,0.00527577400207524,0.7947242259979248,0.8,0.7174099683761597,0.7677358388900757,0.1669270098209381,0.26959487795829773,0.20752084255218506,0,0.7947242259979248,1,1,0,-0.012301921844482422,1,-1.2091691493988037,0.9358959197998047,1.2137665748596191,-1.2092928886413574,-1.2090455293655396,0.5385361313819885,1.333255648612976,1.2151271104812622,1.212406039237976
2026-06-13T12:33:41.136134,783,1,-2219.689403557754,0,3.7257282733917236,3.725731611251831,3.7281570434570312,0.005428762640804052,0.005428762640804052,0.008099842071533248,0.7919001579284668,0.8,0.7411800622940063,0.7958220839500427,0.1901070773601532,0.23352867364883423,0.19153441488742828,0,0.7919001579284668,1,1,0,-0.012861490249633789,1,-1.1995933055877686,0.9371253252029419,1.2139540910720825,-1.19606614112854,-1.203120470046997,0.541191577911377,1.3330590724945068,1.2132495641708374,1.2146586179733276
2026-06-13T12:33:41.551300,784,1,-2221.0376413599365,0,3.7217957973480225,3.721796989440918,3.7244226932525635,0.003732954151928425,0.0037329874467104673,0.006413471698760942,0.806413471698761,0.8,0.7725650072097778,0.8031647801399231,0.21093815565109253,0.17982134222984314,0.18591725826263428,0,0.806413471698761,1,1,0,-0.013273954391479492,1,-1.2017526626586914,0.9130330085754395,1.2133352756500244,-1.1998413801193237,-1.2036640644073486,0.5098308324813843,1.3162351846694946,1.2135014533996582,1.213168978691101
2026-06-13T12:33:41.967418,785,1,-2223.2937938527275,0,3.724959373474121,3.724966049194336,3.728607654571533,0.007843486964702606,0.00784352421760559,0.01520924568176274,0.7847907543182373,0.8,0.7776160836219788,0.8024460673332214,0.1938697099685669,0.37633875012397766,0.21705374121665955,0,0.7847907543182373,1,1,0,-0.01358175277709961,1,-1.202329397201538,0.9237090349197388,1.2128527164459229,-1.2041034698486328,-1.2005552053451538,0.5313182473182678,1.316099762916565,1.2135401964187622,1.212165355682373
2026-06-13T12:33:42.436121,786,1,-2216.895494470682,0,3.7212164402008057,3.7212166786193848,3.725121259689331,0.004180998541414738,0.004181054420769215,0.0005222678184508833,0.8005222678184509,0.8,0.7631553411483765,0.7914197444915771,0.14749619364738464,0.2224879264831543,0.1931571215391159,0,0.8005222678184509,1,1,0,-0.01292872428894043,1,-1.1998286247253418,0.9182522296905518,1.2133032083511353,-1.1957910060882568,-1.2038663625717163,0.5180128216743469,1.3184915781021118,1.2143617868423462,1.2122446298599243
2026-06-13T12:33:42.841251,787,1,-2218.2841799367216,0,3.721597194671631,3.7215991020202637,3.722658634185791,0.004082600120455027,0.004082600120455027,0.006604599952697798,0.7933954000473022,0.8,0.7532470226287842,0.7918133735656738,0.20726458728313446,0.42177772521972656,0.1796160191297531,0,0.7933954000473022,1,1,0,-0.013109683990478516,1,-1.2018201351165771,0.9119198322296143,1.2134901285171509,-1.1998107433319092,-1.2038295269012451,0.515229344367981,1.3086103200912476,1.2147852182388306,1.2121950387954712
2026-06-13T12:33:43.259224,788,1,-2226.3191579036784,0,3.7129194736480713,3.7129406929016113,3.7222707271575928,0.01569630764424801,0.015696335583925247,0.029012513160705522,0.8290125131607056,0.8,0.7580180168151855,0.7856918573379517,0.17189693450927734,0.49243634939193726,0.192745178937912,0,0.8290125131607056,1,1,0,-0.013112783432006836,1,-1.1942059993743896,0.9066765308380127,1.2130507230758667,-1.1881647109985352,-1.2002472877502441,0.49221521615982056,1.3211379051208496,1.2139142751693726,1.2121871709823608
2026-06-13T12:33:43.670057,789,1,-2225.744804406334,0,3.725432872772217,3.725438117980957,3.7316062450408936,0.00885862298309803,0.008858653716742992,0.015271890163421675,0.7847281098365784,0.8,0.7600371837615967,0.7995815873146057,0.14330898225307465,0.3055267333984375,0.19813984632492065,0,0.7847281098365784,1,1,0,-0.01292872428894043,1,-1.2039140462875366,0.9193927049636841,1.2130024433135986,-1.2082878351211548,-1.1995402574539185,0.5270538926124573,1.3117315769195557,1.2138100862503052,1.2121949195861816
2026-06-13T12:33:44.103187,790,1,-2219.993171140605,0,3.715348720550537,3.7153518199920654,3.7214889526367188,0.00781434029340744,0.00781434029340744,1.0740756988480982e-05,0.8000107407569885,0.8,0.775686502456665,0.8089600205421448,0.15215349197387695,0.25475096702575684,0.21647915244102478,0,0.8000107407569885,1,1,0,-0.013179779052734375,1,-1.1967649459838867,0.9075309038162231,1.2085304260253906,-1.2027989625930786,-1.1907309293746948,0.5076018571853638,1.3074599504470825,1.2134952545166016,1.2035655975341797
2026-06-13T12:33:44.575824,791,1,-2226.5096334711557,0,3.7225887775421143,3.7226274013519287,3.7248668670654297,0.017087042331695557,0.01708705723285675,0.03103260993957524,0.7689673900604248,0.8,0.7645087242126465,0.8164100050926208,0.1834818422794342,0.3660929501056671,0.18298396468162537,0,0.7689673900604248,1,1,0,-0.01318812370300293,1,-1.1978697776794434,0.9313091039657593,1.2136874198913574,-1.1913636922836304,-1.204375982284546,0.5468894243240356,1.315728783607483,1.2163126468658447,1.2110623121261597
2026-06-13T12:33:45.003915,792,1,-2218.3192288502746,0,3.722447395324707,3.7224512100219727,3.722686290740967,0.005471623502671719,0.005471630021929741,0.0052093386650085005,0.8052093386650085,0.8,0.7866925001144409,0.8452199101448059,0.18158620595932007,0.40076392889022827,0.2019701898097992,0,0.8052093386650085,1,1,0,-0.013329029083251953,1,-1.20182204246521,0.9159431457519531,1.2110446691513062,-1.202439308166504,-1.2012046575546265,0.5133674144744873,1.318518877029419,1.2158324718475342,1.2062568664550781
2026-06-13T12:33:45.447917,793,1,-2224.9100874716323,0,3.723174810409546,3.7231831550598145,3.725764274597168,0.008317411877214909,0.008317423984408379,0.010423946380615279,0.7895760536193848,0.8,0.7293825745582581,0.7545267939567566,0.16629962623119354,0.22697001695632935,0.2231079339981079,0,0.7895760536193848,1,1,0,-0.012040376663208008,1,-1.200514316558838,0.9248483180999756,1.207321286201477,-1.201464056968689,-1.1995646953582764,0.5301128029823303,1.319583773612976,1.213690161705017,1.200952410697937
2026-06-13T12:33:45.866060,794,1,-2223.1589276623213,0,3.731471061706543,3.7314717769622803,3.7343993186950684,0.003690107259899378,0.0036901887506246567,0.0025126457214355025,0.8025126457214355,0.8,0.7593549489974976,0.8087064027786255,0.17659056186676025,0.4374927282333374,0.2112533301115036,0,0.8025126457214355,1,1,0,-0.013288736343383789,1,-1.204249620437622,0.9419866800308228,1.2142949104309082,-1.2075382471084595,-1.2009608745574951,0.5407454371452332,1.3432279825210571,1.2154176235198975,1.2131720781326294
2026-06-13T12:33:46.330650,795,1,-2228.582703802455,0,3.7185511589050293,3.7185587882995605,3.7196950912475586,0.007603136822581291,0.007603146601468325,0.01383076906204228,0.7861692309379578,0.8,0.7897714376449585,0.8371222019195557,0.1837524175643921,0.45646488666534424,0.1967790722846985,0,0.7861692309379578,1,1,0,-0.013929128646850586,1,-1.1974495649337769,0.916648268699646,1.2138564586639404,-1.1945852041244507,-1.200313925743103,0.5235761404037476,1.3097203969955444,1.2125883102416992,1.215124487876892
2026-06-13T12:33:46.739282,796,1,-2217.1527511877634,0,3.7148585319519043,3.714866876602173,3.7232415676116943,0.011411517858505249,0.011411547660827637,0.0061900496482849565,0.7938099503517151,0.8,0.7632200121879578,0.8119677305221558,0.16983208060264587,0.23322775959968567,0.22049081325531006,0,0.7938099503517151,1,1,0,-0.012739896774291992,1,-1.1941254138946533,0.9168950319290161,1.2043043375015259,-1.2014938592910767,-1.1867570877075195,0.5201408267021179,1.3136491775512695,1.2123910188674927,1.196217656135559
2026-06-13T12:33:47.153610,797,1,-2232.746739275553,0,3.732672929763794,3.7326910495758057,3.736035108566284,0.012077808380126953,0.012077822349965572,0.01499186754226689,0.7850081324577332,0.8,0.7252362966537476,0.7699699997901917,0.18526440858840942,0.23347815871238708,0.23478960990905762,0,0.7850081324577332,1,1,0,-0.011871576309204102,1,-1.2086803913116455,0.9319320917129517,1.2043912410736084,-1.2096463441848755,-1.207714557647705,0.5395401120185852,1.3243240118026733,1.213721752166748,1.1950607299804688
2026-06-13T12:33:47.578121,798,1,-2221.6368674514138,0,3.729477882385254,3.729496717453003,3.7321958541870117,0.012176667340099812,0.012176710180938244,0.005556654930114702,0.8055566549301147,0.8,0.696178674697876,0.7490827441215515,0.15462911128997803,0.3431042432785034,0.2335762083530426,0,0.8055566549301147,1,1,0,-0.01063680648803711,1,-1.2030558586120605,0.9408051371574402,1.2046427726745605,-1.2058727741241455,-1.200238823890686,0.5382025241851807,1.3434077501296997,1.2161997556686401,1.1930859088897705
2026-06-13T12:33:47.981262,799,1,-2220.046270832773,0,3.718168258666992,3.7181806564331055,3.7222368717193604,0.010393374599516392,0.010393382981419563,0.01612644195556645,0.7838735580444336,0.8,0.7739447355270386,0.785403847694397,0.1252099573612213,0.20449665188789368,0.1998148411512375,0,0.7838735580444336,1,1,0,-0.013193845748901367,1,-1.1981569528579712,0.9127312898635864,1.2120459079742432,-1.1918227672576904,-1.204491138458252,0.520848274230957,1.3046143054962158,1.2134655714035034,1.2106263637542725
2026-06-13T12:33:48.451011,800,1,-2220.646995925135,0,3.7299516201019287,3.729951858520508,3.731454610824585,0.0018287645652890205,0.0018287645652890205,0.00045065879821781785,0.7995493412017822,0.8,0.7117589712142944,0.7375581860542297,0.219931498169899,0.3536530137062073,0.198093444108963,0,0.7995493412017822,1,1,0,-0.012277603149414062,1,-1.2057496309280396,0.9300711750984192,1.2146518230438232,-1.2041912078857422,-1.207308053970337,0.5303006172180176,1.3298417329788208,1.213722825050354,1.2155808210372925
2026-06-13T12:33:48.914603,801,1,-2218.935076973729,0,3.719273805618286,3.7192747592926025,3.720172643661499,0.0029389066621661186,0.002938932040706277,0.0049867153167724165,0.8049867153167725,0.8,0.7685984373092651,0.8135950565338135,0.21872302889823914,0.2501370310783386,0.201114222407341,0,0.8049867153167725,1,1,0,-0.013585329055786133,1,-1.198637843132019,0.9148073196411133,1.2143112421035767,-1.200188398361206,-1.197087287902832,0.5123170018196106,1.3172976970672607,1.2144873142242432,1.2141351699829102
2026-06-13T12:33:49.368029,802,1,-2230.9387379582786,0,3.7198150157928467,3.7198193073272705,3.722689390182495,0.00620582140982151,0.00620582140982151,0.009184944629669234,0.7908150553703308,0.8,0.7597537636756897,0.7873060703277588,0.19006356596946716,0.27797412872314453,0.19068312644958496,0,0.7908150553703308,1,1,0,-0.013463735580444336,1,-1.197614312171936,0.9210320711135864,1.2142330408096313,-1.1934645175933838,-1.2017641067504883,0.5256463289260864,1.3164178133010864,1.2142494916915894,1.2142165899276733
2026-06-13T12:33:49.801586,803,1,-2218.1393820603867,0,3.7192234992980957,3.719224691390991,3.7225358486175537,0.0044308253563940525,0.0044308253563940525,0.0036388754844665083,0.8036388754844666,0.8,0.7173397541046143,0.7606931924819946,0.17700530588626862,0.13439738750457764,0.17690464854240417,0,0.8036388754844666,1,1,0,-0.012201786041259766,1,-1.1997671127319336,0.9104098677635193,1.213198184967041,-1.2035590410232544,-1.1959751844406128,0.5086108446121216,1.312208890914917,1.214618444442749,1.211777925491333
2026-06-13T12:33:50.335154,804,1,-2219.006573685928,0,3.7265076637268066,3.7265079021453857,3.7268292903900146,0.0014493492199108005,0.0014493681956082582,0.000377285480499312,0.7996227145195007,0.8,0.7485365867614746,0.770196259021759,0.14763900637626648,0.4504200220108032,0.19240722060203552,0,0.7996227145195007,1,1,0,-0.012579202651977539,1,-1.2077198028564453,0.9083929061889648,1.214565634727478,-1.207258701324463,-1.2081810235977173,0.5085841417312622,1.3082016706466675,1.2159262895584106,1.2132049798965454
2026-06-13T12:33:50.770777,805,1,-2221.7845966572527,0,3.707907199859619,3.7079074382781982,3.7175700664520264,0.009733173996210098,0.009733233600854874,0.0032410740852355513,0.8032410740852356,0.8,0.7663980722427368,0.8065377473831177,0.18593156337738037,0.34570348262786865,0.1823587417602539,0,0.8032410740852356,1,1,0,-0.013186454772949219,1,-1.1932508945465088,0.8900453448295593,1.211998462677002,-1.183638095855713,-1.2028638124465942,0.4885399639606476,1.2915507555007935,1.2122464179992676,1.2117505073547363
2026-06-13T12:33:51.182150,806,1,-2229.265017624013,0,3.7220113277435303,3.7220170497894287,3.725978374481201,0.007554656360298395,0.007554665207862854,0.010365831851959273,0.7896341681480408,0.8,0.7497403621673584,0.7681571841239929,0.21744658052921295,0.2987191379070282,0.18870607018470764,0,0.7896341681480408,1,1,0,-0.013255834579467773,1,-1.2023135423660278,0.9113125801086426,1.2149779796600342,-1.1969656944274902,-1.2076613903045654,0.5165332555770874,1.3060919046401978,1.2138742208480835,1.2160816192626953
2026-06-13T12:33:51.601849,807,1,-2227.8285429924003,0,3.7111613750457764,3.711167812347412,3.714892864227295,0.00766456313431263,0.007664565462619066,0.011049079895019576,0.7889509201049805,0.8,0.786644697189331,0.8046740293502808,0.18283259868621826,0.2769308388233185,0.18837596476078033,0,0.7889509201049805,1,1,0,-0.013589620590209961,1,-1.194985032081604,0.8964635133743286,1.2124998569488525,-1.1898154020309448,-1.2001546621322632,0.5020233392715454,1.2909036874771118,1.2114468812942505,1.2135529518127441
2026-06-13T12:33:52.003999,808,1,-2219.2442183896296,0,3.722491979598999,3.722492218017578,3.724686622619629,0.0023835687898099422,0.0023835848551243544,7.479190826420457e-05,0.7999252080917358,0.8,0.7929172515869141,0.8004434108734131,0.16721035540103912,0.43826013803482056,0.20384183526039124,0,0.7999252080917358,1,1,0,-0.013843059539794922,1,-1.2015886306762695,0.9164751768112183,1.2134902477264404,-1.2038836479187012,-1.199293613433838,0.5165196657180786,1.316430687904358,1.21284818649292,1.2141324281692505
2026-06-13T12:33:52.455819,809,1,-2227.984657746626,0,3.7220683097839355,3.722078800201416,3.7230212688446045,0.008822549134492874,0.008822578936815262,0.01746754646301274,0.7825324535369873,0.8,0.7825875282287598,0.8079562187194824,0.16851502656936646,0.4833741784095764,0.20044107735157013,0,0.7825324535369873,1,1,0,-0.013618707656860352,1,-1.2028350830078125,0.9098409414291382,1.2134490013122559,-1.2016006708145142,-1.2040694952011108,0.5185766816139221,1.301105260848999,1.2134861946105957,1.213411808013916
2026-06-13T12:33:52.873520,810,1,-2218.4128452635105,0,3.7291202545166016,3.7291204929351807,3.7309584617614746,0.0020201136358082294,0.0020201136358082294,0.0001648545265198198,0.7998351454734802,0.8,0.7380435466766357,0.8014929294586182,0.21059468388557434,0.2846611440181732,0.1893599033355713,0,0.7998351454734802,1,1,0,-0.012964725494384766,1,-1.2042455673217773,0.9329984188079834,1.2127577066421509,-1.2060743570327759,-1.2024167776107788,0.5330859422683716,1.3329108953475952,1.213611364364624,1.2119040489196777
2026-06-13T12:33:53.326737,811,1,-2232.1687692378996,0,3.71785306930542,3.717866897583008,3.7182788848876953,0.010170022957026958,0.01017006579786539,0.019451785087585494,0.7805482149124146,0.8,0.798048734664917,0.8379053473472595,0.20649874210357666,0.5548709630966187,0.20390063524246216,0,0.7805482149124146,1,1,0,-0.013651132583618164,1,-1.2011531591415405,0.8990312814712524,1.2141706943511963,-1.1983486413955688,-1.2039576768875122,0.5087682604789734,1.2892943620681763,1.213301181793213,1.2150402069091797
2026-06-13T12:33:53.769707,812,1,-2242.4088639449233,0,3.7104568481445312,3.7104809284210205,3.713487148284912,0.013685010373592377,0.013685023412108421,0.02434371709823613,0.7756562829017639,0.8,0.7896568775177002,0.811493992805481,0.22953572869300842,0.4086224138736725,0.16846933960914612,0,0.7756562829017639,1,1,0,-0.013736724853515625,1,-1.1946204900741577,0.8950538635253906,1.2123003005981445,-1.1885274648666382,-1.2007135152816772,0.5072746276855469,1.2828330993652344,1.2114015817642212,1.2131990194320679
2026-06-13T12:33:54.231193,813,1,-2248.2926120728753,0,3.7136642932891846,3.7137293815612793,3.714200973510742,0.021985244005918503,0.021985258907079697,0.04235141277313237,0.7576485872268677,0.8,0.8322005271911621,0.8357781171798706,0.18644264340400696,0.2037629336118698,0.19144082069396973,0,0.7576485872268677,1,1,0,-0.014704227447509766,1,-1.1980526447296143,0.8943945169448853,1.2130204439163208,-1.192318081855774,-1.2037872076034546,0.5156139135360718,1.2731751203536987,1.2125694751739502,1.2134714126586914
2026-06-13T12:33:54.686249,814,1,-2238.28957316401,0,3.7161474227905273,3.7161765098571777,3.721130132675171,0.015407213009893894,0.015407230705022812,0.025547552108764693,0.7744524478912354,0.8,0.7880567908287048,0.8146494030952454,0.16208919882774353,0.39556288719177246,0.18482889235019684,0,0.7744524478912354,1,1,0,-0.013823509216308594,1,-1.1962748765945435,0.9114682674407959,1.213974952697754,-1.1880053281784058,-1.2045444250106812,0.5243348479270935,1.298601746559143,1.2121177911758423,1.215832233428955
2026-06-13T12:33:55.099185,815,1,-2247.187467624577,0,3.723954200744629,3.7240121364593506,3.7250852584838867,0.020818686112761497,0.020818721503019333,0.04059134721755986,0.7594086527824402,0.8,0.7776932716369629,0.7807745337486267,0.17220395803451538,0.2932516932487488,0.2009839415550232,0,0.7594086527824402,1,1,0,-0.01363992691040039,1,-1.2049344778060913,0.9090533256530762,1.2142505645751953,-1.2010561227798462,-1.2088128328323364,0.5293758511543274,1.2887307405471802,1.2119331359863281,1.216568112373352
2026-06-13T12:33:55.523381,816,1,-2238.4231094653765,0,3.724689245223999,3.724757194519043,3.72505784034729,0.02253848686814308,0.022538503631949425,0.043741810321807906,0.7562581896781921,0.8,0.7609236836433411,0.7922979593276978,0.1985374540090561,0.25616979598999023,0.18431797623634338,0,0.7562581896781921,1,1,0,-0.013126611709594727,1,-1.2046592235565186,0.913481593132019,1.2128186225891113,-1.1994839906692505,-1.2098345756530762,0.5353896021842957,1.2915736436843872,1.2117044925689697,1.213932752609253
2026-06-13T12:33:56.003430,817,1,-2231.4667011507463,0,3.7193596363067627,3.7193751335144043,3.7248237133026123,0.012075288221240044,0.012075302191078663,0.023528563976287886,0.7764714360237122,0.8,0.7978771328926086,0.8084689974784851,0.21993911266326904,0.3233945071697235,0.17664891481399536,0,0.7764714360237122,1,1,0,-0.013950586318969727,1,-1.2025480270385742,0.9000363945960999,1.212646484375,-1.2052302360534668,-1.199865698814392,0.5118099451065063,1.2882628440856934,1.2126725912094116,1.2126202583312988
2026-06-13T12:33:56.478125,818,1,-2247.2509822335746,0,3.7130677700042725,3.7131261825561523,3.720271110534668,0.022006452083587646,0.02200649306178093,0.04375689029693608,0.756243109703064,0.8,0.8078866004943848,0.8149836659431458,0.19199734926223755,0.2774389386177063,0.18953925371170044,0,0.756243109703064,1,1,0,-0.014246463775634766,1,-1.1991980075836182,0.8876142501831055,1.2116260528564453,-1.2010951042175293,-1.197300910949707,0.509499728679657,1.2657288312911987,1.2129346132278442,1.2103173732757568
2026-06-13T12:33:56.901493,819,1,-2230.5777949016615,0,3.73162841796875,3.7316551208496094,3.733351469039917,0.014236231334507465,0.014236263930797577,0.027802455425262496,0.7721975445747375,0.8,0.7335684299468994,0.7490379810333252,0.20072269439697266,0.5904666781425476,0.21097928285598755,0,0.7721975445747375,1,1,0,-0.012560129165649414,1,-1.2076489925384521,0.9297009706497192,1.2134816646575928,-1.2059664726257324,-1.2093313932418823,0.5436139702796936,1.3157879114151,1.2109781503677368,1.2159852981567383
2026-06-13T12:33:57.352124,820,1,-2253.4982198420676,0,3.727520704269409,3.727583408355713,3.7339553833007812,0.022536665201187134,0.022536667063832283,0.04502998590469365,0.7549700140953064,0.8,0.7330026626586914,0.7604437470436096,0.19052109122276306,0.33560535311698914,0.17868110537528992,0,0.7549700140953064,1,1,0,-0.012366294860839844,1,-1.2085034847259521,0.9104551672935486,1.2101969718933105,-1.20938241481781,-1.2076244354248047,0.5329713821411133,1.2879389524459839,1.2105804681777954,1.2098134756088257
2026-06-13T12:33:57.820334,821,1,-2233.767858658174,0,3.7193057537078857,3.719332695007324,3.72007155418396,0.01412842608988285,0.014128455892205238,0.027642595767974898,0.7723574042320251,0.8,0.7681994438171387,0.8036170601844788,0.2007492333650589,0.27053770422935486,0.1849260926246643,0,0.7723574042320251,1,1,0,-0.013547897338867188,1,-1.2022422552108765,0.901168704032898,1.2120863199234009,-1.19961416721344,-1.204870343208313,0.5150007605552673,1.2873367071151733,1.2109110355377197,1.213261604309082
2026-06-13T12:33:58.263031,822,1,-2246.2356627458016,0,3.724843978881836,3.7249035835266113,3.7265496253967285,0.021082133054733276,0.021082162857055664,0.041226077079772994,0.758773922920227,0.8,0.7627108097076416,0.7974568009376526,0.15271855890750885,0.3886740803718567,0.18440209329128265,0,0.758773922920227,1,1,0,-0.012984514236450195,1,-1.206243634223938,0.9075545072555542,1.2140437364578247,-1.2029122114181519,-1.2095750570297241,0.5281919836997986,1.286916971206665,1.2113138437271118,1.2167736291885376
2026-06-13T12:33:58.742135,823,1,-2239.210125565162,0,3.718773126602173,3.718820571899414,3.733121871948242,0.023584652692079544,0.023584678769111633,0.0429473996162415,0.7570526003837585,0.8,0.8044902086257935,0.8328312635421753,0.19218116998672485,0.3791762888431549,0.19176732003688812,0,0.7570526003837585,1,1,0,-0.014126777648925781,1,-1.2001357078552246,0.9074952006340027,1.2115368843078613,-1.2095392942428589,-1.1907322406768799,0.5290877819061279,1.2859026193618774,1.2102844715118408,1.2127891778945923
2026-06-13T12:33:59.174571,824,1,-2241.0568781340166,0,3.715681552886963,3.715733051300049,3.7220659255981445,0.020612701773643494,0.02061271108686924,0.04048352241516118,0.7595164775848389,0.8,0.7903375625610352,0.8187461495399475,0.2163093537092209,0.1903122365474701,0.17374366521835327,0,0.7595164775848389,1,1,0,-0.01369929313659668,1,-1.2015283107757568,0.8896112442016602,1.209460973739624,-1.2032538652420044,-1.1998028755187988,0.5098719596862793,1.269350528717041,1.2060831785202026,1.212838888168335
2026-06-13T12:33:59.588668,825,1,-2225.776603316482,0,3.7109436988830566,3.7109811305999756,3.7158725261688232,0.01737213134765625,0.017372161149978638,0.029663372039794966,0.7703366279602051,0.8,0.8017909526824951,0.8104684948921204,0.19009412825107574,0.27054494619369507,0.20059648156166077,0,0.7703366279602051,1,1,0,-0.014469623565673828,1,-1.1980173587799072,0.8834466934204102,1.2118860483169556,-1.1894395351409912,-1.2065950632095337,0.4983806312084198,1.2685127258300781,1.2096078395843506,1.2141642570495605
2026-06-13T12:34:00.011722,826,1,-2386.531774936494,0,3.568763256072998,3.5718798637390137,3.712955951690674,0.20532065629959106,0.20532070100307465,0.006258893013000533,0.7937411069869995,0.8,0.7687342762947083,0.7810932993888855,0.192895770072937,0.29214969277381897,0.09273982048034668,0,0.7937411069869995,1,1,0,-0.012840509414672852,1,-1.046823263168335,0.9201105237007141,1.0942144393920898,-0.8889782428741455,-1.2046681642532349,0.5759234428405762,1.264297604560852,0.9753596782684326,1.213069200515747
2026-06-13T12:34:00.447773,827,1,-2248.8468465805986,0,3.715419292449951,3.7154529094696045,3.7229902744293213,0.017439741641283035,0.01743975467979908,0.02655814886093144,0.7734418511390686,0.8,0.7933181524276733,0.804321825504303,0.24188074469566345,0.24893128871917725,0.16243769228458405,0,0.7734418511390686,1,1,0,-0.013869762420654297,1,-1.2051788568496704,0.8748427629470825,1.2041494846343994,-1.2102458477020264,-1.2001118659973145,0.48828160762786865,1.2614039182662964,1.1942566633224487,1.21404230594635
2026-06-13T12:34:00.905808,828,1,-2237.298752630884,0,3.7060694694519043,3.7061283588409424,3.709374189376831,0.02110658958554268,0.021106593310832977,0.030139255523681685,0.7698607444763184,0.8,0.8164844512939453,0.834834098815918,0.22289741039276123,0.5612857341766357,0.1748250126838684,0,0.7698607444763184,1,1,0,-0.014647245407104492,1,-1.1943018436431885,0.8805726766586304,1.2013375759124756,-1.1879255771636963,-1.2006782293319702,0.49591532349586487,1.2652300596237183,1.1883208751678467,1.2143542766571045
2026-06-13T12:34:01.317028,829,1,-2469.0408462901273,0,3.536531448364258,3.5405077934265137,3.717366933822632,0.24376308917999268,0.24376313388347626,0.028378498554229692,0.8283784985542297,0.8,0.7483130693435669,0.7514263987541199,0.18239665031433105,0.579800009727478,0.10501882433891296,0,0.8283784985542297,1,1,0,-0.01205301284790039,1,-1.0127778053283691,0.9236495494842529,1.082902431488037,-0.8162944316864014,-1.2092610597610474,0.5834842324256897,1.263814926147461,0.951621949672699,1.21418297290802
2026-06-13T12:34:01.717912,830,1,-2244.136908156401,0,3.705617904663086,3.7056474685668945,3.7206990718841553,0.021023064851760864,0.021023083478212357,0.03469096422195439,0.7653090357780457,0.8,0.803148627281189,0.8404277563095093,0.1794411540031433,0.4477195739746094,0.1817755401134491,0,0.7653090357780457,1,1,0,-0.014358043670654297,1,-1.1968400478363037,0.865868330001831,1.2112305164337158,-1.208255648612976,-1.185424566268921,0.4833901524543762,1.2483464479446411,1.2090765237808228,1.2133845090866089
2026-06-13T12:34:02.171906,831,1,-2246.538634421894,0,3.708033561706543,3.7081058025360107,3.7180418968200684,0.025205174461007118,0.025205206125974655,0.04959015846252446,0.7504098415374756,0.8,0.7918466329574585,0.7951794266700745,0.18911302089691162,0.29506632685661316,0.16267403960227966,0,0.7504098415374756,1,1,0,-0.013993501663208008,1,-1.1979964971542358,0.8714038133621216,1.2111573219299316,-1.2022805213928223,-1.1937124729156494,0.4962245523929596,1.246583104133606,1.210219144821167,1.2120953798294067
2026-06-13T12:34:02.661735,832,1,-2232.5870963059133,0,3.7191481590270996,3.719170093536377,3.7198851108551025,0.012767390348017216,0.012767416425049305,0.023930120468139693,0.7760698795318604,0.8,0.790593147277832,0.8031104207038879,0.2048385739326477,0.3954175114631653,0.17807108163833618,0,0.7760698795318604,1,1,0,-0.014075756072998047,1,-1.206679105758667,0.8828078508377075,1.211134910583496,-1.203160285949707,-1.210197925567627,0.4947977066040039,1.2708179950714111,1.2085142135620117,1.213755488395691
2026-06-13T12:34:03.096091,833,1,-2231.6024807638114,0,3.722163677215576,3.7221779823303223,3.722454786300659,0.010252727195620537,0.010252770967781544,0.012936997413635298,0.7870630025863647,0.8,0.7788898348808289,0.7922348976135254,0.23169870674610138,0.38515812158584595,0.18237100541591644,0,0.7870630025863647,1,1,0,-0.013771533966064453,1,-1.209031581878662,0.8873502016067505,1.2049462795257568,-1.2075766324996948,-1.210486650466919,0.49389779567718506,1.280802607536316,1.1971919536590576,1.2127007246017456
2026-06-13T12:34:03.503489,834,1,-2245.2781995549963,0,3.706901788711548,3.70694637298584,3.7100579738616943,0.018490616232156754,0.01849062740802765,0.03334145545959477,0.7666585445404053,0.8,0.8202694058418274,0.8290207386016846,0.2066759467124939,0.2086114138364792,0.1839744746685028,0,0.7666585445404053,1,1,0,-0.014726400375366211,1,-1.1961612701416016,0.8741620779037476,1.2111504077911377,-1.1890779733657837,-1.2032444477081299,0.4909127652645111,1.2574113607406616,1.2078120708465576,1.2144888639450073
2026-06-13T12:34:03.918451,835,1,-2411.648825098256,0,3.5591630935668945,3.5625593662261963,3.7186970710754395,0.22037506103515625,0.22037507593631744,0.015310180187225297,0.8153101801872253,0.8,0.762994647026062,0.7908608913421631,0.17300203442573547,0.29001396894454956,0.09671708196401596,0,0.8153101801872253,1,1,0,-0.012505769729614258,1,-1.029655933380127,0.9472697377204895,1.0882132053375244,-0.8560497164726257,-1.203262209892273,0.600247859954834,1.294291615486145,0.9632357358932495,1.2131905555725098
2026-06-13T12:34:04.342860,836,1,-2263.2544862769473,0,3.7102136611938477,3.7103099822998047,3.719967842102051,0.02841792441904545,0.028417978435754776,0.03862296342849736,0.7613770365715027,0.8,0.8264665603637695,0.828339695930481,0.21173067390918732,0.1490364670753479,0.17361895740032196,0,0.7613770365715027,1,1,0,-0.014525175094604492,1,-1.203108310699463,0.8635506629943848,1.1938450336456299,-1.2093361616134644,-1.1968803405761719,0.4834054410457611,1.243695855140686,1.174491047859192,1.2131991386413574
2026-06-13T12:34:04.799182,837,1,-2652.070532266058,0,3.4948623180389404,3.500776767730713,3.721100330352783,0.29986000061035156,0.29986003041267395,0.07020754814147945,0.8702075481414795,0.8,0.7640984058380127,0.7937391996383667,0.1613018810749054,0.19919244945049286,0.1073293536901474,0,0.8702075481414795,1,1,0,-0.012410640716552734,1,-0.9607750177383423,0.9567529559135437,1.0622730255126953,-0.7124899625778198,-1.2090600728988647,0.632503867149353,1.2810020446777344,0.9121652245521545,1.2123808860778809
2026-06-13T12:34:05.215277,838,1,-2227.324136376446,0,3.6928346157073975,3.6928367614746094,3.7075483798980713,0.015266446396708488,0.01526650320738554,0.0023155093193054643,0.7976844906806946,0.8,0.8076843619346619,0.8111975789070129,0.20642602443695068,0.40578532218933105,0.16648992896080017,0,0.7976844906806946,1,1,0,-0.014711141586303711,1,-1.1865785121917725,0.8542096018791199,1.2093008756637573,-1.2015377283096313,-1.1716194152832031,0.4556570053100586,1.2527621984481812,1.2066189050674438,1.2119828462600708
2026-06-13T12:34:05.621757,839,1,-2467.8569565962234,0,3.5254576206207275,3.5296132564544678,3.714104175567627,0.2517050504684448,0.2517051100730896,0.03301913738250728,0.8330191373825073,0.8,0.7446296215057373,0.7468934059143066,0.16569310426712036,0.36800479888916016,0.09778330475091934,0,0.8330191373825073,1,1,0,-0.012169122695922852,1,-0.9969170093536377,0.9396993517875671,1.0822818279266357,-0.7911427617073059,-1.2026913166046143,0.6020433902740479,1.2773553133010864,0.9514170289039612,1.213146686553955
2026-06-13T12:34:06.041075,840,1,-2564.314927600163,0,3.5049188137054443,3.5099425315856934,3.7120602130889893,0.2758479118347168,0.2758479416370392,0.06495077610015865,0.8649507761001587,0.8,0.7801318168640137,0.7852166891098022,0.16308477520942688,0.3073648512363434,0.09436988085508347,0,0.8649507761001587,1,1,0,-0.012820959091186523,1,-0.9760408401489258,0.939414381980896,1.0656099319458008,-0.7517272233963013,-1.2003544569015503,0.6007357835769653,1.2780929803848267,0.9172348380088806,1.2139849662780762
2026-06-13T12:34:06.506332,841,1,-2529.3654408095076,0,3.519446611404419,3.52376127243042,3.720041513442993,0.26251691579818726,0.26251694560050964,0.07554264068603511,0.8755426406860352,0.8,0.7591304183006287,0.7770721912384033,0.15088574588298798,0.42649173736572266,0.0985374003648758,0,0.8755426406860352,1,1,0,-0.012636423110961914,1,-0.9896206855773926,0.9446761608123779,1.0675537586212158,-0.7754688262939453,-1.2037725448608398,0.5912653803825378,1.2980868816375732,0.923042356967926,1.2120652198791504
2026-06-13T12:34:06.963381,842,1,-2249.978082417671,0,3.6999804973602295,3.700047254562378,3.7152178287506104,0.026914119720458984,0.026914183050394058,0.04239623546600346,0.7576037645339966,0.8,0.8104307651519775,0.8285362124443054,0.21355751156806946,0.2954387068748474,0.15110057592391968,0,0.7576037645339966,1,1,0,-0.014512062072753906,1,-1.1916868686676025,0.8650176525115967,1.203432559967041,-1.2027900218963623,-1.1805837154388428,0.48655956983566284,1.2434757947921753,1.1917262077331543,1.2151387929916382
2026-06-13T12:34:07.412342,843,1,-2538.20038777916,0,3.5125396251678467,3.517139434814453,3.719618320465088,0.2707993686199188,0.2707993984222412,0.06338663101196285,0.8633866310119629,0.8,0.7529181838035583,0.7644352316856384,0.16723760962486267,0.18105146288871765,0.11135689914226532,0,0.8633866310119629,1,1,0,-0.012242794036865234,1,-0.9835399389266968,0.9404256343841553,1.0720500946044922,-0.7597426772117615,-1.2073371410369873,0.5991421341896057,1.2817091941833496,0.9313395023345947,1.2127606868743896
2026-06-13T12:34:07.813968,844,1,-2599.5473312344216,0,3.5164997577667236,3.5220141410827637,3.7195301055908203,0.2789725065231323,0.2789725065231323,0.06469411849975581,0.8646941184997559,0.8,0.7642672061920166,0.7962414622306824,0.15547332167625427,0.4965699315071106,0.11836057901382446,0,0.8646941184997559,1,1,0,-0.012776851654052734,1,-0.9850047826766968,0.9510241150856018,1.0553655624389648,-0.7642057538032532,-1.2058037519454956,0.6146512031555176,1.287397027015686,0.8971725106239319,1.2135586738586426
2026-06-13T12:34:08.233998,845,1,-2472.0810357571195,0,3.5408689975738525,3.5449604988098145,3.7204127311706543,0.24448665976524353,0.24448668956756592,0.04878301620483394,0.848783016204834,0.8,0.7622264623641968,0.7842372059822083,0.17755839228630066,0.29897043108940125,0.101242296397686,0,0.848783016204834,1,1,0,-0.012686491012573242,1,-1.0105887651443481,0.9488738179206848,1.0726410150527954,-0.8174423575401306,-1.203735113143921,0.5984557867050171,1.2992918491363525,0.9311848878860474,1.2140971422195435
2026-06-13T12:34:08.690093,846,1,-2457.8624833683584,0,3.548348903656006,3.552405834197998,3.7141475677490234,0.2344534993171692,0.2344534993171692,0.031383407115936235,0.8313834071159363,0.8,0.7761701941490173,0.7928656935691833,0.18597140908241272,0.38198378682136536,0.09618955850601196,0,0.8313834071159363,1,1,0,-0.012347221374511719,1,-1.022898554801941,0.932279109954834,1.0734769105911255,-0.8437226414680481,-1.2020745277404785,0.5849902033805847,1.279568076133728,0.9317519068717957,1.2152018547058105
2026-06-13T12:34:09.141756,847,1,-2638.7877194600014,0,3.518160343170166,3.5235018730163574,3.7221038341522217,0.27758878469467163,0.277588814496994,0.08314604759216304,0.8831460475921631,0.8,0.7494536638259888,0.7893040180206299,0.16085097193717957,0.34040382504463196,0.09438642859458923,0,0.8831460475921631,1,1,0,-0.01234126091003418,1,-0.9874389171600342,0.9487812519073486,1.0502279996871948,-0.7685389518737793,-1.206338882446289,0.6013672351837158,1.2961952686309814,0.8878301978111267,1.2126258611679077
2026-06-13T12:34:09.554320,848,1,-2581.9750904928287,0,3.523080348968506,3.528224229812622,3.712320327758789,0.264879435300827,0.264879435300827,0.05975307226181026,0.8597530722618103,0.8,0.7675915360450745,0.776398241519928,0.15323927998542786,0.2608155906200409,0.09924373775720596,0,0.8597530722618103,1,1,0,-0.012820243835449219,1,-1.0001599788665771,0.9209790229797363,1.0529587268829346,-0.7962502241134644,-1.2040698528289795,0.5776881575584412,1.2642699480056763,0.8936916589736938,1.2122256755828857
2026-06-13T12:34:09.967729,849,1,-2713.9813381570807,0,3.497833013534546,3.5039114952087402,3.7236452102661133,0.30140215158462524,0.30140215158462524,0.10646767616271968,0.9064676761627197,0.8,0.7564351558685303,0.7910860180854797,0.16054581105709076,0.3536473214626312,0.10375730693340302,0,0.9064676761627197,1,1,0,-0.012245655059814453,1,-0.9659994840621948,0.9502657055854797,1.0433276891708374,-0.7234169840812683,-1.2085820436477661,0.6070436239242554,1.293487787246704,0.8737009167671204,1.2129544019699097
2026-06-13T12:34:10.403972,850,1,-2663.6616967204677,0,3.5011770725250244,3.5080103874206543,3.7127914428710938,0.2997162938117981,0.2997162938117981,0.04941667318344112,0.8494166731834412,0.8,0.777584969997406,0.7809536457061768,0.1472255289554596,0.16759194433689117,0.10291874408721924,0,0.8494166731834412,1,1,0,-0.012824773788452148,1,-0.9757362008094788,0.9275918006896973,1.0471079349517822,-0.7413842678070068,-1.2100881338119507,0.6144076585769653,1.2407759428024292,0.8816629648208618,1.2125529050827026
2026-06-13T12:34:10.915627,851,1,-2630.7970420261563,0,3.505446195602417,3.5109362602233887,3.716864585876465,0.28447669744491577,0.28447675704956055,0.0941918015480041,0.8941918015480042,0.8,0.7529116868972778,0.763910174369812,0.13414019346237183,0.2674257159233093,0.10812170058488846,0,0.8941918015480042,1,1,0,-0.012362241744995117,1,-0.9813216924667358,0.9232567548751831,1.0491082668304443,-0.7559027075767517,-1.2067407369613647,0.5745471119880676,1.2719664573669434,0.8833296298980713,1.214887022972107
2026-06-13T12:34:11.358624,852,1,-2654.7387945326604,0,3.5065243244171143,3.512638568878174,3.714627504348755,0.2893413305282593,0.2893413305282593,0.08716948032379146,0.8871694803237915,0.8,0.7567685842514038,0.7584362626075745,0.12822458148002625,0.2794589400291443,0.12936659157276154,0,0.8871694803237915,1,1,0,-0.012663841247558594,1,-0.9813865423202515,0.9276705384254456,1.036922574043274,-0.7573501467704773,-1.2054228782653809,0.5863592624664307,1.2689818143844604,0.8634817004203796,1.210363507270813
2026-06-13T12:34:11.779050,853,1,-2605.5971887279165,0,3.5026021003723145,3.50836181640625,3.7110204696655273,0.28539592027664185,0.28539592027664185,0.09173066616058345,0.8917306661605835,0.8,0.79045170545578,0.7988778948783875,0.1539226919412613,0.18678981065750122,0.10666952282190323,0,0.8917306661605835,1,1,0,-0.013172388076782227,1,-0.9785728454589844,0.9228399991989136,1.0428175926208496,-0.755721390247345,-1.201424241065979,0.5761586427688599,1.2695213556289673,0.8726847767829895,1.2129504680633545
2026-06-13T12:34:12.330215,854,1,-2665.734637919962,0,3.5030722618103027,3.5095767974853516,3.71695613861084,0.29769259691238403,0.2976926267147064,0.09330840110778804,0.8933084011077881,0.8,0.7651309967041016,0.7772697806358337,0.14974236488342285,0.25435352325439453,0.09175566583871841,0,0.8933084011077881,1,1,0,-0.01233983039855957,1,-0.978117823600769,0.9266519546508789,1.0339102745056152,-0.7476131916046143,-1.2086224555969238,0.5880531072616577,1.2652508020401,0.85581374168396,1.21200692653656
2026-06-13T12:34:12.869218,855,1,-2660.7979218725927,0,3.4897353649139404,3.4956448078155518,3.713789224624634,0.2981070876121521,0.2981070876121521,0.11877895593643184,0.9187789559364319,0.8,0.769611120223999,0.7749383449554443,0.13023912906646729,0.534925103187561,0.10061023384332657,0,0.9187789559364319,1,1,0,-0.012774467468261719,1,-0.9642564654350281,0.9266082048416138,1.0377693176269531,-0.726516842842102,-1.201996088027954,0.5738946795463562,1.2793217897415161,0.8642420768737793,1.211296558380127
2026-06-13T12:34:13.610622,856,1,-2634.9673606923684,0,3.491758108139038,3.497905731201172,3.705839157104492,0.2936122417449951,0.2936122715473175,0.0865803480148315,0.8865803480148315,0.8,0.7797404527664185,0.8117738962173462,0.1293848752975464,0.33681392669677734,0.10646156221628189,0,0.8865803480148315,1,1,0,-0.012625455856323242,1,-0.970540463924408,0.9111024141311646,1.0414974689483643,-0.7400606870651245,-1.2010202407836914,0.5732298493385315,1.2489749193191528,0.8705372214317322,1.2124577760696411
2026-06-13T12:34:14.224352,857,1,-2692.3434431835917,0,3.507507085800171,3.5143043994903564,3.7175371646881104,0.2983853816986084,0.2983854115009308,0.07319588661193843,0.8731958866119385,0.8,0.7713300585746765,0.789635419845581,0.1684541553258896,0.24352207779884338,0.10437587648630142,0,0.8731958866119385,1,1,0,-0.012718677520751953,1,-0.9794861674308777,0.9382312297821045,1.037419319152832,-0.7498217821121216,-1.2091505527496338,0.6112512946128845,1.2652111053466797,0.8614755868911743,1.2133629322052002
2026-06-13T12:34:14.821247,858,1,-2685.4152759380263,0,3.4896907806396484,3.4962048530578613,3.7117128372192383,0.30323362350463867,0.30323362350463867,0.11504353284835811,0.9150435328483582,0.8,0.7746329307556152,0.7861430644989014,0.16540071368217468,0.37424808740615845,0.10311321169137955,0,0.9150435328483582,1,1,0,-0.012650012969970703,1,-0.9642821550369263,0.9265745282173157,1.0317186117172241,-0.727361261844635,-1.2012029886245728,0.5798550844192505,1.2732939720153809,0.8501138091087341,1.2133234739303589
2026-06-13T12:34:15.400070,859,1,-2657.256581638339,0,3.494795083999634,3.5006134510040283,3.7163331508636475,0.29535549879074097,0.29535552859306335,0.12773252725601192,0.927732527256012,0.8,0.7563132047653198,0.7888286113739014,0.19494351744651794,0.3359828591346741,0.09397910535335541,0,0.927732527256012,1,1,0,-0.012479305267333984,1,-0.9735977649688721,0.9116668701171875,1.0359820127487183,-0.7408168911933899,-1.206378698348999,0.5517455339431763,1.2715882062911987,0.8586642146110535,1.2132998704910278
2026-06-13T12:34:15.957100,860,1,-2661.4952464945172,0,3.489478349685669,3.4954428672790527,3.7115352153778076,0.29725104570388794,0.2972510755062103,0.11176342964172359,0.9117634296417236,0.8,0.7622989416122437,0.7822737693786621,0.16581818461418152,0.3265652060508728,0.1044255793094635,0,0.9117634296417236,1,1,0,-0.012375831604003906,1,-0.9683741331100464,0.9104641675949097,1.039602518081665,-0.7324771285057068,-1.2042710781097412,0.561126708984375,1.2598016262054443,0.865981936454773,1.2132230997085571
2026-06-13T12:34:16.575517,861,1,-2694.2090937974385,0,3.49079966545105,3.4968976974487305,3.7145349979400635,0.29995983839035034,0.29995986819267273,0.1264438152313232,0.9264438152313232,0.8,0.7833746671676636,0.793013334274292,0.13555040955543518,0.3359743058681488,0.10537059605121613,0,0.9264438152313232,1,1,0,-0.013089179992675781,1,-0.9722268581390381,0.9015005826950073,1.032626748085022,-0.7364559769630432,-1.2079976797103882,0.5457523465156555,1.257248878479004,0.8525440096855164,1.2127095460891724
2026-06-13T12:34:17.179580,862,1,-2693.4374906781454,0,3.499612808227539,3.5059542655944824,3.716874122619629,0.2981800436973572,0.2981800436973572,0.10919953584671016,0.9091995358467102,0.8,0.760001540184021,0.7833707928657532,0.15732762217521667,0.24710266292095184,0.10541056841611862,0,0.9091995358467102,1,1,0,-0.012377500534057617,1,-0.9754916429519653,0.9231685400009155,1.0332709550857544,-0.7437503337860107,-1.20723295211792,0.5759815573692322,1.2703555822372437,0.8532207012176514,1.2133212089538574
2026-06-13T12:34:17.727944,863,1,-2721.8974795958843,0,3.480056047439575,3.4868760108947754,3.7152907848358154,0.3157358169555664,0.3157358169555664,0.1391306638717651,0.9391306638717651,0.8,0.7496716976165771,0.7824458479881287,0.17634573578834534,0.17045317590236664,0.1007789596915245,0,0.9391306638717651,1,1,0,-0.012207508087158203,1,-0.9552624225616455,0.9231990575790405,1.0265724658966064,-0.7058903574943542,-1.204634428024292,0.5721959471702576,1.2742022275924683,0.8392172455787659,1.2139277458190918
2026-06-13T12:34:18.236536,864,1,-2753.435245355936,0,3.4783904552459717,3.4856762886047363,3.712226629257202,0.3194778859615326,0.319477915763855,0.14621586799621578,0.9462158679962158,0.8,0.7818744778633118,0.7987664341926575,0.15617167949676514,0.12222601473331451,0.0981048196554184,0,0.9462158679962158,1,1,0,-0.012855052947998047,1,-0.9547079801559448,0.9191733598709106,1.015902042388916,-0.7071478962898254,-1.2022680044174194,0.5669670701026917,1.2713795900344849,0.8196983337402344,1.2121057510375977
2026-06-13T12:34:18.670506,865,1,-2723.0287238106876,0,3.4805736541748047,3.4867329597473145,3.7183494567871094,0.31073999404907227,0.31073999404907227,0.1421741962432861,0.9421741962432861,0.8,0.7602021098136902,0.7775686383247375,0.16620971262454987,0.25552716851234436,0.09616405516862869,0,0.9421741962432861,1,1,0,-0.012757062911987305,1,-0.9549294114112854,0.9259610772132874,1.037920594215393,-0.7042813301086426,-1.2055774927139282,0.5692564249038696,1.282665729522705,0.8594258427619934,1.2164154052734375
2026-06-13T12:34:19.217008,866,1,-2637.7638123627007,0,3.4952776432037354,3.501310348510742,3.7068464756011963,0.29060879349708557,0.29060879349708557,0.08824492692947383,0.8882449269294739,0.8,0.7587680816650391,0.798714816570282,0.14784008264541626,0.4170893132686615,0.10195158421993256,0,0.8882449269294739,1,1,0,-0.012535333633422852,1,-0.9734044075012207,0.91391921043396,1.0431227684020996,-0.7462790608406067,-1.20052969455719,0.572930097579956,1.2549083232879639,0.8717014789581299,1.2145441770553589
2026-06-13T12:34:19.777273,867,1,-2773.888925095098,0,3.4694085121154785,3.476682186126709,3.715848445892334,0.32821589708328247,0.32821589708328247,0.1681877493858337,0.9681877493858337,0.8,0.7526305317878723,0.7575907111167908,0.17151865363121033,0.27388089895248413,0.10910516232252121,0,0.9681877493858337,1,1,0,-0.012314558029174805,1,-0.9414753317832947,0.9332867860794067,1.0176703929901123,-0.6820179224014282,-1.2009327411651611,0.5750102996826172,1.2915632724761963,0.821031928062439,1.2143088579177856
2026-06-13T12:34:20.330143,868,1,-2705.2653994035745,0,3.4834718704223633,3.490112781524658,3.7061798572540283,0.30495578050613403,0.3049558699131012,0.10491861104965206,0.9049186110496521,0.8,0.7570061683654785,0.767646312713623,0.14760920405387878,0.23888491094112396,0.11230136454105377,0,0.9049186110496521,1,1,0,-0.012317419052124023,1,-0.9611533880233765,0.9144786596298218,1.03084135055542,-0.7220231890678406,-1.2002836465835571,0.5748268961906433,1.2541303634643555,0.8514734506607056,1.2102093696594238
2026-06-13T12:34:20.914405,869,1,-2695.8366062744053,0,3.4843783378601074,3.490579843521118,3.7162020206451416,0.3068566620349884,0.3068566918373108,0.13302512168884273,0.9330251216888428,0.8,0.7387134432792664,0.7468401789665222,0.13829603791236877,0.435686856508255,0.10138305276632309,0,0.9330251216888428,1,1,0,-0.01211237907409668,1,-0.955476701259613,0.9382488131523132,1.0368294715881348,-0.7099604606628418,-1.2009929418563843,0.5839076042175293,1.2925900220870972,0.8585093021392822,1.2151495218276978
2026-06-13T12:34:21.491825,870,1,-2736.4755570060597,0,3.470700979232788,3.4768385887145996,3.7186427116394043,0.3179800510406494,0.3179800808429718,0.15190286636352535,0.9519028663635254,0.8,0.7533089518547058,0.7845996022224426,0.1742151975631714,0.3873310089111328,0.10585141181945801,0,0.9519028663635254,1,1,0,-0.012089729309082031,1,-0.9488949775695801,0.9105156660079956,1.0403475761413574,-0.6882314085960388,-1.2095586061477661,0.5537425875663757,1.2672886848449707,0.8634373545646667,1.2172578573226929
2026-06-13T12:34:22.017724,871,1,-2781.620229472242,0,3.4899697303771973,3.4970483779907227,3.7243165969848633,0.3179780840873718,0.3179780840873718,0.14284284114837642,0.9428428411483765,0.8,0.721971869468689,0.7515687942504883,0.1356438845396042,0.3482840061187744,0.10527115315198898,0,0.9428428411483765,1,1,0,-0.011827230453491211,1,-0.9564611911773682,0.9557934999465942,1.022705078125,-0.7071307301521301,-1.2057915925979614,0.6043834090232849,1.3072036504745483,0.8314372301101685,1.213973045349121
2026-06-13T12:34:22.502634,872,1,-2953.015622462849,0,3.443192958831787,3.4525084495544434,3.719021797180176,0.3677854537963867,0.3677854537963867,0.19003440141677852,0.9900344014167786,0.8,0.719031035900116,0.7517761588096619,0.06740742176771164,0.428056538105011,0.1415606439113617,0,0.9900344014167786,1,1,0,-0.011666059494018555,0,-0.9114651679992676,0.9432790279388428,1.00081467628479,-0.61576908826828,-1.2071613073349,0.6060591340065002,1.2804988622665405,0.7913185358047485,1.210310697555542
2026-06-13T12:34:22.981724,873,1,-2919.113873895016,0,3.4500715732574463,3.4588379859924316,3.721759557723999,0.36013081669807434,0.36013084650039673,0.2035157203674316,1.0035157203674316,0.8,0.726034939289093,0.7300484776496887,0.14625397324562073,0.4624258875846863,0.12013008445501328,0,1.0035157203674316,1,1,0,-0.011801481246948242,0,-0.9224367141723633,0.9297271966934204,1.0038443803787231,-0.6356984972953796,-1.2091749906539917,0.5771437883377075,1.2823106050491333,0.7911778688430786,1.2165108919143677
2026-06-13T12:34:23.395382,874,1,-2805.4875969681425,0,3.4906325340270996,3.498953342437744,3.7210967540740967,0.32787948846817017,0.32787948846817017,0.1472747445106506,0.9472747445106506,0.8,0.7275375127792358,0.7567907571792603,0.09934517741203308,0.7554445862770081,0.10805776715278625,0,0.9472747445106506,1,1,0,-0.011635303497314453,1,-0.9596667289733887,0.9471695423126221,1.0049018859863281,-0.7134053111076355,-1.2059282064437866,0.6011353135108948,1.2932038307189941,0.7952642440795898,1.2145395278930664
2026-06-13T12:34:23.812828,875,1,-3017.801180927185,0,3.4317710399627686,3.441588878631592,3.724236488342285,0.3838915228843689,0.3838915526866913,0.21404154300689693,1.014041543006897,0.8,0.738703191280365,0.756097137928009,0.14346440136432648,0.3481525182723999,0.13111749291419983,0,1.014041543006897,1,1,0,-0.012274742126464844,0,-0.8941314220428467,0.9621579647064209,1.0014305114746094,-0.5805580615997314,-1.207704782485962,0.6250362992286682,1.2992795705795288,0.7890846133232117,1.2137763500213623
2026-06-13T12:34:24.259956,876,1,-2780.3116945458296,0,3.4602134227752686,3.4672775268554688,3.7086360454559326,0.32740336656570435,0.32740339636802673,0.1484251737594604,0.9484251737594604,0.8,0.727401614189148,0.7571048140525818,0.1621742844581604,0.4825044870376587,0.10085677355527878,0,0.9484251737594604,1,1,0,-0.011522054672241211,1,-0.9360054731369019,0.9185165166854858,1.0216789245605469,-0.6717947125434875,-1.2002161741256714,0.5714107751846313,1.2656222581863403,0.8357008099555969,1.2076570987701416
2026-06-13T12:34:24.731804,877,1,-2961.965191328931,0,3.435692310333252,3.4449734687805176,3.7143027782440186,0.3693212568759918,0.3693212866783142,0.20134563446044917,1.0013456344604492,0.8,0.7464098930358887,0.7534581422805786,0.12244920432567596,0.5860989689826965,0.15436525642871857,0,1.0013456344604492,1,1,0,-0.012750864028930664,0,-0.9057340621948242,0.935992956161499,1.0045381784439087,-0.609169065952301,-1.2022991180419922,0.5931491255760193,1.2788368463516235,0.791981041431427,1.2170953750610352
2026-06-13T12:34:25.184574,878,1,-2799.4426515089253,0,3.4620187282562256,3.468756914138794,3.7188923358917236,0.33055588603019714,0.33055591583251953,0.17565603256225581,0.9756560325622559,0.8,0.7229357957839966,0.7319803237915039,0.11825372278690338,0.4365222752094269,0.11990159749984741,0,0.9756560325622559,1,1,0,-0.011649131774902344,1,-0.9367161989212036,0.9226691722869873,1.0240994691848755,-0.6672199368476868,-1.2062125205993652,0.561782956123352,1.2835553884506226,0.8367253541946411,1.2114735841751099
2026-06-13T12:34:25.624323,879,1,-3085.006853725291,0,3.4545066356658936,3.4622316360473633,3.7291791439056396,0.35311615467071533,0.3531161844730377,0.21287376880645748,1.0128737688064575,0.8,0.6232883334159851,0.744098424911499,0.11456045508384705,0.1565423160791397,0.13842563331127167,0,1.0128737688064575,1,1,0,-0.009434938430786133,0,-0.9122568368911743,0.9810198545455933,0.9869496822357178,-0.621997058391571,-1.2025165557861328,0.6162857413291931,1.3457540273666382,0.7889683246612549,1.1849310398101807
2026-06-13T12:34:26.042160,880,1,-3004.2465414360167,0,3.4258995056152344,3.4353771209716797,3.721015214920044,0.38290703296661377,0.38290703296661377,0.21970267295837398,1.019702672958374,0.8,0.6930431127548218,0.7090764045715332,0.12996619939804077,0.30918997526168823,0.12045665085315704,0,1.019702672958374,1,1,0,-0.011405229568481445,0,-0.8926411867141724,0.9462029933929443,0.9990549087524414,-0.5777961611747742,-1.2074862718582153,0.6045398116111755,1.287866234779358,0.7890853881835938,1.209024429321289
2026-06-13T12:34:26.498953,881,1,-2961.948480846756,0,3.439605951309204,3.4479150772094727,3.7192749977111816,0.3617521822452545,0.3617521822452545,0.22185034751892085,1.021850347518921,0.8,0.7051829099655151,0.7451795935630798,0.11876562237739563,0.2560073733329773,0.1382182240486145,0,1.021850347518921,1,1,0,-0.011402606964111328,0,-0.9064905643463135,0.9476324319839478,0.9988721609115601,-0.6127700805664062,-1.2002110481262207,0.584907591342926,1.3103573322296143,0.7910177111625671,1.2067266702651978
2026-06-13T12:34:26.999490,882,1,-2995.858813706008,0,3.4218273162841797,3.4313549995422363,3.711515426635742,0.37919163703918457,0.37919166684150696,0.2052951574325561,1.0052951574325562,0.8,0.6838465929031372,0.6991760730743408,0.12174338102340698,0.563448429107666,0.12398461997509003,0,1.0052951574325562,1,1,0,-0.011148691177368164,0,-0.8911498785018921,0.9366075992584229,1.0002562999725342,-0.5808817148208618,-1.2014180421829224,0.6005222201347351,1.2726929187774658,0.791845977306366,1.2086666822433472
2026-06-13T12:34:27.448446,883,1,-2988.429949140092,0,3.425942897796631,3.4345903396606445,3.7188804149627686,0.37435853481292725,0.37435853481292725,0.23686618804931636,1.0368661880493164,0.8,0.6808841228485107,0.7217339277267456,0.10657721012830734,0.4484325349330902,0.14771988987922668,0,1.0368661880493164,1,1,0,-0.011260986328125,0,-0.8922958970069885,0.9475616216659546,1.0005669593811035,-0.5844682455062866,-1.2001235485076904,0.5867758393287659,1.3083473443984985,0.7911661863327026,1.2099677324295044
2026-06-13T12:34:27.865471,884,1,-3011.058940141906,0,3.4193849563598633,3.428018569946289,3.7224972248077393,0.381885826587677,0.3818858563899994,0.2514055490493774,1.0514055490493774,0.8,0.7003428936004639,0.7207023501396179,0.10697677731513977,0.4171363413333893,0.12001384794712067,0,1.0514055490493774,1,1,0,-0.011458635330200195,0,-0.890670895576477,0.9293408989906311,1.0018930435180664,-0.5736170411109924,-1.207724690437317,0.5661826133728027,1.2924991846084595,0.7922353744506836,1.2115507125854492
2026-06-13T12:34:28.277933,885,1,-2984.476636916008,0,3.417102813720703,3.425673246383667,3.7150843143463135,0.37736454606056213,0.37736454606056213,0.2354535579681396,1.0354535579681396,0.8,0.7067440152168274,0.7495625615119934,0.10903188586235046,0.41594475507736206,0.10325253754854202,0,1.0354535579681396,1,1,0,-0.011178255081176758,0,-0.8888505101203918,0.9273903965950012,0.9993279576301575,-0.5752452611923218,-1.202455759048462,0.570344090461731,1.2844367027282715,0.7938754558563232,1.2047804594039917
2026-06-13T12:34:28.695950,886,1,-2769.907278344957,0,3.44486927986145,3.4508395195007324,3.7231268882751465,0.3395726978778839,0.3395726978778839,0.2261287689208984,1.0261287689208984,0.8,0.7118902802467346,0.7214685082435608,0.1401655375957489,0.2699074149131775,0.12635716795921326,0,1.0261287689208984,1,1,0,-0.011451244354248047,1,-0.9188801050186157,0.9226198196411133,1.0305185317993164,-0.6332536339759827,-1.204506516456604,0.5377129912376404,1.3075265884399414,0.8474903106689453,1.213546872138977
2026-06-13T12:34:29.187225,887,1,-2949.4797835629247,0,3.443805694580078,3.451777935028076,3.729531764984131,0.3634856641292572,0.3634856641292572,0.2348497629165649,1.034849762916565,0.8,0.6732172966003418,0.6984295845031738,0.10004596412181854,0.3382689356803894,0.12027759850025177,0,1.034849762916565,1,1,0,-0.010775089263916016,0,-0.9091966152191162,0.953421413898468,0.9986060261726379,-0.6106040477752686,-1.2077891826629639,0.5839130878448486,1.3229297399520874,0.7935826778411865,1.2036293745040894
2026-06-13T12:34:29.610063,888,1,-2852.6912171375843,0,3.4598934650421143,3.4667792320251465,3.7145867347717285,0.3303079903125763,0.3303079903125763,0.16154177188873287,0.9615417718887329,0.8,0.6622456312179565,0.7228162288665771,0.11856923997402191,0.26100343465805054,0.12399394810199738,0,0.9615417718887329,1,1,0,-0.009564638137817383,1,-0.9305101037025452,0.9372732639312744,1.0092061758041382,-0.6597152948379517,-1.2013049125671387,0.5847266912460327,1.2898198366165161,0.8261168003082275,1.1922955513000488
2026-06-13T12:34:30.031806,889,1,-2788.7057206066856,0,3.4715147018432617,3.4780349731445312,3.724907636642456,0.3259710669517517,0.3259710967540741,0.16722030639648433,0.9672203063964844,0.8,0.6513071060180664,0.6825180053710938,0.10124081373214722,0.3867473602294922,0.09692823886871338,0,0.9672203063964844,1,1,0,-0.009716272354125977,1,-0.9383172392845154,0.9519883990287781,1.027742624282837,-0.6710847616195679,-1.205549716949463,0.592461347579956,1.3115154504776,0.8455178737640381,1.2099674940109253
2026-06-13T12:34:30.450971,890,1,-2818.1484753456853,0,3.4535510540008545,3.460857391357422,3.71504807472229,0.3393101096153259,0.3393101096153259,0.16760940551757808,0.9676094055175781,0.8,0.715548574924469,0.7199384570121765,0.13872456550598145,0.4635953903198242,0.09789448231458664,0,0.9676094055175781,1,1,0,-0.011295318603515625,1,-0.9247725009918213,0.9339326620101929,1.0259408950805664,-0.6472281813621521,-1.2023168802261353,0.5852630734443665,1.2826021909713745,0.8376175761222839,1.214264154434204
2026-06-13T12:34:30.940131,891,1,-2838.39394563158,0,3.452035427093506,3.459603786468506,3.7195558547973633,0.3462415337562561,0.3462415635585785,0.18325514793395992,0.98325514793396,0.8,0.7163074016571045,0.7314091324806213,0.13268089294433594,0.4360388219356537,0.09616325050592422,0,0.98325514793396,1,1,0,-0.011354923248291016,1,-0.9242225885391235,0.9304755926132202,1.0175485610961914,-0.6413464546203613,-1.2070987224578857,0.5782075524330139,1.2827436923980713,0.8236775994300842,1.2114195823669434
2026-06-13T12:34:31.409285,892,1,-2980.988718079948,0,3.4258368015289307,3.4341750144958496,3.725571393966675,0.37697792053222656,0.37697798013687134,0.259383749961853,1.059383749961853,0.8,0.704688549041748,0.710096538066864,0.11321176588535309,0.4274413585662842,0.14567817747592926,0,1.059383749961853,1,1,0,-0.011650800704956055,0,-0.8950226306915283,0.937645673751831,1.0017354488372803,-0.5837697386741638,-1.206275463104248,0.5645692944526672,1.3107221126556396,0.7907635569572449,1.212707281112671
2026-06-13T12:34:31.843497,893,1,-2807.5381767823674,0,3.4476571083068848,3.455197811126709,3.7181780338287354,0.348150372505188,0.348150372505188,0.1837010502815246,0.9837010502815247,0.8,0.7287511229515076,0.7398276925086975,0.09015078842639923,0.24269142746925354,0.12389983236789703,0,0.9837010502815247,1,1,0,-0.011574745178222656,1,-0.9233895540237427,0.9170262813568115,1.0220216512680054,-0.6377046704292297,-1.2090743780136108,0.5661409497261047,1.2679115533828735,0.829198956489563,1.2148443460464478
2026-06-13T12:34:32.289384,894,1,-2992.84814425746,0,3.43373441696167,3.4425392150878906,3.730802536010742,0.3789993226528168,0.37899935245513916,0.2444238185882568,1.0444238185882568,0.8,0.6622274518013,0.7000091075897217,0.14283204078674316,0.5598493218421936,0.14968177676200867,0,1.0444238185882568,1,1,0,-0.0113677978515625,0,-0.8953007459640503,0.9651544094085693,1.0005338191986084,-0.5828660130500793,-1.2077354192733765,0.6038234829902649,1.3264853954315186,0.7895130515098572,1.2115545272827148
2026-06-13T12:34:32.712685,895,1,-2809.907431196691,0,3.4368655681610107,3.4442124366760254,3.7122962474823,0.3498893976211548,0.3498894274234772,0.20833547115325923,1.0083354711532593,0.8,0.733229398727417,0.7532535791397095,0.14574900269508362,0.33740758895874023,0.10031615197658539,0,1.0083354711532593,1,1,0,-0.011779069900512695,1,-0.9126902222633362,0.9153003096580505,1.0188038349151611,-0.6253253221511841,-1.2000551223754883,0.5505971908569336,1.2800034284591675,0.8223397135734558,1.2152678966522217
2026-06-13T12:34:33.195061,896,1,-2871.694370917804,0,3.4262046813964844,3.434084415435791,3.713533878326416,0.3635224401950836,0.363522469997406,0.23684687614440914,1.0368468761444092,0.8,0.7220798134803772,0.7259352803230286,0.14789637923240662,0.437366783618927,0.10257575660943985,0,1.0368468761444092,1,1,0,-0.011554956436157227,0,-0.9035179615020752,0.9086166620254517,1.0079305171966553,-0.6054784059524536,-1.2015575170516968,0.5378487706184387,1.2793846130371094,0.8018566370010376,1.2140045166015625
2026-06-13T12:34:33.616069,897,1,-2885.8176473134695,0,3.433803081512451,3.441082239151001,3.7294812202453613,0.36499109864234924,0.36499109864234924,0.24628241062164302,1.046282410621643,0.8,0.7041201591491699,0.7299538254737854,0.1381460279226303,0.7143971920013428,0.10962177067995071,0,1.046282410621643,1,1,0,-0.011055707931518555,0,-0.90216463804245,0.941521406173706,1.0157557725906372,-0.5956063270568848,-1.2087229490280151,0.5659486651420593,1.3170942068099976,0.8191754817962646,1.2123360633850098
2026-06-13T12:34:34.049885,898,1,-2883.508902486516,0,3.4205846786499023,3.428682327270508,3.7135684490203857,0.3696243166923523,0.3696243166923523,0.21742708683013912,1.0174270868301392,0.8,0.7398642301559448,0.7615296840667725,0.1636086404323578,0.7461207509040833,0.11544040590524673,0,1.0174270868301392,1,1,0,-0.01157522201538086,0,-0.8949719667434692,0.9183410406112671,1.0144786834716797,-0.5862131118774414,-1.203730821609497,0.5656318664550781,1.271050214767456,0.8168586492538452,1.2120987176895142
2026-06-13T12:34:34.471412,899,1,-2820.790799224861,0,3.4512898921966553,3.4588546752929688,3.7202725410461426,0.3472939431667328,0.3472939729690552,0.19063128232955928,0.9906312823295593,0.8,0.6869173049926758,0.7063513398170471,0.15037372708320618,0.5923336744308472,0.08966343849897385,0,0.9906312823295593,1,1,0,-0.010737180709838867,1,-0.9194637537002563,0.9446711540222168,1.0125702619552612,-0.6352569460868835,-1.2036705017089844,0.588765561580658,1.3005768060684204,0.8179031610488892,1.2072373628616333
2026-06-13T12:34:34.902077,900,1,-2992.959983894988,0,3.3891372680664062,3.398955821990967,3.7140486240386963,0.407345712184906,0.4073457717895508,0.2575877428054809,1.057587742805481,0.8,0.7236378192901611,0.7254810929298401,0.14258868992328644,0.4010273814201355,0.11869703978300095,0,1.057587742805481,1,1,0,-0.011466741561889648,0,-0.8621513843536377,0.9190318584442139,1.0007990598678589,-0.5175880789756775,-1.2067146301269531,0.5769163966178894,1.261147379875183,0.7913805842399597,1.2102174758911133
2026-06-13T12:34:35.405837,901,1,-2972.2085856640942,0,3.392502546310425,3.4012980461120605,3.7114932537078857,0.39493903517723083,0.39493903517723083,0.2686578750610351,1.0686578750610352,0.8,0.7063229084014893,0.7151941657066345,0.12324853241443634,0.5721622705459595,0.11024405807256699,0,1.0686578750610352,1,1,0,-0.011374473571777344,0,-0.8681420683860779,0.910118579864502,1.0018796920776367,-0.534821629524231,-1.2014625072479248,0.5482053160667419,1.2720317840576172,0.7934960722923279,1.2102632522583008
2026-06-13T12:34:35.850937,902,1,-2863.03438034951,0,3.4417166709899902,3.449500560760498,3.7271268367767334,0.36154699325561523,0.36154699325561523,0.2207356214523315,1.0207356214523315,0.8,0.7010939121246338,0.716230034828186,0.1792512685060501,0.8338145613670349,0.12180981040000916,0,1.0207356214523315,1,1,0,-0.011111736297607422,0,-0.9073469042778015,0.9522093534469604,1.0129053592681885,-0.6076799631118774,-1.2070138454437256,0.5900105834007263,1.3144081830978394,0.814191997051239,1.2116187810897827
2026-06-13T12:34:36.426760,903,1,-2225.077703875941,0,3.369072437286377,3.3706116676330566,3.4941928386688232,0.16014277935028076,0.16014283895492554,0.018304157257080123,0.7816958427429199,0.8,0.6419581770896912,0.7160364985466003,0.13265158236026764,0.33957961201667786,0.0889999270439148,0,0.7816958427429199,1,1,0,-0.011268854141235352,1,-0.8000322580337524,1.0420477390289307,0.843224048614502,-0.6539697051048279,-0.9460947513580322,0.6831523180007935,1.4009432792663574,0.792019784450531,0.8944282531738281
2026-06-13T12:34:36.830480,904,1,-2962.119238678717,0,3.3914132118225098,3.4003920555114746,3.7086524963378906,0.39497604966163635,0.39497607946395874,0.2630862712860107,1.0630862712860107,0.8,0.7268097400665283,0.7573361992835999,0.1628570705652237,0.3995139002799988,0.12714198231697083,0,1.0630862712860107,1,1,0,-0.011738300323486328,0,-0.8682008981704712,0.905836820602417,1.0024851560592651,-0.5360363721847534,-1.200365424156189,0.5476717352867126,1.2640018463134766,0.7929078936576843,1.2120624780654907
2026-06-13T12:34:37.314130,905,1,-3021.9446298788025,0,3.392235040664673,3.4013164043426514,3.7268147468566895,0.40944236516952515,0.40944236516952515,0.2950747728347778,1.0950747728347778,0.8,0.6742781400680542,0.6989364624023438,0.1457490622997284,0.6929787993431091,0.16234739124774933,0,1.0950747728347778,1,1,0,-0.011402130126953125,0,-0.8583189845085144,0.9437232613563538,1.0011414289474487,-0.5085277557373047,-1.2081102132797241,0.5785305500030518,1.3089159727096558,0.7911947965621948,1.2110880613327026
2026-06-13T12:34:37.771895,906,1,-2913.3666161407714,0,3.402251720428467,3.4110167026519775,3.721393585205078,0.39503395557403564,0.39503398537635803,0.27568144798278804,1.075681447982788,0.8,0.7343132495880127,0.768979012966156,0.10129585862159729,0.6468050479888916,0.15520331263542175,0,1.075681447982788,1,1,0,-0.012745141983032227,0,-0.8762184977531433,0.9174467921257019,0.9997050762176514,-0.5436787605285645,-1.2087582349777222,0.5509207248687744,1.2839728593826294,0.7891139388084412,1.2102962732315063
2026-06-13T12:34:38.193598,907,1,-3029.332748318333,0,3.3816473484039307,3.3902409076690674,3.7241122722625732,0.4119054675102234,0.4119054973125458,0.3258817911148071,1.1258817911148071,0.8,0.6794743537902832,0.7000148892402649,0.12020637094974518,0.2836947739124298,0.1670888066291809,0,1.1258817911148071,1,1,0,-0.011479377746582031,0,-0.8500379323959351,0.9342289566993713,1.0025134086608887,-0.49734169244766235,-1.2027342319488525,0.5501835346221924,1.3182743787765503,0.7903415560722351,1.214685320854187
2026-06-13T12:34:38.613453,908,1,-2953.9380932753256,0,3.410200357437134,3.4192311763763428,3.714350461959839,0.38570696115493774,0.3857070207595825,0.24155230522155757,1.0415523052215576,0.8,0.6981475353240967,0.7197644710540771,0.1092408075928688,0.6706518530845642,0.10759411007165909,0,1.0415523052215576,1,1,0,-0.010889768600463867,0,-0.8840408325195312,0.9189901351928711,0.9999207258224487,-0.563628613948822,-1.2044531106948853,0.5659427046775818,1.2720375061035156,0.7903943657875061,1.2094471454620361
2026-06-13T12:34:39.084474,909,1,-2975.2477576568535,0,3.4176995754241943,3.4255213737487793,3.7291314601898193,0.38171494007110596,0.38171496987342834,0.2881656408309936,1.0881656408309937,0.8,0.6473497152328491,0.6995359063148499,0.13789990544319153,0.6897265911102295,0.12124078720808029,0,1.0881656408309937,1,1,0,-0.010045289993286133,0,-0.8822407722473145,0.9526617527008057,0.9991110563278198,-0.5618089437484741,-1.2026726007461548,0.5647619962692261,1.3405615091323853,0.7920281291007996,1.2061939239501953
2026-06-13T12:34:39.517769,910,1,-2871.6370921400026,0,3.398775815963745,3.4066500663757324,3.715609073638916,0.3860616385936737,0.3860616683959961,0.2618449449539184,1.0618449449539185,0.8,0.7240561246871948,0.7392199039459229,0.14524969458580017,0.3722294867038727,0.11224852502346039,0,1.0618449449539185,1,1,0,-0.01112675666809082,0,-0.8790943622589111,0.8939399719238281,1.0093841552734375,-0.5494268536567688,-1.2087619304656982,0.5278961062431335,1.259983777999878,0.8113692998886108,1.2073990106582642
2026-06-13T12:34:40.008680,911,1,-3103.7266730275846,0,3.4357409477233887,3.443289279937744,3.7332534790039062,0.3687871992588043,0.3687872290611267,0.24283237457275386,1.042832374572754,0.8,0.5565764904022217,0.7078722715377808,0.14488853514194489,0.297778457403183,0.1523231416940689,0,1.042832374572754,1,1,0,-0.007926464080810547,0,-0.8871661424636841,0.9992040991783142,0.9788607358932495,-0.5730348229408264,-1.201297402381897,0.6293655633926392,1.3690426349639893,0.7880313992500305,1.1696900129318237
2026-06-13T12:34:40.486223,912,1,-2224.999978845655,0,3.295403003692627,3.2969017028808594,3.4186949729919434,0.15720689296722412,0.1572069376707077,0.02322565317153935,0.7767743468284607,0.8,0.649586021900177,0.7710747122764587,0.12233517318964005,0.20417043566703796,0.0907205194234848,0,0.7767743468284607,1,1,0,-0.012752294540405273,1,-0.7210232019424438,1.0439075231552124,0.829261839389801,-0.5758545398712158,-0.8661918044090271,0.6862443089485168,1.4015707969665527,0.7862772345542908,0.8722464442253113
2026-06-13T12:34:40.952002,913,1,-2205.5527076976814,0,3.3459248542785645,3.3469841480255127,3.4560458660125732,0.13778406381607056,0.13778406381607056,0.036038982868194624,0.7639610171318054,0.8,0.623272180557251,0.6916857361793518,0.10971622914075851,0.1742367446422577,0.09062829613685608,0,0.7639610171318054,1,1,0,-0.010907649993896484,1,-0.7728912234306335,1.0451499223709106,0.8112272620201111,-0.6430230140686035,-0.9027594327926636,0.6864941120147705,1.4038057327270508,0.7909947633743286,0.8314597606658936
2026-06-13T12:34:41.468367,914,1,-2249.8479284700006,0,3.3654367923736572,3.366783380508423,3.488166332244873,0.1542675793170929,0.15426760911941528,0.033400642871856734,0.7665993571281433,0.8,0.663811206817627,0.749917209148407,0.10580174624919891,0.17275752127170563,0.0659313052892685,0,0.7665993571281433,1,1,0,-0.013106584548950195,1,-0.792853832244873,1.047048568725586,0.8114840984344482,-0.6481432318687439,-0.9375643730163574,0.6931483745574951,1.4009487628936768,0.7844258546829224,0.8385422825813293
2026-06-13T12:34:41.930529,915,1,-2237.3997670469903,0,3.3636066913604736,3.3652284145355225,3.4824130535125732,0.1569894254207611,0.1569894254207611,0.05876015424728398,0.7412398457527161,0.8,0.6148205995559692,0.6911655068397522,0.15291887521743774,0.17984841763973236,0.13658328354358673,0,0.7412398457527161,1,1,0,-0.01143956184387207,1,-0.7866538763046265,1.0592591762542725,0.8075001239776611,-0.6422230005264282,-0.9310847520828247,0.7183673977851868,1.400151014328003,0.7904230952262878,0.8245771527290344
2026-06-13T12:34:42.414350,916,1,-2388.182575999633,0,3.396946668624878,3.398667097091675,3.536888360977173,0.17548850178718567,0.17548851668834686,0.037116277217865035,0.762883722782135,0.8,0.6379837989807129,0.7924757599830627,0.12251497060060501,0.34437060356140137,0.05460350960493088,0,0.762883722782135,1,1,0,-0.012716293334960938,1,-0.8215160965919495,1.0592774152755737,0.8024868369102478,-0.6561305522918701,-0.9869016408920288,0.7159003615379333,1.4026545286178589,0.7870697379112244,0.8179039359092712
2026-06-13T12:34:42.896037,917,1,-2259.3302152130614,0,3.39493989944458,3.396450996398926,3.5118637084960938,0.15356405079364777,0.15356405079364777,0.06087760925292973,0.7391223907470703,0.8,0.6707017421722412,0.7545319199562073,0.14705850183963776,0.2804582118988037,0.07549512386322021,0,0.7391223907470703,1,1,0,-0.013515233993530273,1,-0.8179771900177002,1.061915397644043,0.7936625480651855,-0.6762953996658325,-0.9596589803695679,0.7206734418869019,1.403157353401184,0.7862006425857544,0.8011245131492615
2026-06-13T12:34:43.434832,918,1,-2274.686000534119,0,3.4330286979675293,3.4349703788757324,3.548009157180786,0.16160041093826294,0.16160044074058533,0.0860350608825684,0.7139649391174316,0.8,0.6574326753616333,0.7518170475959778,0.19442805647850037,0.362932026386261,0.07613752037286758,0,0.7139649391174316,1,1,0,-0.013273954391479492,1,-0.8533961176872253,1.0753755569458008,0.7886577844619751,-0.7094845175743103,-0.9973077178001404,0.7487233877182007,1.4020278453826904,0.7837331891059875,0.7935823798179626
2026-06-13T12:34:43.927155,919,1,-2299.837715547634,0,3.4774575233459473,3.480314254760742,3.5891544818878174,0.1781025230884552,0.17810256779193878,0.12680833339691167,0.6731916666030884,0.8,0.7247231006622314,0.7454501390457153,0.2199757695198059,0.2928648591041565,0.049269165843725204,0,0.6731916666030884,1,1,0,-0.014345169067382812,1,-0.8927810192108154,1.0989699363708496,0.7936760187149048,-0.7444090843200684,-1.0411529541015625,0.7969995737075806,1.400940179824829,0.7838543057441711,0.8034976720809937
2026-06-13T12:34:44.453766,920,1,-2278.905739950945,0,3.51768159866333,3.5199267864227295,3.6220033168792725,0.16192224621772766,0.16192227602005005,0.11654196977615361,0.6834580302238464,0.8,0.7370156645774841,0.7431323528289795,0.20259054005146027,0.27900999784469604,0.04348723962903023,0,0.6834580302238464,1,1,0,-0.014776229858398438,1,-0.9386324882507324,1.0877012014389038,0.7889934778213501,-0.8022012114524841,-1.075063705444336,0.7745013236999512,1.4009010791778564,0.7805629372596741,0.7974239587783813
2026-06-13T12:34:45.069291,921,1,-2475.1827795537506,0,3.6340725421905518,3.6389122009277344,3.74481201171875,0.215440034866333,0.2154400795698166,0.19697456359863286,0.6030254364013672,0.8,0.6422445774078369,0.7621686458587646,0.13450504839420319,0.6780859231948853,0.11218397319316864,0,0.6030254364013672,1,1,0,-0.012824535369873047,1,-1.0442066192626953,1.1395765542984009,0.7871899008750916,-0.8843403458595276,-1.2040728330612183,0.8839572072029114,1.3951959609985352,0.7838083505630493,0.7905714511871338
2026-06-13T12:34:45.665782,922,1,-2508.1576273884016,0,3.64982533454895,3.655792713165283,3.7403969764709473,0.2252810299396515,0.22528104484081268,0.2558382034301758,0.5441617965698242,0.8,0.6647402048110962,0.7688191533088684,0.13686250150203705,0.41943037509918213,0.10604309290647507,0,0.5441617965698242,1,1,0,-0.013222455978393555,1,-1.056414246559143,1.1529080867767334,0.7873288989067078,-0.9096880555152893,-1.2031404972076416,0.9238125085830688,1.382003664970398,0.7835016250610352,0.7911561727523804
2026-06-13T12:34:46.300736,923,1,-2966.781232840037,0,3.716657876968384,3.724186897277832,3.7402632236480713,0.23723822832107544,0.23723828792572021,0.3927885174751282,0.4072114825248718,0.8,0.6386442184448242,0.7978975176811218,0.13371026515960693,0.527507483959198,0.11155641078948975,0,0.4072114825248718,1,1,0,-0.012751102447509766,0,-1.109102487564087,1.205207347869873,0.7826986908912659,-1.0168126821517944,-1.2013922929763794,1.0237407684326172,1.3866740465164185,0.7799143195152283,0.7854830622673035
2026-06-13T12:34:46.864240,924,1,-2850.8410330281013,0,3.685741424560547,3.69272518157959,3.740999221801758,0.2320765107870102,0.23207654058933258,0.3325415134429932,0.46745848655700684,0.8,0.6404122114181519,0.8126217126846313,0.15034350752830505,0.23138636350631714,0.10149987787008286,0,0.46745848655700684,1,1,0,-0.012731790542602539,0,-1.083972454071045,1.183724284172058,0.7868741750717163,-0.9647936820983887,-1.2031511068344116,0.9827619791030884,1.3846865892410278,0.7805538773536682,0.7931944131851196
2026-06-13T12:34:47.467128,925,1,-3212.757283151259,0,3.7028417587280273,3.710418701171875,3.7354190349578857,0.23831704258918762,0.23831705749034882,0.38388096094131474,0.4161190390586853,0.8,0.6138942241668701,0.7637906670570374,0.14354307949543,0.5727419853210449,0.10313379019498825,0,0.4161190390586853,1,1,0,-0.012078285217285156,0,-1.1077178716659546,1.16619074344635,0.7833178043365479,-1.0089850425720215,-1.2064507007598877,0.9830735325813293,1.349307894706726,0.7803695201873779,0.786266028881073
2026-06-13T12:34:48.048700,926,1,-3083.3192766805632,0,3.7332074642181396,3.741861581802368,3.7439868450164795,0.25435060262680054,0.2543506324291229,0.4437659859657288,0.35623401403427124,0.8,0.5538362860679626,0.763054609298706,0.15649211406707764,0.3935287892818451,0.08687832951545715,0,0.35623401403427124,1,1,0,-0.010893821716308594,0,-1.1254510879516602,1.2087430953979492,0.7832704782485962,-1.0448154211044312,-1.2060868740081787,1.049953818321228,1.3675323724746704,0.7801865339279175,0.7863544821739197
2026-06-13T12:34:48.620588,927,1,-3476.4080531611085,0,3.7123498916625977,3.720566511154175,3.729971408843994,0.24731072783470154,0.2473108172416687,0.41985823512077336,0.3801417648792267,0.8,0.6122435331344604,0.7753999829292297,0.16847625374794006,0.5890469551086426,0.10422726720571518,0,0.3801417648792267,1,1,0,-0.01214289665222168,0,-1.1147172451019287,1.1752889156341553,0.7832081317901611,-1.0272226333618164,-1.2022117376327515,1.006583571434021,1.343994379043579,0.7800260186195374,0.7863902449607849
2026-06-13T12:34:49.225648,928,1,-3418.6350109903046,0,3.7114412784576416,3.719632625579834,3.7301790714263916,0.24694398045539856,0.24694402515888214,0.41830404400825505,0.381695955991745,0.8,0.5987253189086914,0.796606183052063,0.14261206984519958,0.5128195285797119,0.09688910096883774,0,0.381695955991745,1,1,0,-0.01198720932006836,0,-1.1159005165100098,1.1692473888397217,0.7852920293807983,-1.0278539657592773,-1.2039471864700317,0.999945342540741,1.3385493755340576,0.7825398445129395,0.7880441546440125
2026-06-13T12:34:49.828475,929,1,-3538.1475240078753,0,3.7164900302886963,3.7241625785827637,3.7264037132263184,0.23894351720809937,0.23894357681274414,0.42673994898796086,0.3732600510120392,0.8,0.606843113899231,0.7722688317298889,0.11185618489980698,0.5039122700691223,0.11079210788011551,0,0.3732600510120392,1,1,0,-0.012148380279541016,0,-1.1283977031707764,1.1470279693603516,0.7831273674964905,-1.0564686059951782,-1.2003268003463745,0.974856972694397,1.3191988468170166,0.7793673276901245,0.7868874073028564
2026-06-13T12:34:50.402744,930,1,-3366.4485202586093,0,3.691392421722412,3.699374198913574,3.73057222366333,0.24487940967082977,0.24487945437431335,0.3828212201595307,0.41717877984046936,0.8,0.6528940200805664,0.8101809024810791,0.14106225967407227,0.41813594102859497,0.10104675590991974,0,0.41717877984046936,1,1,0,-0.013119220733642578,0,-1.1014254093170166,1.1499489545822144,0.7902027368545532,-0.9954646825790405,-1.2073860168457031,0.970519483089447,1.3293784856796265,0.7808792591094971,0.7995262145996094
2026-06-13T12:34:51.046564,931,1,-3622.067063845573,0,3.7342662811279297,3.742893695831299,3.758490800857544,0.25446322560310364,0.2544632852077484,0.4648577451705933,0.33514225482940674,0.8,0.6019638776779175,0.8052789568901062,0.16682255268096924,0.2109619677066803,0.09206920862197876,0,0.33514225482940674,1,1,0,-0.012004375457763672,0,-1.1375854015350342,1.1760053634643555,0.7826405763626099,-1.0720715522766113,-1.203099250793457,1.0218446254730225,1.330165982246399,0.7778968811035156,0.7873843312263489
2026-06-13T12:34:51.685792,932,1,-3607.1316328751523,0,3.7111244201660156,3.7198028564453125,3.7250022888183594,0.2539997696876526,0.25399982929229736,0.4380926966667176,0.36190730333328247,0.8,0.6090461015701294,0.7939414381980896,0.1468767672777176,0.2219543308019638,0.10539738833904266,0,0.36190730333328247,1,1,0,-0.012332916259765625,0,-1.1214416027069092,1.1510417461395264,0.7832152843475342,-1.0374809503555298,-1.2054022550582886,0.9907562732696533,1.3113270998001099,0.7813665866851807,0.7850639224052429
2026-06-13T12:34:52.262401,933,1,-4643.5371885258055,0,3.6990675926208496,3.7082266807556152,3.7282209396362305,0.26123642921447754,0.26123642921447754,0.4809568107128144,0.31904318928718567,0.8,0.657549262046814,0.786491870880127,0.17923171818256378,0.4414888024330139,0.08162621408700943,1,0.31904318928718567,1,0,0,-0.013192176818847656,0,-1.10495924949646,1.1624692678451538,0.7831437587738037,-1.0418875217437744,-1.168031096458435,1.0159659385681152,1.3089725971221924,0.7807226777076721,0.7855648994445801
2026-06-13T12:34:52.824543,934,1,-4571.637823293857,0,3.6903767585754395,3.699486017227173,3.7233283519744873,0.2605445981025696,0.26054465770721436,0.48473449349403386,0.3152655065059662,0.8,0.6540957689285278,0.7725052833557129,0.14464257657527924,0.17737048864364624,0.09464826434850693,1,0.3152655065059662,1,0,0,-0.013141393661499023,0,-1.0970216989517212,1.159179925918579,0.7854729890823364,-1.0380990505218506,-1.1559443473815918,1.0129742622375488,1.305385708808899,0.7851694822311401,0.7857765555381775
2026-06-13T12:34:53.442564,935,1,-3566.2517911814202,0,3.7314372062683105,3.7404732704162598,3.7538726329803467,0.2601855993270874,0.2601856291294098,0.4697160601615906,0.3302839398384094,0.8,0.6008308529853821,0.7707062363624573,0.14291442930698395,0.48413151502609253,0.12594778835773468,0,0.3302839398384094,1,1,0,-0.01210927963256836,0,-1.1323823928833008,1.1845840215682983,0.7934616804122925,-1.0622992515563965,-1.2024654150009155,1.0351148843765259,1.3340531587600708,0.7890788316726685,0.7978444695472717
2026-06-13T12:34:54.045149,936,1,-4724.495227310867,0,3.737283945083618,3.745697021484375,3.7826931476593018,0.25362348556518555,0.25362348556518555,0.4868313550949097,0.31316864490509033,0.8,0.6050845980644226,0.772800862789154,0.12274350970983505,0.6261148452758789,0.13348928093910217,1,0.31316864490509033,1,0,0,-0.012042999267578125,0,-1.1409422159194946,1.176422119140625,0.7877504825592041,-1.0969252586364746,-1.1849591732025146,1.0261799097061157,1.3266643285751343,0.7848464846611023,0.7906545400619507
2026-06-13T12:34:54.688003,937,1,-4665.651863605144,0,3.7158846855163574,3.7245900630950928,3.753608226776123,0.2561514973640442,0.25615155696868896,0.48372675776481633,0.3162732422351837,0.8,0.6570022106170654,0.7982513308525085,0.1905415952205658,0.8727343678474426,0.09525471925735474,1,0.3162732422351837,1,0,0,-0.01323080062866211,0,-1.1221028566360474,1.1664531230926514,0.7951182723045349,-1.0699952840805054,-1.1742104291915894,1.0172111988067627,1.3156951665878296,0.799456775188446,0.7907797694206238
2026-06-13T12:34:55.307869,938,1,-3594.113148062164,0,3.748311996459961,3.755695104598999,3.7839577198028564,0.23707009851932526,0.23707015812397003,0.4513175964355469,0.3486824035644531,0.8,0.5405152440071106,0.7229947447776794,0.13557153940200806,0.47996431589126587,0.1268835812807083,0,0.3486824035644531,1,1,0,-0.010775327682495117,0,-1.1550283432006836,1.1688320636749268,0.7868179678916931,-1.108082890510559,-1.201973795890808,1.0010912418365479,1.3365727663040161,0.7794684767723083,0.7941674590110779
2026-06-13T12:34:55.925018,939,1,-4693.240949998284,0,3.711827516555786,3.7217800617218018,3.7290709018707275,0.27209511399269104,0.2720951735973358,0.48043559789657597,0.3195644021034241,0.8,0.6058852672576904,0.759221076965332,0.17688623070716858,0.7919111847877502,0.12609530985355377,1,0.3195644021034241,1,0,0,-0.012101411819458008,0,-1.121911644935608,1.1530559062957764,0.7896089553833008,-1.0439586639404297,-1.1998646259307861,1.0136876106262207,1.2924240827560425,0.7841152548789978,0.7951027154922485
2026-06-13T12:34:56.590635,940,1,-4712.0152484325135,0,3.743347644805908,3.7514853477478027,3.7907469272613525,0.2500656545162201,0.25006571412086487,0.48272012472152714,0.3172798752784729,0.8,0.5651119351387024,0.7005104422569275,0.20211052894592285,0.5921670198440552,0.11092428863048553,1,0.3172798752784729,1,0,0,-0.011249065399169922,0,-1.150205373764038,1.167268991470337,0.7851159572601318,-1.1101078987121582,-1.190302848815918,1.0139766931533813,1.320561170578003,0.7773500084877014,0.792881965637207
2026-06-13T12:34:57.214665,941,1,-4675.789899177029,0,3.646275758743286,3.655498504638672,3.6756341457366943,0.2602858543395996,0.260285884141922,0.4817289590835572,0.31827104091644287,0.8,0.6924384832382202,0.7781973481178284,0.1541053205728531,0.3457998037338257,0.06475166231393814,1,0.31827104091644287,1,0,0,-0.013866424560546875,0,-1.0625553131103516,1.1218042373657227,0.7818444967269897,-1.0016229152679443,-1.1234878301620483,0.9748349785804749,1.2687734365463257,0.7784689664840698,0.7852200865745544
2026-06-13T12:34:57.895499,942,1,-4719.477143161426,0,3.7389230728149414,3.7475595474243164,3.7813029289245605,0.25650379061698914,0.2565038502216339,0.4879542768001557,0.31204572319984436,0.8,0.5572651624679565,0.7334040999412537,0.1506003588438034,0.37362268567085266,0.11745502054691315,1,0.31204572319984436,1,0,0,-0.011070728302001953,0,-1.1397833824157715,1.1844134330749512,0.7840273380279541,-1.0910584926605225,-1.1885082721710205,1.0362273454666138,1.3325996398925781,0.7808837890625,0.787170946598053
2026-06-13T12:34:58.476285,943,1,-4728.75444353424,0,3.695202112197876,3.7038683891296387,3.732834577560425,0.2548788785934448,0.254878968000412,0.4806034147739411,0.31939658522605896,0.8,0.6558656692504883,0.784286618232727,0.17284299433231354,0.3274291753768921,0.10240171104669571,1,0.31939658522605896,1,0,0,-0.013118982315063477,0,-1.104386806488037,1.1529436111450195,0.7890215516090393,-1.052383542060852,-1.1563899517059326,1.0022683143615723,1.3036190271377563,0.779215931892395,0.7988271713256836
2026-06-13T12:34:59.089153,944,1,-4637.368245936068,0,3.676685333251953,3.685023784637451,3.720719814300537,0.25031930208206177,0.25031933188438416,0.4806999742984772,0.3193000257015228,0.8,0.6795806288719177,0.7539855241775513,0.18113146722316742,0.894133448600769,0.08852272480726242,1,0.3193000257015228,1,0,0,-0.01371622085571289,0,-1.0869150161743164,1.1461217403411865,0.7858892679214478,-1.0433648824691772,-1.1304652690887451,0.9925863146781921,1.2996572256088257,0.7816030383110046,0.7901755571365356
2026-06-13T12:34:59.738457,945,1,-4720.702083872863,0,3.7106478214263916,3.7190558910369873,3.7547781467437744,0.2524762451648712,0.252476304769516,0.48333166837692265,0.3166683316230774,0.8,0.6513742208480835,0.7959580421447754,0.15235421061515808,0.7195062041282654,0.1289122998714447,1,0.3166683316230774,1,0,0,-0.013146400451660156,0,-1.1170263290405273,1.1631417274475098,0.7842807173728943,-1.072194218635559,-1.1618585586547852,1.0114848613739014,1.3147984743118286,0.7765349745750427,0.7920264601707458
2026-06-13T12:35:00.381190,946,1,-4634.734686181024,0,3.6095974445343018,3.6176340579986572,3.6657683849334717,0.24575987458229065,0.24575990438461304,0.4831857264041901,0.31681427359580994,0.8,0.7724422216415405,0.8214293122291565,0.1655694842338562,0.8360257148742676,0.03602331131696701,1,0.31681427359580994,1,0,0,-0.015392065048217773,0,-1.028242588043213,1.110472321510315,0.7921596765518188,-1.0001100301742554,-1.0563750267028809,0.9546037316322327,1.266340970993042,0.7946811318397522,0.7896382808685303
2026-06-13T12:35:00.995547,947,1,-4766.214538488763,0,3.7386398315429688,3.7473673820495605,3.7802295684814453,0.2577061057090759,0.2577061653137207,0.488234031200409,0.31176596879959106,0.8,0.5784620642662048,0.7995496988296509,0.1630915403366089,0.5678214430809021,0.13797305524349213,1,0.31176596879959106,1,0,0,-0.011596202850341797,0,-1.1402146816253662,1.1829204559326172,0.7878521680831909,-1.0900776386260986,-1.1903518438339233,1.0355615615844727,1.3302792310714722,0.779417097568512,0.7962872982025146
2026-06-13T12:35:01.636205,948,1,-4724.88535081428,0,3.7383716106414795,3.747340679168701,3.77374005317688,0.26045191287994385,0.260452002286911,0.48533906340599064,0.3146609365940094,0.8,0.5975112915039062,0.7418689727783203,0.17481279373168945,0.8012393116950989,0.11553284525871277,1,0.3146609365940094,1,0,0,-0.012038230895996094,0,-1.141191840171814,1.1791455745697021,0.7878741025924683,-1.0839513540267944,-1.1984323263168335,1.0329984426498413,1.3252925872802734,0.7770373821258545,0.798710823059082
2026-06-13T12:35:02.222200,949,1,-4721.7877786980935,0,3.68603777885437,3.6931443214416504,3.7709896564483643,0.24187126755714417,0.24187126755714417,0.4836037337779999,0.3163962662220001,0.8,0.7470464706420898,0.7982115745544434,0.1940295398235321,1.1740193367004395,0.09073997288942337,1,0.3163962662220001,1,0,0,-0.015031099319458008,0,-1.100864291191101,1.1359262466430664,0.7987701892852783,-1.1045035123825073,-1.0972250699996948,0.9777700901031494,1.2940824031829834,0.7985893487930298,0.7989510893821716
2026-06-13T12:35:02.834638,950,1,-3767.5681481894244,0,3.751826286315918,3.759845733642578,3.798081874847412,0.24839836359024048,0.24839836359024048,0.4797743737697602,0.32022562623023987,0.8,0.530321478843689,0.7485381960868835,0.18337172269821167,1.272899866104126,0.1259859949350357,0,0.32022562623023987,1,1,0,-0.010408401489257812,0,-1.1603477001190186,1.1646978855133057,0.7911883592605591,-1.1202418804168701,-1.2004534006118774,1.009779930114746,1.3196158409118652,0.7858903408050537,0.7964864373207092
2026-06-13T12:35:03.467736,951,1,-4561.089068614575,0,3.642958879470825,3.651365280151367,3.6842637062072754,0.24979710578918457,0.24979710578918457,0.4810712814331055,0.31892871856689453,0.8,0.7893358469009399,0.8767288327217102,0.22572100162506104,1.3963065147399902,0.08247074484825134,1,0.31892871856689453,1,0,0,-0.015667200088500977,0,-1.0726063251495361,1.0833550691604614,0.8037947416305542,-1.0304549932479858,-1.1147576570510864,0.9295672178268433,1.2371429204940796,0.8049965500831604,0.8025928735733032
2026-06-13T12:35:04.135008,952,1,-4688.448930333834,0,3.7448084354400635,3.752835273742676,3.795633554458618,0.24902412295341492,0.2490241825580597,0.48459746241569523,0.3154025375843048,0.8,0.5794731378555298,0.739212155342102,0.1374446302652359,1.045820713043213,0.1297202855348587,1,0.3154025375843048,1,0,0,-0.011544942855834961,0,-1.1548608541488647,1.1596448421478271,0.7956041097640991,-1.1193631887435913,-1.1903585195541382,1.0060739517211914,1.3132156133651733,0.7905439138412476,0.8006643056869507
2026-06-13T12:35:04.722274,953,1,-4755.348990234127,0,3.7293355464935303,3.7374444007873535,3.77486252784729,0.24889537692070007,0.24889537692070007,0.4805963516235352,0.31940364837646484,0.8,0.6087394952774048,0.8257267475128174,0.18909227848052979,0.8174803853034973,0.11273790895938873,1,0.31940364837646484,1,0,0,-0.012173652648925781,0,-1.139646053314209,1.1562848091125488,0.7954180240631104,-1.0990623235702515,-1.1802297830581665,1.0018401145935059,1.3107295036315918,0.7975323796272278,0.7933036088943481
2026-06-13T12:35:05.279576,954,1,-4552.151475483864,0,3.557694673538208,3.566195487976074,3.6024889945983887,0.24874603748321533,0.2487460970878601,0.48093672394752507,0.319063276052475,0.8,0.8083351254463196,0.8332852721214294,0.18274430930614471,1.2362785339355469,0.01690632477402687,1,0.319063276052475,1,0,0,-0.016299009323120117,0,-0.9845421314239502,1.0776677131652832,0.7982625961303711,-0.9447262287139893,-1.0243580341339111,0.9231981039047241,1.2321374416351318,0.8003014326095581,0.7962237596511841
2026-06-13T12:35:05.910035,955,1,-4682.983618367947,0,3.726945161819458,3.7346384525299072,3.782846450805664,0.24439480900764465,0.24439485371112823,0.48037417531013493,0.3196258246898651,0.8,0.6601016521453857,0.8096280097961426,0.15290051698684692,0.8119072914123535,0.1652410626411438,1,0.3196258246898651,1,0,0,-0.013202428817749023,0,-1.1372218132019043,1.1565017700195312,0.7982954978942871,-1.10880708694458,-1.165636420249939,0.9992375373840332,1.3137658834457397,0.7991650104522705,0.7974259853363037
2026-06-13T12:35:06.494542,956,1,-4606.160560302562,0,3.6831724643707275,3.691091537475586,3.741621255874634,0.24688541889190674,0.24688541889190674,0.4857368648052216,0.31426313519477844,0.8,0.7686576843261719,0.8576451539993286,0.08625270426273346,1.1558709144592285,0.11409574747085571,1,0.31426313519477844,1,0,0,-0.015539884567260742,0,-1.0921332836151123,1.1536450386047363,0.8003361821174622,-1.064452886581421,-1.1198136806488037,0.9989726543426514,1.3083174228668213,0.7995750308036804,0.8010973334312439
2026-06-13T12:35:07.072200,957,1,-4580.247902246662,0,3.6767995357513428,3.6847949028015137,3.732637882232666,0.24728143215179443,0.24728146195411682,0.4855031549930573,0.31449684500694275,0.8,0.7854282855987549,0.8610488772392273,0.13708963990211487,0.6767405271530151,0.11265100538730621,1,0.31449684500694275,1,0,0,-0.015646934509277344,0,-1.0910158157348633,1.1361924409866333,0.7981856465339661,-1.0616059303283691,-1.120425820350647,0.9817187190055847,1.290666103363037,0.7982012033462524,0.7981700897216797
2026-06-13T12:35:07.702471,958,1,-4704.112820354299,0,3.6812727451324463,3.688654899597168,3.7531139850616455,0.2419939786195755,0.2419940084218979,0.4820175647735596,0.31798243522644043,0.8,0.7159757614135742,0.7481138110160828,0.1883259117603302,1.3045841455459595,0.08918766677379608,1,0.31798243522644043,1,0,0,-0.014331817626953125,0,-1.092801809310913,1.1441532373428345,0.7925944328308105,-1.081286907196045,-1.1043167114257812,0.9857568144798279,1.3025496006011963,0.7850980162620544,0.8000908493995667
2026-06-13T12:35:08.287689,959,1,-4645.841876901453,0,3.675079345703125,3.6830594539642334,3.729210615158081,0.24667556583881378,0.24667559564113617,0.4832196116447449,0.3167803883552551,0.8,0.7546024918556213,0.8237981796264648,0.16072876751422882,1.5749564170837402,0.09215614944696426,1,0.3167803883552551,1,0,0,-0.015304327011108398,0,-1.088944911956787,1.1378179788589478,0.8029208183288574,-1.0578134059906006,-1.1200765371322632,0.9825196862220764,1.2931162118911743,0.8020673990249634,0.8037742972373962
2026-06-13T12:35:08.844878,960,1,-4649.463820483485,0,3.638017416000366,3.6459226608276367,3.694286584854126,0.24478331208229065,0.24478334188461304,0.4810844540596009,0.31891554594039917,0.8,0.7942487001419067,0.8441640138626099,0.23806700110435486,1.573869228363037,0.05107326805591583,1,0.31891554594039917,1,0,0,-0.015885591506958008,0,-1.053924322128296,1.1241692304611206,0.7954993844032288,-1.0256316661834717,-1.0822169780731201,0.9672843813896179,1.281054139137268,0.7918329238891602,0.7991658449172974
2026-06-13T12:35:09.494843,961,1,-4709.582103222168,0,3.7306699752807617,3.7384843826293945,3.7854065895080566,0.24610388278961182,0.2461039125919342,0.48272954225540166,0.3172704577445984,0.8,0.6041914820671082,0.7574927806854248,0.1985395848751068,1.4309231042861938,0.09126833826303482,1,0.3172704577445984,1,0,0,-0.011686086654663086,0,-1.1431870460510254,1.1500974893569946,0.7975159287452698,-1.1132287979125977,-1.1731452941894531,0.994350016117096,1.305845022201538,0.7942980527877808,0.8007338047027588
2026-06-13T12:35:10.136168,962,1,-4577.380184092307,0,3.6601510047912598,3.667534828186035,3.732755661010742,0.24157583713531494,0.24157583713531494,0.482310700416565,0.31768929958343506,0.8,0.7312495708465576,0.7491722106933594,0.12359878420829773,0.42892777919769287,0.12308908253908157,1,0.31768929958343506,1,0,0,-0.01444697380065918,0,-1.079343557357788,1.1176350116729736,0.7956336736679077,-1.0704684257507324,-1.0882188081741333,0.9590440988540649,1.2762259244918823,0.7943015694618225,0.7969658374786377
2026-06-13T12:35:10.726290,963,1,-4731.225871635387,0,3.767817258834839,3.775407314300537,3.8275201320648193,0.2448890656232834,0.2448890656232834,0.48317905068397526,0.3168209493160248,0.8,0.5996484160423279,0.7499120831489563,0.14836683869361877,1.0164686441421509,0.1407560557126999,1,0.3168209493160248,1,0,0,-0.011658191680908203,0,-1.1744496822357178,1.1753544807434082,0.8043054342269897,-1.1495980024337769,-1.1993013620376587,1.0189504623413086,1.3317584991455078,0.8080544471740723,0.8005563616752625
2026-06-13T12:35:11.286270,964,1,-4596.999573042682,0,3.628824472427368,3.6373648643493652,3.668790578842163,0.2510819435119629,0.2510819733142853,0.4808674037456513,0.31913259625434875,0.8,0.7949327230453491,0.8843576908111572,0.14362885057926178,0.8286608457565308,0.08214684575796127,1,0.31913259625434875,1,0,0,-0.015458106994628906,0,-1.0542726516723633,1.0938738584518433,0.8004825711250305,-1.0090724229812622,-1.0994728803634644,0.9408498406410217,1.2468979358673096,0.7990750074386597,0.8018901348114014
2026-06-13T12:35:11.909105,965,1,-4703.686812561531,0,3.722656726837158,3.730018138885498,3.792332410812378,0.24237465858459473,0.24237468838691711,0.4829125285148621,0.31708747148513794,0.8,0.6613667011260986,0.7399364113807678,0.20915921032428741,1.1162288188934326,0.11532857269048691,1,0.31708747148513794,1,0,0,-0.013242244720458984,0,-1.1341638565063477,1.152580738067627,0.8014661073684692,-1.1209460496902466,-1.1473816633224487,0.9945924878120422,1.3105690479278564,0.8004133701324463,0.8025187849998474
2026-06-13T12:35:12.470401,966,1,-4648.028195554028,0,3.622382402420044,3.6302073001861572,3.680245876312256,0.2434236705303192,0.2434237003326416,0.48073791265487675,0.3192620873451233,0.8,0.7379558086395264,0.8180869817733765,0.18241074681282043,0.9164944887161255,0.025878099724650383,1,0.3192620873451233,1,0,0,-0.014791011810302734,0,-1.0472452640533447,1.094030737876892,0.7968968152999878,-1.0230364799499512,-1.0714540481567383,0.9362470507621765,1.2518144845962524,0.7963460683822632,0.7974475622177124
2026-06-13T12:35:13.067007,967,1,-5233.757657071561,0,3.779601573944092,3.786938190460205,3.844442367553711,0.24252653121948242,0.2425265908241272,0.48109878897666936,0.3189012110233307,0.8,0.5319499373435974,0.7086657881736755,0.16484251618385315,0.7263084650039673,0.17869141697883606,1,0.3189012110233307,1,1,0,-0.010339498519897461,0,-1.1856334209442139,1.177696943283081,0.7959145903587341,-1.1667046546936035,-1.2045621871948242,1.0194401741027832,1.3359535932540894,0.7913309335708618,0.8004982471466064
2026-06-13T12:35:13.645576,968,1,-4692.528452678724,0,3.651693820953369,3.658564567565918,3.7605910301208496,0.24624350666999817,0.24624356627464294,0.4840032041072846,0.31599679589271545,0.8,0.7829062342643738,0.8163720369338989,0.14320261776447296,0.5981109738349915,0.11024966835975647,1,0.31599679589271545,1,0,0,-0.015469789505004883,0,-1.066962480545044,1.1281449794769287,0.7942644357681274,-1.0952411890029907,-1.0386838912963867,0.9727354049682617,1.2835544347763062,0.7976838946342468,0.7908449172973633
2026-06-13T12:35:14.263187,969,1,-3728.4220853585425,0,3.763719081878662,3.7711892127990723,3.820004940032959,0.24221298098564148,0.24221304059028625,0.4768369376659394,0.32316306233406067,0.8,0.5408587455749512,0.76218581199646,0.17551864683628082,0.6575563549995422,0.1448884755373001,0,0.32316306233406067,1,1,0,-0.010311365127563477,0,-1.1735661029815674,1.1644177436828613,0.8016629219055176,-1.1469043493270874,-1.200227975845337,1.0051158666610718,1.3237195014953613,0.8062094449996948,0.7971163392066956
2026-06-13T12:35:14.805595,970,1,-4585.763885876788,0,3.5783092975616455,3.585908889770508,3.651458740234375,0.2423621118068695,0.2423621118068695,0.48412968516349797,0.3158703148365021,0.8,0.689630389213562,0.7273603081703186,0.15952202677726746,0.36910873651504517,0.07799354195594788,1,0.3158703148365021,1,0,0,-0.013031482696533203,0,-1.0066395998001099,1.0746318101882935,0.789592981338501,-0.9991628527641296,-1.0141164064407349,0.9168766736984253,1.2323869466781616,0.7886292338371277,0.7905566692352295
2026-06-13T12:35:15.471510,971,1,-4692.308445396778,0,3.77510666847229,3.7820353507995605,3.862804651260376,0.24266158044338226,0.24266164004802704,0.48491593003273015,0.3150840699672699,0.8,0.4959862232208252,0.6476559638977051,0.18238718807697296,0.6716172695159912,0.1657238006591797,1,0.3150840699672699,1,0,0,-0.009523630142211914,0,-1.1838799715042114,1.1678271293640137,0.7916398048400879,-1.1899981498718262,-1.1777617931365967,1.010408639907837,1.32524573802948,0.790431022644043,0.7928485870361328
2026-06-13T12:35:16.137215,972,1,-4607.172890529819,0,3.651176691055298,3.659848690032959,3.6913793087005615,0.2537635862827301,0.2537636458873749,0.4820203065872193,0.31797969341278076,0.8,0.7291941046714783,0.8276939988136292,0.2075377106666565,1.0716438293457031,0.0808674618601799,1,0.31797969341278076,1,0,0,-0.01459646224975586,0,-1.0598527193069458,1.1483819484710693,0.7957218885421753,-1.010453224182129,-1.1092522144317627,0.9972796440124512,1.299484133720398,0.7933618426322937,0.7980819940567017
2026-06-13T12:35:16.700478,973,1,-4573.987359904144,0,3.593621253967285,3.6010305881500244,3.6679844856262207,0.24039754271507263,0.24039754271507263,0.4806023418903351,0.3193976581096649,0.8,0.7968786358833313,0.8393762707710266,0.19862711429595947,0.9470993280410767,0.03906777501106262,1,0.3193976581096649,1,0,0,-0.015924692153930664,0,-1.0267055034637451,1.062854528427124,0.7947140336036682,-1.022469401359558,-1.0309416055679321,0.903213620185852,1.222495436668396,0.7939721941947937,0.7954558730125427
2026-06-13T12:35:17.311956,974,1,-4721.242306872911,0,3.7303273677825928,3.737877368927002,3.7950527667999268,0.24424335360527039,0.24424335360527039,0.4842710971832276,0.31572890281677246,0.8,0.5129997730255127,0.7401350140571594,0.15309078991413116,0.8346901535987854,0.1176862120628357,1,0.31572890281677246,1,0,0,-0.0098419189453125,0,-1.1375391483306885,1.1648070812225342,0.7893286347389221,-1.1176434755325317,-1.1574349403381348,1.0082241296768188,1.3213900327682495,0.786659300327301,0.7919979691505432
2026-06-13T12:35:17.923250,975,1,-4556.513415399594,0,3.5741477012634277,3.5817301273345947,3.6439878940582275,0.24111109972000122,0.24111111462116241,0.48160811066627507,0.318391889333725,0.8,0.7754421234130859,0.7825685143470764,0.15975864231586456,0.8004493713378906,0.022123390808701515,1,0.318391889333725,1,0,0,-0.015499114990234375,0,-1.0160048007965088,1.03145432472229,0.796174168586731,-1.008440613746643,-1.023569107055664,0.8724433779716492,1.1904653310775757,0.7948940396308899,0.7974542379379272
2026-06-13T12:35:18.511279,976,1,-5202.796895700721,0,3.752037525177002,3.760301113128662,3.7978997230529785,0.2519757151603699,0.25197577476501465,0.48537929654121403,0.314620703458786,0.8,0.558301568031311,0.7334761619567871,0.11329321563243866,0.9837802648544312,0.1402052640914917,1,0.314620703458786,1,1,0,-0.010296344757080078,0,-1.1636792421340942,1.1552138328552246,0.7915374040603638,-1.1223475933074951,-1.2050108909606934,1.0036453008651733,1.3067822456359863,0.783460259437561,0.7996144890785217
2026-06-13T12:35:19.048039,977,1,-4593.243454040056,0,3.517850875854492,3.5249643325805664,3.624587297439575,0.2449960559606552,0.2449960559606552,0.48163824081420903,0.318361759185791,0.8,0.7283721566200256,0.7358474731445312,0.17636069655418396,1.0048167705535889,0.05882151052355766,1,0.318361759185791,1,0,0,-0.014243841171264648,0,-0.9500700831413269,1.0534411668777466,0.7936844825744629,-0.9783738255500793,-0.9217663407325745,0.8967968225479126,1.2100855112075806,0.7937474250793457,0.7936215400695801
2026-06-13T12:35:19.644024,978,1,-4625.124771129983,0,3.6757068634033203,3.683016300201416,3.7517218589782715,0.24188536405563354,0.24188539385795593,0.4831653416156769,0.3168346583843231,0.8,0.6584569811820984,0.8003334403038025,0.207882821559906,1.1250048875808716,0.05959372594952583,1,0.3168346583843231,1,0,0,-0.01305532455444336,0,-1.087023138999939,1.1439902782440186,0.7931778430938721,-1.0800883769989014,-1.0939579010009766,0.9857558608055115,1.3022246360778809,0.7900413870811462,0.7963142395019531
2026-06-13T12:35:20.248359,979,1,-4514.56726884093,0,3.5913639068603516,3.60001802444458,3.6314377784729004,0.2514457404613495,0.2514457702636719,0.4827117502689362,0.31728824973106384,0.8,0.758600115776062,0.8643777966499329,0.11928828805685043,0.7667142748832703,0.04732619225978851,1,0.31728824973106384,1,0,0,-0.015110015869140625,0,-1.0237520933151245,1.0659854412078857,0.8012822866439819,-0.9798732995986938,-1.0676308870315552,0.9135567545890808,1.2184141874313354,0.8041270971298218,0.7984374165534973
2026-06-13T12:35:20.787570,980,1,-4526.867446623296,0,3.6092708110809326,3.616727590560913,3.6863958835601807,0.24235475063323975,0.24235482513904572,0.48436881899833684,0.3156311810016632,0.8,0.7591809034347534,0.7680844664573669,0.19907093048095703,1.1612730026245117,0.07079713046550751,1,0.3156311810016632,1,0,0,-0.014681577682495117,0,-1.0338783264160156,1.0927715301513672,0.7971056699752808,-1.0299102067947388,-1.037846326828003,0.9350591897964478,1.2504839897155762,0.7930052280426025,0.801206111907959
2026-06-13T12:35:21.429077,981,1,-5167.74685308382,0,3.7340610027313232,3.7431797981262207,3.765976667404175,0.26211243867874146,0.2621125280857086,0.4846513450145722,0.31534865498542786,0.8,0.5628875494003296,0.7460293769836426,0.1250101774930954,0.3520773649215698,0.16663123667240143,1,0.31534865498542786,1,1,0,-0.011081457138061523,0,-1.1401352882385254,1.1694443225860596,0.7925071716308594,-1.0794824361801147,-1.2007882595062256,1.0242464542388916,1.314642071723938,0.7825064659118652,0.8025078773498535
2026-06-13T12:35:22.103966,982,1,-4766.215518701332,0,3.717543840408325,3.7247812747955322,3.7952704429626465,0.2425547093153,0.24255476891994476,0.48372189998626713,0.3162781000137329,0.8,0.5759494304656982,0.7157120108604431,0.17133232951164246,0.5196606516838074,0.1343713104724884,1,0.3162781000137329,1,0,0,-0.011362075805664062,0,-1.125800609588623,1.159022569656372,0.7866256833076477,-1.1200206279754639,-1.1315804719924927,1.0013036727905273,1.3167415857315063,0.7766615152359009,0.7965898513793945
2026-06-13T12:35:22.646286,983,1,-4566.160042132339,0,3.5009822845458984,3.508350372314453,3.5899152755737305,0.24145393073558807,0.24145399034023285,0.4817659735679627,0.31823402643203735,0.8,0.7761041522026062,0.7971556782722473,0.23281210660934448,0.6542374491691589,0.03536466509103775,1,0.31823402643203735,1,0,0,-0.015326738357543945,0,-0.9363225698471069,1.0426130294799805,0.80306077003479,-0.9465906023979187,-0.9260545372962952,0.8838403224945068,1.2013858556747437,0.8010607361793518,0.805060863494873
2026-06-13T12:35:23.371224,984,1,-4597.655450310931,0,3.7147889137268066,3.7216756343841553,3.8028366565704346,0.24041542410850525,0.24041546881198883,0.48010669946670537,0.3198933005332947,0.8,0.661540150642395,0.8051203489303589,0.2163885235786438,1.175770878791809,0.08349531888961792,1,0.3198933005332947,1,0,0,-0.013062477111816406,0,-1.1250090599060059,1.1547672748565674,0.7988041639328003,-1.132225751876831,-1.1177924871444702,0.9950380325317383,1.314496397972107,0.8029800653457642,0.7946283221244812
2026-06-13T12:35:24.007777,985,1,-4559.829143688008,0,3.5406877994537354,3.548750877380371,3.5986766815185547,0.244243785738945,0.244243785738945,0.48180432915687565,0.3181956708431244,0.8,0.7858339548110962,0.8922476172447205,0.13825877010822296,0.9622786045074463,0.02648145891726017,1,0.3181956708431244,1,0,0,-0.015581846237182617,0,-0.9681388735771179,1.0741639137268066,0.804343581199646,-0.9436364769935608,-0.992641270160675,0.9170925617218018,1.2312352657318115,0.8106952905654907,0.797991931438446
2026-06-13T12:35:24.732305,986,1,-4489.151407111143,0,3.6398966312408447,3.6471688747406006,3.7204058170318604,0.2415727823972702,0.24157284200191498,0.4830331683158875,0.31696683168411255,0.8,0.7070825099945068,0.7267898321151733,0.13155396282672882,0.8397950530052185,0.07394999265670776,1,0.31696683168411255,1,0,0,-0.013890981674194336,0,-1.054600477218628,1.1281116008758545,0.7951909303665161,-1.052875280380249,-1.0563256740570068,0.969662070274353,1.2865610122680664,0.7924008369445801,0.7979809641838074
2026-06-13T12:35:25.323952,987,1,-4689.523319796291,0,3.762847661972046,3.7699975967407227,3.8334109783172607,0.24058127403259277,0.24058133363723755,0.48001103401184086,0.3199889659881592,0.8,0.5390260219573975,0.6680595874786377,0.1599760800600052,0.7432601451873779,0.14714883267879486,1,0.3199889659881592,1,0,0,-0.010030984878540039,0,-1.1768324375152588,1.151261806488037,0.8002786040306091,-1.1663650274276733,-1.1872997283935547,0.9916132688522339,1.3109104633331299,0.8012750744819641,0.7992821335792542
2026-06-13T12:35:25.914863,988,1,-4732.381641817069,0,3.597578287124634,3.6048760414123535,3.67964768409729,0.24114590883255005,0.24114596843719482,0.4822114288806916,0.31778857111930847,0.8,0.7480472326278687,0.7853733897209167,0.10822965204715729,0.3935557007789612,0.07738924026489258,1,0.31778857111930847,1,0,0,-0.014832258224487305,0,-1.0259218215942383,1.0787127017974854,0.7950420379638672,-1.0286883115768433,-1.0231553316116333,0.9198427200317383,1.237582802772522,0.7952650189399719,0.7948189973831177
2026-06-13T12:35:26.554382,989,1,-4632.145384062669,0,3.7470316886901855,3.7547411918640137,3.8098912239074707,0.2467321753501892,0.24673224985599518,0.48697968125343327,0.3130203187465668,0.8,0.6415014863014221,0.7888029217720032,0.15002387762069702,0.9196778535842896,0.14917977154254913,1,0.3130203187465668,1,0,0,-0.01262044906616211,0,-1.1511051654815674,1.1775007247924805,0.7916998863220215,-1.127554178237915,-1.1746562719345093,1.022977352142334,1.3320239782333374,0.7837421298027039,0.7996577024459839
2026-06-13T12:35:27.106327,990,1,-4493.015969722345,0,3.572227954864502,3.579230785369873,3.6781246662139893,0.24466395378112793,0.24466398358345032,0.48195793032646184,0.3180420696735382,0.8,0.7627812623977661,0.8135039210319519,0.21035975217819214,1.2984800338745117,0.05013645812869072,1,0.3180420696735382,1,0,0,-0.014869213104248047,0,-0.9980349540710449,1.0836902856826782,0.8005358576774597,-1.0246105194091797,-0.9714594483375549,0.9269062876701355,1.2404743432998657,0.8000897765159607,0.8009819388389587
2026-06-13T12:35:27.763861,991,1,-4665.308722202308,0,3.707953691482544,3.7164008617401123,3.7482619285583496,0.25244763493537903,0.25244763493537903,0.48151539564132695,0.3184846043586731,0.8,0.6424734592437744,0.8049433827400208,0.10773125290870667,0.3557034730911255,0.15711519122123718,1,0.3184846043586731,1,0,0,-0.012657403945922852,0,-1.1189457178115845,1.150719404220581,0.7955813407897949,-1.0716218948364258,-1.1662695407867432,0.9986840486526489,1.3027547597885132,0.7975347638130188,0.7936279773712158
2026-06-13T12:35:28.385365,992,1,-4572.237571426221,0,3.591355800628662,3.598525285720825,3.693958044052124,0.24628698825836182,0.246287003159523,0.4831317842006684,0.31686821579933167,0.8,0.859485387802124,0.9097437262535095,0.2003730833530426,0.7016298770904541,0.042584508657455444,1,0.31686821579933167,1,0,0,-0.01722240447998047,0,-1.0192841291427612,1.0844680070877075,0.8260451555252075,-1.0431228876113892,-0.9954453706741333,0.9289129376411438,1.240023136138916,0.8443670272827148,0.8077232241630554
2026-06-13T12:35:28.831110,993,1,-3143.787352855308,0,3.4187331199645996,3.435227870941162,3.6570074558258057,0.4027935564517975,0.4027935862541199,0.015654432773590132,0.7843455672264099,0.8,0.7231941223144531,0.8745166659355164,0.16885946691036224,1.130059003829956,0.13963891565799713,0,0.7843455672264099,1,1,0,-0.013935565948486328,0,-0.9286803007125854,0.779498815536499,1.0020431280136108,-0.6506187915802002,-1.2067418098449707,0.5900527834892273,0.9689448475837708,0.8005698323249817,1.2035163640975952
2026-06-13T12:35:29.410430,994,1,-4598.9838195913935,0,3.6481807231903076,3.6558876037597656,3.712343454360962,0.243881493806839,0.24388153851032257,0.48403595685958867,0.3159640431404114,0.8,0.7602019309997559,0.8032191395759583,0.2333407998085022,1.092904806137085,0.07764625549316406,1,0.3159640431404114,1,0,0,-0.015169143676757812,0,-1.0670753717422485,1.1169886589050293,0.7976469993591309,-1.0482187271118164,-1.0859320163726807,0.9601385593414307,1.2738388776779175,0.7967662215232849,0.7985277771949768
2026-06-13T12:35:30.026945,995,1,-4536.543459641393,0,3.61040997505188,3.6182775497436523,3.666588068008423,0.24332143366336823,0.243321493268013,0.4804357767105103,0.31956422328948975,0.8,0.7704958915710449,0.8057719469070435,0.18911759555339813,0.7185466289520264,0.05903591960668564,1,0.31956422328948975,1,0,0,-0.015236854553222656,0,-1.0423613786697388,1.0693333148956299,0.7957092523574829,-1.0179505348205566,-1.066772222518921,0.9114270210266113,1.2272394895553589,0.795937180519104,0.795481264591217
2026-06-13T12:35:30.552524,996,1,-4471.082519073645,0,3.5387041568756104,3.546328067779541,3.6131176948547363,0.24181538820266724,0.24181538820266724,0.48333283066749577,0.3166671693325043,0.8,0.7979772090911865,0.7988469004631042,0.11634241044521332,0.5340641140937805,0.046881191432476044,1,0.3166671693325043,1,0,0,-0.015666961669921875,0,-0.978462815284729,1.0332132577896118,0.7977961301803589,-0.9744271636009216,-0.9824985265731812,0.8749697208404541,1.1914567947387695,0.7943004369735718,0.801291823387146
2026-06-13T12:35:31.134331,997,1,-4544.790308944099,0,3.740006446838379,3.7479538917541504,3.7895514965057373,0.24746423959732056,0.24746423959732056,0.4804254055023194,0.31957459449768066,0.8,0.5146007537841797,0.6753214001655579,0.2325461059808731,0.8035128712654114,0.07323963195085526,1,0.31957459449768066,1,0,0,-0.009804248809814453,0,-1.1449356079101562,1.1740365028381348,0.7933177947998047,-1.1077256202697754,-1.1821454763412476,1.0186697244644165,1.329403281211853,0.7903909683227539,0.7962446212768555
2026-06-13T12:35:31.660235,998,1,-4435.015266775591,0,3.547084331512451,3.555198907852173,3.5990307331085205,0.24403563141822815,0.24403566122055054,0.4801863610744477,0.31981363892555237,0.8,0.7392435073852539,0.7800571918487549,0.1913115531206131,1.0454130172729492,0.03880718722939491,1,0.31981363892555237,1,0,0,-0.014487981796264648,0,-0.9927910566329956,1.0147650241851807,0.797450065612793,-0.9658591151237488,-1.0197230577468872,0.857244074344635,1.172286033630371,0.791793167591095,0.803106963634491
2026-06-13T12:35:32.270708,999,1,-4616.469771301201,0,3.685231924057007,3.6944079399108887,3.713218927383423,0.260902464389801,0.260902464389801,0.48013486266136174,0.3198651373386383,0.8,0.5946119427680969,0.6754264831542969,0.21195319294929504,0.6828694343566895,0.09544162452220917,1,0.3198651373386383,1,0,0,-0.010980844497680664,0,-1.0988030433654785,1.138936996459961,0.7947367429733276,-1.0358819961547852,-1.1617240905761719,0.9920516014099121,1.2858223915100098,0.7880998253822327,0.8013736605644226
2026-06-13T12:35:32.779694,1000,1,-4407.227954853587,0,3.4704463481903076,3.4778401851654053,3.5633633136749268,0.2422586977481842,0.2422587275505066,0.48069458007812504,0.319305419921875,0.8,0.7576804161071777,0.8604158163070679,0.13159961998462677,0.6544472575187683,0.10265212506055832,1,0.319305419921875,1,0,0,-0.014770269393920898,0,-0.9268447160720825,0.967315673828125,0.798997163772583,-0.9459424614906311,-0.9077469110488892,0.8088160157203674,1.1258152723312378,0.7975372672080994,0.8004570603370667
