timestamp,episode,stage,reward,success,completed_agents,phase_changes,mean_phase,mean_dist_to_target,max_dist_to_target,mean_xy_error,mean_speed,mean_attitude_error,collision_count,min_pair_dist,crashed,uav0_phase,uav1_phase,uav2_phase,uav0_x,uav1_x,uav2_x,uav0_z,uav1_z,uav2_z,wandb_url
2026-05-16T12:45:44.700137,1,1,15170.418943346614,1,3,0,2.0,0.11845796058575313,0.12451057881116867,0.07396974911292394,0.26803375283877057,0.012458552606403828,0,0.6028794050216675,0,LAND_B,LAND_B,LAND_B,2.081059694290161,2.072654962539673,2.06776762008667,0.19441714882850647,0.19261175394058228,0.19037634134292603,https://wandb.ai/ememchijioke-university-of-klagenfurt/marl-uav-mission-no-formation/runs/qgyhqyu7
2026-05-16T12:45:58.225189,2,1,16161.956216219758,1,3,0,2.0,0.1411768446365992,0.14351937174797058,0.10250080625216167,0.28093595306078595,0.017579917485515278,0,0.5950755476951599,0,LAND_B,LAND_B,LAND_B,2.103700637817383,2.101257085800171,2.1013338565826416,0.19853900372982025,0.19722197949886322,0.19547174870967865,https://wandb.ai/ememchijioke-university-of-klagenfurt/marl-uav-mission-no-formation/runs/qgyhqyu7
2026-05-16T12:46:09.844542,3,1,14688.462619206359,1,3,0,2.0,0.1488614579041799,0.15210099518299103,0.11196869363387425,0.28358007470766705,0.00958321561726431,0,0.5945287346839905,0,LAND_B,LAND_B,LAND_B,2.111842155456543,2.11613130569458,2.1078124046325684,0.19938421249389648,0.198195219039917,0.19665230810642242,https://wandb.ai/ememchijioke-university-of-klagenfurt/marl-uav-mission-no-formation/runs/qgyhqyu7
2026-05-16T12:46:21.774959,4,1,14392.015497246644,1,3,0,2.0,0.1532829205195109,0.1588573306798935,0.1179217944542567,0.2846228778362274,0.017015641865630943,0,0.5916742086410522,0,LAND_B,LAND_B,LAND_B,2.116835355758667,2.110107183456421,2.1263222694396973,0.19884739816188812,0.19828826189041138,0.1962844282388687,https://wandb.ai/ememchijioke-university-of-klagenfurt/marl-uav-mission-no-formation/runs/qgyhqyu7
2026-05-16T12:46:33.698759,5,1,14418.19307771618,1,3,0,2.0,0.15212740004062653,0.15447662770748138,0.11632243047157924,0.2818102439244588,0.020700153584281605,0,0.5900136828422546,0,LAND_B,LAND_B,LAND_B,2.11267352104187,2.115335702896118,2.1206486225128174,0.19948522746562958,0.19802534580230713,0.19646695256233215,https://wandb.ai/ememchijioke-university-of-klagenfurt/marl-uav-mission-no-formation/runs/qgyhqyu7
2026-05-16T12:46:47.375436,6,1,14381.497740793924,1,3,0,2.0,0.15585576991240183,0.15592806041240692,0.12126362820466359,0.2811618944009145,0.013845046206067005,0,0.5961873531341553,0,LAND_B,LAND_B,LAND_B,2.1198558807373047,2.1205432415008545,2.1226117610931396,0.19920440018177032,0.19857476651668549,0.19589346647262573,https://wandb.ai/ememchijioke-university-of-klagenfurt/marl-uav-mission-no-formation/runs/qgyhqyu7
2026-05-16T12:47:01.462125,7,1,14464.805150351736,1,3,0,2.0,0.15104947487513223,0.15155792236328125,0.11504206558068593,0.282370388507843,0.013841359876096249,0,0.5975514054298401,0,LAND_B,LAND_B,LAND_B,2.1122984886169434,2.1152079105377197,2.117291212081909,0.19988612830638885,0.19831562042236328,0.19533751904964447,https://wandb.ai/ememchijioke-university-of-klagenfurt/marl-uav-mission-no-formation/runs/qgyhqyu7
2026-05-16T12:47:15.689727,8,1,14347.699534290374,1,3,0,2.0,0.15201119085152945,0.15570402145385742,0.11601200451453526,0.2857409914334615,0.014060317849119505,0,0.599851131439209,0,LAND_B,LAND_B,LAND_B,2.1191999912261963,2.1164438724517822,2.1118876934051514,0.19958209991455078,0.19846759736537933,0.1966126710176468,https://wandb.ai/ememchijioke-university-of-klagenfurt/marl-uav-mission-no-formation/runs/qgyhqyu7
2026-05-16T12:47:29.168959,9,1,14951.200305590557,1,3,0,2.0,0.15096348524093628,0.15579526126384735,0.11917744825283687,0.2695073088010152,0.01194157792876164,0,0.5859817862510681,0,LAND_B,LAND_B,LAND_B,2.1150529384613037,2.115286111831665,2.126551628112793,0.19437965750694275,0.19297927618026733,0.19028718769550323,https://wandb.ai/ememchijioke-university-of-klagenfurt/marl-uav-mission-no-formation/runs/qgyhqyu7
2026-05-16T12:47:42.915750,10,2,14321.962755216282,1,3,0,2.0,0.15739948054154715,0.15990877151489258,0.12334449092547099,0.2816953659057617,0.013069014996290207,0,0.6009315848350525,0,LAND_B,LAND_B,LAND_B,2.125107526779175,2.125922918319702,2.1186063289642334,0.1993197798728943,0.19808931648731232,0.19590578973293304,https://wandb.ai/ememchijioke-university-of-klagenfurt/marl-uav-mission-no-formation/runs/qgyhqyu7
2026-05-16T12:47:55.161224,11,2,16504.08033442272,1,3,0,2.0,0.11815554648637772,0.12405575811862946,0.0731344223022461,0.26875168085098267,0.013328992451230684,0,0.5939479470252991,0,LAND_B,LAND_B,LAND_B,2.080437421798706,2.067077398300171,2.0716373920440674,0.19442974030971527,0.19327205419540405,0.1904553323984146,https://wandb.ai/ememchijioke-university-of-klagenfurt/marl-uav-mission-no-formation/runs/qgyhqyu7
2026-05-16T12:48:07.319489,12,2,17482.11354881868,1,3,0,2.0,0.13307742774486542,0.13670647144317627,0.09592209756374359,0.26549044251441956,0.01396997986982266,0,0.5992501974105835,0,LAND_B,LAND_B,LAND_B,2.0986714363098145,2.099334955215454,2.089745044708252,0.19461722671985626,0.19238685071468353,0.189660906791687,https://wandb.ai/ememchijioke-university-of-klagenfurt/marl-uav-mission-no-formation/runs/qgyhqyu7
2026-05-16T12:48:19.896638,13,2,15201.353675095503,1,3,0,2.0,0.1450786590576172,0.14897525310516357,0.107323057949543,0.282795916001002,0.017495787081619103,0,0.5854194760322571,0,LAND_B,LAND_B,LAND_B,2.11100172996521,2.1070969104766846,2.103294610977173,0.19925984740257263,0.1981382817029953,0.195445254445076,https://wandb.ai/ememchijioke-university-of-klagenfurt/marl-uav-mission-no-formation/runs/qgyhqyu7
2026-05-16T12:48:33.448083,14,2,14725.27007824387,1,3,0,2.0,0.1559370905160904,0.16187088191509247,0.12158862749735515,0.28153974811236065,0.011352104134857655,0,0.5980605483055115,0,LAND_B,LAND_B,LAND_B,2.127357244491577,2.1162774562835693,2.1209774017333984,0.19989651441574097,0.19807970523834229,0.19482211768627167,https://wandb.ai/ememchijioke-university-of-klagenfurt/marl-uav-mission-no-formation/runs/qgyhqyu7
2026-05-16T12:48:46.095019,15,2,15597.620299225451,1,3,0,2.0,0.14715113242467245,0.15190660953521729,0.11458633095026016,0.2704082727432251,0.015405099218090376,0,0.5965038537979126,0,LAND_B,LAND_B,LAND_B,2.118950605392456,2.1089911460876465,2.1153042316436768,0.1943386346101761,0.19287699460983276,0.18961457908153534,https://wandb.ai/ememchijioke-university-of-klagenfurt/marl-uav-mission-no-formation/runs/qgyhqyu7
2026-05-16T12:48:58.500035,16,2,14744.444147333685,1,3,0,2.0,0.1519290953874588,0.15616148710250854,0.11625067641337712,0.28338822722435,0.01661957862476508,0,0.5939233303070068,0,LAND_B,LAND_B,LAND_B,2.115752935409546,2.120854616165161,2.1111249923706055,0.19957272708415985,0.19823695719242096,0.19557546079158783,https://wandb.ai/ememchijioke-university-of-klagenfurt/marl-uav-mission-no-formation/runs/qgyhqyu7
2026-05-16T12:49:11.570222,17,2,14704.047811696953,1,3,0,2.0,0.15595316886901855,0.16084295511245728,0.12167428433895111,0.2822538415590922,0.014216720126569271,0,0.5868771076202393,0,LAND_B,LAND_B,LAND_B,2.126528024673462,2.120767593383789,2.1169722080230713,0.19930250942707062,0.19792598485946655,0.19541041553020477,https://wandb.ai/ememchijioke-university-of-klagenfurt/marl-uav-mission-no-formation/runs/qgyhqyu7
2026-05-16T12:49:25.103230,18,2,14736.120113917226,1,3,0,2.0,0.152983620762825,0.15535487234592438,0.11779496570428212,0.2833511432011922,0.02014721930027008,0,0.5952600836753845,0,LAND_B,LAND_B,LAND_B,2.1158809661865234,2.114729881286621,2.122434616088867,0.19950388371944427,0.19781924784183502,0.1953394114971161,https://wandb.ai/ememchijioke-university-of-klagenfurt/marl-uav-mission-no-formation/runs/qgyhqyu7
2026-05-16T12:49:38.262994,19,2,15614.590240874528,1,3,0,2.0,0.15320698420206705,0.1559331864118576,0.12201201419035594,0.26922332247098285,0.015592799987643957,0,0.5915194153785706,0,LAND_B,LAND_B,LAND_B,2.1233580112457275,2.1232802867889404,2.119114398956299,0.19538219273090363,0.1928996741771698,0.18967638909816742,https://wandb.ai/ememchijioke-university-of-klagenfurt/marl-uav-mission-no-formation/runs/qgyhqyu7
2026-05-16T12:49:51.628227,20,3,15611.58210596925,1,3,0,2.0,0.15384851396083832,0.1610565483570099,0.12242385496695836,0.2669096191724141,0.017870967897276085,0,0.5870665311813354,0,LAND_B,LAND_B,LAND_B,2.129992723464966,2.1211535930633545,2.1153295040130615,0.1950834095478058,0.19328546524047852,0.19107215106487274,https://wandb.ai/ememchijioke-university-of-klagenfurt/marl-uav-mission-no-formation/runs/qgyhqyu7
2026-05-16T12:50:03.789684,21,3,16481.226971023934,1,3,0,2.0,0.11863614618778229,0.12283092737197876,0.07357771694660187,0.2650788029034932,0.011677901881436506,0,0.5986483693122864,0,LAND_B,LAND_B,LAND_B,2.0778205394744873,2.0690958499908447,2.0737204551696777,0.19503037631511688,0.1929570585489273,0.1911059021949768,https://wandb.ai/ememchijioke-university-of-klagenfurt/marl-uav-mission-no-formation/runs/qgyhqyu7
2026-05-16T12:50:16.088888,22,3,17169.994685064925,1,3,0,2.0,0.14090905090173086,0.1420459747314453,0.106368288397789,0.2705438832441966,0.009702055715024471,0,0.5815463066101074,0,LAND_B,LAND_B,LAND_B,2.105855941772461,2.1061594486236572,2.1061556339263916,0.19455619156360626,0.19231358170509338,0.19035457074642181,https://wandb.ai/ememchijioke-university-of-klagenfurt/marl-uav-mission-no-formation/runs/qgyhqyu7
2026-05-16T12:50:29.189525,23,3,16407.654503887916,1,3,0,2.0,0.1491923381884893,0.15045388042926788,0.11714999874432881,0.26562227805455524,0.012642035571237406,0,0.597747802734375,0,LAND_B,LAND_B,LAND_B,2.112058401107788,2.11834716796875,2.119720935821533,0.194456547498703,0.19212929904460907,0.19036903977394104,https://wandb.ai/ememchijioke-university-of-klagenfurt/marl-uav-mission-no-formation/runs/qgyhqyu7
2026-05-16T12:50:40.761932,24,3,15015.202765947066,1,3,0,2.0,0.1571686565876007,0.15830844640731812,0.1230553537607193,0.2838772237300873,0.01533460927506288,0,0.5948833227157593,0,LAND_B,LAND_B,LAND_B,2.1224279403686523,2.123897075653076,2.122235059738159,0.19924284517765045,0.19796721637248993,0.19608935713768005,https://wandb.ai/ememchijioke-university-of-klagenfurt/marl-uav-mission-no-formation/runs/qgyhqyu7
2026-05-16T12:50:53.146500,25,3,15093.094747476043,1,3,0,2.0,0.15122578541437784,0.15570293366909027,0.11568532387415568,0.2833659251530965,0.013172710469613472,0,0.5913140177726746,0,LAND_B,LAND_B,LAND_B,2.1160738468170166,2.1212143898010254,2.109342575073242,0.19932164251804352,0.197483628988266,0.1952834129333496,https://wandb.ai/ememchijioke-university-of-klagenfurt/marl-uav-mission-no-formation/runs/qgyhqyu7
2026-05-16T12:51:05.920910,26,3,15030.395584389338,1,3,0,2.0,0.15847047666708627,0.1633201390504837,0.12476767599582672,0.28245771924654645,0.013816116688152155,0,0.5953422784805298,0,LAND_B,LAND_B,LAND_B,2.129132032394409,2.125977039337158,2.1189732551574707,0.19997823238372803,0.19762296974658966,0.195485457777977,https://wandb.ai/ememchijioke-university-of-klagenfurt/marl-uav-mission-no-formation/runs/qgyhqyu7
2026-05-16T12:51:18.946693,27,3,16371.32906342162,1,3,0,2.0,0.14747688670953116,0.15059079229831696,0.11497452606757481,0.2689695159594218,0.010670373992373547,0,0.582156240940094,0,LAND_B,LAND_B,LAND_B,2.11553955078125,2.118161201477051,2.1104588508605957,0.19436277449131012,0.19269868731498718,0.1899835765361786,https://wandb.ai/ememchijioke-university-of-klagenfurt/marl-uav-mission-no-formation/runs/qgyhqyu7
2026-05-16T12:51:31.073359,28,3,16205.0763378698,1,3,0,2.0,0.1531733771165212,0.15871472656726837,0.12217418352762859,0.26835816105206806,0.020068497707446415,0,0.5964704751968384,0,LAND_B,LAND_B,LAND_B,2.127025604248047,2.115190267562866,2.1239473819732666,0.19475401937961578,0.19212943315505981,0.19013723731040955,https://wandb.ai/ememchijioke-university-of-klagenfurt/marl-uav-mission-no-formation/runs/qgyhqyu7
2026-05-16T12:51:42.438376,29,3,16218.870074679613,1,3,0,2.0,0.14989893635114035,0.15859512984752655,0.11785870293776195,0.26785483956336975,0.028898836423953373,0,0.5967492461204529,0,LAND_B,LAND_B,LAND_B,2.126898765563965,2.1118853092193604,2.1146750450134277,0.19506053626537323,0.19234970211982727,0.1903228759765625,https://wandb.ai/ememchijioke-university-of-klagenfurt/marl-uav-mission-no-formation/runs/qgyhqyu7
2026-05-16T12:51:54.452692,30,3,16311.775499030802,1,3,0,2.0,0.1509296397368113,0.1542389988899231,0.11915454020102818,0.26496397455533344,0.013524949550628662,0,0.5997718572616577,0,LAND_B,LAND_B,LAND_B,2.1148386001586914,2.1235086917877197,2.1190543174743652,0.19528400897979736,0.19238637387752533,0.1900579035282135,https://wandb.ai/ememchijioke-university-of-klagenfurt/marl-uav-mission-no-formation/runs/qgyhqyu7
2026-05-16T12:52:07.463692,31,3,16356.609774632656,1,3,0,2.0,0.1476480762163798,0.15198808908462524,0.1146729364991188,0.2706574698289235,0.006790038431063294,0,0.5867112278938293,0,LAND_B,LAND_B,LAND_B,2.118074655532837,2.1130893230438232,2.1123569011688232,0.19558961689472198,0.19295474886894226,0.19046799838542938,https://wandb.ai/ememchijioke-university-of-klagenfurt/marl-uav-mission-no-formation/runs/qgyhqyu7
2026-05-16T12:52:21.538642,32,3,16155.254913099476,1,3,0,2.0,0.15297038356463113,0.15724851191043854,0.12163217117389043,0.2681435247262319,0.007277127510557572,0,0.6037447452545166,0,LAND_B,LAND_B,LAND_B,2.1247706413269043,2.116772174835205,2.1229050159454346,0.19533611834049225,0.19304420053958893,0.1898103654384613,https://wandb.ai/ememchijioke-university-of-klagenfurt/marl-uav-mission-no-formation/runs/qgyhqyu7
2026-05-16T12:52:33.906138,33,3,16276.337233376898,1,3,0,2.0,0.1477231134970983,0.15179406106472015,0.11455137779315312,0.2666088938713074,0.013841450369606415,0,0.5891495943069458,0,LAND_B,LAND_B,LAND_B,2.117422580718994,2.118563652038574,2.1070992946624756,0.19611454010009766,0.19324634969234467,0.1903942972421646,https://wandb.ai/ememchijioke-university-of-klagenfurt/marl-uav-mission-no-formation/runs/qgyhqyu7
2026-05-16T12:52:46.860075,34,3,16225.283125630935,1,3,0,2.0,0.1521493395169576,0.15733501315116882,0.1197996586561203,0.2701315681139628,0.020925731708606083,0,0.5983670353889465,0,LAND_B,LAND_B,LAND_B,2.1206045150756836,2.1258559226989746,2.1125664710998535,0.19662247598171234,0.19416168332099915,0.1905016303062439,https://wandb.ai/ememchijioke-university-of-klagenfurt/marl-uav-mission-no-formation/runs/qgyhqyu7
2026-05-16T12:53:00.166644,35,3,15710.581160171958,1,3,0,2.0,0.15117243429025015,0.15640315413475037,0.11783552418152492,0.26870038112004596,0.022167631424963474,0,0.5891653895378113,0,LAND_B,LAND_B,LAND_B,2.1223607063293457,2.122638702392578,2.107548713684082,0.1973881721496582,0.19488626718521118,0.19167594611644745,https://wandb.ai/ememchijioke-university-of-klagenfurt/marl-uav-mission-no-formation/runs/qgyhqyu7
2026-05-16T12:53:13.482559,36,3,15668.39753966296,1,3,0,2.0,0.15342606604099274,0.15614761412143707,0.12093005577723186,0.2676890293757121,0.014890659678106507,0,0.5985342860221863,0,LAND_B,LAND_B,LAND_B,2.1219642162323,2.1175127029418945,2.121992826461792,0.19698631763458252,0.19482208788394928,0.19137033820152283,https://wandb.ai/ememchijioke-university-of-klagenfurt/marl-uav-mission-no-formation/runs/qgyhqyu7
2026-05-16T12:53:26.646092,37,3,15615.07092973018,1,3,0,2.0,0.15387527644634247,0.15848314762115479,0.12150719513495763,0.27097861965497333,0.01280064849803845,0,0.5983940958976746,0,LAND_B,LAND_B,LAND_B,2.12139892578125,2.127239465713501,2.1156082153320312,0.1976187825202942,0.1942671686410904,0.1912376880645752,https://wandb.ai/ememchijioke-university-of-klagenfurt/marl-uav-mission-no-formation/runs/qgyhqyu7
2026-05-16T12:53:40.289831,38,3,15530.087972033201,1,3,0,2.0,0.14932850996653238,0.1511189192533493,0.115383580327034,0.2691549261411031,0.009130202699452639,0,0.6006971597671509,0,LAND_B,LAND_B,LAND_B,2.1137142181396484,2.1176867485046387,2.11464262008667,0.19799554347991943,0.19479839503765106,0.191482275724411,https://wandb.ai/ememchijioke-university-of-klagenfurt/marl-uav-mission-no-formation/runs/qgyhqyu7
2026-05-16T12:53:53.497317,39,3,15823.042647739445,1,3,0,2.0,0.15263656278451285,0.1584826409816742,0.12010058263937633,0.2691335479418437,0.010549560654908419,0,0.5807543396949768,0,LAND_B,LAND_B,LAND_B,2.1212310791015625,2.126913547515869,2.1111884117126465,0.19737787544727325,0.1943565309047699,0.19071915745735168,https://wandb.ai/ememchijioke-university-of-klagenfurt/marl-uav-mission-no-formation/runs/qgyhqyu7
2026-05-16T12:54:06.960136,40,3,15615.31514228817,1,3,0,2.0,0.15616163114706674,0.16404786705970764,0.12437912821769714,0.2655232747395833,0.017028553411364555,0,0.5964927673339844,0,LAND_B,LAND_B,LAND_B,2.132305145263672,2.1143441200256348,2.126166343688965,0.19694173336029053,0.19451411068439484,0.19152000546455383,https://wandb.ai/ememchijioke-university-of-klagenfurt/marl-uav-mission-no-formation/runs/qgyhqyu7
2026-05-16T12:54:20.673092,41,3,15541.140812597963,1,3,0,2.0,0.15547915796438852,0.15876780450344086,0.12350139518578847,0.266841858625412,0.01547761137286822,0,0.5950429439544678,0,LAND_B,LAND_B,LAND_B,2.1204357147216797,2.1274211406707764,2.122542381286621,0.1971144825220108,0.19458840787410736,0.19152462482452393,https://wandb.ai/ememchijioke-university-of-klagenfurt/marl-uav-mission-no-formation/runs/qgyhqyu7
2026-05-16T12:54:33.891742,42,3,15549.416521865252,1,3,0,2.0,0.14862331251303354,0.15114377439022064,0.11470640202363332,0.2688903907934825,0.017777156084775925,0,0.6017117500305176,0,LAND_B,LAND_B,LAND_B,2.115675926208496,2.1136655807495117,2.1146960258483887,0.19720613956451416,0.1950719803571701,0.19118712842464447,https://wandb.ai/ememchijioke-university-of-klagenfurt/marl-uav-mission-no-formation/runs/qgyhqyu7
2026-05-16T12:54:45.348321,43,3,15686.358526286609,1,3,0,2.0,0.15162629882494608,0.1575564295053482,0.11878105004628499,0.26926007866859436,0.014704677586754164,0,0.5840383768081665,0,LAND_B,LAND_B,LAND_B,2.120340585708618,2.1256940364837646,2.1096785068511963,0.19716079533100128,0.19474691152572632,0.19068877398967743,https://wandb.ai/ememchijioke-university-of-klagenfurt/marl-uav-mission-no-formation/runs/qgyhqyu7
2026-05-16T12:54:56.532260,44,3,15570.306581826586,1,3,0,2.0,0.15166862308979034,0.15663562715053558,0.1183421512444814,0.2680215736230214,0.012517600630720457,0,0.5983601212501526,0,LAND_B,LAND_B,LAND_B,2.1223714351654053,2.1179051399230957,2.114718437194824,0.19777460396289825,0.19515687227249146,0.19164793193340302,https://wandb.ai/ememchijioke-university-of-klagenfurt/marl-uav-mission-no-formation/runs/qgyhqyu7
2026-05-16T12:55:08.359697,45,3,15549.951446697349,1,3,0,2.0,0.15288722018400827,0.1590576320886612,0.1195739358663559,0.2649478514989217,0.013813110689322153,0,0.5981763601303101,0,LAND_B,LAND_B,LAND_B,2.1253342628479004,2.1119515895843506,2.121371030807495,0.1979219764471054,0.19554588198661804,0.1921311616897583,https://wandb.ai/ememchijioke-university-of-klagenfurt/marl-uav-mission-no-formation/runs/qgyhqyu7
2026-05-16T12:55:22.102764,46,3,15600.893170229463,1,3,0,2.0,0.15455317497253418,0.15549926459789276,0.12162647644678752,0.26658618450164795,0.015806955595811207,0,0.5965916514396667,0,LAND_B,LAND_B,LAND_B,2.117549419403076,2.121792793273926,2.1252951622009277,0.1979881227016449,0.19577118754386902,0.19209131598472595,https://wandb.ai/ememchijioke-university-of-klagenfurt/marl-uav-mission-no-formation/runs/qgyhqyu7
2026-05-16T12:55:34.157250,47,3,15595.906576050718,1,3,0,2.0,0.15152510503927866,0.1563553810119629,0.1178386981288592,0.2657984991868337,0.012794983262817064,0,0.5937495827674866,0,LAND_B,LAND_B,LAND_B,2.1218044757843018,2.1132876873016357,2.1177263259887695,0.19796092808246613,0.19569602608680725,0.19203278422355652,https://wandb.ai/ememchijioke-university-of-klagenfurt/marl-uav-mission-no-formation/runs/qgyhqyu7
2026-05-16T12:55:46.290531,48,3,15613.807324144822,1,3,0,2.0,0.15294824540615082,0.15503168106079102,0.11972780028978984,0.2680150369803111,0.017337054014205933,0,0.5836597084999084,0,LAND_B,LAND_B,LAND_B,2.120288133621216,2.1198129653930664,2.1184895038604736,0.19746211171150208,0.19592921435832977,0.1921122670173645,https://wandb.ai/ememchijioke-university-of-klagenfurt/marl-uav-mission-no-formation/runs/qgyhqyu7
2026-05-16T12:55:59.420104,49,3,15586.52153739962,1,3,0,2.0,0.15072952210903168,0.15106606483459473,0.11692184209823608,0.27191465099652606,0.01985526115943988,0,0.5924831628799438,0,LAND_B,LAND_B,LAND_B,2.114468574523926,2.116452693939209,2.1192667484283447,0.1973671317100525,0.19573043286800385,0.1921386420726776,https://wandb.ai/ememchijioke-university-of-klagenfurt/marl-uav-mission-no-formation/runs/qgyhqyu7
2026-05-16T12:56:12.760110,50,3,15570.158149048062,1,3,0,2.0,0.15335615972677866,0.16195541620254517,0.12036082396904628,0.26916951934496564,0.0177915357829382,0,0.5871247053146362,0,LAND_B,LAND_B,LAND_B,2.129265546798706,2.118588447570801,2.112647294998169,0.1975111961364746,0.19532275199890137,0.19216316938400269,https://wandb.ai/ememchijioke-university-of-klagenfurt/marl-uav-mission-no-formation/runs/qgyhqyu7
2026-05-16T12:56:25.947643,51,3,15557.98700883166,1,3,0,2.0,0.1521508147319158,0.16019019484519958,0.11855356395244598,0.2697547376155853,0.028883639723062515,0,0.5900765061378479,0,LAND_B,LAND_B,LAND_B,2.126690149307251,2.1190860271453857,2.10935640335083,0.19792316854000092,0.19566836953163147,0.19240163266658783,https://wandb.ai/ememchijioke-university-of-klagenfurt/marl-uav-mission-no-formation/runs/qgyhqyu7
2026-05-16T12:56:39.144487,52,3,15583.701843979386,1,3,0,2.0,0.15095724165439606,0.15667107701301575,0.11755466212828954,0.26536240180333454,0.015362628735601902,0,0.5970913171768188,0,LAND_B,LAND_B,LAND_B,2.111461877822876,2.1245508193969727,2.1156437397003174,0.19746007025241852,0.19472940266132355,0.19162818789482117,https://wandb.ai/ememchijioke-university-of-klagenfurt/marl-uav-mission-no-formation/runs/qgyhqyu7
2026-05-16T12:56:52.040210,53,3,15603.552624039152,1,3,0,2.0,0.15366742511590323,0.16288317739963531,0.12084876249233882,0.26674575606981915,0.008858891281609734,0,0.599148690700531,0,LAND_B,LAND_B,LAND_B,2.130092144012451,2.121756076812744,2.110607624053955,0.19801275432109833,0.19506506621837616,0.19154371321201324,https://wandb.ai/ememchijioke-university-of-klagenfurt/marl-uav-mission-no-formation/runs/qgyhqyu7
2026-05-16T12:57:03.494198,54,3,15622.228567882583,1,3,0,2.0,0.15171570579210916,0.15456673502922058,0.11830443392197292,0.2630764842033386,0.016416266250113647,0,0.590340793132782,0,LAND_B,LAND_B,LAND_B,2.119640350341797,2.116582155227661,2.1179537773132324,0.19784456491470337,0.1952759176492691,0.19177556037902832,https://wandb.ai/ememchijioke-university-of-klagenfurt/marl-uav-mission-no-formation/runs/qgyhqyu7
2026-05-16T12:57:15.948608,55,3,15577.413541966971,1,3,0,2.0,0.15337101618448892,0.1586240828037262,0.12031550208727519,0.2663452724615733,0.016023835788170498,0,0.5940348505973816,0,LAND_B,LAND_B,LAND_B,2.1246964931488037,2.1184215545654297,2.117310047149658,0.19777613878250122,0.19537705183029175,0.19217988848686218,https://wandb.ai/ememchijioke-university-of-klagenfurt/marl-uav-mission-no-formation/runs/qgyhqyu7
2026-05-16T12:57:27.920060,56,3,15577.203981592362,1,3,0,2.0,0.1530290494362513,0.15805532038211823,0.11990314970413844,0.2659253378709157,0.020483712665736675,0,0.6050491333007812,0,LAND_B,LAND_B,LAND_B,2.124263286590576,2.115078926086426,2.1200151443481445,0.19765238463878632,0.1956884264945984,0.19180482625961304,https://wandb.ai/ememchijioke-university-of-klagenfurt/marl-uav-mission-no-formation/runs/qgyhqyu7
2026-05-16T12:57:40.789769,57,3,15575.137707556532,1,3,0,2.0,0.15209099153677622,0.1530771404504776,0.11839702973763148,0.26864147186279297,0.017231859266757965,0,0.5960679650306702,0,LAND_B,LAND_B,LAND_B,2.1164143085479736,2.1197221279144287,2.1189706325531006,0.19865399599075317,0.19538593292236328,0.19223888218402863,https://wandb.ai/ememchijioke-university-of-klagenfurt/marl-uav-mission-no-formation/runs/qgyhqyu7
2026-05-16T12:57:53.198234,58,3,15640.477244459762,1,3,0,2.0,0.1512738565603892,0.1560148298740387,0.11769372224807739,0.2634586989879608,0.006662699316317837,0,0.5953490734100342,0,LAND_B,LAND_B,LAND_B,2.1132619380950928,2.123201608657837,2.1160717010498047,0.19806161522865295,0.1952110081911087,0.1916176676750183,https://wandb.ai/ememchijioke-university-of-klagenfurt/marl-uav-mission-no-formation/runs/qgyhqyu7
2026-05-16T12:58:05.846446,59,3,15525.45963180223,1,3,0,2.0,0.15130885442097983,0.15364031493663788,0.11743059754371643,0.2670995791753133,0.01740191380182902,0,0.5898030400276184,0,LAND_B,LAND_B,LAND_B,2.1138601303100586,2.114950656890869,2.1229796409606934,0.198715940117836,0.19542492926120758,0.1917615383863449,https://wandb.ai/ememchijioke-university-of-klagenfurt/marl-uav-mission-no-formation/runs/qgyhqyu7
2026-05-16T12:58:18.127267,60,3,15631.61467461942,1,3,0,2.0,0.1500502328077952,0.15428884327411652,0.11614088465770085,0.2679940064748128,0.004298179837254186,0,0.5948145985603333,0,LAND_B,LAND_B,LAND_B,2.1191842555999756,2.116427183151245,2.1126372814178467,0.1978408694267273,0.19551484286785126,0.1916646659374237,https://wandb.ai/ememchijioke-university-of-klagenfurt/marl-uav-mission-no-formation/runs/qgyhqyu7
2026-05-16T12:58:30.599530,61,3,15548.150775152784,1,3,0,2.0,0.15325445930163065,0.1557369977235794,0.12019394089778264,0.27033987641334534,0.01861105129743616,0,0.5904874205589294,0,LAND_B,LAND_B,LAND_B,2.1206226348876953,2.1139233112335205,2.125750780105591,0.1984681934118271,0.19531872868537903,0.19111594557762146,https://wandb.ai/ememchijioke-university-of-klagenfurt/marl-uav-mission-no-formation/runs/qgyhqyu7
2026-05-16T12:58:43.059833,62,3,15670.983665644591,1,3,0,2.0,0.15195723871390024,0.1548568308353424,0.11842702080806096,0.26553890109062195,0.011921891011297703,0,0.590333878993988,0,LAND_B,LAND_B,LAND_B,2.1125125885009766,2.1217753887176514,2.120704412460327,0.19858668744564056,0.1954478621482849,0.1912708580493927,https://wandb.ai/ememchijioke-university-of-klagenfurt/marl-uav-mission-no-formation/runs/qgyhqyu7
2026-05-16T12:58:55.436505,63,3,15727.613181968469,1,3,0,2.0,0.1485732396443685,0.15600834786891937,0.11402644962072372,0.26841971278190613,0.02198752077917258,0,0.5909942984580994,0,LAND_B,LAND_B,LAND_B,2.1202595233917236,2.1102521419525146,2.1110076904296875,0.19896231591701508,0.19516706466674805,0.19157080352306366,https://wandb.ai/ememchijioke-university-of-klagenfurt/marl-uav-mission-no-formation/runs/qgyhqyu7
2026-05-16T12:59:07.257351,64,3,15563.67301095384,1,3,0,2.0,0.15283584594726562,0.15742862224578857,0.11976290742556255,0.26895442605018616,0.015781874923656385,0,0.588829517364502,0,LAND_B,LAND_B,LAND_B,2.1225802898406982,2.1103453636169434,2.1259984970092773,0.19872231781482697,0.19502513110637665,0.19063973426818848,https://wandb.ai/ememchijioke-university-of-klagenfurt/marl-uav-mission-no-formation/runs/qgyhqyu7
2026-05-16T12:59:19.493287,65,3,15574.944093777563,1,3,0,2.0,0.15344407161076865,0.15479148924350739,0.12050238500038783,0.265943706035614,0.02262690228720506,0,0.5981774926185608,0,LAND_B,LAND_B,LAND_B,2.1149990558624268,2.121032238006592,2.125305652618408,0.19866326451301575,0.19508031010627747,0.19083303213119507,https://wandb.ai/ememchijioke-university-of-klagenfurt/marl-uav-mission-no-formation/runs/qgyhqyu7
2026-05-16T12:59:32.894536,66,3,15676.525713332849,1,3,0,2.0,0.1510871152083079,0.15884236991405487,0.1173027977347374,0.2688348392645518,0.01498249980310599,0,0.5922091603279114,0,LAND_B,LAND_B,LAND_B,2.1239402294158936,2.115065813064575,2.1127474308013916,0.19918742775917053,0.1954134702682495,0.19104690849781036,https://wandb.ai/ememchijioke-university-of-klagenfurt/marl-uav-mission-no-formation/runs/qgyhqyu7
2026-05-16T12:59:45.908379,67,3,15608.446580864913,1,3,0,2.0,0.14896467328071594,0.15219567716121674,0.11440368990103404,0.2678619424502055,0.023463201398650806,0,0.6002649068832397,0,LAND_B,LAND_B,LAND_B,2.1154251098632812,2.1178407669067383,2.1096901893615723,0.19914951920509338,0.19562970101833344,0.1913917362689972,https://wandb.ai/ememchijioke-university-of-klagenfurt/marl-uav-mission-no-formation/runs/qgyhqyu7
2026-05-16T12:59:58.940047,68,3,15578.834928452005,1,3,0,2.0,0.14952264229456583,0.1536695659160614,0.11521211514870326,0.2652139166990916,0.0157356527633965,0,0.5972935557365417,0,LAND_B,LAND_B,LAND_B,2.1175265312194824,2.114656686782837,2.1131560802459717,0.19900190830230713,0.19580549001693726,0.19107374548912048,https://wandb.ai/ememchijioke-university-of-klagenfurt/marl-uav-mission-no-formation/runs/qgyhqyu7
2026-05-16T13:00:11.954638,69,3,15528.510727158095,1,3,0,2.0,0.14992433289686838,0.15117806196212769,0.11544290681680043,0.2673328717549642,0.014015835554649433,0,0.595816969871521,0,LAND_B,LAND_B,LAND_B,2.1129517555236816,2.112856388092041,2.1203625202178955,0.19908075034618378,0.1961013674736023,0.19146621227264404,https://wandb.ai/ememchijioke-university-of-klagenfurt/marl-uav-mission-no-formation/runs/qgyhqyu7
2026-05-16T13:00:24.402679,70,3,15612.231627328123,1,3,0,2.0,0.15614944696426392,0.16229937970638275,0.12359458208084106,0.26732514301935834,0.011470226105302572,0,0.5962299108505249,0,LAND_B,LAND_B,LAND_B,2.128443956375122,2.120178461074829,2.121917486190796,0.19911973178386688,0.19608904421329498,0.19101667404174805,https://wandb.ai/ememchijioke-university-of-klagenfurt/marl-uav-mission-no-formation/runs/qgyhqyu7
2026-05-16T13:00:36.822625,71,3,15532.493311129749,1,3,0,2.0,0.15581168234348297,0.1594667136669159,0.12329189976056416,0.26777498920758563,0.006914461807658275,0,0.6033241152763367,0,LAND_B,LAND_B,LAND_B,2.124554395675659,2.122166156768799,2.122734785079956,0.19956664741039276,0.19517028331756592,0.19097799062728882,https://wandb.ai/ememchijioke-university-of-klagenfurt/marl-uav-mission-no-formation/runs/qgyhqyu7
2026-05-16T13:00:49.637258,72,3,15659.672846055324,1,3,0,2.0,0.1522593448559443,0.1610698699951172,0.11905431250731151,0.26750415563583374,0.021575222723186016,0,0.594970703125,0,LAND_B,LAND_B,LAND_B,2.1266915798187256,2.1242880821228027,2.105607748031616,0.19937339425086975,0.1943984180688858,0.19076362252235413,https://wandb.ai/ememchijioke-university-of-klagenfurt/marl-uav-mission-no-formation/runs/qgyhqyu7
2026-05-16T13:01:02.796020,73,3,15609.167413956075,1,3,0,2.0,0.1515252689520518,0.15906040370464325,0.11844879885514577,0.2647792597611745,0.016803673934191465,0,0.5968959331512451,0,LAND_B,LAND_B,LAND_B,2.1249499320983887,2.1163442134857178,2.1137540340423584,0.19841374456882477,0.19487839937210083,0.1901809126138687,https://wandb.ai/ememchijioke-university-of-klagenfurt/marl-uav-mission-no-formation/runs/qgyhqyu7
2026-05-16T13:01:15.596755,74,3,15618.275111324348,1,3,0,2.0,0.15164314210414886,0.15762056410312653,0.11851579944292705,0.26736440261205036,0.017477430403232574,0,0.5925060510635376,0,LAND_B,LAND_B,LAND_B,2.1226718425750732,2.115037679672241,2.117652654647827,0.19890813529491425,0.19462445378303528,0.1902020126581192,https://wandb.ai/ememchijioke-university-of-klagenfurt/marl-uav-mission-no-formation/runs/qgyhqyu7
2026-05-16T13:01:29.265429,75,3,15636.03549103871,1,3,0,2.0,0.15230470399061838,0.15370944142341614,0.11920177688201268,0.26918715238571167,0.013221634241441885,0,0.5986565947532654,0,LAND_B,LAND_B,LAND_B,2.1151254177093506,2.1178219318389893,2.1244099140167236,0.19890598952770233,0.19508983194828033,0.18996457755565643,https://wandb.ai/ememchijioke-university-of-klagenfurt/marl-uav-mission-no-formation/runs/qgyhqyu7
2026-05-16T13:01:42.255803,76,3,16289.592008337062,1,3,0,2.0,0.14790684978167215,0.15237142145633698,0.1136880914370219,0.2671523590882619,0.010249260192116102,0,0.5994918942451477,0,LAND_B,LAND_B,LAND_B,2.115645170211792,2.112419605255127,2.112950086593628,0.19920514523983002,0.19404974579811096,0.19051499664783478,https://wandb.ai/ememchijioke-university-of-klagenfurt/marl-uav-mission-no-formation/runs/qgyhqyu7
2026-05-16T13:01:55.461737,77,3,15549.865245126728,1,3,0,2.0,0.1512740502754847,0.15585099160671234,0.11836446821689606,0.26808876792589825,0.011315456901987394,0,0.5951458215713501,0,LAND_B,LAND_B,LAND_B,2.121074676513672,2.11439847946167,2.1193552017211914,0.1981276422739029,0.19463211297988892,0.18969674408435822,https://wandb.ai/ememchijioke-university-of-klagenfurt/marl-uav-mission-no-formation/runs/qgyhqyu7
2026-05-16T13:02:08.541533,78,3,15761.686895962866,1,3,0,2.0,0.14861452082792917,0.1539243906736374,0.11458844443162282,0.26727598905563354,0.01947229541838169,0,0.5880114436149597,0,LAND_B,LAND_B,LAND_B,2.117807626724243,2.1142501831054688,2.1112828254699707,0.19905735552310944,0.19512633979320526,0.18969468772411346,https://wandb.ai/ememchijioke-university-of-klagenfurt/marl-uav-mission-no-formation/runs/qgyhqyu7
2026-05-16T13:02:21.364978,79,3,15686.912388812201,1,3,0,2.0,0.1512333353360494,0.15460893511772156,0.11818474034468333,0.2671664555867513,0.015100996320446333,0,0.5895634889602661,0,LAND_B,LAND_B,LAND_B,2.119459629058838,2.117520332336426,2.1173267364501953,0.1979905217885971,0.19468152523040771,0.19035054743289948,https://wandb.ai/ememchijioke-university-of-klagenfurt/marl-uav-mission-no-formation/runs/qgyhqyu7
2026-05-16T13:02:34.085979,80,3,15560.178986894218,1,3,0,2.0,0.1520646313826243,0.15703991055488586,0.119023231168588,0.2700389226277669,0.018125309608876705,0,0.5843955874443054,0,LAND_B,LAND_B,LAND_B,2.1140098571777344,2.1249892711639404,2.117539882659912,0.1988290548324585,0.19465409219264984,0.19011852145195007,https://wandb.ai/ememchijioke-university-of-klagenfurt/marl-uav-mission-no-formation/runs/qgyhqyu7
2026-05-16T13:02:47.103018,81,3,15689.606845745608,1,3,0,2.0,0.15181931853294373,0.1562570333480835,0.11855489015579224,0.26698292295138043,0.022364148559669655,0,0.6028082370758057,0,LAND_B,LAND_B,LAND_B,2.1208128929138184,2.112494945526123,2.121426582336426,0.19900108873844147,0.19523069262504578,0.18999327719211578,https://wandb.ai/ememchijioke-university-of-klagenfurt/marl-uav-mission-no-formation/runs/qgyhqyu7
2026-05-16T13:02:59.198606,82,3,15608.027830364432,1,3,0,2.0,0.15217474599679312,0.15362325310707092,0.11914219210545222,0.26942943533261615,0.014672864228487015,0,0.5962835550308228,0,LAND_B,LAND_B,LAND_B,2.115384578704834,2.1209139823913574,2.1208505630493164,0.19848118722438812,0.1946997195482254,0.1905680149793625,https://wandb.ai/ememchijioke-university-of-klagenfurt/marl-uav-mission-no-formation/runs/qgyhqyu7
2026-05-16T13:03:11.865801,83,3,15595.192881742565,1,3,0,2.0,0.15403022865454355,0.1560955047607422,0.12163046995798747,0.26652639110883075,0.008883612230420113,0,0.6009425520896912,0,LAND_B,LAND_B,LAND_B,2.1185462474823,2.1240928173065186,2.121447801589966,0.1981416791677475,0.19455520808696747,0.19063076376914978,https://wandb.ai/ememchijioke-university-of-klagenfurt/marl-uav-mission-no-formation/runs/qgyhqyu7
2026-05-16T13:03:25.150204,84,3,16265.775689736822,1,3,0,2.0,0.1511174589395523,0.15626555681228638,0.11834832280874252,0.26653437813123065,0.014205093185106913,0,0.6002540588378906,0,LAND_B,LAND_B,LAND_B,2.12211012840271,2.1201095581054688,2.111994504928589,0.19750885665416718,0.1943364441394806,0.19005264341831207,https://wandb.ai/ememchijioke-university-of-klagenfurt/marl-uav-mission-no-formation/runs/qgyhqyu7
2026-05-16T13:03:38.433304,85,3,15640.105935706773,1,3,0,2.0,0.1503752718369166,0.15291015803813934,0.11686792969703674,0.2660923898220062,0.00850934946599106,0,0.5973467826843262,0,LAND_B,LAND_B,LAND_B,2.1089720726013184,2.117831230163574,2.123279333114624,0.19770312309265137,0.1952105313539505,0.1904170662164688,https://wandb.ai/ememchijioke-university-of-klagenfurt/marl-uav-mission-no-formation/runs/qgyhqyu7
2026-05-16T13:03:51.928735,86,3,15690.950543156307,1,3,0,2.0,0.15204342206319174,0.15348653495311737,0.1192872201402982,0.2685164411862691,0.01861462959398826,0,0.5914307236671448,0,LAND_B,LAND_B,LAND_B,2.1163032054901123,2.12080454826355,2.1201887130737305,0.19770528376102448,0.19467952847480774,0.19025619328022003,https://wandb.ai/ememchijioke-university-of-klagenfurt/marl-uav-mission-no-formation/runs/qgyhqyu7
2026-05-16T13:04:04.804488,87,3,15589.70942820891,1,3,0,2.0,0.1530087242523829,0.15698696672916412,0.12041619420051575,0.26925047238667804,0.01783894281834364,0,0.5898308753967285,0,LAND_B,LAND_B,LAND_B,2.122718334197998,2.1172502040863037,2.1209332942962646,0.19747313857078552,0.19478140771389008,0.19086754322052002,https://wandb.ai/ememchijioke-university-of-klagenfurt/marl-uav-mission-no-formation/runs/qgyhqyu7
2026-05-16T13:04:18.918521,88,3,15749.103217961507,1,3,0,2.0,0.1507565826177597,0.1607685387134552,0.11744994670152664,0.2668240964412689,0.015973287789771955,0,0.5984375476837158,0,LAND_B,LAND_B,LAND_B,2.1272969245910645,2.1177382469177246,2.107002019882202,0.19810046255588531,0.19473306834697723,0.19058580696582794,https://wandb.ai/ememchijioke-university-of-klagenfurt/marl-uav-mission-no-formation/runs/qgyhqyu7
2026-05-16T13:04:32.189973,89,3,15694.066418518485,1,3,0,2.0,0.15300282835960388,0.15874508023262024,0.12026984989643097,0.2698891262213389,0.007725702288250129,0,0.5933809280395508,0,LAND_B,LAND_B,LAND_B,2.124647378921509,2.1209518909454346,2.1150569915771484,0.19817477464675903,0.194968119263649,0.1905914843082428,https://wandb.ai/ememchijioke-university-of-klagenfurt/marl-uav-mission-no-formation/runs/qgyhqyu7
2026-05-16T13:04:46.073195,90,3,15604.30905597955,1,3,0,2.0,0.15513994296391806,0.156123548746109,0.12310006966193517,0.27081265052159625,0.016699060332030058,0,0.5920439958572388,0,LAND_B,LAND_B,LAND_B,2.121115207672119,2.1209378242492676,2.1270532608032227,0.19754162430763245,0.1947522908449173,0.19072727859020233,https://wandb.ai/ememchijioke-university-of-klagenfurt/marl-uav-mission-no-formation/runs/qgyhqyu7
2026-05-16T13:04:58.591472,91,3,15628.52260969876,1,3,0,2.0,0.15097178518772125,0.15600673854351044,0.11784698565800984,0.26591435074806213,0.015353073870452741,0,0.600866973400116,0,LAND_B,LAND_B,LAND_B,2.1214590072631836,2.110924243927002,2.121088743209839,0.19790396094322205,0.19439242780208588,0.19055774807929993,https://wandb.ai/ememchijioke-university-of-klagenfurt/marl-uav-mission-no-formation/runs/qgyhqyu7
2026-05-16T13:05:11.527099,92,3,15624.880129356929,1,3,0,2.0,0.1552318880955378,0.15758411586284637,0.1233583614230156,0.26841776569684345,0.012934122156972686,0,0.5904975533485413,0,LAND_B,LAND_B,LAND_B,2.1237425804138184,2.122859239578247,2.123272657394409,0.19751253724098206,0.19483111798763275,0.1902690827846527,https://wandb.ai/ememchijioke-university-of-klagenfurt/marl-uav-mission-no-formation/runs/qgyhqyu7
2026-05-16T13:05:23.727507,93,3,15729.548587525114,1,3,0,2.0,0.1510080248117447,0.15689483284950256,0.1179582451780637,0.27077628175417584,0.023594217995802563,0,0.5969821810722351,0,LAND_B,LAND_B,LAND_B,2.1227967739105225,2.116919994354248,2.1140494346618652,0.1976218968629837,0.1944730281829834,0.19074943661689758,https://wandb.ai/ememchijioke-university-of-klagenfurt/marl-uav-mission-no-formation/runs/qgyhqyu7
2026-05-16T13:05:36.652164,94,3,15719.711371920934,1,3,0,2.0,0.1497084746758143,0.15171955525875092,0.11615255723396938,0.27016886075337726,0.011067417915910482,0,0.5953675508499146,0,LAND_B,LAND_B,LAND_B,2.1159212589263916,2.1149659156799316,2.117340564727783,0.19785773754119873,0.19492723047733307,0.1904403120279312,https://wandb.ai/ememchijioke-university-of-klagenfurt/marl-uav-mission-no-formation/runs/qgyhqyu7
2026-05-16T13:05:50.013408,95,3,15624.976728135434,1,3,0,2.0,0.15006562074025473,0.1513313353061676,0.11700407167275746,0.2679414947827657,0.02085553544263045,0,0.6010076999664307,0,LAND_B,LAND_B,LAND_B,2.115999698638916,2.1162021160125732,2.1187150478363037,0.19708172976970673,0.1944994181394577,0.19018015265464783,https://wandb.ai/ememchijioke-university-of-klagenfurt/marl-uav-mission-no-formation/runs/qgyhqyu7
2026-05-16T13:06:02.398400,96,3,15662.188866145958,1,3,0,2.0,0.14904829363028207,0.15304259955883026,0.11547927310069402,0.2677696446577708,0.012000545859336853,0,0.5906978249549866,0,LAND_B,LAND_B,LAND_B,2.1177585124969482,2.1107075214385986,2.117577075958252,0.1976696252822876,0.19466543197631836,0.19018784165382385,https://wandb.ai/ememchijioke-university-of-klagenfurt/marl-uav-mission-no-formation/runs/qgyhqyu7
2026-05-16T13:06:14.073752,97,3,16294.375783433847,1,3,0,2.0,0.14664402107397714,0.15212056040763855,0.11288765321175258,0.2676588197549184,0.020301231803993385,0,0.5962803363800049,0,LAND_B,LAND_B,LAND_B,2.1114680767059326,2.1195666790008545,2.1073977947235107,0.1970474272966385,0.19401131570339203,0.1895912140607834,https://wandb.ai/ememchijioke-university-of-klagenfurt/marl-uav-mission-no-formation/runs/qgyhqyu7
2026-05-16T13:06:27.046924,98,3,16319.343399807844,1,3,0,2.0,0.1520520100990931,0.1570843607187271,0.11984355002641678,0.26545413335164386,0.015529113511244455,0,0.5956995487213135,0,LAND_B,LAND_B,LAND_B,2.123098850250244,2.114107608795166,2.122037887573242,0.19753466546535492,0.19355717301368713,0.18946708738803864,https://wandb.ai/ememchijioke-university-of-klagenfurt/marl-uav-mission-no-formation/runs/qgyhqyu7
2026-05-16T13:06:39.573261,99,3,16441.17583703925,1,3,0,2.0,0.1511316349109014,0.15683846175670624,0.11916520198186238,0.2675160765647888,0.016678526687125366,0,0.5937896966934204,0,LAND_B,LAND_B,LAND_B,2.1231937408447266,2.1218414306640625,2.1120541095733643,0.1967610865831375,0.1931912899017334,0.18888789415359497,https://wandb.ai/ememchijioke-university-of-klagenfurt/marl-uav-mission-no-formation/runs/qgyhqyu7
2026-05-16T13:06:52.600909,100,3,16287.559010047069,1,3,0,2.0,0.14973141749699911,0.15638652443885803,0.11733761181433995,0.26598744591077167,0.018026167216400307,0,0.5898546576499939,0,LAND_B,LAND_B,LAND_B,2.122375249862671,2.1136136054992676,2.1157264709472656,0.1970956027507782,0.19340379536151886,0.18846508860588074,https://wandb.ai/ememchijioke-university-of-klagenfurt/marl-uav-mission-no-formation/runs/qgyhqyu7
2026-05-16T13:07:06.696333,101,3,16437.740913652746,1,3,0,2.0,0.15161182979742685,0.15596266090869904,0.11977975318829219,0.26783796151479083,0.02296577673405409,0,0.5969032049179077,0,LAND_B,LAND_B,LAND_B,2.1224772930145264,2.1153926849365234,2.1209535598754883,0.1965126246213913,0.19317170977592468,0.18902544677257538,https://wandb.ai/ememchijioke-university-of-klagenfurt/marl-uav-mission-no-formation/runs/qgyhqyu7
2026-05-16T13:07:18.295238,102,3,16350.061201558914,1,3,0,2.0,0.1450811823209127,0.1489560753107071,0.11135660111904144,0.2662779589494069,0.02064439095556736,0,0.6028759479522705,0,LAND_B,LAND_B,LAND_B,2.113140344619751,2.1115188598632812,2.1090571880340576,0.1965373158454895,0.19339731335639954,0.18902887403964996,https://wandb.ai/ememchijioke-university-of-klagenfurt/marl-uav-mission-no-formation/runs/qgyhqyu7
2026-05-16T13:07:30.903000,103,3,16609.908463022108,1,3,0,2.0,0.15103988846143088,0.15520450472831726,0.11899502078692119,0.26743532220522565,0.010600702371448278,0,0.5914795994758606,0,LAND_B,LAND_B,LAND_B,2.119253635406494,2.1238303184509277,2.113588333129883,0.19692042469978333,0.19347581267356873,0.1885913461446762,https://wandb.ai/ememchijioke-university-of-klagenfurt/marl-uav-mission-no-formation/runs/qgyhqyu7
2026-05-16T13:07:43.223782,104,3,16243.956635185203,1,3,0,2.0,0.14853201806545258,0.15310777723789215,0.11564148217439651,0.26872947812080383,0.02220521370569865,0,0.5885952115058899,0,LAND_B,LAND_B,LAND_B,2.110607385635376,2.1211941242218018,2.1146533489227295,0.19733713567256927,0.1932935267686844,0.18868528306484222,https://wandb.ai/ememchijioke-university-of-klagenfurt/marl-uav-mission-no-formation/runs/qgyhqyu7
2026-05-16T13:07:55.996932,105,3,16214.442936954476,1,3,0,2.0,0.14993656178315481,0.15540629625320435,0.11758869389692943,0.2677754859129588,0.014460708169887463,0,0.5947461128234863,0,LAND_B,LAND_B,LAND_B,2.109313488006592,2.124662160873413,2.1185531616210938,0.19719508290290833,0.19278037548065186,0.18852464854717255,https://wandb.ai/ememchijioke-university-of-klagenfurt/marl-uav-mission-no-formation/runs/qgyhqyu7
2026-05-16T13:08:10.448635,106,3,16319.542452769318,1,3,0,2.0,0.15006299316883087,0.15025171637535095,0.11769301940997441,0.2694314817587535,0.011399854285021624,0,0.5911519527435303,0,LAND_B,LAND_B,LAND_B,2.11452579498291,2.1167783737182617,2.1213576793670654,0.1972406953573227,0.19314168393611908,0.18858422338962555,https://wandb.ai/ememchijioke-university-of-klagenfurt/marl-uav-mission-no-formation/runs/qgyhqyu7
2026-05-16T13:08:22.914360,107,3,16270.132198475989,1,3,0,2.0,0.14748742679754892,0.14935021102428436,0.11438874403635661,0.2706771492958069,0.012886090204119682,0,0.605315625667572,0,LAND_B,LAND_B,LAND_B,2.11303448677063,2.114250898361206,2.1152961254119873,0.1976112574338913,0.19321005046367645,0.18826448917388916,https://wandb.ai/ememchijioke-university-of-klagenfurt/marl-uav-mission-no-formation/runs/qgyhqyu7
2026-05-16T13:08:35.346649,108,3,16382.87063814031,1,3,0,2.0,0.14873037735621134,0.1523377150297165,0.11577984939018886,0.2696164945761363,0.015254703738416234,0,0.5943076610565186,0,LAND_B,LAND_B,LAND_B,2.1163110733032227,2.1165153980255127,2.114337205886841,0.1983778476715088,0.1931961327791214,0.1883825957775116,https://wandb.ai/ememchijioke-university-of-klagenfurt/marl-uav-mission-no-formation/runs/qgyhqyu7
2026-05-16T13:08:48.823466,109,3,16260.299571688141,1,3,0,2.0,0.14769762257734934,0.14909780025482178,0.1145425687233607,0.27025820811589557,0.018052256976564724,0,0.5865017175674438,0,LAND_B,LAND_B,LAND_B,2.1121695041656494,2.1160521507263184,2.1148524284362793,0.19788958132266998,0.19304731488227844,0.18856976926326752,https://wandb.ai/ememchijioke-university-of-klagenfurt/marl-uav-mission-no-formation/runs/qgyhqyu7
2026-05-16T13:09:02.152651,110,3,16378.068239129403,1,3,0,2.0,0.14987308780352274,0.1562502682209015,0.11705470581849416,0.27359840273857117,0.012381871230900288,0,0.592749834060669,0,LAND_B,LAND_B,LAND_B,2.12123966217041,2.1180918216705322,2.111665964126587,0.1983756572008133,0.19385705888271332,0.18854576349258423,https://wandb.ai/ememchijioke-university-of-klagenfurt/marl-uav-mission-no-formation/runs/qgyhqyu7
2026-05-16T13:09:14.925241,111,3,16210.902689520273,1,3,0,2.0,0.14781377216180167,0.1515667587518692,0.11395323028167088,0.2677122155825297,0.015474583177516857,0,0.5901201367378235,0,LAND_B,LAND_B,LAND_B,2.1146554946899414,2.114224672317505,2.112666130065918,0.199025958776474,0.19396506249904633,0.1893455535173416,https://wandb.ai/ememchijioke-university-of-klagenfurt/marl-uav-mission-no-formation/runs/qgyhqyu7
2026-05-16T13:09:26.915819,112,3,15680.374351114278,1,3,0,2.0,0.14853012065092722,0.15470091998577118,0.1147046188513438,0.26868565877278644,0.017255062547822792,0,0.5913017988204956,0,LAND_B,LAND_B,LAND_B,2.11847186088562,2.11499285697937,2.1104443073272705,0.19940294325351715,0.19436998665332794,0.18929129838943481,https://wandb.ai/ememchijioke-university-of-klagenfurt/marl-uav-mission-no-formation/runs/qgyhqyu7
2026-05-16T13:09:39.865401,113,3,15647.840346173156,1,3,0,2.0,0.15058319767316183,0.15485291182994843,0.11728810022274654,0.26904035607973736,0.015250977749625841,0,0.5879722833633423,0,LAND_B,LAND_B,LAND_B,2.118607997894287,2.114210367202759,2.118633508682251,0.19934384524822235,0.19437694549560547,0.1894126683473587,https://wandb.ai/ememchijioke-university-of-klagenfurt/marl-uav-mission-no-formation/runs/qgyhqyu7
2026-05-16T13:09:53.393671,114,3,16925.211381275873,1,3,0,2.0,0.1473067949215571,0.14997532963752747,0.11673582841952641,0.252930889527003,0.014088295710583528,0,0.5941088199615479,0,LAND_B,LAND_B,LAND_B,2.1095523834228516,2.1166090965270996,2.1239395141601562,0.1946561336517334,0.1896745264530182,0.18440836668014526,https://wandb.ai/ememchijioke-university-of-klagenfurt/marl-uav-mission-no-formation/runs/qgyhqyu7
2026-05-16T13:10:06.382832,115,3,16886.688088088595,1,3,0,2.0,0.14965719978014627,0.15385107696056366,0.1197854479153951,0.25304996967315674,0.013798079919070005,0,0.5935163497924805,0,LAND_B,LAND_B,LAND_B,2.121103048324585,2.120941162109375,2.117060661315918,0.19476106762886047,0.18969613313674927,0.18459133803844452,https://wandb.ai/ememchijioke-university-of-klagenfurt/marl-uav-mission-no-formation/runs/qgyhqyu7
2026-05-16T13:10:18.188685,116,3,15655.5695518492,1,3,0,2.0,0.14880117774009705,0.15726599097251892,0.11457312355438869,0.26774321993192035,0.014825021537641684,0,0.5969650149345398,0,LAND_B,LAND_B,LAND_B,2.121399402618408,2.1129586696624756,2.1086385250091553,0.19947434961795807,0.19536086916923523,0.18998949229717255,https://wandb.ai/ememchijioke-university-of-klagenfurt/marl-uav-mission-no-formation/runs/qgyhqyu7
2026-05-16T13:10:30.737031,117,3,15712.202658531924,1,3,0,2.0,0.15215512116750082,0.1566956341266632,0.11920515199502309,0.2689712941646576,0.01701836202604075,0,0.5902990698814392,0,LAND_B,LAND_B,LAND_B,2.1208956241607666,2.1151604652404785,2.1213107109069824,0.19943948090076447,0.1943770796060562,0.18965107202529907,https://wandb.ai/ememchijioke-university-of-klagenfurt/marl-uav-mission-no-formation/runs/qgyhqyu7
2026-05-16T13:10:42.408507,118,3,16371.443175974453,1,3,0,2.0,0.1498302867015203,0.1521233171224594,0.11648796747128169,0.2647914191087087,0.02354539992908637,0,0.5924127697944641,0,LAND_B,LAND_B,LAND_B,2.1151933670043945,2.118922472000122,2.115152359008789,0.1992240995168686,0.19421876966953278,0.18907256424427032,https://wandb.ai/ememchijioke-university-of-klagenfurt/marl-uav-mission-no-formation/runs/qgyhqyu7
2026-05-16T13:10:54.053508,119,3,16839.62292797972,1,3,0,2.0,0.15243350466092428,0.1536678522825241,0.12027119100093842,0.27204089363416034,0.02070193613568942,0,0.5974615216255188,0,LAND_B,LAND_B,LAND_B,2.11721134185791,2.119117021560669,2.1239819526672363,0.19895270466804504,0.19351451098918915,0.18806765973567963,https://wandb.ai/ememchijioke-university-of-klagenfurt/marl-uav-mission-no-formation/runs/qgyhqyu7
2026-05-16T13:11:06.936468,120,3,16912.817721973563,1,3,0,2.0,0.15021971861521402,0.15559269487857819,0.11750179032484691,0.26896146933237713,0.013558509138723215,0,0.5971732139587402,0,LAND_B,LAND_B,LAND_B,2.120227575302124,2.1105737686157227,2.121429204940796,0.19857929646968842,0.1936149001121521,0.18821808695793152,https://wandb.ai/ememchijioke-university-of-klagenfurt/marl-uav-mission-no-formation/runs/qgyhqyu7
2026-05-16T13:11:19.736318,121,3,17075.43226288756,1,3,0,2.0,0.14719147980213165,0.15151669085025787,0.11385471125443776,0.26965853571891785,0.019535550847649574,0,0.5886048674583435,0,LAND_B,LAND_B,LAND_B,2.1149563789367676,2.1176438331604004,2.1086413860321045,0.19864332675933838,0.19349247217178345,0.18762701749801636,https://wandb.ai/ememchijioke-university-of-klagenfurt/marl-uav-mission-no-formation/runs/qgyhqyu7
2026-05-16T13:11:32.249025,122,3,16784.829034691185,1,3,0,2.0,0.1526674081881841,0.15725766122341156,0.12092951436837514,0.26817001899083454,0.009608693576107422,0,0.5879790782928467,0,LAND_B,LAND_B,LAND_B,2.122088670730591,2.1241261959075928,2.1157946586608887,0.19866247475147247,0.19334590435028076,0.1874522566795349,https://wandb.ai/ememchijioke-university-of-klagenfurt/marl-uav-mission-no-formation/runs/qgyhqyu7
2026-05-16T13:11:45.275651,123,3,16973.82752578189,1,3,0,2.0,0.14537633955478668,0.14644959568977356,0.11151142170031865,0.2690097987651825,0.007934892550110817,0,0.5973975658416748,0,LAND_B,LAND_B,LAND_B,2.108379602432251,2.1112544536590576,2.11480450630188,0.198481485247612,0.19335626065731049,0.1875556856393814,https://wandb.ai/ememchijioke-university-of-klagenfurt/marl-uav-mission-no-formation/runs/qgyhqyu7
2026-05-16T13:11:58.846209,124,3,16972.41122796101,1,3,0,2.0,0.14807330071926117,0.15291233360767365,0.11519871900478999,0.2676440080006917,0.01219930499792099,0,0.5916393399238586,0,LAND_B,LAND_B,LAND_B,2.1172449588775635,2.1162455081939697,2.1118571758270264,0.19808818399906158,0.1931874006986618,0.1877586543560028,https://wandb.ai/ememchijioke-university-of-klagenfurt/marl-uav-mission-no-formation/runs/qgyhqyu7
2026-05-16T13:12:10.763503,125,3,16427.64126463167,1,3,0,2.0,0.146881232659022,0.1494937390089035,0.11345864584048589,0.26725805799166363,0.016380338929593563,0,0.5899842977523804,0,LAND_B,LAND_B,LAND_B,2.1127426624298096,2.113485097885132,2.113771915435791,0.19795487821102142,0.19350381195545197,0.18820369243621826,https://wandb.ai/ememchijioke-university-of-klagenfurt/marl-uav-mission-no-formation/runs/qgyhqyu7
2026-05-16T13:12:23.898576,126,3,16892.72757150459,1,3,0,2.0,0.14993099371592203,0.15887540578842163,0.11759609977404277,0.26782379547754925,0.015290094229082266,0,0.6034263372421265,0,LAND_B,LAND_B,LAND_B,2.1250126361846924,2.116309404373169,2.111142158508301,0.19778329133987427,0.19341892004013062,0.18780961632728577,https://wandb.ai/ememchijioke-university-of-klagenfurt/marl-uav-mission-no-formation/runs/qgyhqyu7
2026-05-16T13:12:36.264488,127,3,16898.848758340362,1,3,0,2.0,0.1497519165277481,0.15250173211097717,0.11722000439961751,0.2677752673625946,0.010717456229031086,0,0.6070696115493774,0,LAND_B,LAND_B,LAND_B,2.1164581775665283,2.1123530864715576,2.1221048831939697,0.1978704333305359,0.19349245727062225,0.18778905272483826,https://wandb.ai/ememchijioke-university-of-klagenfurt/marl-uav-mission-no-formation/runs/qgyhqyu7
2026-05-16T13:12:47.498761,128,3,16811.372220028978,1,3,0,2.0,0.14835350712140402,0.1513989269733429,0.1155860647559166,0.2682143946488698,0.013837281614542007,0,0.591026782989502,0,LAND_B,LAND_B,LAND_B,2.11370587348938,2.119236469268799,2.113553524017334,0.19777055084705353,0.19310909509658813,0.18791905045509338,https://wandb.ai/ememchijioke-university-of-klagenfurt/marl-uav-mission-no-formation/runs/qgyhqyu7
2026-05-16T13:12:59.533048,129,3,16963.38645934925,1,3,0,2.0,0.1475235323111216,0.15114696323871613,0.11454745630423228,0.2720223565896352,0.013143667951226234,0,0.6039376854896545,0,LAND_B,LAND_B,LAND_B,2.109382390975952,2.119215488433838,2.1147289276123047,0.19805654883384705,0.19289842247962952,0.18750515580177307,https://wandb.ai/ememchijioke-university-of-klagenfurt/marl-uav-mission-no-formation/runs/qgyhqyu7
2026-05-16T13:13:12.709525,130,3,16874.26478397946,1,3,0,2.0,0.14780621230602264,0.15702396631240845,0.1145307794213295,0.2718954185644786,0.024995284775892895,0,0.5982748866081238,0,LAND_B,LAND_B,LAND_B,2.121882200241089,2.106938362121582,2.114600658416748,0.19888369739055634,0.19345423579216003,0.18771708011627197,https://wandb.ai/ememchijioke-university-of-klagenfurt/marl-uav-mission-no-formation/runs/qgyhqyu7
2026-05-16T13:13:25.909892,131,3,17025.790279869107,1,3,0,2.0,0.1490610639254252,0.15016056597232819,0.1159158522884051,0.2706150511900584,0.015431513078510761,0,0.5837845206260681,0,LAND_B,LAND_B,LAND_B,2.1130151748657227,2.1156198978424072,2.118386745452881,0.19871971011161804,0.19393236935138702,0.18813759088516235,https://wandb.ai/ememchijioke-university-of-klagenfurt/marl-uav-mission-no-formation/runs/qgyhqyu7
2026-05-16T13:13:37.717514,132,3,16532.607311713597,1,3,0,2.0,0.14689688881238303,0.14857809245586395,0.1127612516283989,0.2693590521812439,0.01291755773127079,0,0.59373539686203,0,LAND_B,LAND_B,LAND_B,2.1107962131500244,2.1129696369171143,2.1143641471862793,0.1988527476787567,0.19414842128753662,0.1891918182373047,https://wandb.ai/ememchijioke-university-of-klagenfurt/marl-uav-mission-no-formation/runs/qgyhqyu7
2026-05-16T13:13:51.643081,133,3,16207.584130183637,1,3,0,2.0,0.15242014825344086,0.15601956844329834,0.1200476735830307,0.2719353536764781,0.02100425772368908,0,0.5964748859405518,0,LAND_B,LAND_B,LAND_B,2.12087082862854,2.117919445037842,2.1213080883026123,0.1986514925956726,0.19386936724185944,0.18905408680438995,https://wandb.ai/ememchijioke-university-of-klagenfurt/marl-uav-mission-no-formation/runs/qgyhqyu7
2026-05-16T13:14:04.820300,134,3,15852.276513768242,1,3,0,2.0,0.14545239508152008,0.15077298879623413,0.11035910248756409,0.2691124578317006,0.018139439324537914,0,0.5925761461257935,0,LAND_B,LAND_B,LAND_B,2.1130247116088867,2.113887310028076,2.1039822101593018,0.19975125789642334,0.19478023052215576,0.18966349959373474,https://wandb.ai/ememchijioke-university-of-klagenfurt/marl-uav-mission-no-formation/runs/qgyhqyu7
2026-05-16T13:14:18.011879,135,3,15640.572032947535,1,3,0,2.0,0.15064110855261484,0.15408678352832794,0.11725769688685735,0.2714216609795888,0.02052772728105386,0,0.5982454419136047,0,LAND_B,LAND_B,LAND_B,2.117541790008545,2.120375394821167,2.1134777069091797,0.19942891597747803,0.19485856592655182,0.18932349979877472,https://wandb.ai/ememchijioke-university-of-klagenfurt/marl-uav-mission-no-formation/runs/qgyhqyu7
2026-05-16T13:14:31.259304,136,3,15593.699794895585,1,3,0,2.0,0.1494852751493454,0.1534518003463745,0.115947720905145,0.27157508333524066,0.009531944990158081,0,0.5945428013801575,0,LAND_B,LAND_B,LAND_B,2.117288827896118,2.112088680267334,2.1182339191436768,0.19875851273536682,0.19441314041614532,0.18967469036579132,https://wandb.ai/ememchijioke-university-of-klagenfurt/marl-uav-mission-no-formation/runs/qgyhqyu7
2026-05-16T13:14:44.833268,137,3,15645.4765992576,1,3,0,2.0,0.14657051861286163,0.14785191416740417,0.11148360619942348,0.26816893617312115,0.015059068488578001,0,0.6060925722122192,0,LAND_B,LAND_B,LAND_B,2.1087353229522705,2.112304210662842,2.1126883029937744,0.19975504279136658,0.19514919817447662,0.1903090924024582,https://wandb.ai/ememchijioke-university-of-klagenfurt/marl-uav-mission-no-formation/runs/qgyhqyu7
2026-05-16T13:14:57.300173,138,3,15708.332127006717,1,3,0,2.0,0.14936168988545737,0.1552213728427887,0.11503750334183376,0.27069105704625446,0.017317354989548523,0,0.5934942364692688,0,LAND_B,LAND_B,LAND_B,2.1139774322509766,2.1224634647369385,2.1085164546966553,0.19971033930778503,0.19519363343715668,0.19067968428134918,https://wandb.ai/ememchijioke-university-of-klagenfurt/marl-uav-mission-no-formation/runs/qgyhqyu7
2026-05-16T13:15:08.713981,139,3,16870.57080254482,1,3,0,2.0,0.1515204757452011,0.15430834889411926,0.12174566586812337,0.25195497274398804,0.015509887598454952,0,0.5921710729598999,0,LAND_B,LAND_B,LAND_B,2.121511936187744,2.1216211318969727,2.1216964721679688,0.19479484856128693,0.1901015192270279,0.18555879592895508,https://wandb.ai/ememchijioke-university-of-klagenfurt/marl-uav-mission-no-formation/runs/qgyhqyu7
2026-05-16T13:15:19.802370,140,3,16878.025805411304,1,3,0,2.0,0.1459852159023285,0.14899997413158417,0.1145895744363467,0.2511332829793294,0.01690465770661831,0,0.5980419516563416,0,LAND_B,LAND_B,LAND_B,2.1072723865509033,2.118629217147827,2.1177680492401123,0.19545477628707886,0.19014513492584229,0.18508587777614594,https://wandb.ai/ememchijioke-university-of-klagenfurt/marl-uav-mission-no-formation/runs/qgyhqyu7
2026-05-16T13:15:32.083259,141,3,17003.483435629045,1,3,0,2.0,0.1473845640818278,0.1515696495771408,0.11669926096995671,0.25129004816214245,0.011202357864628235,0,0.5825681090354919,0,LAND_B,LAND_B,LAND_B,2.1181061267852783,2.1185648441314697,2.1126997470855713,0.19491486251354218,0.1896952986717224,0.1853741705417633,https://wandb.ai/ememchijioke-university-of-klagenfurt/marl-uav-mission-no-formation/runs/qgyhqyu7
2026-05-16T13:15:43.435529,142,3,16817.29855222256,1,3,0,2.0,0.14527134597301483,0.14721234142780304,0.11374515046676,0.2546445628007253,0.010344328397574524,0,0.5938895344734192,0,LAND_B,LAND_B,LAND_B,2.1117732524871826,2.1164567470550537,2.1129188537597656,0.19569242000579834,0.18999509513378143,0.1851549744606018,https://wandb.ai/ememchijioke-university-of-klagenfurt/marl-uav-mission-no-formation/runs/qgyhqyu7
2026-05-16T13:15:55.581136,143,3,16895.677078710443,1,3,0,2.0,0.1419475277264913,0.1422993540763855,0.1092925841609637,0.24938244124253592,0.020526710897684097,0,0.5922577381134033,0,LAND_B,LAND_B,LAND_B,2.1055984497070312,2.1093711853027344,2.1126651763916016,0.19535604119300842,0.1902574598789215,0.18571674823760986,https://wandb.ai/ememchijioke-university-of-klagenfurt/marl-uav-mission-no-formation/runs/qgyhqyu7
2026-05-16T13:16:07.068455,144,3,16863.43134938784,1,3,0,2.0,0.14240466058254242,0.1436949372291565,0.11043898264567058,0.256690909465154,0.013693782656143108,0,0.5921505689620972,0,LAND_B,LAND_B,LAND_B,2.107696771621704,2.1114981174468994,2.1115524768829346,0.1950133740901947,0.1901417374610901,0.18420901894569397,https://wandb.ai/ememchijioke-university-of-klagenfurt/marl-uav-mission-no-formation/runs/qgyhqyu7
2026-05-16T13:16:19.447100,145,3,16969.85772122838,1,3,0,2.0,0.15001521507898966,0.15042924880981445,0.1198745717604955,0.25619033972422284,0.014913133966426054,0,0.5966993570327759,0,LAND_B,LAND_B,LAND_B,2.1163949966430664,2.1202709674835205,2.122661828994751,0.1952763944864273,0.19030018150806427,0.1845676749944687,https://wandb.ai/ememchijioke-university-of-klagenfurt/marl-uav-mission-no-formation/runs/qgyhqyu7
2026-05-16T13:16:30.469889,146,3,16876.313992474265,1,3,0,2.0,0.1474206397930781,0.15177610516548157,0.11651710420846939,0.2545788288116455,0.012851269294818243,0,0.5850741863250732,0,LAND_B,LAND_B,LAND_B,2.117185354232788,2.1209964752197266,2.1107177734375,0.19530192017555237,0.190877303481102,0.18465307354927063,https://wandb.ai/ememchijioke-university-of-klagenfurt/marl-uav-mission-no-formation/runs/qgyhqyu7
2026-05-16T13:16:43.036274,147,3,16889.71293840007,1,3,0,2.0,0.1489820977052053,0.152751162648201,0.1177597592274348,0.25201232731342316,0.01738317186633746,0,0.5898298621177673,0,LAND_B,LAND_B,LAND_B,2.1184115409851074,2.1174166202545166,2.1170554161071777,0.196318119764328,0.19162125885486603,0.1856774389743805,https://wandb.ai/ememchijioke-university-of-klagenfurt/marl-uav-mission-no-formation/runs/qgyhqyu7
2026-05-16T13:16:56.797869,148,3,17025.967368432783,1,3,0,2.0,0.14755193889141083,0.15434403717517853,0.11588287353515625,0.253494660059611,0.0071574233782788115,0,0.5952873826026917,0,LAND_B,LAND_B,LAND_B,2.1204161643981934,2.1214258670806885,2.105630874633789,0.19652743637561798,0.19127751886844635,0.18611082434654236,https://wandb.ai/ememchijioke-university-of-klagenfurt/marl-uav-mission-no-formation/runs/qgyhqyu7
2026-05-16T13:17:10.232896,149,3,16933.585922684622,1,3,0,2.0,0.14605540533860525,0.1531045287847519,0.11400727927684784,0.2532992164293925,0.017776440208156902,0,0.5952957272529602,0,LAND_B,LAND_B,LAND_B,2.118652105331421,2.1159589290618896,2.1070990562438965,0.1966148316860199,0.19164220988750458,0.1856113225221634,https://wandb.ai/ememchijioke-university-of-klagenfurt/marl-uav-mission-no-formation/runs/qgyhqyu7
2026-05-16T13:17:22.949008,150,3,16833.65242935591,1,3,0,2.0,0.14628278215726218,0.14911499619483948,0.1139559621612231,0.24993484715620676,0.019289712732036907,0,0.5972984433174133,0,LAND_B,LAND_B,LAND_B,2.1130824089050293,2.115577459335327,2.1130988597869873,0.1971961259841919,0.19146156311035156,0.18629445135593414,https://wandb.ai/ememchijioke-university-of-klagenfurt/marl-uav-mission-no-formation/runs/qgyhqyu7
2026-05-16T13:17:35.161205,151,3,16878.716328681472,1,3,0,2.0,0.1452758957942327,0.1480160802602768,0.11231974512338638,0.2552422384421031,0.008210587315261364,0,0.5952388048171997,0,LAND_B,LAND_B,LAND_B,2.108267307281494,2.1155014038085938,2.112913131713867,0.197229266166687,0.19255505502223969,0.1862575262784958,https://wandb.ai/ememchijioke-university-of-klagenfurt/marl-uav-mission-no-formation/runs/qgyhqyu7
2026-05-16T13:17:47.866036,152,3,16833.926791392136,1,3,0,2.0,0.14519554376602173,0.1496422290802002,0.112284354865551,0.24996491273244223,0.013607332638154427,0,0.5880317687988281,0,LAND_B,LAND_B,LAND_B,2.1131842136383057,2.111860513687134,2.1110448837280273,0.1970054656267166,0.1929810643196106,0.18604640662670135,https://wandb.ai/ememchijioke-university-of-klagenfurt/marl-uav-mission-no-formation/runs/qgyhqyu7
2026-05-16T13:18:00.788766,153,3,16842.251160335298,1,3,0,2.0,0.14692230025927225,0.14914824068546295,0.11498155693213145,0.25297770897547406,0.0169151754428943,0,0.5948704481124878,0,LAND_B,LAND_B,LAND_B,2.1130945682525635,2.1133432388305664,2.118067979812622,0.19696111977100372,0.1920119822025299,0.18497073650360107,https://wandb.ai/ememchijioke-university-of-klagenfurt/marl-uav-mission-no-formation/runs/qgyhqyu7
2026-05-16T13:18:13.696829,154,3,17016.590641386247,1,3,0,2.0,0.1442136267820994,0.1487756371498108,0.11142197499672572,0.2535587251186371,0.022488260952134926,0,0.5937296152114868,0,LAND_B,LAND_B,LAND_B,2.1072230339050293,2.116950273513794,2.109984874725342,0.19711242616176605,0.19185088574886322,0.1852990835905075,https://wandb.ai/ememchijioke-university-of-klagenfurt/marl-uav-mission-no-formation/runs/qgyhqyu7
2026-05-16T13:18:26.054552,155,3,16876.188088598166,1,3,0,2.0,0.14304842054843903,0.14520998299121857,0.10996930797894795,0.25627295176188153,0.0062127528556933,0,0.597254753112793,0,LAND_B,LAND_B,LAND_B,2.108119487762451,2.1082887649536133,2.1132700443267822,0.19688160717487335,0.19178743660449982,0.18536408245563507,https://wandb.ai/ememchijioke-university-of-klagenfurt/marl-uav-mission-no-formation/runs/qgyhqyu7
2026-05-16T13:18:38.874775,156,3,16909.187775652612,1,3,0,2.0,0.14785918593406677,0.15426208078861237,0.1162689874569575,0.2524546682834625,0.012227864935994148,0,0.5991140007972717,0,LAND_B,LAND_B,LAND_B,2.1200454235076904,2.116258144378662,2.1119518280029297,0.19686658680438995,0.19216372072696686,0.18493928015232086,https://wandb.ai/ememchijioke-university-of-klagenfurt/marl-uav-mission-no-formation/runs/qgyhqyu7
2026-05-16T13:18:52.213448,157,3,16965.425466927136,1,3,0,2.0,0.14760477344195047,0.15077216923236847,0.1158215304215749,0.253271480401357,0.013013280307253202,0,0.6000708937644958,0,LAND_B,LAND_B,LAND_B,2.112947463989258,2.119755744934082,2.114567756652832,0.19675153493881226,0.19157209992408752,0.18589285016059875,https://wandb.ai/ememchijioke-university-of-klagenfurt/marl-uav-mission-no-formation/runs/qgyhqyu7
2026-05-16T13:19:05.446103,158,3,16858.656234192567,1,3,0,2.0,0.14680918554464975,0.15320679545402527,0.11473870277404785,0.25443382064501446,0.013481406805415949,0,0.5980274677276611,0,LAND_B,LAND_B,LAND_B,2.118950366973877,2.1043360233306885,2.1207666397094727,0.19655568897724152,0.19216181337833405,0.18535485863685608,https://wandb.ai/ememchijioke-university-of-klagenfurt/marl-uav-mission-no-formation/runs/qgyhqyu7
2026-05-16T13:19:18.035838,159,3,16794.096818232356,1,3,0,2.0,0.14537728826204935,0.15109962224960327,0.11316799124081929,0.25206123292446136,0.016449693279961746,0,0.5989158153533936,0,LAND_B,LAND_B,LAND_B,2.1164650917053223,2.1072752475738525,2.115626811981201,0.19616688787937164,0.19190678000450134,0.18537038564682007,https://wandb.ai/ememchijioke-university-of-klagenfurt/marl-uav-mission-no-formation/runs/qgyhqyu7
2026-05-16T13:19:31.468294,160,3,16772.51041952521,1,3,0,2.0,0.15034653743108115,0.15506577491760254,0.11923146496216457,0.25198006133238476,0.01292422879487276,0,0.5864247679710388,0,LAND_B,LAND_B,LAND_B,2.1212730407714844,2.1178083419799805,2.118058204650879,0.19612136483192444,0.1929815411567688,0.18551287055015564,https://wandb.ai/ememchijioke-university-of-klagenfurt/marl-uav-mission-no-formation/runs/qgyhqyu7
2026-05-16T13:19:44.556204,161,3,16840.318066135686,1,3,0,2.0,0.1424086590607961,0.1449795812368393,0.1092980330189069,0.254371037085851,0.01731774614502986,0,0.5883234143257141,0,LAND_B,LAND_B,LAND_B,2.10815167427063,2.1044886112213135,2.1143620014190674,0.19628138840198517,0.19177888333797455,0.18527697026729584,https://wandb.ai/ememchijioke-university-of-klagenfurt/marl-uav-mission-no-formation/runs/qgyhqyu7
2026-05-16T13:19:57.272483,162,3,16873.701058981947,1,3,0,2.0,0.14701410631338754,0.15496297180652618,0.11498599747816722,0.252517968416214,0.0157245888064305,0,0.6016458868980408,0,LAND_B,LAND_B,LAND_B,2.105391263961792,2.124607563018799,2.1144237518310547,0.19685952365398407,0.1921178102493286,0.18495410680770874,https://wandb.ai/ememchijioke-university-of-klagenfurt/marl-uav-mission-no-formation/runs/qgyhqyu7
2026-05-16T13:20:10.104117,163,3,16990.981182928088,1,3,0,2.0,0.14722435176372528,0.15517112612724304,0.11520028859376907,0.2546950777371724,0.010026328886548678,0,0.6005684733390808,0,LAND_B,LAND_B,LAND_B,2.121011734008789,2.1108410358428955,2.1134376525878906,0.19675692915916443,0.19282430410385132,0.18527819216251373,https://wandb.ai/ememchijioke-university-of-klagenfurt/marl-uav-mission-no-formation/runs/qgyhqyu7
2026-05-16T13:20:23.575040,164,3,16965.324530455735,1,3,0,2.0,0.14697069923082987,0.15117637813091278,0.11503876000642776,0.24995969732602438,0.019173723335067432,0,0.6020618677139282,0,LAND_B,LAND_B,LAND_B,2.116115093231201,2.114330768585205,2.1143276691436768,0.19669780135154724,0.1924852579832077,0.1850295066833496,https://wandb.ai/ememchijioke-university-of-klagenfurt/marl-uav-mission-no-formation/runs/qgyhqyu7
2026-05-16T13:20:36.922561,165,3,16926.515424414025,1,3,0,2.0,0.14532451828320822,0.15403641760349274,0.1128996064265569,0.2499038428068161,0.028489456822474796,0,0.5916217565536499,0,LAND_B,LAND_B,LAND_B,2.108571767807007,2.1230835914611816,2.106680154800415,0.1971171498298645,0.19250407814979553,0.1844353973865509,https://wandb.ai/ememchijioke-university-of-klagenfurt/marl-uav-mission-no-formation/runs/qgyhqyu7
2026-05-16T13:20:50.081612,166,3,16821.6233647444,1,3,0,2.0,0.15077254672845206,0.15378563106060028,0.11988581717014313,0.25504011909166974,0.01066426079099377,0,0.5964008569717407,0,LAND_B,LAND_B,LAND_B,2.119473457336426,2.11513090133667,2.1249477863311768,0.1967102587223053,0.19222643971443176,0.18480613827705383,https://wandb.ai/ememchijioke-university-of-klagenfurt/marl-uav-mission-no-formation/runs/qgyhqyu7
2026-05-16T13:21:02.382545,167,3,16897.598384556168,1,3,0,2.0,0.14800713459650675,0.15015514194965363,0.11557005594174068,0.2518252780040105,0.014468570550282797,0,0.5945584774017334,0,LAND_B,LAND_B,LAND_B,2.113990545272827,2.109692335128784,2.122605800628662,0.19767820835113525,0.19322942197322845,0.18576323986053467,https://wandb.ai/ememchijioke-university-of-klagenfurt/marl-uav-mission-no-formation/runs/qgyhqyu7
2026-05-16T13:21:15.648423,168,3,16864.93038493347,1,3,0,2.0,0.14467048148314157,0.14761954545974731,0.1113621989885966,0.2525012791156769,0.00952980931227406,0,0.5948752164840698,0,LAND_B,LAND_B,LAND_B,2.1107218265533447,2.10711669921875,2.115934133529663,0.19746874272823334,0.19343698024749756,0.18560338020324707,https://wandb.ai/ememchijioke-university-of-klagenfurt/marl-uav-mission-no-formation/runs/qgyhqyu7
2026-05-16T13:21:26.904304,169,3,16857.63416321553,1,3,0,2.0,0.15069754421710968,0.156025230884552,0.11897245794534683,0.2502652158339818,0.004393725423142314,0,0.59921795129776,0,LAND_B,LAND_B,LAND_B,2.121677875518799,2.1206154823303223,2.1144704818725586,0.1976003795862198,0.19361861050128937,0.18620841205120087,https://wandb.ai/ememchijioke-university-of-klagenfurt/marl-uav-mission-no-formation/runs/qgyhqyu7
2026-05-16T13:21:39.551417,170,3,16887.166237604593,1,3,0,2.0,0.14912141859531403,0.15573906898498535,0.11721333612998326,0.2503352016210556,0.015589048154652119,0,0.6021475791931152,0,LAND_B,LAND_B,LAND_B,2.1133439540863037,2.1250972747802734,2.113001823425293,0.19734349846839905,0.19269168376922607,0.18616372346878052,https://wandb.ai/ememchijioke-university-of-klagenfurt/marl-uav-mission-no-formation/runs/qgyhqyu7
2026-05-16T13:21:52.892202,171,3,16844.364383286666,1,3,0,2.0,0.1474649558464686,0.150025874376297,0.11508820205926895,0.25301162401835126,0.015768816073735554,0,0.5990179777145386,0,LAND_B,LAND_B,LAND_B,2.1141345500946045,2.1168758869171143,2.1135480403900146,0.1973601132631302,0.19281727075576782,0.18620692193508148,https://wandb.ai/ememchijioke-university-of-klagenfurt/marl-uav-mission-no-formation/runs/qgyhqyu7
2026-05-16T13:22:06.627570,172,3,16868.974469624387,1,3,0,2.0,0.1468301067749659,0.1542631834745407,0.1142350509762764,0.24941632648309073,0.010947271715849638,0,0.5951439738273621,0,LAND_B,LAND_B,LAND_B,2.119656562805176,2.1145472526550293,2.1084046363830566,0.1972564160823822,0.19328463077545166,0.18618932366371155,https://wandb.ai/ememchijioke-university-of-klagenfurt/marl-uav-mission-no-formation/runs/qgyhqyu7
2026-05-16T13:22:20.003926,173,3,16753.627994992483,1,3,0,2.0,0.1502250482638677,0.1554289162158966,0.11887383212645848,0.25369226435820263,0.01570665587981542,0,0.5971457362174988,0,LAND_B,LAND_B,LAND_B,2.12130069732666,2.1143293380737305,2.1209120750427246,0.19712305068969727,0.19254033267498016,0.18557822704315186,https://wandb.ai/ememchijioke-university-of-klagenfurt/marl-uav-mission-no-formation/runs/qgyhqyu7
2026-05-16T13:22:32.358016,174,3,16873.75742990419,1,3,0,2.0,0.14801733692487082,0.1519668698310852,0.1158980131149292,0.25316869219144184,0.01582703149567048,0,0.6034736037254333,0,LAND_B,LAND_B,LAND_B,2.111499786376953,2.1105170249938965,2.125244140625,0.1965862363576889,0.19304028153419495,0.1856316775083542,https://wandb.ai/ememchijioke-university-of-klagenfurt/marl-uav-mission-no-formation/runs/qgyhqyu7
2026-05-16T13:22:44.591303,175,3,16878.047705094836,1,3,0,2.0,0.1500947723786036,0.15417473018169403,0.11864281942447026,0.2535925010840098,0.015175924636423588,0,0.5980549454689026,0,LAND_B,LAND_B,LAND_B,2.1198153495788574,2.120689630508423,2.114903688430786,0.1970246136188507,0.19329318404197693,0.1853756308555603,https://wandb.ai/ememchijioke-university-of-klagenfurt/marl-uav-mission-no-formation/runs/qgyhqyu7
2026-05-16T13:22:56.375117,176,3,16805.176959147637,1,3,0,2.0,0.1438413808743159,0.14604924619197845,0.11025266349315643,0.25095468759536743,0.0249244241664807,0,0.5915364027023315,0,LAND_B,LAND_B,LAND_B,2.108330011367798,2.1057257652282715,2.116177797317505,0.19787855446338654,0.19355174899101257,0.18501195311546326,https://wandb.ai/ememchijioke-university-of-klagenfurt/marl-uav-mission-no-formation/runs/qgyhqyu7
2026-05-16T13:23:08.780070,177,3,16999.821638339996,1,3,0,2.0,0.14462404449780783,0.15307998657226562,0.1116716240843137,0.25350795189539593,0.021602653277417023,0,0.5978038907051086,0,LAND_B,LAND_B,LAND_B,2.1060945987701416,2.1213207244873047,2.1074953079223633,0.19659584760665894,0.19329704344272614,0.18535776436328888,https://wandb.ai/ememchijioke-university-of-klagenfurt/marl-uav-mission-no-formation/runs/qgyhqyu7
2026-05-16T13:23:21.277447,178,3,16815.61246078146,1,3,0,2.0,0.14722836514314017,0.14993630349636078,0.11476356039444606,0.2508627971013387,0.02026509152104457,0,0.6029264330863953,0,LAND_B,LAND_B,LAND_B,2.1141066551208496,2.1130998134613037,2.11588454246521,0.19724391400814056,0.19344130158424377,0.18565863370895386,https://wandb.ai/ememchijioke-university-of-klagenfurt/marl-uav-mission-no-formation/runs/qgyhqyu7
2026-05-16T13:23:34.423658,179,3,16955.94697814826,1,3,0,2.0,0.14741718272368112,0.15089750289916992,0.1150527223944664,0.2517261455456416,0.024028921499848366,0,0.5907569527626038,0,LAND_B,LAND_B,LAND_B,2.115001678466797,2.1161625385284424,2.113494396209717,0.19735540449619293,0.1934811770915985,0.18547993898391724,https://wandb.ai/ememchijioke-university-of-klagenfurt/marl-uav-mission-no-formation/runs/qgyhqyu7
2026-05-16T13:23:46.598209,180,3,16862.320005967427,1,3,0,2.0,0.1498742401599884,0.15867695212364197,0.11740765472253163,0.2483973205089569,0.008676671034966906,0,0.5941286087036133,0,LAND_B,LAND_B,LAND_B,2.124375104904175,2.11350679397583,2.1141607761383057,0.19847185909748077,0.19431078433990479,0.1865624636411667,https://wandb.ai/ememchijioke-university-of-klagenfurt/marl-uav-mission-no-formation/runs/qgyhqyu7
2026-05-16T13:23:57.705396,181,3,16863.607411842873,1,3,0,2.0,0.14852516849835715,0.15788759291172028,0.11620912949244182,0.2501551608244578,0.020218140445649624,0,0.581996500492096,0,LAND_B,LAND_B,LAND_B,2.1237831115722656,2.114778518676758,2.1093249320983887,0.19730287790298462,0.19393226504325867,0.18621668219566345,https://wandb.ai/ememchijioke-university-of-klagenfurt/marl-uav-mission-no-formation/runs/qgyhqyu7
2026-05-16T13:24:09.470045,182,3,16877.232967735214,1,3,0,2.0,0.14677036305268606,0.14968274533748627,0.11373275766770045,0.251778523127238,0.020614631474018097,0,0.5945669412612915,0,LAND_B,LAND_B,LAND_B,2.1098508834838867,2.1161229610443115,2.114798069000244,0.1973099261522293,0.19444775581359863,0.1861715316772461,https://wandb.ai/ememchijioke-university-of-klagenfurt/marl-uav-mission-no-formation/runs/qgyhqyu7
2026-05-16T13:24:22.534668,183,3,16862.87811264387,1,3,0,2.0,0.15068782369295755,0.15106724202632904,0.11852874358495076,0.25159872074921924,0.012748916943868002,0,0.5981482863426208,0,LAND_B,LAND_B,LAND_B,2.114771842956543,2.1180386543273926,2.122713804244995,0.19727881252765656,0.19427290558815002,0.18712636828422546,https://wandb.ai/ememchijioke-university-of-klagenfurt/marl-uav-mission-no-formation/runs/qgyhqyu7
2026-05-16T13:24:35.341089,184,3,16856.47038508843,1,3,0,2.0,0.1469772309064865,0.1513044536113739,0.11377697438001633,0.24751566847165427,0.010849964804947376,0,0.6018567681312561,0,LAND_B,LAND_B,LAND_B,2.115602731704712,2.1142220497131348,2.1112289428710938,0.19730129837989807,0.1937430202960968,0.18803726136684418,https://wandb.ai/ememchijioke-university-of-klagenfurt/marl-uav-mission-no-formation/runs/qgyhqyu7
2026-05-16T13:24:48.537988,185,3,16867.742212687222,1,3,0,2.0,0.14756583670775095,0.14856980741024017,0.11441604793071747,0.2508734514315923,0.020296651870012283,0,0.5961828231811523,0,LAND_B,LAND_B,LAND_B,2.1095216274261475,2.113285541534424,2.1201460361480713,0.19716517627239227,0.1944800615310669,0.18735794723033905,https://wandb.ai/ememchijioke-university-of-klagenfurt/marl-uav-mission-no-formation/runs/qgyhqyu7
2026-05-16T13:25:01.723071,186,3,16852.356936928183,1,3,0,2.0,0.1483038365840912,0.15430521965026855,0.11539412289857864,0.2503936439752579,0.014834015009303888,0,0.5986368656158447,0,LAND_B,LAND_B,LAND_B,2.113696813583374,2.1220226287841797,2.110250234603882,0.19769681990146637,0.19434517621994019,0.18725289404392242,https://wandb.ai/ememchijioke-university-of-klagenfurt/marl-uav-mission-no-formation/runs/qgyhqyu7
2026-05-16T13:25:14.711089,187,3,16806.352749847825,1,3,0,2.0,0.14887693524360657,0.1535288691520691,0.11634086320797603,0.24858166774113974,0.012540447060018778,0,0.5898743271827698,0,LAND_B,LAND_B,LAND_B,2.111176013946533,2.1210813522338867,2.11647629737854,0.19694356620311737,0.1941581815481186,0.1872217357158661,https://wandb.ai/ememchijioke-university-of-klagenfurt/marl-uav-mission-no-formation/runs/qgyhqyu7
2026-05-16T13:25:27.460762,188,3,16820.139103413538,1,3,0,2.0,0.14708305895328522,0.1548711061477661,0.11402349670728047,0.24900617202123007,0.017753902201851208,0,0.6007542610168457,0,LAND_B,LAND_B,LAND_B,2.1208715438842773,2.1133835315704346,2.1073174476623535,0.19681166112422943,0.1944711059331894,0.18742336332798004,https://wandb.ai/ememchijioke-university-of-klagenfurt/marl-uav-mission-no-formation/runs/qgyhqyu7
2026-05-16T13:25:40.608524,189,3,16866.365917735537,1,3,0,2.0,0.1480468213558197,0.15566915273666382,0.11584918200969696,0.25085380176703137,0.005071809282526374,0,0.5970305800437927,0,LAND_B,LAND_B,LAND_B,2.1222474575042725,2.109736680984497,2.114487409591675,0.19590972363948822,0.19378046691417694,0.18661817908287048,https://wandb.ai/ememchijioke-university-of-klagenfurt/marl-uav-mission-no-formation/runs/qgyhqyu7
2026-05-16T13:25:53.373486,190,3,16829.23852468214,1,3,0,2.0,0.15133996804555258,0.15791726112365723,0.12023791422446568,0.2527150313059489,0.020688831185301144,0,0.597391664981842,0,LAND_B,LAND_B,LAND_B,2.1253581047058105,2.113487482070923,2.121588706970215,0.19603751599788666,0.19308556616306305,0.18630222976207733,https://wandb.ai/ememchijioke-university-of-klagenfurt/marl-uav-mission-no-formation/runs/qgyhqyu7
2026-05-16T13:26:05.728396,191,3,16885.582242187873,1,3,0,2.0,0.14989451070626578,0.15363098680973053,0.11868820587793986,0.2497620681921641,0.013791472961505255,0,0.5960785746574402,0,LAND_B,LAND_B,LAND_B,2.1138176918029785,2.1223559379577637,2.119770050048828,0.1952258199453354,0.19290588796138763,0.18618881702423096,https://wandb.ai/ememchijioke-university-of-klagenfurt/marl-uav-mission-no-formation/runs/qgyhqyu7
2026-05-16T13:26:18.856767,192,3,16825.60650125423,1,3,0,2.0,0.14696621398131052,0.1487630009651184,0.11525731285413106,0.2527487725019455,0.010128978795061508,0,0.6040402054786682,0,LAND_B,LAND_B,LAND_B,2.113321304321289,2.1165246963500977,2.1153202056884766,0.1952742636203766,0.19230931997299194,0.18575403094291687,https://wandb.ai/ememchijioke-university-of-klagenfurt/marl-uav-mission-no-formation/runs/qgyhqyu7
2026-05-16T13:26:32.138403,193,3,16875.765647979722,1,3,0,2.0,0.1520026077826818,0.15752868354320526,0.12173656870921452,0.253107155362765,0.017348230971644323,0,0.5887593626976013,0,LAND_B,LAND_B,LAND_B,2.1253645420074463,2.123610496520996,2.1159117221832275,0.1952294558286667,0.19245374202728271,0.18536926805973053,https://wandb.ai/ememchijioke-university-of-klagenfurt/marl-uav-mission-no-formation/runs/qgyhqyu7
2026-05-16T13:26:45.390399,194,3,16837.186433782375,1,3,0,2.0,0.15195156633853912,0.15692780911922455,0.12135938306649525,0.2521248509486516,0.016665208463867504,0,0.5980263948440552,0,LAND_B,LAND_B,LAND_B,2.1240999698638916,2.1199307441711426,2.119663715362549,0.1958821713924408,0.19251053035259247,0.18582433462142944,https://wandb.ai/ememchijioke-university-of-klagenfurt/marl-uav-mission-no-formation/runs/qgyhqyu7
2026-05-16T13:26:58.230953,195,3,16929.11810180515,1,3,0,2.0,0.14850229024887085,0.15300221741199493,0.11737218250830968,0.25257623692353565,0.02032534684985876,0,0.5948300361633301,0,LAND_B,LAND_B,LAND_B,2.1193859577178955,2.119227409362793,2.1133222579956055,0.1956067979335785,0.19202163815498352,0.18524405360221863,https://wandb.ai/ememchijioke-university-of-klagenfurt/marl-uav-mission-no-formation/runs/qgyhqyu7
2026-05-16T13:27:11.705445,196,3,16825.08917230112,1,3,0,2.0,0.14871676762898764,0.15340176224708557,0.1173844834168752,0.24946914116541544,0.011782392859458923,0,0.6033942103385925,0,LAND_B,LAND_B,LAND_B,2.11566162109375,2.1218385696411133,2.113823652267456,0.19596315920352936,0.19301597774028778,0.1847539097070694,https://wandb.ai/ememchijioke-university-of-klagenfurt/marl-uav-mission-no-formation/runs/qgyhqyu7
2026-05-16T13:27:23.895270,197,3,16926.478958860465,1,3,0,2.0,0.14686916768550873,0.14783860743045807,0.11544040590524673,0.2564496199289958,0.008799511939287186,0,0.6059249639511108,0,LAND_B,LAND_B,LAND_B,2.1127007007598877,2.1139001846313477,2.119347095489502,0.19559121131896973,0.19215115904808044,0.1841263771057129,https://wandb.ai/ememchijioke-university-of-klagenfurt/marl-uav-mission-no-formation/runs/qgyhqyu7
2026-05-16T13:27:35.798382,198,3,16893.935353607678,1,3,0,2.0,0.1473212738831838,0.15477901697158813,0.11541625609000523,0.2535477826992671,0.009892915530751148,0,0.5897909998893738,0,LAND_B,LAND_B,LAND_B,2.1112258434295654,2.124049186706543,2.110517978668213,0.19643177092075348,0.19235201179981232,0.1855234056711197,https://wandb.ai/ememchijioke-university-of-klagenfurt/marl-uav-mission-no-formation/runs/qgyhqyu7
2026-05-16T13:27:48.319768,199,3,16855.17779640969,1,3,0,2.0,0.14996536572774252,0.15627934038639069,0.11870395392179489,0.2497720718383789,0.012895226789017519,0,0.5903735160827637,0,LAND_B,LAND_B,LAND_B,2.123281717300415,2.120471715927124,2.111766815185547,0.1957704871892929,0.19277046620845795,0.1863960176706314,https://wandb.ai/ememchijioke-university-of-klagenfurt/marl-uav-mission-no-formation/runs/qgyhqyu7
2026-05-16T13:28:00.433210,200,3,16822.581415444925,1,3,0,2.0,0.14747088154157004,0.15380670130252838,0.11561562369267146,0.25077855587005615,0.011205156023303667,0,0.6038994789123535,0,LAND_B,LAND_B,LAND_B,2.1200642585754395,2.1147031784057617,2.1114282608032227,0.19610662758350372,0.19240246713161469,0.18609338998794556,https://wandb.ai/ememchijioke-university-of-klagenfurt/marl-uav-mission-no-formation/runs/qgyhqyu7
2026-05-16T13:28:13.344015,201,3,16868.034008400613,1,3,0,2.0,0.15084845324357352,0.1527968943119049,0.11999932924906413,0.2532495856285095,0.01469907940675815,0,0.6026893258094788,0,LAND_B,LAND_B,LAND_B,2.1151857376098633,2.1186704635620117,2.1254472732543945,0.19507670402526855,0.19232167303562164,0.18630002439022064,https://wandb.ai/ememchijioke-university-of-klagenfurt/marl-uav-mission-no-formation/runs/qgyhqyu7
2026-05-16T13:28:26.715405,202,3,16804.71291181118,1,3,0,2.0,0.1484843542178472,0.15381981432437897,0.11695470660924911,0.24971793095270792,0.015938322991132736,0,0.5884000658988953,0,LAND_B,LAND_B,LAND_B,2.1202027797698975,2.1156606674194336,2.1145472526550293,0.19582898914813995,0.19214771687984467,0.18641994893550873,https://wandb.ai/ememchijioke-university-of-klagenfurt/marl-uav-mission-no-formation/runs/qgyhqyu7
2026-05-16T13:28:39.856112,203,3,16896.280519222226,1,3,0,2.0,0.15276779234409332,0.1590566486120224,0.12305473287900288,0.25049056609471637,0.02285777839521567,0,0.5969996452331543,0,LAND_B,LAND_B,LAND_B,2.127626657485962,2.12453031539917,2.116910219192505,0.19485846161842346,0.19122518599033356,0.18549925088882446,https://wandb.ai/ememchijioke-university-of-klagenfurt/marl-uav-mission-no-formation/runs/qgyhqyu7
2026-05-16T13:28:52.807250,204,3,15570.840518696694,1,3,0,2.0,0.15000847975413004,0.15643586218357086,0.11578880250453949,0.26418760418891907,0.015197936755915483,0,0.5919251441955566,0,LAND_B,LAND_B,LAND_B,2.12046480178833,2.1111488342285156,2.115234136581421,0.19938533008098602,0.1962750405073166,0.1903148889541626,https://wandb.ai/ememchijioke-university-of-klagenfurt/marl-uav-mission-no-formation/runs/qgyhqyu7
2026-05-16T13:29:05.597199,205,3,15632.296506664887,1,3,0,2.0,0.15472581485907236,0.16025637090206146,0.12173394113779068,0.26542291045188904,0.013460939905295769,0,0.5914010405540466,0,LAND_B,LAND_B,LAND_B,2.1188697814941406,2.1277730464935303,2.1184003353118896,0.19936548173427582,0.19662025570869446,0.19034194946289062,https://wandb.ai/ememchijioke-university-of-klagenfurt/marl-uav-mission-no-formation/runs/qgyhqyu7
2026-05-16T13:29:18.538288,206,3,15570.575391955974,1,3,0,2.0,0.1511151740948359,0.1565074622631073,0.11757906526327133,0.26849785447120667,0.013070339957873026,0,0.5914687514305115,0,LAND_B,LAND_B,LAND_B,2.1134533882141113,2.1239447593688965,2.115065813064575,0.19931143522262573,0.1952119618654251,0.18995684385299683,https://wandb.ai/ememchijioke-university-of-klagenfurt/marl-uav-mission-no-formation/runs/qgyhqyu7
2026-05-16T13:29:30.942337,207,3,15582.987516648738,1,3,0,2.0,0.14989331364631653,0.15160280466079712,0.11637091388305028,0.26673927903175354,0.013682888122275472,0,0.5976675152778625,0,LAND_B,LAND_B,LAND_B,2.114699363708496,2.117887496948242,2.1164565086364746,0.19826732575893402,0.19531896710395813,0.18968302011489868,https://wandb.ai/ememchijioke-university-of-klagenfurt/marl-uav-mission-no-formation/runs/qgyhqyu7
2026-05-16T13:29:43.488079,208,3,15540.295782460238,1,3,0,2.0,0.15244831641515097,0.1571117341518402,0.11947475125392278,0.26828553279240924,0.01700625444451968,0,0.5868216156959534,0,LAND_B,LAND_B,LAND_B,2.112917423248291,2.1163346767425537,2.1287612915039062,0.19823728501796722,0.19508901238441467,0.190025195479393,https://wandb.ai/ememchijioke-university-of-klagenfurt/marl-uav-mission-no-formation/runs/qgyhqyu7
2026-05-16T13:29:56.492313,209,3,15571.944996540424,1,3,0,2.0,0.1530021627744039,0.15742403268814087,0.12069473912318547,0.26545482873916626,0.012343684677034616,0,0.6000794172286987,0,LAND_B,LAND_B,LAND_B,2.123056173324585,2.1165976524353027,2.121727705001831,0.19817636907100677,0.19530829787254333,0.18839073181152344,https://wandb.ai/ememchijioke-university-of-klagenfurt/marl-uav-mission-no-formation/runs/qgyhqyu7
2026-05-16T13:30:09.380342,210,3,15660.713302808917,1,3,0,2.0,0.14880481362342834,0.1515999287366867,0.11482436706622441,0.2671094238758087,0.013736892491579056,0,0.6002562642097473,0,LAND_B,LAND_B,LAND_B,2.1152780055999756,2.1147475242614746,2.1143860816955566,0.1984073966741562,0.19616220891475677,0.18924972414970398,https://wandb.ai/ememchijioke-university-of-klagenfurt/marl-uav-mission-no-formation/runs/qgyhqyu7
2026-05-16T13:30:22.467098,211,3,15626.949823206582,1,3,0,2.0,0.15336247285207114,0.15559525787830353,0.12072053551673889,0.2689425051212311,0.02109166110555331,0,0.5958238244056702,0,LAND_B,LAND_B,LAND_B,2.115135431289673,2.122553825378418,2.1239187717437744,0.19851809740066528,0.1957840770483017,0.18899159133434296,https://wandb.ai/ememchijioke-university-of-klagenfurt/marl-uav-mission-no-formation/runs/qgyhqyu7
2026-05-16T13:30:35.288208,212,3,15583.72544293277,1,3,0,2.0,0.15466154118378958,0.15745297074317932,0.12226230651140213,0.26618075370788574,0.010200341853002707,0,0.590512216091156,0,LAND_B,LAND_B,LAND_B,2.122755289077759,2.1211187839508057,2.122724771499634,0.19860178232192993,0.19575779139995575,0.18965232372283936,https://wandb.ai/ememchijioke-university-of-klagenfurt/marl-uav-mission-no-formation/runs/qgyhqyu7
2026-05-16T13:30:47.704537,213,3,15664.74138483668,1,3,0,2.0,0.1531577209631602,0.15699222683906555,0.12055901189645131,0.26823583245277405,0.010689331373820702,0,0.5872334837913513,0,LAND_B,LAND_B,LAND_B,2.122692823410034,2.123141288757324,2.11549711227417,0.19775350391864777,0.19655029475688934,0.18906375765800476,https://wandb.ai/ememchijioke-university-of-klagenfurt/marl-uav-mission-no-formation/runs/qgyhqyu7
2026-05-16T13:31:00.886371,214,3,15653.845231007646,1,3,0,2.0,0.1528523862361908,0.15595436096191406,0.1201149399081866,0.26921690503756207,0.01799739586810271,0,0.5976147055625916,0,LAND_B,LAND_B,LAND_B,2.1139044761657715,2.1229217052459717,2.122983455657959,0.19797338545322418,0.1955971121788025,0.18961741030216217,https://wandb.ai/ememchijioke-university-of-klagenfurt/marl-uav-mission-no-formation/runs/qgyhqyu7
2026-05-16T13:31:13.779980,215,3,15590.942074479126,1,3,0,2.0,0.15228314201037088,0.15381431579589844,0.11878811319669087,0.26754165689150494,0.017891746751653653,0,0.5916302800178528,0,LAND_B,LAND_B,LAND_B,2.1136598587036133,2.1180965900421143,2.1243999004364014,0.19910411536693573,0.19583742320537567,0.19044186174869537,https://wandb.ai/ememchijioke-university-of-klagenfurt/marl-uav-mission-no-formation/runs/qgyhqyu7
2026-05-16T13:31:27.019773,216,3,15683.489125913344,1,3,0,2.0,0.1511546770731608,0.1600552797317505,0.11775164306163788,0.26733023921648663,0.014179242930064598,0,0.5887491703033447,0,LAND_B,LAND_B,LAND_B,2.115438938140869,2.127861499786377,2.1093313694000244,0.19874821603298187,0.1960155963897705,0.18930675089359283,https://wandb.ai/ememchijioke-university-of-klagenfurt/marl-uav-mission-no-formation/runs/qgyhqyu7
2026-05-16T13:31:40.027992,217,3,15604.048269596064,1,3,0,2.0,0.15401472647984824,0.15919442474842072,0.12135846664508183,0.2684165338675181,0.00932055851444602,0,0.5965114831924438,0,LAND_B,LAND_B,LAND_B,2.1248066425323486,2.118576765060425,2.120610237121582,0.19881847500801086,0.19610974192619324,0.18943972885608673,https://wandb.ai/ememchijioke-university-of-klagenfurt/marl-uav-mission-no-formation/runs/qgyhqyu7
2026-05-16T13:31:53.148488,218,3,15592.999370211099,1,3,0,2.0,0.15306571622689566,0.15853039920330048,0.1200405980149905,0.26678942640622455,0.011528488559027513,0,0.5902616381645203,0,LAND_B,LAND_B,LAND_B,2.123403549194336,2.1172409057617188,2.1188366413116455,0.19897063076496124,0.19590860605239868,0.18993650376796722,https://wandb.ai/ememchijioke-university-of-klagenfurt/marl-uav-mission-no-formation/runs/qgyhqyu7
2026-05-16T13:32:06.270416,219,3,15662.01508603073,1,3,0,2.0,0.15297063191731772,0.15575940907001495,0.1197580819328626,0.26937198638916016,0.016166317587097485,0,0.591191828250885,0,LAND_B,LAND_B,LAND_B,2.117309331893921,2.1221721172332764,2.119603395462036,0.19921521842479706,0.19648538529872894,0.18960505723953247,https://wandb.ai/ememchijioke-university-of-klagenfurt/marl-uav-mission-no-formation/runs/qgyhqyu7
2026-05-16T13:32:19.166638,220,3,15672.606103293307,1,3,0,2.0,0.15558006862799326,0.16161948442459106,0.12308002760012944,0.26884884635607403,0.010907018712411324,0,0.5986381769180298,0,LAND_B,LAND_B,LAND_B,2.1279938220977783,2.1250622272491455,2.1161551475524902,0.19868206977844238,0.19708237051963806,0.1897311806678772,https://wandb.ai/ememchijioke-university-of-klagenfurt/marl-uav-mission-no-formation/runs/qgyhqyu7
2026-05-16T13:32:32.392945,221,3,15836.493415261582,1,3,0,2.0,0.15019522607326508,0.15486760437488556,0.11622147262096405,0.2670636574427287,0.013355883459250132,0,0.5991222858428955,0,LAND_B,LAND_B,LAND_B,2.117249011993408,2.121062994003296,2.1100683212280273,0.19912515580654144,0.19637885689735413,0.18985538184642792,https://wandb.ai/ememchijioke-university-of-klagenfurt/marl-uav-mission-no-formation/runs/qgyhqyu7
2026-05-16T13:32:44.926299,222,3,15650.3985105114,1,3,0,2.0,0.15493895610173544,0.15990328788757324,0.12227742622296016,0.2651038666566213,0.010001079412177205,0,0.5877990126609802,0,LAND_B,LAND_B,LAND_B,2.1248672008514404,2.120495080947876,2.1209936141967773,0.1994752287864685,0.19634376466274261,0.18953430652618408,https://wandb.ai/ememchijioke-university-of-klagenfurt/marl-uav-mission-no-formation/runs/qgyhqyu7
2026-05-16T13:32:58.111431,223,3,15632.773129729338,1,3,0,2.0,0.15529537697633108,0.1596636176109314,0.12332177658875783,0.2651129563649495,0.014809145126491785,0,0.6060843467712402,0,LAND_B,LAND_B,LAND_B,2.1256372928619385,2.1277852058410645,2.116196393966675,0.19801115989685059,0.19572459161281586,0.1893930286169052,https://wandb.ai/ememchijioke-university-of-klagenfurt/marl-uav-mission-no-formation/runs/qgyhqyu7
2026-05-16T13:33:10.923177,224,3,15644.555131409183,1,3,0,2.0,0.15213974813620249,0.157732754945755,0.11948093771934509,0.26626625657081604,0.01288864358017842,0,0.599993109703064,0,LAND_B,LAND_B,LAND_B,2.1236093044281006,2.114529848098755,2.1200509071350098,0.19783660769462585,0.19518409669399261,0.18936100602149963,https://wandb.ai/ememchijioke-university-of-klagenfurt/marl-uav-mission-no-formation/runs/qgyhqyu7
2026-05-16T13:33:26.072815,225,3,15576.38208337575,1,3,0,2.0,0.15449375907580057,0.16202831268310547,0.12232118099927902,0.265977809826533,0.005537821368003885,0,0.5964251160621643,0,LAND_B,LAND_B,LAND_B,2.1289308071136475,2.1144726276397705,2.1232688426971436,0.19806700944900513,0.19529515504837036,0.18947789072990417,https://wandb.ai/ememchijioke-university-of-klagenfurt/marl-uav-mission-no-formation/runs/qgyhqyu7
2026-05-16T13:33:39.195212,226,3,15683.3915930852,1,3,0,2.0,0.15093275407950082,0.15681186318397522,0.1177812044819196,0.26858047644297284,0.028559488554795582,0,0.5917234420776367,0,LAND_B,LAND_B,LAND_B,2.1165144443511963,2.1245005130767822,2.1119439601898193,0.19815455377101898,0.19533801078796387,0.1895322948694229,https://wandb.ai/ememchijioke-university-of-klagenfurt/marl-uav-mission-no-formation/runs/qgyhqyu7
2026-05-16T13:33:53.067779,227,3,15654.30326534308,1,3,0,2.0,0.15183269480864206,0.1570773869752884,0.11898784339427948,0.26500264803568524,0.015475653111934662,0,0.5985118746757507,0,LAND_B,LAND_B,LAND_B,2.1228396892547607,2.1080822944641113,2.125802755355835,0.1978583037853241,0.19543153047561646,0.18894001841545105,https://wandb.ai/ememchijioke-university-of-klagenfurt/marl-uav-mission-no-formation/runs/qgyhqyu7
2026-05-16T13:34:06.307683,228,3,15707.259143734176,1,3,0,2.0,0.152334526181221,0.1574135422706604,0.1199250395099322,0.27082304159800213,0.012688722151021162,0,0.6040401458740234,0,LAND_B,LAND_B,LAND_B,2.1177444458007812,2.125323534011841,2.1164908409118652,0.19783051311969757,0.19522804021835327,0.18859031796455383,https://wandb.ai/ememchijioke-university-of-klagenfurt/marl-uav-mission-no-formation/runs/qgyhqyu7
2026-05-16T13:34:19.110103,229,3,15564.408907206289,1,3,0,2.0,0.15163675447305044,0.15482161939144135,0.11866573989391327,0.2663634220759074,0.016007890614370506,0,0.6018739938735962,0,LAND_B,LAND_B,LAND_B,2.119842290878296,2.1213059425354004,2.1146016120910645,0.19755873084068298,0.19618220627307892,0.18944449722766876,https://wandb.ai/ememchijioke-university-of-klagenfurt/marl-uav-mission-no-formation/runs/qgyhqyu7
2026-05-16T13:34:32.001473,230,3,15643.599403152062,1,3,0,2.0,0.1532169779141744,0.15699781477451324,0.12020195027192433,0.27047284444173175,0.020672316662967205,0,0.5922255516052246,0,LAND_B,LAND_B,LAND_B,2.110792398452759,2.12398099899292,2.125532388687134,0.19829750061035156,0.19631719589233398,0.18974918127059937,https://wandb.ai/ememchijioke-university-of-klagenfurt/marl-uav-mission-no-formation/runs/qgyhqyu7
2026-05-16T13:34:44.255445,231,3,15616.636856167579,1,3,0,2.0,0.1552968422571818,0.15824997425079346,0.12245267381270726,0.2668909728527069,0.009347861787925163,0,0.591167688369751,0,LAND_B,LAND_B,LAND_B,2.122979164123535,2.11960506439209,2.1244161128997803,0.19935637712478638,0.19642531871795654,0.1905471235513687,https://wandb.ai/ememchijioke-university-of-klagenfurt/marl-uav-mission-no-formation/runs/qgyhqyu7
2026-05-16T13:34:57.120243,232,3,15606.526511679935,1,3,0,2.0,0.15201220909754434,0.1523890346288681,0.11797404785950978,0.2662404378255208,0.01514825620688498,0,0.5894153714179993,0,LAND_B,LAND_B,LAND_B,2.1139309406280518,2.1175801753997803,2.121936321258545,0.199507936835289,0.19693954288959503,0.19078588485717773,https://wandb.ai/ememchijioke-university-of-klagenfurt/marl-uav-mission-no-formation/runs/qgyhqyu7
2026-05-16T13:35:09.323878,233,3,15665.00338244938,1,3,0,2.0,0.1518241266409556,0.1604001522064209,0.1179160475730896,0.26476388176282245,0.01309282798320055,0,0.5953534245491028,0,LAND_B,LAND_B,LAND_B,2.125819683074951,2.1144392490386963,2.113090991973877,0.19948135316371918,0.19688956439495087,0.19045992195606232,https://wandb.ai/ememchijioke-university-of-klagenfurt/marl-uav-mission-no-formation/runs/qgyhqyu7
2026-05-16T13:35:21.523924,234,3,15625.008557424064,1,3,0,2.0,0.15172722935676575,0.15734969079494476,0.11786090582609177,0.2663838863372803,0.013087860774248838,0,0.5910075902938843,0,LAND_B,LAND_B,LAND_B,2.1168832778930664,2.1242616176605225,2.1119942665100098,0.1991322785615921,0.1965295970439911,0.19088420271873474,https://wandb.ai/ememchijioke-university-of-klagenfurt/marl-uav-mission-no-formation/runs/qgyhqyu7
2026-05-16T13:35:33.338728,235,3,15625.018326603065,1,3,0,2.0,0.15394602219263712,0.16225643455982208,0.12018209447463353,0.26498440901438397,0.019392605250080425,0,0.5949572324752808,0,LAND_B,LAND_B,LAND_B,2.116450309753418,2.1300551891326904,2.1138570308685303,0.19974328577518463,0.19701489806175232,0.19157657027244568,https://wandb.ai/ememchijioke-university-of-klagenfurt/marl-uav-mission-no-formation/runs/qgyhqyu7
2026-05-16T13:35:45.308141,236,3,15550.454898843418,1,3,0,2.0,0.1549629420042038,0.1568221151828766,0.12227419763803482,0.2646137575308482,0.01951301594575246,0,0.6032014489173889,0,LAND_B,LAND_B,LAND_B,2.1211888790130615,2.1239097118377686,2.1215133666992188,0.19927018880844116,0.19611762464046478,0.19005216658115387,https://wandb.ai/ememchijioke-university-of-klagenfurt/marl-uav-mission-no-formation/runs/qgyhqyu7
2026-05-16T13:35:57.793359,237,3,15570.677105766119,1,3,0,2.0,0.15753324329853058,0.16217529773712158,0.12512304137150446,0.26407670974731445,0.012825403828173876,0,0.6060377955436707,0,LAND_B,LAND_B,LAND_B,2.128204822540283,2.1250288486480713,2.121511220932007,0.1990184187889099,0.1970778852701187,0.19101731479167938,https://wandb.ai/ememchijioke-university-of-klagenfurt/marl-uav-mission-no-formation/runs/qgyhqyu7
2026-05-16T13:36:11.086674,238,3,15650.324589932958,1,3,0,2.0,0.15011278788248697,0.15521776676177979,0.11625012010335922,0.2676970064640045,0.01727726962417364,0,0.6032015085220337,0,LAND_B,LAND_B,LAND_B,2.1198785305023193,2.112516164779663,2.115973472595215,0.1983596235513687,0.19646158814430237,0.18995268642902374,https://wandb.ai/ememchijioke-university-of-klagenfurt/marl-uav-mission-no-formation/runs/qgyhqyu7
2026-05-16T13:36:24.104742,239,3,15554.854796712869,1,3,0,2.0,0.1519408325354258,0.15525445342063904,0.11849948018789291,0.2690686285495758,0.018703872337937355,0,0.6020161509513855,0,LAND_B,LAND_B,LAND_B,2.119778633117676,2.1196982860565186,2.1159677505493164,0.19875700771808624,0.19617193937301636,0.19032227993011475,https://wandb.ai/ememchijioke-university-of-klagenfurt/marl-uav-mission-no-formation/runs/qgyhqyu7
2026-05-16T13:36:36.580160,240,3,15653.984085618842,1,3,0,2.0,0.1483075867096583,0.15159067511558533,0.11361284305651982,0.2660357356071472,0.016927645231286686,0,0.5839762687683105,0,LAND_B,LAND_B,LAND_B,2.1144163608551025,2.113807201385498,2.111844062805176,0.19872376322746277,0.1973041146993637,0.1898779422044754,https://wandb.ai/ememchijioke-university-of-klagenfurt/marl-uav-mission-no-formation/runs/qgyhqyu7
2026-05-16T13:36:48.402370,241,3,15596.579427761952,1,3,0,2.0,0.15500621497631073,0.15788331627845764,0.12221091488997142,0.26795931657155353,0.017911897351344425,0,0.5917129516601562,0,LAND_B,LAND_B,LAND_B,2.1231517791748047,2.1220123767852783,2.120835065841675,0.19869817793369293,0.19714395701885223,0.19010262191295624,https://wandb.ai/ememchijioke-university-of-klagenfurt/marl-uav-mission-no-formation/runs/qgyhqyu7
2026-05-16T13:37:00.080106,242,3,15741.228176923592,1,3,0,2.0,0.15287363032499948,0.15744011104106903,0.12013122191031773,0.2693672875563304,0.006967777774358789,0,0.5869479775428772,0,LAND_B,LAND_B,LAND_B,2.1222593784332275,2.124072551727295,2.1132185459136963,0.19767925143241882,0.1960226595401764,0.18991141021251678,https://wandb.ai/ememchijioke-university-of-klagenfurt/marl-uav-mission-no-formation/runs/qgyhqyu7
2026-05-16T13:37:12.476807,243,3,15684.530012185853,1,3,0,2.0,0.15202095111211142,0.1576547622680664,0.11852193127075832,0.2668193181355794,0.017822292633354664,0,0.591543436050415,0,LAND_B,LAND_B,LAND_B,2.116124391555786,2.1245217323303223,2.114665985107422,0.1984163075685501,0.1966669261455536,0.19038987159729004,https://wandb.ai/ememchijioke-university-of-klagenfurt/marl-uav-mission-no-formation/runs/qgyhqyu7
2026-05-16T13:37:24.825802,244,3,15608.1670559365,1,3,0,2.0,0.15066699186960855,0.15314750373363495,0.11695798486471176,0.2683822115262349,0.015502402248481909,0,0.6042765974998474,0,LAND_B,LAND_B,LAND_B,2.115664005279541,2.118741989135742,2.115995168685913,0.19870725274085999,0.1965951770544052,0.18948742747306824,https://wandb.ai/ememchijioke-university-of-klagenfurt/marl-uav-mission-no-formation/runs/qgyhqyu7
2026-05-16T13:37:38.032394,245,3,15538.015556115932,1,3,0,2.0,0.1501719057559967,0.15235832333564758,0.11641904215017955,0.2710139552752177,0.016566001654913027,0,0.5882227420806885,0,LAND_B,LAND_B,LAND_B,2.116427421569824,2.1143198013305664,2.1179051399230957,0.1980106383562088,0.19701768457889557,0.18931835889816284,https://wandb.ai/ememchijioke-university-of-klagenfurt/marl-uav-mission-no-formation/runs/qgyhqyu7
2026-05-16T13:37:50.992783,246,3,15642.80793061771,1,3,0,2.0,0.1506322125593821,0.15237517654895782,0.11697142819563548,0.2665965060393016,0.0067500437920292216,0,0.5849271416664124,0,LAND_B,LAND_B,LAND_B,2.1157798767089844,2.116642713546753,2.1178722381591797,0.19842930138111115,0.19657078385353088,0.18954411149024963,https://wandb.ai/ememchijioke-university-of-klagenfurt/marl-uav-mission-no-formation/runs/qgyhqyu7
2026-05-16T13:38:03.594826,247,3,15579.000752428032,1,3,0,2.0,0.15052623053391775,0.15359345078468323,0.11706867069005966,0.266291211048762,0.026435891166329384,0,0.598396897315979,0,LAND_B,LAND_B,LAND_B,2.1129817962646484,2.1125731468200684,2.1239171028137207,0.1981683373451233,0.19547095894813538,0.18964381515979767,https://wandb.ai/ememchijioke-university-of-klagenfurt/marl-uav-mission-no-formation/runs/qgyhqyu7
2026-05-16T13:38:16.581672,248,3,15569.343454502705,1,3,0,2.0,0.15360838174819946,0.15933148562908173,0.12116775413354237,0.2676774462064107,0.01629507044951121,0,0.5931218862533569,0,LAND_B,LAND_B,LAND_B,2.125551223754883,2.125136375427246,2.1127102375030518,0.19803743064403534,0.19579707086086273,0.18938766419887543,https://wandb.ai/ememchijioke-university-of-klagenfurt/marl-uav-mission-no-formation/runs/qgyhqyu7
2026-05-16T13:38:29.063852,249,3,15622.956012346871,1,3,0,2.0,0.15264417231082916,0.15895521640777588,0.12002334495385487,0.26512210567792255,0.019905427781244118,0,0.6025081276893616,0,LAND_B,LAND_B,LAND_B,2.1251320838928223,2.114582061767578,2.1201136112213135,0.19797441363334656,0.19620512425899506,0.1885048896074295,https://wandb.ai/ememchijioke-university-of-klagenfurt/marl-uav-mission-no-formation/runs/qgyhqyu7
2026-05-16T13:38:41.289719,250,3,16309.670045083798,1,3,0,2.0,0.14875198403994241,0.15464994311332703,0.11525403459866841,0.26597195863723755,0.018353511579334736,0,0.5976744294166565,0,LAND_B,LAND_B,LAND_B,2.1192777156829834,2.116919755935669,2.1094789505004883,0.19843246042728424,0.195722296833992,0.1879570484161377,https://wandb.ai/ememchijioke-university-of-klagenfurt/marl-uav-mission-no-formation/runs/qgyhqyu7
2026-05-16T13:38:53.983885,251,3,16191.601908263168,1,3,0,2.0,0.15135013063748678,0.15727871656417847,0.11885396639506023,0.2704916497071584,0.01914344634860754,0,0.5940799117088318,0,LAND_B,LAND_B,LAND_B,2.1174368858337402,2.1247470378875732,2.1139755249023438,0.19786706566810608,0.19568675756454468,0.18742172420024872,https://wandb.ai/ememchijioke-university-of-klagenfurt/marl-uav-mission-no-formation/runs/qgyhqyu7
2026-05-16T13:39:07.013938,252,3,16392.56936132691,1,3,0,2.0,0.15028736491998038,0.15197576582431793,0.11721960951884587,0.27008487780888873,0.013848615499834219,0,0.6029974222183228,0,LAND_B,LAND_B,LAND_B,2.115744113922119,2.116750955581665,2.1185193061828613,0.19843026995658875,0.19617265462875366,0.18721765279769897,https://wandb.ai/ememchijioke-university-of-klagenfurt/marl-uav-mission-no-formation/runs/qgyhqyu7
2026-05-16T13:39:19.940209,253,3,16218.70961304921,1,3,0,2.0,0.1572063167889913,0.16325734555721283,0.12586828072865805,0.26918406287829083,0.01780042704194784,0,0.5966471433639526,0,LAND_B,LAND_B,LAND_B,2.1298868656158447,2.1271631717681885,2.120151996612549,0.19881518185138702,0.19591522216796875,0.1878015249967575,https://wandb.ai/ememchijioke-university-of-klagenfurt/marl-uav-mission-no-formation/runs/qgyhqyu7
2026-05-16T13:39:33.114426,254,3,16202.121147652346,1,3,0,2.0,0.15352399150530496,0.15789669752120972,0.12131144354740779,0.2696033815542857,0.02143050419787566,0,0.5927863121032715,0,LAND_B,LAND_B,LAND_B,2.1230356693267822,2.115586996078491,2.125117063522339,0.1988927125930786,0.1958169937133789,0.187067449092865,https://wandb.ai/ememchijioke-university-of-klagenfurt/marl-uav-mission-no-formation/runs/qgyhqyu7
2026-05-16T13:39:46.545161,255,3,16165.742728016168,1,3,0,2.0,0.15435578425725302,0.15826043486595154,0.12239409238100052,0.268373707930247,0.012484301657726368,0,0.5841159224510193,0,LAND_B,LAND_B,LAND_B,2.118720293045044,2.1254584789276123,2.122300863265991,0.1984032541513443,0.19639359414577484,0.1870361864566803,https://wandb.ai/ememchijioke-university-of-klagenfurt/marl-uav-mission-no-formation/runs/qgyhqyu7
2026-05-16T13:39:59.090656,256,3,16189.706621067118,1,3,0,2.0,0.15407601495583853,0.15989330410957336,0.12208793809016545,0.26632629831631977,0.010269523287812868,0,0.5989265441894531,0,LAND_B,LAND_B,LAND_B,2.1257030963897705,2.11861252784729,2.1218180656433105,0.19873158633708954,0.19551892578601837,0.18751078844070435,https://wandb.ai/ememchijioke-university-of-klagenfurt/marl-uav-mission-no-formation/runs/qgyhqyu7
2026-05-16T13:40:11.812209,257,3,16135.608324432209,1,3,0,2.0,0.1514651228984197,0.15508225560188293,0.11853582412004471,0.26663387815157574,0.017696896257499855,0,0.5950157046318054,0,LAND_B,LAND_B,LAND_B,2.119537353515625,2.1119322776794434,2.1239078044891357,0.19873245060443878,0.19566068053245544,0.18793432414531708,https://wandb.ai/ememchijioke-university-of-klagenfurt/marl-uav-mission-no-formation/runs/qgyhqyu7
2026-05-16T13:40:25.264663,258,3,16189.162212114916,1,3,0,2.0,0.1535603255033493,0.15644344687461853,0.12124025821685791,0.26734686891237897,0.007413344923406839,0,0.6008245944976807,0,LAND_B,LAND_B,LAND_B,2.1215245723724365,2.1229445934295654,2.118840217590332,0.1984650045633316,0.19636458158493042,0.1877632439136505,https://wandb.ai/ememchijioke-university-of-klagenfurt/marl-uav-mission-no-formation/runs/qgyhqyu7
2026-05-16T13:40:38.030110,259,3,16159.84438593368,1,3,0,2.0,0.1512267291545868,0.15379786491394043,0.11857200662295024,0.26912640531857807,0.014440550158421198,0,0.5984740257263184,0,LAND_B,LAND_B,LAND_B,2.118614435195923,2.1134698390960693,2.1228420734405518,0.1978996992111206,0.19521765410900116,0.18804298341274261,https://wandb.ai/ememchijioke-university-of-klagenfurt/marl-uav-mission-no-formation/runs/qgyhqyu7
2026-05-16T13:40:51.177842,260,3,16371.91472840858,1,3,0,2.0,0.1476226548353831,0.14956538379192352,0.1135773832599322,0.2685537536938985,0.012059114795799056,0,0.6008201837539673,0,LAND_B,LAND_B,LAND_B,2.112396001815796,2.1116464138031006,2.116640329360962,0.19864608347415924,0.1957741379737854,0.18812313675880432,https://wandb.ai/ememchijioke-university-of-klagenfurt/marl-uav-mission-no-formation/runs/qgyhqyu7
2026-05-16T13:41:04.093549,261,3,16189.388007575475,1,3,0,2.0,0.15818573037783304,0.16334310173988342,0.12733177344004312,0.26938192049662274,0.01691133016720414,0,0.5933186411857605,0,LAND_B,LAND_B,LAND_B,2.130872964859009,2.1302196979522705,2.119785785675049,0.19773440062999725,0.19576898217201233,0.18806256353855133,https://wandb.ai/ememchijioke-university-of-klagenfurt/marl-uav-mission-no-formation/runs/qgyhqyu7
2026-05-16T13:41:17.508722,262,3,15585.371705293162,1,3,0,2.0,0.14881780246893564,0.15139618515968323,0.11507096141576767,0.267607976992925,0.00841940171085298,0,0.5902659296989441,0,LAND_B,LAND_B,LAND_B,2.115497350692749,2.1139352321624756,2.1154673099517822,0.19788186252117157,0.19567102193832397,0.18941891193389893,https://wandb.ai/ememchijioke-university-of-klagenfurt/marl-uav-mission-no-formation/runs/qgyhqyu7
2026-05-16T13:41:30.283887,263,3,15590.945686375382,1,3,0,2.0,0.1547763148943583,0.15532906353473663,0.12290362517038982,0.2650357286135356,0.01697831197331349,0,0.6102124452590942,0,LAND_B,LAND_B,LAND_B,2.118849754333496,2.1219348907470703,2.1269147396087646,0.1977810114622116,0.19556057453155518,0.18843205273151398,https://wandb.ai/ememchijioke-university-of-klagenfurt/marl-uav-mission-no-formation/runs/qgyhqyu7
2026-05-16T13:41:43.600685,264,3,15580.73026094669,1,3,0,2.0,0.15269473691781363,0.1586543768644333,0.12006706247727077,0.26904723048210144,0.014227131226410469,0,0.5955253839492798,0,LAND_B,LAND_B,LAND_B,2.1250154972076416,2.117506265640259,2.1174795627593994,0.19747047126293182,0.19539408385753632,0.19009827077388763,https://wandb.ai/ememchijioke-university-of-klagenfurt/marl-uav-mission-no-formation/runs/qgyhqyu7
2026-05-16T13:41:56.737413,265,3,15598.533099752662,1,3,0,2.0,0.15493827064832053,0.15622782707214355,0.12295902768770854,0.26955170432726544,0.01484751763443152,0,0.5933972597122192,0,LAND_B,LAND_B,LAND_B,2.122241258621216,2.1213481426239014,2.1249701976776123,0.19699251651763916,0.19611020386219025,0.1895093470811844,https://wandb.ai/ememchijioke-university-of-klagenfurt/marl-uav-mission-no-formation/runs/qgyhqyu7
2026-05-16T13:42:10.085431,266,3,15586.267823950819,1,3,0,2.0,0.15233653783798218,0.15985432267189026,0.12017003198464711,0.26714829603830975,0.012853228797515234,0,0.6037934422492981,0,LAND_B,LAND_B,LAND_B,2.127389669418335,2.117842674255371,2.114882230758667,0.1964281052350998,0.19534949958324432,0.18902644515037537,https://wandb.ai/ememchijioke-university-of-klagenfurt/marl-uav-mission-no-formation/runs/qgyhqyu7
2026-05-16T13:42:24.097327,267,3,15652.345434369287,1,3,0,2.0,0.15162842472394308,0.15886826813220978,0.11918459335962932,0.2683563828468323,0.00981490119981269,0,0.5963903069496155,0,LAND_B,LAND_B,LAND_B,2.1159446239471436,2.126859664916992,2.1145269870758057,0.19687634706497192,0.1956050992012024,0.1885572224855423,https://wandb.ai/ememchijioke-university-of-klagenfurt/marl-uav-mission-no-formation/runs/qgyhqyu7
2026-05-16T13:42:35.962497,268,3,15595.147453349653,1,3,0,2.0,0.15343754986921945,0.15858109295368195,0.12130827208360036,0.26578043897946674,0.01524721241245667,0,0.5973573923110962,0,LAND_B,LAND_B,LAND_B,2.1137351989746094,2.118561267852783,2.1315364837646484,0.1968967765569687,0.1955164223909378,0.18856976926326752,https://wandb.ai/ememchijioke-university-of-klagenfurt/marl-uav-mission-no-formation/runs/qgyhqyu7
2026-05-16T13:42:49.110902,269,3,16242.911387411334,1,3,0,2.0,0.15339873234430948,0.1610780954360962,0.12212661902109782,0.2683854103088379,0.008164865740885338,0,0.6045297384262085,0,LAND_B,LAND_B,LAND_B,2.128727674484253,2.1260085105895996,2.1106934547424316,0.19681856036186218,0.19458898901939392,0.18703319132328033,https://wandb.ai/ememchijioke-university-of-klagenfurt/marl-uav-mission-no-formation/runs/qgyhqyu7
2026-05-16T13:43:00.963898,270,3,16283.852519299991,1,3,0,2.0,0.15217101573944092,0.15611983835697174,0.12057390064001083,0.26718225081761676,0.011928812445451817,0,0.5856454372406006,0,LAND_B,LAND_B,LAND_B,2.1222527027130127,2.1240015029907227,2.114898920059204,0.19630534946918488,0.19477978348731995,0.18739654123783112,https://wandb.ai/ememchijioke-university-of-klagenfurt/marl-uav-mission-no-formation/runs/qgyhqyu7
2026-05-16T13:43:11.790445,271,3,16303.679841721474,1,3,0,2.0,0.1522474636634191,0.1593644767999649,0.12063638617595036,0.2685948709646861,0.019537547913690407,0,0.6031356453895569,0,LAND_B,LAND_B,LAND_B,2.1267249584198,2.122764825820923,2.1115500926971436,0.1966218501329422,0.19476880133152008,0.18723471462726593,https://wandb.ai/ememchijioke-university-of-klagenfurt/marl-uav-mission-no-formation/runs/qgyhqyu7
2026-05-16T13:43:24.803946,272,3,16364.038688084533,1,3,0,2.0,0.15181214114030203,0.15334756672382355,0.12008055299520493,0.2672535677750905,0.01196707629909118,0,0.5941156148910522,0,LAND_B,LAND_B,LAND_B,2.117528200149536,2.1202831268310547,2.1222963333129883,0.19650740921497345,0.195043683052063,0.18677741289138794,https://wandb.ai/ememchijioke-university-of-klagenfurt/marl-uav-mission-no-formation/runs/qgyhqyu7
2026-05-16T13:43:37.965758,273,3,16236.08494905587,1,3,0,2.0,0.15602422257264456,0.15871915221214294,0.12537076075871786,0.27005801598231,0.011264204047620296,0,0.5870496034622192,0,LAND_B,LAND_B,LAND_B,2.1259355545043945,2.1268258094787598,2.1230111122131348,0.19660228490829468,0.1946193128824234,0.1873091161251068,https://wandb.ai/ememchijioke-university-of-klagenfurt/marl-uav-mission-no-formation/runs/qgyhqyu7
2026-05-16T13:43:50.070422,274,3,15634.54175109674,1,3,0,2.0,0.15193059543768564,0.15653014183044434,0.11962782591581345,0.2702881991863251,0.017400311306118965,0,0.5897921919822693,0,LAND_B,LAND_B,LAND_B,2.11383318901062,2.1241772174835205,2.1199698448181152,0.19724160432815552,0.19491665065288544,0.18850381672382355,https://wandb.ai/ememchijioke-university-of-klagenfurt/marl-uav-mission-no-formation/runs/qgyhqyu7
2026-05-16T13:44:02.731518,275,3,16239.31162538442,1,3,0,2.0,0.1540877322355906,0.16285429894924164,0.12226043144861858,0.2685098747412364,0.012337798563142618,0,0.5999507904052734,0,LAND_B,LAND_B,LAND_B,2.130152940750122,2.117403030395508,2.1190900802612305,0.19778040051460266,0.19545190036296844,0.18796591460704803,https://wandb.ai/ememchijioke-university-of-klagenfurt/marl-uav-mission-no-formation/runs/qgyhqyu7
2026-05-16T13:44:15.544254,276,3,15596.613058161785,1,3,0,2.0,0.152378777662913,0.15397173166275024,0.12003695964813232,0.2660686671733856,0.008359883291025957,0,0.599826455116272,0,LAND_B,LAND_B,LAND_B,2.1194467544555664,2.1196324825286865,2.12035870552063,0.19715452194213867,0.19567278027534485,0.18859463930130005,https://wandb.ai/ememchijioke-university-of-klagenfurt/marl-uav-mission-no-formation/runs/qgyhqyu7
2026-05-16T13:44:28.163708,277,3,16195.741483902904,1,3,0,2.0,0.1559126079082489,0.16225355863571167,0.1245696817835172,0.26862041155497235,0.023813482994834583,0,0.6011064052581787,0,LAND_B,LAND_B,LAND_B,2.129776954650879,2.1173436641693115,2.12648606300354,0.19737984240055084,0.1953965276479721,0.1881577968597412,https://wandb.ai/ememchijioke-university-of-klagenfurt/marl-uav-mission-no-formation/runs/qgyhqyu7
2026-05-16T13:44:40.341265,278,3,16225.78789150466,1,3,0,2.0,0.1519832263390223,0.1551699936389923,0.11964836716651917,0.2657356957594554,0.010402521584182978,0,0.5944811701774597,0,LAND_B,LAND_B,LAND_B,2.1188673973083496,2.1222143173217773,2.117506742477417,0.1973237544298172,0.19553567469120026,0.18819302320480347,https://wandb.ai/ememchijioke-university-of-klagenfurt/marl-uav-mission-no-formation/runs/qgyhqyu7
2026-05-16T13:44:53.681279,279,3,16265.514233187048,1,3,0,2.0,0.15036659439404806,0.15473169088363647,0.11776063094536464,0.26880888144175213,0.011273098488648733,0,0.5897814631462097,0,LAND_B,LAND_B,LAND_B,2.1198604106903076,2.120201587677002,2.1127469539642334,0.197568878531456,0.19537796080112457,0.187526136636734,https://wandb.ai/ememchijioke-university-of-klagenfurt/marl-uav-mission-no-formation/runs/qgyhqyu7
2026-05-16T13:45:07.935081,280,3,16254.756428168625,1,3,0,2.0,0.14902534584204355,0.15314997732639313,0.11602555960416794,0.267596314350764,0.017450616462156177,0,0.6009241342544556,0,LAND_B,LAND_B,LAND_B,2.1162729263305664,2.119619846343994,2.1114768981933594,0.1975478231906891,0.19532571732997894,0.18762634694576263,https://wandb.ai/ememchijioke-university-of-klagenfurt/marl-uav-mission-no-formation/runs/qgyhqyu7
2026-05-16T13:45:20.803945,281,3,16336.351555797524,1,3,0,2.0,0.1502567082643509,0.1566336452960968,0.11740027368068695,0.26861803730328876,0.016657353999714058,0,0.594974160194397,0,LAND_B,LAND_B,LAND_B,2.116870164871216,2.124199151992798,2.110745668411255,0.19800716638565063,0.19543491303920746,0.18777579069137573,https://wandb.ai/ememchijioke-university-of-klagenfurt/marl-uav-mission-no-formation/runs/qgyhqyu7
2026-05-16T13:45:32.114962,282,3,16294.717133904462,1,3,0,2.0,0.15121988455454508,0.1606011986732483,0.11895783990621567,0.2686833341916402,0.017797769978642464,0,0.589714765548706,0,LAND_B,LAND_B,LAND_B,2.127537727355957,2.115783214569092,2.1127798557281494,0.19710886478424072,0.19479982554912567,0.18809044361114502,https://wandb.ai/ememchijioke-university-of-klagenfurt/marl-uav-mission-no-formation/runs/qgyhqyu7
2026-05-16T13:45:43.676470,283,3,16265.752772582882,1,3,0,2.0,0.14952551821867624,0.155409574508667,0.11684192468722661,0.2654629945755005,0.010878393736978373,0,0.5961325168609619,0,LAND_B,LAND_B,LAND_B,2.1212046146392822,2.1171112060546875,2.112166404724121,0.19726747274398804,0.19511637091636658,0.187508225440979,https://wandb.ai/ememchijioke-university-of-klagenfurt/marl-uav-mission-no-formation/runs/qgyhqyu7
2026-05-16T13:45:54.903978,284,3,16235.586255626271,1,3,0,2.0,0.1543737401564916,0.1587880253791809,0.12321596841017406,0.26775382955869037,0.014802535685400168,0,0.585732102394104,0,LAND_B,LAND_B,LAND_B,2.116407632827759,2.127713918685913,2.1248252391815186,0.19717468321323395,0.1943369209766388,0.18702580034732819,https://wandb.ai/ememchijioke-university-of-klagenfurt/marl-uav-mission-no-formation/runs/qgyhqyu7
2026-05-16T13:46:06.414465,285,3,16813.2035217023,1,3,0,2.0,0.15578149259090424,0.15899081528186798,0.1253210132320722,0.26606234908103943,0.01918770807484786,0,0.5908553600311279,0,LAND_B,LAND_B,LAND_B,2.123213291168213,2.127807140350342,2.1241471767425537,0.19641238451004028,0.19363172352313995,0.1873830407857895,https://wandb.ai/ememchijioke-university-of-klagenfurt/marl-uav-mission-no-formation/runs/qgyhqyu7
2026-05-16T13:46:18.992240,286,3,16238.797961434253,1,3,0,2.0,0.15491199990113577,0.15851524472236633,0.12410202622413635,0.2659054398536682,0.0216218214482069,0,0.5937463045120239,0,LAND_B,LAND_B,LAND_B,2.125391960144043,2.1231307983398438,2.1230649948120117,0.19675305485725403,0.19439862668514252,0.18684174120426178,https://wandb.ai/ememchijioke-university-of-klagenfurt/marl-uav-mission-no-formation/runs/qgyhqyu7
2026-05-16T13:46:31.103740,287,3,16785.918383228942,1,3,0,2.0,0.1523782660563787,0.15732190012931824,0.12090996901194255,0.26688724756240845,0.020457813205818336,0,0.5982006192207336,0,LAND_B,LAND_B,LAND_B,2.123809814453125,2.1153595447540283,2.1224982738494873,0.1965850591659546,0.19371114671230316,0.1876670867204666,https://wandb.ai/ememchijioke-university-of-klagenfurt/marl-uav-mission-no-formation/runs/qgyhqyu7
2026-05-16T13:46:43.583263,288,3,16352.409389910888,1,3,0,2.0,0.15378368894259134,0.15997314453125,0.12288449704647064,0.270836462577184,0.015023293594519297,0,0.5965251326560974,0,LAND_B,LAND_B,LAND_B,2.127565383911133,2.1272153854370117,2.113743782043457,0.19642989337444305,0.19429312646389008,0.1866452991962433,https://wandb.ai/ememchijioke-university-of-klagenfurt/marl-uav-mission-no-formation/runs/qgyhqyu7
2026-05-16T13:46:56.740156,289,3,16930.978125364963,1,3,0,2.0,0.14645525316397348,0.14978833496570587,0.11356034378210704,0.26676037907600403,0.01533780557413896,0,0.5959882736206055,0,LAND_B,LAND_B,LAND_B,2.1143646240234375,2.114687919616699,2.111319065093994,0.1964389979839325,0.19375424087047577,0.18718570470809937,https://wandb.ai/ememchijioke-university-of-klagenfurt/marl-uav-mission-no-formation/runs/qgyhqyu7
2026-05-16T13:47:08.440221,290,3,16839.201972857063,1,3,0,2.0,0.15121283133824667,0.15307338535785675,0.11960460990667343,0.269008328517278,0.019509915883342426,0,0.5991829633712769,0,LAND_B,LAND_B,LAND_B,2.1188700199127197,2.1162776947021484,2.1232614517211914,0.1962498128414154,0.19371911883354187,0.18726138770580292,https://wandb.ai/ememchijioke-university-of-klagenfurt/marl-uav-mission-no-formation/runs/qgyhqyu7
2026-05-16T13:47:19.729076,291,3,16809.157029723465,1,3,0,2.0,0.1564860741297404,0.1585896760225296,0.12609648704528809,0.26879893740018207,0.022326697905858357,0,0.6028060913085938,0,LAND_B,LAND_B,LAND_B,2.1254422664642334,2.1258046627044678,2.126908302307129,0.19688931107521057,0.19377020001411438,0.18713420629501343,https://wandb.ai/ememchijioke-university-of-klagenfurt/marl-uav-mission-no-formation/runs/qgyhqyu7
2026-05-16T13:47:30.103038,292,3,16218.42218930549,1,3,0,2.0,0.1537906676530838,0.1592491865158081,0.12247223655382793,0.2699807286262512,0.02199024334549904,0,0.6001680493354797,0,LAND_B,LAND_B,LAND_B,2.1262481212615967,2.117922782897949,2.122934103012085,0.1970120519399643,0.19444504380226135,0.18738122284412384,https://wandb.ai/ememchijioke-university-of-klagenfurt/marl-uav-mission-no-formation/runs/qgyhqyu7
2026-05-16T13:47:42.206949,293,3,16864.452798747527,1,3,0,2.0,0.14904566605885824,0.15191367268562317,0.1167503297328949,0.2685002386569977,0.012787668034434319,0,0.5996085405349731,0,LAND_B,LAND_B,LAND_B,2.1174755096435547,2.1093733310699463,2.1232571601867676,0.19629734754562378,0.19338905811309814,0.18775302171707153,https://wandb.ai/ememchijioke-university-of-klagenfurt/marl-uav-mission-no-formation/runs/qgyhqyu7
2026-05-16T13:47:55.153870,294,3,16808.91037160805,1,3,0,2.0,0.1564661959807078,0.1594730168581009,0.12604491660992304,0.26790223519007367,0.014722250091532866,0,0.5952842831611633,0,LAND_B,LAND_B,LAND_B,2.127176284790039,2.1283936500549316,2.121425151824951,0.1958143711090088,0.19414140284061432,0.18813550472259521,https://wandb.ai/ememchijioke-university-of-klagenfurt/marl-uav-mission-no-formation/runs/qgyhqyu7
2026-05-16T13:48:07.601806,295,3,16854.70851519476,1,3,0,2.0,0.15320863823095957,0.16101248562335968,0.1218984027703603,0.2677156825860341,0.011495133473848304,0,0.6024671196937561,0,LAND_B,LAND_B,LAND_B,2.1286978721618652,2.122844934463501,2.1139869689941406,0.1967424899339676,0.19404301047325134,0.18763601779937744,https://wandb.ai/ememchijioke-university-of-klagenfurt/marl-uav-mission-no-formation/runs/qgyhqyu7
2026-05-16T13:48:19.418120,296,3,16851.263059953024,1,3,0,2.0,0.15150060753027597,0.15370313823223114,0.1198203315337499,0.2679172456264496,0.012819707704087099,0,0.5863060355186462,0,LAND_B,LAND_B,LAND_B,2.119922637939453,2.115976572036743,2.122600793838501,0.19589151442050934,0.1940447986125946,0.1879623979330063,https://wandb.ai/ememchijioke-university-of-klagenfurt/marl-uav-mission-no-formation/runs/qgyhqyu7
2026-05-16T13:48:31.235338,297,3,16837.230001274907,1,3,0,2.0,0.15458187957604727,0.15804897248744965,0.12357653677463531,0.26953305800755817,0.008925360472251972,0,0.5966021418571472,0,LAND_B,LAND_B,LAND_B,2.1132454872131348,2.126861333847046,2.1299612522125244,0.19608987867832184,0.19368498027324677,0.1880635768175125,https://wandb.ai/ememchijioke-university-of-klagenfurt/marl-uav-mission-no-formation/runs/qgyhqyu7
2026-05-16T13:48:43.201884,298,3,16810.787625537927,1,3,0,2.0,0.15555810928344727,0.157252237200737,0.1248683159550031,0.2691542108853658,0.017140232647458713,0,0.5876823663711548,0,LAND_B,LAND_B,LAND_B,2.1206798553466797,2.125941514968872,2.127159357070923,0.1962435245513916,0.19416473805904388,0.1875973343849182,https://wandb.ai/ememchijioke-university-of-klagenfurt/marl-uav-mission-no-formation/runs/qgyhqyu7
2026-05-16T13:48:55.710416,299,3,16821.449926352478,1,3,0,2.0,0.15409990648428598,0.1610661745071411,0.12294119596481323,0.26735174655914307,0.023254869505763054,0,0.5933799147605896,0,LAND_B,LAND_B,LAND_B,2.1290721893310547,2.1162500381469727,2.1225976943969727,0.19634661078453064,0.19408762454986572,0.1881008893251419,https://wandb.ai/ememchijioke-university-of-klagenfurt/marl-uav-mission-no-formation/runs/qgyhqyu7
2026-05-16T13:49:09.097647,300,3,16825.833728392885,1,3,0,2.0,0.1571845014890035,0.16277092695236206,0.12689987073342004,0.26746968428293866,0.013262209482491016,0,0.6055014133453369,0,LAND_B,LAND_B,LAND_B,2.1309635639190674,2.1229565143585205,2.1261184215545654,0.19665473699569702,0.19397664070129395,0.1874794363975525,https://wandb.ai/ememchijioke-university-of-klagenfurt/marl-uav-mission-no-formation/runs/qgyhqyu7
2026-05-16T13:49:21.415340,301,3,16231.848142555322,1,3,0,2.0,0.15126562118530273,0.15609852969646454,0.11911196758349736,0.27170658111572266,0.019167680914203327,0,0.5921866297721863,0,LAND_B,LAND_B,LAND_B,2.122276544570923,2.1185030937194824,2.116342782974243,0.1970295011997223,0.19523754715919495,0.18738150596618652,https://wandb.ai/ememchijioke-university-of-klagenfurt/marl-uav-mission-no-formation/runs/qgyhqyu7
2026-05-16T13:49:34.375895,302,3,16202.971493310248,1,3,0,2.0,0.1534379372994105,0.15637890994548798,0.1220630630850792,0.27024216453234357,0.010187981650233269,0,0.5955325961112976,0,LAND_B,LAND_B,LAND_B,2.1158881187438965,2.124500036239624,2.1252994537353516,0.19673892855644226,0.1944202482700348,0.18729564547538757,https://wandb.ai/ememchijioke-university-of-klagenfurt/marl-uav-mission-no-formation/runs/qgyhqyu7
2026-05-16T13:49:47.852806,303,3,16842.149092995754,1,3,0,2.0,0.15312808255354562,0.16191908717155457,0.12196156134208043,0.2676427165667216,0.022909703043599922,0,0.5930718779563904,0,LAND_B,LAND_B,LAND_B,2.1296188831329346,2.122232437133789,2.1135072708129883,0.1969943344593048,0.19424979388713837,0.18652348220348358,https://wandb.ai/ememchijioke-university-of-klagenfurt/marl-uav-mission-no-formation/runs/qgyhqyu7
2026-05-16T13:50:01.325292,304,3,16860.42002530542,1,3,0,2.0,0.15012571215629578,0.15459884703159332,0.11811879773934682,0.26731011271476746,0.009540059991801778,0,0.6017252802848816,0,LAND_B,LAND_B,LAND_B,2.117816209793091,2.122368812561035,2.113778829574585,0.19700463116168976,0.19431999325752258,0.18655185401439667,https://wandb.ai/ememchijioke-university-of-klagenfurt/marl-uav-mission-no-formation/runs/qgyhqyu7
2026-05-16T13:50:13.999387,305,3,16890.021957743025,1,3,0,2.0,0.14971218009789786,0.15479573607444763,0.11733182271321614,0.2650187909603119,0.0222923851882418,0,0.6028660535812378,0,LAND_B,LAND_B,LAND_B,2.1202099323272705,2.115530490875244,2.116002321243286,0.19752532243728638,0.19427664577960968,0.18703891336917877,https://wandb.ai/ememchijioke-university-of-klagenfurt/marl-uav-mission-no-formation/runs/qgyhqyu7
2026-05-16T13:50:25.955341,306,3,16891.67270155888,1,3,0,2.0,0.15252672135829926,0.15739783644676208,0.12099672108888626,0.26681506633758545,0.015673468510309856,0,0.594976007938385,0,LAND_B,LAND_B,LAND_B,2.1232738494873047,2.119429349899292,2.1202268600463867,0.19785211980342865,0.1939389705657959,0.1866467446088791,https://wandb.ai/ememchijioke-university-of-klagenfurt/marl-uav-mission-no-formation/runs/qgyhqyu7
2026-05-16T13:50:38.991271,307,3,16251.13916793506,1,3,0,2.0,0.15515059232711792,0.1576572060585022,0.12442905455827713,0.26885255177815753,0.011653823622812828,0,0.6021597385406494,0,LAND_B,LAND_B,LAND_B,2.1239066123962402,2.125153064727783,2.1240460872650146,0.19732078909873962,0.19442898035049438,0.18605107069015503,https://wandb.ai/ememchijioke-university-of-klagenfurt/marl-uav-mission-no-formation/runs/qgyhqyu7
2026-05-16T13:50:51.182846,308,3,16870.580416464436,1,3,0,2.0,0.1503052661816279,0.1561330109834671,0.11805374672015508,0.26917829116185504,0.017733877214292686,0,0.6087378859519958,0,LAND_B,LAND_B,LAND_B,2.1172971725463867,2.124427080154419,2.1116867065429688,0.1981944888830185,0.194305881857872,0.18643604218959808,https://wandb.ai/ememchijioke-university-of-klagenfurt/marl-uav-mission-no-formation/runs/qgyhqyu7
2026-05-16T13:51:03.263853,309,3,16796.738723691997,1,3,0,2.0,0.15414429207642874,0.1623106300830841,0.12329861521720886,0.266262153784434,0.018185408630718786,0,0.5939576029777527,0,LAND_B,LAND_B,LAND_B,2.13066029548645,2.1163628101348877,2.122751474380493,0.1962672919034958,0.1940651386976242,0.18692806363105774,https://wandb.ai/ememchijioke-university-of-klagenfurt/marl-uav-mission-no-formation/runs/qgyhqyu7
2026-05-16T13:51:15.906059,310,3,16942.58956663882,1,3,0,2.0,0.15145182112852731,0.1563088446855545,0.1199389174580574,0.2668776313463847,0.011659670155495405,0,0.6002235412597656,0,LAND_B,LAND_B,LAND_B,2.1211795806884766,2.125155210494995,2.113145589828491,0.19731074571609497,0.19343046844005585,0.18660968542099,https://wandb.ai/ememchijioke-university-of-klagenfurt/marl-uav-mission-no-formation/runs/qgyhqyu7
2026-05-16T13:51:27.889577,311,3,16828.897009685686,1,3,0,2.0,0.1540584365526835,0.1608734428882599,0.12349505970875423,0.2698325415452321,0.010390322500218948,0,0.5909801125526428,0,LAND_B,LAND_B,LAND_B,2.1286277770996094,2.1205179691314697,2.120567798614502,0.19647268950939178,0.1932017058134079,0.18654339015483856,https://wandb.ai/ememchijioke-university-of-klagenfurt/marl-uav-mission-no-formation/runs/qgyhqyu7
2026-05-16T13:51:39.715870,312,3,16816.853635972708,1,3,0,2.0,0.15449481705824533,0.16101008653640747,0.12405624240636826,0.26564787824948627,0.017796149166921776,0,0.5932254791259766,0,LAND_B,LAND_B,LAND_B,2.1289727687835693,2.1212427616119385,2.1215429306030273,0.19626471400260925,0.19303256273269653,0.1868627965450287,https://wandb.ai/ememchijioke-university-of-klagenfurt/marl-uav-mission-no-formation/runs/qgyhqyu7
2026-05-16T13:51:51.253288,313,3,16848.53635014046,1,3,0,2.0,0.14980622629324594,0.15305818617343903,0.11839848508437474,0.2653333048025767,0.02046673372387886,0,0.6012808084487915,0,LAND_B,LAND_B,LAND_B,2.115961790084839,2.121497631072998,2.1174864768981934,0.19564568996429443,0.19306695461273193,0.18644516170024872,https://wandb.ai/ememchijioke-university-of-klagenfurt/marl-uav-mission-no-formation/runs/qgyhqyu7
2026-05-16T13:52:03.100430,314,3,16786.4430360975,1,3,0,2.0,0.15474278231461844,0.15969686210155487,0.12424178173144658,0.26824989914894104,0.01823985545585553,0,0.5959857106208801,0,LAND_B,LAND_B,LAND_B,2.1220552921295166,2.129542589187622,2.120276689529419,0.1963069587945938,0.19338718056678772,0.1869036704301834,https://wandb.ai/ememchijioke-university-of-klagenfurt/marl-uav-mission-no-formation/runs/qgyhqyu7
2026-05-16T13:52:14.395092,315,3,16806.268238883356,1,3,0,2.0,0.155401349067688,0.1602637767791748,0.1253596991300583,0.26802804072697956,0.011176808892438808,0,0.5932253003120422,0,LAND_B,LAND_B,LAND_B,2.1282286643981934,2.125298023223877,2.122385263442993,0.19599121809005737,0.193023219704628,0.1864471584558487,https://wandb.ai/ememchijioke-university-of-klagenfurt/marl-uav-mission-no-formation/runs/qgyhqyu7
2026-05-16T13:52:26.754652,316,3,16970.051866601032,1,3,0,2.0,0.14956513047218323,0.1537894755601883,0.11827169855435689,0.2682902117570241,0.009010371752083302,0,0.5975955724716187,0,LAND_B,LAND_B,LAND_B,2.1205556392669678,2.1215271949768066,2.1127026081085205,0.19545187056064606,0.19272083044052124,0.1864563226699829,https://wandb.ai/ememchijioke-university-of-klagenfurt/marl-uav-mission-no-formation/runs/qgyhqyu7
2026-05-16T13:52:38.932621,317,3,16832.477322719235,1,3,0,2.0,0.15238200624783835,0.15541519224643707,0.12135614454746246,0.26976728439331055,0.012074504513293505,0,0.5959488749504089,0,LAND_B,LAND_B,LAND_B,2.122629404067993,2.1217870712280273,2.1194872856140137,0.19547727704048157,0.19380806386470795,0.18711380660533905,https://wandb.ai/ememchijioke-university-of-klagenfurt/marl-uav-mission-no-formation/runs/qgyhqyu7
2026-05-16T13:52:50.966720,318,3,16842.548671591525,1,3,0,2.0,0.15495817363262177,0.15898258984088898,0.12462497005860011,0.26861244440078735,0.00961395368600885,0,0.6007334589958191,0,LAND_B,LAND_B,LAND_B,2.121487617492676,2.1288018226623535,2.1233317852020264,0.19569629430770874,0.19311118125915527,0.1872728317975998,https://wandb.ai/ememchijioke-university-of-klagenfurt/marl-uav-mission-no-formation/runs/qgyhqyu7
2026-05-16T13:53:03.727323,319,3,16845.34024039746,1,3,0,2.0,0.15417995552221933,0.1614585518836975,0.12388067444165547,0.2682516574859619,0.025589963421225548,0,0.5914566516876221,0,LAND_B,LAND_B,LAND_B,2.130106210708618,2.118680238723755,2.1225671768188477,0.1952863335609436,0.1919364035129547,0.18804973363876343,https://wandb.ai/ememchijioke-university-of-klagenfurt/marl-uav-mission-no-formation/runs/qgyhqyu7
2026-05-16T13:53:16.293113,320,3,16810.807896380265,1,3,0,2.0,0.1529173105955124,0.1597784161567688,0.122283436357975,0.2679997185866038,0.01959256020685037,0,0.5894368886947632,0,LAND_B,LAND_B,LAND_B,2.1283438205718994,2.114624261856079,2.123610258102417,0.19509924948215485,0.19238752126693726,0.18773256242275238,https://wandb.ai/ememchijioke-university-of-klagenfurt/marl-uav-mission-no-formation/runs/qgyhqyu7
2026-05-16T13:53:29.218546,321,3,15805.267254436772,1,3,0,2.0,0.15666663149992624,0.15971949696540833,0.1230666736761729,0.28636739651362103,0.008029474100718895,0,0.6049227118492126,0,LAND_B,LAND_B,LAND_B,2.124534845352173,2.1261415481567383,2.1179659366607666,0.19973069429397583,0.19787418842315674,0.1932269185781479,https://wandb.ai/ememchijioke-university-of-klagenfurt/marl-uav-mission-no-formation/runs/qgyhqyu7
2026-05-16T13:53:41.708007,322,3,16800.584814541915,1,3,0,2.0,0.1471509983142217,0.1515856385231018,0.11510444184144338,0.2698095142841339,0.02360883541405201,0,0.5876179337501526,0,LAND_B,LAND_B,LAND_B,2.1180543899536133,2.1141958236694336,2.112403392791748,0.195003941655159,0.19223599135875702,0.1877707540988922,https://wandb.ai/ememchijioke-university-of-klagenfurt/marl-uav-mission-no-formation/runs/qgyhqyu7
2026-05-16T13:53:54.549825,323,3,16357.381557076507,1,3,0,2.0,0.14919852217038473,0.15583263337612152,0.11745591710011165,0.27067193388938904,0.010548854091515144,0,0.6006963849067688,0,LAND_B,LAND_B,LAND_B,2.1226248741149902,2.113107442855835,2.115367889404297,0.1953791230916977,0.19216369092464447,0.18840254843235016,https://wandb.ai/ememchijioke-university-of-klagenfurt/marl-uav-mission-no-formation/runs/qgyhqyu7
2026-05-16T13:54:04.510991,324,3,16797.004372614112,1,3,0,2.0,0.15103154877821603,0.15464133024215698,0.11949996401866277,0.26642175515492755,0.02314738556742668,0,0.6021652221679688,0,LAND_B,LAND_B,LAND_B,2.1131742000579834,2.123410224914551,2.121013879776001,0.19601306319236755,0.19299165904521942,0.18769831955432892,https://wandb.ai/ememchijioke-university-of-klagenfurt/marl-uav-mission-no-formation/runs/qgyhqyu7
2026-05-16T13:54:15.771761,325,3,16807.315234119633,1,3,0,2.0,0.15523108343283334,0.15966716408729553,0.12509163717428842,0.2685139278570811,0.01323032829289635,0,0.5988646149635315,0,LAND_B,LAND_B,LAND_B,2.1278083324432373,2.123624324798584,2.1236374378204346,0.19566601514816284,0.19288761913776398,0.18712227046489716,https://wandb.ai/ememchijioke-university-of-klagenfurt/marl-uav-mission-no-formation/runs/qgyhqyu7
2026-05-16T13:54:28.454010,326,3,16969.906199907648,1,3,0,2.0,0.15059645970662436,0.15752063691616058,0.11968048910299937,0.2685336073239644,0.013374174945056438,0,0.5997220277786255,0,LAND_B,LAND_B,LAND_B,2.1174545288085938,2.1275455951690674,2.1137664318084717,0.19515344500541687,0.19224926829338074,0.1866346150636673,https://wandb.ai/ememchijioke-university-of-klagenfurt/marl-uav-mission-no-formation/runs/qgyhqyu7
2026-05-16T13:54:40.675975,327,3,17020.6828362848,1,3,0,2.0,0.15141092240810394,0.1582695096731186,0.12045734127362569,0.26930947105089825,0.021329248944918316,0,0.599196195602417,0,LAND_B,LAND_B,LAND_B,2.1217904090881348,2.128242015838623,2.111238718032837,0.1955542117357254,0.19270287454128265,0.18682341277599335,https://wandb.ai/ememchijioke-university-of-klagenfurt/marl-uav-mission-no-formation/runs/qgyhqyu7
2026-05-16T13:54:53.245929,328,3,16951.22003695609,1,3,0,2.0,0.15377425650755563,0.16243503987789154,0.12332885712385178,0.26718801259994507,0.015856328730781872,0,0.6064229607582092,0,LAND_B,LAND_B,LAND_B,2.130697250366211,2.1197683811187744,2.1190237998962402,0.19631023705005646,0.1924321949481964,0.18675051629543304,https://wandb.ai/ememchijioke-university-of-klagenfurt/marl-uav-mission-no-formation/runs/qgyhqyu7
2026-05-16T13:55:05.846560,329,3,16989.435293281545,1,3,0,2.0,0.14910165468851724,0.1564602106809616,0.11753583451112111,0.27087096373240155,0.012210519208262363,0,0.5942821502685547,0,LAND_B,LAND_B,LAND_B,2.1233158111572266,2.1141438484191895,2.115004301071167,0.19620902836322784,0.19265738129615784,0.18627311289310455,https://wandb.ai/ememchijioke-university-of-klagenfurt/marl-uav-mission-no-formation/runs/qgyhqyu7
2026-05-16T13:55:19.097177,330,3,16987.642057771944,1,3,0,2.0,0.1528360148270925,0.1652878224849701,0.12221549948056538,0.2671792209148407,0.021515837870538235,0,0.5887717604637146,0,LAND_B,LAND_B,LAND_B,2.134028196334839,2.113863945007324,2.1181421279907227,0.196337029337883,0.19253402948379517,0.18618886172771454,https://wandb.ai/ememchijioke-university-of-klagenfurt/marl-uav-mission-no-formation/runs/qgyhqyu7
2026-05-16T13:55:30.390724,331,3,17032.706515210863,1,3,0,2.0,0.14912364880243936,0.15632376074790955,0.11760430534680684,0.2677954137325287,0.009517581357310215,0,0.5947409868240356,0,LAND_B,LAND_B,LAND_B,2.123004674911499,2.1193549633026123,2.1103482246398926,0.196472629904747,0.19194020330905914,0.18665051460266113,https://wandb.ai/ememchijioke-university-of-klagenfurt/marl-uav-mission-no-formation/runs/qgyhqyu7
2026-05-16T13:55:42.065489,332,3,16858.35901917794,1,3,0,2.0,0.15182394285996756,0.153739333152771,0.12120823313792546,0.2676885724067688,0.011214697578301033,0,0.5999091863632202,0,LAND_B,LAND_B,LAND_B,2.120123863220215,2.1200199127197266,2.1233232021331787,0.19586454331874847,0.19210600852966309,0.18603958189487457,https://wandb.ai/ememchijioke-university-of-klagenfurt/marl-uav-mission-no-formation/runs/qgyhqyu7
2026-05-16T13:55:54.337692,333,3,17102.115037110263,1,3,0,2.0,0.15195886294047037,0.16021838784217834,0.12186946471532185,0.2681514024734497,0.011106801374504963,0,0.5967493653297424,0,LAND_B,LAND_B,LAND_B,2.1283092498779297,2.1188430786132812,2.118055820465088,0.19588938355445862,0.19098344445228577,0.18539564311504364,https://wandb.ai/ememchijioke-university-of-klagenfurt/marl-uav-mission-no-formation/runs/qgyhqyu7
2026-05-16T13:56:06.639284,334,3,17024.960768230445,1,3,0,2.0,0.15436862409114838,0.16163542866706848,0.1243377352754275,0.26757556200027466,0.02104782157888015,0,0.603373646736145,0,LAND_B,LAND_B,LAND_B,2.129706621170044,2.122765302658081,2.1196999549865723,0.1964217573404312,0.19189611077308655,0.18610833585262299,https://wandb.ai/ememchijioke-university-of-klagenfurt/marl-uav-mission-no-formation/runs/qgyhqyu7
2026-05-16T13:56:18.257516,335,3,16803.112830091737,1,3,0,2.0,0.1544074813524882,0.15997427701950073,0.12462109575668971,0.26941655079523724,0.014445961453020573,0,0.600777804851532,0,LAND_B,LAND_B,LAND_B,2.1284878253936768,2.121368169784546,2.123950242996216,0.1952560842037201,0.19167646765708923,0.18646572530269623,https://wandb.ai/ememchijioke-university-of-klagenfurt/marl-uav-mission-no-formation/runs/qgyhqyu7
2026-05-16T13:56:29.662395,336,3,16830.039665135795,1,3,0,2.0,0.15054970482985178,0.1563132405281067,0.11959057797988255,0.2652187943458557,0.012610863583783308,0,0.6085137724876404,0,LAND_B,LAND_B,LAND_B,2.1227996349334717,2.1159868240356445,2.1185529232025146,0.1960948258638382,0.19171854853630066,0.18641549348831177,https://wandb.ai/ememchijioke-university-of-klagenfurt/marl-uav-mission-no-formation/runs/qgyhqyu7
2026-05-16T13:56:41.185733,337,3,16869.455323533286,1,3,0,2.0,0.1498234122991562,0.15498192608356476,0.11910535146792729,0.2691904107729594,0.013114529972275099,0,0.5992446541786194,0,LAND_B,LAND_B,LAND_B,2.121715784072876,2.1216697692871094,2.1136884689331055,0.19581151008605957,0.1912337839603424,0.18558195233345032,https://wandb.ai/ememchijioke-university-of-klagenfurt/marl-uav-mission-no-formation/runs/qgyhqyu7
2026-05-16T13:56:53.745225,338,3,16893.957999517585,1,3,0,2.0,0.1518912067015966,0.16108782589435577,0.1217549021045367,0.26509854197502136,0.010608877676228682,0,0.5965527296066284,0,LAND_B,LAND_B,LAND_B,2.1298537254333496,2.1200990676879883,2.1149885654449463,0.19506016373634338,0.19125260412693024,0.18609902262687683,https://wandb.ai/ememchijioke-university-of-klagenfurt/marl-uav-mission-no-formation/runs/qgyhqyu7
2026-05-16T13:57:07.163620,339,3,17062.30746741193,1,3,0,2.0,0.14957298338413239,0.1595587134361267,0.11903491367896397,0.26908405621846515,0.020539134352778394,0,0.5980825424194336,0,LAND_B,LAND_B,LAND_B,2.1272780895233154,2.114145517349243,2.114947557449341,0.19539716839790344,0.19060659408569336,0.1856301873922348,https://wandb.ai/ememchijioke-university-of-klagenfurt/marl-uav-mission-no-formation/runs/qgyhqyu7
2026-05-16T13:57:20.112017,340,3,15850.116632764852,1,3,0,2.0,0.15449807544549307,0.157779261469841,0.12098369747400284,0.28223458925882977,0.010328681208193302,0,0.5985905528068542,0,LAND_B,LAND_B,LAND_B,2.122012138366699,2.118330717086792,2.122343063354492,0.19999797642230988,0.1963629275560379,0.1917526125907898,https://wandb.ai/ememchijioke-university-of-klagenfurt/marl-uav-mission-no-formation/runs/qgyhqyu7
2026-05-16T13:57:33.310286,341,3,15655.933906442619,1,3,0,2.0,0.15730518102645874,0.16295339167118073,0.12493410458167394,0.2827029526233673,0.014984638430178165,0,0.5925861597061157,0,LAND_B,LAND_B,LAND_B,2.124323606491089,2.1315128803253174,2.1186108589172363,0.1998256891965866,0.19578342139720917,0.1909904181957245,https://wandb.ai/ememchijioke-university-of-klagenfurt/marl-uav-mission-no-formation/runs/qgyhqyu7
2026-05-16T13:57:46.130149,342,3,16775.450328382132,1,3,0,2.0,0.15340044101079306,0.15434235334396362,0.12427896757920583,0.2689965267976125,0.01285691342006127,0,0.5976427793502808,0,LAND_B,LAND_B,LAND_B,2.1219990253448486,2.1224424839019775,2.1280899047851562,0.19452735781669617,0.1899775266647339,0.18489742279052734,https://wandb.ai/ememchijioke-university-of-klagenfurt/marl-uav-mission-no-formation/runs/qgyhqyu7
2026-05-16T13:57:59.324179,343,3,15611.232234249674,1,3,0,2.0,0.1583232283592224,0.1637331247329712,0.1263294294476509,0.28274910648663837,0.00807326240465045,0,0.6007209420204163,0,LAND_B,LAND_B,LAND_B,2.1298868656158447,2.1254630088806152,2.1234097480773926,0.1996573805809021,0.1957552134990692,0.19084994494915009,https://wandb.ai/ememchijioke-university-of-klagenfurt/marl-uav-mission-no-formation/runs/qgyhqyu7
2026-05-16T13:58:12.404078,344,3,15929.071375289752,1,3,0,2.0,0.1548972725868225,0.1661909818649292,0.12200381855169933,0.2860610783100128,0.011216696662207445,0,0.604863166809082,0,LAND_B,LAND_B,LAND_B,2.132499933242798,2.1210083961486816,2.1120355129241943,0.19977916777133942,0.19544120132923126,0.19099679589271545,https://wandb.ai/ememchijioke-university-of-klagenfurt/marl-uav-mission-no-formation/runs/qgyhqyu7
2026-05-16T13:58:25.426037,345,3,16802.710393928322,1,3,0,2.0,0.15168308218320212,0.15514500439167023,0.12203286836544673,0.271649032831192,0.018779472758372624,0,0.6070401072502136,0,LAND_B,LAND_B,LAND_B,2.1225297451019287,2.125321626663208,2.117340087890625,0.19436098635196686,0.19108347594738007,0.18475283682346344,https://wandb.ai/ememchijioke-university-of-klagenfurt/marl-uav-mission-no-formation/runs/qgyhqyu7
2026-05-16T13:58:38.362711,346,3,16906.397234804906,1,3,0,2.0,0.1482646962006887,0.15887543559074402,0.1175176997979482,0.2693232198556264,0.011468760824451843,0,0.5954639911651611,0,LAND_B,LAND_B,LAND_B,2.1273674964904785,2.1147828102111816,2.1102001667022705,0.19481995701789856,0.19047963619232178,0.185843363404274,https://wandb.ai/ememchijioke-university-of-klagenfurt/marl-uav-mission-no-formation/runs/qgyhqyu7
2026-05-16T13:58:50.987239,347,3,15705.634037584996,1,3,0,2.0,0.15722049276034036,0.1596706211566925,0.12485737601915996,0.28391241033871967,0.01004589139483869,0,0.597158670425415,0,LAND_B,LAND_B,LAND_B,2.1235461235046387,2.1273033618927,2.123608350753784,0.19989325106143951,0.19636303186416626,0.19021576642990112,https://wandb.ai/ememchijioke-university-of-klagenfurt/marl-uav-mission-no-formation/runs/qgyhqyu7
2026-05-16T13:59:03.625979,348,3,15658.402923844133,1,3,0,2.0,0.15834694107373556,0.16231520473957062,0.12658684452374777,0.2835368712743123,0.02351955386499564,0,0.5975643992424011,0,LAND_B,LAND_B,LAND_B,2.125997543334961,2.1308999061584473,2.122147798538208,0.1992691308259964,0.19538187980651855,0.1906239539384842,https://wandb.ai/ememchijioke-university-of-klagenfurt/marl-uav-mission-no-formation/runs/qgyhqyu7
2026-05-16T13:59:16.144807,349,3,15762.520765225101,1,3,0,2.0,0.15554960568745932,0.1661955863237381,0.12291402121384938,0.28194867571194965,0.00596416632955273,0,0.5973016023635864,0,LAND_B,LAND_B,LAND_B,2.133147716522217,2.1229026317596436,2.112445592880249,0.19938808679580688,0.19570522010326385,0.19080735743045807,https://wandb.ai/ememchijioke-university-of-klagenfurt/marl-uav-mission-no-formation/runs/qgyhqyu7
2026-05-16T13:59:28.655864,350,3,15603.378105642289,1,3,0,2.0,0.1541665494441986,0.15689928829669952,0.12108141432205836,0.2833339174588521,0.012110508047044277,0,0.6046800017356873,0,LAND_B,LAND_B,LAND_B,2.1184659004211426,2.124070882797241,2.1199357509613037,0.19927752017974854,0.19578903913497925,0.19104163348674774,https://wandb.ai/ememchijioke-university-of-klagenfurt/marl-uav-mission-no-formation/runs/qgyhqyu7
2026-05-16T13:59:40.568776,351,3,15622.903545180072,1,3,0,2.0,0.15718625485897064,0.16315308213233948,0.12496885905663173,0.2846132417519887,0.02045405190438032,0,0.6021472215652466,0,LAND_B,LAND_B,LAND_B,2.1296815872192383,2.1278390884399414,2.1168453693389893,0.19869759678840637,0.19584134221076965,0.19146327674388885,https://wandb.ai/ememchijioke-university-of-klagenfurt/marl-uav-mission-no-formation/runs/qgyhqyu7
2026-05-16T13:59:52.131644,352,3,15646.133829061213,1,3,0,2.0,0.15819689134756723,0.16554948687553406,0.12640208254257837,0.28797052303949994,0.01372621301561594,0,0.597037672996521,0,LAND_B,LAND_B,LAND_B,2.1331636905670166,2.1269278526306152,2.119081735610962,0.19835561513900757,0.19557130336761475,0.19142551720142365,https://wandb.ai/ememchijioke-university-of-klagenfurt/marl-uav-mission-no-formation/runs/qgyhqyu7
2026-05-16T14:00:03.650676,353,3,15589.592398804954,1,3,0,2.0,0.1560466339190801,0.16326211392879486,0.12294037143389384,0.28454344471295673,0.019282872788608074,0,0.5991487503051758,0,LAND_B,LAND_B,LAND_B,2.129507303237915,2.1165623664855957,2.1222195625305176,0.19919732213020325,0.19697964191436768,0.19197311997413635,https://wandb.ai/ememchijioke-university-of-klagenfurt/marl-uav-mission-no-formation/runs/qgyhqyu7
2026-05-16T14:00:14.732932,354,3,15607.280363344416,1,3,0,2.0,0.15867379307746887,0.16333623230457306,0.12631938606500626,0.2843642334143321,0.008622185016671816,0,0.5963869690895081,0,LAND_B,LAND_B,LAND_B,2.1287574768066406,2.131547689437866,2.11858868598938,0.19931213557720184,0.1967780888080597,0.1919332891702652,https://wandb.ai/ememchijioke-university-of-klagenfurt/marl-uav-mission-no-formation/runs/qgyhqyu7
2026-05-16T14:00:27.315561,355,3,15564.016117401881,1,3,0,2.0,0.15933587650458017,0.1674978882074356,0.1271765728791555,0.28272581100463867,0.012668142871310314,0,0.605957567691803,0,LAND_B,LAND_B,LAND_B,2.134612798690796,2.1223788261413574,2.1234676837921143,0.19930140674114227,0.19648441672325134,0.19210147857666016,https://wandb.ai/ememchijioke-university-of-klagenfurt/marl-uav-mission-no-formation/runs/qgyhqyu7
2026-05-16T14:00:39.234175,356,3,15683.654448785815,1,3,0,2.0,0.15170028805732727,0.15790033340454102,0.11759539196888606,0.2858412067095439,0.010666560536871353,0,0.6011056303977966,0,LAND_B,LAND_B,LAND_B,2.1186916828155518,2.12507963180542,2.1086549758911133,0.19906792044639587,0.1963028907775879,0.1919843554496765,https://wandb.ai/ememchijioke-university-of-klagenfurt/marl-uav-mission-no-formation/runs/qgyhqyu7
2026-05-16T14:00:51.509922,357,3,15715.091910887933,1,3,0,2.0,0.15209512412548065,0.15700365602970123,0.11825778086980183,0.28387267390886944,0.017968652459482353,0,0.60439532995224,0,LAND_B,LAND_B,LAND_B,2.121619939804077,2.1146347522735596,2.1178343296051025,0.1987409144639969,0.19588708877563477,0.1922426074743271,https://wandb.ai/ememchijioke-university-of-klagenfurt/marl-uav-mission-no-formation/runs/qgyhqyu7
2026-05-16T14:01:02.826447,358,3,15878.803012022323,1,3,0,2.0,0.15096591909726462,0.15206752717494965,0.11703384667634964,0.28342098991076153,0.015555808786302805,0,0.6027296781539917,0,LAND_B,LAND_B,LAND_B,2.1161201000213623,2.1163995265960693,2.118366003036499,0.19815777242183685,0.19579990208148956,0.1920180767774582,https://wandb.ai/ememchijioke-university-of-klagenfurt/marl-uav-mission-no-formation/runs/qgyhqyu7
2026-05-16T14:01:14.293037,359,3,15615.874496079656,1,3,0,2.0,0.15570771197477976,0.15694808959960938,0.12301027526458104,0.28900523980458576,0.021882945050795872,0,0.6017811894416809,0,LAND_B,LAND_B,LAND_B,2.1221046447753906,2.1219117641448975,2.124755620956421,0.19831067323684692,0.1960526704788208,0.19190576672554016,https://wandb.ai/ememchijioke-university-of-klagenfurt/marl-uav-mission-no-formation/runs/qgyhqyu7
2026-05-16T14:01:26.016113,360,3,15659.877991839807,1,3,0,2.0,0.15504606564839682,0.16050975024700165,0.12182105829318364,0.28470689058303833,0.02115393926699956,0,0.5921867489814758,0,LAND_B,LAND_B,LAND_B,2.1264286041259766,2.116724967956543,2.1218719482421875,0.19881725311279297,0.19673845171928406,0.19205771386623383,https://wandb.ai/ememchijioke-university-of-klagenfurt/marl-uav-mission-no-formation/runs/qgyhqyu7
2026-05-16T14:01:38.058040,361,3,15778.534407824092,1,3,0,2.0,0.1518691678841909,0.1569966822862625,0.117506908873717,0.2826950450738271,0.013894459543128809,0,0.6052039861679077,0,LAND_B,LAND_B,LAND_B,2.1216232776641846,2.1202399730682373,2.1100103855133057,0.19882898032665253,0.1967526376247406,0.19301067292690277,https://wandb.ai/ememchijioke-university-of-klagenfurt/marl-uav-mission-no-formation/runs/qgyhqyu7
2026-05-16T14:01:49.674372,362,3,15683.069774811407,1,3,0,2.0,0.15271259347597757,0.15759660303592682,0.1186531310280164,0.2824103633562724,0.022697957853476208,0,0.5952271819114685,0,LAND_B,LAND_B,LAND_B,2.12263822555542,2.118189811706543,2.1147964000701904,0.19894592463970184,0.19671569764614105,0.19275043904781342,https://wandb.ai/ememchijioke-university-of-klagenfurt/marl-uav-mission-no-formation/runs/qgyhqyu7
2026-05-16T14:02:02.367120,363,3,15791.108055704728,1,3,0,2.0,0.15293124814828238,0.15540118515491486,0.11900557329257329,0.28350212176640827,0.006671123187212895,0,0.596757173538208,0,LAND_B,LAND_B,LAND_B,2.1191699504852295,2.118110418319702,2.1186635494232178,0.19886107742786407,0.1964101642370224,0.19283443689346313,https://wandb.ai/ememchijioke-university-of-klagenfurt/marl-uav-mission-no-formation/runs/qgyhqyu7
2026-05-16T14:02:15.388606,364,3,15545.361353853865,1,3,0,2.0,0.15462079147497812,0.15919575095176697,0.12101197987794876,0.2820295989513397,0.01207977874825398,0,0.603445827960968,0,LAND_B,LAND_B,LAND_B,2.124349594116211,2.1176953315734863,2.120565176010132,0.19925373792648315,0.1967739760875702,0.1926470249891281,https://wandb.ai/ememchijioke-university-of-klagenfurt/marl-uav-mission-no-formation/runs/qgyhqyu7
2026-05-16T14:02:27.750859,365,3,15678.534619219025,1,3,0,2.0,0.15912740925947824,0.16719090938568115,0.1266521563132604,0.2864136795202891,0.007046793490493049,0,0.6003965735435486,0,LAND_B,LAND_B,LAND_B,2.1350882053375244,2.119412422180176,2.1251752376556396,0.1983625590801239,0.19727039337158203,0.1931627094745636,https://wandb.ai/ememchijioke-university-of-klagenfurt/marl-uav-mission-no-formation/runs/qgyhqyu7
2026-05-16T14:02:39.506203,366,3,15752.668634103464,1,3,0,2.0,0.15387878815333048,0.1635485142469406,0.1203511655330658,0.2858998080094655,0.011134623472268382,0,0.5952893495559692,0,LAND_B,LAND_B,LAND_B,2.1306231021881104,2.116265296936035,2.1137619018554688,0.19814656674861908,0.1965005248785019,0.19283969700336456,https://wandb.ai/ememchijioke-university-of-klagenfurt/marl-uav-mission-no-formation/runs/qgyhqyu7
2026-05-16T14:02:50.980946,367,3,15670.99539483836,1,3,0,2.0,0.1541657050450643,0.15544594824314117,0.12042226890722911,0.2838444213072459,0.013323264351735512,0,0.5953819155693054,0,LAND_B,LAND_B,LAND_B,2.1194143295288086,2.118934154510498,2.1226515769958496,0.19928205013275146,0.19640786945819855,0.19295094907283783,https://wandb.ai/ememchijioke-university-of-klagenfurt/marl-uav-mission-no-formation/runs/qgyhqyu7
2026-05-16T14:03:02.300644,368,3,15715.487597326894,1,3,0,2.0,0.15428043901920319,0.16589729487895966,0.12033848464488983,0.2866835296154022,0.009979494381695986,0,0.6009384989738464,0,LAND_B,LAND_B,LAND_B,2.1327502727508545,2.1140642166137695,2.1141393184661865,0.1994771808385849,0.19686435163021088,0.19305109977722168,https://wandb.ai/ememchijioke-university-of-klagenfurt/marl-uav-mission-no-formation/runs/qgyhqyu7
2026-05-16T14:03:15.247181,369,3,15710.984093921279,1,3,0,2.0,0.15489064157009125,0.1608341932296753,0.12125485887130101,0.28373873233795166,0.01868742797523737,0,0.6012364029884338,0,LAND_B,LAND_B,LAND_B,2.1174678802490234,2.1281468868255615,2.1180500984191895,0.19881188869476318,0.19718873500823975,0.19296321272850037,https://wandb.ai/ememchijioke-university-of-klagenfurt/marl-uav-mission-no-formation/runs/qgyhqyu7
2026-05-16T14:03:28.611774,370,3,15635.83836986249,1,3,0,2.0,0.15653840204079947,0.16540329158306122,0.12393479297558467,0.2828743855158488,0.013867355262239775,0,0.5999412536621094,0,LAND_B,LAND_B,LAND_B,2.133070945739746,2.1119165420532227,2.126570224761963,0.19819293916225433,0.19575577974319458,0.1924680918455124,https://wandb.ai/ememchijioke-university-of-klagenfurt/marl-uav-mission-no-formation/runs/qgyhqyu7
2026-05-16T14:03:41.513849,371,3,15717.599575418832,1,3,0,2.0,0.15448198219140372,0.1621573269367218,0.12149698535601298,0.2842643658320109,0.012903673574328423,0,0.5989400744438171,0,LAND_B,LAND_B,LAND_B,2.1288154125213623,2.115642547607422,2.11946439743042,0.1983570158481598,0.19554561376571655,0.19221818447113037,https://wandb.ai/ememchijioke-university-of-klagenfurt/marl-uav-mission-no-formation/runs/qgyhqyu7
2026-05-16T14:03:54.392052,372,3,15758.491994692231,1,3,0,2.0,0.15450707077980042,0.1578703075647354,0.12190327793359756,0.2845781942208608,0.01975700942178567,0,0.5982908010482788,0,LAND_B,LAND_B,LAND_B,2.123702049255371,2.1180472373962402,2.1229746341705322,0.19785459339618683,0.1953994631767273,0.1914336234331131,https://wandb.ai/ememchijioke-university-of-klagenfurt/marl-uav-mission-no-formation/runs/qgyhqyu7
2026-05-16T14:04:07.382309,373,3,15722.868955637055,1,3,0,2.0,0.15259786943594614,0.15523429214954376,0.11918981870015462,0.28278424342473346,0.011837769610186418,0,0.5947006344795227,0,LAND_B,LAND_B,LAND_B,2.119940757751465,2.117601156234741,2.1198153495788574,0.19854183495044708,0.19541889429092407,0.19182626903057098,https://wandb.ai/ememchijioke-university-of-klagenfurt/marl-uav-mission-no-formation/runs/qgyhqyu7
2026-05-16T14:04:20.181979,374,3,15578.968441291252,1,3,0,2.0,0.15916473170121512,0.1605958491563797,0.12754805386066437,0.28460006912549335,0.026107868800560634,0,0.604479968547821,0,LAND_B,LAND_B,LAND_B,2.1266632080078125,2.1294987201690674,2.1260616779327393,0.1982925981283188,0.19482196867465973,0.19245268404483795,https://wandb.ai/ememchijioke-university-of-klagenfurt/marl-uav-mission-no-formation/runs/qgyhqyu7
2026-05-16T14:04:31.912440,375,3,15687.383074561798,1,3,0,2.0,0.15793256958325705,0.162709042429924,0.12602819502353668,0.28509698311487836,0.012317698448896408,0,0.6010752320289612,0,LAND_B,LAND_B,LAND_B,2.129589319229126,2.1266844272613525,2.121574640274048,0.19838932156562805,0.19522824883460999,0.1919265240430832,https://wandb.ai/ememchijioke-university-of-klagenfurt/marl-uav-mission-no-formation/runs/qgyhqyu7
2026-05-16T14:04:44.731581,376,3,15733.001126507283,1,3,0,2.0,0.15300056835015616,0.16065403819084167,0.11992475638786952,0.2858009139696757,0.009617176527778307,0,0.5971494317054749,0,LAND_B,LAND_B,LAND_B,2.127502202987671,2.117486000061035,2.114262819290161,0.19762831926345825,0.19554804265499115,0.1918012797832489,https://wandb.ai/ememchijioke-university-of-klagenfurt/marl-uav-mission-no-formation/runs/qgyhqyu7
2026-05-16T14:04:57.588477,377,3,15512.068568945391,1,3,0,2.0,0.15663476288318634,0.16319620609283447,0.12443796296914418,0.28355465332667035,0.017303215029338997,0,0.6007406711578369,0,LAND_B,LAND_B,LAND_B,2.130662441253662,2.1212329864501953,2.1211626529693604,0.19771945476531982,0.19550256431102753,0.19212467968463898,https://wandb.ai/ememchijioke-university-of-klagenfurt/marl-uav-mission-no-formation/runs/qgyhqyu7
2026-05-16T14:05:09.282251,378,3,15744.656548554754,1,3,0,2.0,0.15613831082979837,0.16552479565143585,0.12326515714327495,0.2838963170846303,0.012835301458835602,0,0.5939375758171082,0,LAND_B,LAND_B,LAND_B,2.13273286819458,2.113394260406494,2.12333345413208,0.19855773448944092,0.19593171775341034,0.1927124559879303,https://wandb.ai/ememchijioke-university-of-klagenfurt/marl-uav-mission-no-formation/runs/qgyhqyu7
2026-05-16T14:05:22.672445,379,3,15641.42336060541,1,3,0,2.0,0.15392342706521353,0.16117843985557556,0.12046338866154353,0.2845269540945689,0.01327752104649941,0,0.5966804623603821,0,LAND_B,LAND_B,LAND_B,2.127735137939453,2.1151654720306396,2.118406057357788,0.19826824963092804,0.19675575196743011,0.19229739904403687,https://wandb.ai/ememchijioke-university-of-klagenfurt/marl-uav-mission-no-formation/runs/qgyhqyu7
2026-05-16T14:05:34.983194,380,3,15886.881514029272,1,3,0,2.0,0.15442665417989096,0.16675393283367157,0.12155924985806148,0.2862439453601837,0.015071879141032696,0,0.5937064290046692,0,LAND_B,LAND_B,LAND_B,2.1343252658843994,2.1142759323120117,2.1158692836761475,0.19867435097694397,0.1954030841588974,0.19139699637889862,https://wandb.ai/ememchijioke-university-of-klagenfurt/marl-uav-mission-no-formation/runs/qgyhqyu7
2026-05-16T14:05:47.411048,381,3,15619.671625480605,1,3,0,2.0,0.1561593015988668,0.1627887636423111,0.1239169215162595,0.28118180235226947,0.016715416063865025,0,0.6027976870536804,0,LAND_B,LAND_B,LAND_B,2.1298482418060303,2.1187632083892822,2.1228246688842773,0.1980588734149933,0.19559365510940552,0.19132529199123383,https://wandb.ai/ememchijioke-university-of-klagenfurt/marl-uav-mission-no-formation/runs/qgyhqyu7
2026-05-16T14:05:58.561275,382,3,15667.589089705427,1,3,0,2.0,0.15659734110037485,0.16056442260742188,0.12430967887242635,0.28587522109349567,0.010957297869026661,0,0.5924233198165894,0,LAND_B,LAND_B,LAND_B,2.127157211303711,2.123176097869873,2.122375726699829,0.19791783392429352,0.19567759335041046,0.19209633767604828,https://wandb.ai/ememchijioke-university-of-klagenfurt/marl-uav-mission-no-formation/runs/qgyhqyu7
2026-05-16T14:06:09.878947,383,3,15634.177508549608,1,3,0,2.0,0.15534805754820505,0.16045227646827698,0.12263464430967967,0.2838636040687561,0.018625035571555298,0,0.5946364998817444,0,LAND_B,LAND_B,LAND_B,2.1264331340789795,2.1251933574676514,2.116206407546997,0.19875402748584747,0.1953047811985016,0.19200141727924347,https://wandb.ai/ememchijioke-university-of-klagenfurt/marl-uav-mission-no-formation/runs/qgyhqyu7
2026-05-16T14:06:21.038673,384,3,15606.703691319697,1,3,0,2.0,0.15321907897790274,0.15402698516845703,0.11970514555772145,0.2846500078837077,0.01653804536908865,0,0.6007847189903259,0,LAND_B,LAND_B,LAND_B,2.1149754524230957,2.120305299758911,2.1231625080108643,0.19894953072071075,0.1959410458803177,0.19172240793704987,https://wandb.ai/ememchijioke-university-of-klagenfurt/marl-uav-mission-no-formation/runs/qgyhqyu7
2026-05-16T14:06:34.182217,385,3,15857.615389333288,1,3,0,2.0,0.14950494964917502,0.15331228077411652,0.11538855979839961,0.2819976210594177,0.01094094788034757,0,0.5969620943069458,0,LAND_B,LAND_B,LAND_B,2.1177775859832764,2.1190786361694336,2.109260082244873,0.19814497232437134,0.1953531950712204,0.1916586309671402,https://wandb.ai/ememchijioke-university-of-klagenfurt/marl-uav-mission-no-formation/runs/qgyhqyu7
2026-05-16T14:06:47.302548,386,3,15744.703984750071,1,3,0,2.0,0.15480111042658487,0.16143791377544403,0.12222021818161011,0.2847360571225484,0.012488037503014008,0,0.5993106365203857,0,LAND_B,LAND_B,LAND_B,2.12369441986084,2.129692554473877,2.112485408782959,0.19830723106861115,0.1956605166196823,0.19089770317077637,https://wandb.ai/ememchijioke-university-of-klagenfurt/marl-uav-mission-no-formation/runs/qgyhqyu7
2026-05-16T14:06:59.901125,387,3,15822.98881763176,1,3,0,2.0,0.1555429995059967,0.16289344429969788,0.1228167861700058,0.2839864194393158,0.021105616663893063,0,0.5923652052879333,0,LAND_B,LAND_B,LAND_B,2.129580497741699,2.12640643119812,2.112328290939331,0.1986616849899292,0.19581390917301178,0.19175557792186737,https://wandb.ai/ememchijioke-university-of-klagenfurt/marl-uav-mission-no-formation/runs/qgyhqyu7
2026-05-16T14:07:11.960479,388,3,15625.92138198797,1,3,0,2.0,0.15610231955846152,0.16138535737991333,0.1234595353404681,0.28497035304705304,0.009963783125082651,0,0.6033770442008972,0,LAND_B,LAND_B,LAND_B,2.1179583072662354,2.1296226978302,2.121567726135254,0.19846951961517334,0.19606952369213104,0.19179335236549377,https://wandb.ai/ememchijioke-university-of-klagenfurt/marl-uav-mission-no-formation/runs/qgyhqyu7
2026-05-16T14:07:25.042045,389,3,15765.252890977603,1,3,0,2.0,0.15115744372208914,0.15877901017665863,0.11741317063570023,0.2842499415079753,0.01855720952153206,0,0.6053404808044434,0,LAND_B,LAND_B,LAND_B,2.1248393058776855,2.111556053161621,2.1155502796173096,0.19783137738704681,0.1957276165485382,0.19189603626728058,https://wandb.ai/ememchijioke-university-of-klagenfurt/marl-uav-mission-no-formation/runs/qgyhqyu7
2026-05-16T14:07:38.037692,390,3,15813.90656654036,1,3,0,2.0,0.15082275370756784,0.153311088681221,0.117093692223231,0.28355975945790607,0.01968098587046067,0,0.5927274823188782,0,LAND_B,LAND_B,LAND_B,2.1177282333374023,2.118079662322998,2.115304708480835,0.19814935326576233,0.19512709975242615,0.19187402725219727,https://wandb.ai/ememchijioke-university-of-klagenfurt/marl-uav-mission-no-formation/runs/qgyhqyu7
2026-05-16T14:07:49.530009,391,3,15634.945575865579,1,3,0,2.0,0.15406517187754312,0.15828655660152435,0.121324027578036,0.2850474814573924,0.014325112104415894,0,0.5953963398933411,0,LAND_B,LAND_B,LAND_B,2.124208450317383,2.119436264038086,2.1201159954071045,0.1980912685394287,0.1957905888557434,0.1909307837486267,https://wandb.ai/ememchijioke-university-of-klagenfurt/marl-uav-mission-no-formation/runs/qgyhqyu7
2026-05-16T14:08:00.389958,392,3,15717.463796154392,1,3,0,2.0,0.15125667552153269,0.15806825459003448,0.11796831836303075,0.2886630396048228,0.01795056089758873,0,0.5982800126075745,0,LAND_B,LAND_B,LAND_B,2.117520809173584,2.126190185546875,2.1101367473602295,0.19744278490543365,0.1951347440481186,0.1912509948015213,https://wandb.ai/ememchijioke-university-of-klagenfurt/marl-uav-mission-no-formation/runs/qgyhqyu7
2026-05-16T14:08:12.651159,393,3,15795.992851273993,1,3,0,2.0,0.15411514043807983,0.1576809287071228,0.12179368486007054,0.28244543075561523,0.01806004469593366,0,0.6017804741859436,0,LAND_B,LAND_B,LAND_B,2.123706102371216,2.123018980026245,2.1181108951568604,0.1974981129169464,0.19465652108192444,0.1911373883485794,https://wandb.ai/ememchijioke-university-of-klagenfurt/marl-uav-mission-no-formation/runs/qgyhqyu7
2026-05-16T14:08:25.057621,394,3,15696.86958022967,1,3,0,2.0,0.15311424930890402,0.15788355469703674,0.11997990061839421,0.2841691772143046,0.013919527642428875,0,0.5949670076370239,0,LAND_B,LAND_B,LAND_B,2.1238019466400146,2.1115384101867676,2.1244211196899414,0.19788038730621338,0.1951979100704193,0.1920052021741867,https://wandb.ai/ememchijioke-university-of-klagenfurt/marl-uav-mission-no-formation/runs/qgyhqyu7
2026-05-16T14:08:36.038096,395,3,15674.55392229294,1,3,0,2.0,0.1551505575577418,0.16388751566410065,0.12283684810002644,0.2880094349384308,0.011526716562608877,0,0.5894486904144287,0,LAND_B,LAND_B,LAND_B,2.1314754486083984,2.1141064167022705,2.1218466758728027,0.19769372045993805,0.19478154182434082,0.19162829220294952,https://wandb.ai/ememchijioke-university-of-klagenfurt/marl-uav-mission-no-formation/runs/qgyhqyu7
2026-05-16T14:08:47.938696,396,3,15657.296843947983,1,3,0,2.0,0.15624183416366577,0.16006192564964294,0.12367855757474899,0.2825052539507548,0.0107525788868467,0,0.599968671798706,0,LAND_B,LAND_B,LAND_B,2.125978469848633,2.116974115371704,2.127246379852295,0.19871048629283905,0.19576799869537354,0.19169262051582336,https://wandb.ai/ememchijioke-university-of-klagenfurt/marl-uav-mission-no-formation/runs/qgyhqyu7
2026-05-16T14:08:59.609117,397,3,15703.336305845434,1,3,0,2.0,0.15097849567731222,0.15224824845790863,0.11735325306653976,0.2829328576723735,0.01293565301845471,0,0.5910229086875916,0,LAND_B,LAND_B,LAND_B,2.1150424480438232,2.1183173656463623,2.1184442043304443,0.19774964451789856,0.19551217555999756,0.19157421588897705,https://wandb.ai/ememchijioke-university-of-klagenfurt/marl-uav-mission-no-formation/runs/qgyhqyu7
2026-05-16T14:09:12.451832,398,3,15726.093069818693,1,3,0,2.0,0.15194015204906464,0.15434391796588898,0.11819794774055481,0.28283536434173584,0.009384187404066324,0,0.5927115678787231,0,LAND_B,LAND_B,LAND_B,2.1191718578338623,2.114440441131592,2.120661497116089,0.19801010191440582,0.196097269654274,0.1921652853488922,https://wandb.ai/ememchijioke-university-of-klagenfurt/marl-uav-mission-no-formation/runs/qgyhqyu7
2026-05-16T14:09:24.960529,399,3,15764.854691062514,1,3,0,2.0,0.15366390347480774,0.15564557909965515,0.12051846583684285,0.28498245278994244,0.0156383253633976,0,0.6004499197006226,0,LAND_B,LAND_B,LAND_B,2.1207525730133057,2.118281841278076,2.122481107711792,0.1981583535671234,0.1960511952638626,0.1916511356830597,https://wandb.ai/ememchijioke-university-of-klagenfurt/marl-uav-mission-no-formation/runs/qgyhqyu7
2026-05-16T14:09:37.920524,400,3,15613.623262878535,1,3,0,2.0,0.15804686148961386,0.1628706306219101,0.12603410333395004,0.28473174571990967,0.016965822937587898,0,0.6003549098968506,0,LAND_B,LAND_B,LAND_B,2.129664897918701,2.12825345993042,2.120159864425659,0.19854290783405304,0.1960425227880478,0.19150030612945557,https://wandb.ai/ememchijioke-university-of-klagenfurt/marl-uav-mission-no-formation/runs/qgyhqyu7
2026-05-16T14:09:50.576319,401,3,15629.365183848844,1,3,0,2.0,0.15846400459607443,0.1640191227197647,0.126197117070357,0.28509193658828735,0.014198312070220709,0,0.606528103351593,0,LAND_B,LAND_B,LAND_B,2.130951166152954,2.124166965484619,2.1229372024536133,0.1984369158744812,0.19658027589321136,0.19247403740882874,https://wandb.ai/ememchijioke-university-of-klagenfurt/marl-uav-mission-no-formation/runs/qgyhqyu7
2026-05-16T14:10:02.220215,402,3,15836.76754506284,1,3,0,2.0,0.15473762154579163,0.16169768571853638,0.12182429432868958,0.284600963195165,0.01769819048543771,0,0.5908087491989136,0,LAND_B,LAND_B,LAND_B,2.1281652450561523,2.1209042072296143,2.1158766746520996,0.19802086055278778,0.19600699841976166,0.19216002523899078,https://wandb.ai/ememchijioke-university-of-klagenfurt/marl-uav-mission-no-formation/runs/qgyhqyu7
2026-05-16T14:10:15.232840,403,3,15921.07139964932,1,3,0,2.0,0.15253859758377075,0.15900975465774536,0.1192459836602211,0.2825310230255127,0.016701013470689457,0,0.5920330286026001,0,LAND_B,LAND_B,LAND_B,2.12115216255188,2.1269853115081787,2.109358787536621,0.19755776226520538,0.1956360787153244,0.19199839234352112,https://wandb.ai/ememchijioke-university-of-klagenfurt/marl-uav-mission-no-formation/runs/qgyhqyu7
2026-05-16T14:10:28.084255,404,3,15821.758000795226,1,3,0,2.0,0.15364080667495728,0.1595785915851593,0.12067405134439468,0.28505762418111164,0.011827032935495177,0,0.5842357873916626,0,LAND_B,LAND_B,LAND_B,2.1256470680236816,2.1232922077178955,2.1125423908233643,0.19784530997276306,0.19537879526615143,0.19200816750526428,https://wandb.ai/ememchijioke-university-of-klagenfurt/marl-uav-mission-no-formation/runs/qgyhqyu7
2026-05-16T14:10:40.463992,405,3,15875.148349521858,1,3,0,2.0,0.15367256104946136,0.16042061150074005,0.12064584841330846,0.2855653365453084,0.016687422059476376,0,0.5941309928894043,0,LAND_B,LAND_B,LAND_B,2.126539468765259,2.116365671157837,2.118257522583008,0.19829148054122925,0.1953059583902359,0.19190309941768646,https://wandb.ai/ememchijioke-university-of-klagenfurt/marl-uav-mission-no-formation/runs/qgyhqyu7
2026-05-16T14:10:51.679526,406,3,15682.300302082058,1,3,0,2.0,0.15300451715787253,0.15852689743041992,0.11986736208200455,0.28468584020932514,0.0197253314157327,0,0.5979722142219543,0,LAND_B,LAND_B,LAND_B,2.1242153644561768,2.1174633502960205,2.1178719997406006,0.19847162067890167,0.19548657536506653,0.1912790983915329,https://wandb.ai/ememchijioke-university-of-klagenfurt/marl-uav-mission-no-formation/runs/qgyhqyu7
2026-05-16T14:11:01.583364,407,3,15715.902412847547,1,3,0,2.0,0.15083679060141245,0.15266434848308563,0.11674433449904124,0.28618134061495465,0.011650980450212955,0,0.600436806678772,0,LAND_B,LAND_B,LAND_B,2.1167044639587402,2.1156609058380127,2.1174283027648926,0.19838428497314453,0.19646702706813812,0.1915750503540039,https://wandb.ai/ememchijioke-university-of-klagenfurt/marl-uav-mission-no-formation/runs/qgyhqyu7
2026-05-16T14:11:13.935422,408,3,15774.816924306355,1,3,0,2.0,0.152009978890419,0.15515661239624023,0.11796488364537557,0.28199751178423565,0.007427784148603678,0,0.5980977416038513,0,LAND_B,LAND_B,LAND_B,2.1194114685058594,2.1096227169036865,2.1245157718658447,0.19879524409770966,0.1962520331144333,0.19212111830711365,https://wandb.ai/ememchijioke-university-of-klagenfurt/marl-uav-mission-no-formation/runs/qgyhqyu7
2026-05-16T14:11:26.611292,409,3,15920.440303935493,1,3,0,2.0,0.15602689484755197,0.1607837826013565,0.12329325079917908,0.28597064812978107,0.020948021362225216,0,0.5992751717567444,0,LAND_B,LAND_B,LAND_B,2.1266512870788574,2.119154453277588,2.1239192485809326,0.19902996718883514,0.1957593411207199,0.19197501242160797,https://wandb.ai/ememchijioke-university-of-klagenfurt/marl-uav-mission-no-formation/runs/qgyhqyu7
2026-05-16T14:11:39.653938,410,3,15661.560971621588,1,3,0,2.0,0.1569263885418574,0.16527552902698517,0.12461186697085698,0.2834995885690053,0.008670803159475327,0,0.5981065034866333,0,LAND_B,LAND_B,LAND_B,2.132523775100708,2.126401662826538,2.1148555278778076,0.19875746965408325,0.19608651101589203,0.19123965501785278,https://wandb.ai/ememchijioke-university-of-klagenfurt/marl-uav-mission-no-formation/runs/qgyhqyu7
2026-05-16T14:11:52.164551,411,3,15685.014822690177,1,3,0,2.0,0.15525720516840616,0.16185808181762695,0.12225113064050674,0.284592072168986,0.009547544177621603,0,0.6029301881790161,0,LAND_B,LAND_B,LAND_B,2.1281585693359375,2.1257522106170654,2.1124324798583984,0.19885990023612976,0.1965591162443161,0.19163738191127777,https://wandb.ai/ememchijioke-university-of-klagenfurt/marl-uav-mission-no-formation/runs/qgyhqyu7
2026-05-16T14:12:04.734409,412,3,15815.899035905288,1,3,0,2.0,0.15317287047704062,0.15979263186454773,0.11925977965195973,0.28543025255203247,0.00940497312694788,0,0.5892461538314819,0,LAND_B,LAND_B,LAND_B,2.124412775039673,2.1153347492218018,2.1175506114959717,0.1996808648109436,0.19682109355926514,0.19177840650081635,https://wandb.ai/ememchijioke-university-of-klagenfurt/marl-uav-mission-no-formation/runs/qgyhqyu7
2026-05-16T14:12:16.619439,413,3,16976.871683457182,1,3,0,2.0,0.1489084263642629,0.15491262078285217,0.11787243684132893,0.2704162398974101,0.01320792424182097,0,0.6007623672485352,0,LAND_B,LAND_B,LAND_B,2.1226823329925537,2.1177046298980713,2.113053560256958,0.19446176290512085,0.1914890706539154,0.18702787160873413,https://wandb.ai/ememchijioke-university-of-klagenfurt/marl-uav-mission-no-formation/runs/qgyhqyu7
2026-05-16T14:12:28.086040,414,3,15845.547046404768,1,3,0,2.0,0.15312471489111582,0.15658558905124664,0.11879921456178029,0.28512365619341534,0.01586840332796176,0,0.5982217788696289,0,LAND_B,LAND_B,LAND_B,2.1154136657714844,2.122854709625244,2.117353916168213,0.19996924698352814,0.19692686200141907,0.1927652806043625,https://wandb.ai/ememchijioke-university-of-klagenfurt/marl-uav-mission-no-formation/runs/qgyhqyu7
2026-05-16T14:12:40.081263,415,3,15615.417460734883,1,3,0,2.0,0.15556946893533072,0.15745870769023895,0.12175048391024272,0.2830696403980255,0.012977144836137692,0,0.591532826423645,0,LAND_B,LAND_B,LAND_B,2.120009183883667,2.1229281425476074,2.1216301918029785,0.1998264342546463,0.19766873121261597,0.19292780756950378,https://wandb.ai/ememchijioke-university-of-klagenfurt/marl-uav-mission-no-formation/runs/qgyhqyu7
2026-05-16T14:12:51.880477,416,3,17091.5386434175,1,3,0,2.0,0.14844351510206857,0.15276870131492615,0.11669149001439412,0.26861273248990375,0.009931986996283134,0,0.6010887622833252,0,LAND_B,LAND_B,LAND_B,2.1192893981933594,2.1136550903320312,2.1170225143432617,0.19532707333564758,0.19226518273353577,0.18756282329559326,https://wandb.ai/ememchijioke-university-of-klagenfurt/marl-uav-mission-no-formation/runs/qgyhqyu7
2026-05-16T14:13:04.238009,417,3,16875.575435039,1,3,0,2.0,0.15020195146401724,0.1560860425233841,0.11952235052982967,0.26858118176460266,0.018916788200537365,0,0.5990868210792542,0,LAND_B,LAND_B,LAND_B,2.1238088607788086,2.116018772125244,2.118372917175293,0.19484826922416687,0.19115020334720612,0.18683624267578125,https://wandb.ai/ememchijioke-university-of-klagenfurt/marl-uav-mission-no-formation/runs/qgyhqyu7
2026-05-16T14:13:17.187548,418,3,17071.44691275358,1,3,0,2.0,0.1520825376113256,0.16173624992370605,0.12149301419655482,0.27013243238131207,0.01672169752418995,0,0.601162314414978,0,LAND_B,LAND_B,LAND_B,2.1305336952209473,2.12209153175354,2.111406087875366,0.19510678946971893,0.1919708549976349,0.18728259205818176,https://wandb.ai/ememchijioke-university-of-klagenfurt/marl-uav-mission-no-formation/runs/qgyhqyu7
2026-05-16T14:13:29.210278,419,3,16905.775469385837,1,3,0,2.0,0.15293434262275696,0.15718604624271393,0.12265538175900777,0.2678067088127136,0.025580851982037228,0,0.5972708463668823,0,LAND_B,LAND_B,LAND_B,2.1250033378601074,2.127042055130005,2.1152188777923584,0.19528746604919434,0.19119098782539368,0.18749447166919708,https://wandb.ai/ememchijioke-university-of-klagenfurt/marl-uav-mission-no-formation/runs/qgyhqyu7
2026-05-16T14:13:40.935670,420,3,16941.322536811673,1,3,0,2.0,0.14842102428277335,0.15238384902477264,0.11685774972041447,0.26762645443280536,0.01752619259059429,0,0.5951274633407593,0,LAND_B,LAND_B,LAND_B,2.11881160736084,2.116211414337158,2.114584445953369,0.19515450298786163,0.19193735718727112,0.18737636506557465,https://wandb.ai/ememchijioke-university-of-klagenfurt/marl-uav-mission-no-formation/runs/qgyhqyu7
2026-05-16T14:13:52.908549,421,3,16888.10858987518,1,3,0,2.0,0.15013612310091654,0.15263648331165314,0.11905379841725032,0.2688039739926656,0.014885935621956984,0,0.5982742309570312,0,LAND_B,LAND_B,LAND_B,2.1197338104248047,2.118657350540161,2.118673086166382,0.1946631819009781,0.1920737326145172,0.18760505318641663,https://wandb.ai/ememchijioke-university-of-klagenfurt/marl-uav-mission-no-formation/runs/qgyhqyu7
2026-05-16T14:14:05.752550,422,3,16945.494211425488,1,3,0,2.0,0.1479982187350591,0.15321478247642517,0.11622001230716705,0.2718135416507721,0.012972869192405293,0,0.5963708758354187,0,LAND_B,LAND_B,LAND_B,2.1168527603149414,2.12231183052063,2.109156608581543,0.19463899731636047,0.19224034249782562,0.18792812526226044,https://wandb.ai/ememchijioke-university-of-klagenfurt/marl-uav-mission-no-formation/runs/qgyhqyu7
2026-05-16T14:14:18.899267,423,3,16460.140122970442,1,3,0,2.0,0.14684618016084036,0.1544465720653534,0.11453537394603093,0.26775793234507245,0.015580304277439913,0,0.6065232157707214,0,LAND_B,LAND_B,LAND_B,2.1217844486236572,2.114000082015991,2.1065287590026855,0.19483718276023865,0.192344069480896,0.18846912682056427,https://wandb.ai/ememchijioke-university-of-klagenfurt/marl-uav-mission-no-formation/runs/qgyhqyu7
2026-05-16T14:14:32.261846,424,3,16814.440824488447,1,3,0,2.0,0.1505194753408432,0.15559136867523193,0.11920121312141418,0.26629672447840375,0.014040810521692038,0,0.5971648693084717,0,LAND_B,LAND_B,LAND_B,2.12054443359375,2.124922513961792,2.111708402633667,0.19489721953868866,0.1925637573003769,0.18819022178649902,https://wandb.ai/ememchijioke-university-of-klagenfurt/marl-uav-mission-no-formation/runs/qgyhqyu7
2026-05-16T14:14:44.983451,425,3,16862.018229350553,1,3,0,2.0,0.15511617561181387,0.16114342212677002,0.12510151912768683,0.27015990018844604,0.009751109483962258,0,0.5946052670478821,0,LAND_B,LAND_B,LAND_B,2.1300477981567383,2.1275253295898438,2.117236852645874,0.19476750493049622,0.19225448369979858,0.18808093667030334,https://wandb.ai/ememchijioke-university-of-klagenfurt/marl-uav-mission-no-formation/runs/qgyhqyu7
2026-05-16T14:14:56.601709,426,3,16862.06014709262,1,3,0,2.0,0.15309981008370718,0.15706013143062592,0.12234405676523845,0.2678649425506592,0.0075422545584539575,0,0.5915402770042419,0,LAND_B,LAND_B,LAND_B,2.118288993835449,2.1182594299316406,2.129746675491333,0.19516780972480774,0.19262151420116425,0.1878117024898529,https://wandb.ai/ememchijioke-university-of-klagenfurt/marl-uav-mission-no-formation/runs/qgyhqyu7
2026-05-16T14:15:08.723215,427,3,16275.83431864076,1,3,0,2.0,0.14913169542948404,0.151090607047081,0.11725060145060222,0.2697269320487976,0.010782183147966862,0,0.5998566150665283,0,LAND_B,LAND_B,LAND_B,2.1170244216918945,2.11659836769104,2.117671489715576,0.19551387429237366,0.1925022155046463,0.18834421038627625,https://wandb.ai/ememchijioke-university-of-klagenfurt/marl-uav-mission-no-formation/runs/qgyhqyu7
2026-05-16T14:15:20.647492,428,3,16258.63486699825,1,3,0,2.0,0.15280422071615854,0.15950362384319305,0.12153539309899013,0.2696657081445058,0.017327900044620037,0,0.6050344109535217,0,LAND_B,LAND_B,LAND_B,2.1270675659179688,2.1177191734313965,2.1194872856140137,0.19632886350154877,0.19240988790988922,0.18907584249973297,https://wandb.ai/ememchijioke-university-of-klagenfurt/marl-uav-mission-no-formation/runs/qgyhqyu7
2026-05-16T14:15:33.224759,429,3,16264.850053638462,1,3,0,2.0,0.15032576521237692,0.15518946945667267,0.11837963511546452,0.26781389117240906,0.012164111870030562,0,0.6023246049880981,0,LAND_B,LAND_B,LAND_B,2.1156632900238037,2.124087333679199,2.1150875091552734,0.1958281248807907,0.19319914281368256,0.18877246975898743,https://wandb.ai/ememchijioke-university-of-klagenfurt/marl-uav-mission-no-formation/runs/qgyhqyu7
2026-05-16T14:15:45.946673,430,3,16159.848705073024,1,3,0,2.0,0.15392519533634186,0.15723109245300293,0.12285814930995305,0.2710600793361664,0.013535304771115383,0,0.5928054451942444,0,LAND_B,LAND_B,LAND_B,2.1221415996551514,2.126474380493164,2.1193480491638184,0.19645221531391144,0.19315125048160553,0.1885043829679489,https://wandb.ai/ememchijioke-university-of-klagenfurt/marl-uav-mission-no-formation/runs/qgyhqyu7
2026-05-16T14:15:56.958205,431,3,16857.961466616063,1,3,0,2.0,0.15350975096225739,0.1586236208677292,0.12265035758415858,0.2682282229264577,0.011127722139159838,0,0.601168155670166,0,LAND_B,LAND_B,LAND_B,2.1265604496002197,2.1249547004699707,2.1157491207122803,0.19551067054271698,0.19334843754768372,0.18808405101299286,https://wandb.ai/ememchijioke-university-of-klagenfurt/marl-uav-mission-no-formation/runs/qgyhqyu7
2026-05-16T14:16:10.257741,432,3,16968.319354237196,1,3,0,2.0,0.15412192046642303,0.15585099160671234,0.1233396182457606,0.2668975293636322,0.007222996714214484,0,0.5952271819114685,0,LAND_B,LAND_B,LAND_B,2.123061418533325,2.1230146884918213,2.123436689376831,0.19556620717048645,0.1939612329006195,0.18759103119373322,https://wandb.ai/ememchijioke-university-of-klagenfurt/marl-uav-mission-no-formation/runs/qgyhqyu7
2026-05-16T14:16:22.504630,433,3,16491.205931254848,1,3,0,2.0,0.1505287985006968,0.15478692948818207,0.11858664453029633,0.2688261767228444,0.016601116086045902,0,0.6024088859558105,0,LAND_B,LAND_B,LAND_B,2.1146788597106934,2.123279571533203,2.1174819469451904,0.1953839212656021,0.1935521364212036,0.18904125690460205,https://wandb.ai/ememchijioke-university-of-klagenfurt/marl-uav-mission-no-formation/runs/qgyhqyu7
2026-05-16T14:16:35.067460,434,3,16167.634518734138,1,3,0,2.0,0.15609409908453623,0.16232366859912872,0.1253143474459648,0.26973182956377667,0.008180477345983187,0,0.6078684329986572,0,LAND_B,LAND_B,LAND_B,2.130251169204712,2.119830369949341,2.1252665519714355,0.1964806467294693,0.19473353028297424,0.18776674568653107,https://wandb.ai/ememchijioke-university-of-klagenfurt/marl-uav-mission-no-formation/runs/qgyhqyu7
2026-05-16T14:16:48.875126,435,3,16338.438567003726,1,3,0,2.0,0.15487554669380188,0.1629311740398407,0.12361386169989903,0.26989128192265827,0.015621813635031382,0,0.5987363457679749,0,LAND_B,LAND_B,LAND_B,2.130692958831787,2.1229770183563232,2.116853952407837,0.1972886174917221,0.19416002929210663,0.18845900893211365,https://wandb.ai/ememchijioke-university-of-klagenfurt/marl-uav-mission-no-formation/runs/qgyhqyu7
2026-05-16T14:17:01.983785,436,3,15757.136340482672,1,3,0,2.0,0.1521893342336019,0.1551901400089264,0.11997409413258235,0.26517292857170105,0.019328241236507893,0,0.596219003200531,0,LAND_B,LAND_B,LAND_B,2.120755672454834,2.1220133304595947,2.11645770072937,0.19741548597812653,0.19472822546958923,0.18870852887630463,https://wandb.ai/ememchijioke-university-of-klagenfurt/marl-uav-mission-no-formation/runs/qgyhqyu7
2026-05-16T14:17:15.257878,437,3,15725.36978637345,1,3,0,2.0,0.1524264713128408,0.15974412858486176,0.12028496464093526,0.26558292905489606,0.009318571692953507,0,0.5923609137535095,0,LAND_B,LAND_B,LAND_B,2.1267831325531006,2.123013734817505,2.110689401626587,0.19716446101665497,0.19449184834957123,0.18916694819927216,https://wandb.ai/ememchijioke-university-of-klagenfurt/marl-uav-mission-no-formation/runs/qgyhqyu7
2026-05-16T14:17:27.547100,438,3,16289.20872501464,1,3,0,2.0,0.14865894118944803,0.15347349643707275,0.11602834363778432,0.26974106828371686,0.017843367842336495,0,0.5930060148239136,0,LAND_B,LAND_B,LAND_B,2.119215965270996,2.11818790435791,2.110511064529419,0.196651428937912,0.194393128156662,0.18775342404842377,https://wandb.ai/ememchijioke-university-of-klagenfurt/marl-uav-mission-no-formation/runs/qgyhqyu7
2026-05-16T14:17:40.959580,439,3,16390.470961193587,1,3,0,2.0,0.1521626909573873,0.15645523369312286,0.12036225696404775,0.26819149653116864,0.013945338937143484,0,0.5984772443771362,0,LAND_B,LAND_B,LAND_B,2.122833251953125,2.123798370361328,2.1139605045318604,0.19681498408317566,0.19455990195274353,0.1878894418478012,https://wandb.ai/ememchijioke-university-of-klagenfurt/marl-uav-mission-no-formation/runs/qgyhqyu7
2026-05-16T14:17:54.305951,440,3,16805.508556278608,1,3,0,2.0,0.1515409747759501,0.15824180841445923,0.11977869023879369,0.26959370573361713,0.011591396604975065,0,0.591640830039978,0,LAND_B,LAND_B,LAND_B,2.1255791187286377,2.1143362522125244,2.119154691696167,0.19627645611763,0.19410161674022675,0.18795077502727509,https://wandb.ai/ememchijioke-university-of-klagenfurt/marl-uav-mission-no-formation/runs/qgyhqyu7
2026-05-16T14:18:07.028002,441,3,16896.12725587277,1,3,0,2.0,0.15414460996786752,0.15833020210266113,0.12305553257465363,0.27196282148361206,0.012804690438012281,0,0.5923814177513123,0,LAND_B,LAND_B,LAND_B,2.121746778488159,2.1274399757385254,2.11977219581604,0.19676433503627777,0.19395306706428528,0.18766146898269653,https://wandb.ai/ememchijioke-university-of-klagenfurt/marl-uav-mission-no-formation/runs/qgyhqyu7
2026-05-16T14:18:19.273551,442,3,15577.521552962535,1,3,0,2.0,0.1535401294628779,0.15733227133750916,0.12195821354786555,0.26831016937891644,0.014316200589140257,0,0.5998268127441406,0,LAND_B,LAND_B,LAND_B,2.1172869205474854,2.1254966259002686,2.122070550918579,0.19694995880126953,0.19440488517284393,0.18819773197174072,https://wandb.ai/ememchijioke-university-of-klagenfurt/marl-uav-mission-no-formation/runs/qgyhqyu7
2026-05-16T14:18:32.246332,443,3,17021.184922649125,1,3,0,2.0,0.15296182533105215,0.15845221281051636,0.1214215283592542,0.2690925896167755,0.012132040224969387,0,0.5949037671089172,0,LAND_B,LAND_B,LAND_B,2.1250014305114746,2.119939088821411,2.1190755367279053,0.19725081324577332,0.19366641342639923,0.18811573088169098,https://wandb.ai/ememchijioke-university-of-klagenfurt/marl-uav-mission-no-formation/runs/qgyhqyu7
2026-05-16T14:18:44.976687,444,3,16894.61072560313,1,3,0,2.0,0.15059350927670798,0.15714283287525177,0.11853208889563878,0.2672116259733836,0.01655754509071509,0,0.602707028388977,0,LAND_B,LAND_B,LAND_B,2.123710870742798,2.124221086502075,2.1070468425750732,0.1968730241060257,0.1940287947654724,0.18768884241580963,https://wandb.ai/ememchijioke-university-of-klagenfurt/marl-uav-mission-no-formation/runs/qgyhqyu7
2026-05-16T14:18:58.121211,445,3,16938.36990264196,1,3,0,2.0,0.15350834528605142,0.15459118783473969,0.12216901034116745,0.26688551902770996,0.016447228689988453,0,0.5991116762161255,0,LAND_B,LAND_B,LAND_B,2.120060920715332,2.1226017475128174,2.1236259937286377,0.19732436537742615,0.1932983249425888,0.1879756599664688,https://wandb.ai/ememchijioke-university-of-klagenfurt/marl-uav-mission-no-formation/runs/qgyhqyu7
2026-05-16T14:19:10.681956,446,3,16854.36012088827,1,3,0,2.0,0.1493172893921534,0.1593131124973297,0.11701183766126633,0.2701115012168884,0.01554755144752562,0,0.5894643068313599,0,LAND_B,LAND_B,LAND_B,2.1264047622680664,2.1094391345977783,2.11492657661438,0.1969505399465561,0.19310900568962097,0.1880107969045639,https://wandb.ai/ememchijioke-university-of-klagenfurt/marl-uav-mission-no-formation/runs/qgyhqyu7
2026-05-16T14:19:23.623869,447,3,16828.52410494446,1,3,0,2.0,0.1479785293340683,0.15393400192260742,0.11494528998931249,0.2684737741947174,0.015803555647532146,0,0.5986908674240112,0,LAND_B,LAND_B,LAND_B,2.118619441986084,2.111064910888672,2.1148407459259033,0.19794128835201263,0.19353242218494415,0.18797315657138824,https://wandb.ai/ememchijioke-university-of-klagenfurt/marl-uav-mission-no-formation/runs/qgyhqyu7
2026-05-16T14:19:35.662054,448,3,16361.284023776987,1,3,0,2.0,0.1532625158627828,0.16187919676303864,0.12141001224517822,0.26632121205329895,0.016341375187039375,0,0.6020907759666443,0,LAND_B,LAND_B,LAND_B,2.1291303634643555,2.125542640686035,2.1089723110198975,0.19758158922195435,0.19428114593029022,0.18864086270332336,https://wandb.ai/ememchijioke-university-of-klagenfurt/marl-uav-mission-no-formation/runs/qgyhqyu7
2026-05-16T14:19:48.733911,449,3,16856.28749361188,1,3,0,2.0,0.1504084368546804,0.15228097140789032,0.11832319448391597,0.2683269878228505,0.013744838225344816,0,0.5925048589706421,0,LAND_B,LAND_B,LAND_B,2.1168606281280518,2.119868755340576,2.1175429821014404,0.19757066667079926,0.1930186003446579,0.18779174983501434,https://wandb.ai/ememchijioke-university-of-klagenfurt/marl-uav-mission-no-formation/runs/qgyhqyu7
2026-05-16T14:20:01.032326,450,3,16941.050379975983,1,3,0,2.0,0.1487845480442047,0.15476344525814056,0.11595857640107472,0.26715995868047077,0.02689900187154611,0,0.5994821190834045,0,LAND_B,LAND_B,LAND_B,2.116166591644287,2.1229937076568604,2.108090877532959,0.1976914405822754,0.1937592774629593,0.18807317316532135,https://wandb.ai/ememchijioke-university-of-klagenfurt/marl-uav-mission-no-formation/runs/qgyhqyu7
2026-05-16T14:20:12.574529,451,3,16268.60577800524,1,3,0,2.0,0.1538542260726293,0.1627442091703415,0.12215591222047806,0.26857027411460876,0.01374644914176315,0,0.5951861143112183,0,LAND_B,LAND_B,LAND_B,2.129918098449707,2.1180620193481445,2.118408441543579,0.1979764997959137,0.1936597228050232,0.1889183521270752,https://wandb.ai/ememchijioke-university-of-klagenfurt/marl-uav-mission-no-formation/runs/qgyhqyu7
2026-05-16T14:20:24.101667,452,3,16111.386068380889,1,3,0,2.0,0.15581671396891275,0.1581336110830307,0.12462601065635681,0.2687848011652629,0.014223686729868254,0,0.603643000125885,0,LAND_B,LAND_B,LAND_B,2.1241846084594727,2.1266520023345947,2.1224071979522705,0.19769549369812012,0.19430415332317352,0.18846574425697327,https://wandb.ai/ememchijioke-university-of-klagenfurt/marl-uav-mission-no-formation/runs/qgyhqyu7
2026-05-16T14:20:35.952736,453,3,16194.908533159503,1,3,0,2.0,0.1534244269132614,0.16237545013427734,0.12158987671136856,0.2683572769165039,0.020234534206489723,0,0.5977790355682373,0,LAND_B,LAND_B,LAND_B,2.129380464553833,2.119556188583374,2.1142566204071045,0.19781804084777832,0.19371001422405243,0.18915493786334991,https://wandb.ai/ememchijioke-university-of-klagenfurt/marl-uav-mission-no-formation/runs/qgyhqyu7
2026-05-16T14:20:48.168690,454,3,16163.422264851979,1,3,0,2.0,0.15015405416488647,0.15935257077217102,0.11739964534838994,0.270156850417455,0.012809950392693281,0,0.6044636964797974,0,LAND_B,LAND_B,LAND_B,2.1260950565338135,2.1112172603607178,2.11427903175354,0.19743230938911438,0.19354571402072906,0.18974603712558746,https://wandb.ai/ememchijioke-university-of-klagenfurt/marl-uav-mission-no-formation/runs/qgyhqyu7
2026-05-16T14:21:01.251111,455,3,16297.028570944498,1,3,0,2.0,0.15056259433428446,0.15666258335113525,0.11769123375415802,0.2669817606608073,0.01312293050189813,0,0.5846958160400391,0,LAND_B,LAND_B,LAND_B,2.122499942779541,2.117309093475342,2.112712860107422,0.19765642285346985,0.19365708529949188,0.1903962939977646,https://wandb.ai/ememchijioke-university-of-klagenfurt/marl-uav-mission-no-formation/runs/qgyhqyu7
2026-05-16T14:21:13.500256,456,3,16226.745988882029,1,3,0,2.0,0.15582666297753653,0.16402707993984222,0.12452653298775355,0.2673473258813222,0.013063006103038788,0,0.6052692532539368,0,LAND_B,LAND_B,LAND_B,2.1321702003479004,2.1259796619415283,2.1146206855773926,0.1970764547586441,0.19346801936626434,0.19040599465370178,https://wandb.ai/ememchijioke-university-of-klagenfurt/marl-uav-mission-no-formation/runs/qgyhqyu7
2026-05-16T14:21:25.732191,457,3,16160.081572757477,1,3,0,2.0,0.15643933912118277,0.1664915680885315,0.125609889626503,0.26644132534662884,0.015446231700479984,0,0.5888052582740784,0,LAND_B,LAND_B,LAND_B,2.135033130645752,2.122072696685791,2.119295358657837,0.19735772907733917,0.19321516156196594,0.18912768363952637,https://wandb.ai/ememchijioke-university-of-klagenfurt/marl-uav-mission-no-formation/runs/qgyhqyu7
2026-05-16T14:21:38.748504,458,3,16875.07988193816,1,3,0,2.0,0.1515633463859558,0.1570102721452713,0.1195837731162707,0.2677099406719208,0.01228703884407878,0,0.5986226797103882,0,LAND_B,LAND_B,LAND_B,2.1226966381073,2.122246503829956,2.1125385761260986,0.19775131344795227,0.19365084171295166,0.1879318505525589,https://wandb.ai/ememchijioke-university-of-klagenfurt/marl-uav-mission-no-formation/runs/qgyhqyu7
2026-05-16T14:21:51.378028,459,3,16382.832487793024,1,3,0,2.0,0.15091893573602042,0.16151778399944305,0.1186725323398908,0.26492370168368023,0.00999189525221785,0,0.5983617305755615,0,LAND_B,LAND_B,LAND_B,2.128572940826416,2.1177241802215576,2.108668565750122,0.19775846600532532,0.19348672032356262,0.18841013312339783,https://wandb.ai/ememchijioke-university-of-klagenfurt/marl-uav-mission-no-formation/runs/qgyhqyu7
2026-05-16T14:22:04.195379,460,3,16849.942798931632,1,3,0,2.0,0.14881494641304016,0.1521720588207245,0.11678556849559148,0.2701374590396881,0.012520612527926763,0,0.589374303817749,0,LAND_B,LAND_B,LAND_B,2.115931749343872,2.119744300842285,2.1135690212249756,0.19697774946689606,0.19260457158088684,0.18696948885917664,https://wandb.ai/ememchijioke-university-of-klagenfurt/marl-uav-mission-no-formation/runs/qgyhqyu7
2026-05-16T14:22:16.607692,461,3,16989.54665410427,1,3,0,2.0,0.14977483451366425,0.15488500893115997,0.11808766921361287,0.2711736857891083,0.012804569521298012,0,0.5964018702507019,0,LAND_B,LAND_B,LAND_B,2.1207082271575928,2.1162009239196777,2.1169652938842773,0.19687780737876892,0.19185656309127808,0.18758022785186768,https://wandb.ai/ememchijioke-university-of-klagenfurt/marl-uav-mission-no-formation/runs/qgyhqyu7
2026-05-16T14:22:29.563912,462,3,16858.271571330773,1,3,0,2.0,0.15138130883375803,0.15836896002292633,0.12019095818201701,0.2699534396330516,0.009188553939263025,0,0.6000122427940369,0,LAND_B,LAND_B,LAND_B,2.1255531311035156,2.117368698120117,2.117443323135376,0.1964493840932846,0.19230584800243378,0.18730436265468597,https://wandb.ai/ememchijioke-university-of-klagenfurt/marl-uav-mission-no-formation/runs/qgyhqyu7
2026-05-16T14:22:42.406055,463,3,16770.442767299362,1,3,0,2.0,0.1530119627714157,0.15433338284492493,0.1221487323443095,0.2674361765384674,0.01512654156734546,0,0.5876535177230835,0,LAND_B,LAND_B,LAND_B,2.119150400161743,2.1238059997558594,2.1231184005737305,0.19657458364963531,0.19206394255161285,0.1875741332769394,https://wandb.ai/ememchijioke-university-of-klagenfurt/marl-uav-mission-no-formation/runs/qgyhqyu7
2026-05-16T14:22:55.451199,464,3,16806.64836360477,1,3,0,2.0,0.1518563578526179,0.16276118159294128,0.12070830911397934,0.2658608357111613,0.007622801892769833,0,0.606322169303894,0,LAND_B,LAND_B,LAND_B,2.130784034729004,2.1151201725006104,2.115225076675415,0.1968015879392624,0.19264930486679077,0.18685491383075714,https://wandb.ai/ememchijioke-university-of-klagenfurt/marl-uav-mission-no-formation/runs/qgyhqyu7
2026-05-16T14:23:07.942371,465,3,16836.70484407782,1,3,0,2.0,0.15321962535381317,0.16071148216724396,0.12232680122057597,0.269253134727478,0.012324477235476175,0,0.6026217341423035,0,LAND_B,LAND_B,LAND_B,2.127807378768921,2.122678518295288,2.115938425064087,0.19742335379123688,0.1923607885837555,0.18699778616428375,https://wandb.ai/ememchijioke-university-of-klagenfurt/marl-uav-mission-no-formation/runs/qgyhqyu7
2026-05-16T14:23:20.522175,466,3,16928.3100608748,1,3,0,2.0,0.14964629709720612,0.15916837751865387,0.11769084135691325,0.2691901922225952,0.010782896230618158,0,0.5981206893920898,0,LAND_B,LAND_B,LAND_B,2.1263866424560547,2.116914749145508,2.108985662460327,0.19673368334770203,0.19324591755867004,0.18727239966392517,https://wandb.ai/ememchijioke-university-of-klagenfurt/marl-uav-mission-no-formation/runs/qgyhqyu7
2026-05-16T14:23:33.012928,467,3,16841.53535942885,1,3,0,2.0,0.1512662669022878,0.15384718775749207,0.11962426950534184,0.2677598496278127,0.019785642623901367,0,0.6009001731872559,0,LAND_B,LAND_B,LAND_B,2.1162800788879395,2.1224443912506104,2.1190195083618164,0.19697505235671997,0.19292137026786804,0.18758685886859894,https://wandb.ai/ememchijioke-university-of-klagenfurt/marl-uav-mission-no-formation/runs/qgyhqyu7
2026-05-16T14:23:45.411052,468,3,16759.742932003217,1,3,0,2.0,0.1567510316769282,0.16240228712558746,0.12669053673744202,0.2681099474430084,0.016658073756843805,0,0.5918008089065552,0,LAND_B,LAND_B,LAND_B,2.1301281452178955,2.1248409748077393,2.124100923538208,0.1971554011106491,0.19220495223999023,0.18750396370887756,https://wandb.ai/ememchijioke-university-of-klagenfurt/marl-uav-mission-no-formation/runs/qgyhqyu7
2026-05-16T14:23:58.377813,469,3,17002.848760287423,1,3,0,2.0,0.15017092724641165,0.1577678620815277,0.1186568836371104,0.267368624607722,0.00476855425707375,0,0.6032679677009583,0,LAND_B,LAND_B,LAND_B,2.12457013130188,2.1177587509155273,2.112499475479126,0.19672396779060364,0.19228775799274445,0.18711306154727936,https://wandb.ai/ememchijioke-university-of-klagenfurt/marl-uav-mission-no-formation/runs/qgyhqyu7
2026-05-16T14:24:10.592050,470,3,17032.701985086245,1,3,0,2.0,0.15106273194154105,0.16243135929107666,0.11961069206396739,0.2683655619621277,0.01344705761099855,0,0.5996586680412292,0,LAND_B,LAND_B,LAND_B,2.1298956871032715,2.1190133094787598,2.109656810760498,0.19746819138526917,0.19232726097106934,0.18696264922618866,https://wandb.ai/ememchijioke-university-of-klagenfurt/marl-uav-mission-no-formation/runs/qgyhqyu7
2026-05-16T14:24:22.579532,471,3,16908.176018320897,1,3,0,2.0,0.15304882327715555,0.16370512545108795,0.12223768482605617,0.26881388823191327,0.017712673172354698,0,0.5947990417480469,0,LAND_B,LAND_B,LAND_B,2.1318559646606445,2.1259634494781494,2.1082119941711426,0.1967935860157013,0.1922619789838791,0.18706941604614258,https://wandb.ai/ememchijioke-university-of-klagenfurt/marl-uav-mission-no-formation/runs/qgyhqyu7
2026-05-16T14:24:34.600691,472,3,16834.011917721105,1,3,0,2.0,0.15126563608646393,0.15447962284088135,0.11995583772659302,0.2660466432571411,0.009777894554038843,0,0.5955866575241089,0,LAND_B,LAND_B,LAND_B,2.120201349258423,2.1178882122039795,2.1214561462402344,0.19694069027900696,0.1926882565021515,0.18657547235488892,https://wandb.ai/ememchijioke-university-of-klagenfurt/marl-uav-mission-no-formation/runs/qgyhqyu7
2026-05-16T14:24:47.573858,473,3,17074.038138127977,1,3,0,2.0,0.14780617753664652,0.15373681485652924,0.11560611426830292,0.26610363523165387,0.014608316123485565,0,0.602185070514679,0,LAND_B,LAND_B,LAND_B,2.119004011154175,2.11765193939209,2.109412431716919,0.19727134704589844,0.19184789061546326,0.18713872134685516,https://wandb.ai/ememchijioke-university-of-klagenfurt/marl-uav-mission-no-formation/runs/qgyhqyu7
2026-05-16T14:25:00.714414,474,3,16883.603294167973,1,3,0,2.0,0.1499756077925364,0.15673387050628662,0.11865407228469849,0.2717766265074412,0.014100768913825354,0,0.5918095111846924,0,LAND_B,LAND_B,LAND_B,2.1233389377593994,2.1222710609436035,2.1101126670837402,0.19659776985645294,0.19147291779518127,0.1870608627796173,https://wandb.ai/ememchijioke-university-of-klagenfurt/marl-uav-mission-no-formation/runs/qgyhqyu7
2026-05-16T14:25:13.196383,475,3,16847.731941074373,1,3,0,2.0,0.15156360467274985,0.16408254206180573,0.12036028504371643,0.2668968637784322,0.012320637314890822,0,0.5935431122779846,0,LAND_B,LAND_B,LAND_B,2.132150411605835,2.113630533218384,2.1151437759399414,0.19720721244812012,0.19193974137306213,0.18705369532108307,https://wandb.ai/ememchijioke-university-of-klagenfurt/marl-uav-mission-no-formation/runs/qgyhqyu7
2026-05-16T14:25:26.431654,476,3,16990.896305825678,1,3,0,2.0,0.14933800200621286,0.15491969883441925,0.11744799713293712,0.2679201662540436,0.018792410691579182,0,0.5952128171920776,0,LAND_B,LAND_B,LAND_B,2.120035409927368,2.114564895629883,2.117565393447876,0.1978106051683426,0.19170686602592468,0.1870521754026413,https://wandb.ai/ememchijioke-university-of-klagenfurt/marl-uav-mission-no-formation/runs/qgyhqyu7
2026-05-16T14:25:39.839116,477,3,17227.428220777863,1,3,0,2.0,0.15202636023362479,0.15977194905281067,0.12091796348492305,0.2697409192721049,0.010851460043340921,0,0.5971859097480774,0,LAND_B,LAND_B,LAND_B,2.1265087127685547,2.1184048652648926,2.1169586181640625,0.19722670316696167,0.19147175550460815,0.187726229429245,https://wandb.ai/ememchijioke-university-of-klagenfurt/marl-uav-mission-no-formation/runs/qgyhqyu7
2026-05-16T14:25:52.863937,478,3,16924.241352125464,1,3,0,2.0,0.15331570307413736,0.1586524397134781,0.12246408065160115,0.2674246331055959,0.015245649497956038,0,0.5950505137443542,0,LAND_B,LAND_B,LAND_B,2.1253604888916016,2.1192994117736816,2.122494697570801,0.19721809029579163,0.19208623468875885,0.18728749454021454,https://wandb.ai/ememchijioke-university-of-klagenfurt/marl-uav-mission-no-formation/runs/qgyhqyu7
2026-05-16T14:26:05.954036,479,3,16789.45220875582,1,3,0,2.0,0.15123067796230316,0.15755973756313324,0.11975141863028209,0.26962490876515705,0.012643688668807348,0,0.5985677242279053,0,LAND_B,LAND_B,LAND_B,2.12372088432312,2.1232049465179443,2.112240791320801,0.19750824570655823,0.1920257955789566,0.18749770522117615,https://wandb.ai/ememchijioke-university-of-klagenfurt/marl-uav-mission-no-formation/runs/qgyhqyu7
2026-05-16T14:26:19.122988,480,3,17099.077305817722,1,3,0,2.0,0.14908460776011148,0.15550759434700012,0.11685691028833389,0.2698175311088562,0.008931592805311084,0,0.5978674292564392,0,LAND_B,LAND_B,LAND_B,2.1212384700775146,2.1234848499298096,2.105834722518921,0.1973850280046463,0.1924903839826584,0.18770772218704224,https://wandb.ai/ememchijioke-university-of-klagenfurt/marl-uav-mission-no-formation/runs/qgyhqyu7
2026-05-16T14:26:32.926773,481,3,16962.083747995206,1,3,0,2.0,0.1490392635265986,0.160212904214859,0.11684208363294601,0.2681921720504761,0.017875438866515953,0,0.5959354639053345,0,LAND_B,LAND_B,LAND_B,2.1268560886383057,2.1140387058258057,2.1087887287139893,0.1978325992822647,0.1921709030866623,0.18753433227539062,https://wandb.ai/ememchijioke-university-of-klagenfurt/marl-uav-mission-no-formation/runs/qgyhqyu7
2026-05-16T14:26:45.536096,482,3,16294.438251668449,1,3,0,2.0,0.15438049534956613,0.16058854758739471,0.1231859102845192,0.26904646555582684,0.01260081430276235,0,0.6099965572357178,0,LAND_B,LAND_B,LAND_B,2.1270835399627686,2.120682716369629,2.1209428310394287,0.19769443571567535,0.19308771193027496,0.1883118897676468,https://wandb.ai/ememchijioke-university-of-klagenfurt/marl-uav-mission-no-formation/runs/qgyhqyu7
2026-05-16T14:26:58.808353,483,3,16941.273950633877,1,3,0,2.0,0.1493592510620753,0.16425767540931702,0.11735273897647858,0.26634811361630756,0.009193474582086006,0,0.5883328914642334,0,LAND_B,LAND_B,LAND_B,2.131715774536133,2.111921787261963,2.1073923110961914,0.19756487011909485,0.19215933978557587,0.1872582733631134,https://wandb.ai/ememchijioke-university-of-klagenfurt/marl-uav-mission-no-formation/runs/qgyhqyu7
2026-05-16T14:27:11.045859,484,3,16749.167662632575,1,3,0,2.0,0.15389985342820486,0.15887945890426636,0.12310841679573059,0.27002954483032227,0.01496441476047039,0,0.5953556895256042,0,LAND_B,LAND_B,LAND_B,2.125542163848877,2.119732618331909,2.1236815452575684,0.19726833701133728,0.19220945239067078,0.187427818775177,https://wandb.ai/ememchijioke-university-of-klagenfurt/marl-uav-mission-no-formation/runs/qgyhqyu7
2026-05-16T14:27:24.517541,485,3,16986.06755193193,1,3,0,2.0,0.1539057344198227,0.16151432693004608,0.12324035167694092,0.2685079574584961,0.01984805924197038,0,0.5924251675605774,0,LAND_B,LAND_B,LAND_B,2.128690481185913,2.118195056915283,2.1220924854278564,0.19758623838424683,0.19184422492980957,0.18703141808509827,https://wandb.ai/ememchijioke-university-of-klagenfurt/marl-uav-mission-no-formation/runs/qgyhqyu7
2026-05-16T14:27:37.690402,486,3,16802.394453072448,1,3,0,2.0,0.14936082561810812,0.15976671874523163,0.1174690028031667,0.2684700091679891,0.01763265486806631,0,0.5945888161659241,0,LAND_B,LAND_B,LAND_B,2.126703977584839,2.1100428104400635,2.115241765975952,0.1972411870956421,0.19214309751987457,0.18718448281288147,https://wandb.ai/ememchijioke-university-of-klagenfurt/marl-uav-mission-no-formation/runs/qgyhqyu7
2026-05-16T14:27:50.298953,487,3,16928.085885633005,1,3,0,2.0,0.15090329945087433,0.16023781895637512,0.11946698774894078,0.2679588993390401,0.011843457662810883,0,0.5993365049362183,0,LAND_B,LAND_B,LAND_B,2.1273672580718994,2.1171517372131348,2.1131253242492676,0.19703350961208344,0.1923709660768509,0.18715623021125793,https://wandb.ai/ememchijioke-university-of-klagenfurt/marl-uav-mission-no-formation/runs/qgyhqyu7
2026-05-16T14:28:01.978757,488,3,16779.512093378882,1,3,0,2.0,0.15480713546276093,0.16184492409229279,0.12459086378415425,0.2669045031070709,0.009802033426240087,0,0.6056810021400452,0,LAND_B,LAND_B,LAND_B,2.1295855045318604,2.1223373413085938,2.1215882301330566,0.19674621522426605,0.192101389169693,0.1867503821849823,https://wandb.ai/ememchijioke-university-of-klagenfurt/marl-uav-mission-no-formation/runs/qgyhqyu7
2026-05-16T14:28:14.743727,489,3,16799.25596809453,1,3,0,2.0,0.1496188243230184,0.1537160575389862,0.1181443880001704,0.26803451776504517,0.020908092459042866,0,0.590131402015686,0,LAND_B,LAND_B,LAND_B,2.119605779647827,2.1151561737060547,2.1188769340515137,0.196448415517807,0.19196979701519012,0.18682996928691864,https://wandb.ai/ememchijioke-university-of-klagenfurt/marl-uav-mission-no-formation/runs/qgyhqyu7
2026-05-16T14:28:26.745140,490,3,17085.242205682716,1,3,0,2.0,0.14896256724993387,0.1538219302892685,0.11711724599202473,0.2678476870059967,0.008956274949014187,0,0.6022226214408875,0,LAND_B,LAND_B,LAND_B,2.11968994140625,2.119188070297241,2.1122243404388428,0.1966153085231781,0.19214709103107452,0.1873580664396286,https://wandb.ai/ememchijioke-university-of-klagenfurt/marl-uav-mission-no-formation/runs/qgyhqyu7
2026-05-16T14:28:39.333299,491,3,16886.64418196013,1,3,0,2.0,0.15349321564038595,0.15966051816940308,0.12303663541873296,0.2696765760580699,0.01561669260263443,0,0.591082751750946,0,LAND_B,LAND_B,LAND_B,2.127224922180176,2.124687433242798,2.1166059970855713,0.19616518914699554,0.19179435074329376,0.1873481273651123,https://wandb.ai/ememchijioke-university-of-klagenfurt/marl-uav-mission-no-formation/runs/qgyhqyu7
2026-05-16T14:28:51.827684,492,3,16944.32481696234,1,3,0,2.0,0.14806261161963144,0.15494418144226074,0.11608759810527165,0.2668692469596863,0.023015049907068413,0,0.5941311120986938,0,LAND_B,LAND_B,LAND_B,2.121213674545288,2.11306095123291,2.1135737895965576,0.19606688618659973,0.19234420359134674,0.18724729120731354,https://wandb.ai/ememchijioke-university-of-klagenfurt/marl-uav-mission-no-formation/runs/qgyhqyu7
2026-05-16T14:29:04.510334,493,3,16891.38461217231,1,3,0,2.0,0.1527032107114792,0.16172271966934204,0.12191208203633626,0.2690577606360118,0.012215422776838144,0,0.6027819514274597,0,LAND_B,LAND_B,LAND_B,2.130167007446289,2.1213133335113525,2.1140477657318115,0.19597075879573822,0.19210469722747803,0.18776284158229828,https://wandb.ai/ememchijioke-university-of-klagenfurt/marl-uav-mission-no-formation/runs/qgyhqyu7
2026-05-16T14:29:16.475713,494,3,16794.21522616999,1,3,0,2.0,0.14990732570489249,0.15643416345119476,0.11813537776470184,0.26711877187093097,0.012766589255382618,0,0.5902864933013916,0,LAND_B,LAND_B,LAND_B,2.1229705810546875,2.111759662628174,2.119454860687256,0.19668056070804596,0.19220125675201416,0.18778063356876373,https://wandb.ai/ememchijioke-university-of-klagenfurt/marl-uav-mission-no-formation/runs/qgyhqyu7
2026-05-16T14:29:27.801280,495,3,16792.13706515865,1,3,0,2.0,0.15217708547910055,0.1605416238307953,0.12098412215709686,0.2659100790818532,0.014457831780115763,0,0.5974709987640381,0,LAND_B,LAND_B,LAND_B,2.1285109519958496,2.113124370574951,2.1211748123168945,0.19621238112449646,0.1926719695329666,0.18781179189682007,https://wandb.ai/ememchijioke-university-of-klagenfurt/marl-uav-mission-no-formation/runs/qgyhqyu7
2026-05-16T14:29:39.252483,496,3,16251.816133957338,1,3,0,2.0,0.1521957516670227,0.1559886932373047,0.12111387153466542,0.26962242523829144,0.007236607392163326,0,0.5924875140190125,0,LAND_B,LAND_B,LAND_B,2.1228766441345215,2.1170263290405273,2.1228158473968506,0.1959817111492157,0.19216181337833405,0.18821938335895538,https://wandb.ai/ememchijioke-university-of-klagenfurt/marl-uav-mission-no-formation/runs/qgyhqyu7
2026-05-16T14:29:51.039857,497,3,16830.61072879975,1,3,0,2.0,0.1515579173962275,0.15757282078266144,0.12031182646751404,0.2691384057203929,0.019115915521979332,0,0.5907937288284302,0,LAND_B,LAND_B,LAND_B,2.1244025230407715,2.1125009059906006,2.123541831970215,0.19613102078437805,0.192527636885643,0.18752583861351013,https://wandb.ai/ememchijioke-university-of-klagenfurt/marl-uav-mission-no-formation/runs/qgyhqyu7
2026-05-16T14:30:03.440534,498,3,16969.71521157455,1,3,0,2.0,0.15000701944033304,0.1558607965707779,0.11830245206753413,0.26954323053359985,0.01784253182510535,0,0.6055135130882263,0,LAND_B,LAND_B,LAND_B,2.1193809509277344,2.1251699924468994,2.109469413757324,0.19639955461025238,0.19266019761562347,0.18750718235969543,https://wandb.ai/ememchijioke-university-of-klagenfurt/marl-uav-mission-no-formation/runs/qgyhqyu7
2026-05-16T14:30:16.582308,499,3,16845.207940102235,1,3,0,2.0,0.151374081770579,0.1577168107032776,0.12004488209883372,0.26772843798001605,0.0181627261141936,0,0.5959343910217285,0,LAND_B,LAND_B,LAND_B,2.1244375705718994,2.114515781402588,2.120270013809204,0.19679437577724457,0.19252295792102814,0.18715865910053253,https://wandb.ai/ememchijioke-university-of-klagenfurt/marl-uav-mission-no-formation/runs/qgyhqyu7
2026-05-16T14:30:29.454426,500,3,16912.488303963535,1,3,0,2.0,0.15253051618734995,0.1596333235502243,0.12127677351236343,0.2671573956807454,0.007692695634129147,0,0.5968537330627441,0,LAND_B,LAND_B,LAND_B,2.126664161682129,2.123548984527588,2.1134021282196045,0.19705525040626526,0.19306084513664246,0.18739549815654755,https://wandb.ai/ememchijioke-university-of-klagenfurt/marl-uav-mission-no-formation/runs/qgyhqyu7
2026-05-16T14:30:41.828152,501,3,16902.629396806045,1,3,0,2.0,0.15500753124554953,0.1604383885860443,0.12441947807868321,0.26986896991729736,0.018302539673944313,0,0.5977701544761658,0,LAND_B,LAND_B,LAND_B,2.127899169921875,2.121727228164673,2.123091220855713,0.19685916602611542,0.1926606446504593,0.18774458765983582,https://wandb.ai/ememchijioke-university-of-klagenfurt/marl-uav-mission-no-formation/runs/qgyhqyu7
2026-05-16T14:30:54.342698,502,3,16863.2819699708,1,3,0,2.0,0.15214774509270987,0.16153064370155334,0.12080132216215134,0.2702558934688568,0.010701497085392475,0,0.5930397510528564,0,LAND_B,LAND_B,LAND_B,2.129394292831421,2.1165688037872314,2.1162757873535156,0.19653716683387756,0.1928231120109558,0.1880655586719513,https://wandb.ai/ememchijioke-university-of-klagenfurt/marl-uav-mission-no-formation/runs/qgyhqyu7
2026-05-16T14:31:05.901916,503,3,16814.488825801473,1,3,0,2.0,0.1525870015223821,0.15378247201442719,0.12121585508187611,0.26864572366078693,0.01228424021974206,0,0.592325747013092,0,LAND_B,LAND_B,LAND_B,2.1196177005767822,2.1212456226348877,2.1224617958068848,0.19654496014118195,0.19353364408016205,0.1877543330192566,https://wandb.ai/ememchijioke-university-of-klagenfurt/marl-uav-mission-no-formation/runs/qgyhqyu7
2026-05-16T14:31:18.251764,504,3,16774.249555948965,1,3,0,2.0,0.15371017654736838,0.15995965898036957,0.12309134751558304,0.2697302798430125,0.02128216593215863,0,0.6014571189880371,0,LAND_B,LAND_B,LAND_B,2.1280922889709473,2.119293689727783,2.1213250160217285,0.1958070993423462,0.19294729828834534,0.18732957541942596,https://wandb.ai/ememchijioke-university-of-klagenfurt/marl-uav-mission-no-formation/runs/qgyhqyu7
2026-05-16T14:31:29.780774,505,3,16901.282374488324,1,3,0,2.0,0.1504531999429067,0.15571604669094086,0.11893163869778316,0.26801666617393494,0.012424269535889229,0,0.5961090922355652,0,LAND_B,LAND_B,LAND_B,2.122393846511841,2.118128776550293,2.1155622005462646,0.1962522566318512,0.19278587400913239,0.18738073110580444,https://wandb.ai/ememchijioke-university-of-klagenfurt/marl-uav-mission-no-formation/runs/qgyhqyu7
2026-05-16T14:31:41.148235,506,3,16912.055305431702,1,3,0,2.0,0.1517795075972875,0.1649828553199768,0.12070850034554799,0.2669852276643117,0.014923203270882368,0,0.5886109471321106,0,LAND_B,LAND_B,LAND_B,2.1345314979553223,2.1195309162139893,2.1075809001922607,0.19548895955085754,0.19256572425365448,0.1877017766237259,https://wandb.ai/ememchijioke-university-of-klagenfurt/marl-uav-mission-no-formation/runs/qgyhqyu7
2026-05-16T14:31:52.242192,507,3,16813.64889673349,1,3,0,2.0,0.14787642657756805,0.15031544864177704,0.11561120301485062,0.2689755856990814,0.019078134869535763,0,0.5930361151695251,0,LAND_B,LAND_B,LAND_B,2.1157617568969727,2.1151678562164307,2.115176200866699,0.19583193957805634,0.19265715777873993,0.18803027272224426,https://wandb.ai/ememchijioke-university-of-klagenfurt/marl-uav-mission-no-formation/runs/qgyhqyu7
2026-05-16T14:32:04.923875,508,3,16779.443499844056,1,3,0,2.0,0.1533414969841639,0.15608708560466766,0.12263639519611995,0.2660667598247528,0.012512134698530039,0,0.6010786294937134,0,LAND_B,LAND_B,LAND_B,2.1233370304107666,2.1248250007629395,2.1194446086883545,0.1954313963651657,0.19288286566734314,0.18780723214149475,https://wandb.ai/ememchijioke-university-of-klagenfurt/marl-uav-mission-no-formation/runs/qgyhqyu7
2026-05-16T14:32:17.893898,509,3,15647.961617767554,1,3,0,2.0,0.15714193880558014,0.1644717901945114,0.12372419734795888,0.2845929265022278,0.013581779009352127,0,0.5978094935417175,0,LAND_B,LAND_B,LAND_B,2.1306064128875732,2.1266465187072754,2.113903284072876,0.19996294379234314,0.19749441742897034,0.19310811161994934,https://wandb.ai/ememchijioke-university-of-klagenfurt/marl-uav-mission-no-formation/runs/qgyhqyu7
2026-05-16T14:32:29.341931,510,3,16875.0139696813,1,3,0,2.0,0.1503112018108368,0.1553664654493332,0.1192190299431483,0.2696509162584941,0.01409634854644537,0,0.5859258770942688,0,LAND_B,LAND_B,LAND_B,2.1211819648742676,2.124606132507324,2.111100196838379,0.19495083391666412,0.19191090762615204,0.18767765164375305,https://wandb.ai/ememchijioke-university-of-klagenfurt/marl-uav-mission-no-formation/runs/qgyhqyu7
2026-05-16T14:32:42.717438,511,3,16841.63345846694,1,3,0,2.0,0.14844050506750742,0.15175527334213257,0.11655676364898682,0.27185632785161334,0.014831330627202988,0,0.5991345047950745,0,LAND_B,LAND_B,LAND_B,2.1177010536193848,2.119608163833618,2.1116085052490234,0.1957056075334549,0.19253459572792053,0.18747417628765106,https://wandb.ai/ememchijioke-university-of-klagenfurt/marl-uav-mission-no-formation/runs/qgyhqyu7
2026-05-16T14:32:53.274937,512,3,16955.27516584999,1,3,0,2.0,0.1502679487069448,0.15500205755233765,0.11876263469457626,0.2696070671081543,0.019221706315875053,0,0.5919876098632812,0,LAND_B,LAND_B,LAND_B,2.121917247772217,2.118180751800537,2.1156914234161377,0.19557517766952515,0.1931222528219223,0.18746398389339447,https://wandb.ai/ememchijioke-university-of-klagenfurt/marl-uav-mission-no-formation/runs/qgyhqyu7
2026-05-16T14:33:05.524484,513,3,16874.444301485946,1,3,0,2.0,0.1488583634297053,0.15394355356693268,0.11702138930559158,0.2690003712972005,0.01071974914520979,0,0.6041635870933533,0,LAND_B,LAND_B,LAND_B,2.120440721511841,2.117443561553955,2.112230062484741,0.19587013125419617,0.19285191595554352,0.18727704882621765,https://wandb.ai/ememchijioke-university-of-klagenfurt/marl-uav-mission-no-formation/runs/qgyhqyu7
2026-05-16T14:33:16.434821,514,3,16811.627089981903,1,3,0,2.0,0.15588083863258362,0.15929949283599854,0.12566993882258734,0.2668660879135132,0.02063212590292096,0,0.6000315546989441,0,LAND_B,LAND_B,LAND_B,2.126924991607666,2.1240999698638916,2.1251513957977295,0.19610324501991272,0.19239410758018494,0.18808846175670624,https://wandb.ai/ememchijioke-university-of-klagenfurt/marl-uav-mission-no-formation/runs/qgyhqyu7
2026-05-16T14:33:28.635360,515,3,16783.370345568044,1,3,0,2.0,0.1507178544998169,0.15547087788581848,0.11918681859970093,0.26782896121342975,0.010099312911430994,0,0.6005571484565735,0,LAND_B,LAND_B,LAND_B,2.1223371028900146,2.117914915084839,2.1170079708099365,0.19593437016010284,0.19298584759235382,0.18778830766677856,https://wandb.ai/ememchijioke-university-of-klagenfurt/marl-uav-mission-no-formation/runs/qgyhqyu7
2026-05-16T14:33:41.064215,516,3,16852.64034460161,1,3,0,2.0,0.15139263371626535,0.1538093090057373,0.11961127817630768,0.26884974042574566,0.015012420403460661,0,0.5975843071937561,0,LAND_B,LAND_B,LAND_B,2.1196937561035156,2.1150922775268555,2.1237599849700928,0.19625601172447205,0.1936405748128891,0.1882173717021942,https://wandb.ai/ememchijioke-university-of-klagenfurt/marl-uav-mission-no-formation/runs/qgyhqyu7
2026-05-16T14:33:52.826523,517,3,16830.961031934028,1,3,0,2.0,0.15257431070009866,0.16204996407032013,0.12117078403631847,0.2682231863339742,0.016889118899901707,0,0.5947960615158081,0,LAND_B,LAND_B,LAND_B,2.1300034523010254,2.1218488216400146,2.110968589782715,0.19673606753349304,0.19371841847896576,0.18764925003051758,https://wandb.ai/ememchijioke-university-of-klagenfurt/marl-uav-mission-no-formation/runs/qgyhqyu7
2026-05-16T14:34:05.930288,518,3,16877.40408500799,1,3,0,2.0,0.15128831565380096,0.15503714978694916,0.11952116092046101,0.26886799931526184,0.021142374724149704,0,0.5896093249320984,0,LAND_B,LAND_B,LAND_B,2.120828151702881,2.1219253540039062,2.1155354976654053,0.19690977036952972,0.19352689385414124,0.18777136504650116,https://wandb.ai/ememchijioke-university-of-klagenfurt/marl-uav-mission-no-formation/runs/qgyhqyu7
2026-05-16T14:34:18.919244,519,3,16826.787775904308,1,3,0,2.0,0.15387069682280222,0.15881571173667908,0.12300574779510498,0.2699047525723775,0.01041326435127606,0,0.6070501208305359,0,LAND_B,LAND_B,LAND_B,2.1231884956359863,2.128444194793701,2.1166951656341553,0.1962725669145584,0.19329902529716492,0.18767637014389038,https://wandb.ai/ememchijioke-university-of-klagenfurt/marl-uav-mission-no-formation/runs/qgyhqyu7
2026-05-16T14:34:31.236620,520,3,16776.457927670068,1,3,0,2.0,0.15023240943749747,0.15535910427570343,0.11857450256745021,0.2693154215812683,0.015796571038663387,0,0.5970364212989807,0,LAND_B,LAND_B,LAND_B,2.1219990253448486,2.1099021434783936,2.123762607574463,0.1961393505334854,0.19254840910434723,0.18762728571891785,https://wandb.ai/ememchijioke-university-of-klagenfurt/marl-uav-mission-no-formation/runs/qgyhqyu7
2026-05-16T14:34:44.022144,521,3,16847.53254254775,1,3,0,2.0,0.14960584541161856,0.1528918594121933,0.11810900767644246,0.26952268679936725,0.016967181116342545,0,0.5948082208633423,0,LAND_B,LAND_B,LAND_B,2.1193110942840576,2.1200568675994873,2.114501953125,0.19556871056556702,0.19235365092754364,0.18751747906208038,https://wandb.ai/ememchijioke-university-of-klagenfurt/marl-uav-mission-no-formation/runs/qgyhqyu7
2026-05-16T14:34:56.802231,522,3,16958.421955317724,1,3,0,2.0,0.14699933429559073,0.15309739112854004,0.11454404890537262,0.269712895154953,0.018514597167571385,0,0.6058770418167114,0,LAND_B,LAND_B,LAND_B,2.1189775466918945,2.112816333770752,2.1113059520721436,0.19619755446910858,0.19267097115516663,0.18749825656414032,https://wandb.ai/ememchijioke-university-of-klagenfurt/marl-uav-mission-no-formation/runs/qgyhqyu7
2026-05-16T14:35:10.176050,523,3,16780.17956028429,1,3,0,2.0,0.15080882608890533,0.15889210999011993,0.11968047668536504,0.2712755600611369,0.01254993894447883,0,0.5920293927192688,0,LAND_B,LAND_B,LAND_B,2.1265742778778076,2.1165313720703125,2.115792751312256,0.1959523856639862,0.192485511302948,0.18679004907608032,https://wandb.ai/ememchijioke-university-of-klagenfurt/marl-uav-mission-no-formation/runs/qgyhqyu7
2026-05-16T14:35:23.292207,524,3,16765.414978583503,1,3,0,2.0,0.15064455072085062,0.15647804737091064,0.11962778121232986,0.26658275723457336,0.013756209518760443,0,0.5907318592071533,0,LAND_B,LAND_B,LAND_B,2.123783826828003,2.1145529747009277,2.1199400424957275,0.19565722346305847,0.19197015464305878,0.18690869212150574,https://wandb.ai/ememchijioke-university-of-klagenfurt/marl-uav-mission-no-formation/runs/qgyhqyu7
2026-05-16T14:35:36.033355,525,3,15757.13106326265,1,3,0,2.0,0.14949741462866464,0.1556721180677414,0.11411521832148235,0.28612082203229267,0.01687357636789481,0,0.593448281288147,0,LAND_B,LAND_B,LAND_B,2.1192851066589355,2.111173629760742,2.1117634773254395,0.19999484717845917,0.19694781303405762,0.19275227189064026,https://wandb.ai/ememchijioke-university-of-klagenfurt/marl-uav-mission-no-formation/runs/qgyhqyu7
2026-05-16T14:35:48.565088,526,3,16840.799883842254,1,3,0,2.0,0.15368956824143729,0.1574259251356125,0.12326883773008983,0.2674625714619954,0.021906020119786263,0,0.5955433249473572,0,LAND_B,LAND_B,LAND_B,2.124873399734497,2.12591290473938,2.118973731994629,0.19586113095283508,0.1919783353805542,0.18748436868190765,https://wandb.ai/ememchijioke-university-of-klagenfurt/marl-uav-mission-no-formation/runs/qgyhqyu7
2026-05-16T14:36:00.669815,527,3,16817.00065715006,1,3,0,2.0,0.1513446718454361,0.15513171255588531,0.12028590589761734,0.27203311522801715,0.014756039250642061,0,0.6050576567649841,0,LAND_B,LAND_B,LAND_B,2.1222312450408936,2.122450828552246,2.1159000396728516,0.19547167420387268,0.19241896271705627,0.18763811886310577,https://wandb.ai/ememchijioke-university-of-klagenfurt/marl-uav-mission-no-formation/runs/qgyhqyu7
2026-05-16T14:36:13.610757,528,3,16941.531847449478,1,3,0,2.0,0.15077521403630575,0.15846458077430725,0.11947156240542729,0.2668726444244385,0.011840755585581064,0,0.5982311367988586,0,LAND_B,LAND_B,LAND_B,2.1264290809631348,2.1194093227386475,2.11161470413208,0.19551962614059448,0.1930011808872223,0.18739263713359833,https://wandb.ai/ememchijioke-university-of-klagenfurt/marl-uav-mission-no-formation/runs/qgyhqyu7
2026-05-16T14:36:26.985726,529,3,16779.098211285156,1,3,0,2.0,0.1515697886546453,0.15405209362506866,0.1205607255299886,0.2741869588692983,0.022574652607242267,0,0.5972921252250671,0,LAND_B,LAND_B,LAND_B,2.115428924560547,2.1232497692108154,2.122882604598999,0.19561667740345,0.19235172867774963,0.18726468086242676,https://wandb.ai/ememchijioke-university-of-klagenfurt/marl-uav-mission-no-formation/runs/qgyhqyu7
2026-05-16T14:36:39.315178,530,3,16843.6217027617,1,3,0,2.0,0.152326633532842,0.16147547960281372,0.12137442082166672,0.269583394130071,0.0126520871805648,0,0.5951611399650574,0,LAND_B,LAND_B,LAND_B,2.1301043033599854,2.1128551959991455,2.1201703548431396,0.19554348289966583,0.19245600700378418,0.18790677189826965,https://wandb.ai/ememchijioke-university-of-klagenfurt/marl-uav-mission-no-formation/runs/qgyhqyu7
2026-05-16T14:36:52.400107,531,3,16189.623124326648,1,3,0,2.0,0.1471209873755773,0.15142832696437836,0.11452346791823705,0.2711648643016815,0.010356880724430084,0,0.6004084348678589,0,LAND_B,LAND_B,LAND_B,2.117494583129883,2.1133854389190674,2.112513780593872,0.19546154141426086,0.1931910365819931,0.1883736103773117,https://wandb.ai/ememchijioke-university-of-klagenfurt/marl-uav-mission-no-formation/runs/qgyhqyu7
2026-05-16T14:37:05.687390,532,3,16872.339448263734,1,3,0,2.0,0.15326929092407227,0.15504884719848633,0.12285470714171727,0.26759565869967145,0.01409149511406819,0,0.5898333787918091,0,LAND_B,LAND_B,LAND_B,2.12247371673584,2.1215803623199463,2.1238880157470703,0.19476523995399475,0.1929273009300232,0.18706774711608887,https://wandb.ai/ememchijioke-university-of-klagenfurt/marl-uav-mission-no-formation/runs/qgyhqyu7
2026-05-16T14:37:18.880276,533,3,16779.128304108883,1,3,0,2.0,0.14842701951662698,0.15070481598377228,0.11680807421604793,0.26985790332158405,0.01734840590506792,0,0.6041684150695801,0,LAND_B,LAND_B,LAND_B,2.1129608154296875,2.118490695953369,2.1182241439819336,0.19453565776348114,0.1931230127811432,0.18681494891643524,https://wandb.ai/ememchijioke-university-of-klagenfurt/marl-uav-mission-no-formation/runs/qgyhqyu7
2026-05-16T14:37:32.180617,534,3,16770.96136534331,1,3,0,2.0,0.15106652677059174,0.15468670427799225,0.12027671188116074,0.26959096391995746,0.013903806917369366,0,0.6064155101776123,0,LAND_B,LAND_B,LAND_B,2.1177682876586914,2.1239840984344482,2.1181533336639404,0.19438418745994568,0.19249387085437775,0.18720677495002747,https://wandb.ai/ememchijioke-university-of-klagenfurt/marl-uav-mission-no-formation/runs/qgyhqyu7
2026-05-16T14:37:45.352427,535,3,15557.587010575111,1,3,0,2.0,0.15628067155679068,0.15825775265693665,0.12241987387339275,0.28395484884579975,0.016306376084685326,0,0.595023512840271,0,LAND_B,LAND_B,LAND_B,2.1225368976593018,2.119746208190918,2.124706506729126,0.1999025195837021,0.19840778410434723,0.19295094907283783,https://wandb.ai/ememchijioke-university-of-klagenfurt/marl-uav-mission-no-formation/runs/qgyhqyu7
2026-05-16T14:37:58.392295,536,3,15565.339785940812,1,3,0,2.0,0.1591102828582128,0.1647445261478424,0.12636756896972656,0.2835510770479838,0.015025233229001364,0,0.5997133255004883,0,LAND_B,LAND_B,LAND_B,2.1312220096588135,2.1220226287841797,2.1254663467407227,0.19951947033405304,0.19757245481014252,0.19285956025123596,https://wandb.ai/ememchijioke-university-of-klagenfurt/marl-uav-mission-no-formation/runs/qgyhqyu7
2026-05-16T14:38:11.607564,537,3,15696.837236490344,1,3,0,2.0,0.15361226598421732,0.1604509949684143,0.11934711039066315,0.2879669964313507,0.013102779630571604,0,0.5915058851242065,0,LAND_B,LAND_B,LAND_B,2.126206398010254,2.11623215675354,2.1149179935455322,0.19906646013259888,0.19765563309192657,0.19335199892520905,https://wandb.ai/ememchijioke-university-of-klagenfurt/marl-uav-mission-no-formation/runs/qgyhqyu7
2026-05-16T14:38:24.321995,538,3,14964.209145262103,1,3,0,2.0,0.15446212887763977,0.16136927902698517,0.11987258245547612,0.28283363580703735,0.016000470456977684,0,0.6029710173606873,0,LAND_B,LAND_B,LAND_B,2.1270604133605957,2.1188511848449707,2.113266706466675,0.1994546353816986,0.19861720502376556,0.19409917294979095,https://wandb.ai/ememchijioke-university-of-klagenfurt/marl-uav-mission-no-formation/runs/qgyhqyu7
2026-05-16T14:38:37.043827,539,3,14943.251572877523,1,3,0,2.0,0.15229236086209616,0.15657734870910645,0.11712760974963506,0.2840520938237508,0.01578206056728959,0,0.5927683711051941,0,LAND_B,LAND_B,LAND_B,2.112712860107422,2.1215999126434326,2.1165618896484375,0.1994427889585495,0.19807033240795135,0.19433510303497314,https://wandb.ai/ememchijioke-university-of-klagenfurt/marl-uav-mission-no-formation/runs/qgyhqyu7
2026-05-16T14:38:49.550851,540,3,16313.951173600748,1,3,0,2.0,0.14651145040988922,0.14880181849002838,0.11400546133518219,0.2710774044195811,0.008008400599161783,0,0.5954342484474182,0,LAND_B,LAND_B,LAND_B,2.1148507595062256,2.1114232540130615,2.115607976913452,0.19453485310077667,0.19266514480113983,0.1887686550617218,https://wandb.ai/ememchijioke-university-of-klagenfurt/marl-uav-mission-no-formation/runs/qgyhqyu7
2026-05-16T14:39:02.592541,541,3,15067.48037229084,1,3,0,2.0,0.1551010012626648,0.15772369503974915,0.12055887281894684,0.2844095528125763,0.014534949014584223,0,0.6025117039680481,0,LAND_B,LAND_B,LAND_B,2.121565341949463,2.1231281757354736,2.116027593612671,0.19996315240859985,0.19831956923007965,0.19444389641284943,https://wandb.ai/ememchijioke-university-of-klagenfurt/marl-uav-mission-no-formation/runs/qgyhqyu7
2026-05-16T14:39:15.069307,542,3,14974.473755395506,1,3,0,2.0,0.1548524647951126,0.15677550435066223,0.12031691769758861,0.28230732679367065,0.018910260715832312,0,0.5950813889503479,0,LAND_B,LAND_B,LAND_B,2.1194963455200195,2.1218955516815186,2.1192593574523926,0.19978190958499908,0.19835203886032104,0.1942736804485321,https://wandb.ai/ememchijioke-university-of-klagenfurt/marl-uav-mission-no-formation/runs/qgyhqyu7
2026-05-16T14:39:27.346048,543,3,16160.354556410013,1,3,0,2.0,0.14969164629777273,0.15100114047527313,0.11746357878049214,0.267788290977478,0.01482303828621904,0,0.5929470062255859,0,LAND_B,LAND_B,LAND_B,2.1175692081451416,2.1180927753448486,2.1166062355041504,0.1947271078824997,0.19333139061927795,0.1902877390384674,https://wandb.ai/ememchijioke-university-of-klagenfurt/marl-uav-mission-no-formation/runs/qgyhqyu7
2026-05-16T14:39:40.647637,544,3,14902.907535219265,1,3,0,2.0,0.15643435716629028,0.16146576404571533,0.12177890787521999,0.28310778737068176,0.02651068444053332,0,0.5922650098800659,0,LAND_B,LAND_B,LAND_B,2.115429639816284,2.127253770828247,2.122028350830078,0.19992054998874664,0.1989019364118576,0.1955386996269226,https://wandb.ai/ememchijioke-university-of-klagenfurt/marl-uav-mission-no-formation/runs/qgyhqyu7
2026-05-16T14:39:53.608566,545,3,15002.74653034947,1,3,0,2.0,0.151084303855896,0.1539844423532486,0.11509569237629573,0.2849601209163666,0.017099657251189154,0,0.6046765446662903,0,LAND_B,LAND_B,LAND_B,2.1173782348632812,2.1149022579193115,2.111894130706787,0.19961856305599213,0.19871319830417633,0.19528934359550476,https://wandb.ai/ememchijioke-university-of-klagenfurt/marl-uav-mission-no-formation/runs/qgyhqyu7
2026-05-16T14:40:05.245059,546,3,15044.611705000501,1,3,0,2.0,0.15274144212404886,0.1555330902338028,0.11753419041633606,0.2870494822661082,0.005751993701172371,0,0.5934301614761353,0,LAND_B,LAND_B,LAND_B,2.119229793548584,2.118680477142334,2.113193988800049,0.19970852136611938,0.19804485142230988,0.19488944113254547,https://wandb.ai/ememchijioke-university-of-klagenfurt/marl-uav-mission-no-formation/runs/qgyhqyu7
2026-05-16T14:40:16.773647,547,3,14972.949227699695,1,3,0,2.0,0.15276657044887543,0.1574733555316925,0.11745647092660268,0.2831711371739705,0.018747579927245777,0,0.6045898199081421,0,LAND_B,LAND_B,LAND_B,2.1220178604125977,2.1186306476593018,2.110934257507324,0.19936206936836243,0.19873224198818207,0.1949198842048645,https://wandb.ai/ememchijioke-university-of-klagenfurt/marl-uav-mission-no-formation/runs/qgyhqyu7
2026-05-16T14:40:29.867559,548,3,14949.890061236687,1,3,0,2.0,0.1588521550099055,0.1617758721113205,0.12516606350739798,0.28409210840861004,0.014787312597036362,0,0.5875758528709412,0,LAND_B,LAND_B,LAND_B,2.127464771270752,2.124624013900757,2.122953176498413,0.19946736097335815,0.19850723445415497,0.19546128809452057,https://wandb.ai/ememchijioke-university-of-klagenfurt/marl-uav-mission-no-formation/runs/qgyhqyu7
2026-05-16T14:40:42.889493,549,3,16206.936984883874,1,3,0,2.0,0.14743474125862122,0.1526603251695633,0.11483780791362126,0.2698131501674652,0.013995578046888113,0,0.5950839519500732,0,LAND_B,LAND_B,LAND_B,2.1198766231536865,2.111659526824951,2.1126368045806885,0.19436010718345642,0.19306428730487823,0.1899103820323944,https://wandb.ai/ememchijioke-university-of-klagenfurt/marl-uav-mission-no-formation/runs/qgyhqyu7
2026-05-16T14:40:56.114260,550,3,16133.642766681845,1,3,0,2.0,0.15037186443805695,0.15811751782894135,0.11840658883253734,0.2703823645909627,0.015110812770823637,0,0.6024184226989746,0,LAND_B,LAND_B,LAND_B,2.1266238689422607,2.1139862537384033,2.1143836975097656,0.19469210505485535,0.1934717446565628,0.18978583812713623,https://wandb.ai/ememchijioke-university-of-klagenfurt/marl-uav-mission-no-formation/runs/qgyhqyu7
2026-05-16T14:41:09.007978,551,3,16208.337550927808,1,3,0,2.0,0.15096832315127054,0.1534593254327774,0.11931828409433365,0.26787545283635456,0.019829054983953636,0,0.587428092956543,0,LAND_B,LAND_B,LAND_B,2.1210668087005615,2.1186182498931885,2.117716073989868,0.19430038332939148,0.19343632459640503,0.1897236704826355,https://wandb.ai/ememchijioke-university-of-klagenfurt/marl-uav-mission-no-formation/runs/qgyhqyu7
2026-05-16T14:41:21.579644,552,3,16155.428842708905,1,3,0,2.0,0.1516258716583252,0.15338215231895447,0.1202395608027776,0.2711001932621002,0.016314529969046514,0,0.5921358466148376,0,LAND_B,LAND_B,LAND_B,2.1207900047302246,2.120312213897705,2.1192007064819336,0.19443468749523163,0.19263100624084473,0.19003801047801971,https://wandb.ai/ememchijioke-university-of-klagenfurt/marl-uav-mission-no-formation/runs/qgyhqyu7
2026-05-16T14:41:34.252491,553,3,16118.327496604887,1,3,0,2.0,0.15439004202683768,0.1555764526128769,0.12364406138658524,0.2672936022281647,0.017706253565847874,0,0.5998310446739197,0,LAND_B,LAND_B,LAND_B,2.1236274242401123,2.122223377227783,2.124359369277954,0.1943676769733429,0.19323419034481049,0.18969909846782684,https://wandb.ai/ememchijioke-university-of-klagenfurt/marl-uav-mission-no-formation/runs/qgyhqyu7
2026-05-16T14:41:47.155212,554,3,16384.067141985543,1,3,0,2.0,0.1529661864042282,0.1585066318511963,0.1217339038848877,0.26550865173339844,0.00812292448244989,0,0.5944297909736633,0,LAND_B,LAND_B,LAND_B,2.1245498657226562,2.1278889179229736,2.112642765045166,0.1946416050195694,0.1935424953699112,0.18959002196788788,https://wandb.ai/ememchijioke-university-of-klagenfurt/marl-uav-mission-no-formation/runs/qgyhqyu7
2026-05-16T14:41:58.837649,555,3,16177.97356326692,1,3,0,2.0,0.1498497078816096,0.1541866809129715,0.11817384014527003,0.2720016340414683,0.011508133417616287,0,0.59916090965271,0,LAND_B,LAND_B,LAND_B,2.121798515319824,2.1169676780700684,2.1151747703552246,0.19454419612884521,0.19318655133247375,0.18866831064224243,https://wandb.ai/ememchijioke-university-of-klagenfurt/marl-uav-mission-no-formation/runs/qgyhqyu7
2026-05-16T14:42:11.378857,556,3,15120.812553249832,1,3,0,2.0,0.15391754607359567,0.16140049695968628,0.11888910581668218,0.28375981251398724,0.01490971011420091,0,0.5973111987113953,0,LAND_B,LAND_B,LAND_B,2.12668514251709,2.1149914264678955,2.114912271499634,0.19996775686740875,0.19826093316078186,0.19494041800498962,https://wandb.ai/ememchijioke-university-of-klagenfurt/marl-uav-mission-no-formation/runs/qgyhqyu7
2026-05-16T14:42:23.965021,557,3,16726.381057325976,1,3,0,2.0,0.15763911108175913,0.16294632852077484,0.12799408783515295,0.26791611313819885,0.014107163529843092,0,0.5998210310935974,0,LAND_B,LAND_B,LAND_B,2.132164478302002,2.124335527420044,2.126908302307129,0.1950579285621643,0.19298473000526428,0.18792955577373505,https://wandb.ai/ememchijioke-university-of-klagenfurt/marl-uav-mission-no-formation/runs/qgyhqyu7
2026-05-16T14:42:36.638177,558,3,16830.939997811984,1,3,0,2.0,0.15124564369519553,0.1537800133228302,0.12026724716027577,0.2708481550216675,0.011742940793434778,0,0.5960241556167603,0,LAND_B,LAND_B,LAND_B,2.1207845211029053,2.1190433502197266,2.120826005935669,0.19504636526107788,0.19213683903217316,0.1878538876771927,https://wandb.ai/ememchijioke-university-of-klagenfurt/marl-uav-mission-no-formation/runs/qgyhqyu7
2026-05-16T14:42:48.567487,559,3,16199.878563936563,1,3,0,2.0,0.1479701747496923,0.15110260248184204,0.11595425258080165,0.26806679368019104,0.022659513478477795,0,0.5952321887016296,0,LAND_B,LAND_B,LAND_B,2.1176223754882812,2.114389657974243,2.1156978607177734,0.1947847604751587,0.19240696728229523,0.18852271139621735,https://wandb.ai/ememchijioke-university-of-klagenfurt/marl-uav-mission-no-formation/runs/qgyhqyu7
2026-05-16T14:43:00.416625,560,3,16920.472021879235,1,3,0,2.0,0.14876740177472433,0.15843088924884796,0.11690233647823334,0.27140430609385174,0.016291913576424122,0,0.5962390899658203,0,LAND_B,LAND_B,LAND_B,2.1263699531555176,2.1078057289123535,2.1164252758026123,0.19542282819747925,0.19257983565330505,0.18770712614059448,https://wandb.ai/ememchijioke-university-of-klagenfurt/marl-uav-mission-no-formation/runs/qgyhqyu7
2026-05-16T14:43:13.693073,561,3,16829.628473659723,1,3,0,2.0,0.1485480765501658,0.15234027802944183,0.11657688518365224,0.27037860949834186,0.018668738504250843,0,0.5907495021820068,0,LAND_B,LAND_B,LAND_B,2.11519455909729,2.1208579540252686,2.113382577896118,0.19552358984947205,0.19272547960281372,0.187855064868927,https://wandb.ai/ememchijioke-university-of-klagenfurt/marl-uav-mission-no-formation/runs/qgyhqyu7
2026-05-16T14:43:26.615248,562,3,16889.155137012942,1,3,0,2.0,0.14929663638273874,0.1562412977218628,0.11730981866518657,0.2705023984114329,0.018056513120730717,0,0.6038722991943359,0,LAND_B,LAND_B,LAND_B,2.1229541301727295,2.1147050857543945,2.113105535507202,0.19633328914642334,0.19295181334018707,0.18771950900554657,https://wandb.ai/ememchijioke-university-of-klagenfurt/marl-uav-mission-no-formation/runs/qgyhqyu7
2026-05-16T14:43:39.894087,563,3,16705.95387242347,1,3,0,2.0,0.1503481368223826,0.15190596878528595,0.11858418335517247,0.27183088660240173,0.009475158915544549,0,0.5909054279327393,0,LAND_B,LAND_B,LAND_B,2.1165754795074463,2.1199474334716797,2.118741750717163,0.19624042510986328,0.19305679202079773,0.18779602646827698,https://wandb.ai/ememchijioke-university-of-klagenfurt/marl-uav-mission-no-formation/runs/qgyhqyu7
2026-05-16T14:43:51.631228,564,3,16152.303468979133,1,3,0,2.0,0.14953531324863434,0.15285629034042358,0.11708440134922664,0.2684463361899058,0.009907830351342758,0,0.5987513065338135,0,LAND_B,LAND_B,LAND_B,2.1131467819213867,2.120685577392578,2.116760492324829,0.1966969072818756,0.19372455775737762,0.18838737905025482,https://wandb.ai/ememchijioke-university-of-klagenfurt/marl-uav-mission-no-formation/runs/qgyhqyu7
2026-05-16T14:44:03.595986,565,3,17034.58675652964,1,3,0,2.0,0.1469723035891851,0.1547989845275879,0.11450434476137161,0.27060945828755695,0.008031505160033703,0,0.592427670955658,0,LAND_B,LAND_B,LAND_B,2.121236801147461,2.1106722354888916,2.110948324203491,0.19574156403541565,0.193146213889122,0.1874457746744156,https://wandb.ai/ememchijioke-university-of-klagenfurt/marl-uav-mission-no-formation/runs/qgyhqyu7
2026-05-16T14:44:16.032102,566,3,16885.07155312048,1,3,0,2.0,0.14996575315793356,0.1573772430419922,0.11858901878197987,0.2695261836051941,0.012558692755798498,0,0.5994226932525635,0,LAND_B,LAND_B,LAND_B,2.1249454021453857,2.1211042404174805,2.1091668605804443,0.195685476064682,0.19243982434272766,0.1872261017560959,https://wandb.ai/ememchijioke-university-of-klagenfurt/marl-uav-mission-no-formation/runs/qgyhqyu7
2026-05-16T14:44:27.479679,567,3,16812.897281681344,1,3,0,2.0,0.15118741492430368,0.1574449986219406,0.12014929453531902,0.2705843150615692,0.020947701608141262,0,0.5967457294464111,0,LAND_B,LAND_B,LAND_B,2.125347852706909,2.118868827819824,2.115957260131836,0.19522187113761902,0.19255705177783966,0.18751755356788635,https://wandb.ai/ememchijioke-university-of-klagenfurt/marl-uav-mission-no-formation/runs/qgyhqyu7
2026-05-16T14:44:39.517427,568,3,16816.907305295787,1,3,0,2.0,0.15125143031279245,0.15791544318199158,0.11993597696224849,0.2721303502718608,0.01118700640896956,0,0.5993567109107971,0,LAND_B,LAND_B,LAND_B,2.1252248287200928,2.117794990539551,2.11613392829895,0.19599732756614685,0.1928306221961975,0.18760670721530914,https://wandb.ai/ememchijioke-university-of-klagenfurt/marl-uav-mission-no-formation/runs/qgyhqyu7
2026-05-16T14:44:52.437269,569,3,16794.427933283987,1,3,0,2.0,0.14993547896544138,0.1534660905599594,0.11850654582182567,0.26847771803538006,0.01689909677952528,0,0.6000902056694031,0,LAND_B,LAND_B,LAND_B,2.119793176651001,2.115082263946533,2.120075225830078,0.19581729173660278,0.192606121301651,0.18692439794540405,https://wandb.ai/ememchijioke-university-of-klagenfurt/marl-uav-mission-no-formation/runs/qgyhqyu7
2026-05-16T14:45:03.768665,570,3,16742.088982036217,1,3,0,2.0,0.15250298380851746,0.15490193665027618,0.12173797935247421,0.2666589021682739,0.01402631557236115,0,0.5927923917770386,0,LAND_B,LAND_B,LAND_B,2.121483564376831,2.1183671951293945,2.1246652603149414,0.19555449485778809,0.19270652532577515,0.18704815208911896,https://wandb.ai/ememchijioke-university-of-klagenfurt/marl-uav-mission-no-formation/runs/qgyhqyu7
2026-05-16T14:45:14.735672,571,3,17066.63848179463,1,3,0,2.0,0.14829916755358377,0.1572183519601822,0.11689359198013942,0.27268896500269574,0.015616897183159987,0,0.5944944024085999,0,LAND_B,LAND_B,LAND_B,2.1252377033233643,2.1154556274414062,2.109367847442627,0.19504085183143616,0.19198261201381683,0.186722069978714,https://wandb.ai/ememchijioke-university-of-klagenfurt/marl-uav-mission-no-formation/runs/qgyhqyu7
2026-05-16T14:45:25.944905,572,3,16843.801352982617,1,3,0,2.0,0.15171581010023752,0.15394413471221924,0.12097322692473729,0.27133376399676007,0.02422769305606683,0,0.5954708456993103,0,LAND_B,LAND_B,LAND_B,2.120635986328125,2.1167266368865967,2.1247382164001465,0.19560591876506805,0.19192412495613098,0.18680961430072784,https://wandb.ai/ememchijioke-university-of-klagenfurt/marl-uav-mission-no-formation/runs/qgyhqyu7
2026-05-16T14:45:37.715530,573,3,16902.776490529766,1,3,0,2.0,0.15330807864665985,0.1590610295534134,0.12281506011883418,0.2699765165646871,0.014268804962436358,0,0.5971304774284363,0,LAND_B,LAND_B,LAND_B,2.1272027492523193,2.124708652496338,2.116450071334839,0.19541601836681366,0.1924433559179306,0.18741659820079803,https://wandb.ai/ememchijioke-university-of-klagenfurt/marl-uav-mission-no-formation/runs/qgyhqyu7
2026-05-16T14:45:49.626412,574,3,16963.00182442213,1,3,0,2.0,0.14776611824830374,0.15236414968967438,0.11579773326714833,0.27236316601435345,0.013243632391095161,0,0.6020363569259644,0,LAND_B,LAND_B,LAND_B,2.1144261360168457,2.1209681034088135,2.1113064289093018,0.1954263299703598,0.19236893951892853,0.1874610036611557,https://wandb.ai/ememchijioke-university-of-klagenfurt/marl-uav-mission-no-formation/runs/qgyhqyu7
2026-05-16T14:46:01.779846,575,3,16787.39535643494,1,3,0,2.0,0.15094584226608276,0.1521594077348709,0.12043123692274094,0.2681669592857361,0.009081972607721886,0,0.5886852145195007,0,LAND_B,LAND_B,LAND_B,2.1186845302581787,2.1203463077545166,2.121856689453125,0.19521529972553253,0.19169527292251587,0.185843825340271,https://wandb.ai/ememchijioke-university-of-klagenfurt/marl-uav-mission-no-formation/runs/qgyhqyu7
2026-05-16T14:46:14.266891,576,3,16879.42335516494,1,3,0,2.0,0.15250689287980398,0.1593257635831833,0.12235741565624873,0.27100829283396405,0.008278904405112067,0,0.5936176180839539,0,LAND_B,LAND_B,LAND_B,2.1275205612182617,2.12469220161438,2.114337682723999,0.19551491737365723,0.19144706428050995,0.18612246215343475,https://wandb.ai/ememchijioke-university-of-klagenfurt/marl-uav-mission-no-formation/runs/qgyhqyu7
2026-05-16T14:46:27.514296,577,3,16786.432175126083,1,3,0,2.0,0.1481415033340454,0.15195293724536896,0.11709096034367879,0.26747462153434753,0.020095946577688057,0,0.6021177768707275,0,LAND_B,LAND_B,LAND_B,2.1186342239379883,2.1135709285736084,2.11881685256958,0.19476883113384247,0.19095829129219055,0.18635249137878418,https://wandb.ai/ememchijioke-university-of-klagenfurt/marl-uav-mission-no-formation/runs/qgyhqyu7
2026-05-16T14:46:40.129281,578,3,16942.776376026515,1,3,0,2.0,0.15028824905554453,0.15642106533050537,0.11989292254050572,0.2709656059741974,0.01949385367333889,0,0.5952560901641846,0,LAND_B,LAND_B,LAND_B,2.1239519119262695,2.1149630546569824,2.120053768157959,0.1953127533197403,0.1907104104757309,0.18569520115852356,https://wandb.ai/ememchijioke-university-of-klagenfurt/marl-uav-mission-no-formation/runs/qgyhqyu7
2026-05-16T14:46:53.015295,579,3,16817.965800357764,1,3,0,2.0,0.1534616301457087,0.15755663812160492,0.12403027961651485,0.27042264739672345,0.016596890054643154,0,0.5991356372833252,0,LAND_B,LAND_B,LAND_B,2.126011371612549,2.1218624114990234,2.1237382888793945,0.19433924555778503,0.19104225933551788,0.18561649322509766,https://wandb.ai/ememchijioke-university-of-klagenfurt/marl-uav-mission-no-formation/runs/qgyhqyu7
2026-05-16T14:47:06.257081,580,3,15614.425194504745,1,3,0,2.0,0.156429390112559,0.15861685574054718,0.12369602173566818,0.2878268261750539,0.015862215931216877,0,0.5984175801277161,0,LAND_B,LAND_B,LAND_B,2.1232926845550537,2.1216676235198975,2.1257729530334473,0.19975194334983826,0.19627320766448975,0.19103102385997772,https://wandb.ai/ememchijioke-university-of-klagenfurt/marl-uav-mission-no-formation/runs/qgyhqyu7
2026-05-16T14:47:19.058740,581,3,16763.532508280605,1,3,0,2.0,0.15238276620705923,0.15623421967029572,0.1221964955329895,0.2695809503396352,0.011817568602661291,0,0.5879907608032227,0,LAND_B,LAND_B,LAND_B,2.119532346725464,2.126356601715088,2.1203906536102295,0.1945500671863556,0.19175061583518982,0.18666857481002808,https://wandb.ai/ememchijioke-university-of-klagenfurt/marl-uav-mission-no-formation/runs/qgyhqyu7
2026-05-16T14:47:32.257689,582,3,16777.868204581508,1,3,0,2.0,0.14996642371018729,0.15819363296031952,0.11918265869220097,0.268922358751297,0.005716221736899267,0,0.5955026149749756,0,LAND_B,LAND_B,LAND_B,2.1266069412231445,2.1128833293914795,2.1179890632629395,0.19481828808784485,0.19161419570446014,0.18647685647010803,https://wandb.ai/ememchijioke-university-of-klagenfurt/marl-uav-mission-no-formation/runs/qgyhqyu7
2026-05-16T14:47:43.789014,583,3,16887.252188628685,1,3,0,2.0,0.1493317832549413,0.15163582563400269,0.11838961640993755,0.26874356468518573,0.01237898226827383,0,0.5938817858695984,0,LAND_B,LAND_B,LAND_B,2.118562698364258,2.1130075454711914,2.1235077381134033,0.19453191757202148,0.191537544131279,0.1866222321987152,https://wandb.ai/ememchijioke-university-of-klagenfurt/marl-uav-mission-no-formation/runs/qgyhqyu7
2026-05-16T14:47:56.257523,584,3,16800.631356785467,1,3,0,2.0,0.15195553501447043,0.15629969537258148,0.12113741288582484,0.2688969572385152,0.018732842057943344,0,0.6039212942123413,0,LAND_B,LAND_B,LAND_B,2.1213536262512207,2.111647605895996,2.1292545795440674,0.19549821317195892,0.1921968311071396,0.186825692653656,https://wandb.ai/ememchijioke-university-of-klagenfurt/marl-uav-mission-no-formation/runs/qgyhqyu7
2026-05-16T14:48:08.904514,585,3,16866.437579732166,1,3,0,2.0,0.14961543182531992,0.1513635814189911,0.11863840371370316,0.27204130093256634,0.016827500114838283,0,0.5958167314529419,0,LAND_B,LAND_B,LAND_B,2.1131033897399902,2.1187667846679688,2.1236844062805176,0.19447161257266998,0.19141267240047455,0.18717710673809052,https://wandb.ai/ememchijioke-university-of-klagenfurt/marl-uav-mission-no-formation/runs/qgyhqyu7
2026-05-16T14:48:21.909498,586,3,16819.166213578577,1,3,0,2.0,0.14914646248022714,0.154191255569458,0.1178707703948021,0.270715594291687,0.009639384069790443,0,0.5948180556297302,0,LAND_B,LAND_B,LAND_B,2.1209940910339355,2.114192008972168,2.1181859970092773,0.19535525143146515,0.19164030253887177,0.1870456039905548,https://wandb.ai/ememchijioke-university-of-klagenfurt/marl-uav-mission-no-formation/runs/qgyhqyu7
2026-05-16T14:48:35.094577,587,3,16907.073801739683,1,3,0,2.0,0.15263283749421439,0.1579425185918808,0.12230084091424942,0.2690742214520772,0.018292538356035948,0,0.6025123000144958,0,LAND_B,LAND_B,LAND_B,2.125349283218384,2.1227529048919678,2.1183953285217285,0.19557678699493408,0.19167101383209229,0.18669083714485168,https://wandb.ai/ememchijioke-university-of-klagenfurt/marl-uav-mission-no-formation/runs/qgyhqyu7
2026-05-16T14:48:48.015310,588,3,16752.17882486308,1,3,0,2.0,0.15092760821183523,0.15437406301498413,0.119913915793101,0.2692292829354604,0.01866897785415252,0,0.5911126732826233,0,LAND_B,LAND_B,LAND_B,2.121281147003174,2.1115455627441406,2.126708507537842,0.1955088973045349,0.19206608831882477,0.18684948980808258,https://wandb.ai/ememchijioke-university-of-klagenfurt/marl-uav-mission-no-formation/runs/qgyhqyu7
2026-05-16T14:49:01.279869,589,3,16899.582842233198,1,3,0,2.0,0.14735073347886404,0.15167246758937836,0.11572733024756114,0.2671543061733246,0.0177392050003012,0,0.5988714694976807,0,LAND_B,LAND_B,LAND_B,2.117792844772339,2.1135151386260986,2.1152257919311523,0.19554756581783295,0.19184668362140656,0.18610087037086487,https://wandb.ai/ememchijioke-university-of-klagenfurt/marl-uav-mission-no-formation/runs/qgyhqyu7
2026-05-16T14:49:14.597853,590,3,16893.974528750623,1,3,0,2.0,0.15212249259154,0.1602889597415924,0.12187100698550542,0.2686414619286855,0.011809921047339836,0,0.5938007831573486,0,LAND_B,LAND_B,LAND_B,2.128460168838501,2.1252334117889404,2.111211061477661,0.1954994946718216,0.19173026084899902,0.18585193157196045,https://wandb.ai/ememchijioke-university-of-klagenfurt/marl-uav-mission-no-formation/runs/qgyhqyu7
2026-05-16T14:49:27.938082,591,3,16968.475137673133,1,3,0,2.0,0.1460082083940506,0.14768216013908386,0.11420346548159917,0.26990649104118347,0.011918796226382256,0,0.5912367105484009,0,LAND_B,LAND_B,LAND_B,2.112781524658203,2.1133873462677,2.11605167388916,0.19531284272670746,0.19194172322750092,0.18538789451122284,https://wandb.ai/ememchijioke-university-of-klagenfurt/marl-uav-mission-no-formation/runs/qgyhqyu7
2026-05-16T14:49:41.257159,592,3,16908.415004958493,1,3,0,2.0,0.15022776027520499,0.15457506477832794,0.11946401248375575,0.2684771517912547,0.018795766557256382,0,0.5946037173271179,0,LAND_B,LAND_B,LAND_B,2.1213560104370117,2.1194632053375244,2.1173806190490723,0.19565466046333313,0.19213640689849854,0.18537187576293945,https://wandb.ai/ememchijioke-university-of-klagenfurt/marl-uav-mission-no-formation/runs/qgyhqyu7
2026-05-16T14:49:54.525165,593,3,16894.047438061054,1,3,0,2.0,0.1512801249821981,0.1569548100233078,0.12047212570905685,0.26976828773816425,0.01715424346427123,0,0.598198652267456,0,LAND_B,LAND_B,LAND_B,2.1241097450256348,2.125941038131714,2.1113548278808594,0.19607892632484436,0.19238495826721191,0.18598011136054993,https://wandb.ai/ememchijioke-university-of-klagenfurt/marl-uav-mission-no-formation/runs/qgyhqyu7
2026-05-16T14:50:07.241239,594,3,16877.908634736646,1,3,0,2.0,0.1492831657330195,0.15146689116954803,0.11797719697157542,0.2678666015466054,0.008543309600402912,0,0.5944686532020569,0,LAND_B,LAND_B,LAND_B,2.117065906524658,2.118194818496704,2.1183364391326904,0.1959763765335083,0.19235289096832275,0.18586423993110657,https://wandb.ai/ememchijioke-university-of-klagenfurt/marl-uav-mission-no-formation/runs/qgyhqyu7
2026-05-16T14:50:20.427475,595,3,16931.791831726343,1,3,0,2.0,0.15108990669250488,0.15787269175052643,0.11987709254026413,0.2682565947373708,0.010688204939166704,0,0.6015020608901978,0,LAND_B,LAND_B,LAND_B,2.125335216522217,2.120872735977173,2.1132588386535645,0.1959076225757599,0.19321458041667938,0.18677298724651337,https://wandb.ai/ememchijioke-university-of-klagenfurt/marl-uav-mission-no-formation/runs/qgyhqyu7
2026-05-16T14:50:33.419689,596,3,16935.309568246368,1,3,0,2.0,0.1480518033107122,0.1542624980211258,0.11623098949591319,0.2697904109954834,0.016134801010290783,0,0.5964740514755249,0,LAND_B,LAND_B,LAND_B,2.1178905963897705,2.1230623722076416,2.1076924800872803,0.1956729292869568,0.19301161170005798,0.1863451898097992,https://wandb.ai/ememchijioke-university-of-klagenfurt/marl-uav-mission-no-formation/runs/qgyhqyu7
2026-05-16T14:50:46.928050,597,3,16754.187183545146,1,3,0,2.0,0.1529084493716558,0.15856054425239563,0.12202280511458714,0.2695519228776296,0.016425933067997295,0,0.5986756682395935,0,LAND_B,LAND_B,LAND_B,2.1257879734039307,2.1200761795043945,2.120075225830078,0.1965322643518448,0.19350175559520721,0.18630938231945038,https://wandb.ai/ememchijioke-university-of-klagenfurt/marl-uav-mission-no-formation/runs/qgyhqyu7
2026-05-16T14:51:00.116931,598,3,16755.06893576619,1,3,0,2.0,0.15164964397748312,0.1547253131866455,0.12076515952746074,0.2692876160144806,0.006938642434154947,0,0.5885947942733765,0,LAND_B,LAND_B,LAND_B,2.1211745738983154,2.1191980838775635,2.1211957931518555,0.1961848884820938,0.19299016892910004,0.1857890486717224,https://wandb.ai/ememchijioke-university-of-klagenfurt/marl-uav-mission-no-formation/runs/qgyhqyu7
2026-05-16T14:51:13.077850,599,3,16947.229121864926,1,3,0,2.0,0.14487209419409433,0.14800100028514862,0.11230932672818501,0.27115147312482196,0.011817734067638716,0,0.6004160046577454,0,LAND_B,LAND_B,LAND_B,2.112698554992676,2.112598419189453,2.111520290374756,0.19591721892356873,0.19315005838871002,0.18530414998531342,https://wandb.ai/ememchijioke-university-of-klagenfurt/marl-uav-mission-no-formation/runs/qgyhqyu7
2026-05-16T14:51:25.596033,600,3,16859.092364431366,1,3,0,2.0,0.15167355040709177,0.1614883691072464,0.12089396764834721,0.2685518066088359,0.022244178379575413,0,0.5987762212753296,0,LAND_B,LAND_B,LAND_B,2.1295101642608643,2.1148617267608643,2.1178643703460693,0.19619359076023102,0.1928596943616867,0.18554627895355225,https://wandb.ai/ememchijioke-university-of-klagenfurt/marl-uav-mission-no-formation/runs/qgyhqyu7
2026-05-16T14:51:38.711386,601,3,16952.530990969004,1,3,0,2.0,0.14901666343212128,0.15541858971118927,0.11765620857477188,0.2694070041179657,0.013875861496975025,0,0.5956283211708069,0,LAND_B,LAND_B,LAND_B,2.1222429275512695,2.122267246246338,2.1077332496643066,0.19582359492778778,0.1930972784757614,0.18540771305561066,https://wandb.ai/ememchijioke-university-of-klagenfurt/marl-uav-mission-no-formation/runs/qgyhqyu7
2026-05-16T14:51:51.909863,602,3,17074.51326221225,1,3,0,2.0,0.15169856945673624,0.15793579816818237,0.12095355242490768,0.2684612770875295,0.013159845024347305,0,0.6014883518218994,0,LAND_B,LAND_B,LAND_B,2.124854326248169,2.1216623783111572,2.1156423091888428,0.19584114849567413,0.1931089460849762,0.18570278584957123,https://wandb.ai/ememchijioke-university-of-klagenfurt/marl-uav-mission-no-formation/runs/qgyhqyu7
2026-05-16T14:52:04.779377,603,3,16825.883845890065,1,3,0,2.0,0.14912138879299164,0.1538606584072113,0.1177487000823021,0.2682959536711375,0.01103917850802342,0,0.6001569032669067,0,LAND_B,LAND_B,LAND_B,2.1137382984161377,2.111715078353882,2.1277618408203125,0.19557225704193115,0.19231568276882172,0.18572506308555603,https://wandb.ai/ememchijioke-university-of-klagenfurt/marl-uav-mission-no-formation/runs/qgyhqyu7
2026-05-16T14:52:17.979079,604,3,16798.016678621658,1,3,0,2.0,0.14940360685189566,0.15046335756778717,0.11829783270756404,0.2707405388355255,0.015822974654535454,0,0.5866487622261047,0,LAND_B,LAND_B,LAND_B,2.116070508956909,2.1143174171447754,2.123879909515381,0.19549310207366943,0.19268755614757538,0.1850145012140274,https://wandb.ai/ememchijioke-university-of-klagenfurt/marl-uav-mission-no-formation/runs/qgyhqyu7
2026-05-16T14:52:31.215489,605,3,16974.681505020155,1,3,0,2.0,0.15098074078559875,0.1536237746477127,0.12038206060727437,0.26813772320747375,0.010449201722318927,0,0.5969310402870178,0,LAND_B,LAND_B,LAND_B,2.1201024055480957,2.1193714141845703,2.1214067935943604,0.1955116093158722,0.19177548587322235,0.18587669730186462,https://wandb.ai/ememchijioke-university-of-klagenfurt/marl-uav-mission-no-formation/runs/qgyhqyu7
2026-05-16T14:52:44.274382,606,3,16948.410311089476,1,3,0,2.0,0.14850741624832153,0.15751348435878754,0.11760608355204265,0.2691675325234731,0.013119429970781008,0,0.5967509746551514,0,LAND_B,LAND_B,LAND_B,2.1253201961517334,2.116145610809326,2.1109261512756348,0.19540534913539886,0.19167032837867737,0.1849520355463028,https://wandb.ai/ememchijioke-university-of-klagenfurt/marl-uav-mission-no-formation/runs/qgyhqyu7
2026-05-16T14:52:56.298415,607,3,16931.41151940217,1,3,0,2.0,0.150132954120636,0.15485858917236328,0.1193167914946874,0.2706241210301717,0.01929257685939471,0,0.6005994081497192,0,LAND_B,LAND_B,LAND_B,2.114297389984131,2.114198684692383,2.1292591094970703,0.19571197032928467,0.1914861649274826,0.18525533378124237,https://wandb.ai/ememchijioke-university-of-klagenfurt/marl-uav-mission-no-formation/runs/qgyhqyu7
2026-05-16T14:53:08.658406,608,3,16876.099434964934,1,3,0,2.0,0.1517531375090281,0.15645234286785126,0.12137185037136078,0.27131704489390057,0.009896406282981237,0,0.5873526930809021,0,LAND_B,LAND_B,LAND_B,2.1241865158081055,2.1182949542999268,2.1208364963531494,0.1951460987329483,0.19252116978168488,0.18545252084732056,https://wandb.ai/ememchijioke-university-of-klagenfurt/marl-uav-mission-no-formation/runs/qgyhqyu7
2026-05-16T14:53:20.549007,609,3,16843.681653254826,1,3,0,2.0,0.1485679397980372,0.15085802972316742,0.11741979916890462,0.2672853370507558,0.016125934508939583,0,0.5982212424278259,0,LAND_B,LAND_B,LAND_B,2.1170692443847656,2.112104892730713,2.122701644897461,0.19512875378131866,0.19165456295013428,0.1858273297548294,https://wandb.ai/ememchijioke-university-of-klagenfurt/marl-uav-mission-no-formation/runs/qgyhqyu7
2026-05-16T14:53:33.242532,610,3,16998.895426196024,1,3,0,2.0,0.1448307285706202,0.14659500122070312,0.1125412459174792,0.26575825611750287,0.02014297805726528,0,0.599494993686676,0,LAND_B,LAND_B,LAND_B,2.1110191345214844,2.1127004623413086,2.1135199069976807,0.19533495604991913,0.19164761900901794,0.1863071769475937,https://wandb.ai/ememchijioke-university-of-klagenfurt/marl-uav-mission-no-formation/runs/qgyhqyu7
2026-05-16T14:53:46.495358,611,3,16873.053187184716,1,3,0,2.0,0.14849852522214255,0.15212422609329224,0.11722902953624725,0.27195286750793457,0.014771333895623684,0,0.6075764298439026,0,LAND_B,LAND_B,LAND_B,2.115675687789917,2.1209282875061035,2.1144776344299316,0.19479678571224213,0.19228486716747284,0.18626286089420319,https://wandb.ai/ememchijioke-university-of-klagenfurt/marl-uav-mission-no-formation/runs/qgyhqyu7
2026-05-16T14:53:59.524788,612,3,16802.157920187412,1,3,0,2.0,0.15397525330384573,0.1547391265630722,0.12413152555624644,0.26857489347457886,0.012838035821914673,0,0.5964758992195129,0,LAND_B,LAND_B,LAND_B,2.121610164642334,2.1220011711120605,2.128434181213379,0.1948726624250412,0.1920173019170761,0.1860390603542328,https://wandb.ai/ememchijioke-university-of-klagenfurt/marl-uav-mission-no-formation/runs/qgyhqyu7
2026-05-16T14:54:13.648426,613,3,16906.301724032124,1,3,0,2.0,0.15054903427759805,0.1548278033733368,0.12011341998974483,0.26917413870493573,0.012028575098762909,0,0.5999711751937866,0,LAND_B,LAND_B,LAND_B,2.1218225955963135,2.114081621170044,2.123537540435791,0.19448500871658325,0.1915028989315033,0.18599648773670197,https://wandb.ai/ememchijioke-university-of-klagenfurt/marl-uav-mission-no-formation/runs/qgyhqyu7
2026-05-16T14:54:26.895724,614,3,17018.498049927108,1,3,0,2.0,0.14986239870389303,0.15686440467834473,0.11916229377190272,0.2706800599892934,0.0082440252105395,0,0.6018669009208679,0,LAND_B,LAND_B,LAND_B,2.124667167663574,2.1167073249816895,2.115483283996582,0.1943933069705963,0.19205673038959503,0.1861380636692047,https://wandb.ai/ememchijioke-university-of-klagenfurt/marl-uav-mission-no-formation/runs/qgyhqyu7
2026-05-16T14:54:39.775703,615,3,15645.296122392167,1,3,0,2.0,0.15464137494564056,0.15716102719306946,0.12087954332431157,0.28505690892537433,0.01742527385552724,0,0.5862494111061096,0,LAND_B,LAND_B,LAND_B,2.1215121746063232,2.1190879344940186,2.121607542037964,0.19966888427734375,0.19696876406669617,0.19260753691196442,https://wandb.ai/ememchijioke-university-of-klagenfurt/marl-uav-mission-no-formation/runs/qgyhqyu7
2026-05-16T14:54:53.529735,616,3,16944.071655819644,1,3,0,2.0,0.14895629386107126,0.1518988162279129,0.1179800679286321,0.268513302008311,0.011598077292243639,0,0.6037547588348389,0,LAND_B,LAND_B,LAND_B,2.115652322769165,2.121198892593384,2.1168928146362305,0.1944330781698227,0.1915643960237503,0.18664823472499847,https://wandb.ai/ememchijioke-university-of-klagenfurt/marl-uav-mission-no-formation/runs/qgyhqyu7
2026-05-16T14:55:06.563353,617,3,15641.807360847717,1,3,0,2.0,0.15473117431004843,0.15767715871334076,0.1210003246863683,0.2890895903110504,0.017764271547396977,0,0.5990312099456787,0,LAND_B,LAND_B,LAND_B,2.1219382286071777,2.116633892059326,2.1241352558135986,0.19996464252471924,0.19678176939487457,0.1923646181821823,https://wandb.ai/ememchijioke-university-of-klagenfurt/marl-uav-mission-no-formation/runs/qgyhqyu7
2026-05-16T14:55:19.660939,618,3,17074.22716223742,1,3,0,2.0,0.14566025137901306,0.14902542531490326,0.11407528320948283,0.2693791290124257,0.02067544839034478,0,0.6022595763206482,0,LAND_B,LAND_B,LAND_B,2.114614963531494,2.1103665828704834,2.116262912750244,0.19442979991436005,0.19131332635879517,0.18576042354106903,https://wandb.ai/ememchijioke-university-of-klagenfurt/marl-uav-mission-no-formation/runs/qgyhqyu7
2026-05-16T14:55:32.588486,619,3,17018.375918323753,1,3,0,2.0,0.1525973379611969,0.15988585352897644,0.12275804827610652,0.26624048749605816,0.009166800572226444,0,0.5897598266601562,0,LAND_B,LAND_B,LAND_B,2.128293037414551,2.1214098930358887,2.118102550506592,0.1951582282781601,0.1910848170518875,0.18567536771297455,https://wandb.ai/ememchijioke-university-of-klagenfurt/marl-uav-mission-no-formation/runs/qgyhqyu7
2026-05-16T14:55:45.909929,620,3,15618.274927209919,1,3,0,2.0,0.1563056061665217,0.16211597621440887,0.12367116659879684,0.28534720341364544,0.009874287682274977,0,0.5921415090560913,0,LAND_B,LAND_B,LAND_B,2.127790689468384,2.126936674118042,2.116075277328491,0.19975177943706512,0.1962263435125351,0.19076301157474518,https://wandb.ai/ememchijioke-university-of-klagenfurt/marl-uav-mission-no-formation/runs/qgyhqyu7
2026-05-16T14:55:59.444508,621,3,16796.04543924972,1,3,0,2.0,0.15341815849145254,0.16088184714317322,0.12329610685507457,0.2687718868255615,0.020302319588760536,0,0.5984721779823303,0,LAND_B,LAND_B,LAND_B,2.1133437156677246,2.1318907737731934,2.1245920658111572,0.19498351216316223,0.19212619960308075,0.18609227240085602,https://wandb.ai/ememchijioke-university-of-klagenfurt/marl-uav-mission-no-formation/runs/qgyhqyu7
2026-05-16T14:56:12.672817,622,3,16825.367421896935,1,3,0,2.0,0.15271420776844025,0.16015881299972534,0.12273732076088588,0.26760486761728924,0.01508868175248305,0,0.6045566201210022,0,LAND_B,LAND_B,LAND_B,2.1290454864501953,2.12264084815979,2.116345167160034,0.19468337297439575,0.19184738397598267,0.1860693097114563,https://wandb.ai/ememchijioke-university-of-klagenfurt/marl-uav-mission-no-formation/runs/qgyhqyu7
2026-05-16T14:56:26.224188,623,3,16898.39537109239,1,3,0,2.0,0.14879649877548218,0.152104452252388,0.11773310601711273,0.27019378542900085,0.005650750671823819,0,0.5955156087875366,0,LAND_B,LAND_B,LAND_B,2.118833065032959,2.120267391204834,2.113882303237915,0.19492483139038086,0.19197562336921692,0.18602129817008972,https://wandb.ai/ememchijioke-university-of-klagenfurt/marl-uav-mission-no-formation/runs/qgyhqyu7
2026-05-16T14:56:40.522954,624,3,16924.254409843503,1,3,0,2.0,0.14746802548567453,0.15017805993556976,0.11593781411647797,0.2659779489040375,0.01573523071904977,0,0.6008653044700623,0,LAND_B,LAND_B,LAND_B,2.1153688430786133,2.11852765083313,2.1136717796325684,0.194744274020195,0.19211511313915253,0.18645299971103668,https://wandb.ai/ememchijioke-university-of-klagenfurt/marl-uav-mission-no-formation/runs/qgyhqyu7
2026-05-16T14:56:53.881359,625,3,17002.647746815674,1,3,0,2.0,0.14804268380006155,0.15126217901706696,0.11656631032625835,0.2717211842536926,0.016962870334585507,0,0.5960164070129395,0,LAND_B,LAND_B,LAND_B,2.1179332733154297,2.1176700592041016,2.113553762435913,0.19470958411693573,0.19237123429775238,0.1866649091243744,https://wandb.ai/ememchijioke-university-of-klagenfurt/marl-uav-mission-no-formation/runs/qgyhqyu7
2026-05-16T14:57:07.835838,626,3,16828.16765193349,1,3,0,2.0,0.15032216409842172,0.15160299837589264,0.11936484028895696,0.2697865466276805,0.013306224097808203,0,0.6008992791175842,0,LAND_B,LAND_B,LAND_B,2.117319107055664,2.12003493309021,2.1207001209259033,0.1951746791601181,0.1925865113735199,0.18611617386341095,https://wandb.ai/ememchijioke-university-of-klagenfurt/marl-uav-mission-no-formation/runs/qgyhqyu7
2026-05-16T14:57:20.697853,627,3,16797.561502374858,1,3,0,2.0,0.1488343079884847,0.15307368338108063,0.11724096288283666,0.2693069477876027,0.014839026145637035,0,0.6011280417442322,0,LAND_B,LAND_B,LAND_B,2.114316701889038,2.12187123298645,2.115471839904785,0.19600644707679749,0.19259868562221527,0.186222642660141,https://wandb.ai/ememchijioke-university-of-klagenfurt/marl-uav-mission-no-formation/runs/qgyhqyu7
2026-05-16T14:57:32.474361,628,3,16976.50017213879,1,3,0,2.0,0.1506661276022593,0.15563957393169403,0.11964558313290279,0.267888605594635,0.008376075342918435,0,0.6017715930938721,0,LAND_B,LAND_B,LAND_B,2.122866153717041,2.1236188411712646,2.1124091148376465,0.19553521275520325,0.1926610916852951,0.18649519979953766,https://wandb.ai/ememchijioke-university-of-klagenfurt/marl-uav-mission-no-formation/runs/qgyhqyu7
2026-05-16T14:57:44.297194,629,3,16817.192038738747,1,3,0,2.0,0.15309105813503265,0.15404587984085083,0.1225768451889356,0.271340548992157,0.008181503973901272,0,0.6069567799568176,0,LAND_B,LAND_B,LAND_B,2.120711326599121,2.1216163635253906,2.1249518394470215,0.19546838104724884,0.19267448782920837,0.18673759698867798,https://wandb.ai/ememchijioke-university-of-klagenfurt/marl-uav-mission-no-formation/runs/qgyhqyu7
2026-05-16T14:57:56.839612,630,3,16925.967697950808,1,3,0,2.0,0.14872520665327707,0.15169835090637207,0.11680470655361812,0.26936771472295123,0.009800158130625883,0,0.601202130317688,0,LAND_B,LAND_B,LAND_B,2.1165506839752197,2.1194846630096436,2.113665819168091,0.19572779536247253,0.19330090284347534,0.1870843768119812,https://wandb.ai/ememchijioke-university-of-klagenfurt/marl-uav-mission-no-formation/runs/qgyhqyu7
2026-05-16T14:58:08.471514,631,3,16855.033717374936,1,3,0,2.0,0.14976797004540762,0.15319354832172394,0.11841867119073868,0.27120956778526306,0.01459024070451657,0,0.6053971648216248,0,LAND_B,LAND_B,LAND_B,2.1156060695648193,2.122079849243164,2.1170990467071533,0.19540320336818695,0.19250153005123138,0.18699119985103607,https://wandb.ai/ememchijioke-university-of-klagenfurt/marl-uav-mission-no-formation/runs/qgyhqyu7
2026-05-16T14:58:20.629522,632,3,16910.79415663872,1,3,0,2.0,0.15058125058809915,0.15649455785751343,0.11958819131056468,0.267785241206487,0.018015189406772453,0,0.5998798608779907,0,LAND_B,LAND_B,LAND_B,2.1238980293273926,2.115941286087036,2.1182382106781006,0.19559545814990997,0.19224277138710022,0.1865656077861786,https://wandb.ai/ememchijioke-university-of-klagenfurt/marl-uav-mission-no-formation/runs/qgyhqyu7
2026-05-16T14:58:32.248239,633,3,16979.07677318633,1,3,0,2.0,0.1491050273180008,0.15027345716953278,0.11736129224300385,0.2670301894346873,0.013131061724076668,0,0.6080017685890198,0,LAND_B,LAND_B,LAND_B,2.114616870880127,2.1142287254333496,2.1221365928649902,0.19574125111103058,0.19297300279140472,0.18676047027111053,https://wandb.ai/ememchijioke-university-of-klagenfurt/marl-uav-mission-no-formation/runs/qgyhqyu7
2026-05-16T14:58:44.964379,634,3,16976.910919849808,1,3,0,2.0,0.15051287909348807,0.15601633489131927,0.11902479082345963,0.2673475444316864,0.008719888826211294,0,0.6026866436004639,0,LAND_B,LAND_B,LAND_B,2.122121572494507,2.1229755878448486,2.110947370529175,0.19663356244564056,0.19325216114521027,0.18646733462810516,https://wandb.ai/ememchijioke-university-of-klagenfurt/marl-uav-mission-no-formation/runs/qgyhqyu7
2026-05-16T14:58:57.306818,635,3,16854.44416083155,1,3,0,2.0,0.15548641979694366,0.16083109378814697,0.12548388789097467,0.27249805132548016,0.013480364345014095,0,0.6005411148071289,0,LAND_B,LAND_B,LAND_B,2.128347635269165,2.1233930587768555,2.124619483947754,0.19685184955596924,0.19238872826099396,0.1860617995262146,https://wandb.ai/ememchijioke-university-of-klagenfurt/marl-uav-mission-no-formation/runs/qgyhqyu7
2026-05-16T14:59:09.050039,636,3,16947.33161220985,1,3,0,2.0,0.14782247940699259,0.152812659740448,0.11583900203307469,0.2665092845757802,0.013325007477154335,0,0.5948063135147095,0,LAND_B,LAND_B,LAND_B,2.118345022201538,2.1136488914489746,2.114745616912842,0.19650839269161224,0.19320960342884064,0.1856251060962677,https://wandb.ai/ememchijioke-university-of-klagenfurt/marl-uav-mission-no-formation/runs/qgyhqyu7
2026-05-16T14:59:20.639979,637,3,16909.237967815032,1,3,0,2.0,0.14940562844276428,0.15415765345096588,0.11751280476649602,0.27114537358283997,0.009657902177423239,0,0.6001156568527222,0,LAND_B,LAND_B,LAND_B,2.116067886352539,2.1225647926330566,2.1136081218719482,0.1971026211977005,0.1934768557548523,0.18603256344795227,https://wandb.ai/ememchijioke-university-of-klagenfurt/marl-uav-mission-no-formation/runs/qgyhqyu7
2026-05-16T14:59:31.849091,638,3,16872.947183377877,1,3,0,2.0,0.15345259507497153,0.15910086035728455,0.12257036566734314,0.2706626355648041,0.01246233843266964,0,0.5931857824325562,0,LAND_B,LAND_B,LAND_B,2.126403331756592,2.121718645095825,2.1189656257629395,0.19661207497119904,0.19365426898002625,0.18665529787540436,https://wandb.ai/ememchijioke-university-of-klagenfurt/marl-uav-mission-no-formation/runs/qgyhqyu7
2026-05-16T14:59:44.843087,639,3,16782.468511779938,1,3,0,2.0,0.15283402800559998,0.1556464284658432,0.12138133992751439,0.26883359750111896,0.014600045668582121,0,0.6041215062141418,0,LAND_B,LAND_B,LAND_B,2.11613392829895,2.1235814094543457,2.123568058013916,0.19725491106510162,0.19432410597801208,0.18659374117851257,https://wandb.ai/ememchijioke-university-of-klagenfurt/marl-uav-mission-no-formation/runs/qgyhqyu7
2026-05-16T14:59:57.526036,640,3,16850.93452251811,1,3,0,2.0,0.14752289156119028,0.1516152173280716,0.11497108389933904,0.2681034704049428,0.010661838576197624,0,0.5836974382400513,0,LAND_B,LAND_B,LAND_B,2.1158690452575684,2.115435838699341,2.1124935150146484,0.19715629518032074,0.19374226033687592,0.18630674481391907,https://wandb.ai/ememchijioke-university-of-klagenfurt/marl-uav-mission-no-formation/runs/qgyhqyu7
2026-05-16T15:00:10.970659,641,3,16791.638185037733,1,3,0,2.0,0.15230677525202432,0.15458008646965027,0.12115214268366496,0.26547443866729736,0.012736256855229536,0,0.6066680550575256,0,LAND_B,LAND_B,LAND_B,2.120028018951416,2.122051477432251,2.120760202407837,0.1973690688610077,0.19327035546302795,0.18600325286388397,https://wandb.ai/ememchijioke-university-of-klagenfurt/marl-uav-mission-no-formation/runs/qgyhqyu7
2026-05-16T15:00:22.893136,642,3,16858.582789024567,1,3,0,2.0,0.15517060458660126,0.16041022539138794,0.1246194839477539,0.2682628929615021,0.011608657737572988,0,0.5915358662605286,0,LAND_B,LAND_B,LAND_B,2.1272542476654053,2.123159646987915,2.123016119003296,0.1973094791173935,0.1934056580066681,0.1865300089120865,https://wandb.ai/ememchijioke-university-of-klagenfurt/marl-uav-mission-no-formation/runs/qgyhqyu7
2026-05-16T15:00:35.180805,643,3,16944.167738860157,1,3,0,2.0,0.14989709357420603,0.1591688096523285,0.11811354508002599,0.26926719148953754,0.010103554464876652,0,0.5976881384849548,0,LAND_B,LAND_B,LAND_B,2.126232862472534,2.114178419113159,2.11376953125,0.19694432616233826,0.19328784942626953,0.1865694224834442,https://wandb.ai/ememchijioke-university-of-klagenfurt/marl-uav-mission-no-formation/runs/qgyhqyu7
2026-05-16T15:00:48.226079,644,3,16949.01356412003,1,3,0,2.0,0.1491902470588684,0.15176856517791748,0.11710018167893092,0.269546906153361,0.014324487807850042,0,0.5917696356773376,0,LAND_B,LAND_B,LAND_B,2.117049217224121,2.114518165588379,2.119325637817383,0.19629959762096405,0.1936565339565277,0.1871168464422226,https://wandb.ai/ememchijioke-university-of-klagenfurt/marl-uav-mission-no-formation/runs/qgyhqyu7
2026-05-16T15:01:00.904569,645,3,16747.415754361224,1,3,0,2.0,0.15206087629000345,0.15536291897296906,0.12079854309558868,0.269016295671463,0.014957011366883913,0,0.5902736783027649,0,LAND_B,LAND_B,LAND_B,2.121903419494629,2.123667001724243,2.116253137588501,0.19584771990776062,0.1936495006084442,0.18755149841308594,https://wandb.ai/ememchijioke-university-of-klagenfurt/marl-uav-mission-no-formation/runs/qgyhqyu7
2026-05-16T15:01:13.536658,646,3,16814.17320828233,1,3,0,2.0,0.14933895071347555,0.15669652819633484,0.1173837607105573,0.2670741379261017,0.010622673047085604,0,0.5935191512107849,0,LAND_B,LAND_B,LAND_B,2.1114532947540283,2.1103055477142334,2.129768133163452,0.19552025198936462,0.19284115731716156,0.18759936094284058,https://wandb.ai/ememchijioke-university-of-klagenfurt/marl-uav-mission-no-formation/runs/qgyhqyu7
2026-05-16T15:01:25.877472,647,3,16939.018518058445,1,3,0,2.0,0.15061223010222116,0.15936459600925446,0.11927300194899242,0.26741411288579303,0.02492288624246915,0,0.5944305062294006,0,LAND_B,LAND_B,LAND_B,2.1271541118621826,2.1155078411102295,2.1146228313446045,0.19544748961925507,0.19288203120231628,0.1874917596578598,https://wandb.ai/ememchijioke-university-of-klagenfurt/marl-uav-mission-no-formation/runs/qgyhqyu7
2026-05-16T15:01:39.476107,648,3,17028.98117110774,1,3,0,2.0,0.15007302661736807,0.15576563775539398,0.11870910227298737,0.2675306399663289,0.014336482621729374,0,0.6045728921890259,0,LAND_B,LAND_B,LAND_B,2.1163344383239746,2.124694347381592,2.1139395236968994,0.19523464143276215,0.19305123388767242,0.18703459203243256,https://wandb.ai/ememchijioke-university-of-klagenfurt/marl-uav-mission-no-formation/runs/qgyhqyu7
2026-05-16T15:01:52.011236,649,3,16982.952447023195,1,3,0,2.0,0.15076838930447897,0.15618543326854706,0.1196949730316798,0.2665655513604482,0.015129949276645979,0,0.6001729965209961,0,LAND_B,LAND_B,LAND_B,2.1234230995178223,2.120500326156616,2.1143453121185303,0.19490797817707062,0.19269272685050964,0.18742233514785767,https://wandb.ai/ememchijioke-university-of-klagenfurt/marl-uav-mission-no-formation/runs/qgyhqyu7
2026-05-16T15:02:05.035916,650,3,16905.639540802953,1,3,0,2.0,0.15456879635651907,0.158818781375885,0.12465063979228337,0.27085675795873004,0.025645388290286064,0,0.5959504842758179,0,LAND_B,LAND_B,LAND_B,2.1260857582092285,2.129229784011841,2.1185922622680664,0.19490967690944672,0.19231031835079193,0.18693439662456512,https://wandb.ai/ememchijioke-university-of-klagenfurt/marl-uav-mission-no-formation/runs/qgyhqyu7
2026-05-16T15:02:17.064357,651,3,15629.015802322981,1,3,0,2.0,0.15641178687413534,0.16297824680805206,0.12270702173312505,0.2818395296732585,0.012631986290216446,0,0.5920879244804382,0,LAND_B,LAND_B,LAND_B,2.117732286453247,2.130153179168701,2.1198482513427734,0.19991515576839447,0.19797877967357635,0.1928461641073227,https://wandb.ai/ememchijioke-university-of-klagenfurt/marl-uav-mission-no-formation/runs/qgyhqyu7
2026-05-16T15:02:28.763859,652,3,15622.013121807528,1,3,0,2.0,0.15437116225560507,0.15917493402957916,0.12013279398282369,0.28032607833544415,0.011764789465814829,0,0.6010628342628479,0,LAND_B,LAND_B,LAND_B,2.1237945556640625,2.1196999549865723,2.1165311336517334,0.1997610330581665,0.1983802169561386,0.1926809847354889,https://wandb.ai/ememchijioke-university-of-klagenfurt/marl-uav-mission-no-formation/runs/qgyhqyu7
2026-05-16T15:02:40.493751,653,3,16921.82944743289,1,3,0,2.0,0.1540724535783132,0.1567167341709137,0.12421033034722011,0.2669332027435303,0.01890802849084139,0,0.5902884602546692,0,LAND_B,LAND_B,LAND_B,2.122788190841675,2.1269853115081787,2.12258243560791,0.19453752040863037,0.19182352721691132,0.18700644373893738,https://wandb.ai/ememchijioke-university-of-klagenfurt/marl-uav-mission-no-formation/runs/qgyhqyu7
2026-05-16T15:02:52.785420,654,3,16901.106318789156,1,3,0,2.0,0.1544314076503118,0.15739914774894714,0.12450474252303441,0.270996888478597,0.020754694007337093,0,0.5942001938819885,0,LAND_B,LAND_B,LAND_B,2.124121904373169,2.127495288848877,2.121694564819336,0.194716215133667,0.19203154742717743,0.18727707862854004,https://wandb.ai/ememchijioke-university-of-klagenfurt/marl-uav-mission-no-formation/runs/qgyhqyu7
2026-05-16T15:03:05.129716,655,3,16936.214586757764,1,3,0,2.0,0.1498000274101893,0.15170851349830627,0.11878871421019237,0.2681787312030792,0.012948259711265564,0,0.6051262617111206,0,LAND_B,LAND_B,LAND_B,2.117882251739502,2.114086866378784,2.1234140396118164,0.1950386017560959,0.19180187582969666,0.18658021092414856,https://wandb.ai/ememchijioke-university-of-klagenfurt/marl-uav-mission-no-formation/runs/qgyhqyu7
2026-05-16T15:03:17.999796,656,3,16862.897009174245,1,3,0,2.0,0.15397129952907562,0.156612366437912,0.12406433870395024,0.26853164037068683,0.022149126355846722,0,0.6012941598892212,0,LAND_B,LAND_B,LAND_B,2.1237196922302246,2.1267290115356445,2.121039628982544,0.19504375755786896,0.19182220101356506,0.1866101622581482,https://wandb.ai/ememchijioke-university-of-klagenfurt/marl-uav-mission-no-formation/runs/qgyhqyu7
2026-05-16T15:03:30.983066,657,3,16929.904505148676,1,3,0,2.0,0.15014255046844482,0.15805096924304962,0.11964009205500285,0.26584021250406903,0.014358398504555225,0,0.6047036647796631,0,LAND_B,LAND_B,LAND_B,2.1264376640319824,2.1164472103118896,2.1154112815856934,0.1943913847208023,0.19155222177505493,0.18614399433135986,https://wandb.ai/ememchijioke-university-of-klagenfurt/marl-uav-mission-no-formation/runs/qgyhqyu7
2026-05-16T15:03:43.598146,658,3,16785.15537274078,1,3,0,2.0,0.1563564936319987,0.15978410840034485,0.1276541824142138,0.2699977159500122,0.007624809630215168,0,0.5955755114555359,0,LAND_B,LAND_B,LAND_B,2.1288936138153076,2.128955602645874,2.1247260570526123,0.19430583715438843,0.190642312169075,0.18585512042045593,https://wandb.ai/ememchijioke-university-of-klagenfurt/marl-uav-mission-no-formation/runs/qgyhqyu7
2026-05-16T15:03:55.809249,659,3,17026.83764373257,1,3,0,2.0,0.1475579837958018,0.15253375470638275,0.11698066194852193,0.2693125208218892,0.012121278482178846,0,0.5930380821228027,0,LAND_B,LAND_B,LAND_B,2.1197328567504883,2.1128458976745605,2.117882490158081,0.19442003965377808,0.19030186533927917,0.18492071330547333,https://wandb.ai/ememchijioke-university-of-klagenfurt/marl-uav-mission-no-formation/runs/qgyhqyu7
2026-05-16T15:04:07.050389,660,3,15717.686081019734,1,3,0,2.0,0.1550741344690323,0.16127273440361023,0.12188739826281865,0.2854894200960795,0.023017977209140856,0,0.5987958312034607,0,LAND_B,LAND_B,LAND_B,2.1264445781707764,2.124082088470459,2.114814519882202,0.19971565902233124,0.1963474303483963,0.1915428340435028,https://wandb.ai/ememchijioke-university-of-klagenfurt/marl-uav-mission-no-formation/runs/qgyhqyu7
2026-05-16T15:04:18.928995,661,3,15700.411686162362,1,3,0,2.0,0.15497431655724844,0.16140452027320862,0.12215131024519603,0.28566354513168335,0.015302493702620268,0,0.5995817184448242,0,LAND_B,LAND_B,LAND_B,2.124603509902954,2.1294007301330566,2.1118342876434326,0.1993609219789505,0.1961342692375183,0.1904994249343872,https://wandb.ai/ememchijioke-university-of-klagenfurt/marl-uav-mission-no-formation/runs/qgyhqyu7
2026-05-16T15:04:31.749967,662,3,15552.290646701998,1,3,0,2.0,0.15559555093447366,0.1591794490814209,0.1229568471511205,0.286140372355779,0.0177726112306118,0,0.5938328504562378,0,LAND_B,LAND_B,LAND_B,2.1217844486236572,2.1270477771759033,2.1199183464050293,0.19973787665367126,0.19588258862495422,0.19029046595096588,https://wandb.ai/ememchijioke-university-of-klagenfurt/marl-uav-mission-no-formation/runs/qgyhqyu7
2026-05-16T15:04:44.858350,663,3,16845.95680367651,1,3,0,2.0,0.15169217189153036,0.1587371677160263,0.12212739139795303,0.2695639133453369,0.012100951435665289,0,0.5886521339416504,0,LAND_B,LAND_B,LAND_B,2.1269116401672363,2.121001958847046,2.1176884174346924,0.1946701854467392,0.1911330223083496,0.18407659232616425,https://wandb.ai/ememchijioke-university-of-klagenfurt/marl-uav-mission-no-formation/runs/qgyhqyu7
2026-05-16T15:04:56.973483,664,3,17060.808904909914,1,3,0,2.0,0.14964709679285684,0.15793491899967194,0.11957105249166489,0.26871457695961,0.013380836384991804,0,0.6029916405677795,0,LAND_B,LAND_B,LAND_B,2.1260316371917725,2.117166042327881,2.1152617931365967,0.19516555964946747,0.19150303304195404,0.1831900179386139,https://wandb.ai/ememchijioke-university-of-klagenfurt/marl-uav-mission-no-formation/runs/qgyhqyu7
2026-05-16T15:05:09.567134,665,3,16887.671407874215,1,3,0,2.0,0.14830521742502847,0.1519930213689804,0.11787376304467519,0.26913905143737793,0.013279019622132182,0,0.5899146795272827,0,LAND_B,LAND_B,LAND_B,2.1183884143829346,2.115987539291382,2.1182291507720947,0.19530826807022095,0.1908429116010666,0.18356788158416748,https://wandb.ai/ememchijioke-university-of-klagenfurt/marl-uav-mission-no-formation/runs/qgyhqyu7
2026-05-16T15:05:22.027915,666,3,16812.506387456357,1,3,0,2.0,0.15519616504510245,0.1627238541841507,0.12619427839914957,0.27019017934799194,0.01980140556891759,0,0.5964215993881226,0,LAND_B,LAND_B,LAND_B,2.1315741539001465,2.1173434257507324,2.129216432571411,0.19516757130622864,0.1915435642004013,0.18380382657051086,https://wandb.ai/ememchijioke-university-of-klagenfurt/marl-uav-mission-no-formation/runs/qgyhqyu7
2026-05-16T15:05:33.688223,667,3,16890.205688606504,1,3,0,2.0,0.15384860336780548,0.1584141105413437,0.12473282714684804,0.2698860863844554,0.01821002596989274,0,0.592534601688385,0,LAND_B,LAND_B,LAND_B,2.1223583221435547,2.1291182041168213,2.122507333755493,0.19466400146484375,0.19151856005191803,0.18376176059246063,https://wandb.ai/ememchijioke-university-of-klagenfurt/marl-uav-mission-no-formation/runs/qgyhqyu7
2026-05-16T15:05:45.159556,668,3,16804.595778800707,1,3,0,2.0,0.156355490287145,0.16234906017780304,0.1275774339834849,0.27283604939778644,0.026484980558355648,0,0.6014395356178284,0,LAND_B,LAND_B,LAND_B,2.1314456462860107,2.1186094284057617,2.1321356296539307,0.19525772333145142,0.19165542721748352,0.18363580107688904,https://wandb.ai/ememchijioke-university-of-klagenfurt/marl-uav-mission-no-formation/runs/qgyhqyu7
2026-05-16T15:05:56.835033,669,3,16820.563079560226,1,3,0,2.0,0.1546733876069387,0.1587240844964981,0.12567379822333655,0.26944924394289654,0.013037380917618671,0,0.5997635722160339,0,LAND_B,LAND_B,LAND_B,2.120434284210205,2.129519462585449,2.126413583755493,0.19452416896820068,0.19155889749526978,0.18398816883563995,https://wandb.ai/ememchijioke-university-of-klagenfurt/marl-uav-mission-no-formation/runs/qgyhqyu7
2026-05-16T15:06:08.848001,670,3,16898.975436234337,1,3,0,2.0,0.15126070380210876,0.1566346436738968,0.12150635818640391,0.27083970109621686,0.013735040401419004,0,0.5869739055633545,0,LAND_B,LAND_B,LAND_B,2.124030590057373,2.123352289199829,2.116666793823242,0.19552119076251984,0.19143499433994293,0.1832238882780075,https://wandb.ai/ememchijioke-university-of-klagenfurt/marl-uav-mission-no-formation/runs/qgyhqyu7
2026-05-16T15:06:20.151825,671,3,17005.546459564528,1,3,0,2.0,0.15214074651400247,0.15981242060661316,0.12246470153331757,0.26807834704717,0.012676309483746687,0,0.595980167388916,0,LAND_B,LAND_B,LAND_B,2.128408432006836,2.1201953887939453,2.1185414791107178,0.1951322853565216,0.19179974496364594,0.18380366265773773,https://wandb.ai/ememchijioke-university-of-klagenfurt/marl-uav-mission-no-formation/runs/qgyhqyu7
2026-05-16T15:06:33.290778,672,3,16875.750454408313,1,3,0,2.0,0.15256274243195853,0.15719355642795563,0.12306017428636551,0.2702424426873525,0.017944642653067906,0,0.5969963669776917,0,LAND_B,LAND_B,LAND_B,2.1238532066345215,2.1275413036346436,2.117478609085083,0.19438132643699646,0.19182763993740082,0.18425294756889343,https://wandb.ai/ememchijioke-university-of-klagenfurt/marl-uav-mission-no-formation/runs/qgyhqyu7
2026-05-16T15:06:46.004859,673,3,16738.723552782063,1,3,0,2.0,0.15359149873256683,0.16001422703266144,0.12462169428666432,0.2685910960038503,0.01845344187070926,0,0.5997418165206909,0,LAND_B,LAND_B,LAND_B,2.128889322280884,2.122349977493286,2.12258243560791,0.19480803608894348,0.19099293649196625,0.183392733335495,https://wandb.ai/ememchijioke-university-of-klagenfurt/marl-uav-mission-no-formation/runs/qgyhqyu7
2026-05-16T15:06:58.694963,674,3,15515.595585517684,1,3,0,2.0,0.16113929947217306,0.1646007001399994,0.13015093406041464,0.28354591131210327,0.01767789339646697,0,0.6048611998558044,0,LAND_B,LAND_B,LAND_B,2.1309452056884766,2.1308062076568604,2.1282711029052734,0.19968844950199127,0.19644124805927277,0.18874390423297882,https://wandb.ai/ememchijioke-university-of-klagenfurt/marl-uav-mission-no-formation/runs/qgyhqyu7
2026-05-16T15:07:11.332893,675,3,16807.625530844132,1,3,0,2.0,0.14718392491340637,0.14828568696975708,0.11636433998743693,0.2711687783400218,0.016098755411803722,0,0.5984562039375305,0,LAND_B,LAND_B,LAND_B,2.1131064891815186,2.1132664680480957,2.122558355331421,0.19489629566669464,0.19135530292987823,0.1834404617547989,https://wandb.ai/ememchijioke-university-of-klagenfurt/marl-uav-mission-no-formation/runs/qgyhqyu7
2026-05-16T15:07:23.345462,676,3,16783.990500644824,1,3,0,2.0,0.1526134560505549,0.1556723266839981,0.12322876105705897,0.27168599764506024,0.0109382135172685,0,0.5899922847747803,0,LAND_B,LAND_B,LAND_B,2.1230387687683105,2.11967134475708,2.126561164855957,0.19511771202087402,0.1916280835866928,0.18285296857357025,https://wandb.ai/ememchijioke-university-of-klagenfurt/marl-uav-mission-no-formation/runs/qgyhqyu7
2026-05-16T15:07:36.098386,677,3,16870.566831396558,1,3,0,2.0,0.15323163072268167,0.16074389219284058,0.12380019823710124,0.26824862758318585,0.012780393784244856,0,0.593097448348999,0,LAND_B,LAND_B,LAND_B,2.129166603088379,2.1175026893615723,2.1244444847106934,0.19567304849624634,0.19160446524620056,0.18327604234218597,https://wandb.ai/ememchijioke-university-of-klagenfurt/marl-uav-mission-no-formation/runs/qgyhqyu7
2026-05-16T15:07:49.266241,678,3,16779.36298741358,1,3,0,2.0,0.15414422750473022,0.16021491587162018,0.12497043112913768,0.2705625394980113,0.014165903752048811,0,0.596976101398468,0,LAND_B,LAND_B,LAND_B,2.1283915042877197,2.1180508136749268,2.128325939178467,0.1957598775625229,0.19158442318439484,0.1828262358903885,https://wandb.ai/ememchijioke-university-of-klagenfurt/marl-uav-mission-no-formation/runs/qgyhqyu7
2026-05-16T15:08:02.370375,679,3,16844.110142278627,1,3,0,2.0,0.15059645970662436,0.1523415446281433,0.12033971399068832,0.2683611710866292,0.014640886647005876,0,0.5928690433502197,0,LAND_B,LAND_B,LAND_B,2.118068218231201,2.1168596744537354,2.1253466606140137,0.19612948596477509,0.19175167381763458,0.18306811153888702,https://wandb.ai/ememchijioke-university-of-klagenfurt/marl-uav-mission-no-formation/runs/qgyhqyu7
2026-05-16T15:08:15.353913,680,3,16967.949305414244,1,3,0,2.0,0.15223458409309387,0.15507332980632782,0.12239614129066467,0.27018264929453534,0.014565005277593931,0,0.5934295654296875,0,LAND_B,LAND_B,LAND_B,2.1185336112976074,2.1246132850646973,2.12392258644104,0.1959206759929657,0.19215735793113708,0.18297556042671204,https://wandb.ai/ememchijioke-university-of-klagenfurt/marl-uav-mission-no-formation/runs/qgyhqyu7
2026-05-16T15:08:26.274345,681,3,16781.83857027839,1,3,0,2.0,0.15485733250776926,0.1604783684015274,0.1258797844250997,0.26908841729164124,0.012959776989494761,0,0.5920321345329285,0,LAND_B,LAND_B,LAND_B,2.128865957260132,2.1234917640686035,2.124981164932251,0.1956188678741455,0.19178929924964905,0.1829293817281723,https://wandb.ai/ememchijioke-university-of-klagenfurt/marl-uav-mission-no-formation/runs/qgyhqyu7
2026-05-16T15:08:37.707424,682,3,16932.840876494338,1,3,0,2.0,0.15022372206052145,0.15722845494747162,0.1201656237244606,0.26927528778711957,0.017695116500059765,0,0.6029642820358276,0,LAND_B,LAND_B,LAND_B,2.1139907836914062,2.1279938220977783,2.1179087162017822,0.1961202621459961,0.1911419779062271,0.18259282410144806,https://wandb.ai/ememchijioke-university-of-klagenfurt/marl-uav-mission-no-formation/runs/qgyhqyu7
2026-05-16T15:08:48.257544,683,3,16882.85656524589,1,3,0,2.0,0.15166191260019937,0.1568959653377533,0.1220499649643898,0.27188504735628766,0.016712492952744167,0,0.5897883772850037,0,LAND_B,LAND_B,LAND_B,2.123863697052002,2.127230644226074,2.1146841049194336,0.19521529972553253,0.191677525639534,0.1831161230802536,https://wandb.ai/ememchijioke-university-of-klagenfurt/marl-uav-mission-no-formation/runs/qgyhqyu7
2026-05-16T15:09:00.398968,684,3,16915.224517824252,1,3,0,2.0,0.14994841814041138,0.15313714742660522,0.12000256528457005,0.27155211567878723,0.006312499366079767,0,0.5892189741134644,0,LAND_B,LAND_B,LAND_B,2.1149089336395264,2.1223647594451904,2.1222572326660156,0.19509436190128326,0.19162681698799133,0.18242031335830688,https://wandb.ai/ememchijioke-university-of-klagenfurt/marl-uav-mission-no-formation/runs/qgyhqyu7
2026-05-16T15:09:11.657264,685,3,16829.9839724609,1,3,0,2.0,0.15529844164848328,0.1578359752893448,0.12654529760281244,0.2718043625354767,0.022065574924151104,0,0.596112072467804,0,LAND_B,LAND_B,LAND_B,2.1218008995056152,2.128415822982788,2.1291534900665283,0.1951688528060913,0.1914697289466858,0.18285095691680908,https://wandb.ai/ememchijioke-university-of-klagenfurt/marl-uav-mission-no-formation/runs/qgyhqyu7
2026-05-16T15:09:23.855833,686,3,16994.748549911194,1,3,0,2.0,0.15152095754941305,0.15760351717472076,0.12203825761874516,0.27044106523195904,0.021721963460246723,0,0.5950650572776794,0,LAND_B,LAND_B,LAND_B,2.12449312210083,2.128523349761963,2.1129872798919678,0.195087730884552,0.1911611557006836,0.1830883026123047,https://wandb.ai/ememchijioke-university-of-klagenfurt/marl-uav-mission-no-formation/runs/qgyhqyu7
2026-05-16T15:09:37.023374,687,3,17069.87147326926,1,3,0,2.0,0.14990265170733133,0.1529439091682434,0.11977414041757584,0.26845009128252667,0.007536408180991809,0,0.6024442911148071,0,LAND_B,LAND_B,LAND_B,2.119551181793213,2.116621732711792,2.1227493286132812,0.19522647559642792,0.1913311630487442,0.18342626094818115,https://wandb.ai/ememchijioke-university-of-klagenfurt/marl-uav-mission-no-formation/runs/qgyhqyu7
2026-05-16T15:09:47.518918,688,3,16894.871463419222,1,3,0,2.0,0.1524325559536616,0.1586470752954483,0.12329915414253871,0.2671651045481364,0.01763110887259245,0,0.5933272242546082,0,LAND_B,LAND_B,LAND_B,2.1271464824676514,2.1185779571533203,2.1237432956695557,0.19458332657814026,0.19138853251934052,0.18259859085083008,https://wandb.ai/ememchijioke-university-of-klagenfurt/marl-uav-mission-no-formation/runs/qgyhqyu7
2026-05-16T15:10:00.508372,689,3,16887.219371012434,1,3,0,2.0,0.15212328235308328,0.15310485661029816,0.12277355045080185,0.27063042918841046,0.012696838627258936,0,0.5997539162635803,0,LAND_B,LAND_B,LAND_B,2.1185154914855957,2.12104868888855,2.1285743713378906,0.1947164088487625,0.19101080298423767,0.18304970860481262,https://wandb.ai/ememchijioke-university-of-klagenfurt/marl-uav-mission-no-formation/runs/qgyhqyu7
2026-05-16T15:10:13.828911,690,3,16782.84924065541,1,3,0,2.0,0.1553808351357778,0.15679222345352173,0.12659527361392975,0.2690286537011464,0.011640855732063452,0,0.5906418561935425,0,LAND_B,LAND_B,LAND_B,2.1247146129608154,2.125257968902588,2.129528522491455,0.194959357380867,0.19200196862220764,0.18282097578048706,https://wandb.ai/ememchijioke-university-of-klagenfurt/marl-uav-mission-no-formation/runs/qgyhqyu7
2026-05-16T15:10:26.939562,691,3,16902.668486280312,1,3,0,2.0,0.15229453146457672,0.16013285517692566,0.1229426662127177,0.270048588514328,0.007245348145564397,0,0.597830057144165,0,LAND_B,LAND_B,LAND_B,2.128467082977295,2.1154699325561523,2.1245555877685547,0.19554376602172852,0.1917603760957718,0.18181055784225464,https://wandb.ai/ememchijioke-university-of-klagenfurt/marl-uav-mission-no-formation/runs/qgyhqyu7
2026-05-16T15:10:39.962243,692,3,16874.711760390706,1,3,0,2.0,0.15404709180196127,0.15703003108501434,0.12516022473573685,0.2677462597688039,0.009932217498620352,0,0.5972375869750977,0,LAND_B,LAND_B,LAND_B,2.121476411819458,2.1276321411132812,2.1262714862823486,0.19538280367851257,0.19144272804260254,0.18207263946533203,https://wandb.ai/ememchijioke-university-of-klagenfurt/marl-uav-mission-no-formation/runs/qgyhqyu7
2026-05-16T15:10:52.572696,693,3,16864.90959244651,1,3,0,2.0,0.15039060016473135,0.1549970656633377,0.12037798762321472,0.269432137409846,0.014279662010570368,0,0.603798508644104,0,LAND_B,LAND_B,LAND_B,2.1182734966278076,2.124987840652466,2.1176857948303223,0.19635385274887085,0.19166307151317596,0.18206481635570526,https://wandb.ai/ememchijioke-university-of-klagenfurt/marl-uav-mission-no-formation/runs/qgyhqyu7
2026-05-16T15:11:05.356043,694,3,17167.916237681307,1,3,0,2.0,0.15009964009126028,0.1581559181213379,0.11984494825204213,0.2676727573076884,0.011815090042849382,0,0.592979907989502,0,LAND_B,LAND_B,LAND_B,2.1250722408294678,2.1196534633636475,2.114384651184082,0.19666440784931183,0.19223910570144653,0.18210895359516144,https://wandb.ai/ememchijioke-university-of-klagenfurt/marl-uav-mission-no-formation/runs/qgyhqyu7
2026-05-16T15:11:17.989855,695,3,16971.186653320277,1,3,0,2.0,0.15395321945349374,0.16056513786315918,0.12477302302916844,0.2702675660451253,0.015450294750432173,0,0.6025393009185791,0,LAND_B,LAND_B,LAND_B,2.128209114074707,2.12595796585083,2.1195600032806396,0.19665126502513885,0.19167423248291016,0.18209095299243927,https://wandb.ai/ememchijioke-university-of-klagenfurt/marl-uav-mission-no-formation/runs/qgyhqyu7
2026-05-16T15:11:31.066563,696,3,17108.45430284405,1,3,0,2.0,0.1517816831668218,0.15819457173347473,0.12155516693989436,0.26935793956120807,0.014203079044818878,0,0.5930818319320679,0,LAND_B,LAND_B,LAND_B,2.124854803085327,2.120518207550049,2.1191658973693848,0.19711270928382874,0.19273430109024048,0.1826121062040329,https://wandb.ai/ememchijioke-university-of-klagenfurt/marl-uav-mission-no-formation/runs/qgyhqyu7
2026-05-16T15:11:43.625462,697,3,16865.59149878383,1,3,0,2.0,0.15304171045621237,0.15900970995426178,0.12366327395041783,0.26950077215830487,0.016626721248030663,0,0.5946786403656006,0,LAND_B,LAND_B,LAND_B,2.1261026859283447,2.120898723602295,2.1237409114837646,0.19664692878723145,0.19130969047546387,0.18217894434928894,https://wandb.ai/ememchijioke-university-of-klagenfurt/marl-uav-mission-no-formation/runs/qgyhqyu7
2026-05-16T15:11:56.193562,698,3,16891.825365883004,1,3,0,2.0,0.15027037262916565,0.15267182886600494,0.1197296753525734,0.26722126205762226,0.011142071181287369,0,0.6020865440368652,0,LAND_B,LAND_B,LAND_B,2.1160621643066406,2.1144485473632812,2.128274917602539,0.1968521773815155,0.19196666777133942,0.18247170746326447,https://wandb.ai/ememchijioke-university-of-klagenfurt/marl-uav-mission-no-formation/runs/qgyhqyu7
2026-05-16T15:12:07.723892,699,3,16863.134185161394,1,3,0,2.0,0.15514005223910013,0.1612389236688614,0.12609789023796716,0.26887956261634827,0.010621693062906465,0,0.5962604284286499,0,LAND_B,LAND_B,LAND_B,2.129664182662964,2.127565622329712,2.1209938526153564,0.1957998126745224,0.19243288040161133,0.1828020066022873,https://wandb.ai/ememchijioke-university-of-klagenfurt/marl-uav-mission-no-formation/runs/qgyhqyu7
2026-05-16T15:12:20.989529,700,3,16832.03942156957,1,3,0,2.0,0.1530052920182546,0.15499483048915863,0.12313072880109151,0.27161820729573566,0.017935023022194702,0,0.5955526232719421,0,LAND_B,LAND_B,LAND_B,2.1200673580169678,2.1242098808288574,2.1248323917388916,0.19627085328102112,0.19270716607570648,0.18299253284931183,https://wandb.ai/ememchijioke-university-of-klagenfurt/marl-uav-mission-no-formation/runs/qgyhqyu7
2026-05-16T15:12:33.152651,701,3,16782.980327087593,1,3,0,2.0,0.1552258680264155,0.16171510517597198,0.1260261038939158,0.26861438155174255,0.01628702615077297,0,0.6008943915367126,0,LAND_B,LAND_B,LAND_B,2.129473924636841,2.124391794204712,2.124187707901001,0.19686904549598694,0.19224120676517487,0.18250571191310883,https://wandb.ai/ememchijioke-university-of-klagenfurt/marl-uav-mission-no-formation/runs/qgyhqyu7
2026-05-16T15:12:45.151966,702,3,17080.459146783884,1,3,0,2.0,0.14856834709644318,0.1496075838804245,0.11755223323901494,0.2690143783887227,0.010211777407675982,0,0.5979692339897156,0,LAND_B,LAND_B,LAND_B,2.1136176586151123,2.11641526222229,2.1226112842559814,0.1973264217376709,0.19219030439853668,0.18216004967689514,https://wandb.ai/ememchijioke-university-of-klagenfurt/marl-uav-mission-no-formation/runs/qgyhqyu7
2026-05-16T15:12:58.285161,703,3,17040.621747375375,1,3,0,2.0,0.14954443275928497,0.15455462038516998,0.11873205254475276,0.27052008112271625,0.017786346065501373,0,0.595832884311676,0,LAND_B,LAND_B,LAND_B,2.1202335357666016,2.120008945465088,2.115858316421509,0.1971067190170288,0.19320307672023773,0.18220147490501404,https://wandb.ai/ememchijioke-university-of-klagenfurt/marl-uav-mission-no-formation/runs/qgyhqyu7
2026-05-16T15:13:10.656094,704,3,16890.111355549936,1,3,0,2.0,0.15324858327706656,0.1604280322790146,0.12316484252611797,0.26827914516131085,0.023344010735551517,0,0.5980254411697388,0,LAND_B,LAND_B,LAND_B,2.1157679557800293,2.130768060684204,2.1223082542419434,0.19767756760120392,0.19289657473564148,0.18213938176631927,https://wandb.ai/ememchijioke-university-of-klagenfurt/marl-uav-mission-no-formation/runs/qgyhqyu7
2026-05-16T15:13:22.974420,705,3,16912.561139996236,1,3,0,2.0,0.15271130204200745,0.15787898004055023,0.12239837398131688,0.2658631404240926,0.019884104530016582,0,0.6002519726753235,0,LAND_B,LAND_B,LAND_B,2.1188697814941406,2.1273813247680664,2.1208655834198,0.19766174256801605,0.1932636797428131,0.1825314164161682,https://wandb.ai/ememchijioke-university-of-klagenfurt/marl-uav-mission-no-formation/runs/qgyhqyu7
2026-05-16T15:13:35.438706,706,3,17001.16357973574,1,3,0,2.0,0.14816318452358246,0.15778392553329468,0.11721485604842503,0.2681189874807994,0.019083423539996147,0,0.6033839583396912,0,LAND_B,LAND_B,LAND_B,2.1238486766815186,2.11474871635437,2.112588882446289,0.19735866785049438,0.19255273044109344,0.18181023001670837,https://wandb.ai/ememchijioke-university-of-klagenfurt/marl-uav-mission-no-formation/runs/qgyhqyu7
2026-05-16T15:13:48.643759,707,3,17005.606210895312,1,3,0,2.0,0.15055705110232034,0.15670344233512878,0.1200436105330785,0.26883522669474286,0.01724847825244069,0,0.6032304167747498,0,LAND_B,LAND_B,LAND_B,2.1132214069366455,2.1260251998901367,2.120652675628662,0.19690832495689392,0.19307276606559753,0.1818254590034485,https://wandb.ai/ememchijioke-university-of-klagenfurt/marl-uav-mission-no-formation/runs/qgyhqyu7
2026-05-16T15:14:01.708758,708,3,16922.370121604425,1,3,0,2.0,0.15205251177152,0.16331273317337036,0.12217101703087489,0.26697685321172077,0.01376150113840898,0,0.6071691513061523,0,LAND_B,LAND_B,LAND_B,2.1308341026306152,2.11808705329895,2.1160149574279785,0.19692520797252655,0.19242456555366516,0.18205536901950836,https://wandb.ai/ememchijioke-university-of-klagenfurt/marl-uav-mission-no-formation/runs/qgyhqyu7
2026-05-16T15:14:14.799106,709,3,16855.910765090688,1,3,0,2.0,0.15027190744876862,0.15102489292621613,0.11956024418274562,0.266976257165273,0.01457339571788907,0,0.5970116853713989,0,LAND_B,LAND_B,LAND_B,2.1157476902008057,2.118374824523926,2.12441349029541,0.19687236845493317,0.1931028813123703,0.1822916567325592,https://wandb.ai/ememchijioke-university-of-klagenfurt/marl-uav-mission-no-formation/runs/qgyhqyu7
2026-05-16T15:14:27.883414,710,3,16940.5118878671,1,3,0,2.0,0.15298369030157724,0.16146951913833618,0.12327529986699422,0.26793233553568524,0.013425125119586786,0,0.6033453941345215,0,LAND_B,LAND_B,LAND_B,2.128694534301758,2.12190842628479,2.1186232566833496,0.1968325972557068,0.1926094889640808,0.18219809234142303,https://wandb.ai/ememchijioke-university-of-klagenfurt/marl-uav-mission-no-formation/runs/qgyhqyu7
2026-05-16T15:14:41.293747,711,3,17535.96075609645,1,3,0,2.0,0.1515994817018509,0.16176432371139526,0.12145181496938069,0.2706173161665599,0.015732371093084414,0,0.5935807228088379,0,LAND_B,LAND_B,LAND_B,2.1291515827178955,2.1143088340759277,2.120380163192749,0.19734850525856018,0.1929662674665451,0.1814107596874237,https://wandb.ai/ememchijioke-university-of-klagenfurt/marl-uav-mission-no-formation/runs/qgyhqyu7
2026-05-16T15:14:53.895313,712,3,16845.932793908916,1,3,0,2.0,0.15538098911444345,0.15887035429477692,0.12537945061922073,0.26914403835932416,0.016961030041178066,0,0.5985328555107117,0,LAND_B,LAND_B,LAND_B,2.124962329864502,2.1214356422424316,2.129683494567871,0.19806917011737823,0.1934855878353119,0.18304874002933502,https://wandb.ai/ememchijioke-university-of-klagenfurt/marl-uav-mission-no-formation/runs/qgyhqyu7
2026-05-16T15:15:06.763292,713,3,16842.836251301724,1,3,0,2.0,0.1500569482644399,0.1528136283159256,0.11864812175432841,0.26551173130671185,0.02515180843571822,0,0.5961757302284241,0,LAND_B,LAND_B,LAND_B,2.116342067718506,2.1207263469696045,2.1185109615325928,0.19833649694919586,0.193590447306633,0.18317480385303497,https://wandb.ai/ememchijioke-university-of-klagenfurt/marl-uav-mission-no-formation/runs/qgyhqyu7
2026-05-16T15:15:19.417830,714,3,17044.80316822092,1,3,0,2.0,0.15204612910747528,0.155940443277359,0.12175459663073222,0.26907990376154584,0.01489642821252346,0,0.6032108664512634,0,LAND_B,LAND_B,LAND_B,2.1191744804382324,2.125192165374756,2.1203672885894775,0.19756481051445007,0.19289971888065338,0.18227456510066986,https://wandb.ai/ememchijioke-university-of-klagenfurt/marl-uav-mission-no-formation/runs/qgyhqyu7
2026-05-16T15:15:32.741395,715,3,16957.658710287666,1,3,0,2.0,0.15385675430297852,0.15591900050640106,0.1235379825035731,0.2705674171447754,0.005321263413255413,0,0.5883911848068237,0,LAND_B,LAND_B,LAND_B,2.118055820465088,2.124497652053833,2.126969575881958,0.19814938306808472,0.1937289834022522,0.18229837715625763,https://wandb.ai/ememchijioke-university-of-klagenfurt/marl-uav-mission-no-formation/runs/qgyhqyu7
2026-05-16T15:15:45.923257,716,3,16827.10748003896,1,3,0,2.0,0.1563223054011663,0.16184434294700623,0.1268928349018097,0.2711106340090434,0.018565841640035313,0,0.5885295867919922,0,LAND_B,LAND_B,LAND_B,2.126020669937134,2.132160186767578,2.1222190856933594,0.19795963168144226,0.19322852790355682,0.18238317966461182,https://wandb.ai/ememchijioke-university-of-klagenfurt/marl-uav-mission-no-formation/runs/qgyhqyu7
2026-05-16T15:15:57.845833,717,3,16878.058963857038,1,3,0,2.0,0.15568559865156809,0.15741337835788727,0.12578493853410086,0.2695823808511098,0.020849397405982018,0,0.5980514287948608,0,LAND_B,LAND_B,LAND_B,2.1195528507232666,2.126331090927124,2.131324529647827,0.1980632096529007,0.19377364218235016,0.18230196833610535,https://wandb.ai/ememchijioke-university-of-klagenfurt/marl-uav-mission-no-formation/runs/qgyhqyu7
2026-05-16T15:16:08.116327,718,3,16885.54937460369,1,3,0,2.0,0.15605134268601736,0.16105546057224274,0.12666714439789453,0.267987181742986,0.0204133956382672,0,0.6051753163337708,0,LAND_B,LAND_B,LAND_B,2.127896785736084,2.122465133666992,2.1289620399475098,0.19746778905391693,0.1934831738471985,0.18182438611984253,https://wandb.ai/ememchijioke-university-of-klagenfurt/marl-uav-mission-no-formation/runs/qgyhqyu7
2026-05-16T15:16:19.763582,719,3,16948.30433166963,1,3,0,2.0,0.15129895011583963,0.15611998736858368,0.12070284535487492,0.26976964871088666,0.017681302813192207,0,0.5901468992233276,0,LAND_B,LAND_B,LAND_B,2.122220993041992,2.1233365535736084,2.1160154342651367,0.19709207117557526,0.19351208209991455,0.1829068660736084,https://wandb.ai/ememchijioke-university-of-klagenfurt/marl-uav-mission-no-formation/runs/qgyhqyu7
2026-05-16T15:16:32.958165,720,3,16998.693608797024,1,3,0,2.0,0.14910364151000977,0.15514793992042542,0.11818528175354004,0.26735222339630127,0.009979534583787123,0,0.5953595638275146,0,LAND_B,LAND_B,LAND_B,2.1206095218658447,2.116966724395752,2.1165835857391357,0.19718627631664276,0.1929730772972107,0.18227334320545197,https://wandb.ai/ememchijioke-university-of-klagenfurt/marl-uav-mission-no-formation/runs/qgyhqyu7
2026-05-16T15:16:45.693755,721,3,17383.742997451147,1,3,0,2.0,0.15019966661930084,0.1520015299320221,0.11934133619070053,0.26755038897196454,0.01824290429552396,0,0.6080921292304993,0,LAND_B,LAND_B,LAND_B,2.116407871246338,2.1147117614746094,2.1256775856018066,0.19734631478786469,0.1933218240737915,0.1818287968635559,https://wandb.ai/ememchijioke-university-of-klagenfurt/marl-uav-mission-no-formation/runs/qgyhqyu7
2026-05-16T15:16:59.055541,722,3,17464.881541086466,1,3,0,2.0,0.1522485315799713,0.15936905145645142,0.12224855770667394,0.2656342089176178,0.02110597708572944,0,0.5960478186607361,0,LAND_B,LAND_B,LAND_B,2.1164135932922363,2.1292243003845215,2.1206302642822266,0.19713807106018066,0.1929153949022293,0.1814972460269928,https://wandb.ai/ememchijioke-university-of-klagenfurt/marl-uav-mission-no-formation/runs/qgyhqyu7
2026-05-16T15:17:12.241429,723,3,17466.90023470679,1,3,0,2.0,0.14959579209486643,0.1530735045671463,0.11923839896917343,0.2692001859347026,0.01735636591911316,0,0.5985416173934937,0,LAND_B,LAND_B,LAND_B,2.1153876781463623,2.1217691898345947,2.120542526245117,0.19644759595394135,0.19275537133216858,0.18115274608135223,https://wandb.ai/ememchijioke-university-of-klagenfurt/marl-uav-mission-no-formation/runs/qgyhqyu7
2026-05-16T15:17:24.467440,724,3,17513.87566786659,1,3,0,2.0,0.1522876669963201,0.15790049731731415,0.12230924268563588,0.2695452868938446,0.009790841955691576,0,0.5996177196502686,0,LAND_B,LAND_B,LAND_B,2.124541997909546,2.1226847171783447,2.119385004043579,0.19706623256206512,0.19319984316825867,0.1816502958536148,https://wandb.ai/ememchijioke-university-of-klagenfurt/marl-uav-mission-no-formation/runs/qgyhqyu7
2026-05-16T15:17:35.949123,725,3,16792.48321868442,1,3,0,2.0,0.15418785313765207,0.15607361495494843,0.12459491193294525,0.2694338858127594,0.009801059806098541,0,0.5992181897163391,0,LAND_B,LAND_B,LAND_B,2.119128465652466,2.125135660171509,2.1290221214294434,0.19639967381954193,0.19315721094608307,0.18205533921718597,https://wandb.ai/ememchijioke-university-of-klagenfurt/marl-uav-mission-no-formation/runs/qgyhqyu7
2026-05-16T15:17:48.111220,726,3,17507.80373797693,1,3,0,2.0,0.15107353528340658,0.1541367620229721,0.12081367274125417,0.26623956362406415,0.011900723446160555,0,0.5906676650047302,0,LAND_B,LAND_B,LAND_B,2.11979341506958,2.1195971965789795,2.122527837753296,0.1965932846069336,0.19303244352340698,0.18194319307804108,https://wandb.ai/ememchijioke-university-of-klagenfurt/marl-uav-mission-no-formation/runs/qgyhqyu7
2026-05-16T15:18:00.026929,727,3,17678.41599717807,1,3,0,2.0,0.15014465153217316,0.15357303619384766,0.11977770676215489,0.26959993441899616,0.010120927977065245,0,0.5938810110092163,0,LAND_B,LAND_B,LAND_B,2.114732027053833,2.122331380844116,2.1218740940093994,0.19668643176555634,0.19264960289001465,0.18150149285793304,https://wandb.ai/ememchijioke-university-of-klagenfurt/marl-uav-mission-no-formation/runs/qgyhqyu7
2026-05-16T15:18:12.229857,728,3,17054.200138876153,1,3,0,2.0,0.1509744922320048,0.15869131684303284,0.12065038333336513,0.27111708124478656,0.01261048453549544,0,0.5864946246147156,0,LAND_B,LAND_B,LAND_B,2.125624656677246,2.1156022548675537,2.1198012828826904,0.1966051459312439,0.19313086569309235,0.18213355541229248,https://wandb.ai/ememchijioke-university-of-klagenfurt/marl-uav-mission-no-formation/runs/qgyhqyu7
2026-05-16T15:18:23.954643,729,3,17409.485640601964,1,3,0,2.0,0.1572741319735845,0.16360275447368622,0.12847988804181418,0.2699208954970042,0.008751073076079289,0,0.5931012630462646,0,LAND_B,LAND_B,LAND_B,2.127516508102417,2.1344995498657227,2.1232523918151855,0.1970425248146057,0.19292134046554565,0.18186502158641815,https://wandb.ai/ememchijioke-university-of-klagenfurt/marl-uav-mission-no-formation/runs/qgyhqyu7
2026-05-16T15:18:36.292339,730,3,16863.36559945589,1,3,0,2.0,0.1544832686583201,0.1609521508216858,0.1252399906516075,0.2715725004673004,0.02282965990404288,0,0.5993400812149048,0,LAND_B,LAND_B,LAND_B,2.1288034915924072,2.1204674243927,2.1261167526245117,0.19648264348506927,0.19252492487430573,0.18183813989162445,https://wandb.ai/ememchijioke-university-of-klagenfurt/marl-uav-mission-no-formation/runs/qgyhqyu7
2026-05-16T15:18:48.041091,731,3,16892.184867578602,1,3,0,2.0,0.15758909285068512,0.16404558718204498,0.128762257595857,0.26821620265642804,0.019545701953272026,0,0.6025984883308411,0,LAND_B,LAND_B,LAND_B,2.1322147846221924,2.1327919960021973,2.1208503246307373,0.1969444751739502,0.1936129331588745,0.18191216886043549,https://wandb.ai/ememchijioke-university-of-klagenfurt/marl-uav-mission-no-formation/runs/qgyhqyu7
2026-05-16T15:18:59.338155,732,3,16875.911177556227,1,3,0,2.0,0.15321496625741324,0.16215349733829498,0.12324197590351105,0.26719234387079877,0.01521954375008742,0,0.5934644937515259,0,LAND_B,LAND_B,LAND_B,2.13017201423645,2.1173696517944336,2.1215834617614746,0.19668442010879517,0.19315950572490692,0.1829293966293335,https://wandb.ai/ememchijioke-university-of-klagenfurt/marl-uav-mission-no-formation/runs/qgyhqyu7
2026-05-16T15:19:11.857037,733,3,16759.200618021758,1,3,0,2.0,0.1537429541349411,0.15781787037849426,0.12364288171132405,0.26791776220003766,0.004262532417972882,0,0.6027740240097046,0,LAND_B,LAND_B,LAND_B,2.1168324947357178,2.126788377761841,2.127105474472046,0.19666188955307007,0.19395846128463745,0.18267616629600525,https://wandb.ai/ememchijioke-university-of-klagenfurt/marl-uav-mission-no-formation/runs/qgyhqyu7
2026-05-16T15:19:23.278936,734,3,17617.31674777048,1,3,0,2.0,0.15414639810721079,0.15728729963302612,0.12470128883918126,0.2680208583672841,0.022976618260145187,0,0.5958873629570007,0,LAND_B,LAND_B,LAND_B,2.121411085128784,2.1263318061828613,2.1262259483337402,0.19597990810871124,0.1936352252960205,0.18161244690418243,https://wandb.ai/ememchijioke-university-of-klagenfurt/marl-uav-mission-no-formation/runs/qgyhqyu7
2026-05-16T15:19:34.860175,735,3,16891.910430993088,1,3,0,2.0,0.15327589710553488,0.1610705703496933,0.1236117680867513,0.26884186267852783,0.011169648263603449,0,0.599463164806366,0,LAND_B,LAND_B,LAND_B,2.1291232109069824,2.123278856277466,2.1174182891845703,0.19586721062660217,0.19386038184165955,0.1820497065782547,https://wandb.ai/ememchijioke-university-of-klagenfurt/marl-uav-mission-no-formation/runs/qgyhqyu7
2026-05-16T15:19:46.674983,736,3,17017.248372655355,1,3,0,2.0,0.15205719073613486,0.15742050111293793,0.12216385205586751,0.26777974764506024,0.01700423937290907,0,0.5973435640335083,0,LAND_B,LAND_B,LAND_B,2.1146576404571533,2.126832962036133,2.1246531009674072,0.1957295835018158,0.19318856298923492,0.18185782432556152,https://wandb.ai/ememchijioke-university-of-klagenfurt/marl-uav-mission-no-formation/runs/qgyhqyu7
2026-05-16T15:19:59.500102,737,3,17519.701716830605,1,3,0,2.0,0.14708739519119263,0.1529044806957245,0.1158393993973732,0.26825453837712604,0.015610510172943274,0,0.6059187650680542,0,LAND_B,LAND_B,LAND_B,2.1182620525360107,2.11171555519104,2.1166276931762695,0.19636137783527374,0.19331128895282745,0.1817580610513687,https://wandb.ai/ememchijioke-university-of-klagenfurt/marl-uav-mission-no-formation/runs/qgyhqyu7
2026-05-16T15:20:12.340430,738,3,17354.179112370675,1,3,0,2.0,0.15064921975135803,0.15938647091388702,0.1202046126127243,0.27084969480832416,0.01023164577782154,0,0.5933797359466553,0,LAND_B,LAND_B,LAND_B,2.126365900039673,2.1147513389587402,2.1193788051605225,0.1970958411693573,0.19344253838062286,0.18143494427204132,https://wandb.ai/ememchijioke-university-of-klagenfurt/marl-uav-mission-no-formation/runs/qgyhqyu7
2026-05-16T15:20:24.897237,739,3,17412.727022701183,1,3,0,2.0,0.15404286483923593,0.1560644805431366,0.1243186245361964,0.2693267563978831,0.0162863756219546,0,0.601268470287323,0,LAND_B,LAND_B,LAND_B,2.1219801902770996,2.1216495037078857,2.1290085315704346,0.19705885648727417,0.1935196965932846,0.18141545355319977,https://wandb.ai/ememchijioke-university-of-klagenfurt/marl-uav-mission-no-formation/runs/qgyhqyu7
2026-05-16T15:20:37.887248,740,3,16810.91861906521,1,3,0,2.0,0.15284300843874613,0.15413407981395721,0.12256977707147598,0.2651575207710266,0.018518897704780102,0,0.5969831347465515,0,LAND_B,LAND_B,LAND_B,2.120124578475952,2.12136173248291,2.1261963844299316,0.19655492901802063,0.19408930838108063,0.18260127305984497,https://wandb.ai/ememchijioke-university-of-klagenfurt/marl-uav-mission-no-formation/runs/qgyhqyu7
2026-05-16T15:20:51.116457,741,3,17472.53312611254,1,3,0,2.0,0.15272367000579834,0.15757623314857483,0.1227752019961675,0.2634378870328267,0.014943983405828476,0,0.5901148319244385,0,LAND_B,LAND_B,LAND_B,2.1168994903564453,2.1267647743225098,2.1238245964050293,0.1969338357448578,0.19327443838119507,0.18149544298648834,https://wandb.ai/ememchijioke-university-of-klagenfurt/marl-uav-mission-no-formation/runs/qgyhqyu7
2026-05-16T15:21:04.622304,742,3,17545.08587354044,1,3,0,2.0,0.15142607192198435,0.15701459348201752,0.12112900366385777,0.2704697748025258,0.012303592481960854,0,0.6026290655136108,0,LAND_B,LAND_B,LAND_B,2.123375177383423,2.1159770488739014,2.1233067512512207,0.19710110127925873,0.1933521032333374,0.1814931035041809,https://wandb.ai/ememchijioke-university-of-klagenfurt/marl-uav-mission-no-formation/runs/qgyhqyu7
2026-05-16T15:21:16.656088,743,3,17630.874431415465,1,3,0,2.0,0.14972916742165884,0.15745750069618225,0.11949041734139125,0.2739620804786682,0.020713474601507187,0,0.6063573360443115,0,LAND_B,LAND_B,LAND_B,2.1236202716827393,2.1199443340301514,2.114182949066162,0.19711948931217194,0.1925351768732071,0.1808502972126007,https://wandb.ai/ememchijioke-university-of-klagenfurt/marl-uav-mission-no-formation/runs/qgyhqyu7
2026-05-16T15:21:29.282579,744,3,17372.86156692229,1,3,0,2.0,0.14834814767042795,0.15070706605911255,0.11705319583415985,0.27062936623891193,0.010696576287349066,0,0.5941551923751831,0,LAND_B,LAND_B,LAND_B,2.114323854446411,2.1166021823883057,2.1201181411743164,0.19817309081554413,0.19339248538017273,0.18098084628582,https://wandb.ai/ememchijioke-university-of-klagenfurt/marl-uav-mission-no-formation/runs/qgyhqyu7
2026-05-16T15:21:41.004204,745,3,17484.317729985556,1,3,0,2.0,0.1527368426322937,0.15850524604320526,0.12265391896168391,0.26735082268714905,0.015855873934924603,0,0.5855541229248047,0,LAND_B,LAND_B,LAND_B,2.1240949630737305,2.1196718215942383,2.1234982013702393,0.19857381284236908,0.19336803257465363,0.18044720590114594,https://wandb.ai/ememchijioke-university-of-klagenfurt/marl-uav-mission-no-formation/runs/qgyhqyu7
2026-05-16T15:21:53.609406,746,3,17448.484492853288,1,3,0,2.0,0.15039768318335214,0.1581457555294037,0.1196333219607671,0.2713310519854228,0.010235926213984689,0,0.5998050570487976,0,LAND_B,LAND_B,LAND_B,2.1240484714508057,2.1163110733032227,2.118457317352295,0.19808439910411835,0.19384366273880005,0.18105700612068176,https://wandb.ai/ememchijioke-university-of-klagenfurt/marl-uav-mission-no-formation/runs/qgyhqyu7
2026-05-16T15:22:06.484675,747,3,17594.916561789272,1,3,0,2.0,0.14949651062488556,0.1527155041694641,0.11851309984922409,0.26488375663757324,0.012792375559608141,0,0.5965096950531006,0,LAND_B,LAND_B,LAND_B,2.112508535385132,2.1206297874450684,2.1222100257873535,0.19819316267967224,0.19349144399166107,0.18058454990386963,https://wandb.ai/ememchijioke-university-of-klagenfurt/marl-uav-mission-no-formation/runs/qgyhqyu7
2026-05-16T15:22:18.794537,748,3,17430.241191835557,1,3,0,2.0,0.14946574966112772,0.15421821177005768,0.11856646339098613,0.26501697301864624,0.01351304848988851,0,0.6010382771492004,0,LAND_B,LAND_B,LAND_B,2.1112921237945557,2.1225180625915527,2.121572256088257,0.19801366329193115,0.19361840188503265,0.18021033704280853,https://wandb.ai/ememchijioke-university-of-klagenfurt/marl-uav-mission-no-formation/runs/qgyhqyu7
2026-05-16T15:22:32.048147,749,3,17652.44308234648,1,3,0,2.0,0.15014155209064484,0.15488845109939575,0.11965677638848622,0.27036547660827637,0.013676386326551437,0,0.5998983979225159,0,LAND_B,LAND_B,LAND_B,2.119945764541626,2.122089147567749,2.116562843322754,0.19799701869487762,0.19320499897003174,0.18044905364513397,https://wandb.ai/ememchijioke-university-of-klagenfurt/marl-uav-mission-no-formation/runs/qgyhqyu7
2026-05-16T15:22:43.557157,750,3,17601.70615870756,1,3,0,2.0,0.1484421193599701,0.1533869355916977,0.11780973772207896,0.2696939806143443,0.018846212575833004,0,0.5904077291488647,0,LAND_B,LAND_B,LAND_B,2.117814779281616,2.1218507289886475,2.113433361053467,0.19754758477210999,0.19304805994033813,0.17997565865516663,https://wandb.ai/ememchijioke-university-of-klagenfurt/marl-uav-mission-no-formation/runs/qgyhqyu7
2026-05-16T15:22:55.184476,751,3,17459.93750760432,1,3,0,2.0,0.15252952774365744,0.15773962438106537,0.1224455013871193,0.27182383338610333,0.015045113240679106,0,0.6033109426498413,0,LAND_B,LAND_B,LAND_B,2.1236536502838135,2.115158796310425,2.1281235218048096,0.19759830832481384,0.1932668536901474,0.18094925582408905,https://wandb.ai/ememchijioke-university-of-klagenfurt/marl-uav-mission-no-formation/runs/qgyhqyu7
2026-05-16T15:23:06.970707,752,3,16829.69518683483,1,3,0,2.0,0.15476863086223602,0.16133271157741547,0.1247879018386205,0.268533855676651,0.011167915537953377,0,0.6014696955680847,0,LAND_B,LAND_B,LAND_B,2.1127049922943115,2.131134510040283,2.1299827098846436,0.19761139154434204,0.19388355314731598,0.18160729110240936,https://wandb.ai/ememchijioke-university-of-klagenfurt/marl-uav-mission-no-formation/runs/qgyhqyu7
2026-05-16T15:23:17.651055,753,3,17403.044945602087,1,3,0,2.0,0.15431104600429535,0.161040261387825,0.12461575120687485,0.2711751461029053,0.00869164103642106,0,0.593194842338562,0,LAND_B,LAND_B,LAND_B,2.1222004890441895,2.131291151046753,2.120246410369873,0.19851920008659363,0.1931331753730774,0.18086174130439758,https://wandb.ai/ememchijioke-university-of-klagenfurt/marl-uav-mission-no-formation/runs/qgyhqyu7
2026-05-16T15:23:29.875829,754,3,17391.85511734012,1,3,0,2.0,0.15406249463558197,0.15422220528125763,0.12398016701141994,0.2675762474536896,0.01612360527118047,0,0.6027173399925232,0,LAND_B,LAND_B,LAND_B,2.1184914112091064,2.1226580142974854,2.1305525302886963,0.19853532314300537,0.19323262572288513,0.18134251236915588,https://wandb.ai/ememchijioke-university-of-klagenfurt/marl-uav-mission-no-formation/runs/qgyhqyu7
2026-05-16T15:23:40.973763,755,3,17683.834670604814,1,3,0,2.0,0.1540808230638504,0.15877126157283783,0.12445101638634999,0.2692033648490906,0.00799982319585979,0,0.5933867692947388,0,LAND_B,LAND_B,LAND_B,2.1251115798950195,2.125612258911133,2.1224184036254883,0.19769881665706635,0.19273807108402252,0.18173088133335114,https://wandb.ai/ememchijioke-university-of-klagenfurt/marl-uav-mission-no-formation/runs/qgyhqyu7
2026-05-16T15:23:51.436989,756,3,17537.514288799495,1,3,0,2.0,0.15409895777702332,0.1579691469669342,0.124505748351415,0.2679783304532369,0.01282698226471742,0,0.6007243990898132,0,LAND_B,LAND_B,LAND_B,2.123474359512329,2.1239500045776367,2.125957727432251,0.1985008716583252,0.19272522628307343,0.18041816353797913,https://wandb.ai/ememchijioke-university-of-klagenfurt/marl-uav-mission-no-formation/runs/qgyhqyu7
2026-05-16T15:24:04.105297,757,3,16809.866866779666,1,3,0,2.0,0.15244912107785544,0.15911352634429932,0.12245848029851913,0.2718989352385203,0.02008774441977342,0,0.5991547703742981,0,LAND_B,LAND_B,LAND_B,2.1255602836608887,2.11795973777771,2.1236064434051514,0.19769659638404846,0.19231417775154114,0.1818833351135254,https://wandb.ai/ememchijioke-university-of-klagenfurt/marl-uav-mission-no-formation/runs/qgyhqyu7
2026-05-16T15:24:16.615429,758,3,17355.33177798673,1,3,0,2.0,0.14961823324362436,0.15579703450202942,0.11857716739177704,0.26923614740371704,0.01262965922554334,0,0.5901638865470886,0,LAND_B,LAND_B,LAND_B,2.120457172393799,2.1120808124542236,2.1227023601531982,0.19861169159412384,0.19315366446971893,0.18106670677661896,https://wandb.ai/ememchijioke-university-of-klagenfurt/marl-uav-mission-no-formation/runs/qgyhqyu7
2026-05-16T15:24:28.980832,759,3,17609.510884443564,1,3,0,2.0,0.15066590905189514,0.15222316980361938,0.11991772303978603,0.26923319697380066,0.008980139236276349,0,0.5965287089347839,0,LAND_B,LAND_B,LAND_B,2.115874767303467,2.120375633239746,2.1234683990478516,0.19859592616558075,0.19313611090183258,0.18092621862888336,https://wandb.ai/ememchijioke-university-of-klagenfurt/marl-uav-mission-no-formation/runs/qgyhqyu7
2026-05-16T15:24:41.081380,760,3,17524.594028222713,1,3,0,2.0,0.15036308765411377,0.15747171640396118,0.11964746812979381,0.2726777195930481,0.011292001077284416,0,0.606849193572998,0,LAND_B,LAND_B,LAND_B,2.123396635055542,2.1137325763702393,2.1212453842163086,0.19734612107276917,0.1937321126461029,0.18148940801620483,https://wandb.ai/ememchijioke-university-of-klagenfurt/marl-uav-mission-no-formation/runs/qgyhqyu7
2026-05-16T15:24:53.231757,761,3,16842.404722996198,1,3,0,2.0,0.15109788874785104,0.15242214500904083,0.12053041408459346,0.27025965849558514,0.01156174554489553,0,0.5973638296127319,0,LAND_B,LAND_B,LAND_B,2.1173489093780518,2.1173975467681885,2.1266703605651855,0.19722937047481537,0.19350787997245789,0.18159475922584534,https://wandb.ai/ememchijioke-university-of-klagenfurt/marl-uav-mission-no-formation/runs/qgyhqyu7
2026-05-16T15:25:04.381011,762,3,17427.424113999154,1,3,0,2.0,0.15418283641338348,0.15801191329956055,0.12441627184549968,0.269335816303889,0.013140777436395487,0,0.6047161817550659,0,LAND_B,LAND_B,LAND_B,2.1232869625091553,2.1271071434020996,2.121835708618164,0.19769582152366638,0.19365788996219635,0.18142397701740265,https://wandb.ai/ememchijioke-university-of-klagenfurt/marl-uav-mission-no-formation/runs/qgyhqyu7
2026-05-16T15:25:16.750682,763,3,16973.08466911574,1,3,0,2.0,0.1519741415977478,0.1622556746006012,0.12154999126990636,0.26618923743565875,0.008034443249925971,0,0.5948008298873901,0,LAND_B,LAND_B,LAND_B,2.1299750804901123,2.1133430004119873,2.121237277984619,0.1971234679222107,0.1937372237443924,0.18226398527622223,https://wandb.ai/ememchijioke-university-of-klagenfurt/marl-uav-mission-no-formation/runs/qgyhqyu7
2026-05-16T15:25:28.930848,764,3,16943.98804432203,1,3,0,2.0,0.1493480106194814,0.15461060404777527,0.11873965958754222,0.2692059278488159,0.018448399379849434,0,0.592409074306488,0,LAND_B,LAND_B,LAND_B,2.1207211017608643,2.1146371364593506,2.1207199096679688,0.19657979905605316,0.19247646629810333,0.18219029903411865,https://wandb.ai/ememchijioke-university-of-klagenfurt/marl-uav-mission-no-formation/runs/qgyhqyu7
2026-05-16T15:25:39.527168,765,3,17399.511215334183,1,3,0,2.0,0.15328473846117655,0.15667100250720978,0.12407086789608002,0.27018659313519794,0.00767161122833689,0,0.6005587577819824,0,LAND_B,LAND_B,LAND_B,2.1235077381134033,2.1230218410491943,2.1255366802215576,0.19635611772537231,0.19242702424526215,0.18065369129180908,https://wandb.ai/ememchijioke-university-of-klagenfurt/marl-uav-mission-no-formation/runs/qgyhqyu7
2026-05-16T15:25:51.403281,766,3,17511.193715190548,1,3,0,2.0,0.14912998179594675,0.15372665226459503,0.11853170643250148,0.26725083589553833,0.015214711738129457,0,0.6004971265792847,0,LAND_B,LAND_B,LAND_B,2.1193735599517822,2.1156270503997803,2.1203484535217285,0.19681064784526825,0.19263075292110443,0.1814831793308258,https://wandb.ai/ememchijioke-university-of-klagenfurt/marl-uav-mission-no-formation/runs/qgyhqyu7
2026-05-16T15:26:04.296338,767,3,17599.675516180487,1,3,0,2.0,0.15133439004421234,0.1580994576215744,0.12172195067008336,0.2696385085582733,0.01537005448093017,0,0.5940915942192078,0,LAND_B,LAND_B,LAND_B,2.1239898204803467,2.128147840499878,2.1123807430267334,0.19676516950130463,0.19189885258674622,0.1809566169977188,https://wandb.ai/ememchijioke-university-of-klagenfurt/marl-uav-mission-no-formation/runs/qgyhqyu7
2026-05-16T15:26:16.615033,768,3,17621.93800905512,1,3,0,2.0,0.1519085963567098,0.15901091694831848,0.12221793085336685,0.2727610568205516,0.009294449662168821,0,0.5971091985702515,0,LAND_B,LAND_B,LAND_B,2.1256465911865234,2.1231729984283447,2.1169183254241943,0.19696159660816193,0.19238783419132233,0.1811266839504242,https://wandb.ai/ememchijioke-university-of-klagenfurt/marl-uav-mission-no-formation/runs/qgyhqyu7
2026-05-16T15:26:28.963908,769,3,17493.184497260805,1,3,0,2.0,0.14853335916996002,0.15274378657341003,0.11790973196427028,0.27192409833272296,0.01994359741608302,0,0.603845477104187,0,LAND_B,LAND_B,LAND_B,2.114992380142212,2.121169328689575,2.117288827896118,0.19663795828819275,0.19293054938316345,0.18086373805999756,https://wandb.ai/ememchijioke-university-of-klagenfurt/marl-uav-mission-no-formation/runs/qgyhqyu7
2026-05-16T15:26:42.367077,770,3,16811.107198088546,1,3,0,2.0,0.1516368289788564,0.15469205379486084,0.12161234517892201,0.2714718480904897,0.015402725897729397,0,0.6020687222480774,0,LAND_B,LAND_B,LAND_B,2.1137540340423584,2.1240429878234863,2.126554012298584,0.19670020043849945,0.19220305979251862,0.18173260986804962,https://wandb.ai/ememchijioke-university-of-klagenfurt/marl-uav-mission-no-formation/runs/qgyhqyu7
2026-05-16T15:26:54.575514,771,3,16943.496163179407,1,3,0,2.0,0.15134242673714957,0.15333829820156097,0.1207834854722023,0.27031142512957257,0.014805573970079422,0,0.59049391746521,0,LAND_B,LAND_B,LAND_B,2.118422269821167,2.1197309494018555,2.1238927841186523,0.19732238352298737,0.19361068308353424,0.1819125860929489,https://wandb.ai/ememchijioke-university-of-klagenfurt/marl-uav-mission-no-formation/runs/qgyhqyu7
2026-05-16T15:27:07.499984,772,3,16930.217822614333,1,3,0,2.0,0.1538458913564682,0.15900637209415436,0.12387150277694066,0.27037344376246136,0.015700664681692917,0,0.5999957323074341,0,LAND_B,LAND_B,LAND_B,2.1255486011505127,2.127688407897949,2.117884635925293,0.19725364446640015,0.19396062195301056,0.18235118687152863,https://wandb.ai/ememchijioke-university-of-klagenfurt/marl-uav-mission-no-formation/runs/qgyhqyu7
2026-05-16T15:27:19.530360,773,3,17622.76619953404,1,3,0,2.0,0.1478096048037211,0.15269532799720764,0.11634495109319687,0.26394105950991315,0.010548966626326243,0,0.5959839224815369,0,LAND_B,LAND_B,LAND_B,2.1165387630462646,2.1199734210968018,2.1121082305908203,0.1971290111541748,0.1940520852804184,0.18209290504455566,https://wandb.ai/ememchijioke-university-of-klagenfurt/marl-uav-mission-no-formation/runs/qgyhqyu7
2026-05-16T15:27:32.614921,774,3,16835.116262494477,1,3,0,2.0,0.15017880002657572,0.16034121811389923,0.11910704523324966,0.2701148986816406,0.019360695344706375,0,0.5932451486587524,0,LAND_B,LAND_B,LAND_B,2.1269936561584473,2.1154849529266357,2.114457368850708,0.19782432913780212,0.19420582056045532,0.1821521669626236,https://wandb.ai/ememchijioke-university-of-klagenfurt/marl-uav-mission-no-formation/runs/qgyhqyu7
2026-05-16T15:27:43.398412,775,3,17410.601084033162,1,3,0,2.0,0.15145831803480783,0.1539621651172638,0.12103546410799026,0.26933648188908893,0.016024913949271042,0,0.5953518152236938,0,LAND_B,LAND_B,LAND_B,2.118924140930176,2.1157941818237305,2.1281440258026123,0.19754576683044434,0.19333843886852264,0.18108543753623962,https://wandb.ai/ememchijioke-university-of-klagenfurt/marl-uav-mission-no-formation/runs/qgyhqyu7
2026-05-16T15:27:56.502328,776,3,17544.444469374586,1,3,0,2.0,0.15179858605066934,0.15773563086986542,0.12178524831930797,0.27301114797592163,0.017370821597675484,0,0.5961496829986572,0,LAND_B,LAND_B,LAND_B,2.1242711544036865,2.1254918575286865,2.1154966354370117,0.1971052885055542,0.19291625916957855,0.18168213963508606,https://wandb.ai/ememchijioke-university-of-klagenfurt/marl-uav-mission-no-formation/runs/qgyhqyu7
2026-05-16T15:28:09.496728,777,3,16843.567143056236,1,3,0,2.0,0.15448448061943054,0.1588892787694931,0.1247978260119756,0.2725961009661357,0.01655942729363839,0,0.6016994118690491,0,LAND_B,LAND_B,LAND_B,2.1254959106445312,2.1212189197540283,2.127229690551758,0.1973532885313034,0.19317564368247986,0.18199092149734497,https://wandb.ai/ememchijioke-university-of-klagenfurt/marl-uav-mission-no-formation/runs/qgyhqyu7
2026-05-16T15:28:22.447714,778,3,17548.067710714087,1,3,0,2.0,0.1530098815759023,0.15919546782970428,0.12343329687913258,0.27196477850278217,0.010581821048011383,0,0.5916934609413147,0,LAND_B,LAND_B,LAND_B,2.1258702278137207,2.1222612857818604,2.1218066215515137,0.1974179446697235,0.19227084517478943,0.1812228411436081,https://wandb.ai/ememchijioke-university-of-klagenfurt/marl-uav-mission-no-formation/runs/qgyhqyu7
2026-05-16T15:28:35.772842,779,3,17165.475252442753,1,3,0,2.0,0.1488126516342163,0.15294159948825836,0.11746908475955327,0.2699698607126872,0.012008638742069403,0,0.5899677276611328,0,LAND_B,LAND_B,LAND_B,2.116954803466797,2.1121881008148193,2.1229541301727295,0.19853709638118744,0.19244736433029175,0.18219010531902313,https://wandb.ai/ememchijioke-university-of-klagenfurt/marl-uav-mission-no-formation/runs/qgyhqyu7
2026-05-16T15:28:48.781884,780,3,17017.498600521038,1,3,0,2.0,0.15438284973303476,0.16060712933540344,0.12489831199248631,0.26742740472157794,0.022618024920423824,0,0.5989598035812378,0,LAND_B,LAND_B,LAND_B,2.127840042114258,2.1208229064941406,2.125929117202759,0.19721844792366028,0.19267721474170685,0.18183787167072296,https://wandb.ai/ememchijioke-university-of-klagenfurt/marl-uav-mission-no-formation/runs/qgyhqyu7
2026-05-16T15:29:01.236194,781,3,16901.095343578258,1,3,0,2.0,0.15167397260665894,0.15840300917625427,0.12117058287064235,0.266462375720342,0.006700388000657161,0,0.5953842997550964,0,LAND_B,LAND_B,LAND_B,2.116809844970703,2.1281332969665527,2.1179652214050293,0.19798462092876434,0.1931120902299881,0.18201035261154175,https://wandb.ai/ememchijioke-university-of-klagenfurt/marl-uav-mission-no-formation/runs/qgyhqyu7
2026-05-16T15:29:14.140163,782,3,16981.399387378755,1,3,0,2.0,0.15047026673952738,0.15756791830062866,0.11908169090747833,0.2706434428691864,0.009442403951349357,0,0.5945824980735779,0,LAND_B,LAND_B,LAND_B,2.1129631996154785,2.1266300678253174,2.1173510551452637,0.19751496613025665,0.19375015795230865,0.18412943184375763,https://wandb.ai/ememchijioke-university-of-klagenfurt/marl-uav-mission-no-formation/runs/qgyhqyu7
2026-05-16T15:29:26.382479,783,3,16953.13437736063,1,3,0,2.0,0.14964166283607483,0.15342336893081665,0.1182549570997556,0.26765583952267963,0.010912724460164705,0,0.586788535118103,0,LAND_B,LAND_B,LAND_B,2.118967294692993,2.116053819656372,2.1192688941955566,0.1968403160572052,0.1934058517217636,0.1844988465309143,https://wandb.ai/ememchijioke-university-of-klagenfurt/marl-uav-mission-no-formation/runs/qgyhqyu7
2026-05-16T15:29:39.945615,784,3,16791.83950754561,1,3,0,2.0,0.15278621514638266,0.15988710522651672,0.12208857387304306,0.26724908749262494,0.010750324775775274,0,0.5982358455657959,0,LAND_B,LAND_B,LAND_B,2.126683473587036,2.12332820892334,2.1158125400543213,0.197365403175354,0.19372543692588806,0.1844426989555359,https://wandb.ai/ememchijioke-university-of-klagenfurt/marl-uav-mission-no-formation/runs/qgyhqyu7
2026-05-16T15:29:52.676211,785,3,16923.93249707057,1,3,0,2.0,0.15092778205871582,0.15840363502502441,0.11999740451574326,0.2699888050556183,0.013222265600537261,0,0.5965713262557983,0,LAND_B,LAND_B,LAND_B,2.125065326690674,2.118504285812378,2.1154727935791016,0.19672442972660065,0.1935223937034607,0.1842811405658722,https://wandb.ai/ememchijioke-university-of-klagenfurt/marl-uav-mission-no-formation/runs/qgyhqyu7
2026-05-16T15:30:06.359496,786,3,16854.720911385128,1,3,0,2.0,0.1516611228386561,0.15235771238803864,0.12095786382754643,0.2737928529580434,0.01814656239002943,0,0.6009488701820374,0,LAND_B,LAND_B,LAND_B,2.117821455001831,2.1197164058685303,2.125077724456787,0.1963445395231247,0.19291117787361145,0.18467487394809723,https://wandb.ai/ememchijioke-university-of-klagenfurt/marl-uav-mission-no-formation/runs/qgyhqyu7
2026-05-16T15:30:19.270629,787,3,16924.187979040264,1,3,0,2.0,0.15255612134933472,0.1539810299873352,0.12179504086573918,0.2667298913002014,0.014749198220670223,0,0.6100676655769348,0,LAND_B,LAND_B,LAND_B,2.119191884994507,2.122067451477051,2.1232283115386963,0.1967778503894806,0.19347086548805237,0.1849609911441803,https://wandb.ai/ememchijioke-university-of-klagenfurt/marl-uav-mission-no-formation/runs/qgyhqyu7
2026-05-16T15:30:30.687345,788,3,16801.4293098552,1,3,0,2.0,0.1535693754752477,0.15483592450618744,0.12302037080128987,0.2718363602956136,0.011351057638724646,0,0.5982164740562439,0,LAND_B,LAND_B,LAND_B,2.119751214981079,2.123509168624878,2.1253859996795654,0.19678623974323273,0.19330157339572906,0.18521903455257416,https://wandb.ai/ememchijioke-university-of-klagenfurt/marl-uav-mission-no-formation/runs/qgyhqyu7
2026-05-16T15:30:43.343805,789,3,16898.78939452911,1,3,0,2.0,0.1525308539470037,0.15824832022190094,0.12152174115180969,0.26814042528470355,0.015958996800084908,0,0.5994716286659241,0,LAND_B,LAND_B,LAND_B,2.1241466999053955,2.1240482330322266,2.115922451019287,0.1975984126329422,0.1934516727924347,0.18544957041740417,https://wandb.ai/ememchijioke-university-of-klagenfurt/marl-uav-mission-no-formation/runs/qgyhqyu7
2026-05-16T15:30:56.566957,790,3,16768.865254228214,1,3,0,2.0,0.15122780203819275,0.1594848781824112,0.11991531401872635,0.2704887588818868,0.00784148850167791,0,0.6008652448654175,0,LAND_B,LAND_B,LAND_B,2.12609601020813,2.1196036338806152,2.113382577896118,0.19712135195732117,0.19320367276668549,0.18609145283699036,https://wandb.ai/ememchijioke-university-of-klagenfurt/marl-uav-mission-no-formation/runs/qgyhqyu7
2026-05-16T15:31:09.534176,791,3,16801.916009677512,1,3,0,2.0,0.15486660599708557,0.15978069603443146,0.12434606005748113,0.26908791065216064,0.019083580933511257,0,0.5918708443641663,0,LAND_B,LAND_B,LAND_B,2.1270267963409424,2.1262927055358887,2.119318723678589,0.19692091643810272,0.19363348186016083,0.1863420009613037,https://wandb.ai/ememchijioke-university-of-klagenfurt/marl-uav-mission-no-formation/runs/qgyhqyu7
2026-05-16T15:31:22.718917,792,3,16838.29671457252,1,3,0,2.0,0.15346495310465494,0.15699714422225952,0.12252235909303029,0.26894086599349976,0.01160584669560194,0,0.6112570762634277,0,LAND_B,LAND_B,LAND_B,2.1227452754974365,2.1174564361572266,2.126250743865967,0.19730877876281738,0.1932215392589569,0.18625333905220032,https://wandb.ai/ememchijioke-university-of-klagenfurt/marl-uav-mission-no-formation/runs/qgyhqyu7
2026-05-16T15:31:35.759551,793,3,16955.619514646143,1,3,0,2.0,0.15158005555470785,0.16239891946315765,0.1201062227288882,0.26711079478263855,0.019253643540044624,0,0.5979334115982056,0,LAND_B,LAND_B,LAND_B,2.130167007446289,2.116976261138916,2.112755537033081,0.19680668413639069,0.19339028000831604,0.18714004755020142,https://wandb.ai/ememchijioke-university-of-klagenfurt/marl-uav-mission-no-formation/runs/qgyhqyu7
2026-05-16T15:31:49.018176,794,3,16895.757475195103,1,3,0,2.0,0.15131321549415588,0.15435844659805298,0.12026083469390869,0.26875364780426025,0.013750211413328847,0,0.5963905453681946,0,LAND_B,LAND_B,LAND_B,2.117706537246704,2.1233317852020264,2.1194300651550293,0.19617082178592682,0.19279745221138,0.18630103766918182,https://wandb.ai/ememchijioke-university-of-klagenfurt/marl-uav-mission-no-formation/runs/qgyhqyu7
2026-05-16T15:32:00.795539,795,3,16826.677382046,1,3,0,2.0,0.15306476255257925,0.1568179577589035,0.12234749644994736,0.2693990468978882,0.007845968939363956,0,0.5913884043693542,0,LAND_B,LAND_B,LAND_B,2.1165454387664795,2.1262452602386475,2.1239380836486816,0.19624537229537964,0.19276243448257446,0.18649333715438843,https://wandb.ai/ememchijioke-university-of-klagenfurt/marl-uav-mission-no-formation/runs/qgyhqyu7
2026-05-16T15:32:13.404538,796,3,16831.980390867597,1,3,0,2.0,0.15071979661782584,0.15881489217281342,0.11961531390746434,0.26907307902971905,0.015065862176318964,0,0.5848684310913086,0,LAND_B,LAND_B,LAND_B,2.126392364501953,2.111264228820801,2.1203153133392334,0.19582723081111908,0.1927855759859085,0.1861685812473297,https://wandb.ai/ememchijioke-university-of-klagenfurt/marl-uav-mission-no-formation/runs/qgyhqyu7
2026-05-16T15:32:25.317521,797,3,16829.321505327072,1,3,0,2.0,0.15226518114407858,0.16013531386852264,0.12160484244426091,0.2659662465254466,0.009772756525004903,0,0.5961338877677917,0,LAND_B,LAND_B,LAND_B,2.127765655517578,2.116577625274658,2.120338201522827,0.19648317992687225,0.19245553016662598,0.18580715358257294,https://wandb.ai/ememchijioke-university-of-klagenfurt/marl-uav-mission-no-formation/runs/qgyhqyu7
2026-05-16T15:32:35.929532,798,3,16839.934276654876,1,3,0,2.0,0.15042578677336374,0.1553473323583603,0.1195986419916153,0.2700631419817607,0.012140117896099886,0,0.5932514667510986,0,LAND_B,LAND_B,LAND_B,2.121938467025757,2.118509531021118,2.11771297454834,0.1961231380701065,0.1922733336687088,0.18518011271953583,https://wandb.ai/ememchijioke-university-of-klagenfurt/marl-uav-mission-no-formation/runs/qgyhqyu7
2026-05-16T15:32:49.088797,799,3,16773.70261631315,1,3,0,2.0,0.1497997244199117,0.15157149732112885,0.11878938972949982,0.2703333795070648,0.01725310894350211,0,0.6031985878944397,0,LAND_B,LAND_B,LAND_B,2.1173012256622314,2.1162045001983643,2.1222922801971436,0.1957637220621109,0.19232682883739471,0.18529047071933746,https://wandb.ai/ememchijioke-university-of-klagenfurt/marl-uav-mission-no-formation/runs/qgyhqyu7
2026-05-16T15:33:02.174093,800,3,16853.505448027765,1,3,0,2.0,0.15318356454372406,0.15459291636943817,0.12294704218705495,0.2659937342007955,0.005854882299900055,0,0.6052441000938416,0,LAND_B,LAND_B,LAND_B,2.1204192638397217,2.1239635944366455,2.1237313747406006,0.19591748714447021,0.19229888916015625,0.18561579287052155,https://wandb.ai/ememchijioke-university-of-klagenfurt/marl-uav-mission-no-formation/runs/qgyhqyu7
2026-05-16T15:33:15.327571,801,3,16822.211651255042,1,3,0,2.0,0.15400657057762146,0.1596774458885193,0.12422281752030055,0.27122432986895245,0.00906802217165629,0,0.5983307957649231,0,LAND_B,LAND_B,LAND_B,2.1275556087493896,2.12509822845459,2.1199662685394287,0.19605422019958496,0.19140872359275818,0.18558773398399353,https://wandb.ai/ememchijioke-university-of-klagenfurt/marl-uav-mission-no-formation/runs/qgyhqyu7
2026-05-16T15:33:28.381487,802,3,16874.07584237626,1,3,0,2.0,0.1504106173912684,0.15267421305179596,0.11932713041702907,0.27135398983955383,0.010969080030918121,0,0.601794958114624,0,LAND_B,LAND_B,LAND_B,2.1182191371917725,2.1210076808929443,2.118406057357788,0.19658754765987396,0.19184015691280365,0.1860629916191101,https://wandb.ai/ememchijioke-university-of-klagenfurt/marl-uav-mission-no-formation/runs/qgyhqyu7
2026-05-16T15:33:41.597497,803,3,16835.362431715745,1,3,0,2.0,0.15113880236943564,0.15388187766075134,0.12046363701423009,0.2688764731089274,0.007419015668953459,0,0.5886290669441223,0,LAND_B,LAND_B,LAND_B,2.1168699264526367,2.1231689453125,2.1208603382110596,0.19586411118507385,0.1919185072183609,0.18572786450386047,https://wandb.ai/ememchijioke-university-of-klagenfurt/marl-uav-mission-no-formation/runs/qgyhqyu7
2026-05-16T15:33:54.391545,804,3,16881.090408376298,1,3,0,2.0,0.15223561724027,0.15722833573818207,0.12162530422210693,0.26894917090733844,0.017789216401676338,0,0.5946347117424011,0,LAND_B,LAND_B,LAND_B,2.123920440673828,2.1184372901916504,2.12233829498291,0.19658347964286804,0.1919478178024292,0.18594729900360107,https://wandb.ai/ememchijioke-university-of-klagenfurt/marl-uav-mission-no-formation/runs/qgyhqyu7
2026-05-16T15:34:07.649244,805,3,16942.50290615289,1,3,0,2.0,0.14887114862600961,0.15137870609760284,0.11760888993740082,0.26902254422505695,0.01349271775688976,0,0.5995193719863892,0,LAND_B,LAND_B,LAND_B,2.116687059402466,2.116304874420166,2.119716167449951,0.1963827908039093,0.19214901328086853,0.18494044244289398,https://wandb.ai/ememchijioke-university-of-klagenfurt/marl-uav-mission-no-formation/runs/qgyhqyu7
2026-05-16T15:34:20.595201,806,3,16873.248477957473,1,3,0,2.0,0.1534676899512609,0.15631183981895447,0.12285603831211726,0.26817068457603455,0.019408727685610454,0,0.5954440236091614,0,LAND_B,LAND_B,LAND_B,2.117133617401123,2.126185655593872,2.1249094009399414,0.19733230769634247,0.19209422171115875,0.18592873215675354,https://wandb.ai/ememchijioke-university-of-klagenfurt/marl-uav-mission-no-formation/runs/qgyhqyu7
2026-05-16T15:34:33.513306,807,3,16895.397499083265,1,3,0,2.0,0.15207061171531677,0.15833474695682526,0.12129770219326019,0.2690425515174866,0.01683061042179664,0,0.5999439358711243,0,LAND_B,LAND_B,LAND_B,2.1250839233398438,2.122483968734741,2.1157286167144775,0.1967684030532837,0.19286665320396423,0.18549178540706635,https://wandb.ai/ememchijioke-university-of-klagenfurt/marl-uav-mission-no-formation/runs/qgyhqyu7
2026-05-16T15:34:46.233929,808,3,16808.37845812961,1,3,0,2.0,0.15117128193378448,0.15459144115447998,0.12014014770587285,0.2694435815016429,0.010823954828083515,0,0.598151445388794,0,LAND_B,LAND_B,LAND_B,2.114069938659668,2.1172826290130615,2.1290323734283447,0.19670173525810242,0.19250358641147614,0.1851012110710144,https://wandb.ai/ememchijioke-university-of-klagenfurt/marl-uav-mission-no-formation/runs/qgyhqyu7
2026-05-16T15:34:59.195133,809,3,17026.665267280725,1,3,0,2.0,0.14998739461104074,0.15889932215213776,0.11886271834373474,0.2712716857592265,0.015412560664117336,0,0.590528666973114,0,LAND_B,LAND_B,LAND_B,2.126345634460449,2.1156575679779053,2.1142730712890625,0.19626648724079132,0.19253328442573547,0.1855650544166565,https://wandb.ai/ememchijioke-university-of-klagenfurt/marl-uav-mission-no-formation/runs/qgyhqyu7
2026-05-16T15:35:12.452989,810,3,16882.261957239283,1,3,0,2.0,0.1511764278014501,0.15654818713665009,0.1203613355755806,0.2682143449783325,0.01624009230484565,0,0.5983088612556458,0,LAND_B,LAND_B,LAND_B,2.1233513355255127,2.1195623874664307,2.117962121963501,0.19638517498970032,0.19204774498939514,0.1859060525894165,https://wandb.ai/ememchijioke-university-of-klagenfurt/marl-uav-mission-no-formation/runs/qgyhqyu7
2026-05-16T15:35:24.752046,811,3,16884.847323579626,1,3,0,2.0,0.14980774621168771,0.15803323686122894,0.1188778355717659,0.2711905539035797,0.016914012065778177,0,0.5902779698371887,0,LAND_B,LAND_B,LAND_B,2.125396966934204,2.115504503250122,2.115327835083008,0.19592419266700745,0.19203728437423706,0.18544960021972656,https://wandb.ai/ememchijioke-university-of-klagenfurt/marl-uav-mission-no-formation/runs/qgyhqyu7
2026-05-16T15:35:37.967443,812,3,16824.56174466898,1,3,0,2.0,0.15472452342510223,0.15607759356498718,0.12459679196278255,0.26834853490193683,0.010855421191081405,0,0.6007062196731567,0,LAND_B,LAND_B,LAND_B,2.12203311920166,2.124446392059326,2.126258134841919,0.19698093831539154,0.19166874885559082,0.18620213866233826,https://wandb.ai/ememchijioke-university-of-klagenfurt/marl-uav-mission-no-formation/runs/qgyhqyu7
2026-05-16T15:35:51.125881,813,3,17004.193779555655,1,3,0,2.0,0.15037005643049875,0.15819621086120605,0.12002563724915187,0.268881897131602,0.013994795425484577,0,0.5879867076873779,0,LAND_B,LAND_B,LAND_B,2.126110315322876,2.1194300651550293,2.1141765117645264,0.1955103576183319,0.19160614907741547,0.18461258709430695,https://wandb.ai/ememchijioke-university-of-klagenfurt/marl-uav-mission-no-formation/runs/qgyhqyu7
2026-05-16T15:36:04.332005,814,3,16821.000911373827,1,3,0,2.0,0.15082283318042755,0.15714237093925476,0.12030218789974849,0.2711033721764882,0.012089789224167665,0,0.593761146068573,0,LAND_B,LAND_B,LAND_B,2.1242055892944336,2.11726975440979,2.119281530380249,0.19620761275291443,0.19183188676834106,0.18469737470149994,https://wandb.ai/ememchijioke-university-of-klagenfurt/marl-uav-mission-no-formation/runs/qgyhqyu7
2026-05-16T15:36:17.553669,815,3,16825.79184075325,1,3,0,2.0,0.1507356067498525,0.15255258977413177,0.12040529400110245,0.269870787858963,0.008624047312575081,0,0.601799488067627,0,LAND_B,LAND_B,LAND_B,2.1134817600250244,2.122009038925171,2.1253442764282227,0.19564169645309448,0.19144372642040253,0.18424245715141296,https://wandb.ai/ememchijioke-university-of-klagenfurt/marl-uav-mission-no-formation/runs/qgyhqyu7
2026-05-16T15:36:30.657649,816,3,16791.670141812323,1,3,0,2.0,0.15418502191702524,0.16143257915973663,0.12463640173276265,0.2728709975878398,0.012322026615341505,0,0.6047402024269104,0,LAND_B,LAND_B,LAND_B,2.129275321960449,2.124476194381714,2.119760751724243,0.1963721215724945,0.19126424193382263,0.18462340533733368,https://wandb.ai/ememchijioke-university-of-klagenfurt/marl-uav-mission-no-formation/runs/qgyhqyu7
2026-05-16T15:36:42.644257,817,3,16925.975666847236,1,3,0,2.0,0.15473973751068115,0.15988224744796753,0.1253012791275978,0.26957719524701435,0.012514158462484678,0,0.5864534378051758,0,LAND_B,LAND_B,LAND_B,2.127779006958008,2.1289305686950684,2.118833541870117,0.1958547979593277,0.19212710857391357,0.18435382843017578,https://wandb.ai/ememchijioke-university-of-klagenfurt/marl-uav-mission-no-formation/runs/qgyhqyu7
2026-05-16T15:36:55.536489,818,3,16822.10168653141,1,3,0,2.0,0.1530243456363678,0.15479940176010132,0.12294651567935944,0.2687609891096751,0.01855793595314026,0,0.5970750451087952,0,LAND_B,LAND_B,LAND_B,2.1212453842163086,2.122203826904297,2.12514591217041,0.1961347609758377,0.19155679643154144,0.18529319763183594,https://wandb.ai/ememchijioke-university-of-klagenfurt/marl-uav-mission-no-formation/runs/qgyhqyu7
2026-05-16T15:37:07.788787,819,3,16871.06177514167,1,3,0,2.0,0.1529893378416697,0.156561478972435,0.12265600015719731,0.2700426975886027,0.020178388183315594,0,0.5970827341079712,0,LAND_B,LAND_B,LAND_B,2.117751121520996,2.126845598220825,2.1229360103607178,0.19658683240413666,0.1917209029197693,0.1855851709842682,https://wandb.ai/ememchijioke-university-of-klagenfurt/marl-uav-mission-no-formation/runs/qgyhqyu7
2026-05-16T15:37:20.200013,820,3,16848.309463475332,1,3,0,2.0,0.14969246089458466,0.15280771255493164,0.11869744956493378,0.2682085831960042,0.012738192298760017,0,0.5925370454788208,0,LAND_B,LAND_B,LAND_B,2.1172595024108887,2.121765375137329,2.1168594360351562,0.19568265974521637,0.19221118092536926,0.1855522245168686,https://wandb.ai/ememchijioke-university-of-klagenfurt/marl-uav-mission-no-formation/runs/qgyhqyu7
2026-05-16T15:37:31.803328,821,3,16962.993511996283,1,3,0,2.0,0.15235696732997894,0.15846094489097595,0.12197255591551463,0.26698926091194153,0.013502879068255424,0,0.6021149754524231,0,LAND_B,LAND_B,LAND_B,2.1255199909210205,2.1251449584960938,2.114854097366333,0.19663740694522858,0.1920890361070633,0.1851312518119812,https://wandb.ai/ememchijioke-university-of-klagenfurt/marl-uav-mission-no-formation/runs/qgyhqyu7
2026-05-16T15:37:44.621357,822,3,16810.89475620646,1,3,0,2.0,0.1544626404841741,0.15692028403282166,0.12449448307355244,0.2703932623068492,0.01982074122255047,0,0.5972468852996826,0,LAND_B,LAND_B,LAND_B,2.123703956604004,2.1232471466064453,2.126487970352173,0.19654689729213715,0.1919458508491516,0.1854851394891739,https://wandb.ai/ememchijioke-university-of-klagenfurt/marl-uav-mission-no-formation/runs/qgyhqyu7
2026-05-16T15:37:57.919316,823,3,16976.297686484875,1,3,0,2.0,0.15018228193124136,0.15154008567333221,0.11913661410411198,0.26997270186742145,0.01750044245272875,0,0.5906804800033569,0,LAND_B,LAND_B,LAND_B,2.1166775226593018,2.1183815002441406,2.121549606323242,0.19652673602104187,0.19219863414764404,0.18520048260688782,https://wandb.ai/ememchijioke-university-of-klagenfurt/marl-uav-mission-no-formation/runs/qgyhqyu7
2026-05-16T15:38:10.544801,824,3,16971.269449784457,1,3,0,2.0,0.15324611961841583,0.15466918051242828,0.12287486096223195,0.2667976915836334,0.012498415385683378,0,0.6005117893218994,0,LAND_B,LAND_B,LAND_B,2.1188323497772217,2.123914957046509,2.1255500316619873,0.19630739092826843,0.1923568844795227,0.185621440410614,https://wandb.ai/ememchijioke-university-of-klagenfurt/marl-uav-mission-no-formation/runs/qgyhqyu7
2026-05-16T15:38:22.231174,825,3,17066.150281485658,1,3,0,2.0,0.15034373104572296,0.15253916382789612,0.1196100686987241,0.2714892029762268,0.014175166375935078,0,0.5937365293502808,0,LAND_B,LAND_B,LAND_B,2.1173436641693115,2.121861219406128,2.1192715167999268,0.19576449692249298,0.19171477854251862,0.1855236142873764,https://wandb.ai/ememchijioke-university-of-klagenfurt/marl-uav-mission-no-formation/runs/qgyhqyu7
2026-05-16T15:38:33.954041,826,3,16915.56241401674,1,3,0,2.0,0.15474240481853485,0.15588095784187317,0.12480960786342621,0.27052976687749225,0.014365622773766518,0,0.595940351486206,0,LAND_B,LAND_B,LAND_B,2.122765064239502,2.1247923374176025,2.1266846656799316,0.1960364282131195,0.1916876584291458,0.1864248663187027,https://wandb.ai/ememchijioke-university-of-klagenfurt/marl-uav-mission-no-formation/runs/qgyhqyu7
2026-05-16T15:38:46.853381,827,3,16896.142031505384,1,3,0,2.0,0.1519603282213211,0.16247665882110596,0.121350792547067,0.2689928611119588,0.023092366755008698,0,0.5899785161018372,0,LAND_B,LAND_B,LAND_B,2.130629777908325,2.1136422157287598,2.119433641433716,0.196599543094635,0.19232948124408722,0.18522290885448456,https://wandb.ai/ememchijioke-university-of-klagenfurt/marl-uav-mission-no-formation/runs/qgyhqyu7
2026-05-16T15:38:58.721513,828,3,16825.12570128618,1,3,0,2.0,0.15295834839344025,0.15398035943508148,0.12262360999981563,0.27055150270462036,0.014349507788817087,0,0.6028239130973816,0,LAND_B,LAND_B,LAND_B,2.119577169418335,2.1231272220611572,2.1249659061431885,0.1957491636276245,0.19246265292167664,0.18573573231697083,https://wandb.ai/ememchijioke-university-of-klagenfurt/marl-uav-mission-no-formation/runs/qgyhqyu7
2026-05-16T15:39:09.835312,829,3,16825.154936601626,1,3,0,2.0,0.1507693479458491,0.1545138657093048,0.12010697523752849,0.2701064944267273,0.017758524045348167,0,0.5954868197441101,0,LAND_B,LAND_B,LAND_B,2.1215381622314453,2.1182188987731934,2.120518922805786,0.19537444412708282,0.1920035034418106,0.1858668029308319,https://wandb.ai/ememchijioke-university-of-klagenfurt/marl-uav-mission-no-formation/runs/qgyhqyu7
2026-05-16T15:39:22.559400,830,3,16891.63816956771,1,3,0,2.0,0.14837719003359476,0.15662483870983124,0.11685506751139958,0.269074668486913,0.012572670665880045,0,0.6005659103393555,0,LAND_B,LAND_B,LAND_B,2.123870849609375,2.1101648807525635,2.115851640701294,0.19584782421588898,0.1920606642961502,0.18621090054512024,https://wandb.ai/ememchijioke-university-of-klagenfurt/marl-uav-mission-no-formation/runs/qgyhqyu7
2026-05-16T15:39:34.985167,831,3,16868.200090963433,1,3,0,2.0,0.14935466647148132,0.1516721546649933,0.11818799376487732,0.2706766327222188,0.021923876677950222,0,0.5928791761398315,0,LAND_B,LAND_B,LAND_B,2.115877151489258,2.1203649044036865,2.1182074546813965,0.19482465088367462,0.19223132729530334,0.1867181956768036,https://wandb.ai/ememchijioke-university-of-klagenfurt/marl-uav-mission-no-formation/runs/qgyhqyu7
2026-05-16T15:39:47.886917,832,3,16890.20881336679,1,3,0,2.0,0.15199986596902212,0.15537868440151215,0.12150381257136662,0.26923079291979474,0.006645195729409655,0,0.5996084809303284,0,LAND_B,LAND_B,LAND_B,2.1187565326690674,2.1249868869781494,2.1206672191619873,0.19472938776016235,0.19224445521831512,0.18684138357639313,https://wandb.ai/ememchijioke-university-of-klagenfurt/marl-uav-mission-no-formation/runs/qgyhqyu7
2026-05-16T15:40:00.660652,833,3,16807.95563606058,1,3,0,2.0,0.14943035940329233,0.15572166442871094,0.11822944631179173,0.26721589763959247,0.009159593687703213,0,0.6017816662788391,0,LAND_B,LAND_B,LAND_B,2.122775077819824,2.1135175228118896,2.118197202682495,0.1956273317337036,0.19213458895683289,0.18623390793800354,https://wandb.ai/ememchijioke-university-of-klagenfurt/marl-uav-mission-no-formation/runs/qgyhqyu7
2026-05-16T15:40:13.386922,834,3,16966.43291887627,1,3,0,2.0,0.14789911111195883,0.15018920600414276,0.1163965364297231,0.26953359444936115,0.01488735961417357,0,0.6017070412635803,0,LAND_B,LAND_B,LAND_B,2.1156833171844482,2.1167514324188232,2.1159608364105225,0.19522850215435028,0.19100508093833923,0.18740376830101013,https://wandb.ai/ememchijioke-university-of-klagenfurt/marl-uav-mission-no-formation/runs/qgyhqyu7
2026-05-16T15:40:25.489200,835,3,16860.623528078093,1,3,0,2.0,0.15082755188147226,0.15669232606887817,0.12005321929852168,0.266676922639211,0.009851044975221157,0,0.5914668440818787,0,LAND_B,LAND_B,LAND_B,2.1239278316497803,2.1146771907806396,2.1212666034698486,0.1956290900707245,0.19162878394126892,0.18645648658275604,https://wandb.ai/ememchijioke-university-of-klagenfurt/marl-uav-mission-no-formation/runs/qgyhqyu7
2026-05-16T15:40:38.798338,836,3,16942.625075723732,1,3,0,2.0,0.1521336336930593,0.15567676723003387,0.12189109871784846,0.2706052263577779,0.012683041393756866,0,0.5847382545471191,0,LAND_B,LAND_B,LAND_B,2.117609739303589,2.125847578048706,2.1216177940368652,0.19501277804374695,0.19123513996601105,0.18657651543617249,https://wandb.ai/ememchijioke-university-of-klagenfurt/marl-uav-mission-no-formation/runs/qgyhqyu7
2026-05-16T15:40:50.878683,837,3,16944.91464836807,1,3,0,2.0,0.14878265062967935,0.15525585412979126,0.11814671506484349,0.26941344141960144,0.016965357586741447,0,0.5955595970153809,0,LAND_B,LAND_B,LAND_B,2.123300552368164,2.1162588596343994,2.11454701423645,0.1943390667438507,0.19094409048557281,0.18598337471485138,https://wandb.ai/ememchijioke-university-of-klagenfurt/marl-uav-mission-no-formation/runs/qgyhqyu7
2026-05-16T15:41:04.290688,838,3,16860.312725883763,1,3,0,2.0,0.15346196790536246,0.1581941545009613,0.12369368473688762,0.2699422736962636,0.011547273490577936,0,0.5997819900512695,0,LAND_B,LAND_B,LAND_B,2.1262969970703125,2.1246659755706787,2.1199543476104736,0.19511902332305908,0.19086940586566925,0.18647758662700653,https://wandb.ai/ememchijioke-university-of-klagenfurt/marl-uav-mission-no-formation/runs/qgyhqyu7
2026-05-16T15:41:16.424662,839,3,16850.63808099534,1,3,0,2.0,0.15424355367819467,0.15748053789138794,0.12480058521032333,0.26879146695137024,0.01412560511380434,0,0.5970336198806763,0,LAND_B,LAND_B,LAND_B,2.126042604446411,2.1260671615600586,2.122056484222412,0.1943175196647644,0.19172972440719604,0.1858186572790146,https://wandb.ai/ememchijioke-university-of-klagenfurt/marl-uav-mission-no-formation/runs/qgyhqyu7
2026-05-16T15:41:29.033816,840,3,16968.89427089025,1,3,0,2.0,0.15225065251191458,0.15764150023460388,0.12218169619639714,0.2703664203484853,0.011635836369047562,0,0.5974150896072388,0,LAND_B,LAND_B,LAND_B,2.1258673667907715,2.1243433952331543,2.1159849166870117,0.1948990672826767,0.19214503467082977,0.18546590209007263,https://wandb.ai/ememchijioke-university-of-klagenfurt/marl-uav-mission-no-formation/runs/qgyhqyu7
2026-05-16T15:41:41.906872,841,3,16852.696122820227,1,3,0,2.0,0.15207481384277344,0.15552029013633728,0.1218469242254893,0.26940107345581055,0.017154511995613575,0,0.5969944596290588,0,LAND_B,LAND_B,LAND_B,2.1228365898132324,2.1200220584869385,2.122316598892212,0.195378378033638,0.19158793985843658,0.1858421117067337,https://wandb.ai/ememchijioke-university-of-klagenfurt/marl-uav-mission-no-formation/runs/qgyhqyu7
2026-05-16T15:41:55.123384,842,3,16881.931346796613,1,3,0,2.0,0.1537345697482427,0.16132844984531403,0.12395145744085312,0.2674370010693868,0.01609941991046071,0,0.5973610281944275,0,LAND_B,LAND_B,LAND_B,2.1298751831054688,2.1264069080352783,2.1150424480438232,0.1956682950258255,0.19113576412200928,0.18600334227085114,https://wandb.ai/ememchijioke-university-of-klagenfurt/marl-uav-mission-no-formation/runs/qgyhqyu7
2026-05-16T15:42:07.360334,843,3,16877.94930089452,1,3,0,2.0,0.15345148742198944,0.15780167281627655,0.12400318930546443,0.26803791522979736,0.01839293260127306,0,0.5950321555137634,0,LAND_B,LAND_B,LAND_B,2.1204376220703125,2.1285338401794434,2.1227402687072754,0.19486840069293976,0.19118131697177887,0.18483638763427734,https://wandb.ai/ememchijioke-university-of-klagenfurt/marl-uav-mission-no-formation/runs/qgyhqyu7
2026-05-16T15:42:20.521729,844,3,17041.097842286777,1,3,0,2.0,0.15226949751377106,0.15334120392799377,0.122343843181928,0.2723448574542999,0.00952001940459013,0,0.5959838628768921,0,LAND_B,LAND_B,LAND_B,2.1198673248291016,2.1214983463287354,2.125072479248047,0.1956131011247635,0.19085204601287842,0.1851198375225067,https://wandb.ai/ememchijioke-university-of-klagenfurt/marl-uav-mission-no-formation/runs/qgyhqyu7
2026-05-16T15:42:33.140328,845,3,16884.388243688347,1,3,0,2.0,0.15063106020291647,0.1551494151353836,0.12078321973482768,0.26874138911565143,0.020893891031543415,0,0.5933935642242432,0,LAND_B,LAND_B,LAND_B,2.1177029609680176,2.126128673553467,2.118425130844116,0.19499963521957397,0.19029462337493896,0.1844324767589569,https://wandb.ai/ememchijioke-university-of-klagenfurt/marl-uav-mission-no-formation/runs/qgyhqyu7
2026-05-16T15:42:44.357833,846,3,17041.104305217963,1,3,0,2.0,0.14799246191978455,0.1520877480506897,0.11731766164302826,0.27209437886873883,0.018564637750387192,0,0.5892720818519592,0,LAND_B,LAND_B,LAND_B,2.1191582679748535,2.113067865371704,2.1194164752960205,0.19449302554130554,0.19119299948215485,0.18468503654003143,https://wandb.ai/ememchijioke-university-of-klagenfurt/marl-uav-mission-no-formation/runs/qgyhqyu7
2026-05-16T15:42:56.577780,847,3,16843.282227457406,1,3,0,2.0,0.1518708219130834,0.1562301218509674,0.12235986938079198,0.26839686433474225,0.013224285406370958,0,0.6000624895095825,0,LAND_B,LAND_B,LAND_B,2.124163866043091,2.1260921955108643,2.1165921688079834,0.19473785161972046,0.19057948887348175,0.18449901044368744,https://wandb.ai/ememchijioke-university-of-klagenfurt/marl-uav-mission-no-formation/runs/qgyhqyu7
2026-05-16T15:43:09.539434,848,3,16791.250545847117,1,3,0,2.0,0.1487488647301992,0.15239599347114563,0.11825003723303477,0.271895964940389,0.020116294113298256,0,0.602312445640564,0,LAND_B,LAND_B,LAND_B,2.1145544052124023,2.113626480102539,2.126079797744751,0.19465620815753937,0.19024883210659027,0.18515470623970032,https://wandb.ai/ememchijioke-university-of-klagenfurt/marl-uav-mission-no-formation/runs/qgyhqyu7
2026-05-16T15:43:22.983886,849,3,15780.495339312421,1,3,0,2.0,0.1534853627284368,0.1592615395784378,0.1201792632540067,0.283662885427475,0.022256116072336834,0,0.6002445220947266,0,LAND_B,LAND_B,LAND_B,2.124101400375366,2.1161484718322754,2.119874954223633,0.19980616867542267,0.19664695858955383,0.18978367745876312,https://wandb.ai/ememchijioke-university-of-klagenfurt/marl-uav-mission-no-formation/runs/qgyhqyu7
2026-05-16T15:43:36.308907,850,3,16793.11708306982,1,3,0,2.0,0.15188871324062347,0.16235904395580292,0.1222249964872996,0.2715955674648285,0.016612158777813118,0,0.6043671369552612,0,LAND_B,LAND_B,LAND_B,2.1319432258605957,2.1115593910217285,2.1226401329040527,0.19431674480438232,0.19038525223731995,0.1854383647441864,https://wandb.ai/ememchijioke-university-of-klagenfurt/marl-uav-mission-no-formation/runs/qgyhqyu7
2026-05-16T15:43:49.080916,851,3,15786.625556972926,1,3,0,2.0,0.1545904278755188,0.16015388071537018,0.12106226881345113,0.2904820640881856,0.0072705500448743505,0,0.5969455242156982,0,LAND_B,LAND_B,LAND_B,2.1188876628875732,2.127847194671631,2.1161041259765625,0.1999770700931549,0.1964484602212906,0.19180339574813843,https://wandb.ai/ememchijioke-university-of-klagenfurt/marl-uav-mission-no-formation/runs/qgyhqyu7
2026-05-16T15:44:02.056472,852,3,15533.577789075489,1,3,0,2.0,0.15648357073465982,0.16207018494606018,0.12358533591032028,0.28561174869537354,0.016989939690877993,0,0.5957319736480713,0,LAND_B,LAND_B,LAND_B,2.127570152282715,2.1212925910949707,2.1217730045318604,0.19988760352134705,0.19655001163482666,0.19147631525993347,https://wandb.ai/ememchijioke-university-of-klagenfurt/marl-uav-mission-no-formation/runs/qgyhqyu7
2026-05-16T15:44:14.337320,853,3,15577.262959178159,1,3,0,2.0,0.15662027895450592,0.1579204797744751,0.12350515772898991,0.2856768270333608,0.011230054621895155,0,0.5944042205810547,0,LAND_B,LAND_B,LAND_B,2.1222620010375977,2.124626636505127,2.123548746109009,0.19995112717151642,0.19661130011081696,0.19225433468818665,https://wandb.ai/ememchijioke-university-of-klagenfurt/marl-uav-mission-no-formation/runs/qgyhqyu7
2026-05-16T15:44:27.210536,854,3,15623.378434051556,1,3,0,2.0,0.1550776263078054,0.1595945656299591,0.12150967369476955,0.2863147556781769,0.017507609135160845,0,0.5967743992805481,0,LAND_B,LAND_B,LAND_B,2.1179702281951904,2.116206645965576,2.1299374103546143,0.1997116506099701,0.1962774097919464,0.1925663948059082,https://wandb.ai/ememchijioke-university-of-klagenfurt/marl-uav-mission-no-formation/runs/qgyhqyu7
2026-05-16T15:44:40.641368,855,3,15754.18614910488,1,3,0,2.0,0.1538670907417933,0.16092923283576965,0.12011149525642395,0.28561288118362427,0.020400636208554108,0,0.5991150140762329,0,LAND_B,LAND_B,LAND_B,2.1268041133880615,2.115974187850952,2.117511749267578,0.19908516108989716,0.1964508593082428,0.19290368258953094,https://wandb.ai/ememchijioke-university-of-klagenfurt/marl-uav-mission-no-formation/runs/qgyhqyu7
2026-05-16T15:44:53.766841,856,3,16317.739588486033,1,3,0,2.0,0.14867743849754333,0.1528429090976715,0.11695655186971028,0.26934321721394855,0.017854086433847744,0,0.6024034023284912,0,LAND_B,LAND_B,LAND_B,2.116170644760132,2.1223440170288086,2.1119375228881836,0.19543494284152985,0.19153229892253876,0.18829385936260223,https://wandb.ai/ememchijioke-university-of-klagenfurt/marl-uav-mission-no-formation/runs/qgyhqyu7
2026-05-16T15:45:07.189233,857,3,16335.412957180684,1,3,0,2.0,0.14899122218290964,0.15354092419147491,0.11754302680492401,0.271003524462382,0.01753637194633484,0,0.5977385640144348,0,LAND_B,LAND_B,LAND_B,2.1205227375030518,2.113179922103882,2.1184167861938477,0.19472642242908478,0.19140386581420898,0.18844421207904816,https://wandb.ai/ememchijioke-university-of-klagenfurt/marl-uav-mission-no-formation/runs/qgyhqyu7
2026-05-16T15:45:20.397582,858,3,16381.254977369936,1,3,0,2.0,0.14628199736277261,0.14996157586574554,0.1140120377143224,0.27084842324256897,0.017296486378957827,0,0.5911861658096313,0,LAND_B,LAND_B,LAND_B,2.1157572269439697,2.1132683753967285,2.112684726715088,0.19533437490463257,0.19129228591918945,0.1882878690958023,https://wandb.ai/ememchijioke-university-of-klagenfurt/marl-uav-mission-no-formation/runs/qgyhqyu7
2026-05-16T15:45:33.319772,859,3,16254.353344008603,1,3,0,2.0,0.1521703451871872,0.1526634395122528,0.12141577402750652,0.27148981889088947,0.019972616496185463,0,0.5939081907272339,0,LAND_B,LAND_B,LAND_B,2.1195082664489746,2.120452642440796,2.1236016750335693,0.19489577412605286,0.19187131524085999,0.18824854493141174,https://wandb.ai/ememchijioke-university-of-klagenfurt/marl-uav-mission-no-formation/runs/qgyhqyu7
2026-05-16T15:45:46.632217,860,3,16234.160621969513,1,3,0,2.0,0.14993853370348612,0.15185144543647766,0.11867707471052806,0.2729499638080597,0.012384251380960146,0,0.5953724980354309,0,LAND_B,LAND_B,LAND_B,2.1184332370758057,2.115164041519165,2.12211012840271,0.194789320230484,0.19139306247234344,0.18856287002563477,https://wandb.ai/ememchijioke-university-of-klagenfurt/marl-uav-mission-no-formation/runs/qgyhqyu7
2026-05-16T15:45:58.715407,861,3,16327.206369582167,1,3,0,2.0,0.14825508495171866,0.15057317912578583,0.11606257905562718,0.267000546058019,0.008790125139057636,0,0.5974092483520508,0,LAND_B,LAND_B,LAND_B,2.1163482666015625,2.1164231300354004,2.1150965690612793,0.19557848572731018,0.1922147572040558,0.18888384103775024,https://wandb.ai/ememchijioke-university-of-klagenfurt/marl-uav-mission-no-formation/runs/qgyhqyu7
2026-05-16T15:46:11.987748,862,3,16231.545373646726,1,3,0,2.0,0.15296397109826407,0.1560208797454834,0.121904656291008,0.2699722448984782,0.016583952121436596,0,0.5977193713188171,0,LAND_B,LAND_B,LAND_B,2.1145834922790527,2.1257240772247314,2.1250219345092773,0.1950300633907318,0.19220924377441406,0.18959811329841614,https://wandb.ai/ememchijioke-university-of-klagenfurt/marl-uav-mission-no-formation/runs/qgyhqyu7
2026-05-16T15:46:23.978300,863,3,16199.454828691902,1,3,0,2.0,0.15204212069511414,0.1546744853258133,0.12078787883122762,0.268411527077357,0.01037973320732514,0,0.6000344753265381,0,LAND_B,LAND_B,LAND_B,2.12026047706604,2.1241660118103027,2.1176884174346924,0.1960233896970749,0.19209402799606323,0.18882198631763458,https://wandb.ai/ememchijioke-university-of-klagenfurt/marl-uav-mission-no-formation/runs/qgyhqyu7
2026-05-16T15:46:36.012410,864,3,16275.79953892267,1,3,0,2.0,0.15089244643847147,0.15216144919395447,0.11917134126027425,0.2720582187175751,0.014021525469919046,0,0.5916489958763123,0,LAND_B,LAND_B,LAND_B,2.1169590950012207,2.116785764694214,2.1233012676239014,0.19573570787906647,0.19258947670459747,0.1891063153743744,https://wandb.ai/ememchijioke-university-of-klagenfurt/marl-uav-mission-no-formation/runs/qgyhqyu7
2026-05-16T15:46:47.341650,865,3,16248.227116451413,1,3,0,2.0,0.14974466959635416,0.15230977535247803,0.11730034649372101,0.26682894428571063,0.020260959242781002,0,0.591181218624115,0,LAND_B,LAND_B,LAND_B,2.1151864528656006,2.1133759021759033,2.1230661869049072,0.19716033339500427,0.1922527551651001,0.1894817054271698,https://wandb.ai/ememchijioke-university-of-klagenfurt/marl-uav-mission-no-formation/runs/qgyhqyu7
2026-05-16T15:46:59.893244,866,3,16281.536111430712,1,3,0,2.0,0.15061279137929282,0.15713757276535034,0.11895261456569035,0.26905662814776105,0.0226200046017766,0,0.6065024733543396,0,LAND_B,LAND_B,LAND_B,2.123901605606079,2.111862897872925,2.120622158050537,0.1963762789964676,0.1922174096107483,0.18834936618804932,https://wandb.ai/ememchijioke-university-of-klagenfurt/marl-uav-mission-no-formation/runs/qgyhqyu7
2026-05-16T15:47:12.554981,867,3,16173.900406887642,1,3,0,2.0,0.15506806472937265,0.1587442308664322,0.12454566111167271,0.2667311529318492,0.009622324878970781,0,0.5934960842132568,0,LAND_B,LAND_B,LAND_B,2.1260669231414795,2.124769926071167,2.1224136352539062,0.19611856341362,0.192336767911911,0.18865375220775604,https://wandb.ai/ememchijioke-university-of-klagenfurt/marl-uav-mission-no-formation/runs/qgyhqyu7
2026-05-16T15:47:25.273655,868,3,16319.875641466524,1,3,0,2.0,0.15033259987831116,0.1534687876701355,0.1185230662425359,0.2679816782474518,0.022464323167999584,0,0.6072657108306885,0,LAND_B,LAND_B,LAND_B,2.1194632053375244,2.1155498027801514,2.119748115539551,0.19630496203899384,0.19197550415992737,0.18902963399887085,https://wandb.ai/ememchijioke-university-of-klagenfurt/marl-uav-mission-no-formation/runs/qgyhqyu7
2026-05-16T15:47:38.232667,869,3,16893.38126164533,1,3,0,2.0,0.15344113608201346,0.15523092448711395,0.1229242409269015,0.26882731914520264,0.018379791484524805,0,0.5991002321243286,0,LAND_B,LAND_B,LAND_B,2.122319221496582,2.122314214706421,2.1240270137786865,0.1954496055841446,0.1921890676021576,0.18772543966770172,https://wandb.ai/ememchijioke-university-of-klagenfurt/marl-uav-mission-no-formation/runs/qgyhqyu7
2026-05-16T15:47:50.997441,870,3,17061.079130755104,1,3,0,2.0,0.15146638949712118,0.15881286561489105,0.1201416552066803,0.27122148871421814,0.016448143248756725,0,0.6070505380630493,0,LAND_B,LAND_B,LAND_B,2.125821352005005,2.120971202850342,2.112603187561035,0.1962043195962906,0.19247405230998993,0.18803025782108307,https://wandb.ai/ememchijioke-university-of-klagenfurt/marl-uav-mission-no-formation/runs/qgyhqyu7
2026-05-16T15:48:02.289619,871,3,16321.44725221838,1,3,0,2.0,0.15154907604058585,0.16236785054206848,0.11995670447746913,0.2706358830134074,0.013114174517492453,0,0.6027113199234009,0,LAND_B,LAND_B,LAND_B,2.1305205821990967,2.113044023513794,2.1160128116607666,0.1965750902891159,0.19247888028621674,0.18863564729690552,https://wandb.ai/ememchijioke-university-of-klagenfurt/marl-uav-mission-no-formation/runs/qgyhqyu7
2026-05-16T15:48:14.247104,872,3,16287.524821681021,1,3,0,2.0,0.14567155142625174,0.15085351467132568,0.11254721134901047,0.2708931465943654,0.01623688048372666,0,0.5986323952674866,0,LAND_B,LAND_B,LAND_B,2.115814447402954,2.1094160079956055,2.112271785736084,0.19650350511074066,0.19209566712379456,0.18879355490207672,https://wandb.ai/ememchijioke-university-of-klagenfurt/marl-uav-mission-no-formation/runs/qgyhqyu7
2026-05-16T15:48:27.098271,873,3,16282.805883307956,1,3,0,2.0,0.14961675802866617,0.1554405391216278,0.11747077355782191,0.2723718086878459,0.016958668362349272,0,0.5868896245956421,0,LAND_B,LAND_B,LAND_B,2.1218247413635254,2.112928628921509,2.1170830726623535,0.1964343637228012,0.19262324273586273,0.1888391673564911,https://wandb.ai/ememchijioke-university-of-klagenfurt/marl-uav-mission-no-formation/runs/qgyhqyu7
2026-05-16T15:48:40.314415,874,3,16244.515503289402,1,3,0,2.0,0.15102481345335642,0.15471196174621582,0.11950656026601791,0.2719431022802989,0.013881652615964413,0,0.5979592800140381,0,LAND_B,LAND_B,LAND_B,2.118126630783081,2.1239120960235596,2.1161105632781982,0.1955646276473999,0.1925196796655655,0.18884062767028809,https://wandb.ai/ememchijioke-university-of-klagenfurt/marl-uav-mission-no-formation/runs/qgyhqyu7
2026-05-16T15:48:53.227786,875,3,16279.07543245872,1,3,0,2.0,0.15051252643267313,0.15405485033988953,0.11902060359716415,0.26581503947575885,0.012061906745657325,0,0.5990447998046875,0,LAND_B,LAND_B,LAND_B,2.1211371421813965,2.115818738937378,2.1200027465820312,0.19513310492038727,0.19249173998832703,0.18867439031600952,https://wandb.ai/ememchijioke-university-of-klagenfurt/marl-uav-mission-no-formation/runs/qgyhqyu7
2026-05-16T15:49:06.381339,876,3,16855.64860599736,1,3,0,2.0,0.15035211543242136,0.1515466719865799,0.11915074537197749,0.26931803425153095,0.017975628065566223,0,0.595342755317688,0,LAND_B,LAND_B,LAND_B,2.1168501377105713,2.120568037033081,2.119708776473999,0.1950763612985611,0.19178739190101624,0.18808363378047943,https://wandb.ai/ememchijioke-university-of-klagenfurt/marl-uav-mission-no-formation/runs/qgyhqyu7
2026-05-16T15:49:19.588903,877,3,16357.959266521771,1,3,0,2.0,0.1487314353386561,0.1544187217950821,0.11674893895785014,0.26800766587257385,0.016760229443510372,0,0.5975388288497925,0,LAND_B,LAND_B,LAND_B,2.1138508319854736,2.1240408420562744,2.111877679824829,0.19545675814151764,0.19192086160182953,0.18884824216365814,https://wandb.ai/ememchijioke-university-of-klagenfurt/marl-uav-mission-no-formation/runs/qgyhqyu7
2026-05-16T15:49:32.051292,878,3,16195.766279924821,1,3,0,2.0,0.15374210476875305,0.1564137190580368,0.12311714887619019,0.26773470640182495,0.02080471410105626,0,0.5940914154052734,0,LAND_B,LAND_B,LAND_B,2.1221790313720703,2.12656569480896,2.120309352874756,0.19533835351467133,0.1918773055076599,0.18893907964229584,https://wandb.ai/ememchijioke-university-of-klagenfurt/marl-uav-mission-no-formation/runs/qgyhqyu7
2026-05-16T15:49:44.929879,879,3,16345.436198853378,1,3,0,2.0,0.14850680530071259,0.14998428523540497,0.11650857329368591,0.2710128426551819,0.0098164069155852,0,0.6008541584014893,0,LAND_B,LAND_B,LAND_B,2.115588665008545,2.117391586303711,2.1162075996398926,0.1955687552690506,0.19205769896507263,0.18853093683719635,https://wandb.ai/ememchijioke-university-of-klagenfurt/marl-uav-mission-no-formation/runs/qgyhqyu7
2026-05-16T15:49:57.585756,880,3,16278.349327146083,1,3,0,2.0,0.15232859055201212,0.15601488947868347,0.1213997354110082,0.26694997151692706,0.014097869706650576,0,0.5961986780166626,0,LAND_B,LAND_B,LAND_B,2.1194570064544678,2.1261889934539795,2.117875337600708,0.19564411044120789,0.19132815301418304,0.18890416622161865,https://wandb.ai/ememchijioke-university-of-klagenfurt/marl-uav-mission-no-formation/runs/qgyhqyu7
2026-05-16T15:50:10.459478,881,3,16306.937973215254,1,3,0,2.0,0.15001087884108225,0.15326501429080963,0.11871939649184544,0.2687288125356038,0.014952553746600946,0,0.5951636433601379,0,LAND_B,LAND_B,LAND_B,2.1201531887054443,2.1203153133392334,2.1154799461364746,0.19510789215564728,0.19173696637153625,0.1882299929857254,https://wandb.ai/ememchijioke-university-of-klagenfurt/marl-uav-mission-no-formation/runs/qgyhqyu7
2026-05-16T15:50:23.290940,882,3,16256.30447666195,1,3,0,2.0,0.1454013784726461,0.14976650476455688,0.11290945609410603,0.2714412709077199,0.022301386420925457,0,0.5939857959747314,0,LAND_B,LAND_B,LAND_B,2.115830659866333,2.11291766166687,2.1098744869232178,0.19492092728614807,0.19127170741558075,0.18864335119724274,https://wandb.ai/ememchijioke-university-of-klagenfurt/marl-uav-mission-no-formation/runs/qgyhqyu7
2026-05-16T15:50:35.278381,883,3,16193.776818289742,1,3,0,2.0,0.14979469776153564,0.15717577934265137,0.11838151514530182,0.2687521477540334,0.010773699885855118,0,0.5946462154388428,0,LAND_B,LAND_B,LAND_B,2.12499737739563,2.1127424240112305,2.117292881011963,0.19522801041603088,0.1915755569934845,0.18845582008361816,https://wandb.ai/ememchijioke-university-of-klagenfurt/marl-uav-mission-no-formation/runs/qgyhqyu7
2026-05-16T15:50:48.171283,884,3,15047.985141131363,1,3,0,2.0,0.1536733458439509,0.1568567007780075,0.11927743752797444,0.29029136896133423,0.02110729180276394,0,0.5967703461647034,0,LAND_B,LAND_B,LAND_B,2.1199936866760254,2.1199517250061035,2.116661787033081,0.19994109869003296,0.19656163454055786,0.19416439533233643,https://wandb.ai/ememchijioke-university-of-klagenfurt/marl-uav-mission-no-formation/runs/qgyhqyu7
2026-05-16T15:51:00.758098,885,3,16840.901422311552,1,3,0,2.0,0.15168523291746774,0.15371443331241608,0.12085268398125966,0.2662257154782613,0.017478760642309982,0,0.6066763997077942,0,LAND_B,LAND_B,LAND_B,2.1195287704467773,2.117739200592041,2.1240384578704834,0.19532516598701477,0.19173599779605865,0.1877344846725464,https://wandb.ai/ememchijioke-university-of-klagenfurt/marl-uav-mission-no-formation/runs/qgyhqyu7
2026-05-16T15:51:13.492371,886,3,16754.45367686152,1,3,0,2.0,0.15052043894926706,0.15749523043632507,0.11936590075492859,0.26910407344500226,0.016670098217825096,0,0.5988603234291077,0,LAND_B,LAND_B,LAND_B,2.124748468399048,2.118422508239746,2.114358425140381,0.19542300701141357,0.19200097024440765,0.18765853345394135,https://wandb.ai/ememchijioke-university-of-klagenfurt/marl-uav-mission-no-formation/runs/qgyhqyu7
2026-05-16T15:51:25.775132,887,3,16868.33960864049,1,3,0,2.0,0.1506174604098002,0.1554287075996399,0.11934972554445267,0.26793115337689716,0.009842951161166033,0,0.5936008095741272,0,LAND_B,LAND_B,LAND_B,2.1149041652679443,2.114595890045166,2.1281769275665283,0.19555479288101196,0.1918056160211563,0.18763934075832367,https://wandb.ai/ememchijioke-university-of-klagenfurt/marl-uav-mission-no-formation/runs/qgyhqyu7
2026-05-16T15:51:38.982728,888,3,16954.424123305234,1,3,0,2.0,0.14878208935260773,0.1506219059228897,0.11740510910749435,0.26861709356307983,0.01573873000840346,0,0.5963319540023804,0,LAND_B,LAND_B,LAND_B,2.116828680038452,2.119309186935425,2.1157312393188477,0.19502949714660645,0.19147329032421112,0.1875794231891632,https://wandb.ai/ememchijioke-university-of-klagenfurt/marl-uav-mission-no-formation/runs/qgyhqyu7
2026-05-16T15:51:51.798910,889,3,16855.176969155997,1,3,0,2.0,0.14996260901292166,0.15799981355667114,0.11892160773277283,0.2672727406024933,0.009886783392479023,0,0.6066087484359741,0,LAND_B,LAND_B,LAND_B,2.1253254413604736,2.1134033203125,2.117107391357422,0.19528086483478546,0.19110801815986633,0.18760821223258972,https://wandb.ai/ememchijioke-university-of-klagenfurt/marl-uav-mission-no-formation/runs/qgyhqyu7
2026-05-16T15:52:05.070844,890,3,16960.40651258676,1,3,0,2.0,0.1500913550456365,0.15618401765823364,0.1190247858564059,0.27022326985994977,0.019251249109705288,0,0.6003286242485046,0,LAND_B,LAND_B,LAND_B,2.119063377380371,2.10870361328125,2.1292154788970947,0.19488625228405,0.1911095529794693,0.18760749697685242,https://wandb.ai/ememchijioke-university-of-klagenfurt/marl-uav-mission-no-formation/runs/qgyhqyu7
2026-05-16T15:52:18.541644,891,3,16839.495921745336,1,3,0,2.0,0.14826051394144693,0.14985515177249908,0.11652837445338567,0.269581804672877,0.014135885518044233,0,0.5957106351852417,0,LAND_B,LAND_B,LAND_B,2.1156766414642334,2.1154470443725586,2.118401050567627,0.1952611356973648,0.19147388637065887,0.18810975551605225,https://wandb.ai/ememchijioke-university-of-klagenfurt/marl-uav-mission-no-formation/runs/qgyhqyu7
2026-05-16T15:52:32.037299,892,3,16905.810666139747,1,3,0,2.0,0.14686623712380728,0.15209849178791046,0.11477020879586537,0.2700027624766032,0.0174946387608846,0,0.6008252501487732,0,LAND_B,LAND_B,LAND_B,2.1180150508880615,2.111860513687134,2.1139986515045166,0.19558289647102356,0.19117306172847748,0.1881130188703537,https://wandb.ai/ememchijioke-university-of-klagenfurt/marl-uav-mission-no-formation/runs/qgyhqyu7
2026-05-16T15:52:44.608258,893,3,16289.392167924123,1,3,0,2.0,0.15045427779356638,0.1519283652305603,0.11928641299406688,0.26989128192265827,0.01269622209171454,0,0.5913569927215576,0,LAND_B,LAND_B,LAND_B,2.118523120880127,2.1177451610565186,2.1210784912109375,0.1950353980064392,0.1913347989320755,0.18857252597808838,https://wandb.ai/ememchijioke-university-of-klagenfurt/marl-uav-mission-no-formation/runs/qgyhqyu7
2026-05-16T15:52:56.812575,894,3,16206.711536137043,1,3,0,2.0,0.1511582930882772,0.1530221551656723,0.11991243064403534,0.26977576812108356,0.015549214401592812,0,0.599187433719635,0,LAND_B,LAND_B,LAND_B,2.117738723754883,2.117180585861206,2.1246705055236816,0.19535106420516968,0.1917639523744583,0.18872207403182983,https://wandb.ai/ememchijioke-university-of-klagenfurt/marl-uav-mission-no-formation/runs/qgyhqyu7
2026-05-16T15:53:09.914001,895,3,16264.384787560497,1,3,0,2.0,0.15445072452227274,0.1564941704273224,0.12385936081409454,0.26936373114585876,0.00595323764719069,0,0.5938194394111633,0,LAND_B,LAND_B,LAND_B,2.1241085529327393,2.125283718109131,2.122105836868286,0.1953260749578476,0.19254861772060394,0.18889120221138,https://wandb.ai/ememchijioke-university-of-klagenfurt/marl-uav-mission-no-formation/runs/qgyhqyu7
2026-05-16T15:53:22.967957,896,3,16356.87612280514,1,3,0,2.0,0.15091334780057272,0.16035817563533783,0.11942722151676814,0.2671612004439036,0.01449823472648859,0,0.5926332473754883,0,LAND_B,LAND_B,LAND_B,2.1293246746063232,2.111781120300293,2.1167824268341064,0.19461145997047424,0.19271917641162872,0.18921910226345062,https://wandb.ai/ememchijioke-university-of-klagenfurt/marl-uav-mission-no-formation/runs/qgyhqyu7
2026-05-16T15:53:35.892154,897,3,15033.445166735224,1,3,0,2.0,0.15598907073338827,0.15959276258945465,0.12175110230843227,0.28458290298779804,0.01649695634841919,0,0.5982997417449951,0,LAND_B,LAND_B,LAND_B,2.117950439453125,2.1184115409851074,2.128509283065796,0.19988052546977997,0.19774004817008972,0.19460096955299377,https://wandb.ai/ememchijioke-university-of-klagenfurt/marl-uav-mission-no-formation/runs/qgyhqyu7
2026-05-16T15:53:49.110717,898,3,14949.041040371663,1,3,0,2.0,0.15425440669059753,0.15656778216362,0.11950544267892838,0.28722431262334186,0.017072942418356735,0,0.6002495288848877,0,LAND_B,LAND_B,LAND_B,2.1202971935272217,2.1176037788391113,2.120337724685669,0.19997546076774597,0.19736246764659882,0.19522197544574738,https://wandb.ai/ememchijioke-university-of-klagenfurt/marl-uav-mission-no-formation/runs/qgyhqyu7
2026-05-16T15:54:02.494916,899,3,14967.63936337703,1,3,0,2.0,0.1527200291554133,0.15661093592643738,0.11732212454080582,0.2831706802050273,0.01451779156923294,0,0.5983632206916809,0,LAND_B,LAND_B,LAND_B,2.1186141967773438,2.1222739219665527,2.110457181930542,0.19982822239398956,0.19773824512958527,0.19565120339393616,https://wandb.ai/ememchijioke-university-of-klagenfurt/marl-uav-mission-no-formation/runs/qgyhqyu7
2026-05-16T15:54:14.259362,900,3,16142.304464569512,1,3,0,2.0,0.15239580969015756,0.15688221156597137,0.12135768681764603,0.27012113730112713,0.011699427540103594,0,0.5917184352874756,0,LAND_B,LAND_B,LAND_B,2.122851610183716,2.1269924640655518,2.1139187812805176,0.19525720179080963,0.19192296266555786,0.18924500048160553,https://wandb.ai/ememchijioke-university-of-klagenfurt/marl-uav-mission-no-formation/runs/qgyhqyu7
2026-05-16T15:54:27.140299,901,3,14950.61841166347,1,3,0,2.0,0.15637431045373282,0.15932786464691162,0.12250682959953944,0.2827656964461009,0.017092079389840364,0,0.5954688787460327,0,LAND_B,LAND_B,LAND_B,2.1241161823272705,2.119154930114746,2.1240358352661133,0.1998593956232071,0.19669444859027863,0.19494080543518066,https://wandb.ai/ememchijioke-university-of-klagenfurt/marl-uav-mission-no-formation/runs/qgyhqyu7
2026-05-16T15:54:39.620978,902,3,16182.685577643559,1,3,0,2.0,0.1499062329530716,0.15349769592285156,0.11824292689561844,0.2686518629391988,0.016660389490425587,0,0.5951535105705261,0,LAND_B,LAND_B,LAND_B,2.1112632751464844,2.122523307800293,2.1208243370056152,0.1947922259569168,0.19244489073753357,0.1888440102338791,https://wandb.ai/ememchijioke-university-of-klagenfurt/marl-uav-mission-no-formation/runs/qgyhqyu7
2026-05-16T15:54:51.990659,903,3,16204.778235899637,1,3,0,2.0,0.15235715607802072,0.15521986782550812,0.12160669018824895,0.2678119937578837,0.009697368368506432,0,0.5911582708358765,0,LAND_B,LAND_B,LAND_B,2.1232411861419678,2.1143949031829834,2.1268725395202637,0.1943594366312027,0.19182948768138885,0.18889787793159485,https://wandb.ai/ememchijioke-university-of-klagenfurt/marl-uav-mission-no-formation/runs/qgyhqyu7
2026-05-16T15:55:05.143337,904,3,16181.327480326454,1,3,0,2.0,0.14995358884334564,0.15066561102867126,0.11813630412022273,0.2680183748404185,0.00979772633096824,0,0.5848837494850159,0,LAND_B,LAND_B,LAND_B,2.1162173748016357,2.1186153888702393,2.118875741958618,0.1951814442873001,0.19208867847919464,0.1896999329328537,https://wandb.ai/ememchijioke-university-of-klagenfurt/marl-uav-mission-no-formation/runs/qgyhqyu7
2026-05-16T15:55:18.582404,905,3,16267.832248643463,1,3,0,2.0,0.15007598201433817,0.15348222851753235,0.11862066139777501,0.27025434374809265,0.01088511866206924,0,0.5980088710784912,0,LAND_B,LAND_B,LAND_B,2.120159149169922,2.122300624847412,2.1126530170440674,0.1946922242641449,0.19230853021144867,0.18876539170742035,https://wandb.ai/ememchijioke-university-of-klagenfurt/marl-uav-mission-no-formation/runs/qgyhqyu7
2026-05-16T15:55:31.617970,906,3,16196.694408163054,1,3,0,2.0,0.14989979565143585,0.15775568783283234,0.11825594305992126,0.2667855421702067,0.020262889408816893,0,0.5983853340148926,0,LAND_B,LAND_B,LAND_B,2.125534772872925,2.114288330078125,2.1140427589416504,0.1947633922100067,0.19216911494731903,0.1893472522497177,https://wandb.ai/ememchijioke-university-of-klagenfurt/marl-uav-mission-no-formation/runs/qgyhqyu7
2026-05-16T15:55:44.110976,907,3,16223.37595067527,1,3,0,2.0,0.14889187614123026,0.154465913772583,0.11699772129456203,0.27012096842130023,0.005421841672311227,0,0.5902801752090454,0,LAND_B,LAND_B,LAND_B,2.121359348297119,2.1117117404937744,2.117039203643799,0.19482627511024475,0.19228814542293549,0.18905678391456604,https://wandb.ai/ememchijioke-university-of-klagenfurt/marl-uav-mission-no-formation/runs/qgyhqyu7
2026-05-16T15:55:55.105174,908,3,16267.522168268744,1,3,0,2.0,0.1449167082707087,0.14843396842479706,0.11190370718638103,0.26675065358479816,0.016723674411575,0,0.5990109443664551,0,LAND_B,LAND_B,LAND_B,2.1112356185913086,2.116464376449585,2.1072490215301514,0.19455499947071075,0.19202548265457153,0.18958419561386108,https://wandb.ai/ememchijioke-university-of-klagenfurt/marl-uav-mission-no-formation/runs/qgyhqyu7
2026-05-16T15:56:07.193874,909,3,15006.142635276881,1,3,0,2.0,0.15595711270968118,0.16026321053504944,0.1215459555387497,0.28533972303072613,0.009614373246828714,0,0.6012271046638489,0,LAND_B,LAND_B,LAND_B,2.125363826751709,2.1139755249023438,2.125253915786743,0.19980642199516296,0.19802166521549225,0.1951007843017578,https://wandb.ai/ememchijioke-university-of-klagenfurt/marl-uav-mission-no-formation/runs/qgyhqyu7
2026-05-16T15:56:19.667702,910,3,14962.820611280835,1,3,0,2.0,0.15257571140925089,0.15338288247585297,0.11763786772886912,0.28632112344106037,0.01213838749875625,0,0.5966625809669495,0,LAND_B,LAND_B,LAND_B,2.116574287414551,2.1181490421295166,2.1181371212005615,0.19964879751205444,0.1976536363363266,0.19411590695381165,https://wandb.ai/ememchijioke-university-of-klagenfurt/marl-uav-mission-no-formation/runs/qgyhqyu7
2026-05-16T15:56:32.849417,911,3,14961.703368419556,1,3,0,2.0,0.1522589772939682,0.1560109704732895,0.11725435157616933,0.28349724411964417,0.014313298898438612,0,0.5952840447425842,0,LAND_B,LAND_B,LAND_B,2.1199698448181152,2.120779037475586,2.110962390899658,0.19973072409629822,0.19711601734161377,0.1944955438375473,https://wandb.ai/ememchijioke-university-of-klagenfurt/marl-uav-mission-no-formation/runs/qgyhqyu7
2026-05-16T15:56:46.336260,912,3,16235.584370809753,1,3,0,2.0,0.1486381987730662,0.15236669778823853,0.11672626187403996,0.2690390149752299,0.012057293051232895,0,0.5991598963737488,0,LAND_B,LAND_B,LAND_B,2.1146769523620605,2.1209471225738525,2.1144330501556396,0.1949038952589035,0.19258342683315277,0.18847954273223877,https://wandb.ai/ememchijioke-university-of-klagenfurt/marl-uav-mission-no-formation/runs/qgyhqyu7
2026-05-16T15:56:59.167366,913,3,16184.40978930181,1,3,0,2.0,0.14771336813767752,0.1499009132385254,0.1158841500679652,0.27002180616060895,0.012987880191455284,0,0.6019168496131897,0,LAND_B,LAND_B,LAND_B,2.116053819656372,2.116262912750244,2.114872932434082,0.1943548619747162,0.1916591376066208,0.18874622881412506,https://wandb.ai/ememchijioke-university-of-klagenfurt/marl-uav-mission-no-formation/runs/qgyhqyu7
2026-05-16T15:57:12.328145,914,3,15016.977023654452,1,3,0,2.0,0.15463692943255106,0.15862901508808136,0.1202943151195844,0.2860771119594574,0.009299934996912876,0,0.5971618294715881,0,LAND_B,LAND_B,LAND_B,2.1234261989593506,2.1248152256011963,2.1125731468200684,0.19945111870765686,0.19786503911018372,0.1941307932138443,https://wandb.ai/ememchijioke-university-of-klagenfurt/marl-uav-mission-no-formation/runs/qgyhqyu7
2026-05-16T15:57:25.235014,915,3,15149.396379135711,1,3,0,2.0,0.15726371109485626,0.16192670166492462,0.12350200364987056,0.2854495743910472,0.010295762214809656,0,0.6091111302375793,0,LAND_B,LAND_B,LAND_B,2.125119924545288,2.129089117050171,2.1154448986053467,0.19999608397483826,0.19773778319358826,0.19426432251930237,https://wandb.ai/ememchijioke-university-of-klagenfurt/marl-uav-mission-no-formation/runs/qgyhqyu7
2026-05-16T15:57:38.740102,916,3,16149.410951441036,1,3,0,2.0,0.15245449046293894,0.15518131852149963,0.12107255558172862,0.2699393133322398,0.016809852483371895,0,0.5994287133216858,0,LAND_B,LAND_B,LAND_B,2.1157219409942627,2.1205196380615234,2.1268813610076904,0.1956956833600998,0.1926078349351883,0.18925900757312775,https://wandb.ai/ememchijioke-university-of-klagenfurt/marl-uav-mission-no-formation/runs/qgyhqyu7
2026-05-16T15:57:51.197203,917,3,16251.511324662597,1,3,0,2.0,0.14881431559721628,0.15300579369068146,0.11680346975723903,0.2678558627764384,0.010775288256506125,0,0.6055074334144592,0,LAND_B,LAND_B,LAND_B,2.11922025680542,2.1119203567504883,2.1184098720550537,0.19509778916835785,0.19225339591503143,0.1891675740480423,https://wandb.ai/ememchijioke-university-of-klagenfurt/marl-uav-mission-no-formation/runs/qgyhqyu7
2026-05-16T15:58:04.404217,918,3,16154.782860296827,1,3,0,2.0,0.15298456450303397,0.1552930474281311,0.12209778775771458,0.26977160573005676,0.013733904187877973,0,0.5992007255554199,0,LAND_B,LAND_B,LAND_B,2.1230344772338867,2.12369704246521,2.119166851043701,0.1945381462574005,0.19309823215007782,0.18887858092784882,https://wandb.ai/ememchijioke-university-of-klagenfurt/marl-uav-mission-no-formation/runs/qgyhqyu7
2026-05-16T15:58:17.454680,919,3,16196.252126079324,1,3,0,2.0,0.1511873652537664,0.15169261395931244,0.11979290346304576,0.27083511153856915,0.016193075105547905,0,0.5941144824028015,0,LAND_B,LAND_B,LAND_B,2.118093729019165,2.1198313236236572,2.1205759048461914,0.195206418633461,0.1921325922012329,0.18924492597579956,https://wandb.ai/ememchijioke-university-of-klagenfurt/marl-uav-mission-no-formation/runs/qgyhqyu7
2026-05-16T15:58:30.327333,920,3,16275.891426416798,1,3,0,2.0,0.15059563020865122,0.15790046751499176,0.11889054377873738,0.26726887623469037,0.016582694680740435,0,0.6080650091171265,0,LAND_B,LAND_B,LAND_B,2.1252405643463135,2.12092661857605,2.109832286834717,0.195489302277565,0.19265297055244446,0.18909026682376862,https://wandb.ai/ememchijioke-university-of-klagenfurt/marl-uav-mission-no-formation/runs/qgyhqyu7
2026-05-16T15:58:43.386172,921,3,16238.532533044205,1,3,0,2.0,0.1510283201932907,0.1574409306049347,0.11937563121318817,0.2723675072193146,0.006258278076226513,0,0.5991249680519104,0,LAND_B,LAND_B,LAND_B,2.125218152999878,2.1151280403137207,2.1174492835998535,0.19531871378421783,0.19287888705730438,0.18928205966949463,https://wandb.ai/ememchijioke-university-of-klagenfurt/marl-uav-mission-no-formation/runs/qgyhqyu7
2026-05-16T15:58:55.366399,922,3,16198.068353857281,1,3,0,2.0,0.14733366668224335,0.15052291750907898,0.11444315562645595,0.27072929342587787,0.008371732042481502,0,0.5933813452720642,0,LAND_B,LAND_B,LAND_B,2.1133439540863037,2.1087255477905273,2.120962381362915,0.19544662535190582,0.19300195574760437,0.18957939743995667,https://wandb.ai/ememchijioke-university-of-klagenfurt/marl-uav-mission-no-formation/runs/qgyhqyu7
2026-05-16T15:59:08.299873,923,3,16279.71164353819,1,3,0,2.0,0.15184849500656128,0.15537579357624054,0.12041011949380238,0.2677563428878784,0.008327414436886707,0,0.6026254892349243,0,LAND_B,LAND_B,LAND_B,2.114347219467163,2.119497060775757,2.127243757247925,0.19532865285873413,0.19261904060840607,0.18916626274585724,https://wandb.ai/ememchijioke-university-of-klagenfurt/marl-uav-mission-no-formation/runs/qgyhqyu7
2026-05-16T15:59:19.300965,924,3,16178.022942696989,1,3,0,2.0,0.15437356134255728,0.16077980399131775,0.12342114746570587,0.27071255445480347,0.013865153460452953,0,0.6000377535820007,0,LAND_B,LAND_B,LAND_B,2.1286373138427734,2.1224234104156494,2.119108200073242,0.19634340703487396,0.19242976605892181,0.18940864503383636,https://wandb.ai/ememchijioke-university-of-klagenfurt/marl-uav-mission-no-formation/runs/qgyhqyu7
2026-05-16T15:59:30.872641,925,3,16315.446559009895,1,3,0,2.0,0.14877832929293314,0.1567208170890808,0.11668472240368526,0.267111857732137,0.021666612786551315,0,0.5938259363174438,0,LAND_B,LAND_B,LAND_B,2.124311923980713,2.1126716136932373,2.11295485496521,0.1953897774219513,0.19212977588176727,0.18932868540287018,https://wandb.ai/ememchijioke-university-of-klagenfurt/marl-uav-mission-no-formation/runs/qgyhqyu7
2026-05-16T15:59:43.319346,926,3,16219.499051082768,1,3,0,2.0,0.148641899228096,0.1503257155418396,0.11684322853883107,0.2703911066055298,0.013480667800952991,0,0.5953671336174011,0,LAND_B,LAND_B,LAND_B,2.1162314414978027,2.1189076900482178,2.115183115005493,0.1953231692314148,0.1914953738451004,0.1887456327676773,https://wandb.ai/ememchijioke-university-of-klagenfurt/marl-uav-mission-no-formation/runs/qgyhqyu7
2026-05-16T15:59:56.195490,927,3,16250.051481313934,1,3,0,2.0,0.14648250242074332,0.147942915558815,0.11413379261891048,0.26712730526924133,0.014993127435445786,0,0.6061082482337952,0,LAND_B,LAND_B,LAND_B,2.113088369369507,2.110630750656128,2.118041753768921,0.19471712410449982,0.19198983907699585,0.18852166831493378,https://wandb.ai/ememchijioke-university-of-klagenfurt/marl-uav-mission-no-formation/runs/qgyhqyu7
2026-05-16T16:00:09.603125,928,3,16153.317856128651,1,3,0,2.0,0.15267165998617807,0.15408314764499664,0.12211487690607707,0.26836248238881427,0.014029548193017641,0,0.6030116677284241,0,LAND_B,LAND_B,LAND_B,2.119800090789795,2.1202025413513184,2.1261205673217773,0.1945165991783142,0.19173163175582886,0.18843629956245422,https://wandb.ai/ememchijioke-university-of-klagenfurt/marl-uav-mission-no-formation/runs/qgyhqyu7
2026-05-16T16:00:22.762962,929,3,16168.991519426065,1,3,0,2.0,0.14783853789170584,0.15048423409461975,0.1159731720884641,0.2667047480742137,0.005000307535131772,0,0.5985545516014099,0,LAND_B,LAND_B,LAND_B,2.109666109085083,2.1156651973724365,2.121680974960327,0.19451411068439484,0.19170551002025604,0.18846210837364197,https://wandb.ai/ememchijioke-university-of-klagenfurt/marl-uav-mission-no-formation/runs/qgyhqyu7
2026-05-16T16:00:35.852727,930,3,16780.653603929088,1,3,0,2.0,0.15184648831685385,0.15249136090278625,0.12111409256855647,0.27010364333788556,0.019482073063651722,0,0.6031332015991211,0,LAND_B,LAND_B,LAND_B,2.1195242404937744,2.120028018951416,2.1234827041625977,0.19441314041614532,0.1921296864748001,0.1880716234445572,https://wandb.ai/ememchijioke-university-of-klagenfurt/marl-uav-mission-no-formation/runs/qgyhqyu7
2026-05-16T16:00:49.454647,931,3,16909.26014977227,1,3,0,2.0,0.14977000653743744,0.15855096280574799,0.11875512450933456,0.26705582936604816,0.017224901045362156,0,0.5946125984191895,0,LAND_B,LAND_B,LAND_B,2.1274590492248535,2.1131412982940674,2.114716053009033,0.1943003237247467,0.19124354422092438,0.18812741339206696,https://wandb.ai/ememchijioke-university-of-klagenfurt/marl-uav-mission-no-formation/runs/qgyhqyu7
2026-05-16T16:01:02.679365,932,3,16192.394564972994,1,3,0,2.0,0.1487669050693512,0.15414443612098694,0.11736238747835159,0.27017343044281006,0.01990069666256507,0,0.5911769866943359,0,LAND_B,LAND_B,LAND_B,2.1213366985321045,2.1138596534729004,2.1163947582244873,0.19474349915981293,0.19121767580509186,0.18826031684875488,https://wandb.ai/ememchijioke-university-of-klagenfurt/marl-uav-mission-no-formation/runs/qgyhqyu7
2026-05-16T16:01:15.953115,933,3,15083.59772122299,1,3,0,2.0,0.14955410857995352,0.15413331985473633,0.11366523305575053,0.28493321935335797,0.014740014138321081,0,0.6029690504074097,0,LAND_B,LAND_B,LAND_B,2.117436170578003,2.109703779220581,2.1129889488220215,0.19971930980682373,0.19772617518901825,0.19406621158123016,https://wandb.ai/ememchijioke-university-of-klagenfurt/marl-uav-mission-no-formation/runs/qgyhqyu7
2026-05-16T16:01:28.955125,934,3,16202.046155206075,1,3,0,2.0,0.15082204341888428,0.15294873714447021,0.11975933611392975,0.27134838700294495,0.013079663428167502,0,0.5991424322128296,0,LAND_B,LAND_B,LAND_B,2.1194159984588623,2.1226327419281006,2.1169652938842773,0.1954146772623062,0.19121211767196655,0.188325896859169,https://wandb.ai/ememchijioke-university-of-klagenfurt/marl-uav-mission-no-formation/runs/qgyhqyu7
2026-05-16T16:01:42.208481,935,3,15574.356883142298,1,3,0,2.0,0.15559805432955423,0.16001443564891815,0.12174946069717407,0.28506674369176227,0.013424002255002657,0,0.5989380478858948,0,LAND_B,LAND_B,LAND_B,2.1248860359191895,2.122523784637451,2.117530345916748,0.19995395839214325,0.19689695537090302,0.19381897151470184,https://wandb.ai/ememchijioke-university-of-klagenfurt/marl-uav-mission-no-formation/runs/qgyhqyu7
2026-05-16T16:01:55.184747,936,3,16768.929499896207,1,3,0,2.0,0.1481002519528071,0.15243425965309143,0.11626292516787846,0.26792683204015094,0.014253725297749043,0,0.585271418094635,0,LAND_B,LAND_B,LAND_B,2.1187775135040283,2.111283540725708,2.1181514263153076,0.1954684853553772,0.1916625201702118,0.18794500827789307,https://wandb.ai/ememchijioke-university-of-klagenfurt/marl-uav-mission-no-formation/runs/qgyhqyu7
2026-05-16T16:02:07.289643,937,3,16776.098145931224,1,3,0,2.0,0.15272399286429086,0.1551772952079773,0.12218081951141357,0.2708028256893158,0.017832302798827488,0,0.5968371629714966,0,LAND_B,LAND_B,LAND_B,2.1180784702301025,2.124650716781616,2.123126983642578,0.19520200788974762,0.19192667305469513,0.18752022087574005,https://wandb.ai/ememchijioke-university-of-klagenfurt/marl-uav-mission-no-formation/runs/qgyhqyu7
2026-05-16T16:02:20.613920,938,3,16834.012093759215,1,3,0,2.0,0.14883792897065481,0.15410712361335754,0.11734617004791896,0.27179551124572754,0.022043670217196148,0,0.6012737154960632,0,LAND_B,LAND_B,LAND_B,2.1209654808044434,2.114426612854004,2.116445302963257,0.19535039365291595,0.1916029304265976,0.18765901029109955,https://wandb.ai/ememchijioke-university-of-klagenfurt/marl-uav-mission-no-formation/runs/qgyhqyu7
2026-05-16T16:02:32.793931,939,3,16842.15531969099,1,3,0,2.0,0.14637404680252075,0.14862537384033203,0.11391657342513402,0.2689095040162404,0.01925110040853421,0,0.5918706655502319,0,LAND_B,LAND_B,LAND_B,2.1130528450012207,2.114802122116089,2.1128249168395996,0.19538752734661102,0.19226902723312378,0.18801817297935486,https://wandb.ai/ememchijioke-university-of-klagenfurt/marl-uav-mission-no-formation/runs/qgyhqyu7
2026-05-16T16:02:45.550514,940,3,16206.634362119616,1,3,0,2.0,0.1500436762968699,0.15523917973041534,0.11861454943815868,0.2707103689511617,0.020358873531222343,0,0.59723299741745,0,LAND_B,LAND_B,LAND_B,2.1169095039367676,2.111220359802246,2.1276910305023193,0.1949148178100586,0.19192321598529816,0.1882767677307129,https://wandb.ai/ememchijioke-university-of-klagenfurt/marl-uav-mission-no-formation/runs/qgyhqyu7
2026-05-16T16:02:57.473140,941,3,16962.515419914387,1,3,0,2.0,0.1475966771443685,0.15463009476661682,0.11616015682617824,0.26563676198323566,0.020331792533397675,0,0.607890784740448,0,LAND_B,LAND_B,LAND_B,2.1133852005004883,2.124830484390259,2.109487771987915,0.19454269111156464,0.19121836125850677,0.1871616691350937,https://wandb.ai/ememchijioke-university-of-klagenfurt/marl-uav-mission-no-formation/runs/qgyhqyu7
2026-05-16T16:03:09.415298,942,3,16853.81724730934,1,3,0,2.0,0.1475465645392736,0.15264557301998138,0.11599912494421005,0.2679844597975413,0.02189951203763485,0,0.6004948616027832,0,LAND_B,LAND_B,LAND_B,2.1193082332611084,2.118488311767578,2.109497547149658,0.19515030086040497,0.1912686824798584,0.18710823357105255,https://wandb.ai/ememchijioke-university-of-klagenfurt/marl-uav-mission-no-formation/runs/qgyhqyu7
2026-05-16T16:03:21.018646,943,3,16844.387028838682,1,3,0,2.0,0.15132449070612589,0.15439823269844055,0.12098954369624455,0.27106507619222003,0.013681869798650345,0,0.6017364859580994,0,LAND_B,LAND_B,LAND_B,2.121767997741699,2.1246392726898193,2.116194725036621,0.19465935230255127,0.19093088805675507,0.18701595067977905,https://wandb.ai/ememchijioke-university-of-klagenfurt/marl-uav-mission-no-formation/runs/qgyhqyu7
2026-05-16T16:03:32.551967,944,3,15555.966297882687,1,3,0,2.0,0.15266702572504678,0.15597714483737946,0.1183055837949117,0.28492045402526855,0.013199876217792431,0,0.6018447279930115,0,LAND_B,LAND_B,LAND_B,2.11977219581604,2.111737012863159,2.1232900619506836,0.19981689751148224,0.1964160054922104,0.1929686963558197,https://wandb.ai/ememchijioke-university-of-klagenfurt/marl-uav-mission-no-formation/runs/qgyhqyu7
2026-05-16T16:03:44.696906,945,3,16817.91197417416,1,3,0,2.0,0.14960790673891702,0.15534092485904694,0.11845834801594417,0.26831573247909546,0.010559352270017067,0,0.6008349657058716,0,LAND_B,LAND_B,LAND_B,2.1160471439361572,2.1109704971313477,2.128056049346924,0.19493865966796875,0.1910274773836136,0.18753169476985931,https://wandb.ai/ememchijioke-university-of-klagenfurt/marl-uav-mission-no-formation/runs/qgyhqyu7
2026-05-16T16:03:56.729450,946,3,16935.72018914917,1,3,0,2.0,0.15038734674453735,0.15492196381092072,0.11951654901107152,0.27121593554814655,0.015343119079867998,0,0.6064995527267456,0,LAND_B,LAND_B,LAND_B,2.120802879333496,2.125155448913574,2.111616611480713,0.19485215842723846,0.19129934906959534,0.18759731948375702,https://wandb.ai/ememchijioke-university-of-klagenfurt/marl-uav-mission-no-formation/runs/qgyhqyu7
2026-05-16T16:04:08.450474,947,3,16905.145437816835,1,3,0,2.0,0.15159917374451956,0.15989890694618225,0.12111333260933559,0.2702898482481639,0.010850321346273025,0,0.5941839814186096,0,LAND_B,LAND_B,LAND_B,2.129051923751831,2.1234307289123535,2.1107711791992188,0.1943870335817337,0.19114214181900024,0.18789903819561005,https://wandb.ai/ememchijioke-university-of-klagenfurt/marl-uav-mission-no-formation/runs/qgyhqyu7
2026-05-16T16:04:19.789670,948,3,16918.07745859547,1,3,0,2.0,0.14939501384894052,0.15042366087436676,0.11823180069526036,0.2702547609806061,0.01570532936602831,0,0.5949472188949585,0,LAND_B,LAND_B,LAND_B,2.1160645484924316,2.1190433502197266,2.119302749633789,0.1946382373571396,0.19194237887859344,0.18722739815711975,https://wandb.ai/ememchijioke-university-of-klagenfurt/marl-uav-mission-no-formation/runs/qgyhqyu7
2026-05-16T16:04:32.313376,949,3,15523.068063041297,1,3,0,2.0,0.15469983716805777,0.15750813484191895,0.12050145367781322,0.2838992476463318,0.015649164095520973,0,0.6002459526062012,0,LAND_B,LAND_B,LAND_B,2.1211977005004883,2.1140196323394775,2.125699520111084,0.19988685846328735,0.19744060933589935,0.19340954720973969,https://wandb.ai/ememchijioke-university-of-klagenfurt/marl-uav-mission-no-formation/runs/qgyhqyu7
2026-05-16T16:04:45.218094,950,3,15609.023592419471,1,3,0,2.0,0.14988056818644205,0.15410538017749786,0.1151513730486234,0.2856677969296773,0.02027123390386502,0,0.5986018776893616,0,LAND_B,LAND_B,LAND_B,2.112351417541504,2.1203768253326416,2.1126246452331543,0.19932259619235992,0.19621703028678894,0.19212152063846588,https://wandb.ai/ememchijioke-university-of-klagenfurt/marl-uav-mission-no-formation/runs/qgyhqyu7
2026-05-16T16:04:57.849929,951,3,16960.296080037126,1,3,0,2.0,0.14788969854513803,0.15916800498962402,0.116690198580424,0.27137242754300434,0.014835446452101072,0,0.6028111577033997,0,LAND_B,LAND_B,LAND_B,2.127706289291382,2.1108362674713135,2.110297441482544,0.19436831772327423,0.19107837975025177,0.18695104122161865,https://wandb.ai/ememchijioke-university-of-klagenfurt/marl-uav-mission-no-formation/runs/qgyhqyu7
2026-05-16T16:05:10.580672,952,3,16839.08869680736,1,3,0,2.0,0.15456023315588632,0.15577812492847443,0.12507505218187967,0.2725035349527995,0.017693267514308293,0,0.5978291034698486,0,LAND_B,LAND_B,LAND_B,2.1237361431121826,2.123944044113159,2.1271779537200928,0.1945890337228775,0.1907629668712616,0.18685901165008545,https://wandb.ai/ememchijioke-university-of-klagenfurt/marl-uav-mission-no-formation/runs/qgyhqyu7
2026-05-16T16:05:23.691216,953,3,16785.389229198565,1,3,0,2.0,0.15453345080216727,0.1558641791343689,0.12489647169907887,0.2716059784094493,0.01681761567791303,0,0.5922068357467651,0,LAND_B,LAND_B,LAND_B,2.123744487762451,2.1248276233673096,2.1258819103240967,0.19476591050624847,0.19106990098953247,0.18701548874378204,https://wandb.ai/ememchijioke-university-of-klagenfurt/marl-uav-mission-no-formation/runs/qgyhqyu7
2026-05-16T16:05:37.011835,954,3,16901.111754823494,1,3,0,2.0,0.151544322570165,0.15525130927562714,0.12114051977793376,0.2693488995234172,0.012848181184381247,0,0.6018579602241516,0,LAND_B,LAND_B,LAND_B,2.1150436401367188,2.1253910064697266,2.122344493865967,0.1949317902326584,0.19122262299060822,0.18660399317741394,https://wandb.ai/ememchijioke-university-of-klagenfurt/marl-uav-mission-no-formation/runs/qgyhqyu7
2026-05-16T16:05:48.159440,955,3,15685.340075983051,1,3,0,2.0,0.15280049542586008,0.16034282743930817,0.11852048337459564,0.2840370237827301,0.01580975918720166,0,0.5920934677124023,0,LAND_B,LAND_B,LAND_B,2.1254591941833496,2.1145143508911133,2.115180253982544,0.19953520596027374,0.1969265341758728,0.19279414415359497,https://wandb.ai/ememchijioke-university-of-klagenfurt/marl-uav-mission-no-formation/runs/qgyhqyu7
2026-05-16T16:06:01.191993,956,3,16790.730067371762,1,3,0,2.0,0.15342741211255392,0.15700864791870117,0.12354606886704762,0.27081366380055744,0.016550848881403606,0,0.5994340777397156,0,LAND_B,LAND_B,LAND_B,2.1248886585235596,2.1247963905334473,2.120403528213501,0.1950838267803192,0.19078785181045532,0.1870001256465912,https://wandb.ai/ememchijioke-university-of-klagenfurt/marl-uav-mission-no-formation/runs/qgyhqyu7
2026-05-16T16:06:13.857934,957,3,16846.147705877396,1,3,0,2.0,0.14884785811106363,0.1507527381181717,0.11753015220165253,0.27241870760917664,0.012384761745731035,0,0.5997053980827332,0,LAND_B,LAND_B,LAND_B,2.116717576980591,2.1127560138702393,2.1229469776153564,0.1948893517255783,0.1915469914674759,0.18723033368587494,https://wandb.ai/ememchijioke-university-of-klagenfurt/marl-uav-mission-no-formation/runs/qgyhqyu7
2026-05-16T16:06:26.327019,958,3,16937.639526064406,1,3,0,2.0,0.15004415810108185,0.15427230298519135,0.11906645198663075,0.2709384262561798,0.013466290741538009,0,0.602790892124176,0,LAND_B,LAND_B,LAND_B,2.118793487548828,2.1240458488464355,2.1138055324554443,0.19471311569213867,0.1917199343442917,0.18740501999855042,https://wandb.ai/ememchijioke-university-of-klagenfurt/marl-uav-mission-no-formation/runs/qgyhqyu7
2026-05-16T16:06:39.202903,959,3,16936.118510406828,1,3,0,2.0,0.1483768274386724,0.15331663191318512,0.11694862445195515,0.267885684967041,0.013979420997202396,0,0.5922881364822388,0,LAND_B,LAND_B,LAND_B,2.11384654045105,2.122828722000122,2.1137611865997314,0.1947888433933258,0.1915006786584854,0.18747355043888092,https://wandb.ai/ememchijioke-university-of-klagenfurt/marl-uav-mission-no-formation/runs/qgyhqyu7
2026-05-16T16:06:52.514900,960,3,16786.03242349083,1,3,0,2.0,0.15192716320355734,0.15395410358905792,0.12128449479738872,0.26842978596687317,0.011876590239504973,0,0.5848211050033569,0,LAND_B,LAND_B,LAND_B,2.1213321685791016,2.115800380706787,2.1259500980377197,0.19470518827438354,0.191705122590065,0.18781913816928864,https://wandb.ai/ememchijioke-university-of-klagenfurt/marl-uav-mission-no-formation/runs/qgyhqyu7
2026-05-16T16:07:04.819725,961,3,16990.167205488073,1,3,0,2.0,0.14453680316607156,0.14853765070438385,0.1118955984711647,0.27012524008750916,0.010631281572083632,0,0.6030950546264648,0,LAND_B,LAND_B,LAND_B,2.1137051582336426,2.1128549575805664,2.1085617542266846,0.19523444771766663,0.19168473780155182,0.18752698600292206,https://wandb.ai/ememchijioke-university-of-klagenfurt/marl-uav-mission-no-formation/runs/qgyhqyu7
2026-05-16T16:07:18.227118,962,3,16803.434013036414,1,3,0,2.0,0.1474532832702001,0.14996597170829773,0.11567257593075435,0.2693724532922109,0.007711315488753219,0,0.6016431450843811,0,LAND_B,LAND_B,LAND_B,2.1143276691436768,2.1186561584472656,2.112916946411133,0.19470562040805817,0.19170746207237244,0.18786294758319855,https://wandb.ai/ememchijioke-university-of-klagenfurt/marl-uav-mission-no-formation/runs/qgyhqyu7
2026-05-16T16:07:31.296508,963,3,16882.961779184785,1,3,0,2.0,0.14904146393140158,0.15234151482582092,0.11738873273134232,0.2692621946334839,0.020183163695037365,0,0.6011919975280762,0,LAND_B,LAND_B,LAND_B,2.1143221855163574,2.1212916374206543,2.1160166263580322,0.19498537480831146,0.19217361509799957,0.18817947804927826,https://wandb.ai/ememchijioke-university-of-klagenfurt/marl-uav-mission-no-formation/runs/qgyhqyu7
2026-05-16T16:07:43.988967,964,3,15572.09344300372,1,3,0,2.0,0.15471437573432922,0.15915076434612274,0.1206230918566386,0.28491278489430744,0.019034859957173467,0,0.6063043475151062,0,LAND_B,LAND_B,LAND_B,2.1235222816467285,2.122098207473755,2.115355968475342,0.19995950162410736,0.19746416807174683,0.1932278275489807,https://wandb.ai/ememchijioke-university-of-klagenfurt/marl-uav-mission-no-formation/runs/qgyhqyu7
2026-05-16T16:07:55.823931,965,3,15089.796626846402,1,3,0,2.0,0.1533794403076172,0.15903575718402863,0.11876124391953151,0.28645779689153034,0.017558156823118527,0,0.60736483335495,0,LAND_B,LAND_B,LAND_B,2.1233506202697754,2.1228551864624023,2.1093976497650146,0.19976088404655457,0.19712671637535095,0.19418857991695404,https://wandb.ai/ememchijioke-university-of-klagenfurt/marl-uav-mission-no-formation/runs/qgyhqyu7
2026-05-16T16:08:08.121787,966,3,16308.4832311239,1,3,0,2.0,0.15031930804252625,0.15222445130348206,0.11906033009290695,0.270920862754186,0.013148951344192028,0,0.60017329454422,0,LAND_B,LAND_B,LAND_B,2.1163177490234375,2.1168322563171387,2.124023675918579,0.19517557322978973,0.19156484305858612,0.18825583159923553,https://wandb.ai/ememchijioke-university-of-klagenfurt/marl-uav-mission-no-formation/runs/qgyhqyu7
2026-05-16T16:08:21.293326,967,3,16869.434222311113,1,3,0,2.0,0.14928396542867026,0.15718628466129303,0.1177491048971812,0.2694316307703654,0.02121166915943225,0,0.5942614078521729,0,LAND_B,LAND_B,LAND_B,2.1249256134033203,2.111966371536255,2.1159934997558594,0.19539591670036316,0.19210056960582733,0.18767835199832916,https://wandb.ai/ememchijioke-university-of-klagenfurt/marl-uav-mission-no-formation/runs/qgyhqyu7
2026-05-16T16:08:34.260694,968,3,16920.28161983785,1,3,0,2.0,0.14756967624028525,0.1534106284379959,0.11579423894484837,0.27013708154360455,0.0187847629810373,0,0.5958114862442017,0,LAND_B,LAND_B,LAND_B,2.119784116744995,2.1112465858459473,2.115737199783325,0.19515466690063477,0.1919320821762085,0.1872365027666092,https://wandb.ai/ememchijioke-university-of-klagenfurt/marl-uav-mission-no-formation/runs/qgyhqyu7
2026-05-16T16:08:47.117346,969,3,16756.895230898706,1,3,0,2.0,0.15207389493783316,0.1544712334871292,0.12091765801111858,0.2708541850248973,0.01800666031582902,0,0.6027088761329651,0,LAND_B,LAND_B,LAND_B,2.1121585369110107,2.1235289573669434,2.1267971992492676,0.1958407610654831,0.1921340525150299,0.188058540225029,https://wandb.ai/ememchijioke-university-of-klagenfurt/marl-uav-mission-no-formation/runs/qgyhqyu7
2026-05-16T16:09:00.125472,970,3,16907.15924129271,1,3,0,2.0,0.15131130814552307,0.15337920188903809,0.12012458095947902,0.2676980396111806,0.012704867248733839,0,0.6081206798553467,0,LAND_B,LAND_B,LAND_B,2.1192307472229004,2.122673511505127,2.117781162261963,0.19603128731250763,0.19203223288059235,0.18785323202610016,https://wandb.ai/ememchijioke-university-of-klagenfurt/marl-uav-mission-no-formation/runs/qgyhqyu7
2026-05-16T16:09:13.038148,971,3,16892.27167738593,1,3,0,2.0,0.15185993909835815,0.15911000967025757,0.12096495926380157,0.27017873525619507,0.010599398364623388,0,0.6017804741859436,0,LAND_B,LAND_B,LAND_B,2.1268208026885986,2.1190714836120605,2.116560697555542,0.19601716101169586,0.19198337197303772,0.18741127848625183,https://wandb.ai/ememchijioke-university-of-klagenfurt/marl-uav-mission-no-formation/runs/qgyhqyu7
2026-05-16T16:09:26.231913,972,3,16796.343193459972,1,3,0,2.0,0.15416106084982553,0.15835191309452057,0.12404857824246089,0.2681073645750682,0.010756831402735164,0,0.5977742671966553,0,LAND_B,LAND_B,LAND_B,2.125718593597412,2.122385025024414,2.123339891433716,0.1953713446855545,0.19165641069412231,0.18749338388442993,https://wandb.ai/ememchijioke-university-of-klagenfurt/marl-uav-mission-no-formation/runs/qgyhqyu7
2026-05-16T16:09:39.472950,973,3,16743.817851782092,1,3,0,2.0,0.15558489163716635,0.15805107355117798,0.1256428360939026,0.26989882191022235,0.015458319646616777,0,0.6085503697395325,0,LAND_B,LAND_B,LAND_B,2.1255130767822266,2.123915195465088,2.1262645721435547,0.19522272050380707,0.1919221580028534,0.18802960216999054,https://wandb.ai/ememchijioke-university-of-klagenfurt/marl-uav-mission-no-formation/runs/qgyhqyu7
2026-05-16T16:09:52.090221,974,3,16834.763949323984,1,3,0,2.0,0.14966179430484772,0.1565152257680893,0.11824742456277211,0.27141687273979187,0.01327174777785937,0,0.6045586466789246,0,LAND_B,LAND_B,LAND_B,2.1244986057281494,2.117476463317871,2.1122677326202393,0.19484999775886536,0.19248804450035095,0.18786540627479553,https://wandb.ai/ememchijioke-university-of-klagenfurt/marl-uav-mission-no-formation/runs/qgyhqyu7
2026-05-16T16:10:04.760667,975,3,17001.04081514641,1,3,0,2.0,0.14679083228111267,0.14913469552993774,0.11482123285531998,0.2683869202931722,0.010547680547460914,0,0.6035931706428528,0,LAND_B,LAND_B,LAND_B,2.1137428283691406,2.1175179481506348,2.1129534244537354,0.19478671252727509,0.19181863963603973,0.18766537308692932,https://wandb.ai/ememchijioke-university-of-klagenfurt/marl-uav-mission-no-formation/runs/qgyhqyu7
2026-05-16T16:10:17.647422,976,3,16828.41640390456,1,3,0,2.0,0.1505607565244039,0.15872742235660553,0.11936027059952418,0.2721116244792938,0.01238584549476703,0,0.5964162349700928,0,LAND_B,LAND_B,LAND_B,2.126648426055908,2.117899179458618,2.112614393234253,0.19538171589374542,0.1923048496246338,0.18759892880916595,https://wandb.ai/ememchijioke-university-of-klagenfurt/marl-uav-mission-no-formation/runs/qgyhqyu7
2026-05-16T16:10:29.146578,977,3,16877.188976906546,1,3,0,2.0,0.14729436735312143,0.15045812726020813,0.11514772474765778,0.269209623336792,0.01335993486767014,0,0.5951484441757202,0,LAND_B,LAND_B,LAND_B,2.115859270095825,2.1160809993743896,2.112910032272339,0.19559592008590698,0.19209089875221252,0.18781965970993042,https://wandb.ai/ememchijioke-university-of-klagenfurt/marl-uav-mission-no-formation/runs/qgyhqyu7
2026-05-16T16:10:41.136668,978,3,16858.60915803208,1,3,0,2.0,0.15070106585820517,0.15140292048454285,0.11927118649085362,0.26687054832776386,0.007541770581156015,0,0.6007706522941589,0,LAND_B,LAND_B,LAND_B,2.1147139072418213,2.118445873260498,2.123511791229248,0.1952669322490692,0.1931869238615036,0.1875590980052948,https://wandb.ai/ememchijioke-university-of-klagenfurt/marl-uav-mission-no-formation/runs/qgyhqyu7
2026-05-16T16:10:52.710489,979,3,16822.9895400867,1,3,0,2.0,0.15078655878702799,0.1581680327653885,0.11934339255094528,0.2672434647878011,0.01959333475679159,0,0.6034482717514038,0,LAND_B,LAND_B,LAND_B,2.1249845027923584,2.112030267715454,2.1205508708953857,0.19652898609638214,0.192362979054451,0.1873624473810196,https://wandb.ai/ememchijioke-university-of-klagenfurt/marl-uav-mission-no-formation/runs/qgyhqyu7
2026-05-16T16:11:04.622402,980,3,17159.542277614026,1,3,0,2.0,0.14772631227970123,0.15328113734722137,0.11595608045657475,0.26874883969624835,0.014081564149819314,0,0.6106687188148499,0,LAND_B,LAND_B,LAND_B,2.108630657196045,2.122621774673462,2.1148629188537598,0.19526247680187225,0.19189201295375824,0.18702296912670135,https://wandb.ai/ememchijioke-university-of-klagenfurt/marl-uav-mission-no-formation/runs/qgyhqyu7
2026-05-16T16:11:17.850283,981,3,16908.178064177744,1,3,0,2.0,0.14708908398946127,0.15385258197784424,0.11499789605538051,0.2690275013446808,0.014077357792605957,0,0.6013837456703186,0,LAND_B,LAND_B,LAND_B,2.120041847229004,2.1116952896118164,2.112008810043335,0.19594885408878326,0.19264556467533112,0.18645134568214417,https://wandb.ai/ememchijioke-university-of-klagenfurt/marl-uav-mission-no-formation/runs/qgyhqyu7
2026-05-16T16:11:29.937992,982,3,16836.319975904044,1,3,0,2.0,0.1518443375825882,0.153401181101799,0.12093478192885716,0.2700732946395874,0.007040638476610184,0,0.6046417951583862,0,LAND_B,LAND_B,LAND_B,2.1194615364074707,2.1222383975982666,2.1206090450286865,0.19563797116279602,0.1926148384809494,0.1870640218257904,https://wandb.ai/ememchijioke-university-of-klagenfurt/marl-uav-mission-no-formation/runs/qgyhqyu7
2026-05-16T16:11:42.858009,983,3,17010.10392771206,1,3,0,2.0,0.1460277239481608,0.14779262244701385,0.11363195131222407,0.267708679040273,0.012912736274302006,0,0.5971768498420715,0,LAND_B,LAND_B,LAND_B,2.1126279830932617,2.1142051219940186,2.113969326019287,0.19568559527397156,0.192881241440773,0.18640084564685822,https://wandb.ai/ememchijioke-university-of-klagenfurt/marl-uav-mission-no-formation/runs/qgyhqyu7
2026-05-16T16:11:55.008397,984,3,17130.368068916538,1,3,0,2.0,0.14379345377286276,0.15407924354076385,0.11106376846631368,0.2689869999885559,0.021390972658991814,0,0.605131208896637,0,LAND_B,LAND_B,LAND_B,2.1195623874664307,2.1052489280700684,2.1072213649749756,0.1959819495677948,0.1920299082994461,0.1858300119638443,https://wandb.ai/ememchijioke-university-of-klagenfurt/marl-uav-mission-no-formation/runs/qgyhqyu7
2026-05-16T16:12:08.118521,985,3,16862.14219086641,1,3,0,2.0,0.15407333274682364,0.15943478047847748,0.1236546238263448,0.26860291759173077,0.013438038993626833,0,0.5943752527236938,0,LAND_B,LAND_B,LAND_B,2.127333164215088,2.120163679122925,2.1232285499572754,0.19574680924415588,0.19265928864479065,0.18722492456436157,https://wandb.ai/ememchijioke-university-of-klagenfurt/marl-uav-mission-no-formation/runs/qgyhqyu7
2026-05-16T16:12:21.370962,986,3,16906.991046598338,1,3,0,2.0,0.1480580617984136,0.15389284491539001,0.1165493701895078,0.2726286252339681,0.010521334440757832,0,0.6008155941963196,0,LAND_B,LAND_B,LAND_B,2.1207754611968994,2.1156299114227295,2.112853527069092,0.19535908102989197,0.19211778044700623,0.18642427027225494,https://wandb.ai/ememchijioke-university-of-klagenfurt/marl-uav-mission-no-formation/runs/qgyhqyu7
2026-05-16T16:12:34.362715,987,3,17084.856038557406,1,3,0,2.0,0.14993694424629211,0.15575933456420898,0.11860677599906921,0.26546455423037213,0.014795835440357527,0,0.6035864353179932,0,LAND_B,LAND_B,LAND_B,2.123051404953003,2.111339569091797,2.121126651763916,0.19527794420719147,0.1924537718296051,0.18715223670005798,https://wandb.ai/ememchijioke-university-of-klagenfurt/marl-uav-mission-no-formation/runs/qgyhqyu7
2026-05-16T16:12:47.016959,988,3,17023.962314377786,1,3,0,2.0,0.14785700539747873,0.15090906620025635,0.11572932203610738,0.2678481539090474,0.012544215268765887,0,0.5969716310501099,0,LAND_B,LAND_B,LAND_B,2.113754987716675,2.1098179817199707,2.12335467338562,0.19590193033218384,0.1926489919424057,0.18692634999752045,https://wandb.ai/ememchijioke-university-of-klagenfurt/marl-uav-mission-no-formation/runs/qgyhqyu7
2026-05-16T16:12:59.807817,989,3,16966.38209826214,1,3,0,2.0,0.14815300206343332,0.1534549593925476,0.11651777476072311,0.268156756957372,0.026685335983832676,0,0.6015373468399048,0,LAND_B,LAND_B,LAND_B,2.113530158996582,2.1223108768463135,2.113185167312622,0.195362851023674,0.19256266951560974,0.18639954924583435,https://wandb.ai/ememchijioke-university-of-klagenfurt/marl-uav-mission-no-formation/runs/qgyhqyu7
2026-05-16T16:13:11.704703,990,3,16970.438891088983,1,3,0,2.0,0.14983890453974405,0.15499736368656158,0.11876473824183147,0.2691539525985718,0.015490239796539148,0,0.6010540127754211,0,LAND_B,LAND_B,LAND_B,2.1218795776367188,2.11763072013855,2.115773916244507,0.19549565017223358,0.19240128993988037,0.1861213743686676,https://wandb.ai/ememchijioke-university-of-klagenfurt/marl-uav-mission-no-formation/runs/qgyhqyu7
2026-05-16T16:13:24.842392,991,3,16806.393144754882,1,3,0,2.0,0.14981470008691153,0.15202216804027557,0.11835888028144836,0.26890862981478375,0.007773147352660696,0,0.6072846055030823,0,LAND_B,LAND_B,LAND_B,2.110203504562378,2.1185262203216553,2.1247377395629883,0.1956937611103058,0.19242209196090698,0.18678385019302368,https://wandb.ai/ememchijioke-university-of-klagenfurt/marl-uav-mission-no-formation/runs/qgyhqyu7
2026-05-16T16:13:37.486506,992,3,16815.52351849153,1,3,0,2.0,0.1504883070786794,0.15166141092777252,0.11920441438754399,0.2712952196598053,0.014433938078582287,0,0.6004422903060913,0,LAND_B,LAND_B,LAND_B,2.115605115890503,2.1170735359191895,2.1238386631011963,0.1959790587425232,0.19268450140953064,0.186405211687088,https://wandb.ai/ememchijioke-university-of-klagenfurt/marl-uav-mission-no-formation/runs/qgyhqyu7
2026-05-16T16:13:50.492827,993,3,16777.64963498207,1,3,0,2.0,0.1498746375242869,0.15421879291534424,0.11876890808343887,0.2698916395505269,0.011393093969672918,0,0.6046269536018372,0,LAND_B,LAND_B,LAND_B,2.1207773685455322,2.1106796264648438,2.1246259212493896,0.19572968780994415,0.19206997752189636,0.1859005093574524,https://wandb.ai/ememchijioke-university-of-klagenfurt/marl-uav-mission-no-formation/runs/qgyhqyu7
2026-05-16T16:14:03.583805,994,3,16719.64613675359,1,3,0,2.0,0.15112422406673431,0.15372706949710846,0.1199801042675972,0.27128363649050397,0.01836756430566311,0,0.5948864817619324,0,LAND_B,LAND_B,LAND_B,2.115818500518799,2.1167428493499756,2.127253770828247,0.196268230676651,0.19249513745307922,0.1862466186285019,https://wandb.ai/ememchijioke-university-of-klagenfurt/marl-uav-mission-no-formation/runs/qgyhqyu7
2026-05-16T16:14:16.290504,995,3,16977.193524483795,1,3,0,2.0,0.14805894593397775,0.15208761394023895,0.11596433321634929,0.2692509889602661,0.007985055058573684,0,0.5930547714233398,0,LAND_B,LAND_B,LAND_B,2.1173362731933594,2.1183860301971436,2.1119189262390137,0.196761354804039,0.19305330514907837,0.1862739473581314,https://wandb.ai/ememchijioke-university-of-klagenfurt/marl-uav-mission-no-formation/runs/qgyhqyu7
2026-05-16T16:14:28.479070,996,3,16832.656184730033,1,3,0,2.0,0.15329019725322723,0.157619908452034,0.12238272527853648,0.2705460886160533,0.022781390075882275,0,0.599128007888794,0,LAND_B,LAND_B,LAND_B,2.124490737915039,2.1131834983825684,2.1293787956237793,0.19664478302001953,0.19342386722564697,0.18614177405834198,https://wandb.ai/ememchijioke-university-of-klagenfurt/marl-uav-mission-no-formation/runs/qgyhqyu7
2026-05-16T16:14:40.997568,997,3,17055.84376113149,1,3,0,2.0,0.14903192718823752,0.1556398868560791,0.11733817805846532,0.2692500948905945,0.0051262945247193175,0,0.6053904294967651,0,LAND_B,LAND_B,LAND_B,2.1209962368011475,2.1152150630950928,2.113959550857544,0.1963597983121872,0.19299980998039246,0.18621931970119476,https://wandb.ai/ememchijioke-university-of-klagenfurt/marl-uav-mission-no-formation/runs/qgyhqyu7
2026-05-16T16:14:52.446384,998,3,16902.20091258335,1,3,0,2.0,0.14929125706354776,0.15799421072006226,0.11766303827365239,0.2693628172079722,0.02530896912018458,0,0.598211944103241,0,LAND_B,LAND_B,LAND_B,2.1245625019073486,2.1107680797576904,2.1169469356536865,0.19628998637199402,0.19302891194820404,0.18609225749969482,https://wandb.ai/ememchijioke-university-of-klagenfurt/marl-uav-mission-no-formation/runs/qgyhqyu7
2026-05-16T16:15:05.158274,999,3,16937.79956995356,1,3,0,2.0,0.14963151017824808,0.1554068922996521,0.11836093167463939,0.26811683177948,0.022550934304793675,0,0.596450686454773,0,LAND_B,LAND_B,LAND_B,2.121790885925293,2.1215696334838867,2.111626386642456,0.19644667208194733,0.19234047830104828,0.1858178824186325,https://wandb.ai/ememchijioke-university-of-klagenfurt/marl-uav-mission-no-formation/runs/qgyhqyu7
2026-05-16T16:15:17.125184,1000,3,16804.149642511962,1,3,0,2.0,0.15080957114696503,0.15378184616565704,0.11988212168216705,0.2709234158198039,0.015475697194536528,0,0.6042876243591309,0,LAND_B,LAND_B,LAND_B,2.1168413162231445,2.122783899307251,2.1198604106903076,0.1952437311410904,0.19258762896060944,0.18643930554389954,https://wandb.ai/ememchijioke-university-of-klagenfurt/marl-uav-mission-no-formation/runs/qgyhqyu7
2026-05-16T16:15:29.228916,1001,3,16887.824400251287,1,3,0,2.0,0.1519156446059545,0.15315601229667664,0.1208602711558342,0.26793814698855084,0.010217760223895311,0,0.6109710931777954,0,LAND_B,LAND_B,LAND_B,2.1181609630584717,2.116839647293091,2.1260263919830322,0.19584406912326813,0.19340282678604126,0.1864078789949417,https://wandb.ai/ememchijioke-university-of-klagenfurt/marl-uav-mission-no-formation/runs/qgyhqyu7
2026-05-16T16:15:41.620504,1002,3,16926.810517958587,1,3,0,2.0,0.15084482729434967,0.15490277111530304,0.11925049622853597,0.26912741859753925,0.01213652128353715,0,0.6065506935119629,0,LAND_B,LAND_B,LAND_B,2.1207988262176514,2.1186859607696533,2.117387056350708,0.19597463309764862,0.19343477487564087,0.18766538798809052,https://wandb.ai/ememchijioke-university-of-klagenfurt/marl-uav-mission-no-formation/runs/qgyhqyu7
2026-05-16T16:15:53.884844,1003,3,16887.340402373673,1,3,0,2.0,0.14927838246027628,0.15809321403503418,0.1172336886326472,0.2688652575016022,0.013118163527299961,0,0.5992204546928406,0,LAND_B,LAND_B,LAND_B,2.125603437423706,2.1129469871520996,2.112898588180542,0.19598643481731415,0.19392336905002594,0.1872127652168274,https://wandb.ai/ememchijioke-university-of-klagenfurt/marl-uav-mission-no-formation/runs/qgyhqyu7
2026-05-16T16:16:05.945611,1004,3,16931.16144585677,1,3,0,2.0,0.15167555709679922,0.15481477975845337,0.12019707510868709,0.26814694205919903,0.01184034642452995,0,0.6086246371269226,0,LAND_B,LAND_B,LAND_B,2.1207239627838135,2.1188881397247314,2.1201155185699463,0.19645042717456818,0.1936177909374237,0.18730701506137848,https://wandb.ai/ememchijioke-university-of-klagenfurt/marl-uav-mission-no-formation/runs/qgyhqyu7
2026-05-16T16:16:19.404498,1005,3,17051.102321112747,1,3,0,2.0,0.14849675198396048,0.15527503192424774,0.11618625372648239,0.27013365427652997,0.011543988871077696,0,0.6007263660430908,0,LAND_B,LAND_B,LAND_B,2.12158203125,2.1185014247894287,2.1084065437316895,0.1965319663286209,0.193325012922287,0.1875653862953186,https://wandb.ai/ememchijioke-university-of-klagenfurt/marl-uav-mission-no-formation/runs/qgyhqyu7
2026-05-16T16:16:30.622512,1006,3,16853.124837139065,1,3,0,2.0,0.1531092325846354,0.16011857986450195,0.12181374182303746,0.2693903644879659,0.013369355350732803,0,0.6015906929969788,0,LAND_B,LAND_B,LAND_B,2.1276934146881104,2.1197726726531982,2.117079973220825,0.1963176429271698,0.19421766698360443,0.1876903623342514,https://wandb.ai/ememchijioke-university-of-klagenfurt/marl-uav-mission-no-formation/runs/qgyhqyu7
2026-05-16T16:16:42.957372,1007,3,17013.853090380606,1,3,0,2.0,0.14961010714372,0.15301752090454102,0.11764196306467056,0.26624764998753864,0.016359160654246807,0,0.6064867377281189,0,LAND_B,LAND_B,LAND_B,2.1170151233673096,2.1208581924438477,2.1144895553588867,0.19600357115268707,0.19379456341266632,0.18741069734096527,https://wandb.ai/ememchijioke-university-of-klagenfurt/marl-uav-mission-no-formation/runs/qgyhqyu7
2026-05-16T16:16:54.807423,1008,3,16962.09526284163,1,3,0,2.0,0.1491288294394811,0.15397591888904572,0.11676085988680522,0.2699962755044301,0.015549000352621078,0,0.5991812348365784,0,LAND_B,LAND_B,LAND_B,2.1197469234466553,2.11543869972229,2.1147360801696777,0.19679482281208038,0.19412343204021454,0.18730603158473969,https://wandb.ai/ememchijioke-university-of-klagenfurt/marl-uav-mission-no-formation/runs/qgyhqyu7
2026-05-16T16:17:06.983245,1009,3,16922.714303967576,1,3,0,2.0,0.14606579641501108,0.14863409101963043,0.11296674857536952,0.27043001850446063,0.021472207581003506,0,0.598832368850708,0,LAND_B,LAND_B,LAND_B,2.112443685531616,2.1116063594818115,2.114133596420288,0.19641554355621338,0.1942303627729416,0.18692535161972046,https://wandb.ai/ememchijioke-university-of-klagenfurt/marl-uav-mission-no-formation/runs/qgyhqyu7
2026-05-16T16:17:19.514412,1010,3,16967.560564482766,1,3,0,2.0,0.1476221630970637,0.155909463763237,0.1150332714120547,0.27102096875508624,0.02225123904645443,0,0.6020938754081726,0,LAND_B,LAND_B,LAND_B,2.122373580932617,2.110568046569824,2.1117990016937256,0.19639599323272705,0.1937067210674286,0.18733833730220795,https://wandb.ai/ememchijioke-university-of-klagenfurt/marl-uav-mission-no-formation/runs/qgyhqyu7
2026-05-16T16:17:32.471403,1011,3,16991.847800606647,1,3,0,2.0,0.14768047134081522,0.14907953143119812,0.11495392769575119,0.2661236524581909,0.01938749197870493,0,0.6021297574043274,0,LAND_B,LAND_B,LAND_B,2.112823009490967,2.1115665435791016,2.1190264225006104,0.19652949273586273,0.19405902922153473,0.18715974688529968,https://wandb.ai/ememchijioke-university-of-klagenfurt/marl-uav-mission-no-formation/runs/qgyhqyu7
2026-05-16T16:17:45.345741,1012,3,16988.805505639266,1,3,0,2.0,0.15089183549086252,0.16259008646011353,0.11937129000822704,0.26985851923624676,0.012024559701482454,0,0.6064122915267944,0,LAND_B,LAND_B,LAND_B,2.1293444633483887,2.1121292114257812,2.1152091026306152,0.19673767685890198,0.19339551031589508,0.1865205615758896,https://wandb.ai/ememchijioke-university-of-klagenfurt/marl-uav-mission-no-formation/runs/qgyhqyu7
2026-05-16T16:17:58.328324,1013,3,16950.18471786221,1,3,0,2.0,0.1484133501847585,0.15413743257522583,0.11579295247793198,0.2682764033476512,0.01658435134838025,0,0.5987098217010498,0,LAND_B,LAND_B,LAND_B,2.1204445362091064,2.117448329925537,2.109368085861206,0.1961839348077774,0.19418589770793915,0.18813712894916534,https://wandb.ai/ememchijioke-university-of-klagenfurt/marl-uav-mission-no-formation/runs/qgyhqyu7
2026-05-16T16:18:10.190252,1014,3,17021.29092297309,1,3,0,2.0,0.1507076621055603,0.15842562913894653,0.11883766204118729,0.2691371242205302,0.014096118820210298,0,0.6004377007484436,0,LAND_B,LAND_B,LAND_B,2.125593423843384,2.1179049015045166,2.112196922302246,0.19638986885547638,0.19370649755001068,0.18793897330760956,https://wandb.ai/ememchijioke-university-of-klagenfurt/marl-uav-mission-no-formation/runs/qgyhqyu7
2026-05-16T16:18:23.139979,1015,3,16207.949811690307,1,3,0,2.0,0.14806791146596274,0.15374085307121277,0.11543655395507812,0.2692253688971202,0.012668230570852757,0,0.5961918234825134,0,LAND_B,LAND_B,LAND_B,2.1205358505249023,2.1069250106811523,2.118256092071533,0.19530057907104492,0.19418124854564667,0.18832747638225555,https://wandb.ai/ememchijioke-university-of-klagenfurt/marl-uav-mission-no-formation/runs/qgyhqyu7
2026-05-16T16:18:35.769840,1016,3,16357.632611785755,1,3,0,2.0,0.14890032509962717,0.1542641669511795,0.11641116440296173,0.2715461750825246,0.014350660921384891,0,0.5970855951309204,0,LAND_B,LAND_B,LAND_B,2.1177167892456055,2.12211012840271,2.1088531017303467,0.19618040323257446,0.19381041824817657,0.18846538662910461,https://wandb.ai/ememchijioke-university-of-klagenfurt/marl-uav-mission-no-formation/runs/qgyhqyu7
2026-05-16T16:18:47.979890,1017,3,17005.82883456023,1,3,0,2.0,0.15088894963264465,0.15649501979351044,0.11898101369539897,0.2663673261801402,0.021153691535194714,0,0.6028727293014526,0,LAND_B,LAND_B,LAND_B,2.1218173503875732,2.1203370094299316,2.113769292831421,0.19723349809646606,0.19386310875415802,0.1872725784778595,https://wandb.ai/ememchijioke-university-of-klagenfurt/marl-uav-mission-no-formation/runs/qgyhqyu7
2026-05-16T16:18:59.680573,1018,3,16898.84396481764,1,3,0,2.0,0.15042700866858164,0.15562231838703156,0.11848007142543793,0.2656850715478261,0.009158104425296187,0,0.6078784465789795,0,LAND_B,LAND_B,LAND_B,2.121415376663208,2.1144657135009766,2.118974208831787,0.19713164865970612,0.1935315728187561,0.18719863891601562,https://wandb.ai/ememchijioke-university-of-klagenfurt/marl-uav-mission-no-formation/runs/qgyhqyu7
2026-05-16T16:19:13.180924,1019,3,16979.403012163006,1,3,0,2.0,0.15290021896362305,0.1606214940547943,0.12168016533056895,0.26801690459251404,0.013754477569212517,0,0.6019795536994934,0,LAND_B,LAND_B,LAND_B,2.1267688274383545,2.124035596847534,2.1130857467651367,0.19720493257045746,0.193607896566391,0.1869443953037262,https://wandb.ai/ememchijioke-university-of-klagenfurt/marl-uav-mission-no-formation/runs/qgyhqyu7
2026-05-16T16:19:26.321942,1020,3,16910.648682865067,1,3,0,2.0,0.14799608290195465,0.14881473779678345,0.11504405488570531,0.26764445503552753,0.018487311899662018,0,0.602112352848053,0,LAND_B,LAND_B,LAND_B,2.1119577884674072,2.1123836040496826,2.119765043258667,0.1973458230495453,0.19393068552017212,0.18759271502494812,https://wandb.ai/ememchijioke-university-of-klagenfurt/marl-uav-mission-no-formation/runs/qgyhqyu7
2026-05-16T16:19:39.975685,1021,3,16876.001473267796,1,3,0,2.0,0.14854795237382254,0.1500536948442459,0.1157419482866923,0.26827125747998554,0.01510677890231212,0,0.597428023815155,0,LAND_B,LAND_B,LAND_B,2.1140260696411133,2.1126291751861572,2.119971513748169,0.19738496840000153,0.1940680593252182,0.18748225271701813,https://wandb.ai/ememchijioke-university-of-klagenfurt/marl-uav-mission-no-formation/runs/qgyhqyu7
2026-05-16T16:19:52.498045,1022,3,16931.410793956085,1,3,0,2.0,0.14864092071851095,0.15768951177597046,0.11644645531972249,0.2660657465457916,0.013032649178057909,0,0.6103235483169556,0,LAND_B,LAND_B,LAND_B,2.1236157417297363,2.1141018867492676,2.1100311279296875,0.19634465873241425,0.19349126517772675,0.18725986778736115,https://wandb.ai/ememchijioke-university-of-klagenfurt/marl-uav-mission-no-formation/runs/qgyhqyu7
2026-05-16T16:20:05.253417,1023,3,17019.941031800074,1,3,0,2.0,0.1435632606347402,0.14813503623008728,0.11005893598000209,0.26852957407633465,0.014339239646991095,0,0.6066858172416687,0,LAND_B,LAND_B,LAND_B,2.1119322776794434,2.108755350112915,2.1085915565490723,0.19632156193256378,0.19302412867546082,0.1871233582496643,https://wandb.ai/ememchijioke-university-of-klagenfurt/marl-uav-mission-no-formation/runs/qgyhqyu7
2026-05-16T16:20:18.140547,1024,3,16841.522517011355,1,3,0,2.0,0.14782904585202536,0.14897626638412476,0.11556143810351689,0.2685098648071289,0.008081359012673298,0,0.5951979756355286,0,LAND_B,LAND_B,LAND_B,2.113584280014038,2.1159512996673584,2.116366386413574,0.1960000991821289,0.1931576132774353,0.18719767034053802,https://wandb.ai/ememchijioke-university-of-klagenfurt/marl-uav-mission-no-formation/runs/qgyhqyu7
2026-05-16T16:20:30.148410,1025,3,17017.130208767252,1,3,0,2.0,0.15176753203074136,0.15298764407634735,0.12025381624698639,0.2646990915139516,0.018350415552655857,0,0.5894515514373779,0,LAND_B,LAND_B,LAND_B,2.117800235748291,2.1209194660186768,2.1209404468536377,0.1964949369430542,0.1936531662940979,0.18740515410900116,https://wandb.ai/ememchijioke-university-of-klagenfurt/marl-uav-mission-no-formation/runs/qgyhqyu7
2026-05-16T16:20:41.678104,1026,3,16860.32656065245,1,3,0,2.0,0.14761911829312643,0.15110671520233154,0.1152678777774175,0.2682955463727315,0.01076321785027782,0,0.6005423665046692,0,LAND_B,LAND_B,LAND_B,2.11670184135437,2.1174418926239014,2.1110494136810303,0.19585229456424713,0.1936316341161728,0.18714599311351776,https://wandb.ai/ememchijioke-university-of-klagenfurt/marl-uav-mission-no-formation/runs/qgyhqyu7
2026-05-16T16:20:53.868480,1027,3,16906.738981294,1,3,0,2.0,0.14489774902661642,0.14719927310943604,0.1119434063633283,0.2695673406124115,0.01456463693951567,0,0.6031628847122192,0,LAND_B,LAND_B,LAND_B,2.1115500926971436,2.110379219055176,2.113375663757324,0.19561587274074554,0.19306063652038574,0.18714608252048492,https://wandb.ai/ememchijioke-university-of-klagenfurt/marl-uav-mission-no-formation/runs/qgyhqyu7
2026-05-16T16:21:04.646870,1028,3,16784.282172181956,1,3,0,2.0,0.15078510840733847,0.1553105115890503,0.11884490897258122,0.27095426122347516,0.012921618297696114,0,0.60367751121521,0,LAND_B,LAND_B,LAND_B,2.11997389793396,2.1141886711120605,2.120608329772949,0.196852445602417,0.19364257156848907,0.18767623603343964,https://wandb.ai/ememchijioke-university-of-klagenfurt/marl-uav-mission-no-formation/runs/qgyhqyu7
2026-05-16T16:21:16.210868,1029,3,16849.725712570496,1,3,0,2.0,0.15269372363885245,0.1565498560667038,0.12171577662229538,0.26659781734148663,0.020981101940075558,0,0.5982323288917542,0,LAND_B,LAND_B,LAND_B,2.123838424682617,2.117628812789917,2.123288631439209,0.1953580230474472,0.19330722093582153,0.18775427341461182,https://wandb.ai/ememchijioke-university-of-klagenfurt/marl-uav-mission-no-formation/runs/qgyhqyu7
2026-05-16T16:21:27.188629,1030,3,16936.313452285813,1,3,0,2.0,0.1493894358476003,0.15336912870407104,0.1177333543697993,0.2704610625902812,0.017844333002964657,0,0.5971527695655823,0,LAND_B,LAND_B,LAND_B,2.119596242904663,2.1118826866149902,2.1210896968841553,0.1953526735305786,0.19268983602523804,0.18755857646465302,https://wandb.ai/ememchijioke-university-of-klagenfurt/marl-uav-mission-no-formation/runs/qgyhqyu7
2026-05-16T16:21:41.097913,1031,3,16886.559720617093,1,3,0,2.0,0.15097236136595407,0.1539461463689804,0.11967150370279948,0.2661214868227641,0.012861388735473156,0,0.6057367324829102,0,LAND_B,LAND_B,LAND_B,2.121274471282959,2.1178689002990723,2.119135618209839,0.19479486346244812,0.19322234392166138,0.18801823258399963,https://wandb.ai/ememchijioke-university-of-klagenfurt/marl-uav-mission-no-formation/runs/qgyhqyu7
2026-05-16T16:21:53.785179,1032,3,16291.293711138505,1,3,0,2.0,0.14610293010870615,0.1496400237083435,0.11329066008329391,0.2709359923998515,0.012390662605563799,0,0.6020815372467041,0,LAND_B,LAND_B,LAND_B,2.1104726791381836,2.117255210876465,2.1116950511932373,0.19539400935173035,0.19295626878738403,0.18829157948493958,https://wandb.ai/ememchijioke-university-of-klagenfurt/marl-uav-mission-no-formation/runs/qgyhqyu7
2026-05-16T16:22:06.625757,1033,3,16303.384712074905,1,3,0,2.0,0.14832239349683127,0.15199899673461914,0.11607826501131058,0.27109482884407043,0.015069009425739447,0,0.6089430451393127,0,LAND_B,LAND_B,LAND_B,2.1144285202026367,2.1200172901153564,2.1127779483795166,0.1948445737361908,0.19323770701885223,0.18885785341262817,https://wandb.ai/ememchijioke-university-of-klagenfurt/marl-uav-mission-no-formation/runs/qgyhqyu7
2026-05-16T16:22:19.064960,1034,3,16863.140558495084,1,3,0,2.0,0.14861676593621573,0.15418758988380432,0.11683341364065807,0.267087717851003,0.010504822557171186,0,0.6081575751304626,0,LAND_B,LAND_B,LAND_B,2.1113481521606445,2.122934341430664,2.115607261657715,0.19480940699577332,0.1930638551712036,0.18742479383945465,https://wandb.ai/ememchijioke-university-of-klagenfurt/marl-uav-mission-no-formation/runs/qgyhqyu7
2026-05-16T16:22:30.718682,1035,3,16822.52076338232,1,3,0,2.0,0.14759840567906699,0.1514090895652771,0.11514851450920105,0.26722127199172974,0.01620783129086097,0,0.6002978086471558,0,LAND_B,LAND_B,LAND_B,2.1135170459747314,2.1088180541992188,2.123009204864502,0.19491441547870636,0.19335493445396423,0.18821561336517334,https://wandb.ai/ememchijioke-university-of-klagenfurt/marl-uav-mission-no-formation/runs/qgyhqyu7
2026-05-16T16:22:42.996677,1036,3,16976.416301010377,1,3,0,2.0,0.14803044497966766,0.15125207602977753,0.1157296895980835,0.2678854962189992,0.012952491641044617,0,0.5956803560256958,0,LAND_B,LAND_B,LAND_B,2.1166739463806152,2.118983030319214,2.1114182472229004,0.19566293060779572,0.19330254197120667,0.18790611624717712,https://wandb.ai/ememchijioke-university-of-klagenfurt/marl-uav-mission-no-formation/runs/qgyhqyu7
2026-05-16T16:22:55.796242,1037,3,17046.974414522752,1,3,0,2.0,0.1465636839469274,0.1514761596918106,0.11385086178779602,0.2687985301017761,0.018668286502361298,0,0.6024624705314636,0,LAND_B,LAND_B,LAND_B,2.1175355911254883,2.106839895248413,2.116767406463623,0.1955530345439911,0.19320660829544067,0.18782931566238403,https://wandb.ai/ememchijioke-university-of-klagenfurt/marl-uav-mission-no-formation/runs/qgyhqyu7
2026-05-16T16:23:08.937649,1038,3,17051.812364565307,1,3,0,2.0,0.14373242855072021,0.14551061391830444,0.11013226956129074,0.2669435143470764,0.017163471163560946,0,0.5944734215736389,0,LAND_B,LAND_B,LAND_B,2.110339879989624,2.1076669692993164,2.112318992614746,0.19486011564731598,0.19371385872364044,0.18833325803279877,https://wandb.ai/ememchijioke-university-of-klagenfurt/marl-uav-mission-no-formation/runs/qgyhqyu7
2026-05-16T16:23:21.862691,1039,3,16844.893326214704,1,3,0,2.0,0.1506375124057134,0.15734685957431793,0.11895102510849635,0.2686074475447337,0.014507030447324118,0,0.5944575667381287,0,LAND_B,LAND_B,LAND_B,2.118725299835205,2.1257965564727783,2.111795425415039,0.1953320950269699,0.19396500289440155,0.1878887116909027,https://wandb.ai/ememchijioke-university-of-klagenfurt/marl-uav-mission-no-formation/runs/qgyhqyu7
2026-05-16T16:23:34.462672,1040,3,16223.31897241488,1,3,0,2.0,0.15029812852541605,0.15460219979286194,0.1183805838227272,0.2712199290593465,0.012186509712288776,0,0.5996105670928955,0,LAND_B,LAND_B,LAND_B,2.121593713760376,2.119520425796509,2.1140270233154297,0.19548195600509644,0.19377227127552032,0.18855668604373932,https://wandb.ai/ememchijioke-university-of-klagenfurt/marl-uav-mission-no-formation/runs/qgyhqyu7
2026-05-16T16:23:47.854712,1041,3,16825.891807871427,1,3,0,2.0,0.15103726585706076,0.15460050106048584,0.11963850756486256,0.274444580078125,0.009120812639594078,0,0.6013273000717163,0,LAND_B,LAND_B,LAND_B,2.1208748817443848,2.1155853271484375,2.1218278408050537,0.19572973251342773,0.19271034002304077,0.18794623017311096,https://wandb.ai/ememchijioke-university-of-klagenfurt/marl-uav-mission-no-formation/runs/qgyhqyu7
2026-05-16T16:24:00.659172,1042,3,17090.96836899503,1,3,0,2.0,0.1483528216679891,0.1537054181098938,0.1162265067299207,0.2709698975086212,0.01108249370008707,0,0.5971202850341797,0,LAND_B,LAND_B,LAND_B,2.1201515197753906,2.1123690605163574,2.1155457496643066,0.1953728199005127,0.19345180690288544,0.18764044344425201,https://wandb.ai/ememchijioke-university-of-klagenfurt/marl-uav-mission-no-formation/runs/qgyhqyu7
2026-05-16T16:24:13.711106,1043,3,17015.39670674043,1,3,0,2.0,0.14952382942040762,0.1579001396894455,0.11761085937420528,0.2687181731065114,0.02162243922551473,0,0.5936439037322998,0,LAND_B,LAND_B,LAND_B,2.1252846717834473,2.1123762130737305,2.114516019821167,0.19536438584327698,0.1937055140733719,0.1877688616514206,https://wandb.ai/ememchijioke-university-of-klagenfurt/marl-uav-mission-no-formation/runs/qgyhqyu7
2026-05-16T16:24:25.905157,1044,3,16808.7679271522,1,3,0,2.0,0.14942734440167746,0.15379273891448975,0.11737282822529475,0.26640741030375165,0.0180217024559776,0,0.6038479804992676,0,LAND_B,LAND_B,LAND_B,2.1204376220703125,2.1100430488586426,2.12141489982605,0.19543126225471497,0.19398120045661926,0.18762271106243134,https://wandb.ai/ememchijioke-university-of-klagenfurt/marl-uav-mission-no-formation/runs/qgyhqyu7
2026-05-16T16:24:38.755737,1045,3,16286.733231408569,1,3,0,2.0,0.14922014872233072,0.1528046578168869,0.11716692646344502,0.26731125513712567,0.017654847353696823,0,0.602893054485321,0,LAND_B,LAND_B,LAND_B,2.1191208362579346,2.116885185241699,2.114654541015625,0.1951587051153183,0.19381530582904816,0.18820823729038239,https://wandb.ai/ememchijioke-university-of-klagenfurt/marl-uav-mission-no-formation/runs/qgyhqyu7
2026-05-16T16:24:51.723777,1046,3,16834.380466419883,1,3,0,2.0,0.1509712984164556,0.15450724959373474,0.11964508394400279,0.2699143687884013,0.024079497282703716,0,0.5923939347267151,0,LAND_B,LAND_B,LAND_B,2.1154375076293945,2.122938394546509,2.120307445526123,0.19492188096046448,0.19355618953704834,0.18752062320709229,https://wandb.ai/ememchijioke-university-of-klagenfurt/marl-uav-mission-no-formation/runs/qgyhqyu7
2026-05-16T16:25:05.169064,1047,3,16848.0986563335,1,3,0,2.0,0.14646059771378836,0.15676015615463257,0.11370902756849925,0.2695344189802806,0.016301531344652176,0,0.5996896028518677,0,LAND_B,LAND_B,LAND_B,2.1241607666015625,2.106750249862671,2.1088273525238037,0.19519111514091492,0.19357642531394958,0.1879080832004547,https://wandb.ai/ememchijioke-university-of-klagenfurt/marl-uav-mission-no-formation/runs/qgyhqyu7
2026-05-16T16:25:17.712003,1048,3,16861.859646253193,1,3,0,2.0,0.1527279814084371,0.1566981077194214,0.12152762462695439,0.26882655421892804,0.012686466177304586,0,0.6084988713264465,0,LAND_B,LAND_B,LAND_B,2.1234874725341797,2.1231770515441895,2.1170175075531006,0.19555307924747467,0.19399072229862213,0.18795764446258545,https://wandb.ai/ememchijioke-university-of-klagenfurt/marl-uav-mission-no-formation/runs/qgyhqyu7
2026-05-16T16:25:30.395712,1049,3,16343.429009134166,1,3,0,2.0,0.14824539422988892,0.15161047875881195,0.1161043718457222,0.269082506497701,0.019408173238237698,0,0.5999078750610352,0,LAND_B,LAND_B,LAND_B,2.1133334636688232,2.118985414505005,2.1151440143585205,0.1943732500076294,0.1937589794397354,0.18830640614032745,https://wandb.ai/ememchijioke-university-of-klagenfurt/marl-uav-mission-no-formation/runs/qgyhqyu7
2026-05-16T16:25:43.475150,1050,3,16863.386548583698,1,3,0,2.0,0.14698568979899088,0.15017662942409515,0.11446512738863628,0.2683016061782837,0.011325999783972899,0,0.599999725818634,0,LAND_B,LAND_B,LAND_B,2.110185384750366,2.117363691329956,2.114799737930298,0.1956980973482132,0.1936919093132019,0.18701224029064178,https://wandb.ai/ememchijioke-university-of-klagenfurt/marl-uav-mission-no-formation/runs/qgyhqyu7
2026-05-16T16:25:57.325328,1051,3,16885.63897851677,1,3,0,2.0,0.14774714410305023,0.1529528647661209,0.11568140735228856,0.2699882884820302,0.011777917388826609,0,0.601508617401123,0,LAND_B,LAND_B,LAND_B,2.1108760833740234,2.1211535930633545,2.114734649658203,0.195699542760849,0.19336043298244476,0.18635602295398712,https://wandb.ai/ememchijioke-university-of-klagenfurt/marl-uav-mission-no-formation/runs/qgyhqyu7
2026-05-16T16:26:10.301550,1052,3,17080.79096493403,1,3,0,2.0,0.146394615372022,0.1512831598520279,0.11398470650116603,0.2696272035439809,0.007520912176308532,0,0.6077050566673279,0,LAND_B,LAND_B,LAND_B,2.1172287464141846,2.1114449501037598,2.111905574798584,0.19460974633693695,0.19368405640125275,0.18721261620521545,https://wandb.ai/ememchijioke-university-of-klagenfurt/marl-uav-mission-no-formation/runs/qgyhqyu7
2026-05-16T16:26:23.759015,1053,3,16955.88817838851,1,3,0,2.0,0.14707240959008536,0.1529807597398758,0.11468711247046788,0.26633720596631366,0.014710295634965101,0,0.5933282375335693,0,LAND_B,LAND_B,LAND_B,2.1127805709838867,2.12095308303833,2.1101198196411133,0.1954205483198166,0.19341839849948883,0.18724574148654938,https://wandb.ai/ememchijioke-university-of-klagenfurt/marl-uav-mission-no-formation/runs/qgyhqyu7
2026-05-16T16:26:36.425706,1054,3,16955.084866987934,1,3,0,2.0,0.14842820167541504,0.1533326506614685,0.116299773255984,0.2706160644690196,0.01608204406996568,0,0.5976790189743042,0,LAND_B,LAND_B,LAND_B,2.117893695831299,2.1208629608154297,2.1097960472106934,0.1952715963125229,0.19423821568489075,0.18714338541030884,https://wandb.ai/ememchijioke-university-of-klagenfurt/marl-uav-mission-no-formation/runs/qgyhqyu7
2026-05-16T16:26:49.456451,1055,3,16763.29823257899,1,3,0,2.0,0.14620334406693777,0.1533796787261963,0.11355974773565929,0.2709331015745799,0.02515968680381775,0,0.5881832242012024,0,LAND_B,LAND_B,LAND_B,2.1195244789123535,2.1108696460723877,2.1094603538513184,0.19553540647029877,0.19333726167678833,0.18733054399490356,https://wandb.ai/ememchijioke-university-of-klagenfurt/marl-uav-mission-no-formation/runs/qgyhqyu7
2026-05-16T16:27:02.413283,1056,3,16911.8583767559,1,3,0,2.0,0.14940040310223898,0.15570767223834991,0.11773769805828731,0.27215056618054706,0.009705149258176485,0,0.6018996834754944,0,LAND_B,LAND_B,LAND_B,2.123116970062256,2.1184048652648926,2.1109602451324463,0.19519704580307007,0.1933795064687729,0.1873251050710678,https://wandb.ai/ememchijioke-university-of-klagenfurt/marl-uav-mission-no-formation/runs/qgyhqyu7
2026-05-16T16:27:15.472964,1057,3,16225.97532633688,1,3,0,2.0,0.15286752084891,0.15520040690898895,0.12172445158163707,0.2702590227127075,0.01298894826322794,0,0.5998724699020386,0,LAND_B,LAND_B,LAND_B,2.1226513385772705,2.122131824493408,2.1202938556671143,0.19503462314605713,0.1941019743680954,0.18823637068271637,https://wandb.ai/ememchijioke-university-of-klagenfurt/marl-uav-mission-no-formation/runs/qgyhqyu7
2026-05-16T16:27:26.489336,1058,3,16805.614308266264,1,3,0,2.0,0.14818377296129862,0.1503576785326004,0.11571606993675232,0.26844542225201923,0.019165292692681152,0,0.5987612009048462,0,LAND_B,LAND_B,LAND_B,2.110978603363037,2.1134040355682373,2.121823310852051,0.19530260562896729,0.19385868310928345,0.18810337781906128,https://wandb.ai/ememchijioke-university-of-klagenfurt/marl-uav-mission-no-formation/runs/qgyhqyu7
2026-05-16T16:27:38.519727,1059,3,16834.802523092087,1,3,0,2.0,0.15035573144753775,0.15136371552944183,0.11855115493138631,0.2691355347633362,0.017561536592741806,0,0.5966842174530029,0,LAND_B,LAND_B,LAND_B,2.1150259971618652,2.118401527404785,2.121842622756958,0.19532494246959686,0.19429753720760345,0.18751497566699982,https://wandb.ai/ememchijioke-university-of-klagenfurt/marl-uav-mission-no-formation/runs/qgyhqyu7
2026-05-16T16:27:51.503202,1060,3,16285.622703541161,1,3,0,2.0,0.1492427388827006,0.15739062428474426,0.11701519787311554,0.2668665647506714,0.025360139707724254,0,0.6032485961914062,0,LAND_B,LAND_B,LAND_B,2.1245627403259277,2.119370460510254,2.106287717819214,0.1962064802646637,0.19458889961242676,0.18706561625003815,https://wandb.ai/ememchijioke-university-of-klagenfurt/marl-uav-mission-no-formation/runs/qgyhqyu7
2026-05-16T16:28:03.451254,1061,3,16183.31778695972,1,3,0,2.0,0.15153083205223083,0.15509741008281708,0.11984384804964066,0.26965824762980145,0.011171015910804272,0,0.5971373319625854,0,LAND_B,LAND_B,LAND_B,2.114107847213745,2.1230132579803467,2.1222546100616455,0.19606752693653107,0.19437724351882935,0.18735742568969727,https://wandb.ai/ememchijioke-university-of-klagenfurt/marl-uav-mission-no-formation/runs/qgyhqyu7
2026-05-16T16:28:16.912118,1062,3,16829.40636504463,1,3,0,2.0,0.14785555501778921,0.1560821831226349,0.11573207875092824,0.2716930905977885,0.017442865297198296,0,0.5948367118835449,0,LAND_B,LAND_B,LAND_B,2.122875690460205,2.1120574474334717,2.1120526790618896,0.19624486565589905,0.19408245384693146,0.18559518456459045,https://wandb.ai/ememchijioke-university-of-klagenfurt/marl-uav-mission-no-formation/runs/qgyhqyu7
2026-05-16T16:28:29.518916,1063,3,16979.104965623977,1,3,0,2.0,0.14761394759019217,0.1516573131084442,0.11547789722681046,0.26903637250264484,0.01614739963163932,0,0.5999764800071716,0,LAND_B,LAND_B,LAND_B,2.115893602371216,2.1117124557495117,2.1176443099975586,0.19657188653945923,0.19333751499652863,0.18561500310897827,https://wandb.ai/ememchijioke-university-of-klagenfurt/marl-uav-mission-no-formation/runs/qgyhqyu7
2026-05-16T16:28:42.628035,1064,3,16913.69333599649,1,3,0,2.0,0.15118740499019623,0.15931446850299835,0.1198869322737058,0.26845696568489075,0.019146519402662914,0,0.6110764145851135,0,LAND_B,LAND_B,LAND_B,2.1255240440368652,2.119363307952881,2.113539695739746,0.1971975415945053,0.19362562894821167,0.1854855716228485,https://wandb.ai/ememchijioke-university-of-klagenfurt/marl-uav-mission-no-formation/runs/qgyhqyu7
2026-05-16T16:28:55.565503,1065,3,16983.513143726123,1,3,0,2.0,0.14794537921746573,0.15008915960788727,0.11554039766391118,0.2706660330295563,0.014502026916791996,0,0.5983999371528625,0,LAND_B,LAND_B,LAND_B,2.114185333251953,2.1158652305603027,2.116546154022217,0.1974068433046341,0.1941205859184265,0.18534407019615173,https://wandb.ai/ememchijioke-university-of-klagenfurt/marl-uav-mission-no-formation/runs/qgyhqyu7
2026-05-16T16:29:08.360796,1066,3,16975.342422188933,1,3,0,2.0,0.1437989075978597,0.149091899394989,0.11054274439811707,0.2689657509326935,0.010919531652083,0,0.5995774269104004,0,LAND_B,LAND_B,LAND_B,2.112558603286743,2.110377550125122,2.1080386638641357,0.19702088832855225,0.19315770268440247,0.185639426112175,https://wandb.ai/ememchijioke-university-of-klagenfurt/marl-uav-mission-no-formation/runs/qgyhqyu7
2026-05-16T16:29:21.237002,1067,3,16239.859557177306,1,3,0,2.0,0.1510662337144216,0.15212886035442352,0.11936436841885249,0.2704046269257863,0.010197382730742296,0,0.6015969514846802,0,LAND_B,LAND_B,LAND_B,2.1173362731933594,2.116281032562256,2.124018430709839,0.19676096737384796,0.19441595673561096,0.1860608458518982,https://wandb.ai/ememchijioke-university-of-klagenfurt/marl-uav-mission-no-formation/runs/qgyhqyu7
2026-05-16T16:29:34.059675,1068,3,16953.112794590328,1,3,0,2.0,0.15032121042410532,0.15666981041431427,0.11866823583841324,0.2679169575373332,0.011692929392059645,0,0.6016707420349121,0,LAND_B,LAND_B,LAND_B,2.1221325397491455,2.119422435760498,2.1136465072631836,0.19723233580589294,0.1936437487602234,0.18590916693210602,https://wandb.ai/ememchijioke-university-of-klagenfurt/marl-uav-mission-no-formation/runs/qgyhqyu7
2026-05-16T16:29:47.313119,1069,3,16922.78840714082,1,3,0,2.0,0.14508691926797232,0.1492873579263687,0.11139075209697087,0.2686948776245117,0.006786026681462924,0,0.6022457480430603,0,LAND_B,LAND_B,LAND_B,2.1127796173095703,2.107818126678467,2.1133275032043457,0.1976432353258133,0.19388726353645325,0.18709631264209747,https://wandb.ai/ememchijioke-university-of-klagenfurt/marl-uav-mission-no-formation/runs/qgyhqyu7
2026-05-16T16:30:00.439278,1070,3,16876.05005463182,1,3,0,2.0,0.14641350507736206,0.15182149410247803,0.11367557942867279,0.27396268645922345,0.010118428928156694,0,0.5980560183525085,0,LAND_B,LAND_B,LAND_B,2.116283893585205,2.1121857166290283,2.111987352371216,0.19735972583293915,0.19327935576438904,0.18607166409492493,https://wandb.ai/ememchijioke-university-of-klagenfurt/marl-uav-mission-no-formation/runs/qgyhqyu7
2026-05-16T16:30:12.742894,1071,3,16859.44116830852,1,3,0,2.0,0.14684770007928213,0.1526162177324295,0.11424374580383301,0.27079753081003827,0.016714562972386677,0,0.6092675924301147,0,LAND_B,LAND_B,LAND_B,2.1164870262145996,2.114452838897705,2.1097404956817627,0.19707418978214264,0.19391393661499023,0.18574903905391693,https://wandb.ai/ememchijioke-university-of-klagenfurt/marl-uav-mission-no-formation/runs/qgyhqyu7
2026-05-16T16:30:26.098454,1072,3,16243.459706512136,1,3,0,2.0,0.1507244755824407,0.1600719541311264,0.11886978149414062,0.2724437713623047,0.014048452799518904,0,0.6059107780456543,0,LAND_B,LAND_B,LAND_B,2.1267127990722656,2.114694118499756,2.114515781402588,0.1977647840976715,0.1945333182811737,0.1855599284172058,https://wandb.ai/ememchijioke-university-of-klagenfurt/marl-uav-mission-no-formation/runs/qgyhqyu7
2026-05-16T16:30:39.259912,1073,3,17007.903110700303,1,3,0,2.0,0.14900277058283487,0.15253987908363342,0.11691796034574509,0.27037744720776874,0.013390432422359785,0,0.6105953454971313,0,LAND_B,LAND_B,LAND_B,2.116471767425537,2.1109280586242676,2.1215157508850098,0.19701869785785675,0.19380897283554077,0.1857110857963562,https://wandb.ai/ememchijioke-university-of-klagenfurt/marl-uav-mission-no-formation/runs/qgyhqyu7
2026-05-16T16:30:52.803037,1074,3,16905.443240489218,1,3,0,2.0,0.14779476821422577,0.15373797714710236,0.11545120428005855,0.2688921391963959,0.018152030184864998,0,0.6015910506248474,0,LAND_B,LAND_B,LAND_B,2.113554000854492,2.121884822845459,2.1105761528015137,0.19730500876903534,0.1936861276626587,0.18561357259750366,https://wandb.ai/ememchijioke-university-of-klagenfurt/marl-uav-mission-no-formation/runs/qgyhqyu7
2026-05-16T16:31:05.419227,1075,3,17105.78163930865,1,3,0,2.0,0.15025964379310608,0.15922559797763824,0.11877686281998952,0.26893238226572674,0.009417304148276648,0,0.597606360912323,0,LAND_B,LAND_B,LAND_B,2.125784397125244,2.115842819213867,2.114377975463867,0.19722750782966614,0.1933370679616928,0.18545272946357727,https://wandb.ai/ememchijioke-university-of-klagenfurt/marl-uav-mission-no-formation/runs/qgyhqyu7
2026-05-16T16:31:18.381858,1076,3,17007.682163972066,1,3,0,2.0,0.14861060678958893,0.15086591243743896,0.11662390331427257,0.26921209692955017,0.009351718705147505,0,0.6044626832008362,0,LAND_B,LAND_B,LAND_B,2.1142520904541016,2.118140935897827,2.116621971130371,0.1977808177471161,0.19294346868991852,0.1852693259716034,https://wandb.ai/ememchijioke-university-of-klagenfurt/marl-uav-mission-no-formation/runs/qgyhqyu7
2026-05-16T16:31:31.485196,1077,3,17110.39474573475,1,3,0,2.0,0.14488272368907928,0.14798814058303833,0.11188761641581853,0.26889747381210327,0.01346679978693525,0,0.5958856344223022,0,LAND_B,LAND_B,LAND_B,2.1108126640319824,2.1146697998046875,2.1097450256347656,0.19771912693977356,0.19303761422634125,0.18515576422214508,https://wandb.ai/ememchijioke-university-of-klagenfurt/marl-uav-mission-no-formation/runs/qgyhqyu7
2026-05-16T16:31:44.297306,1078,3,16880.399893152215,1,3,0,2.0,0.14987189571062723,0.15553779900074005,0.11823243896166484,0.26851046085357666,0.010827195830643177,0,0.5977353453636169,0,LAND_B,LAND_B,LAND_B,2.121185779571533,2.1133081912994385,2.1194400787353516,0.19725261628627777,0.1932745724916458,0.18547169864177704,https://wandb.ai/ememchijioke-university-of-klagenfurt/marl-uav-mission-no-formation/runs/qgyhqyu7
2026-05-16T16:31:56.209902,1079,3,16990.779195773004,1,3,0,2.0,0.15286373595396677,0.1615019142627716,0.12243374437093735,0.27075086037317914,0.012750520060459772,0,0.6082848310470581,0,LAND_B,LAND_B,LAND_B,2.12823224067688,2.1231689453125,2.1143789291381836,0.19666272401809692,0.19317588210105896,0.18473921716213226,https://wandb.ai/ememchijioke-university-of-klagenfurt/marl-uav-mission-no-formation/runs/qgyhqyu7
2026-05-16T16:32:09.037072,1080,3,16792.99970551539,1,3,0,2.0,0.14893484115600586,0.1533026546239853,0.11723967144886653,0.2698647479216258,0.023946896195411682,0,0.5916612148284912,0,LAND_B,LAND_B,LAND_B,2.1183788776397705,2.114096164703369,2.1188130378723145,0.19709131121635437,0.19303938746452332,0.18509289622306824,https://wandb.ai/ememchijioke-university-of-klagenfurt/marl-uav-mission-no-formation/runs/qgyhqyu7
2026-05-16T16:32:21.345175,1081,3,16981.690723562162,1,3,0,2.0,0.1472133199373881,0.15297380089759827,0.11500008900960286,0.2697317699591319,0.01158733976384004,0,0.6043176054954529,0,LAND_B,LAND_B,LAND_B,2.1177008152008057,2.109355926513672,2.117682695388794,0.19746272265911102,0.19283924996852875,0.18500663340091705,https://wandb.ai/ememchijioke-university-of-klagenfurt/marl-uav-mission-no-formation/runs/qgyhqyu7
2026-05-16T16:32:34.093578,1082,3,16926.661934718853,1,3,0,2.0,0.14860670268535614,0.1545092910528183,0.11712348957856496,0.2698805630207062,0.02008873037993908,0,0.597124457359314,0,LAND_B,LAND_B,LAND_B,2.120084524154663,2.113801956176758,2.117051124572754,0.19696730375289917,0.19188986718654633,0.18534687161445618,https://wandb.ai/ememchijioke-university-of-klagenfurt/marl-uav-mission-no-formation/runs/qgyhqyu7
2026-05-16T16:32:45.524632,1083,3,16945.268063181018,1,3,0,2.0,0.15107186635335287,0.15420259535312653,0.12032450735569,0.2690627972284953,0.014807246625423431,0,0.601287841796875,0,LAND_B,LAND_B,LAND_B,2.1194944381713867,2.1212992668151855,2.119532823562622,0.1966933310031891,0.19226744771003723,0.18486042320728302,https://wandb.ai/ememchijioke-university-of-klagenfurt/marl-uav-mission-no-formation/runs/qgyhqyu7
2026-05-16T16:32:57.600470,1084,3,17064.796440187794,1,3,0,2.0,0.1495334804058075,0.16095398366451263,0.11795855561892192,0.26876185337702435,0.019626925388971966,0,0.5955443382263184,0,LAND_B,LAND_B,LAND_B,2.128061056137085,2.1156349182128906,2.1100027561187744,0.19749876856803894,0.1922449916601181,0.18593275547027588,https://wandb.ai/ememchijioke-university-of-klagenfurt/marl-uav-mission-no-formation/runs/qgyhqyu7
2026-05-16T16:33:09.933266,1085,3,16973.60100638813,1,3,0,2.0,0.14679135382175446,0.15378107130527496,0.11469472448031108,0.26985836029052734,0.01188893849030137,0,0.601276695728302,0,LAND_B,LAND_B,LAND_B,2.1194963455200195,2.1168246269226074,2.1074459552764893,0.19659698009490967,0.192526176571846,0.18570801615715027,https://wandb.ai/ememchijioke-university-of-klagenfurt/marl-uav-mission-no-formation/runs/qgyhqyu7
2026-05-16T16:33:22.927520,1086,3,17057.772317919964,1,3,0,2.0,0.14623715976874033,0.1494351029396057,0.11416793862978618,0.2687305708726247,0.011631908050427834,0,0.6023095846176147,0,LAND_B,LAND_B,LAND_B,2.1130712032318115,2.109424114227295,2.1186885833740234,0.1962030977010727,0.1921526938676834,0.1853395402431488,https://wandb.ai/ememchijioke-university-of-klagenfurt/marl-uav-mission-no-formation/runs/qgyhqyu7
2026-05-16T16:33:35.554949,1087,3,16894.802023085515,1,3,0,2.0,0.14645016193389893,0.1521841436624527,0.1143588200211525,0.26879435777664185,0.01529589295387268,0,0.6011217832565308,0,LAND_B,LAND_B,LAND_B,2.1175248622894287,2.111201286315918,2.114055633544922,0.1964883953332901,0.19247455894947052,0.18531745672225952,https://wandb.ai/ememchijioke-university-of-klagenfurt/marl-uav-mission-no-formation/runs/qgyhqyu7
2026-05-16T16:33:48.980324,1088,3,16831.96324735276,1,3,0,2.0,0.14492653807004294,0.14905333518981934,0.1127521147330602,0.27087605992952984,0.017591137439012527,0,0.5990445017814636,0,LAND_B,LAND_B,LAND_B,2.1141295433044434,2.109435558319092,2.1146602630615234,0.19587092101573944,0.19157551229000092,0.18546169996261597,https://wandb.ai/ememchijioke-university-of-klagenfurt/marl-uav-mission-no-formation/runs/qgyhqyu7
2026-05-16T16:34:01.693218,1089,3,16756.208044549523,1,3,0,2.0,0.15031182765960693,0.151308074593544,0.11959605912367503,0.2699645360310872,0.015438348210106293,0,0.604689359664917,0,LAND_B,LAND_B,LAND_B,2.1167824268341064,2.1204607486724854,2.121335029602051,0.19608506560325623,0.1915062963962555,0.1852044016122818,https://wandb.ai/ememchijioke-university-of-klagenfurt/marl-uav-mission-no-formation/runs/qgyhqyu7
2026-05-16T16:34:13.413524,1090,3,17075.249323560107,1,3,0,2.0,0.15207244455814362,0.15809033811092377,0.12133945773045222,0.2707580626010895,0.01820073959728082,0,0.5966562628746033,0,LAND_B,LAND_B,LAND_B,2.1250503063201904,2.1264917850494385,2.112067222595215,0.19658403098583221,0.192292258143425,0.18606165051460266,https://wandb.ai/ememchijioke-university-of-klagenfurt/marl-uav-mission-no-formation/runs/qgyhqyu7
2026-05-16T16:34:25.126169,1091,3,16776.85603768081,1,3,0,2.0,0.14974127213160196,0.15883079171180725,0.11871399978796641,0.26996227105458576,0.008924748903761307,0,0.5997048616409302,0,LAND_B,LAND_B,LAND_B,2.1261134147644043,2.1151371002197266,2.11385178565979,0.19646525382995605,0.19237051904201508,0.18486905097961426,https://wandb.ai/ememchijioke-university-of-klagenfurt/marl-uav-mission-no-formation/runs/qgyhqyu7
2026-05-16T16:34:37.137408,1092,3,16933.408952601756,1,3,0,2.0,0.14803283909956613,0.15155896544456482,0.11637919396162033,0.26917364199956256,0.016141243589421112,0,0.5985780954360962,0,LAND_B,LAND_B,LAND_B,2.1130239963531494,2.11027455329895,2.1254217624664307,0.19623343646526337,0.19229161739349365,0.18504320085048676,https://wandb.ai/ememchijioke-university-of-klagenfurt/marl-uav-mission-no-formation/runs/qgyhqyu7
2026-05-16T16:34:50.278428,1093,3,16893.0168378215,1,3,0,2.0,0.15076706310113272,0.16040152311325073,0.11982927471399307,0.27051932613054913,0.014835245596865812,0,0.6038196086883545,0,LAND_B,LAND_B,LAND_B,2.1266448497772217,2.1097095012664795,2.122180461883545,0.19737151265144348,0.19162394106388092,0.18503670394420624,https://wandb.ai/ememchijioke-university-of-klagenfurt/marl-uav-mission-no-formation/runs/qgyhqyu7
2026-05-16T16:35:03.516253,1094,3,16889.13086310067,1,3,0,2.0,0.147179385026296,0.1533636450767517,0.1156912272175153,0.2691839635372162,0.015158265673865875,0,0.601173996925354,0,LAND_B,LAND_B,LAND_B,2.1191303730010986,2.116776466369629,2.1108756065368652,0.19645865261554718,0.19158867001533508,0.18484659492969513,https://wandb.ai/ememchijioke-university-of-klagenfurt/marl-uav-mission-no-formation/runs/qgyhqyu7
2026-05-16T16:35:16.447742,1095,3,16811.02171542395,1,3,0,2.0,0.15054443975289664,0.15148887038230896,0.11916050563255946,0.2675931950410207,0.006202340669309099,0,0.6072931885719299,0,LAND_B,LAND_B,LAND_B,2.1141397953033447,2.1174285411834717,2.12431001663208,0.1969505101442337,0.19279101490974426,0.18562176823616028,https://wandb.ai/ememchijioke-university-of-klagenfurt/marl-uav-mission-no-formation/runs/qgyhqyu7
2026-05-16T16:35:28.427198,1096,3,16721.38927014949,1,3,0,2.0,0.15019135673840842,0.156186044216156,0.11876486738522847,0.2737745443979899,0.017054762070377667,0,0.5936018824577332,0,LAND_B,LAND_B,LAND_B,2.113173007965088,2.125582456588745,2.1172375679016113,0.19659475982189178,0.192718043923378,0.18606983125209808,https://wandb.ai/ememchijioke-university-of-klagenfurt/marl-uav-mission-no-formation/runs/qgyhqyu7
2026-05-16T16:35:40.182167,1097,3,16876.585479436148,1,3,0,2.0,0.14832222958405814,0.1500769704580307,0.11660938461621602,0.2676968773206075,0.014127261626223723,0,0.5987997055053711,0,LAND_B,LAND_B,LAND_B,2.114989995956421,2.1147964000701904,2.1196770668029785,0.196088507771492,0.19254469871520996,0.18601110577583313,https://wandb.ai/ememchijioke-university-of-klagenfurt/marl-uav-mission-no-formation/runs/qgyhqyu7
2026-05-16T16:35:52.428658,1098,3,16822.327131825412,1,3,0,2.0,0.14947636425495148,0.15380582213401794,0.11792748421430588,0.2692814767360687,0.011921883017445603,0,0.5970035791397095,0,LAND_B,LAND_B,LAND_B,2.118685245513916,2.1225507259368896,2.111553907394409,0.1965060532093048,0.19264250993728638,0.18631258606910706,https://wandb.ai/ememchijioke-university-of-klagenfurt/marl-uav-mission-no-formation/runs/qgyhqyu7
2026-05-16T16:36:05.588570,1099,3,16975.966369855494,1,3,0,2.0,0.15237829585870108,0.16004180908203125,0.12169837454954784,0.269286851088206,0.01259094662964344,0,0.6074281930923462,0,LAND_B,LAND_B,LAND_B,2.127366304397583,2.123122453689575,2.1138460636138916,0.19644571840763092,0.1920894831418991,0.18655823171138763,https://wandb.ai/ememchijioke-university-of-klagenfurt/marl-uav-mission-no-formation/runs/qgyhqyu7
2026-05-16T16:36:17.472911,1100,3,17020.850238866507,1,3,0,2.0,0.14921333392461142,0.1542702615261078,0.11748290061950684,0.27052122354507446,0.017157971548537414,0,0.6056970953941345,0,LAND_B,LAND_B,LAND_B,2.1197621822357178,2.1145191192626953,2.1170694828033447,0.19598987698554993,0.1931404024362564,0.18670879304409027,https://wandb.ai/ememchijioke-university-of-klagenfurt/marl-uav-mission-no-formation/runs/qgyhqyu7
2026-05-16T16:36:30.068938,1101,3,16956.083637855332,1,3,0,2.0,0.15162661174933115,0.1614237278699875,0.12034866710503896,0.2698087195555369,0.01979472829649846,0,0.604641318321228,0,LAND_B,LAND_B,LAND_B,2.129188060760498,2.1206865310668945,2.110792398452759,0.19652532041072845,0.19291269779205322,0.18721897900104523,https://wandb.ai/ememchijioke-university-of-klagenfurt/marl-uav-mission-no-formation/runs/qgyhqyu7
2026-05-16T16:36:43.073941,1102,3,16327.797627077436,1,3,0,2.0,0.14933471381664276,0.15280508995056152,0.117011658847332,0.2689538796742757,0.014701384430130323,0,0.5947856307029724,0,LAND_B,LAND_B,LAND_B,2.118021011352539,2.1197144985198975,2.11283278465271,0.1965649276971817,0.19332145154476166,0.1884344071149826,https://wandb.ai/ememchijioke-university-of-klagenfurt/marl-uav-mission-no-formation/runs/qgyhqyu7
2026-05-16T16:36:54.983811,1103,3,16931.82232108994,1,3,0,2.0,0.1483560154835383,0.15499982237815857,0.11631088703870773,0.26922603448232013,0.016592230647802353,0,0.5997528433799744,0,LAND_B,LAND_B,LAND_B,2.121934652328491,2.11916184425354,2.107548236846924,0.1956300437450409,0.1938193142414093,0.18681927025318146,https://wandb.ai/ememchijioke-university-of-klagenfurt/marl-uav-mission-no-formation/runs/qgyhqyu7
2026-05-16T16:37:07.854106,1104,3,16925.63366033738,1,3,0,2.0,0.1517805109421412,0.1569943130016327,0.12049652636051178,0.265327791372935,0.016196060304840405,0,0.5911905765533447,0,LAND_B,LAND_B,LAND_B,2.1240077018737793,2.1119377613067627,2.1246557235717773,0.19627398252487183,0.19334349036216736,0.1867760568857193,https://wandb.ai/ememchijioke-university-of-klagenfurt/marl-uav-mission-no-formation/runs/qgyhqyu7
2026-05-16T16:37:20.966577,1105,3,16835.39936377676,1,3,0,2.0,0.1536265512307485,0.15567710995674133,0.12272144605716069,0.2693781753381093,0.022206439326206844,0,0.6062403321266174,0,LAND_B,LAND_B,LAND_B,2.1153368949890137,2.123680353164673,2.1287484169006348,0.19573795795440674,0.19365711510181427,0.18725046515464783,https://wandb.ai/ememchijioke-university-of-klagenfurt/marl-uav-mission-no-formation/runs/qgyhqyu7
2026-05-16T16:37:33.690341,1106,3,16765.598447972006,1,3,0,2.0,0.1482546627521515,0.15170413255691528,0.11581468830506007,0.2694518268108368,0.014682639700671038,0,0.5969363451004028,0,LAND_B,LAND_B,LAND_B,2.1114768981933594,2.119173049926758,2.116729497909546,0.19555707275867462,0.1938430219888687,0.18802759051322937,https://wandb.ai/ememchijioke-university-of-klagenfurt/marl-uav-mission-no-formation/runs/qgyhqyu7
2026-05-16T16:37:46.454486,1107,3,16273.76588433468,1,3,0,2.0,0.14852644503116608,0.15361209213733673,0.1163574755191803,0.2699179947376251,0.01885330273459355,0,0.5976294875144958,0,LAND_B,LAND_B,LAND_B,2.1205835342407227,2.1114139556884766,2.116891384124756,0.19501712918281555,0.19341446459293365,0.18834595382213593,https://wandb.ai/ememchijioke-university-of-klagenfurt/marl-uav-mission-no-formation/runs/qgyhqyu7
2026-05-16T16:37:59.538178,1108,3,16285.331194251272,1,3,0,2.0,0.14685364564259848,0.15253496170043945,0.11392339567343394,0.2710414429505666,0.020559299426774185,0,0.6012538075447083,0,LAND_B,LAND_B,LAND_B,2.1191070079803467,2.108445644378662,2.1139373779296875,0.19496794044971466,0.19415216147899628,0.1887015849351883,https://wandb.ai/ememchijioke-university-of-klagenfurt/marl-uav-mission-no-formation/runs/qgyhqyu7
2026-05-16T16:38:11.515101,1109,3,16205.046653162803,1,3,0,2.0,0.15129502614339194,0.15545061230659485,0.11973921457926433,0.27031685908635456,0.011417793110013008,0,0.600863516330719,0,LAND_B,LAND_B,LAND_B,2.1227004528045654,2.1185085773468018,2.1175994873046875,0.1952313631772995,0.19352903962135315,0.18865163624286652,https://wandb.ai/ememchijioke-university-of-klagenfurt/marl-uav-mission-no-formation/runs/qgyhqyu7
2026-05-16T16:38:23.340597,1110,3,16944.248312703377,1,3,0,2.0,0.15033552050590515,0.15649397671222687,0.11843869090080261,0.2690676947434743,0.009989442769438028,0,0.5961058735847473,0,LAND_B,LAND_B,LAND_B,2.1157619953155518,2.1247966289520264,2.1140356063842773,0.1955239176750183,0.19388394057750702,0.18822866678237915,https://wandb.ai/ememchijioke-university-of-klagenfurt/marl-uav-mission-no-formation/runs/qgyhqyu7
2026-05-16T16:38:35.630578,1111,3,16259.393959901183,1,3,0,2.0,0.14802008867263794,0.1482241302728653,0.11553414662679036,0.26899975538253784,0.013541750609874725,0,0.5976575613021851,0,LAND_B,LAND_B,LAND_B,2.113037586212158,2.1145055294036865,2.118459463119507,0.19546698033809662,0.1933775395154953,0.18851003050804138,https://wandb.ai/ememchijioke-university-of-klagenfurt/marl-uav-mission-no-formation/runs/qgyhqyu7
2026-05-16T16:38:47.957233,1112,3,16448.558394250074,1,3,0,2.0,0.14615129431088766,0.14849667251110077,0.11281288663546245,0.26620877782503766,0.014916379936039448,0,0.5998939275741577,0,LAND_B,LAND_B,LAND_B,2.1119983196258545,2.1148219108581543,2.1112124919891357,0.1961960792541504,0.19393973052501678,0.18853402137756348,https://wandb.ai/ememchijioke-university-of-klagenfurt/marl-uav-mission-no-formation/runs/qgyhqyu7
2026-05-16T16:39:00.581453,1113,3,16286.713853926392,1,3,0,2.0,0.1519897480805715,0.154691681265831,0.1204536035656929,0.26780661940574646,0.015952527212599914,0,0.6087931990623474,0,LAND_B,LAND_B,LAND_B,2.1215245723724365,2.121792793273926,2.116896152496338,0.19512121379375458,0.19390715658664703,0.18903528153896332,https://wandb.ai/ememchijioke-university-of-klagenfurt/marl-uav-mission-no-formation/runs/qgyhqyu7
2026-05-16T16:39:12.792890,1114,3,16242.76102113975,1,3,0,2.0,0.15163365006446838,0.15372513234615326,0.11964754511912663,0.26790685455004376,0.0119576514698565,0,0.5938659310340881,0,LAND_B,LAND_B,LAND_B,2.1190290451049805,2.1168899536132812,2.1222445964813232,0.19643062353134155,0.1942010074853897,0.18861055374145508,https://wandb.ai/ememchijioke-university-of-klagenfurt/marl-uav-mission-no-formation/runs/qgyhqyu7
2026-05-16T16:39:25.832108,1115,3,16145.635906199484,1,3,0,2.0,0.15095598498980203,0.15490137040615082,0.11871572335561116,0.26746244231859845,0.017748700144390266,0,0.5985345840454102,0,LAND_B,LAND_B,LAND_B,2.120985507965088,2.118607759475708,2.116387128829956,0.1966889202594757,0.1943860501050949,0.18861213326454163,https://wandb.ai/ememchijioke-university-of-klagenfurt/marl-uav-mission-no-formation/runs/qgyhqyu7
2026-05-16T16:39:37.780282,1116,3,15783.331027197773,1,3,0,2.0,0.1499760846296946,0.1544530689716339,0.11720899989207585,0.26567044854164124,0.015339202402780453,0,0.5941914916038513,0,LAND_B,LAND_B,LAND_B,2.120790958404541,2.1142382621765137,2.1165037155151367,0.1962563842535019,0.19467440247535706,0.18969383835792542,https://wandb.ai/ememchijioke-university-of-klagenfurt/marl-uav-mission-no-formation/runs/qgyhqyu7
2026-05-16T16:39:49.903273,1117,3,16349.892562985096,1,3,0,2.0,0.1495544413725535,0.1512117236852646,0.11709746966759364,0.268673837184906,0.009485866719235977,0,0.5987899899482727,0,LAND_B,LAND_B,LAND_B,2.114701271057129,2.1178581714630127,2.118330240249634,0.19629545509815216,0.19444596767425537,0.18815112113952637,https://wandb.ai/ememchijioke-university-of-klagenfurt/marl-uav-mission-no-formation/runs/qgyhqyu7
2026-05-16T16:40:02.252228,1118,3,15780.730570249681,1,3,0,2.0,0.1454161355892817,0.15136058628559113,0.11132099727789561,0.26822330554326373,0.023934561448792618,0,0.601432740688324,0,LAND_B,LAND_B,LAND_B,2.112083673477173,2.1180217266082764,2.1033384799957275,0.19679951667785645,0.19460396468639374,0.1891765147447586,https://wandb.ai/ememchijioke-university-of-klagenfurt/marl-uav-mission-no-formation/runs/qgyhqyu7
2026-05-16T16:40:13.228672,1119,3,16287.079879882775,1,3,0,2.0,0.15008989969889322,0.15216010808944702,0.1179263989130656,0.26926273107528687,0.017079285035530727,0,0.5926161408424377,0,LAND_B,LAND_B,LAND_B,2.1180074214935303,2.1167523860931396,2.118569850921631,0.19585222005844116,0.19394554197788239,0.18862760066986084,https://wandb.ai/ememchijioke-university-of-klagenfurt/marl-uav-mission-no-formation/runs/qgyhqyu7
2026-05-16T16:40:24.166160,1120,3,15553.494287959275,1,3,0,2.0,0.15127105514208475,0.15312188863754272,0.11895039925972621,0.26927027106285095,0.009791225272541245,0,0.6018317341804504,0,LAND_B,LAND_B,LAND_B,2.1163928508758545,2.1203293800354004,2.1196789741516113,0.19559301435947418,0.19453772902488708,0.19012007117271423,https://wandb.ai/ememchijioke-university-of-klagenfurt/marl-uav-mission-no-formation/runs/qgyhqyu7
2026-05-16T16:40:36.824393,1121,3,15731.085220438425,1,3,0,2.0,0.14910978575547537,0.15190601348876953,0.11649969468514125,0.26897836724917096,0.013480166904628277,0,0.59419184923172,0,LAND_B,LAND_B,LAND_B,2.114488363265991,2.118804931640625,2.115839719772339,0.19574850797653198,0.19434784352779388,0.18900033831596375,https://wandb.ai/ememchijioke-university-of-klagenfurt/marl-uav-mission-no-formation/runs/qgyhqyu7
2026-05-16T16:40:49.423256,1122,3,16360.432653920216,1,3,0,2.0,0.14955000082651773,0.15818974375724792,0.11724257220824559,0.26970110336939496,0.012340101723869642,0,0.6093525886535645,0,LAND_B,LAND_B,LAND_B,2.125138759613037,2.1098225116729736,2.1159443855285645,0.19618777930736542,0.1936105340719223,0.1884945034980774,https://wandb.ai/ememchijioke-university-of-klagenfurt/marl-uav-mission-no-formation/runs/qgyhqyu7
2026-05-16T16:41:02.004213,1123,3,15638.397961537625,1,3,0,2.0,0.1483764946460724,0.14905263483524323,0.11547692368427913,0.2668950359026591,0.008436624892055988,0,0.6012774705886841,0,LAND_B,LAND_B,LAND_B,2.113909959793091,2.1146366596221924,2.1176207065582275,0.19582559168338776,0.19459743797779083,0.18891069293022156,https://wandb.ai/ememchijioke-university-of-klagenfurt/marl-uav-mission-no-formation/runs/qgyhqyu7
2026-05-16T16:41:14.735361,1124,3,15827.455590821877,1,3,0,2.0,0.1469051738580068,0.14961613714694977,0.1136664350827535,0.2660101652145386,0.01420617289841175,0,0.5956735610961914,0,LAND_B,LAND_B,LAND_B,2.1140329837799072,2.1119251251220703,2.114269495010376,0.19599241018295288,0.19448241591453552,0.18860000371932983,https://wandb.ai/ememchijioke-university-of-klagenfurt/marl-uav-mission-no-formation/runs/qgyhqyu7
2026-05-16T16:41:26.925227,1125,3,16963.626554009614,1,3,0,2.0,0.145381232102712,0.14669205248355865,0.11243388056755066,0.269390473763148,0.014468840944270292,0,0.5959100127220154,0,LAND_B,LAND_B,LAND_B,2.111086130142212,2.1083602905273438,2.117107629776001,0.1950991451740265,0.19342048466205597,0.18760526180267334,https://wandb.ai/ememchijioke-university-of-klagenfurt/marl-uav-mission-no-formation/runs/qgyhqyu7
2026-05-16T16:41:39.583506,1126,3,16791.92384487573,1,3,0,2.0,0.15499664843082428,0.15924657881259918,0.12443772206703822,0.26763246456782025,0.010480599477887154,0,0.5884065628051758,0,LAND_B,LAND_B,LAND_B,2.1272993087768555,2.1255927085876465,2.119986057281494,0.19553489983081818,0.1939401775598526,0.1877378523349762,https://wandb.ai/ememchijioke-university-of-klagenfurt/marl-uav-mission-no-formation/runs/qgyhqyu7
2026-05-16T16:41:51.297856,1127,3,16844.103328646448,1,3,0,2.0,0.1458324839671453,0.14798809587955475,0.11302496741215388,0.271308312813441,0.017423450481146574,0,0.608065664768219,0,LAND_B,LAND_B,LAND_B,2.1127817630767822,2.1143951416015625,2.110949993133545,0.19551777839660645,0.1936441957950592,0.18721789121627808,https://wandb.ai/ememchijioke-university-of-klagenfurt/marl-uav-mission-no-formation/runs/qgyhqyu7
2026-05-16T16:42:03.353984,1128,3,17001.37081946463,1,3,0,2.0,0.147248441974322,0.15386532247066498,0.11496935784816742,0.2690451741218567,0.008533285620311895,0,0.595634400844574,0,LAND_B,LAND_B,LAND_B,2.120818614959717,2.109809637069702,2.113551139831543,0.19518104195594788,0.19389814138412476,0.18673884868621826,https://wandb.ai/ememchijioke-university-of-klagenfurt/marl-uav-mission-no-formation/runs/qgyhqyu7
2026-05-16T16:42:16.235261,1129,3,17075.900976678116,1,3,0,2.0,0.1487137128909429,0.1560417115688324,0.11678400884071986,0.27416524291038513,0.015945289904872578,0,0.6001498699188232,0,LAND_B,LAND_B,LAND_B,2.1233201026916504,2.110626697540283,2.1160731315612793,0.195326566696167,0.19304734468460083,0.18766134977340698,https://wandb.ai/ememchijioke-university-of-klagenfurt/marl-uav-mission-no-formation/runs/qgyhqyu7
2026-05-16T16:42:29.032235,1130,3,16893.998197146713,1,3,0,2.0,0.1483114312092463,0.15177851915359497,0.11608959982792537,0.2705313265323639,0.023075648893912632,0,0.5963945984840393,0,LAND_B,LAND_B,LAND_B,2.117830514907837,2.1150617599487305,2.115248203277588,0.19566766917705536,0.19341625273227692,0.187741219997406,https://wandb.ai/ememchijioke-university-of-klagenfurt/marl-uav-mission-no-formation/runs/qgyhqyu7
2026-05-16T16:42:40.887715,1131,3,16928.16762039392,1,3,0,2.0,0.14907867709795633,0.15481893718242645,0.1171392450730006,0.2672827144463857,0.010912140210469564,0,0.6023195385932922,0,LAND_B,LAND_B,LAND_B,2.121904134750366,2.1108906269073486,2.118265151977539,0.19543570280075073,0.19388529658317566,0.18702533841133118,https://wandb.ai/ememchijioke-university-of-klagenfurt/marl-uav-mission-no-formation/runs/qgyhqyu7
2026-05-16T16:42:53.709129,1132,3,16993.503553208142,1,3,0,2.0,0.15026004115740457,0.15936152637004852,0.11882822463909785,0.26937981446584064,0.02224393996099631,0,0.6030493378639221,0,LAND_B,LAND_B,LAND_B,2.1277947425842285,2.114088535308838,2.1139369010925293,0.19474302232265472,0.19293497502803802,0.18808995187282562,https://wandb.ai/ememchijioke-university-of-klagenfurt/marl-uav-mission-no-formation/runs/qgyhqyu7
2026-05-16T16:43:06.984797,1133,3,16272.499843890431,1,3,0,2.0,0.15241466462612152,0.15919801592826843,0.12086894859870274,0.26840967933336896,0.012113470584154129,0,0.6037787199020386,0,LAND_B,LAND_B,LAND_B,2.127234935760498,2.109494924545288,2.1256015300750732,0.19558212161064148,0.1935582160949707,0.18887180089950562,https://wandb.ai/ememchijioke-university-of-klagenfurt/marl-uav-mission-no-formation/runs/qgyhqyu7
2026-05-16T16:43:19.508036,1134,3,16256.062844054075,1,3,0,2.0,0.15320091942946115,0.15679983794689178,0.12219199289878209,0.265842725833257,0.013449253980070353,0,0.5996416211128235,0,LAND_B,LAND_B,LAND_B,2.119683265686035,2.125898599624634,2.1205742359161377,0.19539521634578705,0.19329850375652313,0.1884140819311142,https://wandb.ai/ememchijioke-university-of-klagenfurt/marl-uav-mission-no-formation/runs/qgyhqyu7
2026-05-16T16:43:31.335203,1135,3,17043.78688123396,1,3,0,2.0,0.1462603509426117,0.1482333242893219,0.11369630694389343,0.26833391189575195,0.018940965024133522,0,0.6013612747192383,0,LAND_B,LAND_B,LAND_B,2.1141819953918457,2.111633777618408,2.115196943283081,0.19444185495376587,0.19383078813552856,0.18758921325206757,https://wandb.ai/ememchijioke-university-of-klagenfurt/marl-uav-mission-no-formation/runs/qgyhqyu7
2026-05-16T16:43:44.482318,1136,3,17168.558659585073,1,3,0,2.0,0.14902502298355103,0.15770088136196136,0.116912546257178,0.267896443605423,0.014024456031620502,0,0.5960773229598999,0,LAND_B,LAND_B,LAND_B,2.125361204147339,2.1075825691223145,2.117438554763794,0.19562901556491852,0.193325012922287,0.18793132901191711,https://wandb.ai/ememchijioke-university-of-klagenfurt/marl-uav-mission-no-formation/runs/qgyhqyu7
2026-05-16T16:43:55.945992,1137,3,16756.480885177014,1,3,0,2.0,0.15160323679447174,0.15314075350761414,0.12029958764712016,0.2658161123593648,0.014749361823002497,0,0.6001947522163391,0,LAND_B,LAND_B,LAND_B,2.1175224781036377,2.120929002761841,2.1218788623809814,0.1949158012866974,0.19361907243728638,0.18806524574756622,https://wandb.ai/ememchijioke-university-of-klagenfurt/marl-uav-mission-no-formation/runs/qgyhqyu7
2026-05-16T16:44:07.921343,1138,3,16802.916927177506,1,3,0,2.0,0.14903087417284647,0.15221169590950012,0.11712500949700673,0.26722193757692975,0.018167751220365364,0,0.5981442332267761,0,LAND_B,LAND_B,LAND_B,2.118652105331421,2.1129627227783203,2.119558095932007,0.1952819675207138,0.19313807785511017,0.18783226609230042,https://wandb.ai/ememchijioke-university-of-klagenfurt/marl-uav-mission-no-formation/runs/qgyhqyu7
2026-05-16T16:44:20.370921,1139,3,17085.18752746837,1,3,0,2.0,0.149374191959699,0.1560322344303131,0.11808680246273677,0.2681167821089427,0.01354751115043958,0,0.6109333634376526,0,LAND_B,LAND_B,LAND_B,2.1236817836761475,2.1190996170043945,2.1102898120880127,0.1944023072719574,0.19281670451164246,0.18719597160816193,https://wandb.ai/ememchijioke-university-of-klagenfurt/marl-uav-mission-no-formation/runs/qgyhqyu7
2026-05-16T16:44:32.919393,1140,3,16800.160556570125,1,3,0,2.0,0.15143119295438132,0.1587596833705902,0.12042189886172612,0.2682172358036041,0.017961060317854088,0,0.6059370636940002,0,LAND_B,LAND_B,LAND_B,2.1270668506622314,2.108875036239624,2.1244924068450928,0.19517424702644348,0.1924012452363968,0.1873164176940918,https://wandb.ai/ememchijioke-university-of-klagenfurt/marl-uav-mission-no-formation/runs/qgyhqyu7
2026-05-16T16:44:46.523239,1141,3,16931.83404660192,1,3,0,2.0,0.15040803949038187,0.15759330987930298,0.11910262207190196,0.268112192551295,0.01130248016367356,0,0.6086040735244751,0,LAND_B,LAND_B,LAND_B,2.12514328956604,2.115377902984619,2.1156229972839355,0.19484281539916992,0.1928384006023407,0.18780286610126495,https://wandb.ai/ememchijioke-university-of-klagenfurt/marl-uav-mission-no-formation/runs/qgyhqyu7
2026-05-16T16:44:58.806425,1142,3,16862.394346004414,1,3,0,2.0,0.1532837599515915,0.1546214520931244,0.1227773850162824,0.267947922150294,0.014593210692207018,0,0.6024393439292908,0,LAND_B,LAND_B,LAND_B,2.12212872505188,2.120809555053711,2.1251423358917236,0.19459854066371918,0.19269825518131256,0.18784330785274506,https://wandb.ai/ememchijioke-university-of-klagenfurt/marl-uav-mission-no-formation/runs/qgyhqyu7
2026-05-16T16:45:11.728898,1143,3,14984.305554785236,1,3,0,2.0,0.15260992447535196,0.15941384434700012,0.11756055802106857,0.2834552427132924,0.009871215093880892,0,0.598433792591095,0,LAND_B,LAND_B,LAND_B,2.1138789653778076,2.125541925430298,2.112793207168579,0.1997573971748352,0.1979631632566452,0.19401083886623383,https://wandb.ai/ememchijioke-university-of-klagenfurt/marl-uav-mission-no-formation/runs/qgyhqyu7
2026-05-16T16:45:24.323016,1144,3,15046.36443443472,1,3,0,2.0,0.1510638346274694,0.15525105595588684,0.11524750540653865,0.28656331698099774,0.017742880309621494,0,0.5940755009651184,0,LAND_B,LAND_B,LAND_B,2.111609697341919,2.119468927383423,2.1134541034698486,0.1999087631702423,0.1985364705324173,0.19442160427570343,https://wandb.ai/ememchijioke-university-of-klagenfurt/marl-uav-mission-no-formation/runs/qgyhqyu7
2026-05-16T16:45:36.668045,1145,3,16936.61101143418,1,3,0,2.0,0.14872999986012778,0.15774720907211304,0.11716730395952861,0.26880622903505963,0.017208359204232693,0,0.5997620224952698,0,LAND_B,LAND_B,LAND_B,2.1262311935424805,2.1072704792022705,2.117806911468506,0.1945740282535553,0.19278061389923096,0.18704767525196075,https://wandb.ai/ememchijioke-university-of-klagenfurt/marl-uav-mission-no-formation/runs/qgyhqyu7
2026-05-16T16:45:49.747609,1146,3,16975.651116468045,1,3,0,2.0,0.1471063494682312,0.14805330336093903,0.11525827646255493,0.26757272084554035,0.016035449380675953,0,0.5989578366279602,0,LAND_B,LAND_B,LAND_B,2.1130967140197754,2.115401029586792,2.1168534755706787,0.19447264075279236,0.19244785606861115,0.18713200092315674,https://wandb.ai/ememchijioke-university-of-klagenfurt/marl-uav-mission-no-formation/runs/qgyhqyu7
2026-05-16T16:46:01.708811,1147,3,17017.80607310522,1,3,0,2.0,0.1451231688261032,0.1456773728132248,0.11229914923508962,0.26785339911778766,0.006168568351616462,0,0.5980100035667419,0,LAND_B,LAND_B,LAND_B,2.1098885536193848,2.1107544898986816,2.1156206130981445,0.19542890787124634,0.19269850850105286,0.18735700845718384,https://wandb.ai/ememchijioke-university-of-klagenfurt/marl-uav-mission-no-formation/runs/qgyhqyu7
2026-05-16T16:46:14.431726,1148,3,15642.443272447344,1,3,0,2.0,0.1501600295305252,0.15154173970222473,0.11456667135159175,0.28313485781351727,0.01663773910452922,0,0.6056185960769653,0,LAND_B,LAND_B,LAND_B,2.1135597229003906,2.114123582839966,2.1149322986602783,0.19994506239891052,0.1984289437532425,0.19270755350589752,https://wandb.ai/ememchijioke-university-of-klagenfurt/marl-uav-mission-no-formation/runs/qgyhqyu7
2026-05-16T16:46:26.772976,1149,3,16997.094634452467,1,3,0,2.0,0.1462651938199997,0.1514592468738556,0.11427701264619827,0.2709576189517975,0.024654734879732132,0,0.6058478951454163,0,LAND_B,LAND_B,LAND_B,2.1172993183135986,2.112428903579712,2.1122097969055176,0.195085808634758,0.1921512335538864,0.18658603727817535,https://wandb.ai/ememchijioke-university-of-klagenfurt/marl-uav-mission-no-formation/runs/qgyhqyu7
2026-05-16T16:46:40.365769,1150,3,16914.072568550084,1,3,0,2.0,0.14898050328095755,0.15484151244163513,0.11720570921897888,0.2672119438648224,0.021906070566425722,0,0.6054626703262329,0,LAND_B,LAND_B,LAND_B,2.1084024906158447,2.1234045028686523,2.1184208393096924,0.19569599628448486,0.1931321620941162,0.18653607368469238,https://wandb.ai/ememchijioke-university-of-klagenfurt/marl-uav-mission-no-formation/runs/qgyhqyu7
2026-05-16T16:46:53.774743,1151,3,16943.873518598957,1,3,0,2.0,0.14917539556821188,0.15718862414360046,0.11765896032253902,0.26919864614804584,0.01749259481827418,0,0.6079884767532349,0,LAND_B,LAND_B,LAND_B,2.124657392501831,2.1155943870544434,2.1116819381713867,0.1952154040336609,0.1931489259004593,0.18669801950454712,https://wandb.ai/ememchijioke-university-of-klagenfurt/marl-uav-mission-no-formation/runs/qgyhqyu7
2026-05-16T16:47:06.629672,1152,3,16910.891449894618,1,3,0,2.0,0.1500182499488195,0.15658333897590637,0.11914109935363133,0.26928921540578205,0.011952169394741455,0,0.6031538248062134,0,LAND_B,LAND_B,LAND_B,2.124014139175415,2.120755672454834,2.1118133068084717,0.19496728479862213,0.1923353224992752,0.186187744140625,https://wandb.ai/ememchijioke-university-of-klagenfurt/marl-uav-mission-no-formation/runs/qgyhqyu7
2026-05-16T16:47:19.324389,1153,3,16987.48747352395,1,3,0,2.0,0.14891860882441202,0.15781404078006744,0.11743089805046718,0.2702885866165161,0.012913257194062075,0,0.6002153158187866,0,LAND_B,LAND_B,LAND_B,2.1259429454803467,2.10959792137146,2.116490364074707,0.19509324431419373,0.19300414621829987,0.18634048104286194,https://wandb.ai/ememchijioke-university-of-klagenfurt/marl-uav-mission-no-formation/runs/qgyhqyu7
2026-05-16T16:47:32.606551,1154,3,17166.281388527386,1,3,0,2.0,0.15100510915120444,0.15707971155643463,0.11999531090259552,0.2687954604625702,0.012984936125576496,0,0.5994956493377686,0,LAND_B,LAND_B,LAND_B,2.124467611312866,2.1209230422973633,2.114194393157959,0.19565002620220184,0.1930723935365677,0.1862863004207611,https://wandb.ai/ememchijioke-university-of-klagenfurt/marl-uav-mission-no-formation/runs/qgyhqyu7
2026-05-16T16:47:45.823958,1155,3,16846.944085206425,1,3,0,2.0,0.14764284094174704,0.15179088711738586,0.11561448127031326,0.26919127504030865,0.020063895421723526,0,0.5952118635177612,0,LAND_B,LAND_B,LAND_B,2.117417812347412,2.111461639404297,2.11637282371521,0.19572314620018005,0.1929376870393753,0.18662777543067932,https://wandb.ai/ememchijioke-university-of-klagenfurt/marl-uav-mission-no-formation/runs/qgyhqyu7
2026-05-16T16:47:59.204490,1156,3,16850.40418882528,1,3,0,2.0,0.15081546703974405,0.15557803213596344,0.11974623799324036,0.2716681659221649,0.008564103860408068,0,0.6053618788719177,0,LAND_B,LAND_B,LAND_B,2.121540069580078,2.11873459815979,2.1176533699035645,0.19590479135513306,0.19303414225578308,0.18602073192596436,https://wandb.ai/ememchijioke-university-of-klagenfurt/marl-uav-mission-no-formation/runs/qgyhqyu7
2026-05-16T16:48:12.505451,1157,3,17086.30648815411,1,3,0,2.0,0.14324028293291727,0.14916570484638214,0.10953912387291591,0.26868704954783124,0.013128652547796568,0,0.5884831547737122,0,LAND_B,LAND_B,LAND_B,2.113884449005127,2.107220411300659,2.1069424152374268,0.19615645706653595,0.193717360496521,0.18694953620433807,https://wandb.ai/ememchijioke-university-of-klagenfurt/marl-uav-mission-no-formation/runs/qgyhqyu7
2026-05-16T16:48:25.550117,1158,3,16965.343033914556,1,3,0,2.0,0.14500800768534342,0.14721722900867462,0.11193129420280457,0.26620060205459595,0.016717949726929266,0,0.6001012325286865,0,LAND_B,LAND_B,LAND_B,2.1120171546936035,2.1132709980010986,2.1101319789886475,0.195515438914299,0.19378672540187836,0.18718014657497406,https://wandb.ai/ememchijioke-university-of-klagenfurt/marl-uav-mission-no-formation/runs/qgyhqyu7
2026-05-16T16:48:38.143509,1159,3,16962.5246374513,1,3,0,2.0,0.14804811278978983,0.15309438109397888,0.11610702921946843,0.2703213890393575,0.015355845292409262,0,0.6008591055870056,0,LAND_B,LAND_B,LAND_B,2.11958384513855,2.118537425994873,2.109853744506836,0.19556927680969238,0.1932283341884613,0.1867637187242508,https://wandb.ai/ememchijioke-university-of-klagenfurt/marl-uav-mission-no-formation/runs/qgyhqyu7
2026-05-16T16:48:51.371915,1160,3,16794.11632477879,1,3,0,2.0,0.15049435198307037,0.1523495465517044,0.11902259786923726,0.26735466718673706,0.007551477911571662,0,0.6054782271385193,0,LAND_B,LAND_B,LAND_B,2.113844156265259,2.120558977127075,2.1220107078552246,0.19587479531764984,0.192984938621521,0.18702466785907745,https://wandb.ai/ememchijioke-university-of-klagenfurt/marl-uav-mission-no-formation/runs/qgyhqyu7
2026-05-16T16:49:04.431603,1161,3,16925.093541364426,1,3,0,2.0,0.14704814553260803,0.14952172338962555,0.1151034062107404,0.26905404527982074,0.02011205442249775,0,0.5957750678062439,0,LAND_B,LAND_B,LAND_B,2.1133456230163574,2.1171491146087646,2.114715337753296,0.19526103138923645,0.19280730187892914,0.18629461526870728,https://wandb.ai/ememchijioke-university-of-klagenfurt/marl-uav-mission-no-formation/runs/qgyhqyu7
2026-05-16T16:49:17.624456,1162,3,16964.04150620406,1,3,0,2.0,0.14730889101823172,0.15281830728054047,0.11550314724445343,0.26826966802279156,0.0165864578448236,0,0.5972883701324463,0,LAND_B,LAND_B,LAND_B,2.119297742843628,2.1153972148895264,2.111690044403076,0.1954738050699234,0.19229304790496826,0.18649578094482422,https://wandb.ai/ememchijioke-university-of-klagenfurt/marl-uav-mission-no-formation/runs/qgyhqyu7
2026-05-16T16:49:30.244351,1163,3,17062.414930424584,1,3,0,2.0,0.14853379130363464,0.15152253210544586,0.1172632525364558,0.2672865390777588,0.019329870119690895,0,0.597769021987915,0,LAND_B,LAND_B,LAND_B,2.1170976161956787,2.1198463439941406,2.113551378250122,0.19509024918079376,0.19194760918617249,0.1864071488380432,https://wandb.ai/ememchijioke-university-of-klagenfurt/marl-uav-mission-no-formation/runs/qgyhqyu7
2026-05-16T16:49:42.887703,1164,3,16989.626293307887,1,3,0,2.0,0.15139234562714896,0.15275686979293823,0.12042763829231262,0.2668689986069997,0.013157199757794539,0,0.6074227094650269,0,LAND_B,LAND_B,LAND_B,2.118748903274536,2.1212594509124756,2.1207003593444824,0.19586829841136932,0.19249501824378967,0.18666210770606995,https://wandb.ai/ememchijioke-university-of-klagenfurt/marl-uav-mission-no-formation/runs/qgyhqyu7
2026-05-16T16:49:56.057353,1165,3,16954.366642518067,1,3,0,2.0,0.14984235167503357,0.15542058646678925,0.11885091662406921,0.26631827155749005,0.014548279965917269,0,0.6071016192436218,0,LAND_B,LAND_B,LAND_B,2.12310791015625,2.116521120071411,2.1164605617523193,0.19470179080963135,0.19302044808864594,0.185945063829422,https://wandb.ai/ememchijioke-university-of-klagenfurt/marl-uav-mission-no-formation/runs/qgyhqyu7
2026-05-16T16:50:09.179748,1166,3,17152.836697529063,1,3,0,2.0,0.1457261840502421,0.15876910090446472,0.11353800445795059,0.26891764998435974,0.015118624859799942,0,0.5936180949211121,0,LAND_B,LAND_B,LAND_B,2.1269168853759766,2.1065332889556885,2.1070079803466797,0.19531704485416412,0.1923326551914215,0.18611633777618408,https://wandb.ai/ememchijioke-university-of-klagenfurt/marl-uav-mission-no-formation/runs/qgyhqyu7
2026-05-16T16:50:22.615415,1167,3,17071.819282047476,1,3,0,2.0,0.1477233866850535,0.1547950655221939,0.11595039318005244,0.2669452627499898,0.013096333791812262,0,0.6061400175094604,0,LAND_B,LAND_B,LAND_B,2.121199607849121,2.111476182937622,2.1140542030334473,0.19582323729991913,0.19251702725887299,0.1861109882593155,https://wandb.ai/ememchijioke-university-of-klagenfurt/marl-uav-mission-no-formation/runs/qgyhqyu7
2026-05-16T16:50:35.739918,1168,3,16957.581642122892,1,3,0,2.0,0.15136495232582092,0.15602664649486542,0.1205281987786293,0.26545749107996625,0.014234821933011213,0,0.6066300868988037,0,LAND_B,LAND_B,LAND_B,2.122528553009033,2.1188485622406006,2.119171380996704,0.1954822838306427,0.19232729077339172,0.18681590259075165,https://wandb.ai/ememchijioke-university-of-klagenfurt/marl-uav-mission-no-formation/runs/qgyhqyu7
2026-05-16T16:50:47.716188,1169,3,16937.043061467,1,3,0,2.0,0.14592217405637106,0.14961975812911987,0.11371721824010213,0.2654731571674347,0.015237700815002123,0,0.6045831441879272,0,LAND_B,LAND_B,LAND_B,2.11425518989563,2.115536689758301,2.110196828842163,0.19532713294029236,0.1921156495809555,0.18684880435466766,https://wandb.ai/ememchijioke-university-of-klagenfurt/marl-uav-mission-no-formation/runs/qgyhqyu7
2026-05-16T16:51:01.115024,1170,3,16911.89750276835,1,3,0,2.0,0.1477376917997996,0.15215155482292175,0.11603052417437236,0.27096793055534363,0.017966294661164284,0,0.5975784063339233,0,LAND_B,LAND_B,LAND_B,2.117964506149292,2.1131203174591064,2.1160247325897217,0.19499893486499786,0.19243653118610382,0.1868000626564026,https://wandb.ai/ememchijioke-university-of-klagenfurt/marl-uav-mission-no-formation/runs/qgyhqyu7
2026-05-16T16:51:14.265958,1171,3,16974.328557203702,1,3,0,2.0,0.14786484837532043,0.15063393115997314,0.11606258153915405,0.2674946387608846,0.015630457550287247,0,0.6068316102027893,0,LAND_B,LAND_B,LAND_B,2.1163108348846436,2.1135499477386475,2.117412805557251,0.1947304904460907,0.19211052358150482,0.18788939714431763,https://wandb.ai/ememchijioke-university-of-klagenfurt/marl-uav-mission-no-formation/runs/qgyhqyu7
2026-05-16T16:51:27.240752,1172,3,17018.45884940093,1,3,0,2.0,0.14909628530343375,0.14998313784599304,0.11756267646948497,0.2721567551294963,0.016072222342093784,0,0.6022712588310242,0,LAND_B,LAND_B,LAND_B,2.1140692234039307,2.1170949935913086,2.121291160583496,0.19453781843185425,0.19226086139678955,0.18804188072681427,https://wandb.ai/ememchijioke-university-of-klagenfurt/marl-uav-mission-no-formation/runs/qgyhqyu7
2026-05-16T16:51:40.312533,1173,3,16897.555114896837,1,3,0,2.0,0.15169901152451834,0.1576274186372757,0.12082982063293457,0.2673286696275075,0.022869070370992024,0,0.5975370407104492,0,LAND_B,LAND_B,LAND_B,2.125875234603882,2.1153459548950195,2.1207611560821533,0.19430749118328094,0.1928429752588272,0.18785320222377777,https://wandb.ai/ememchijioke-university-of-klagenfurt/marl-uav-mission-no-formation/runs/qgyhqyu7
2026-05-16T16:51:52.819795,1174,3,16803.700978419412,1,3,0,2.0,0.15213403602441153,0.1538606882095337,0.12130605677763621,0.2663368284702301,0.01465430591876308,0,0.6055059432983398,0,LAND_B,LAND_B,LAND_B,2.119302988052368,2.122898817062378,2.1212408542633057,0.1956915557384491,0.19248750805854797,0.18707291781902313,https://wandb.ai/ememchijioke-university-of-klagenfurt/marl-uav-mission-no-formation/runs/qgyhqyu7
2026-05-16T16:52:04.905641,1175,3,17017.008438001296,1,3,0,2.0,0.14454183975855509,0.1478498876094818,0.11152482777833939,0.26766443252563477,0.010947668459266424,0,0.596224308013916,0,LAND_B,LAND_B,LAND_B,2.112952709197998,2.1064414978027344,2.115020990371704,0.19539561867713928,0.1926460862159729,0.18753759562969208,https://wandb.ai/ememchijioke-university-of-klagenfurt/marl-uav-mission-no-formation/runs/qgyhqyu7
2026-05-16T16:52:17.488483,1176,3,17164.429410386714,1,3,0,2.0,0.14773894846439362,0.15346084535121918,0.11593188345432281,0.26751163601875305,0.010883308791865906,0,0.6002423763275146,0,LAND_B,LAND_B,LAND_B,2.119722604751587,2.1153695583343506,2.112231731414795,0.19570082426071167,0.19225700199604034,0.18675686419010162,https://wandb.ai/ememchijioke-university-of-klagenfurt/marl-uav-mission-no-formation/runs/qgyhqyu7
2026-05-16T16:52:30.123286,1177,3,16875.831904134928,1,3,0,2.0,0.15191771586736044,0.1551988571882248,0.12104250490665436,0.2696009973684947,0.020064308928946655,0,0.6015899181365967,0,LAND_B,LAND_B,LAND_B,2.1187381744384766,2.124053478240967,2.1190903186798096,0.19548983871936798,0.19271644949913025,0.18706291913986206,https://wandb.ai/ememchijioke-university-of-klagenfurt/marl-uav-mission-no-formation/runs/qgyhqyu7
2026-05-16T16:52:42.650232,1178,3,16849.223283780822,1,3,0,2.0,0.1500339408715566,0.15827365219593048,0.11881495515505473,0.2700576186180115,0.008623424839849273,0,0.5978546142578125,0,LAND_B,LAND_B,LAND_B,2.126124858856201,2.118366241455078,2.1114041805267334,0.19513282179832458,0.1924220621585846,0.18725934624671936,https://wandb.ai/ememchijioke-university-of-klagenfurt/marl-uav-mission-no-formation/runs/qgyhqyu7
2026-05-16T16:52:55.706056,1179,3,17143.436912228226,1,3,0,2.0,0.15194235245386759,0.1551346629858017,0.12116277466217677,0.26965991655985516,0.017690024338662624,0,0.6038380861282349,0,LAND_B,LAND_B,LAND_B,2.1216342449188232,2.122490406036377,2.118654489517212,0.19576993584632874,0.19222071766853333,0.18699204921722412,https://wandb.ai/ememchijioke-university-of-klagenfurt/marl-uav-mission-no-formation/runs/qgyhqyu7
2026-05-16T16:53:08.606517,1180,3,16840.14195815178,1,3,0,2.0,0.14809970557689667,0.15304014086723328,0.11640059699614842,0.2692266305287679,0.010295528142402569,0,0.6022800803184509,0,LAND_B,LAND_B,LAND_B,2.1092653274536133,2.1220285892486572,2.1171224117279053,0.19515030086040497,0.19220209121704102,0.18691425025463104,https://wandb.ai/ememchijioke-university-of-klagenfurt/marl-uav-mission-no-formation/runs/qgyhqyu7
2026-05-16T16:53:21.923560,1181,3,17162.20000201885,1,3,0,2.0,0.14895999928315481,0.15370018780231476,0.11742257575194041,0.26736051837603253,0.01484342897310853,0,0.5938307046890259,0,LAND_B,LAND_B,LAND_B,2.120908260345459,2.1178462505340576,2.113252639770508,0.19489432871341705,0.19291655719280243,0.18715113401412964,https://wandb.ai/ememchijioke-university-of-klagenfurt/marl-uav-mission-no-formation/runs/qgyhqyu7
2026-05-16T16:53:35.004011,1182,3,16783.84845698375,1,3,0,2.0,0.15122231344381967,0.15252122282981873,0.12021631995836894,0.2695205509662628,0.010616898691902557,0,0.5990428328514099,0,LAND_B,LAND_B,LAND_B,2.1192545890808105,2.1193137168884277,2.1217334270477295,0.19506195187568665,0.19226787984371185,0.1877286732196808,https://wandb.ai/ememchijioke-university-of-klagenfurt/marl-uav-mission-no-formation/runs/qgyhqyu7
2026-05-16T16:53:48.202703,1183,3,16973.009562879408,1,3,0,2.0,0.14988186955451965,0.15595446527004242,0.118499922255675,0.26893604795138043,0.012646915391087532,0,0.6006743311882019,0,LAND_B,LAND_B,LAND_B,2.1178791522979736,2.125037670135498,2.112180471420288,0.19510303437709808,0.1929761916399002,0.18714368343353271,https://wandb.ai/ememchijioke-university-of-klagenfurt/marl-uav-mission-no-formation/runs/qgyhqyu7
2026-05-16T16:54:01.028742,1184,3,16996.157421960157,1,3,0,2.0,0.14951704939206442,0.15684187412261963,0.11797107011079788,0.2731761733690898,0.013808038085699081,0,0.5999142527580261,0,LAND_B,LAND_B,LAND_B,2.124324083328247,2.116079568862915,2.1133720874786377,0.19544567167758942,0.19285033643245697,0.1872512847185135,https://wandb.ai/ememchijioke-university-of-klagenfurt/marl-uav-mission-no-formation/runs/qgyhqyu7
2026-05-16T16:54:13.380012,1185,3,16934.962337698606,1,3,0,2.0,0.14896975954373678,0.1523054838180542,0.11721713095903397,0.2689768175284068,0.014889786796023449,0,0.6016111373901367,0,LAND_B,LAND_B,LAND_B,2.118468999862671,2.119391918182373,2.1136796474456787,0.1956149935722351,0.19289971888065338,0.18725410103797913,https://wandb.ai/ememchijioke-university-of-klagenfurt/marl-uav-mission-no-formation/runs/qgyhqyu7
2026-05-16T16:54:26.420957,1186,3,17176.528999444676,1,3,0,2.0,0.14783425629138947,0.15161332488059998,0.11582812915245692,0.26746100187301636,0.012346860331793627,0,0.5959112048149109,0,LAND_B,LAND_B,LAND_B,2.117555618286133,2.116586446762085,2.113100528717041,0.1957091987133026,0.192788228392601,0.18704715371131897,https://wandb.ai/ememchijioke-university-of-klagenfurt/marl-uav-mission-no-formation/runs/qgyhqyu7
2026-05-16T16:54:39.311059,1187,3,16840.265983435795,1,3,0,2.0,0.1481715440750122,0.15422336757183075,0.11612032602230708,0.2701065043608348,0.015758761049558718,0,0.5982337594032288,0,LAND_B,LAND_B,LAND_B,2.1206650733947754,2.114069700241089,2.1135268211364746,0.19602109491825104,0.1926235407590866,0.18742874264717102,https://wandb.ai/ememchijioke-university-of-klagenfurt/marl-uav-mission-no-formation/runs/qgyhqyu7
2026-05-16T16:54:51.171985,1188,3,16910.618141972853,1,3,0,2.0,0.15154754122098288,0.16196970641613007,0.12048348039388657,0.26998867591222125,0.011700130067765713,0,0.6046879887580872,0,LAND_B,LAND_B,LAND_B,2.130000591278076,2.1224820613861084,2.1079275608062744,0.19580814242362976,0.192372128367424,0.18745292723178864,https://wandb.ai/ememchijioke-university-of-klagenfurt/marl-uav-mission-no-formation/runs/qgyhqyu7
2026-05-16T16:55:04.893665,1189,3,16322.455554506134,1,3,0,2.0,0.14934024214744568,0.15287834405899048,0.11761849373579025,0.2696555554866791,0.013747839567561945,0,0.6028761267662048,0,LAND_B,LAND_B,LAND_B,2.1196272373199463,2.1142566204071045,2.118553876876831,0.19495706260204315,0.19257232546806335,0.18843628466129303,https://wandb.ai/ememchijioke-university-of-klagenfurt/marl-uav-mission-no-formation/runs/qgyhqyu7
2026-05-16T16:55:16.968789,1190,3,16801.952617878218,1,3,0,2.0,0.14988634983698526,0.15568692982196808,0.11865076174338658,0.2678439716498057,0.015871499044199783,0,0.6016891002655029,0,LAND_B,LAND_B,LAND_B,2.11557674407959,2.125603199005127,2.1138181686401367,0.19561360776424408,0.1918199062347412,0.1871156394481659,https://wandb.ai/ememchijioke-university-of-klagenfurt/marl-uav-mission-no-formation/runs/qgyhqyu7
2026-05-16T16:55:30.056302,1191,3,17034.538874938506,1,3,0,2.0,0.15143437683582306,0.1529306322336197,0.12009598563114803,0.2662639518578847,0.022701327378551166,0,0.5928121209144592,0,LAND_B,LAND_B,LAND_B,2.1133573055267334,2.1214256286621094,2.1249899864196777,0.19602011144161224,0.1926586627960205,0.18755003809928894,https://wandb.ai/ememchijioke-university-of-klagenfurt/marl-uav-mission-no-formation/runs/qgyhqyu7
2026-05-16T16:55:43.488304,1192,3,16890.554669994457,1,3,0,2.0,0.14965069790681204,0.1559908092021942,0.11834689478079478,0.2658065656820933,0.01789761831363042,0,0.5956317186355591,0,LAND_B,LAND_B,LAND_B,2.1146321296691895,2.1262269020080566,2.1134719848632812,0.19562269747257233,0.19163155555725098,0.1872645914554596,https://wandb.ai/ememchijioke-university-of-klagenfurt/marl-uav-mission-no-formation/runs/qgyhqyu7
2026-05-16T16:55:55.994922,1193,3,17222.7917600641,1,3,0,2.0,0.1508567531903585,0.1607712358236313,0.12005963176488876,0.26893744866053265,0.005440775421448052,0,0.5962794423103333,0,LAND_B,LAND_B,LAND_B,2.129377841949463,2.1198325157165527,2.1105077266693115,0.19500911235809326,0.19193348288536072,0.1870078444480896,https://wandb.ai/ememchijioke-university-of-klagenfurt/marl-uav-mission-no-formation/runs/qgyhqyu7
2026-05-16T16:56:09.275631,1194,3,17132.126228674755,1,3,0,2.0,0.14680678149064383,0.15075303614139557,0.11475272228320439,0.2661093870798747,0.012522830938299498,0,0.6045490503311157,0,LAND_B,LAND_B,LAND_B,2.1158695220947266,2.1159770488739014,2.111302614212036,0.1951475441455841,0.192233607172966,0.18729259073734283,https://wandb.ai/ememchijioke-university-of-klagenfurt/marl-uav-mission-no-formation/runs/qgyhqyu7
2026-05-16T16:56:22.541900,1195,3,16937.231521324167,1,3,0,2.0,0.1484982669353485,0.15689285099506378,0.11712361375490825,0.2705937425295512,0.01604176623125871,0,0.5946420431137085,0,LAND_B,LAND_B,LAND_B,2.1244277954101562,2.117859125137329,2.1087124347686768,0.19556087255477905,0.1915856897830963,0.18670307099819183,https://wandb.ai/ememchijioke-university-of-klagenfurt/marl-uav-mission-no-formation/runs/qgyhqyu7
2026-05-16T16:56:34.970056,1196,3,16851.392204427506,1,3,0,2.0,0.15248828629652658,0.16192902624607086,0.12185305605332057,0.26986344655354816,0.012081537861377,0,0.6059312224388123,0,LAND_B,LAND_B,LAND_B,2.129798173904419,2.122134208679199,2.1118366718292236,0.195580393075943,0.1924014389514923,0.1869983822107315,https://wandb.ai/ememchijioke-university-of-klagenfurt/marl-uav-mission-no-formation/runs/qgyhqyu7
2026-05-16T16:56:48.245052,1197,3,16787.299570710275,1,3,0,2.0,0.15248705446720123,0.15455569326877594,0.12206762035687764,0.2661023437976837,0.016953439141313236,0,0.6029091477394104,0,LAND_B,LAND_B,LAND_B,2.12084698677063,2.1187503337860107,2.1258037090301514,0.1953897923231125,0.19189110398292542,0.18658483028411865,https://wandb.ai/ememchijioke-university-of-klagenfurt/marl-uav-mission-no-formation/runs/qgyhqyu7
2026-05-16T16:57:03.104679,1198,3,16883.064232435598,1,3,0,2.0,0.14752744634946188,0.1514454185962677,0.11591581751902898,0.26670219500859577,0.023443919296065967,0,0.601134181022644,0,LAND_B,LAND_B,LAND_B,2.115290403366089,2.1205503940582275,2.1113533973693848,0.19510050117969513,0.19165828824043274,0.18692436814308167,https://wandb.ai/ememchijioke-university-of-klagenfurt/marl-uav-mission-no-formation/runs/qgyhqyu7
2026-05-16T16:57:17.353004,1199,3,16855.883715852164,1,3,0,2.0,0.15187886854012808,0.15938401222229004,0.12150235970815022,0.26859455307324726,0.01319085209009548,0,0.6013092398643494,0,LAND_B,LAND_B,LAND_B,2.128117799758911,2.1155848503112793,2.1202518939971924,0.19474360346794128,0.19184556603431702,0.18663914501667023,https://wandb.ai/ememchijioke-university-of-klagenfurt/marl-uav-mission-no-formation/runs/qgyhqyu7
2026-05-16T16:57:31.432156,1200,3,16972.881511595227,1,3,0,2.0,0.14919172724088034,0.15506747364997864,0.1183048610885938,0.2667083442211151,0.011174351753046116,0,0.5970662236213684,0,LAND_B,LAND_B,LAND_B,2.1223104000091553,2.1232221126556396,2.108907699584961,0.1947493702173233,0.19095885753631592,0.18689556419849396,https://wandb.ai/ememchijioke-university-of-klagenfurt/marl-uav-mission-no-formation/runs/qgyhqyu7
2026-05-16T16:57:44.621697,1201,3,17098.391915764023,1,3,0,2.0,0.1504498173793157,0.15559808909893036,0.12010124822457631,0.2660890221595764,0.013895171694457531,0,0.6023147702217102,0,LAND_B,LAND_B,LAND_B,2.1227753162384033,2.116685152053833,2.1199252605438232,0.19462062418460846,0.190926656126976,0.1861920803785324,https://wandb.ai/ememchijioke-university-of-klagenfurt/marl-uav-mission-no-formation/runs/qgyhqyu7
2026-05-16T16:57:56.795928,1202,3,16853.713210259786,1,3,0,2.0,0.15001768867174783,0.15139102935791016,0.11959747970104218,0.2695854604244232,0.01013085114148756,0,0.6045781970024109,0,LAND_B,LAND_B,LAND_B,2.1180684566497803,2.1194074153900146,2.12095046043396,0.19439709186553955,0.19098356366157532,0.18612134456634521,https://wandb.ai/ememchijioke-university-of-klagenfurt/marl-uav-mission-no-formation/runs/qgyhqyu7
2026-05-16T16:58:09.711115,1203,3,15691.36038209567,1,3,0,2.0,0.15234661102294922,0.15473543107509613,0.1180478607614835,0.28193049629529315,0.015503203185896078,0,0.6104162335395813,0,LAND_B,LAND_B,LAND_B,2.1158390045166016,2.1126909255981445,2.124572992324829,0.1997334212064743,0.1976168006658554,0.19100412726402283,https://wandb.ai/ememchijioke-university-of-klagenfurt/marl-uav-mission-no-formation/runs/qgyhqyu7
2026-05-16T16:58:23.029884,1204,3,16904.313082887405,1,3,0,2.0,0.14749500155448914,0.15384361147880554,0.11684164653221767,0.2711982528368632,0.020922998897731304,0,0.6141155958175659,0,LAND_B,LAND_B,LAND_B,2.1204261779785156,2.111706256866455,2.116645097732544,0.19432684779167175,0.1906503438949585,0.18488764762878418,https://wandb.ai/ememchijioke-university-of-klagenfurt/marl-uav-mission-no-formation/runs/qgyhqyu7
2026-05-16T16:58:36.317375,1205,3,15953.658610897466,1,3,0,2.0,0.1533540040254593,0.16221171617507935,0.11994676788647969,0.28551406661669415,0.0144532627115647,0,0.6032838225364685,0,LAND_B,LAND_B,LAND_B,2.1275269985198975,2.1216511726379395,2.1100027561187744,0.19970180094242096,0.1960727572441101,0.19082896411418915,https://wandb.ai/ememchijioke-university-of-klagenfurt/marl-uav-mission-no-formation/runs/qgyhqyu7
2026-05-16T16:58:51.912670,1206,3,15660.735513645153,1,3,0,2.0,0.15385636190573374,0.16179195046424866,0.1203271026412646,0.2835746109485626,0.01291570719331503,0,0.6027595400810242,0,LAND_B,LAND_B,LAND_B,2.12675404548645,2.120744466781616,2.1128714084625244,0.19981446862220764,0.1966138631105423,0.19120077788829803,https://wandb.ai/ememchijioke-university-of-klagenfurt/marl-uav-mission-no-formation/runs/qgyhqyu7
2026-05-16T16:59:05.915253,1207,3,15837.494392092778,1,3,0,2.0,0.15397065381209055,0.15737803280353546,0.12042792389790218,0.28252412875493366,0.010411092390616735,0,0.5901199579238892,0,LAND_B,LAND_B,LAND_B,2.1216726303100586,2.1190266609191895,2.120285749435425,0.19980046153068542,0.19626188278198242,0.19166450202465057,https://wandb.ai/ememchijioke-university-of-klagenfurt/marl-uav-mission-no-formation/runs/qgyhqyu7
2026-05-16T16:59:19.468292,1208,3,15595.932776038964,1,3,0,2.0,0.1550907293955485,0.15628589689731598,0.12206313014030457,0.2874185840288798,0.013311592396348715,0,0.6063774228096008,0,LAND_B,LAND_B,LAND_B,2.1199846267700195,2.1228766441345215,2.1222620010375977,0.19926133751869202,0.19606928527355194,0.1915583461523056,https://wandb.ai/ememchijioke-university-of-klagenfurt/marl-uav-mission-no-formation/runs/qgyhqyu7
2026-05-16T16:59:33.141501,1209,3,15817.448314187048,1,3,0,2.0,0.1517474353313446,0.16063237190246582,0.11765008916457494,0.2864753802617391,0.015489193921287855,0,0.6034592986106873,0,LAND_B,LAND_B,LAND_B,2.1261885166168213,2.1116302013397217,2.1149282455444336,0.1992589235305786,0.19595976173877716,0.192180335521698,https://wandb.ai/ememchijioke-university-of-klagenfurt/marl-uav-mission-no-formation/runs/qgyhqyu7
2026-05-16T16:59:47.899348,1210,3,17051.04804056089,1,3,0,2.0,0.14970224102338156,0.15792237222194672,0.11917029569546382,0.2708820601304372,0.016523029655218124,0,0.5929165482521057,0,LAND_B,LAND_B,LAND_B,2.1265435218811035,2.1151556968688965,2.1156318187713623,0.1943853348493576,0.19105124473571777,0.1863129585981369,https://wandb.ai/ememchijioke-university-of-klagenfurt/marl-uav-mission-no-formation/runs/qgyhqyu7
2026-05-16T17:00:01.618553,1211,3,16900.556866392508,1,3,0,2.0,0.15054084360599518,0.1593722105026245,0.12004560977220535,0.26637814442316693,0.01685942430049181,0,0.6050875782966614,0,LAND_B,LAND_B,LAND_B,2.1277735233306885,2.1177144050598145,2.1142096519470215,0.19475041329860687,0.19166027009487152,0.18606461584568024,https://wandb.ai/ememchijioke-university-of-klagenfurt/marl-uav-mission-no-formation/runs/qgyhqyu7
2026-05-16T17:00:15.664890,1212,3,17130.103498861317,1,3,0,2.0,0.14368881781895956,0.14904513955116272,0.11153522382179896,0.26756371061007184,0.014882460236549377,0,0.6050280332565308,0,LAND_B,LAND_B,LAND_B,2.114638566970825,2.108762264251709,2.110491991043091,0.19490590691566467,0.19081196188926697,0.18596525490283966,https://wandb.ai/ememchijioke-university-of-klagenfurt/marl-uav-mission-no-formation/runs/qgyhqyu7
2026-05-16T17:00:29.764061,1213,3,17008.852800970006,1,3,0,2.0,0.15102995932102203,0.1623692512512207,0.12078001101811726,0.2679578363895416,0.007491931629677613,0,0.6058687567710876,0,LAND_B,LAND_B,LAND_B,2.1315622329711914,2.11431622505188,2.115457773208618,0.1951580047607422,0.19101810455322266,0.1857071965932846,https://wandb.ai/ememchijioke-university-of-klagenfurt/marl-uav-mission-no-formation/runs/qgyhqyu7
2026-05-16T17:00:44.077374,1214,3,16941.981830495875,1,3,0,2.0,0.1496127943197886,0.1553008109331131,0.11924948294957478,0.2694164315859477,0.02031293821831544,0,0.6006146669387817,0,LAND_B,LAND_B,LAND_B,2.1227855682373047,2.1252856254577637,2.109074592590332,0.19466955959796906,0.19113236665725708,0.1851700097322464,https://wandb.ai/ememchijioke-university-of-klagenfurt/marl-uav-mission-no-formation/runs/qgyhqyu7
2026-05-16T17:00:57.695670,1215,3,17103.332815234065,1,3,0,2.0,0.1504699836174647,0.16305096447467804,0.12017253041267395,0.26874221364657086,0.0182808474637568,0,0.6045157313346863,0,LAND_B,LAND_B,LAND_B,2.13234806060791,2.118962526321411,2.1089835166931152,0.1950751692056656,0.1913575977087021,0.18510936200618744,https://wandb.ai/ememchijioke-university-of-klagenfurt/marl-uav-mission-no-formation/runs/qgyhqyu7
2026-05-16T17:01:10.151069,1216,3,17241.398557543813,1,3,0,2.0,0.14782393475373587,0.15151573717594147,0.11682921648025513,0.26783064007759094,0.009317833658618232,0,0.5924602150917053,0,LAND_B,LAND_B,LAND_B,2.116422653198242,2.120473861694336,2.1132571697235107,0.194709911942482,0.19148917496204376,0.18540595471858978,https://wandb.ai/ememchijioke-university-of-klagenfurt/marl-uav-mission-no-formation/runs/qgyhqyu7
2026-05-16T17:01:23.274745,1217,3,16901.88471514939,1,3,0,2.0,0.1507131059964498,0.15553119778633118,0.1205603654185931,0.2676545977592468,0.01598157857855161,0,0.6011303067207336,0,LAND_B,LAND_B,LAND_B,2.122391939163208,2.1199779510498047,2.118489980697632,0.19494369626045227,0.19131796061992645,0.18497808277606964,https://wandb.ai/ememchijioke-university-of-klagenfurt/marl-uav-mission-no-formation/runs/qgyhqyu7
2026-05-16T17:01:36.925287,1218,3,17288.850059302626,1,3,0,2.0,0.14807953933874765,0.15218856930732727,0.11693453292051952,0.26753586530685425,0.01384834572672844,0,0.5944052934646606,0,LAND_B,LAND_B,LAND_B,2.1185381412506104,2.1191840171813965,2.112870216369629,0.1954464465379715,0.19155611097812653,0.18548941612243652,https://wandb.ai/ememchijioke-university-of-klagenfurt/marl-uav-mission-no-formation/runs/qgyhqyu7
2026-05-16T17:01:49.811358,1219,3,17027.090034730107,1,3,0,2.0,0.14519779880841574,0.15700149536132812,0.11324155082305272,0.2661892871061961,0.014714624422291914,0,0.5936968326568604,0,LAND_B,LAND_B,LAND_B,2.1244585514068604,2.107360601425171,2.107496738433838,0.19529969990253448,0.19176644086837769,0.18538571894168854,https://wandb.ai/ememchijioke-university-of-klagenfurt/marl-uav-mission-no-formation/runs/qgyhqyu7
2026-05-16T17:02:03.642038,1220,3,17213.76487301393,1,3,0,2.0,0.14445899923642477,0.15096011757850647,0.11237613360087077,0.2697789470354716,0.014619808333615461,0,0.5957565903663635,0,LAND_B,LAND_B,LAND_B,2.1172611713409424,2.108259677886963,2.11149263381958,0.19506007432937622,0.19139589369297028,0.1857481151819229,https://wandb.ai/ememchijioke-university-of-klagenfurt/marl-uav-mission-no-formation/runs/qgyhqyu7
2026-05-16T17:02:17.109442,1221,3,17014.1026911149,1,3,0,2.0,0.1502558390299479,0.15427052974700928,0.1195261577765147,0.26780545711517334,0.01525761637215813,0,0.6080769896507263,0,LAND_B,LAND_B,LAND_B,2.1204476356506348,2.121321439743042,2.115961790084839,0.19556596875190735,0.1913241147994995,0.18620401620864868,https://wandb.ai/ememchijioke-university-of-klagenfurt/marl-uav-mission-no-formation/runs/qgyhqyu7
2026-05-16T17:02:31.699449,1222,3,17084.647493448625,1,3,0,2.0,0.14837833245595297,0.15230301022529602,0.11751240243514378,0.2693975269794464,0.011464638325075308,0,0.5906050801277161,0,LAND_B,LAND_B,LAND_B,2.1186165809631348,2.121558427810669,2.1121158599853516,0.19483929872512817,0.1914740651845932,0.18540121614933014,https://wandb.ai/ememchijioke-university-of-klagenfurt/marl-uav-mission-no-formation/runs/qgyhqyu7
2026-05-16T17:02:45.476759,1223,3,15683.017195494347,1,3,0,2.0,0.15408000846703848,0.16175585985183716,0.12022253622611363,0.2834264139334361,0.007913447295626005,0,0.59879070520401,0,LAND_B,LAND_B,LAND_B,2.126962900161743,2.122072458267212,2.111238479614258,0.19988639652729034,0.19713746011257172,0.1920439898967743,https://wandb.ai/ememchijioke-university-of-klagenfurt/marl-uav-mission-no-formation/runs/qgyhqyu7
2026-05-16T17:02:59.295161,1224,3,17006.058631929438,1,3,0,2.0,0.14736699561278024,0.1560748964548111,0.11615114659070969,0.2669110794862111,0.019426443924506504,0,0.6048102974891663,0,LAND_B,LAND_B,LAND_B,2.1241543292999268,2.110346555709839,2.112999677658081,0.19437743723392487,0.1916837841272354,0.18586796522140503,https://wandb.ai/ememchijioke-university-of-klagenfurt/marl-uav-mission-no-formation/runs/qgyhqyu7
2026-05-16T17:03:11.923073,1225,3,15918.598546780278,1,3,0,2.0,0.15207848449548086,0.16081222891807556,0.11767132828632991,0.28293036421140033,0.012280133397628864,0,0.5969617962837219,0,LAND_B,LAND_B,LAND_B,2.125718116760254,2.117860794067383,2.1091082096099854,0.19989578425884247,0.19739048182964325,0.19168034195899963,https://wandb.ai/ememchijioke-university-of-klagenfurt/marl-uav-mission-no-formation/runs/qgyhqyu7
2026-05-16T17:03:25.524092,1226,3,15645.47694290021,1,3,0,2.0,0.15407039721806845,0.15738633275032043,0.12024904539187749,0.28324683507283527,0.018233205191791058,0,0.5990913510322571,0,LAND_B,LAND_B,LAND_B,2.121572256088257,2.1205198764801025,2.118640422821045,0.19994589686393738,0.19720086455345154,0.19176152348518372,https://wandb.ai/ememchijioke-university-of-klagenfurt/marl-uav-mission-no-formation/runs/qgyhqyu7
2026-05-16T17:03:40.264491,1227,3,16761.711261903427,1,3,0,2.0,0.15102012952168783,0.1549728363752365,0.12092454979817073,0.2713564833005269,0.015642757217089336,0,0.5918440222740173,0,LAND_B,LAND_B,LAND_B,2.1177170276641846,2.125033378601074,2.119572639465332,0.19452036917209625,0.19123531877994537,0.18541306257247925,https://wandb.ai/ememchijioke-university-of-klagenfurt/marl-uav-mission-no-formation/runs/qgyhqyu7
2026-05-16T17:03:54.912481,1228,3,16971.639501078876,1,3,0,2.0,0.14546899994214377,0.14922642707824707,0.11397043615579605,0.269208699464798,0.016173318959772587,0,0.6030426621437073,0,LAND_B,LAND_B,LAND_B,2.110553741455078,2.1179826259613037,2.1131858825683594,0.19464626908302307,0.19137048721313477,0.18491508066654205,https://wandb.ai/ememchijioke-university-of-klagenfurt/marl-uav-mission-no-formation/runs/qgyhqyu7
2026-05-16T17:04:08.495777,1229,3,17178.696273774094,1,3,0,2.0,0.14440931379795074,0.15047569572925568,0.11288853983084361,0.2672238349914551,0.009455031560113033,0,0.6085394024848938,0,LAND_B,LAND_B,LAND_B,2.1169283390045166,2.1123509407043457,2.1085290908813477,0.1944665014743805,0.19072647392749786,0.18495428562164307,https://wandb.ai/ememchijioke-university-of-klagenfurt/marl-uav-mission-no-formation/runs/qgyhqyu7
2026-05-16T17:04:22.155042,1230,3,15715.515583660654,1,3,0,2.0,0.15110744535923004,0.15903586149215698,0.11727179338534673,0.28415202101071674,0.020533921817938488,0,0.5975525975227356,0,LAND_B,LAND_B,LAND_B,2.1230406761169434,2.1188502311706543,2.108999252319336,0.1998288482427597,0.19626262784004211,0.1897817701101303,https://wandb.ai/ememchijioke-university-of-klagenfurt/marl-uav-mission-no-formation/runs/qgyhqyu7
2026-05-16T17:04:36.297816,1231,3,17159.048689461615,1,3,0,2.0,0.14783735573291779,0.15475010871887207,0.11714792003234227,0.272996465365092,0.01258524414151907,0,0.6000789403915405,0,LAND_B,LAND_B,LAND_B,2.1218361854553223,2.1185836791992188,2.1103439331054688,0.19459091126918793,0.1908768117427826,0.1850682497024536,https://wandb.ai/ememchijioke-university-of-klagenfurt/marl-uav-mission-no-formation/runs/qgyhqyu7
2026-05-16T17:04:50.468340,1232,3,16943.951878912576,1,3,0,2.0,0.14939205845197043,0.16044488549232483,0.11852922042210896,0.26592884461085003,0.01743526803329587,0,0.6132982969284058,0,LAND_B,LAND_B,LAND_B,2.1277503967285156,2.112403631210327,2.113457202911377,0.19544367492198944,0.19149456918239594,0.1857130378484726,https://wandb.ai/ememchijioke-university-of-klagenfurt/marl-uav-mission-no-formation/runs/qgyhqyu7
2026-05-16T17:05:04.500247,1233,3,16989.049168856134,1,3,0,2.0,0.15045781433582306,0.15922558307647705,0.1200072318315506,0.268338143825531,0.008948721457272768,0,0.6036161184310913,0,LAND_B,LAND_B,LAND_B,2.1271395683288574,2.1172778606414795,2.1149933338165283,0.19551026821136475,0.19160683453083038,0.1850903034210205,https://wandb.ai/ememchijioke-university-of-klagenfurt/marl-uav-mission-no-formation/runs/qgyhqyu7
2026-05-16T17:05:18.565719,1234,3,17075.827792582535,1,3,0,2.0,0.1460928519566854,0.154852956533432,0.11457682400941849,0.2686094144980113,0.016400869004428387,0,0.6069276332855225,0,LAND_B,LAND_B,LAND_B,2.1214683055877686,2.111217737197876,2.109391212463379,0.1953275352716446,0.19159850478172302,0.18492403626441956,https://wandb.ai/ememchijioke-university-of-klagenfurt/marl-uav-mission-no-formation/runs/qgyhqyu7
2026-05-16T17:05:30.993351,1235,3,17104.089671132584,1,3,0,2.0,0.14884144067764282,0.15391884744167328,0.11854447921117146,0.26893340547879535,0.014511842746287584,0,0.6016891598701477,0,LAND_B,LAND_B,LAND_B,2.12001895904541,2.123879909515381,2.110583543777466,0.19523338973522186,0.19097663462162018,0.18371883034706116,https://wandb.ai/ememchijioke-university-of-klagenfurt/marl-uav-mission-no-formation/runs/qgyhqyu7
2026-05-16T17:05:44.540177,1236,3,16880.384073924986,1,3,0,2.0,0.15121576686700186,0.15928426384925842,0.12125643839438756,0.2698911627133687,0.012031149740020433,0,0.5960701704025269,0,LAND_B,LAND_B,LAND_B,2.127864122390747,2.1165759563446045,2.118736743927002,0.19494302570819855,0.19099918007850647,0.18499749898910522,https://wandb.ai/ememchijioke-university-of-klagenfurt/marl-uav-mission-no-formation/runs/qgyhqyu7
2026-05-16T17:05:58.441201,1237,3,17186.824424920225,1,3,0,2.0,0.1520162026087443,0.16075864434242249,0.1224135731657346,0.26391247908274335,0.0052760241863628226,0,0.5950978398323059,0,LAND_B,LAND_B,LAND_B,2.1296002864837646,2.1257150173187256,2.111220598220825,0.19492872059345245,0.19137221574783325,0.18406923115253448,https://wandb.ai/ememchijioke-university-of-klagenfurt/marl-uav-mission-no-formation/runs/qgyhqyu7
2026-05-16T17:06:11.977929,1238,3,17175.856279684227,1,3,0,2.0,0.15002856651941934,0.16065062582492828,0.12001157800356548,0.2675030628840129,0.00684886728413403,0,0.6026556491851807,0,LAND_B,LAND_B,LAND_B,2.1299901008605957,2.1129701137542725,2.117017984390259,0.1943616420030594,0.1907782256603241,0.18475504219532013,https://wandb.ai/ememchijioke-university-of-klagenfurt/marl-uav-mission-no-formation/runs/qgyhqyu7
2026-05-16T17:06:25.542372,1239,3,16962.928548137388,1,3,0,2.0,0.14878510932127634,0.15874339640140533,0.1183637206753095,0.2703860104084015,0.01790451444685459,0,0.6073394417762756,0,LAND_B,LAND_B,LAND_B,2.1267802715301514,2.1115028858184814,2.1158437728881836,0.19513560831546783,0.19097618758678436,0.18411962687969208,https://wandb.ai/ememchijioke-university-of-klagenfurt/marl-uav-mission-no-formation/runs/qgyhqyu7
2026-05-16T17:06:42.720440,1240,3,17315.233375475967,1,3,0,2.0,0.14759992559750876,0.15546736121177673,0.11692106972138087,0.26933424671490985,0.014246149609486261,0,0.6012454628944397,0,LAND_B,LAND_B,LAND_B,2.1228675842285156,2.1170849800109863,2.110718250274658,0.1952488273382187,0.19069607555866241,0.1843024045228958,https://wandb.ai/ememchijioke-university-of-klagenfurt/marl-uav-mission-no-formation/runs/qgyhqyu7
2026-05-16T17:06:57.432444,1241,3,16914.94082739051,1,3,0,2.0,0.15154059727986655,0.15633228421211243,0.12187556177377701,0.267069011926651,0.008175248435388008,0,0.6050447821617126,0,LAND_B,LAND_B,LAND_B,2.1236484050750732,2.1168954372406006,2.124309778213501,0.19505612552165985,0.1906595081090927,0.184140145778656,https://wandb.ai/ememchijioke-university-of-klagenfurt/marl-uav-mission-no-formation/runs/qgyhqyu7
2026-05-16T17:07:11.322562,1242,3,17122.887400087053,1,3,0,2.0,0.14794115722179413,0.15808920562267303,0.11762809256712596,0.26850250363349915,0.013859168393537402,0,0.6050660014152527,0,LAND_B,LAND_B,LAND_B,2.125546932220459,2.1203677654266357,2.105733633041382,0.19507786631584167,0.1904905140399933,0.18355697393417358,https://wandb.ai/ememchijioke-university-of-klagenfurt/marl-uav-mission-no-formation/runs/qgyhqyu7
2026-05-16T17:07:24.293389,1243,3,17057.399770242097,1,3,0,2.0,0.1483150521914164,0.15599004924297333,0.11785003294547398,0.26637812455495197,0.023055438573161762,0,0.5969458818435669,0,LAND_B,LAND_B,LAND_B,2.1226494312286377,2.119795560836792,2.1103577613830566,0.19558759033679962,0.1906070113182068,0.18394042551517487,https://wandb.ai/ememchijioke-university-of-klagenfurt/marl-uav-mission-no-formation/runs/qgyhqyu7
2026-05-16T17:07:36.970576,1244,3,17033.68133246154,1,3,0,2.0,0.14908452332019806,0.1583237648010254,0.11891689399878184,0.2679695387681325,0.017075146703670423,0,0.600786566734314,0,LAND_B,LAND_B,LAND_B,2.12650203704834,2.121110439300537,2.1084842681884766,0.19492250680923462,0.19059158861637115,0.18421317636966705,https://wandb.ai/ememchijioke-university-of-klagenfurt/marl-uav-mission-no-formation/runs/qgyhqyu7
2026-05-16T17:07:50.123066,1245,3,16948.859537127475,1,3,0,2.0,0.15086330970128378,0.15530504286289215,0.12081146736939748,0.2699127991994222,0.02007343154400587,0,0.602419912815094,0,LAND_B,LAND_B,LAND_B,2.1223154067993164,2.1193063259124756,2.120227575302124,0.1952739655971527,0.19120141863822937,0.1844273954629898,https://wandb.ai/ememchijioke-university-of-klagenfurt/marl-uav-mission-no-formation/runs/qgyhqyu7
2026-05-16T17:08:02.318894,1246,3,17076.834189836132,1,3,0,2.0,0.14856010178724924,0.1596388816833496,0.11800699681043625,0.2688521146774292,0.021002127788960934,0,0.6068044900894165,0,LAND_B,LAND_B,LAND_B,2.1273956298828125,2.1156911849975586,2.11019229888916,0.1953703910112381,0.19084495306015015,0.18448399007320404,https://wandb.ai/ememchijioke-university-of-klagenfurt/marl-uav-mission-no-formation/runs/qgyhqyu7
2026-05-16T17:08:15.883977,1247,3,17067.932834256455,1,3,0,2.0,0.147681658466657,0.15605318546295166,0.11678828299045563,0.26605971654256183,0.009522974491119385,0,0.5934795141220093,0,LAND_B,LAND_B,LAND_B,2.123598575592041,2.1162357330322266,2.110311269760132,0.19513532519340515,0.19053936004638672,0.18549351394176483,https://wandb.ai/ememchijioke-university-of-klagenfurt/marl-uav-mission-no-formation/runs/qgyhqyu7
2026-05-16T17:08:29.989052,1248,3,17199.859486627385,1,3,0,2.0,0.14840638637542725,0.1529691368341446,0.11816322555144627,0.2676198681195577,0.009799427818506956,0,0.6006184816360474,0,LAND_B,LAND_B,LAND_B,2.1201224327087402,2.121504306793213,2.1128060817718506,0.19464080035686493,0.19004769623279572,0.1846155971288681,https://wandb.ai/ememchijioke-university-of-klagenfurt/marl-uav-mission-no-formation/runs/qgyhqyu7
2026-05-16T17:08:43.209105,1249,3,17077.312517068247,1,3,0,2.0,0.14755664269129434,0.1507985144853592,0.11728862424691518,0.26893871029218036,0.008532033573525647,0,0.5946661829948425,0,LAND_B,LAND_B,LAND_B,2.117420196533203,2.1180152893066406,2.1161301136016846,0.19460918009281158,0.18948018550872803,0.18435616791248322,https://wandb.ai/ememchijioke-university-of-klagenfurt/marl-uav-mission-no-formation/runs/qgyhqyu7
2026-05-16T17:08:56.991341,1250,3,17123.855854807916,1,3,0,2.0,0.14466658731301626,0.15031982958316803,0.11350142955780029,0.27165786425272626,0.017077744317551453,0,0.6056853532791138,0,LAND_B,LAND_B,LAND_B,2.1163432598114014,2.112318992614746,2.1113271713256836,0.19472342729568481,0.19044248759746552,0.18383558094501495,https://wandb.ai/ememchijioke-university-of-klagenfurt/marl-uav-mission-no-formation/runs/qgyhqyu7
2026-05-16T17:09:11.745166,1251,3,17181.638884365202,1,3,0,2.0,0.1470960279305776,0.1499210149049759,0.11624597012996674,0.2666303714116414,0.009879836036513249,0,0.5886518955230713,0,LAND_B,LAND_B,LAND_B,2.1161375045776367,2.1136691570281982,2.118436098098755,0.19468428194522858,0.1906166523694992,0.18483179807662964,https://wandb.ai/ememchijioke-university-of-klagenfurt/marl-uav-mission-no-formation/runs/qgyhqyu7
2026-05-16T17:09:25.013736,1252,3,17130.184588311353,1,3,0,2.0,0.14503649870554605,0.1480693519115448,0.1137042020757993,0.2697638273239136,0.014890926579634348,0,0.6089149117469788,0,LAND_B,LAND_B,LAND_B,2.112983465194702,2.1156833171844482,2.1111831665039062,0.19492608308792114,0.19030167162418365,0.18475095927715302,https://wandb.ai/ememchijioke-university-of-klagenfurt/marl-uav-mission-no-formation/runs/qgyhqyu7
2026-05-16T17:09:39.460990,1253,3,17001.441998184007,1,3,0,2.0,0.14546635746955872,0.1469833254814148,0.11388178666432698,0.2675236364205678,0.012672984739765525,0,0.5992614030838013,0,LAND_B,LAND_B,LAND_B,2.1115214824676514,2.1134090423583984,2.1156675815582275,0.19535095989704132,0.1908530443906784,0.1849982589483261,https://wandb.ai/ememchijioke-university-of-klagenfurt/marl-uav-mission-no-formation/runs/qgyhqyu7
2026-05-16T17:09:53.062004,1254,3,16937.02287344971,1,3,0,2.0,0.15029271940390268,0.1509849727153778,0.12016805758078893,0.2684556742509206,0.01615963162233432,0,0.6079976558685303,0,LAND_B,LAND_B,LAND_B,2.1154251098632812,2.120629072189331,2.1238019466400146,0.1951497495174408,0.1908024698495865,0.18431216478347778,https://wandb.ai/ememchijioke-university-of-klagenfurt/marl-uav-mission-no-formation/runs/qgyhqyu7
2026-05-16T17:10:06.381460,1255,3,17191.25193926194,1,3,0,2.0,0.1472965975602468,0.1520279347896576,0.11653415858745575,0.2669699788093567,0.010320924532910189,0,0.6054911613464355,0,LAND_B,LAND_B,LAND_B,2.1173954010009766,2.1171817779541016,2.1135611534118652,0.195222407579422,0.19052913784980774,0.18442562222480774,https://wandb.ai/ememchijioke-university-of-klagenfurt/marl-uav-mission-no-formation/runs/qgyhqyu7
2026-05-16T17:10:20.115762,1256,3,16986.491226015125,1,3,0,2.0,0.14730297029018402,0.1522282063961029,0.11646346002817154,0.2654271721839905,0.012443984004979333,0,0.6093025803565979,0,LAND_B,LAND_B,LAND_B,2.1186258792877197,2.112856149673462,2.1171376705169678,0.19476088881492615,0.19055575132369995,0.18508130311965942,https://wandb.ai/ememchijioke-university-of-klagenfurt/marl-uav-mission-no-formation/runs/qgyhqyu7
2026-05-16T17:10:33.270983,1257,3,17350.837730697513,1,3,0,2.0,0.14615999658902487,0.15045598149299622,0.11502929031848907,0.2721400856971741,0.010227092852195105,0,0.6038795709609985,0,LAND_B,LAND_B,LAND_B,2.1131279468536377,2.120051145553589,2.111392021179199,0.1947382539510727,0.19068647921085358,0.18491899967193604,https://wandb.ai/ememchijioke-university-of-klagenfurt/marl-uav-mission-no-formation/runs/qgyhqyu7
2026-05-16T17:10:46.465486,1258,3,17097.12951255186,1,3,0,2.0,0.14735633631547293,0.15592630207538605,0.11638795584440231,0.2706802586714427,0.011910592826704184,0,0.6010552644729614,0,LAND_B,LAND_B,LAND_B,2.123309373855591,2.112333059310913,2.1130456924438477,0.19513900578022003,0.1907155066728592,0.18520617485046387,https://wandb.ai/ememchijioke-university-of-klagenfurt/marl-uav-mission-no-formation/runs/qgyhqyu7
2026-05-16T17:10:59.330512,1259,3,17149.69801349247,1,3,0,2.0,0.1446744203567505,0.14745549857616425,0.11271026978890102,0.26468343536059064,0.011460184740523497,0,0.6029106378555298,0,LAND_B,LAND_B,LAND_B,2.112194299697876,2.1159191131591797,2.109426736831665,0.19555971026420593,0.19094690680503845,0.18546651303768158,https://wandb.ai/ememchijioke-university-of-klagenfurt/marl-uav-mission-no-formation/runs/qgyhqyu7
2026-05-16T17:11:12.140843,1260,3,16923.514007525242,1,3,0,2.0,0.148685485124588,0.1532040387392044,0.11808587610721588,0.2657532791296641,0.016763678441445034,0,0.600379228591919,0,LAND_B,LAND_B,LAND_B,2.119894027709961,2.110344886779785,2.1230905055999756,0.1948632001876831,0.19084914028644562,0.18485727906227112,https://wandb.ai/ememchijioke-university-of-klagenfurt/marl-uav-mission-no-formation/runs/qgyhqyu7
2026-05-16T17:11:25.116707,1261,3,17304.31237581058,1,3,0,2.0,0.15009572605292001,0.15607595443725586,0.11994136621554692,0.2675698598225911,0.013338655543824037,0,0.60221266746521,0,LAND_B,LAND_B,LAND_B,2.122598648071289,2.115110158920288,2.1208789348602295,0.19549746811389923,0.1899195909500122,0.18510405719280243,https://wandb.ai/ememchijioke-university-of-klagenfurt/marl-uav-mission-no-formation/runs/qgyhqyu7
2026-05-16T17:11:38.078201,1262,3,17097.654065089187,1,3,0,2.0,0.1482166846593221,0.15447849035263062,0.1175308773914973,0.26929210623105365,0.01769765994201104,0,0.601102352142334,0,LAND_B,LAND_B,LAND_B,2.121799945831299,2.1171820163726807,2.113494396209717,0.19492962956428528,0.19064950942993164,0.18531078100204468,https://wandb.ai/ememchijioke-university-of-klagenfurt/marl-uav-mission-no-formation/runs/qgyhqyu7
2026-05-16T17:11:51.480876,1263,3,17088.464262647773,1,3,0,2.0,0.14541341364383698,0.14765197038650513,0.11379971355199814,0.26884981989860535,0.012703717841456333,0,0.5986892580986023,0,LAND_B,LAND_B,LAND_B,2.1130545139312744,2.116204023361206,2.111806631088257,0.1945677250623703,0.19084203243255615,0.18605086207389832,https://wandb.ai/ememchijioke-university-of-klagenfurt/marl-uav-mission-no-formation/runs/qgyhqyu7
2026-05-16T17:12:04.479829,1264,3,17240.508293751227,1,3,0,2.0,0.14428065220514932,0.14999747276306152,0.11208785821994145,0.2671891450881958,0.00853655580431223,0,0.6001680493354797,0,LAND_B,LAND_B,LAND_B,2.1154351234436035,2.10866117477417,2.1112122535705566,0.1955135017633438,0.19091083109378815,0.18601356446743011,https://wandb.ai/ememchijioke-university-of-klagenfurt/marl-uav-mission-no-formation/runs/qgyhqyu7
2026-05-16T17:12:16.987047,1265,3,16937.653069261178,1,3,0,2.0,0.14911041657129923,0.15536755323410034,0.11838440597057343,0.26469706495602924,0.023377046609918278,0,0.5965576767921448,0,LAND_B,LAND_B,LAND_B,2.122076988220215,2.1145129203796387,2.117987871170044,0.1954088807106018,0.1914009004831314,0.18500839173793793,https://wandb.ai/ememchijioke-university-of-klagenfurt/marl-uav-mission-no-formation/runs/qgyhqyu7
2026-05-16T17:12:30.820232,1266,3,17242.740466694464,1,3,0,2.0,0.1482615272204081,0.15594425797462463,0.11735512316226959,0.26906976103782654,0.018847364621857803,0,0.5996612906455994,0,LAND_B,LAND_B,LAND_B,2.1230390071868896,2.114022970199585,2.1146512031555176,0.1955045610666275,0.19148394465446472,0.1847328096628189,https://wandb.ai/ememchijioke-university-of-klagenfurt/marl-uav-mission-no-formation/runs/qgyhqyu7
2026-05-16T17:12:43.679905,1267,3,16931.422198402182,1,3,0,2.0,0.1487892121076584,0.1531410962343216,0.11813083042701085,0.266590694586436,0.012563794540862242,0,0.5978947877883911,0,LAND_B,LAND_B,LAND_B,2.119455337524414,2.1109824180603027,2.1236960887908936,0.19576604664325714,0.19039778411388397,0.18470782041549683,https://wandb.ai/ememchijioke-university-of-klagenfurt/marl-uav-mission-no-formation/runs/qgyhqyu7
2026-05-16T17:12:57.273185,1268,3,17082.543477104326,1,3,0,2.0,0.1507656673590342,0.15292203426361084,0.12031450122594833,0.2687234779198964,0.017175268071393173,0,0.603971540927887,0,LAND_B,LAND_B,LAND_B,2.117140054702759,2.122194766998291,2.1212422847747803,0.19551904499530792,0.19184890389442444,0.18487370014190674,https://wandb.ai/ememchijioke-university-of-klagenfurt/marl-uav-mission-no-formation/runs/qgyhqyu7
2026-05-16T17:13:10.202777,1269,3,17213.757487638075,1,3,0,2.0,0.14627625544865927,0.15158233046531677,0.11505694687366486,0.26758865515391034,0.012385169044137001,0,0.5955527424812317,0,LAND_B,LAND_B,LAND_B,2.117978572845459,2.1188066005706787,2.1081666946411133,0.19500744342803955,0.19120027124881744,0.18473614752292633,https://wandb.ai/ememchijioke-university-of-klagenfurt/marl-uav-mission-no-formation/runs/qgyhqyu7
2026-05-16T17:13:23.216710,1270,3,17217.616997362144,1,3,0,2.0,0.1440886159737905,0.15156172215938568,0.11149248480796814,0.26461076736450195,0.020164727543791134,0,0.6031764149665833,0,LAND_B,LAND_B,LAND_B,2.1167960166931152,2.1110737323760986,2.105386257171631,0.19606144726276398,0.19184046983718872,0.18591615557670593,https://wandb.ai/ememchijioke-university-of-klagenfurt/marl-uav-mission-no-formation/runs/qgyhqyu7
2026-05-16T17:13:35.118566,1271,3,16871.86048794622,1,3,0,2.0,0.15047658483187357,0.15585145354270935,0.11953531205654144,0.2666400372982025,0.010765903474142155,0,0.6008704304695129,0,LAND_B,LAND_B,LAND_B,2.1220145225524902,2.1163556575775146,2.1195082664489746,0.19618527591228485,0.1918041706085205,0.1860724687576294,https://wandb.ai/ememchijioke-university-of-klagenfurt/marl-uav-mission-no-formation/runs/qgyhqyu7
2026-05-16T17:13:47.369577,1272,3,16962.68368323533,1,3,0,2.0,0.15033369759718576,0.15814116597175598,0.11954139918088913,0.2715499798456828,0.020711500197649002,0,0.5993192195892334,0,LAND_B,LAND_B,LAND_B,2.1254398822784424,2.11598801612854,2.116872787475586,0.19595718383789062,0.19160126149654388,0.1858469545841217,https://wandb.ai/ememchijioke-university-of-klagenfurt/marl-uav-mission-no-formation/runs/qgyhqyu7
2026-05-16T17:14:01.155820,1273,3,17115.029703435845,1,3,0,2.0,0.1500421017408371,0.1529301255941391,0.11902843415737152,0.2669229408105214,0.011884451378136873,0,0.6008568406105042,0,LAND_B,LAND_B,LAND_B,2.1150166988372803,2.1223361492156982,2.119398593902588,0.19620825350284576,0.19164662063121796,0.1858450174331665,https://wandb.ai/ememchijioke-university-of-klagenfurt/marl-uav-mission-no-formation/runs/qgyhqyu7
2026-05-16T17:14:13.787440,1274,3,16820.331992783416,1,3,0,2.0,0.1515131046374639,0.15341083705425262,0.12055640419324239,0.26647846897443134,0.005552896298468113,0,0.6092357635498047,0,LAND_B,LAND_B,LAND_B,2.118074893951416,2.119784116744995,2.1223411560058594,0.19656431674957275,0.19261285662651062,0.18583130836486816,https://wandb.ai/ememchijioke-university-of-klagenfurt/marl-uav-mission-no-formation/runs/qgyhqyu7
2026-05-16T17:14:25.868382,1275,3,17053.61147148472,1,3,0,2.0,0.14741364618142447,0.16037246584892273,0.11551772803068161,0.26862460374832153,0.01263447276627024,0,0.6028755307197571,0,LAND_B,LAND_B,LAND_B,2.1272354125976562,2.1081178188323975,2.1100101470947266,0.19658194482326508,0.19217045605182648,0.18575474619865417,https://wandb.ai/ememchijioke-university-of-klagenfurt/marl-uav-mission-no-formation/runs/qgyhqyu7
2026-05-16T17:14:37.923855,1276,3,16911.549616477743,1,3,0,2.0,0.14929169416427612,0.1542268991470337,0.11768223841985066,0.26524845759073895,0.02010473484794299,0,0.5996297001838684,0,LAND_B,LAND_B,LAND_B,2.1197831630706787,2.1227474212646484,2.110503673553467,0.19713589549064636,0.19269448518753052,0.18568387627601624,https://wandb.ai/ememchijioke-university-of-klagenfurt/marl-uav-mission-no-formation/runs/qgyhqyu7
2026-05-16T17:14:51.216899,1277,3,17000.81855011077,1,3,0,2.0,0.1504577249288559,0.15526850521564484,0.1191449835896492,0.26817697286605835,0.012566078919917345,0,0.5976913571357727,0,LAND_B,LAND_B,LAND_B,2.1216509342193604,2.1169888973236084,2.118666410446167,0.19634108245372772,0.19241265952587128,0.18677274882793427,https://wandb.ai/ememchijioke-university-of-klagenfurt/marl-uav-mission-no-formation/runs/qgyhqyu7
2026-05-16T17:15:04.221868,1278,3,16981.39438304823,1,3,0,2.0,0.1485136349995931,0.1490730196237564,0.1165968303879102,0.2653929789861043,0.013819930919756493,0,0.5969587564468384,0,LAND_B,LAND_B,LAND_B,2.1119353771209717,2.1172635555267334,2.1196300983428955,0.19706395268440247,0.19204260408878326,0.18641974031925201,https://wandb.ai/ememchijioke-university-of-klagenfurt/marl-uav-mission-no-formation/runs/qgyhqyu7
2026-05-16T17:15:17.198374,1279,3,17071.366678281134,1,3,0,2.0,0.14531582097212473,0.15050967037677765,0.11276861776908238,0.2680262625217438,0.0135874655097723,0,0.5950475335121155,0,LAND_B,LAND_B,LAND_B,2.115260601043701,2.1120293140411377,2.1105380058288574,0.1963018774986267,0.19223280251026154,0.18635638058185577,https://wandb.ai/ememchijioke-university-of-klagenfurt/marl-uav-mission-no-formation/runs/qgyhqyu7
2026-05-16T17:15:29.616921,1280,3,17325.31795984297,1,3,0,2.0,0.14809249838193259,0.15325354039669037,0.11610457052787145,0.2677213450272878,0.014059255520502726,0,0.602294385433197,0,LAND_B,LAND_B,LAND_B,2.1184957027435303,2.121385097503662,2.1078531742095947,0.19685831665992737,0.1924130618572235,0.18644389510154724,https://wandb.ai/ememchijioke-university-of-klagenfurt/marl-uav-mission-no-formation/runs/qgyhqyu7
2026-05-16T17:15:42.522494,1281,3,17197.1233980984,1,3,0,2.0,0.14825624227523804,0.1506207436323166,0.11625866840283076,0.266960084438324,0.012767959696551165,0,0.6024206876754761,0,LAND_B,LAND_B,LAND_B,2.1149373054504395,2.117361068725586,2.1161108016967773,0.19692720472812653,0.19254161417484283,0.1863151639699936,https://wandb.ai/ememchijioke-university-of-klagenfurt/marl-uav-mission-no-formation/runs/qgyhqyu7
2026-05-16T17:15:54.791820,1282,3,16953.779498502536,1,3,0,2.0,0.14424883822600046,0.14892394840717316,0.11161994685729344,0.26852091153462726,0.017132651681701343,0,0.5961467623710632,0,LAND_B,LAND_B,LAND_B,2.113004207611084,2.114436149597168,2.107255458831787,0.1969689279794693,0.19151131808757782,0.18553636968135834,https://wandb.ai/ememchijioke-university-of-klagenfurt/marl-uav-mission-no-formation/runs/qgyhqyu7
2026-05-16T17:16:07.991439,1283,3,17091.05096363182,1,3,0,2.0,0.14677719275156656,0.15144294500350952,0.11450569828351338,0.2676632801691691,0.01747090307374795,0,0.6075044870376587,0,LAND_B,LAND_B,LAND_B,2.11505389213562,2.1196558475494385,2.1075730323791504,0.1965755671262741,0.19257093966007233,0.18624910712242126,https://wandb.ai/ememchijioke-university-of-klagenfurt/marl-uav-mission-no-formation/runs/qgyhqyu7
2026-05-16T17:16:20.409767,1284,3,17113.836867074162,1,3,0,2.0,0.14691525201002756,0.14831197261810303,0.11456798017024994,0.26957763234774273,0.01342619334657987,0,0.5943393707275391,0,LAND_B,LAND_B,LAND_B,2.1122920513153076,2.113476276397705,2.1173558235168457,0.1968686729669571,0.19290001690387726,0.18572701513767242,https://wandb.ai/ememchijioke-university-of-klagenfurt/marl-uav-mission-no-formation/runs/qgyhqyu7
2026-05-16T17:16:32.678822,1285,3,17164.70373747825,1,3,0,2.0,0.1481641779343287,0.15190497040748596,0.11594411979118983,0.26722612977027893,0.015124805426845947,0,0.5957726240158081,0,LAND_B,LAND_B,LAND_B,2.1155734062194824,2.120103597640991,2.1117379665374756,0.197235569357872,0.19277001917362213,0.18659736216068268,https://wandb.ai/ememchijioke-university-of-klagenfurt/marl-uav-mission-no-formation/runs/qgyhqyu7
2026-05-16T17:16:45.015243,1286,3,16902.207455953347,1,3,0,2.0,0.1507007877031962,0.15587221086025238,0.11902681241432826,0.26845019062360126,0.023164669362207253,0,0.5950689911842346,0,LAND_B,LAND_B,LAND_B,2.1212899684906006,2.116741895675659,2.1181483268737793,0.1968570351600647,0.19344158470630646,0.18686841428279877,https://wandb.ai/ememchijioke-university-of-klagenfurt/marl-uav-mission-no-formation/runs/qgyhqyu7
2026-05-16T17:16:58.098071,1287,3,17210.454647661805,1,3,0,2.0,0.14449810485045114,0.1479281485080719,0.11160914599895477,0.2678075929482778,0.01282499668498834,0,0.6057842969894409,0,LAND_B,LAND_B,LAND_B,2.111345052719116,2.1118874549865723,2.1110270023345947,0.19692273437976837,0.19223012030124664,0.18600058555603027,https://wandb.ai/ememchijioke-university-of-klagenfurt/marl-uav-mission-no-formation/runs/qgyhqyu7
2026-05-16T17:17:10.967866,1288,3,16995.694257457224,1,3,0,2.0,0.14749853809674582,0.15528444945812225,0.11530583848555882,0.26656238238016766,0.016737801488488913,0,0.5940583348274231,0,LAND_B,LAND_B,LAND_B,2.1210341453552246,2.110076427459717,2.114433526992798,0.1969202607870102,0.19289398193359375,0.18594002723693848,https://wandb.ai/ememchijioke-university-of-klagenfurt/marl-uav-mission-no-formation/runs/qgyhqyu7
2026-05-16T17:17:24.024667,1289,3,16873.055141510853,1,3,0,2.0,0.14857460061709085,0.15894277393817902,0.11668876806894939,0.2671779493490855,0.019997517267862957,0,0.5943479537963867,0,LAND_B,LAND_B,LAND_B,2.124624729156494,2.1081478595733643,2.116542339324951,0.19789083302021027,0.19214856624603271,0.18556523323059082,https://wandb.ai/ememchijioke-university-of-klagenfurt/marl-uav-mission-no-formation/runs/qgyhqyu7
2026-05-16T17:17:36.409855,1290,3,16880.391213285522,1,3,0,2.0,0.15182988345623016,0.15925323963165283,0.1205982615550359,0.2654072046279907,0.01639286382123828,0,0.5985565185546875,0,LAND_B,LAND_B,LAND_B,2.1258046627044678,2.1139798164367676,2.121812582015991,0.1975826770067215,0.19265960156917572,0.18619704246520996,https://wandb.ai/ememchijioke-university-of-klagenfurt/marl-uav-mission-no-formation/runs/qgyhqyu7
2026-05-16T17:17:50.293076,1291,3,17217.891295694062,1,3,0,2.0,0.1500232070684433,0.1587609052658081,0.1183963418006897,0.2680334647496541,0.020971225574612617,0,0.6059228777885437,0,LAND_B,LAND_B,LAND_B,2.125258207321167,2.1174721717834473,2.111762762069702,0.19750624895095825,0.19282083213329315,0.1860724687576294,https://wandb.ai/ememchijioke-university-of-klagenfurt/marl-uav-mission-no-formation/runs/qgyhqyu7
2026-05-16T17:18:03.446672,1292,3,17018.950460464544,1,3,0,2.0,0.14812826613585153,0.1522381752729416,0.11577067027489345,0.26916593313217163,0.017895798198878765,0,0.5971207022666931,0,LAND_B,LAND_B,LAND_B,2.11686372756958,2.1122865676879883,2.1178228855133057,0.19746077060699463,0.19326163828372955,0.1861993670463562,https://wandb.ai/ememchijioke-university-of-klagenfurt/marl-uav-mission-no-formation/runs/qgyhqyu7
2026-05-16T17:18:16.616102,1293,3,17141.354602270578,1,3,0,2.0,0.14941337704658508,0.1553514450788498,0.11769786725441615,0.2673993209997813,0.020539213592807453,0,0.6044366359710693,0,LAND_B,LAND_B,LAND_B,2.120537281036377,2.116645097732544,2.1152050495147705,0.1974441111087799,0.19292181730270386,0.18565160036087036,https://wandb.ai/ememchijioke-university-of-klagenfurt/marl-uav-mission-no-formation/runs/qgyhqyu7
2026-05-16T17:18:30.106813,1294,3,17053.28227384219,1,3,0,2.0,0.1463100661834081,0.1526464968919754,0.11363054563601811,0.26686065395673114,0.016071162807444733,0,0.602633535861969,0,LAND_B,LAND_B,LAND_B,2.1179111003875732,2.1123414039611816,2.1101956367492676,0.19681763648986816,0.19313037395477295,0.1865023672580719,https://wandb.ai/ememchijioke-university-of-klagenfurt/marl-uav-mission-no-formation/runs/qgyhqyu7
2026-05-16T17:18:43.617059,1295,3,17355.644033956964,1,3,0,2.0,0.14655493199825287,0.15141713619232178,0.11419495195150375,0.2663855453332265,0.02143320037672917,0,0.5922864079475403,0,LAND_B,LAND_B,LAND_B,2.1161091327667236,2.1146132946014404,2.1114964485168457,0.1969517320394516,0.19250334799289703,0.1860322803258896,https://wandb.ai/ememchijioke-university-of-klagenfurt/marl-uav-mission-no-formation/runs/qgyhqyu7
2026-05-16T17:18:55.213399,1296,3,17142.2652250686,1,3,0,2.0,0.14995546638965607,0.161112442612648,0.11870215088129044,0.26820377508799237,0.021471473388373852,0,0.6073271036148071,0,LAND_B,LAND_B,LAND_B,2.128237724304199,2.1203439235687256,2.1059935092926025,0.19589193165302277,0.1925189346075058,0.1863631159067154,https://wandb.ai/ememchijioke-university-of-klagenfurt/marl-uav-mission-no-formation/runs/qgyhqyu7
2026-05-16T17:19:07.120172,1297,3,17162.174774801864,1,3,0,2.0,0.14960111180941263,0.15799164772033691,0.11819576968749364,0.26812926928202313,0.008786675559046367,0,0.6021690964698792,0,LAND_B,LAND_B,LAND_B,2.1241660118103027,2.123162269592285,2.1063992977142334,0.1966131329536438,0.1925775110721588,0.1858607828617096,https://wandb.ai/ememchijioke-university-of-klagenfurt/marl-uav-mission-no-formation/runs/qgyhqyu7
2026-05-16T17:19:20.306440,1298,3,16860.770695340496,1,3,0,2.0,0.14920384685198465,0.15069623291492462,0.11767306675513585,0.2669106622536977,0.01187549578025937,0,0.6030292510986328,0,LAND_B,LAND_B,LAND_B,2.114506721496582,2.1177141666412354,2.1196017265319824,0.19668075442314148,0.19222526252269745,0.1859637200832367,https://wandb.ai/ememchijioke-university-of-klagenfurt/marl-uav-mission-no-formation/runs/qgyhqyu7
2026-05-16T17:19:32.965562,1299,3,17043.74694278137,1,3,0,2.0,0.1472018857796987,0.15366137027740479,0.11523915082216263,0.2655378381411235,0.0139928477195402,0,0.5991788506507874,0,LAND_B,LAND_B,LAND_B,2.1188247203826904,2.1182613372802734,2.1079955101013184,0.19707415997982025,0.19268648326396942,0.18497398495674133,https://wandb.ai/ememchijioke-university-of-klagenfurt/marl-uav-mission-no-formation/runs/qgyhqyu7
2026-05-16T17:19:46.814173,1300,3,16992.257400691138,1,3,0,2.0,0.15082024037837982,0.15772266685962677,0.11988880733648936,0.2648327747980754,0.013125871618588766,0,0.5944573879241943,0,LAND_B,LAND_B,LAND_B,2.124511241912842,2.125243663787842,2.1095941066741943,0.19678056240081787,0.19236214458942413,0.18531695008277893,https://wandb.ai/ememchijioke-university-of-klagenfurt/marl-uav-mission-no-formation/runs/qgyhqyu7
2026-05-16T17:20:00.639882,1301,3,16944.389858368835,1,3,0,2.0,0.14742555717627207,0.15245850384235382,0.11525879551966985,0.2678337097167969,0.008569616746778289,0,0.5887252688407898,0,LAND_B,LAND_B,LAND_B,2.117536783218384,2.113766670227051,2.1141738891601562,0.19708217680454254,0.19283266365528107,0.18570154905319214,https://wandb.ai/ememchijioke-university-of-klagenfurt/marl-uav-mission-no-formation/runs/qgyhqyu7
2026-05-16T17:20:14.166507,1302,3,17125.1368895685,1,3,0,2.0,0.1461623857418696,0.1530439406633377,0.11409884691238403,0.2669054667154948,0.022400035212437313,0,0.6002272963523865,0,LAND_B,LAND_B,LAND_B,2.118105888366699,2.112354040145874,2.110494375228882,0.19640402495861053,0.1925044059753418,0.1850738227367401,https://wandb.ai/ememchijioke-university-of-klagenfurt/marl-uav-mission-no-formation/runs/qgyhqyu7
2026-05-16T17:20:27.905118,1303,3,17053.97526603814,1,3,0,2.0,0.14690985778967539,0.15111272037029266,0.11480852216482162,0.26749683419863385,0.008522145062064132,0,0.606412947177887,0,LAND_B,LAND_B,LAND_B,2.1126868724823,2.119157552719116,2.111619710922241,0.1965750902891159,0.19268450140953064,0.18553489446640015,https://wandb.ai/ememchijioke-university-of-klagenfurt/marl-uav-mission-no-formation/runs/qgyhqyu7
2026-05-16T17:20:41.276689,1304,3,16920.435188673924,1,3,0,2.0,0.14792855580647787,0.14967505633831024,0.11601371814807256,0.2661469479401906,0.010721016597623626,0,0.5990016460418701,0,LAND_B,LAND_B,LAND_B,2.112874746322632,2.1117000579833984,2.1225249767303467,0.19653353095054626,0.1922568678855896,0.18596023321151733,https://wandb.ai/ememchijioke-university-of-klagenfurt/marl-uav-mission-no-formation/runs/qgyhqyu7
2026-05-16T17:20:55.545158,1305,3,16933.436386750403,1,3,0,2.0,0.1475223402182261,0.15182055532932281,0.11584326873222987,0.26617516080538434,0.022791545217235882,0,0.5993014574050903,0,LAND_B,LAND_B,LAND_B,2.1172783374786377,2.1121468544006348,2.117612361907959,0.19625402987003326,0.1924062818288803,0.18505987524986267,https://wandb.ai/ememchijioke-university-of-klagenfurt/marl-uav-mission-no-formation/runs/qgyhqyu7
2026-05-16T17:21:07.825978,1306,3,17172.90974000183,1,3,0,2.0,0.1452306459347407,0.14751045405864716,0.11283024400472641,0.2684503098328908,0.01354965769375364,0,0.6057189106941223,0,LAND_B,LAND_B,LAND_B,2.111605644226074,2.1152212619781494,2.111311674118042,0.1962563544511795,0.1920948624610901,0.18578511476516724,https://wandb.ai/ememchijioke-university-of-klagenfurt/marl-uav-mission-no-formation/runs/qgyhqyu7
2026-05-16T17:21:21.238241,1307,3,17297.9028023787,1,3,0,2.0,0.14645487070083618,0.15623897314071655,0.1145618309577306,0.2656399706999461,0.015800578364481527,0,0.6116285920143127,0,LAND_B,LAND_B,LAND_B,2.122077465057373,2.1093859672546387,2.1108620166778564,0.19641146063804626,0.19231055676937103,0.18484680354595184,https://wandb.ai/ememchijioke-university-of-klagenfurt/marl-uav-mission-no-formation/runs/qgyhqyu7
2026-05-16T17:21:34.424451,1308,3,16971.60710450416,1,3,0,2.0,0.1500019977490107,0.15100133419036865,0.11887999624013901,0.2670600712299347,0.017445760158201058,0,0.5933218002319336,0,LAND_B,LAND_B,LAND_B,2.115386724472046,2.1162948608398438,2.124074697494507,0.19616802036762238,0.1917916238307953,0.18598894774913788,https://wandb.ai/ememchijioke-university-of-klagenfurt/marl-uav-mission-no-formation/runs/qgyhqyu7
2026-05-16T17:21:46.978625,1309,3,17164.758731011047,1,3,0,2.0,0.148037518064181,0.15653231739997864,0.1167462021112442,0.2694638470808665,0.018752483651041985,0,0.5982087254524231,0,LAND_B,LAND_B,LAND_B,2.1236655712127686,2.111804723739624,2.1145498752593994,0.19596406817436218,0.19180916249752045,0.18515890836715698,https://wandb.ai/ememchijioke-university-of-klagenfurt/marl-uav-mission-no-formation/runs/qgyhqyu7
2026-05-16T17:21:59.555200,1310,3,17064.988436198022,1,3,0,2.0,0.1450579116741816,0.1501479297876358,0.11259332050879796,0.2663354774316152,0.008813309328009685,0,0.6031062602996826,0,LAND_B,LAND_B,LAND_B,2.115119695663452,2.113701343536377,2.1084179878234863,0.195948988199234,0.19233542680740356,0.18606069684028625,https://wandb.ai/ememchijioke-university-of-klagenfurt/marl-uav-mission-no-formation/runs/qgyhqyu7
2026-05-16T17:22:12.039247,1311,3,17121.592481323347,1,3,0,2.0,0.15034670134385428,0.15681374073028564,0.11919379731019338,0.267952303091685,0.01177089832102259,0,0.602873682975769,0,LAND_B,LAND_B,LAND_B,2.1220641136169434,2.1266822814941406,2.108639717102051,0.19670350849628448,0.19237779080867767,0.18569739162921906,https://wandb.ai/ememchijioke-university-of-klagenfurt/marl-uav-mission-no-formation/runs/qgyhqyu7
2026-05-16T17:22:24.612295,1312,3,17105.692978176598,1,3,0,2.0,0.15155263245105743,0.1580217033624649,0.12092993905146916,0.26856789986292523,0.01643259357661009,0,0.5990774631500244,0,LAND_B,LAND_B,LAND_B,2.1250035762786865,2.1222848892211914,2.115006446838379,0.19642949104309082,0.19253963232040405,0.18504522740840912,https://wandb.ai/ememchijioke-university-of-klagenfurt/marl-uav-mission-no-formation/runs/qgyhqyu7
2026-05-16T17:22:36.795797,1313,3,16930.035863937894,1,3,0,2.0,0.15350724260012308,0.15753215551376343,0.12331584344307582,0.2681349317232768,0.013183148267368475,0,0.6009050011634827,0,LAND_B,LAND_B,LAND_B,2.1241772174835205,2.1199193000793457,2.125394582748413,0.19667349755764008,0.1918405443429947,0.185444638133049,https://wandb.ai/ememchijioke-university-of-klagenfurt/marl-uav-mission-no-formation/runs/qgyhqyu7
2026-05-16T17:22:49.758129,1314,3,17021.34620075886,1,3,0,2.0,0.15186255673567453,0.15775085985660553,0.12120833496252696,0.26468998193740845,0.024436643347144127,0,0.5967793464660645,0,LAND_B,LAND_B,LAND_B,2.1244378089904785,2.1237363815307617,2.115064859390259,0.1964908093214035,0.19228975474834442,0.18566817045211792,https://wandb.ai/ememchijioke-university-of-klagenfurt/marl-uav-mission-no-formation/runs/qgyhqyu7
2026-05-16T17:23:02.412921,1315,3,16808.47290106741,1,3,0,2.0,0.15080581108729044,0.15427707135677338,0.11996553341547649,0.26690196990966797,0.01369051254975299,0,0.604599118232727,0,LAND_B,LAND_B,LAND_B,2.1202564239501953,2.115124225616455,2.1237173080444336,0.19587697088718414,0.19207051396369934,0.1858290582895279,https://wandb.ai/ememchijioke-university-of-klagenfurt/marl-uav-mission-no-formation/runs/qgyhqyu7
2026-05-16T17:23:15.740755,1316,3,16967.625853335983,1,3,0,2.0,0.15305412312348685,0.16175806522369385,0.12280616660912831,0.26595887541770935,0.024602816440165043,0,0.5950630307197571,0,LAND_B,LAND_B,LAND_B,2.1303815841674805,2.1199185848236084,2.1178226470947266,0.1957276165485382,0.19246114790439606,0.18579939007759094,https://wandb.ai/ememchijioke-university-of-klagenfurt/marl-uav-mission-no-formation/runs/qgyhqyu7
2026-05-16T17:23:28.909982,1317,3,17131.988091631352,1,3,0,2.0,0.1483165224393209,0.15344415605068207,0.11737838387489319,0.27040404081344604,0.015560827838877836,0,0.600670337677002,0,LAND_B,LAND_B,LAND_B,2.120347499847412,2.121163845062256,2.110560417175293,0.19512104988098145,0.19216404855251312,0.1846855729818344,https://wandb.ai/ememchijioke-university-of-klagenfurt/marl-uav-mission-no-formation/runs/qgyhqyu7
2026-05-16T17:23:42.095130,1318,3,17009.266671817444,1,3,0,2.0,0.14921910067399344,0.1575988233089447,0.11810678988695145,0.26817549268404645,0.015401560735578338,0,0.6021110415458679,0,LAND_B,LAND_B,LAND_B,2.1250038146972656,2.1106767654418945,2.1185219287872314,0.1958349645137787,0.19245362281799316,0.18498003482818604,https://wandb.ai/ememchijioke-university-of-klagenfurt/marl-uav-mission-no-formation/runs/qgyhqyu7
2026-05-16T17:23:55.148605,1319,3,16912.025282162605,1,3,0,2.0,0.14974428216616312,0.15870872139930725,0.11851748327414195,0.269866019487381,0.018634320857624214,0,0.5992907285690308,0,LAND_B,LAND_B,LAND_B,2.1264493465423584,2.111783266067505,2.11682391166687,0.19569987058639526,0.19295291602611542,0.18568643927574158,https://wandb.ai/ememchijioke-university-of-klagenfurt/marl-uav-mission-no-formation/runs/qgyhqyu7
2026-05-16T17:24:08.931618,1320,3,17087.214394740702,1,3,0,2.0,0.14722461501757303,0.1529177874326706,0.11559733996788661,0.27075138688087463,0.008849326171912253,0,0.5968254208564758,0,LAND_B,LAND_B,LAND_B,2.118819236755371,2.115203857421875,2.112612247467041,0.19609400629997253,0.19271738827228546,0.1846136599779129,https://wandb.ai/ememchijioke-university-of-klagenfurt/marl-uav-mission-no-formation/runs/qgyhqyu7
2026-05-16T17:24:21.449036,1321,3,16876.034332230865,1,3,0,2.0,0.15202189981937408,0.15685948729515076,0.1214129701256752,0.27075467507044476,0.007121675492574771,0,0.6063317060470581,0,LAND_B,LAND_B,LAND_B,2.123958110809326,2.119539260864258,2.1198651790618896,0.19598901271820068,0.19306284189224243,0.18523643910884857,https://wandb.ai/ememchijioke-university-of-klagenfurt/marl-uav-mission-no-formation/runs/qgyhqyu7
2026-05-16T17:24:33.612500,1322,3,17090.9911739179,1,3,0,2.0,0.1460655778646469,0.15246224403381348,0.11355497439702351,0.2723730007807414,0.022651841553548973,0,0.5994768738746643,0,LAND_B,LAND_B,LAND_B,2.1176979541778564,2.113598108291626,2.109273910522461,0.19679756462574005,0.1923244148492813,0.18647274374961853,https://wandb.ai/ememchijioke-university-of-klagenfurt/marl-uav-mission-no-formation/runs/qgyhqyu7
2026-05-16T17:24:46.686362,1323,3,16829.660769356473,1,3,0,2.0,0.15234974026679993,0.15514126420021057,0.12126071999470393,0.26829562584559125,0.009095255440721909,0,0.60599285364151,0,LAND_B,LAND_B,LAND_B,2.1208174228668213,2.1151123046875,2.1272900104522705,0.19691382348537445,0.19319038093090057,0.18598365783691406,https://wandb.ai/ememchijioke-university-of-klagenfurt/marl-uav-mission-no-formation/runs/qgyhqyu7
2026-05-16T17:24:59.593358,1324,3,16917.943378113043,1,3,0,2.0,0.1496703972419103,0.1557324379682541,0.11812340716520946,0.2659654418627421,0.010573617648333311,0,0.6034485101699829,0,LAND_B,LAND_B,LAND_B,2.122152805328369,2.118645429611206,2.113351821899414,0.1964629739522934,0.19277921319007874,0.18648028373718262,https://wandb.ai/ememchijioke-university-of-klagenfurt/marl-uav-mission-no-formation/runs/qgyhqyu7
2026-05-16T17:25:12.423143,1325,3,16884.200939408853,1,3,0,2.0,0.14928215742111206,0.15253382921218872,0.1173321083188057,0.2677977979183197,0.017992285235474508,0,0.6121468544006348,0,LAND_B,LAND_B,LAND_B,2.117004871368408,2.117034912109375,2.1165990829467773,0.1969338059425354,0.19357848167419434,0.1861804872751236,https://wandb.ai/ememchijioke-university-of-klagenfurt/marl-uav-mission-no-formation/runs/qgyhqyu7
2026-05-16T17:25:25.706965,1326,3,17033.908533789385,1,3,0,2.0,0.15274488429228464,0.1590416133403778,0.12169479330380757,0.2674553493658702,0.01590495215107997,0,0.6047753691673279,0,LAND_B,LAND_B,LAND_B,2.1257522106170654,2.115253210067749,2.1234209537506104,0.19712314009666443,0.19313941895961761,0.18634624779224396,https://wandb.ai/ememchijioke-university-of-klagenfurt/marl-uav-mission-no-formation/runs/qgyhqyu7
2026-05-16T17:25:38.009340,1327,3,16889.986593811816,1,3,0,2.0,0.1473570019006729,0.15307222306728363,0.11471027632554372,0.2675628960132599,0.014450810849666595,0,0.5976076722145081,0,LAND_B,LAND_B,LAND_B,2.118396759033203,2.111992120742798,2.1131176948547363,0.19698889553546906,0.19338414072990417,0.18700912594795227,https://wandb.ai/ememchijioke-university-of-klagenfurt/marl-uav-mission-no-formation/runs/qgyhqyu7
2026-05-16T17:25:51.149047,1328,3,16993.025231836527,1,3,0,2.0,0.14977693557739258,0.15454097092151642,0.11787120501200359,0.2680317163467407,0.01859133131802082,0,0.6036133766174316,0,LAND_B,LAND_B,LAND_B,2.118377447128296,2.122835636138916,2.112086534500122,0.196644589304924,0.19377461075782776,0.18673944473266602,https://wandb.ai/ememchijioke-university-of-klagenfurt/marl-uav-mission-no-formation/runs/qgyhqyu7
2026-05-16T17:26:04.233921,1329,3,17163.685242091982,1,3,0,2.0,0.14582204322020212,0.15147237479686737,0.1133240337173144,0.27033698558807373,0.01528327182556192,0,0.6074690818786621,0,LAND_B,LAND_B,LAND_B,2.1102094650268555,2.1195626258850098,2.109696388244629,0.196073979139328,0.19299469888210297,0.18602260947227478,https://wandb.ai/ememchijioke-university-of-klagenfurt/marl-uav-mission-no-formation/runs/qgyhqyu7
2026-05-16T17:26:16.855227,1330,3,17018.075147020685,1,3,0,2.0,0.14598738153775534,0.15385761857032776,0.11344924817482631,0.2674252688884735,0.015604573301970959,0,0.6048509478569031,0,LAND_B,LAND_B,LAND_B,2.1199750900268555,2.111090660095215,2.1082611083984375,0.19622890651226044,0.19275815784931183,0.18660672008991241,https://wandb.ai/ememchijioke-university-of-klagenfurt/marl-uav-mission-no-formation/runs/qgyhqyu7
2026-05-16T17:26:30.143783,1331,3,16866.475223349582,1,3,0,2.0,0.15148321290810904,0.155050128698349,0.11997063209613164,0.26913628975550336,0.015786938679714996,0,0.5985211133956909,0,LAND_B,LAND_B,LAND_B,2.121159315109253,2.1174514293670654,2.1207706928253174,0.19648663699626923,0.19356432557106018,0.18724298477172852,https://wandb.ai/ememchijioke-university-of-klagenfurt/marl-uav-mission-no-formation/runs/qgyhqyu7
2026-05-16T17:26:42.693107,1332,3,16988.984528289737,1,3,0,2.0,0.14976018170515695,0.15402840077877045,0.11830718070268631,0.2637056807676951,0.018068786089619,0,0.6015840768814087,0,LAND_B,LAND_B,LAND_B,2.11641001701355,2.1226110458374023,2.1158413887023926,0.1952599734067917,0.19322381913661957,0.18686090409755707,https://wandb.ai/ememchijioke-university-of-klagenfurt/marl-uav-mission-no-formation/runs/qgyhqyu7
2026-05-16T17:26:56.371025,1333,3,16818.30258885404,1,3,0,2.0,0.151852418979009,0.15822848677635193,0.12082775433858235,0.2649979492028554,0.014266786475976309,0,0.5950427055358887,0,LAND_B,LAND_B,LAND_B,2.1142160892486572,2.127664089202881,2.119443416595459,0.19544267654418945,0.1933414489030838,0.18683093786239624,https://wandb.ai/ememchijioke-university-of-klagenfurt/marl-uav-mission-no-formation/runs/qgyhqyu7
2026-05-16T17:27:08.554578,1334,3,17074.97593677546,1,3,0,2.0,0.14854798217614493,0.15170349180698395,0.11710117260615031,0.26848503947257996,0.010318845510482788,0,0.6042410731315613,0,LAND_B,LAND_B,LAND_B,2.1162941455841064,2.120086908340454,2.1143712997436523,0.1947699338197708,0.19268612563610077,0.18665704131126404,https://wandb.ai/ememchijioke-university-of-klagenfurt/marl-uav-mission-no-formation/runs/qgyhqyu7
2026-05-16T17:27:20.744759,1335,3,17184.02217756766,1,3,0,2.0,0.14885494112968445,0.16196776926517487,0.11748407532771428,0.2702392240365346,0.012131185891727606,0,0.6051927208900452,0,LAND_B,LAND_B,LAND_B,2.1307241916656494,2.112504720687866,2.1084041595458984,0.19483582675457,0.19268372654914856,0.18643273413181305,https://wandb.ai/ememchijioke-university-of-klagenfurt/marl-uav-mission-no-formation/runs/qgyhqyu7
2026-05-16T17:27:34.678539,1336,3,16984.03967695613,1,3,0,2.0,0.14890088140964508,0.153257355093956,0.11733254790306091,0.2683318853378296,0.010315966637184223,0,0.6001687049865723,0,LAND_B,LAND_B,LAND_B,2.119600772857666,2.1135082244873047,2.1180708408355713,0.1948094516992569,0.19274255633354187,0.18733558058738708,https://wandb.ai/ememchijioke-university-of-klagenfurt/marl-uav-mission-no-formation/runs/qgyhqyu7
2026-05-16T17:27:47.520504,1337,3,16851.2724806905,1,3,0,2.0,0.1521147439877192,0.15541090071201324,0.12149374435345332,0.27022144198417664,0.013859697462369999,0,0.5962673425674438,0,LAND_B,LAND_B,LAND_B,2.123028039932251,2.122406482696533,2.1189630031585693,0.19495585560798645,0.19288460910320282,0.18670661747455597,https://wandb.ai/ememchijioke-university-of-klagenfurt/marl-uav-mission-no-formation/runs/qgyhqyu7
2026-05-16T17:28:00.918329,1338,3,17114.69681249959,1,3,0,2.0,0.14843536416689554,0.15328669548034668,0.11644848684469859,0.264603058497111,0.009992673061788082,0,0.5947461128234863,0,LAND_B,LAND_B,LAND_B,2.1199984550476074,2.1153206825256348,2.113413095474243,0.19529135525226593,0.19354867935180664,0.18726660311222076,https://wandb.ai/ememchijioke-university-of-klagenfurt/marl-uav-mission-no-formation/runs/qgyhqyu7
2026-05-16T17:28:13.490133,1339,3,16943.72797584128,1,3,0,2.0,0.15238122642040253,0.1600964367389679,0.12143674244483312,0.267798771460851,0.016249469791849453,0,0.6106081008911133,0,LAND_B,LAND_B,LAND_B,2.1274399757385254,2.1173970699310303,2.1177804470062256,0.19498032331466675,0.19385257363319397,0.18719808757305145,https://wandb.ai/ememchijioke-university-of-klagenfurt/marl-uav-mission-no-formation/runs/qgyhqyu7
2026-05-16T17:28:25.525257,1340,3,16962.533240574136,1,3,0,2.0,0.15171085794766745,0.15805654227733612,0.1208546832203865,0.2656730115413666,0.011185641090075174,0,0.602637767791748,0,LAND_B,LAND_B,LAND_B,2.1263327598571777,2.1241865158081055,2.111807346343994,0.19487473368644714,0.1930023729801178,0.18721847236156464,https://wandb.ai/ememchijioke-university-of-klagenfurt/marl-uav-mission-no-formation/runs/qgyhqyu7
2026-05-16T17:28:38.490516,1341,3,17075.117052177924,1,3,0,2.0,0.151216392715772,0.1579645574092865,0.12019008646408717,0.26873721679051715,0.010817928317313394,0,0.599417507648468,0,LAND_B,LAND_B,LAND_B,2.1263203620910645,2.118408679962158,2.1157705783843994,0.1948288232088089,0.1931358426809311,0.18729035556316376,https://wandb.ai/ememchijioke-university-of-klagenfurt/marl-uav-mission-no-formation/runs/qgyhqyu7
2026-05-16T17:28:50.989657,1342,3,17167.778931159635,1,3,0,2.0,0.14799219369888306,0.14916829764842987,0.11598146706819534,0.26494807998339337,0.01128015605111917,0,0.6078839898109436,0,LAND_B,LAND_B,LAND_B,2.1146388053894043,2.113713264465332,2.1182539463043213,0.19501619040966034,0.1936870515346527,0.18678557872772217,https://wandb.ai/ememchijioke-university-of-klagenfurt/marl-uav-mission-no-formation/runs/qgyhqyu7
2026-05-16T17:29:04.299440,1343,3,16859.851773084465,1,3,0,2.0,0.15052461624145508,0.1523076593875885,0.11935872584581375,0.265926460425059,0.02117861621081829,0,0.5965105295181274,0,LAND_B,LAND_B,LAND_B,2.1160309314727783,2.1206881999969482,2.121190071105957,0.1946372389793396,0.1928238719701767,0.1874648630619049,https://wandb.ai/ememchijioke-university-of-klagenfurt/marl-uav-mission-no-formation/runs/qgyhqyu7
2026-05-16T17:29:16.904918,1344,3,16921.601275731104,1,3,0,2.0,0.14629535377025604,0.15326039493083954,0.11399432023366292,0.2668614387512207,0.018629510886967182,0,0.6117972731590271,0,LAND_B,LAND_B,LAND_B,2.1194710731506348,2.113600492477417,2.1070451736450195,0.19459658861160278,0.19344045221805573,0.18700982630252838,https://wandb.ai/ememchijioke-university-of-klagenfurt/marl-uav-mission-no-formation/runs/qgyhqyu7
2026-05-16T17:29:29.112020,1345,3,16878.916347159397,1,3,0,2.0,0.1526621331771215,0.1558050513267517,0.12178648014863332,0.2717329760392507,0.01348451462884744,0,0.6026176810264587,0,LAND_B,LAND_B,LAND_B,2.1227986812591553,2.121755599975586,2.1204516887664795,0.19564983248710632,0.1935044825077057,0.18691103160381317,https://wandb.ai/ememchijioke-university-of-klagenfurt/marl-uav-mission-no-formation/runs/qgyhqyu7
2026-05-16T17:29:42.097577,1346,3,16947.702183288617,1,3,0,2.0,0.1513108859459559,0.156727135181427,0.12021189679702123,0.269345889488856,0.017215599305927753,0,0.5980437397956848,0,LAND_B,LAND_B,LAND_B,2.1244027614593506,2.118901491165161,2.1160919666290283,0.19479282200336456,0.193346306681633,0.18751417100429535,https://wandb.ai/ememchijioke-university-of-klagenfurt/marl-uav-mission-no-formation/runs/qgyhqyu7
2026-05-16T17:29:55.337379,1347,3,16991.695303275177,1,3,0,2.0,0.14780943095684052,0.15268972516059875,0.11591980109612147,0.26659053564071655,0.01154155726544559,0,0.5967339277267456,0,LAND_B,LAND_B,LAND_B,2.118417263031006,2.1195671558380127,2.108919620513916,0.19540616869926453,0.19293884932994843,0.1867622584104538,https://wandb.ai/ememchijioke-university-of-klagenfurt/marl-uav-mission-no-formation/runs/qgyhqyu7
2026-05-16T17:30:08.756417,1348,3,16911.25111708829,1,3,0,2.0,0.15172616640726724,0.15281441807746887,0.12055554737647374,0.26800156633059186,0.011917945618430773,0,0.6071668863296509,0,LAND_B,LAND_B,LAND_B,2.1182923316955566,2.1196281909942627,2.1219305992126465,0.1961756944656372,0.19315296411514282,0.18676204979419708,https://wandb.ai/ememchijioke-university-of-klagenfurt/marl-uav-mission-no-formation/runs/qgyhqyu7
2026-05-16T17:30:21.395763,1349,3,16853.02785623032,1,3,0,2.0,0.15054441491762796,0.15255987644195557,0.11943051218986511,0.2660900553067525,0.0092402637625734,0,0.6006568670272827,0,LAND_B,LAND_B,LAND_B,2.1184260845184326,2.1199235916137695,2.119119644165039,0.1951649785041809,0.19351360201835632,0.1861242949962616,https://wandb.ai/ememchijioke-university-of-klagenfurt/marl-uav-mission-no-formation/runs/qgyhqyu7
2026-05-16T17:30:33.333207,1350,3,17108.176605378067,1,3,0,2.0,0.1477964868148168,0.15146857500076294,0.11566011855999629,0.2677367826302846,0.019098037543396156,0,0.6013689637184143,0,LAND_B,LAND_B,LAND_B,2.1175217628479004,2.118670701980591,2.1100287437438965,0.19549156725406647,0.19363287091255188,0.1868976354598999,https://wandb.ai/ememchijioke-university-of-klagenfurt/marl-uav-mission-no-formation/runs/qgyhqyu7
2026-05-16T17:30:47.368194,1351,3,16853.39258486953,1,3,0,2.0,0.15178552269935608,0.16129186749458313,0.12024861325820287,0.26500311493873596,0.0170005156348149,0,0.5977251529693604,0,LAND_B,LAND_B,LAND_B,2.1292920112609863,2.1168015003204346,2.114149570465088,0.19629423320293427,0.19392283260822296,0.18756771087646484,https://wandb.ai/ememchijioke-university-of-klagenfurt/marl-uav-mission-no-formation/runs/qgyhqyu7
2026-05-16T17:31:00.200484,1352,3,17012.46422928958,1,3,0,2.0,0.1475319266319275,0.15692637860774994,0.11530776570240657,0.2648301025231679,0.022879994784792263,0,0.6029399037361145,0,LAND_B,LAND_B,LAND_B,2.1241540908813477,2.1091830730438232,2.1120855808258057,0.19565123319625854,0.19340993463993073,0.18683652579784393,https://wandb.ai/ememchijioke-university-of-klagenfurt/marl-uav-mission-no-formation/runs/qgyhqyu7
2026-05-16T17:31:13.066077,1353,3,16887.65120442799,1,3,0,2.0,0.14760487278302512,0.15465690195560455,0.11517399549484253,0.265747994184494,0.023975274215141933,0,0.5932113528251648,0,LAND_B,LAND_B,LAND_B,2.114772081375122,2.122781991958618,2.107722520828247,0.19578593969345093,0.19387422502040863,0.1871699094772339,https://wandb.ai/ememchijioke-university-of-klagenfurt/marl-uav-mission-no-formation/runs/qgyhqyu7
2026-05-16T17:31:26.525420,1354,3,16756.79879614999,1,3,0,2.0,0.153678630789121,0.15782412886619568,0.1228208268682162,0.2692895134290059,0.013981465250253677,0,0.6033851504325867,0,LAND_B,LAND_B,LAND_B,2.1249067783355713,2.1189451217651367,2.1239449977874756,0.19591394066810608,0.1939009428024292,0.18707890808582306,https://wandb.ai/ememchijioke-university-of-klagenfurt/marl-uav-mission-no-formation/runs/qgyhqyu7
2026-05-16T17:31:38.574030,1355,3,16914.839293393277,1,3,0,2.0,0.15078077713648477,0.15566612780094147,0.11934104810158412,0.26857244968414307,0.013898273929953575,0,0.6022982597351074,0,LAND_B,LAND_B,LAND_B,2.118448495864868,2.1245529651641846,2.1145997047424316,0.1959831714630127,0.1932404637336731,0.18713708221912384,https://wandb.ai/ememchijioke-university-of-klagenfurt/marl-uav-mission-no-formation/runs/qgyhqyu7
2026-05-16T17:31:51.787753,1356,3,16863.19195452852,1,3,0,2.0,0.15069076418876648,0.1586793214082718,0.11942220479249954,0.26873892545700073,0.012289317945639292,0,0.5974470973014832,0,LAND_B,LAND_B,LAND_B,2.1269476413726807,2.11538028717041,2.1159119606018066,0.19518829882144928,0.1932874321937561,0.1871253401041031,https://wandb.ai/ememchijioke-university-of-klagenfurt/marl-uav-mission-no-formation/runs/qgyhqyu7
2026-05-16T17:32:04.160178,1357,3,16880.748498481847,1,3,0,2.0,0.14678442974885306,0.15296509861946106,0.11448123802741368,0.26713839173316956,0.009718993678689003,0,0.6024521589279175,0,LAND_B,LAND_B,LAND_B,2.119401216506958,2.114400863647461,2.109356641769409,0.1952773481607437,0.19353730976581573,0.18677420914173126,https://wandb.ai/ememchijioke-university-of-klagenfurt/marl-uav-mission-no-formation/runs/qgyhqyu7
2026-05-16T17:32:17.080918,1358,3,17192.87287569762,1,3,0,2.0,0.14943565924962363,0.1548060178756714,0.11755588899056117,0.2668635845184326,0.011087688927849134,0,0.5966983437538147,0,LAND_B,LAND_B,LAND_B,2.1221513748168945,2.1111080646514893,2.1187527179718018,0.19502466917037964,0.19321705400943756,0.18832357227802277,https://wandb.ai/ememchijioke-university-of-klagenfurt/marl-uav-mission-no-formation/runs/qgyhqyu7
2026-05-16T17:32:30.162496,1359,3,16931.982435962258,1,3,0,2.0,0.14990168313185373,0.15436804294586182,0.11807960520188014,0.26575220624605816,0.015674034754435223,0,0.6017765402793884,0,LAND_B,LAND_B,LAND_B,2.120648145675659,2.115065097808838,2.117723226547241,0.1957315355539322,0.1937699168920517,0.1874060183763504,https://wandb.ai/ememchijioke-university-of-klagenfurt/marl-uav-mission-no-formation/runs/qgyhqyu7
2026-05-16T17:32:42.515721,1360,3,16863.00636058514,1,3,0,2.0,0.15361149609088898,0.15588293969631195,0.12321791052818298,0.2668382227420807,0.012137684505432844,0,0.5948511362075806,0,LAND_B,LAND_B,LAND_B,2.1200122833251953,2.124945878982544,2.1238152980804443,0.1953325718641281,0.19290226697921753,0.18673275411128998,https://wandb.ai/ememchijioke-university-of-klagenfurt/marl-uav-mission-no-formation/runs/qgyhqyu7
2026-05-16T17:32:54.845173,1361,3,16997.444651122263,1,3,0,2.0,0.14987424512704214,0.15521088242530823,0.11846012622117996,0.26775837937990826,0.017665513480703037,0,0.598095178604126,0,LAND_B,LAND_B,LAND_B,2.1173481941223145,2.1243951320648193,2.1134960651397705,0.1952870488166809,0.19274014234542847,0.1873003989458084,https://wandb.ai/ememchijioke-university-of-klagenfurt/marl-uav-mission-no-formation/runs/qgyhqyu7
2026-05-16T17:33:07.504122,1362,3,16928.01141633308,1,3,0,2.0,0.15387564897537231,0.156876802444458,0.12359621375799179,0.2680753966172536,0.016796145277718704,0,0.6057034730911255,0,LAND_B,LAND_B,LAND_B,2.124467134475708,2.1209354400634766,2.124527931213379,0.19496378302574158,0.1926710158586502,0.18719223141670227,https://wandb.ai/ememchijioke-university-of-klagenfurt/marl-uav-mission-no-formation/runs/qgyhqyu7
2026-05-16T17:33:19.944549,1363,3,16828.643468960498,1,3,0,2.0,0.15026956299940744,0.1532464623451233,0.11882872134447098,0.26924506823221844,0.012295171152800322,0,0.5959845781326294,0,LAND_B,LAND_B,LAND_B,2.119661569595337,2.1184206008911133,2.1183297634124756,0.19573695957660675,0.19268202781677246,0.1874312460422516,https://wandb.ai/ememchijioke-university-of-klagenfurt/marl-uav-mission-no-formation/runs/qgyhqyu7
2026-05-16T17:33:32.628658,1364,3,16977.149310838904,1,3,0,2.0,0.1514736314614614,0.15825919806957245,0.12019362797339757,0.26655904452006024,0.013117257505655289,0,0.5998396873474121,0,LAND_B,LAND_B,LAND_B,2.12640380859375,2.117382526397705,2.116640090942383,0.1952262818813324,0.19347289204597473,0.1877909153699875,https://wandb.ai/ememchijioke-university-of-klagenfurt/marl-uav-mission-no-formation/runs/qgyhqyu7
2026-05-16T17:33:45.379003,1365,3,16512.169524507353,1,3,0,2.0,0.15095374484856924,0.15474942326545715,0.11924889435370763,0.26872249444325763,0.011196908230582872,0,0.5937455892562866,0,LAND_B,LAND_B,LAND_B,2.11759352684021,2.1230955123901367,2.116321563720703,0.19560010731220245,0.1934249997138977,0.18854938447475433,https://wandb.ai/ememchijioke-university-of-klagenfurt/marl-uav-mission-no-formation/runs/qgyhqyu7
2026-05-16T17:33:57.889275,1366,3,16905.428799330217,1,3,0,2.0,0.1524538149436315,0.1585119515657425,0.12158539394537608,0.2656707266966502,0.02390703558921814,0,0.5948653817176819,0,LAND_B,LAND_B,LAND_B,2.1259958744049072,2.118316888809204,2.1200644969940186,0.19594405591487885,0.19267898797988892,0.1872185468673706,https://wandb.ai/ememchijioke-university-of-klagenfurt/marl-uav-mission-no-formation/runs/qgyhqyu7
2026-05-16T17:34:11.712364,1367,3,16797.432930917777,1,3,0,2.0,0.15158583223819733,0.16147679090499878,0.12057869384686153,0.26660223801930744,0.012188741782059273,0,0.5957330465316772,0,LAND_B,LAND_B,LAND_B,2.129883050918579,2.122218132019043,2.10862398147583,0.19586196541786194,0.19289655983448029,0.18675631284713745,https://wandb.ai/ememchijioke-university-of-klagenfurt/marl-uav-mission-no-formation/runs/qgyhqyu7
2026-05-16T17:34:25.515062,1368,3,16932.020009680444,1,3,0,2.0,0.15455734233061472,0.15891966223716736,0.12393358101447423,0.26428258419036865,0.008388792242233952,0,0.6061426997184753,0,LAND_B,LAND_B,LAND_B,2.1257448196411133,2.1208724975585938,2.1238203048706055,0.19627417623996735,0.1933181881904602,0.18730489909648895,https://wandb.ai/ememchijioke-university-of-klagenfurt/marl-uav-mission-no-formation/runs/qgyhqyu7
2026-05-16T17:34:38.713938,1369,3,16921.199031528708,1,3,0,2.0,0.1506792058547338,0.16048432886600494,0.11923149973154068,0.2656428813934326,0.025075372929374378,0,0.5950011610984802,0,LAND_B,LAND_B,LAND_B,2.1279783248901367,2.1144065856933594,2.1148223876953125,0.19647029042243958,0.19282276928424835,0.1870032399892807,https://wandb.ai/ememchijioke-university-of-klagenfurt/marl-uav-mission-no-formation/runs/qgyhqyu7
2026-05-16T17:34:52.440890,1370,3,17020.176452389154,1,3,0,2.0,0.15011285245418549,0.15544305741786957,0.11865491916735967,0.27120161056518555,0.007945127474764982,0,0.6043363213539124,0,LAND_B,LAND_B,LAND_B,2.122257709503174,2.1199779510498047,2.113028049468994,0.19534841179847717,0.19297713041305542,0.1875254362821579,https://wandb.ai/ememchijioke-university-of-klagenfurt/marl-uav-mission-no-formation/runs/qgyhqyu7
2026-05-16T17:35:04.646347,1371,3,16829.833117743914,1,3,0,2.0,0.15539424618085226,0.16279356181621552,0.12543436388174692,0.2676425079504649,0.017579872471590836,0,0.6019488573074341,0,LAND_B,LAND_B,LAND_B,2.1313107013702393,2.130009651184082,2.113436222076416,0.19545878469944,0.19305431842803955,0.18660233914852142,https://wandb.ai/ememchijioke-university-of-klagenfurt/marl-uav-mission-no-formation/runs/qgyhqyu7
2026-05-16T17:35:17.313061,1372,3,16847.522438120857,1,3,0,2.0,0.1514263153076172,0.15532101690769196,0.12052808701992035,0.268988033135732,0.011678022022048632,0,0.5994581580162048,0,LAND_B,LAND_B,LAND_B,2.1194167137145996,2.1244776248931885,2.1170315742492676,0.1954319030046463,0.19273053109645844,0.1867433786392212,https://wandb.ai/ememchijioke-university-of-klagenfurt/marl-uav-mission-no-formation/runs/qgyhqyu7
2026-05-16T17:35:30.411151,1373,3,16873.351465381304,1,3,0,2.0,0.14834728837013245,0.1548667550086975,0.11685654769341151,0.2680078148841858,0.008387122846518954,0,0.6041448712348938,0,LAND_B,LAND_B,LAND_B,2.121980667114258,2.117241859436035,2.1105239391326904,0.19491155445575714,0.19237279891967773,0.18687130510807037,https://wandb.ai/ememchijioke-university-of-klagenfurt/marl-uav-mission-no-formation/runs/qgyhqyu7
2026-05-16T17:35:42.999973,1374,3,16900.81790373368,1,3,0,2.0,0.14983768264452615,0.15418513119220734,0.11863984415928523,0.2670782705148061,0.01814928495635589,0,0.6026933193206787,0,LAND_B,LAND_B,LAND_B,2.1153109073638916,2.123298168182373,2.1165544986724854,0.19508549571037292,0.19244946539402008,0.18683838844299316,https://wandb.ai/ememchijioke-university-of-klagenfurt/marl-uav-mission-no-formation/runs/qgyhqyu7
2026-05-16T17:35:55.715274,1375,3,16945.272715601255,1,3,0,2.0,0.14972692728042603,0.16225291788578033,0.1182525431116422,0.27006252606709796,0.007601642981171608,0,0.593905508518219,0,LAND_B,LAND_B,LAND_B,2.130964517593384,2.113318920135498,2.1101632118225098,0.19576512277126312,0.19279742240905762,0.18676728010177612,https://wandb.ai/ememchijioke-university-of-klagenfurt/marl-uav-mission-no-formation/runs/qgyhqyu7
2026-05-16T17:36:08.172341,1376,3,16800.43058862827,1,3,0,2.0,0.1536888430515925,0.16226103901863098,0.1233208030462265,0.2699031134446462,0.01680795879413684,0,0.6076867580413818,0,LAND_B,LAND_B,LAND_B,2.130192518234253,2.1187469959259033,2.119837522506714,0.19584088027477264,0.19291311502456665,0.18628759682178497,https://wandb.ai/ememchijioke-university-of-klagenfurt/marl-uav-mission-no-formation/runs/qgyhqyu7
2026-05-16T17:36:20.912515,1377,3,16971.944553941208,1,3,0,2.0,0.14815512796243033,0.15454714000225067,0.11592654883861542,0.2666358749071757,0.01518246236567696,0,0.6079409718513489,0,LAND_B,LAND_B,LAND_B,2.1202621459960938,2.1149277687072754,2.1118319034576416,0.19654375314712524,0.19334940612316132,0.18683910369873047,https://wandb.ai/ememchijioke-university-of-klagenfurt/marl-uav-mission-no-formation/runs/qgyhqyu7
2026-05-16T17:36:33.776336,1378,3,17191.789540399586,1,3,0,2.0,0.149338369568189,0.15771228075027466,0.1178342451651891,0.26676921049753827,0.013592333067208529,0,0.5922259092330933,0,LAND_B,LAND_B,LAND_B,2.125492811203003,2.1206541061401367,2.1062569618225098,0.19552311301231384,0.19276680052280426,0.18687671422958374,https://wandb.ai/ememchijioke-university-of-klagenfurt/marl-uav-mission-no-formation/runs/qgyhqyu7
2026-05-16T17:36:46.707365,1379,3,17099.463287087736,1,3,0,2.0,0.14974508682886759,0.15918421745300293,0.11841224879026413,0.2659859259923299,0.01674496630827586,0,0.5873925685882568,0,LAND_B,LAND_B,LAND_B,2.1272096633911133,2.112638235092163,2.114847183227539,0.19567276537418365,0.1929742991924286,0.18618953227996826,https://wandb.ai/ememchijioke-university-of-klagenfurt/marl-uav-mission-no-formation/runs/qgyhqyu7
2026-05-16T17:36:58.957813,1380,3,16929.986867858584,1,3,0,2.0,0.14576668043931326,0.15181685984134674,0.11359551300605138,0.2690866192181905,0.013656433671712875,0,0.5945587754249573,0,LAND_B,LAND_B,LAND_B,2.1182942390441895,2.110466241836548,2.1119043827056885,0.1951448619365692,0.19272124767303467,0.18606717884540558,https://wandb.ai/ememchijioke-university-of-klagenfurt/marl-uav-mission-no-formation/runs/qgyhqyu7
2026-05-16T17:37:11.170773,1381,3,16950.909574567544,1,3,0,2.0,0.15011754631996155,0.1589319109916687,0.11885900050401688,0.26882466673851013,0.017820077016949654,0,0.6077412962913513,0,LAND_B,LAND_B,LAND_B,2.126471519470215,2.1212267875671387,2.107279062271118,0.19546793401241302,0.1923608034849167,0.1871768683195114,https://wandb.ai/ememchijioke-university-of-klagenfurt/marl-uav-mission-no-formation/runs/qgyhqyu7
2026-05-16T17:37:24.750782,1382,3,17086.972538775277,1,3,0,2.0,0.14724770685036978,0.1575077921152115,0.11537665873765945,0.26728848616282147,0.01806081086397171,0,0.6071888208389282,0,LAND_B,LAND_B,LAND_B,2.1252408027648926,2.109971523284912,2.1100943088531494,0.19547924399375916,0.19237618148326874,0.18646758794784546,https://wandb.ai/ememchijioke-university-of-klagenfurt/marl-uav-mission-no-formation/runs/qgyhqyu7
2026-05-16T17:37:37.703472,1383,3,16972.134406187808,1,3,0,2.0,0.14900977412859598,0.15480360388755798,0.11781797806421916,0.27057697375615436,0.012168624438345432,0,0.6056041717529297,0,LAND_B,LAND_B,LAND_B,2.1214494705200195,2.1229374408721924,2.1086666584014893,0.19556421041488647,0.19244278967380524,0.18564260005950928,https://wandb.ai/ememchijioke-university-of-klagenfurt/marl-uav-mission-no-formation/runs/qgyhqyu7
2026-05-16T17:37:49.611945,1384,3,17136.956084025886,1,3,0,2.0,0.14629865189393362,0.15260447561740875,0.11385632554690044,0.2678124209245046,0.010676099608341852,0,0.606860876083374,0,LAND_B,LAND_B,LAND_B,2.1177496910095215,2.117487668991089,2.105825185775757,0.19671496748924255,0.19232797622680664,0.18653598427772522,https://wandb.ai/ememchijioke-university-of-klagenfurt/marl-uav-mission-no-formation/runs/qgyhqyu7
2026-05-16T17:38:03.672708,1385,3,17313.83749894004,1,3,0,2.0,0.15354718764623007,0.16613024473190308,0.12306780864795049,0.26603347063064575,0.011608066192517677,0,0.6100624799728394,0,LAND_B,LAND_B,LAND_B,2.134328842163086,2.1140129566192627,2.1196396350860596,0.19659559428691864,0.19250239431858063,0.18606656789779663,https://wandb.ai/ememchijioke-university-of-klagenfurt/marl-uav-mission-no-formation/runs/qgyhqyu7
2026-05-16T17:38:15.863138,1386,3,17155.80043860328,1,3,0,2.0,0.14756437142690024,0.15538842976093292,0.11590268462896347,0.272315909465154,0.012879386233786741,0,0.6055348515510559,0,LAND_B,LAND_B,LAND_B,2.12174654006958,2.116070508956909,2.1094794273376465,0.19613796472549438,0.19215406477451324,0.18570558726787567,https://wandb.ai/ememchijioke-university-of-klagenfurt/marl-uav-mission-no-formation/runs/qgyhqyu7
2026-05-16T17:38:29.136400,1387,3,16773.408463903987,1,3,0,2.0,0.15278458098570505,0.15843802690505981,0.12258061269919078,0.26779287060101825,0.016649141907691956,0,0.6013273596763611,0,LAND_B,LAND_B,LAND_B,2.1259841918945312,2.11956524848938,2.121901035308838,0.19586420059204102,0.19195596873760223,0.18563438951969147,https://wandb.ai/ememchijioke-university-of-klagenfurt/marl-uav-mission-no-formation/runs/qgyhqyu7
2026-05-16T17:38:41.806819,1388,3,17199.53601833119,1,3,0,2.0,0.15400962034861246,0.15899871289730072,0.1236334169904391,0.2661185562610626,0.019977346373101074,0,0.5958037376403809,0,LAND_B,LAND_B,LAND_B,2.1260056495666504,2.127216339111328,2.11759877204895,0.1969173401594162,0.19242341816425323,0.1861077845096588,https://wandb.ai/ememchijioke-university-of-klagenfurt/marl-uav-mission-no-formation/runs/qgyhqyu7
2026-05-16T17:38:55.313386,1389,3,17138.65823930921,1,3,0,2.0,0.1521903028090795,0.15887880325317383,0.12150622407595317,0.26788556575775146,0.007620469046135743,0,0.6096802353858948,0,LAND_B,LAND_B,LAND_B,2.1211447715759277,2.1295478343963623,2.112757682800293,0.19632868468761444,0.19191548228263855,0.18649683892726898,https://wandb.ai/ememchijioke-university-of-klagenfurt/marl-uav-mission-no-formation/runs/qgyhqyu7
2026-05-16T17:39:08.130281,1390,3,17123.1446216125,1,3,0,2.0,0.14845415453116098,0.15618322789669037,0.11687269310156505,0.2644143303235372,0.02043558315684398,0,0.6014836430549622,0,LAND_B,LAND_B,LAND_B,2.1183173656463623,2.125927209854126,2.1057934761047363,0.19578485190868378,0.19236314296722412,0.1862761527299881,https://wandb.ai/ememchijioke-university-of-klagenfurt/marl-uav-mission-no-formation/runs/qgyhqyu7
2026-05-16T17:39:21.687331,1391,3,17243.753899430692,1,3,0,2.0,0.1506094584862391,0.1587003916501999,0.11961601674556732,0.26490136981010437,0.014230610181887945,0,0.5973609685897827,0,LAND_B,LAND_B,LAND_B,2.1257832050323486,2.116154670715332,2.11645770072937,0.19647414982318878,0.19181950390338898,0.1861959993839264,https://wandb.ai/ememchijioke-university-of-klagenfurt/marl-uav-mission-no-formation/runs/qgyhqyu7
2026-05-16T17:39:34.676866,1392,3,16918.553511820344,1,3,0,2.0,0.1476556360721588,0.15026655793190002,0.11552842458089192,0.267912358045578,0.02214083510140578,0,0.6015686392784119,0,LAND_B,LAND_B,LAND_B,2.1151013374328613,2.1166741847991943,2.114461660385132,0.19659841060638428,0.1930903047323227,0.18599356710910797,https://wandb.ai/ememchijioke-university-of-klagenfurt/marl-uav-mission-no-formation/runs/qgyhqyu7
2026-05-16T17:39:48.302930,1393,3,17092.80943128395,1,3,0,2.0,0.15166954199473062,0.16387300193309784,0.12047592053810756,0.26722033818562824,0.02459571820994218,0,0.5944244265556335,0,LAND_B,LAND_B,LAND_B,2.132150173187256,2.1259167194366455,2.1022567749023438,0.1968948394060135,0.1932789832353592,0.18595512211322784,https://wandb.ai/ememchijioke-university-of-klagenfurt/marl-uav-mission-no-formation/runs/qgyhqyu7
2026-05-16T17:40:01.214878,1394,3,17029.039473232006,1,3,0,2.0,0.14894610146681467,0.15744879841804504,0.11722345401843388,0.2681889037291209,0.016073285912473995,0,0.6036348342895508,0,LAND_B,LAND_B,LAND_B,2.12389874458313,2.1177451610565186,2.10968279838562,0.19700247049331665,0.19274188578128815,0.1859220415353775,https://wandb.ai/ememchijioke-university-of-klagenfurt/marl-uav-mission-no-formation/runs/qgyhqyu7
2026-05-16T17:40:13.843603,1395,3,17024.858109693883,1,3,0,2.0,0.15277396142482758,0.15928973257541656,0.12186704327662785,0.26817504564921063,0.01705064034710328,0,0.5996246337890625,0,LAND_B,LAND_B,LAND_B,2.125912666320801,2.1252355575561523,2.114145040512085,0.1971753090620041,0.19247975945472717,0.18671371042728424,https://wandb.ai/ememchijioke-university-of-klagenfurt/marl-uav-mission-no-formation/runs/qgyhqyu7
2026-05-16T17:40:26.756243,1396,3,17243.392358846824,1,3,0,2.0,0.14774889747301737,0.15884467959403992,0.1157896767059962,0.26438907782236737,0.02064779835442702,0,0.6019300222396851,0,LAND_B,LAND_B,LAND_B,2.125668525695801,2.1166226863861084,2.104330539703369,0.19674250483512878,0.19258572161197662,0.185929536819458,https://wandb.ai/ememchijioke-university-of-klagenfurt/marl-uav-mission-no-formation/runs/qgyhqyu7
2026-05-16T17:40:39.064100,1397,3,17035.751949170517,1,3,0,2.0,0.1538641800483068,0.16356760263442993,0.12333859006563823,0.2672199308872223,0.016596559279908735,0,0.5960654020309448,0,LAND_B,LAND_B,LAND_B,2.1307692527770996,2.1210029125213623,2.117340087890625,0.1971626877784729,0.19293947517871857,0.18582363426685333,https://wandb.ai/ememchijioke-university-of-klagenfurt/marl-uav-mission-no-formation/runs/qgyhqyu7
2026-05-16T17:40:51.907928,1398,3,17037.483217256824,1,3,0,2.0,0.15013223389784494,0.16143880784511566,0.11883113533258438,0.26635777950286865,0.02382245163122813,0,0.6110615134239197,0,LAND_B,LAND_B,LAND_B,2.1275298595428467,2.1201343536376953,2.1072115898132324,0.19738715887069702,0.19243769347667694,0.18540428578853607,https://wandb.ai/ememchijioke-university-of-klagenfurt/marl-uav-mission-no-formation/runs/qgyhqyu7
2026-05-16T17:41:05.670103,1399,3,17165.060149500147,1,3,0,2.0,0.14738580584526062,0.1595795452594757,0.11523248503605525,0.26772239804267883,0.01840059148768584,0,0.6074643135070801,0,LAND_B,LAND_B,LAND_B,2.1262714862823486,2.111110210418701,2.107710123062134,0.19738498330116272,0.1932205855846405,0.18495556712150574,https://wandb.ai/ememchijioke-university-of-klagenfurt/marl-uav-mission-no-formation/runs/qgyhqyu7
2026-05-16T17:41:17.921376,1400,3,17048.38483148642,1,3,0,2.0,0.14988376200199127,0.15791423618793488,0.1184322585662206,0.2668851315975189,0.014631389640271664,0,0.6080966591835022,0,LAND_B,LAND_B,LAND_B,2.123082160949707,2.124744176864624,2.106095552444458,0.19739243388175964,0.19258326292037964,0.18551398813724518,https://wandb.ai/ememchijioke-university-of-klagenfurt/marl-uav-mission-no-formation/runs/qgyhqyu7
2026-05-16T17:41:31.417006,1401,3,16999.216202958956,1,3,0,2.0,0.1527389238278071,0.15940828621387482,0.12187578280766805,0.26890382170677185,0.0135666374117136,0,0.6025362014770508,0,LAND_B,LAND_B,LAND_B,2.1261613368988037,2.1220006942749023,2.1172168254852295,0.19740065932273865,0.19342204928398132,0.1853022426366806,https://wandb.ai/ememchijioke-university-of-klagenfurt/marl-uav-mission-no-formation/runs/qgyhqyu7
2026-05-16T17:41:44.427940,1402,3,17084.210969135067,1,3,0,2.0,0.15223863224188486,0.16268126666545868,0.12095822890599568,0.267441858847936,0.014350625375906626,0,0.5905131101608276,0,LAND_B,LAND_B,LAND_B,2.130162239074707,2.11863374710083,2.113677978515625,0.19758577644824982,0.19375497102737427,0.18594686686992645,https://wandb.ai/ememchijioke-university-of-klagenfurt/marl-uav-mission-no-formation/runs/qgyhqyu7
2026-05-16T17:41:56.872382,1403,3,16922.110331003783,1,3,0,2.0,0.14974030355612436,0.1610185205936432,0.118010809024175,0.26787617802619934,0.007813087819765011,0,0.6001082062721252,0,LAND_B,LAND_B,LAND_B,2.1287055015563965,2.1180293560028076,2.1067957878112793,0.1964365541934967,0.19395601749420166,0.18603156507015228,https://wandb.ai/ememchijioke-university-of-klagenfurt/marl-uav-mission-no-formation/runs/qgyhqyu7
2026-05-16T17:42:09.027818,1404,3,17126.55788450799,1,3,0,2.0,0.15252248446146646,0.1629718542098999,0.12106916308403015,0.2672212819258372,0.01718302723020315,0,0.5947447419166565,0,LAND_B,LAND_B,LAND_B,2.130513906478882,2.114609956741333,2.117804765701294,0.1973264515399933,0.19423483312129974,0.18651703000068665,https://wandb.ai/ememchijioke-university-of-klagenfurt/marl-uav-mission-no-formation/runs/qgyhqyu7
2026-05-16T17:42:21.880735,1405,3,16386.83465401836,1,3,0,2.0,0.1474585086107254,0.15708531439304352,0.114692156513532,0.2691678802172343,0.014314303174614906,0,0.6077635288238525,0,LAND_B,LAND_B,LAND_B,2.1225709915161133,2.113468647003174,2.1071062088012695,0.197274848818779,0.194629967212677,0.18609309196472168,https://wandb.ai/ememchijioke-university-of-klagenfurt/marl-uav-mission-no-formation/runs/qgyhqyu7
2026-05-16T17:42:34.678629,1406,3,16979.416303512415,1,3,0,2.0,0.1518382877111435,0.16083678603172302,0.12051707754532497,0.2652935783068339,0.010414985629419485,0,0.6072492003440857,0,LAND_B,LAND_B,LAND_B,2.1279451847076416,2.1201577186584473,2.1125993728637695,0.1966952085494995,0.19412647187709808,0.18623560667037964,https://wandb.ai/ememchijioke-university-of-klagenfurt/marl-uav-mission-no-formation/runs/qgyhqyu7
2026-05-16T17:42:47.093082,1407,3,17271.411196580953,1,3,0,2.0,0.15050317843755087,0.15981648862361908,0.11859572678804398,0.2700851658980052,0.015213333070278168,0,0.5931043028831482,0,LAND_B,LAND_B,LAND_B,2.1270217895507812,2.115457773208618,2.112290859222412,0.19696548581123352,0.19411714375019073,0.1868356615304947,https://wandb.ai/ememchijioke-university-of-klagenfurt/marl-uav-mission-no-formation/runs/qgyhqyu7
2026-05-16T17:43:00.587580,1408,3,17084.732664702628,1,3,0,2.0,0.15306452910105386,0.16140645742416382,0.12197162210941315,0.2647927403450012,0.011692351506402096,0,0.6049919724464417,0,LAND_B,LAND_B,LAND_B,2.1292221546173096,2.1227951049804688,2.113619327545166,0.19659702479839325,0.1939581036567688,0.18686015903949738,https://wandb.ai/ememchijioke-university-of-klagenfurt/marl-uav-mission-no-formation/runs/qgyhqyu7
2026-05-16T17:43:12.373999,1409,3,17019.339336643297,1,3,0,2.0,0.1523332049449285,0.1614387333393097,0.12100400527318318,0.26579641302426654,0.013650919621189436,0,0.5993199348449707,0,LAND_B,LAND_B,LAND_B,2.1288535594940186,2.12251615524292,2.111351490020752,0.1968929022550583,0.19419121742248535,0.1865137368440628,https://wandb.ai/ememchijioke-university-of-klagenfurt/marl-uav-mission-no-formation/runs/qgyhqyu7
2026-05-16T17:43:24.823424,1410,3,17242.076652047115,1,3,0,2.0,0.14975822468598685,0.1552722007036209,0.11812364310026169,0.27106353640556335,0.016378768098851044,0,0.5933303833007812,0,LAND_B,LAND_B,LAND_B,2.1215980052948,2.120602607727051,2.11183500289917,0.19627562165260315,0.19329479336738586,0.18658900260925293,https://wandb.ai/ememchijioke-university-of-klagenfurt/marl-uav-mission-no-formation/runs/qgyhqyu7
2026-05-16T17:43:37.760573,1411,3,17029.328501930322,1,3,0,2.0,0.15176154176394144,0.15663881599903107,0.12026651451985042,0.2695959409077962,0.009412649553269148,0,0.601331889629364,0,LAND_B,LAND_B,LAND_B,2.120840311050415,2.125331163406372,2.114461660385132,0.19712261855602264,0.19391396641731262,0.18656231462955475,https://wandb.ai/ememchijioke-university-of-klagenfurt/marl-uav-mission-no-formation/runs/qgyhqyu7
2026-05-16T17:43:51.410925,1412,3,16322.341347960042,1,3,0,2.0,0.15296565989653269,0.16304157674312592,0.1216255525747935,0.26710060238838196,0.01713952173789342,0,0.5992645025253296,0,LAND_B,LAND_B,LAND_B,2.1307384967803955,2.1185197830200195,2.1151251792907715,0.19738231599330902,0.19442881643772125,0.18640664219856262,https://wandb.ai/ememchijioke-university-of-klagenfurt/marl-uav-mission-no-formation/runs/qgyhqyu7
2026-05-16T17:44:04.202977,1413,3,16822.921061208453,1,3,0,2.0,0.15508846938610077,0.15864059329032898,0.12441673378149669,0.2688071032365163,0.015469392761588097,0,0.6029457449913025,0,LAND_B,LAND_B,LAND_B,2.1244046688079834,2.1272153854370117,2.1205825805664062,0.19724535942077637,0.1936696320772171,0.18676438927650452,https://wandb.ai/ememchijioke-university-of-klagenfurt/marl-uav-mission-no-formation/runs/qgyhqyu7
2026-05-16T17:44:17.092267,1414,3,16316.720107555273,1,3,0,2.0,0.14903780817985535,0.15954144299030304,0.11650621891021729,0.2664564549922943,0.00882804401529332,0,0.601725697517395,0,LAND_B,LAND_B,LAND_B,2.1265170574188232,2.113640785217285,2.1090950965881348,0.19700178503990173,0.19437585771083832,0.18735939264297485,https://wandb.ai/ememchijioke-university-of-klagenfurt/marl-uav-mission-no-formation/runs/qgyhqyu7
2026-05-16T17:44:29.732423,1415,3,16367.91480212656,1,3,0,2.0,0.1545181671778361,0.16016286611557007,0.12332766006390254,0.2655657430489858,0.01272001590890189,0,0.6027935147285461,0,LAND_B,LAND_B,LAND_B,2.126203775405884,2.125156879425049,2.1164422035217285,0.1974366456270218,0.19457119703292847,0.187256321310997,https://wandb.ai/ememchijioke-university-of-klagenfurt/marl-uav-mission-no-formation/runs/qgyhqyu7
2026-05-16T17:44:43.158684,1416,3,16522.721787246865,1,3,0,2.0,0.15175270040829977,0.1586720496416092,0.12014985084533691,0.26459068059921265,0.013672135770320892,0,0.5994715690612793,0,LAND_B,LAND_B,LAND_B,2.1255829334259033,2.124088764190674,2.1102898120880127,0.19686786830425262,0.19455517828464508,0.18665863573551178,https://wandb.ai/ememchijioke-university-of-klagenfurt/marl-uav-mission-no-formation/runs/qgyhqyu7
2026-05-16T17:44:56.442905,1417,3,16833.69895411905,1,3,0,2.0,0.15326549609502158,0.16081874072551727,0.12249875068664551,0.2680547535419464,0.018976482562720776,0,0.6095073223114014,0,LAND_B,LAND_B,LAND_B,2.1276752948760986,2.125554323196411,2.112847328186035,0.19651161134243011,0.19323311746120453,0.18657302856445312,https://wandb.ai/ememchijioke-university-of-klagenfurt/marl-uav-mission-no-formation/runs/qgyhqyu7
2026-05-16T17:45:09.096062,1418,3,17058.613537669164,1,3,0,2.0,0.15259620547294617,0.1585552841424942,0.12167938550313313,0.26527008414268494,0.031249047567447025,0,0.6009663939476013,0,LAND_B,LAND_B,LAND_B,2.1261210441589355,2.1226966381073,2.115953207015991,0.19594144821166992,0.19379164278507233,0.1865139603614807,https://wandb.ai/ememchijioke-university-of-klagenfurt/marl-uav-mission-no-formation/runs/qgyhqyu7
2026-05-16T17:45:22.444946,1419,3,16914.634526986243,1,3,0,2.0,0.15229937434196472,0.16430501639842987,0.12117497126261394,0.2687083085378011,0.014927288983017206,0,0.6072015762329102,0,LAND_B,LAND_B,LAND_B,2.1322970390319824,2.1162478923797607,2.1137564182281494,0.19591619074344635,0.19372449815273285,0.18694013357162476,https://wandb.ai/ememchijioke-university-of-klagenfurt/marl-uav-mission-no-formation/runs/qgyhqyu7
2026-05-16T17:45:34.912442,1420,3,16981.469762853965,1,3,0,2.0,0.14783212542533875,0.15608705580234528,0.11560711016257604,0.2696048319339752,0.019955524243414402,0,0.5987418293952942,0,LAND_B,LAND_B,LAND_B,2.122873544692993,2.1132819652557373,2.110506057739258,0.19606439769268036,0.19307608902454376,0.18723128736019135,https://wandb.ai/ememchijioke-university-of-klagenfurt/marl-uav-mission-no-formation/runs/qgyhqyu7
2026-05-16T17:45:48.197601,1421,3,17052.426174585085,1,3,0,2.0,0.15351035197575888,0.15992270410060883,0.12217459330956142,0.26641845703125,0.021203129862745602,0,0.5946722626686096,0,LAND_B,LAND_B,LAND_B,2.119741201400757,2.1290476322174072,2.117418050765991,0.1965993046760559,0.19409851729869843,0.18796893954277039,https://wandb.ai/ememchijioke-university-of-klagenfurt/marl-uav-mission-no-formation/runs/qgyhqyu7
2026-05-16T17:46:01.270056,1422,3,16885.565794394126,1,3,0,2.0,0.15508690476417542,0.16305877268314362,0.12443190316359203,0.2678472399711609,0.022107340085009735,0,0.5947376489639282,0,LAND_B,LAND_B,LAND_B,2.1312081813812256,2.1227610111236572,2.1185436248779297,0.1965847611427307,0.19412505626678467,0.1869615912437439,https://wandb.ai/ememchijioke-university-of-klagenfurt/marl-uav-mission-no-formation/runs/qgyhqyu7
2026-05-16T17:46:14.122956,1423,3,16927.931870457574,1,3,0,2.0,0.15228857596715292,0.16241903603076935,0.1207468534509341,0.2675865888595581,0.003453571679225812,0,0.6016423106193542,0,LAND_B,LAND_B,LAND_B,2.1302928924560547,2.1195456981658936,2.1116528511047363,0.19643159210681915,0.1943674236536026,0.18752509355545044,https://wandb.ai/ememchijioke-university-of-klagenfurt/marl-uav-mission-no-formation/runs/qgyhqyu7
2026-05-16T17:46:27.655021,1424,3,17000.225840930252,1,3,0,2.0,0.15060239533583322,0.1608107089996338,0.11841363956530888,0.2640036443869273,0.007020678681631883,0,0.5982389450073242,0,LAND_B,LAND_B,LAND_B,2.127281427383423,2.11985445022583,2.106858968734741,0.19682368636131287,0.19398999214172363,0.18823572993278503,https://wandb.ai/ememchijioke-university-of-klagenfurt/marl-uav-mission-no-formation/runs/qgyhqyu7
2026-05-16T17:46:40.959575,1425,3,16420.227093728063,1,3,0,2.0,0.14994441966215769,0.15765997767448425,0.11777330189943314,0.2665867308775584,0.019281249803801376,0,0.6084375977516174,0,LAND_B,LAND_B,LAND_B,2.1236069202423096,2.1231396198272705,2.104647636413574,0.19669592380523682,0.19446733593940735,0.18716424703598022,https://wandb.ai/ememchijioke-university-of-klagenfurt/marl-uav-mission-no-formation/runs/qgyhqyu7
2026-05-16T17:46:53.283215,1426,3,16700.530187340646,1,3,0,2.0,0.15346746146678925,0.16307809948921204,0.12207532674074173,0.2686736186345418,0.018276195973157883,0,0.6005611419677734,0,LAND_B,LAND_B,LAND_B,2.130901575088501,2.123751640319824,2.1104836463928223,0.19623856246471405,0.19450204074382782,0.18816599249839783,https://wandb.ai/ememchijioke-university-of-klagenfurt/marl-uav-mission-no-formation/runs/qgyhqyu7
2026-05-16T17:47:06.404886,1427,3,16311.540551947859,1,3,0,2.0,0.15162978569666544,0.16061733663082123,0.11998693893353145,0.27038706342379254,0.016175360729297,0,0.5970756411552429,0,LAND_B,LAND_B,LAND_B,2.128936529159546,2.1155717372894287,2.1147360801696777,0.19564980268478394,0.19415588676929474,0.18818950653076172,https://wandb.ai/ememchijioke-university-of-klagenfurt/marl-uav-mission-no-formation/runs/qgyhqyu7
2026-05-16T17:47:18.890543,1428,3,17218.58782480174,1,3,0,2.0,0.14897818366686502,0.15564490854740143,0.11679920802513759,0.26675887902577716,0.0014658845223796864,0,0.598710298538208,0,LAND_B,LAND_B,LAND_B,2.12206768989563,2.124204635620117,2.103400230407715,0.195972740650177,0.19354484975337982,0.18772892653942108,https://wandb.ai/ememchijioke-university-of-klagenfurt/marl-uav-mission-no-formation/runs/qgyhqyu7
2026-05-16T17:47:32.258710,1429,3,16470.55803268242,1,3,0,2.0,0.15153579910596213,0.15871252119541168,0.11957574139038722,0.26718320449193317,0.02143258259942134,0,0.5926220417022705,0,LAND_B,LAND_B,LAND_B,2.126333475112915,2.125638008117676,2.105976104736328,0.19595956802368164,0.19477221369743347,0.18834267556667328,https://wandb.ai/ememchijioke-university-of-klagenfurt/marl-uav-mission-no-formation/runs/qgyhqyu7
2026-05-16T17:47:45.228573,1430,3,16349.37447377519,1,3,0,2.0,0.1556834727525711,0.15922796726226807,0.12477440387010574,0.26713202397028607,0.010403300945957502,0,0.597560703754425,0,LAND_B,LAND_B,LAND_B,2.124627113342285,2.1284120082855225,2.1197969913482666,0.19615967571735382,0.19412945210933685,0.18900355696678162,https://wandb.ai/ememchijioke-university-of-klagenfurt/marl-uav-mission-no-formation/runs/qgyhqyu7
2026-05-16T17:47:57.958432,1431,3,16357.334839013087,1,3,0,2.0,0.1507526089747747,0.15660348534584045,0.11889157940944035,0.2661233146985372,0.016226465503374737,0,0.5945331454277039,0,LAND_B,LAND_B,LAND_B,2.1237685680389404,2.1206552982330322,2.111091375350952,0.1956082284450531,0.19386808574199677,0.1885708123445511,https://wandb.ai/ememchijioke-university-of-klagenfurt/marl-uav-mission-no-formation/runs/qgyhqyu7
2026-05-16T17:48:10.864955,1432,3,16612.426476182445,1,3,0,2.0,0.14956844846407572,0.15377214550971985,0.11743515233198802,0.2680417100588481,0.007987555582076311,0,0.5954114198684692,0,LAND_B,LAND_B,LAND_B,2.1196515560150146,2.1195967197418213,2.1120474338531494,0.19538824260234833,0.1941373199224472,0.18835416436195374,https://wandb.ai/ememchijioke-university-of-klagenfurt/marl-uav-mission-no-formation/runs/qgyhqyu7
2026-05-16T17:48:23.144470,1433,3,16487.81639326314,1,3,0,2.0,0.15203284720579782,0.15799006819725037,0.12060660620530446,0.26672141750653583,0.015525031213959059,0,0.597014844417572,0,LAND_B,LAND_B,LAND_B,2.1190578937530518,2.126943349838257,2.114956855773926,0.19565898180007935,0.1935003250837326,0.1884155422449112,https://wandb.ai/ememchijioke-university-of-klagenfurt/marl-uav-mission-no-formation/runs/qgyhqyu7
2026-05-16T17:48:35.598093,1434,3,16309.150943961467,1,3,0,2.0,0.15522732337315878,0.16173219680786133,0.12446059783299764,0.2681310574213664,0.01709109265357256,0,0.5917513966560364,0,LAND_B,LAND_B,LAND_B,2.130220890045166,2.1286098957061768,2.114043712615967,0.19550277292728424,0.1940363645553589,0.1886831372976303,https://wandb.ai/ememchijioke-university-of-klagenfurt/marl-uav-mission-no-formation/runs/qgyhqyu7
2026-05-16T17:48:47.934039,1435,3,16909.527668024915,1,3,0,2.0,0.1530446062485377,0.16022059321403503,0.12207481265068054,0.26902220646540326,0.010504526047346493,0,0.600724458694458,0,LAND_B,LAND_B,LAND_B,2.1198883056640625,2.1298906803131104,2.1162338256835938,0.19547918438911438,0.19378340244293213,0.18751388788223267,https://wandb.ai/ememchijioke-university-of-klagenfurt/marl-uav-mission-no-formation/runs/qgyhqyu7
2026-05-16T17:49:01.205208,1436,3,16921.584199207144,1,3,0,2.0,0.1488300015528997,0.15256716310977936,0.11653141677379608,0.2665429512659709,0.0112450928427279,0,0.5991393327713013,0,LAND_B,LAND_B,LAND_B,2.1183478832244873,2.1118571758270264,2.11860728263855,0.19589199125766754,0.19375567138195038,0.1878727674484253,https://wandb.ai/ememchijioke-university-of-klagenfurt/marl-uav-mission-no-formation/runs/qgyhqyu7
2026-05-16T17:49:13.335054,1437,3,16889.736763825153,1,3,0,2.0,0.1506900191307068,0.1542011946439743,0.11901202549537022,0.2689472238222758,0.0065078808305164175,0,0.6076699495315552,0,LAND_B,LAND_B,LAND_B,2.118553876876831,2.1224353313446045,2.114950656890869,0.19572408497333527,0.19368073344230652,0.1878361850976944,https://wandb.ai/ememchijioke-university-of-klagenfurt/marl-uav-mission-no-formation/runs/qgyhqyu7
2026-05-16T17:49:26.443875,1438,3,16908.574157232557,1,3,0,2.0,0.15117321908473969,0.1533070206642151,0.11976683884859085,0.26685307423273724,0.007779450000574191,0,0.5958890318870544,0,LAND_B,LAND_B,LAND_B,2.1196296215057373,2.117171049118042,2.1217195987701416,0.19569309055805206,0.1931743323802948,0.1876731514930725,https://wandb.ai/ememchijioke-university-of-klagenfurt/marl-uav-mission-no-formation/runs/qgyhqyu7
2026-05-16T17:49:38.397796,1439,3,17107.308478971434,1,3,0,2.0,0.15084085365136465,0.1600009649991989,0.11908858269453049,0.26825571060180664,0.01595455827191472,0,0.6038318276405334,0,LAND_B,LAND_B,LAND_B,2.1272780895233154,2.1210110187530518,2.108257532119751,0.19609075784683228,0.19355091452598572,0.18800607323646545,https://wandb.ai/ememchijioke-university-of-klagenfurt/marl-uav-mission-no-formation/runs/qgyhqyu7
2026-05-16T17:49:51.808700,1440,3,16397.94956319743,1,3,0,2.0,0.1484482834736506,0.15481430292129517,0.11588690181573232,0.26388760407765705,0.01507065367574493,0,0.6029108762741089,0,LAND_B,LAND_B,LAND_B,2.116901397705078,2.122542142868042,2.1076605319976807,0.19619034230709076,0.19460242986679077,0.18747137486934662,https://wandb.ai/ememchijioke-university-of-klagenfurt/marl-uav-mission-no-formation/runs/qgyhqyu7
2026-05-16T17:50:04.699711,1441,3,16953.87569552652,1,3,0,2.0,0.14903704822063446,0.15599997341632843,0.11703418443600337,0.26655155420303345,0.007381725513065855,0,0.5958455204963684,0,LAND_B,LAND_B,LAND_B,2.1216139793395996,2.113820791244507,2.114562749862671,0.19637487828731537,0.19402208924293518,0.1863168627023697,https://wandb.ai/ememchijioke-university-of-klagenfurt/marl-uav-mission-no-formation/runs/qgyhqyu7
2026-05-16T17:50:17.783066,1442,3,17116.995314154254,1,3,0,2.0,0.1485606481631597,0.15846236050128937,0.11642597864071529,0.26578131318092346,0.010959908676644167,0,0.5953161716461182,0,LAND_B,LAND_B,LAND_B,2.1260826587677,2.1124439239501953,2.1105077266693115,0.19598659873008728,0.19339531660079956,0.1873420923948288,https://wandb.ai/ememchijioke-university-of-klagenfurt/marl-uav-mission-no-formation/runs/qgyhqyu7
2026-05-16T17:50:30.657577,1443,3,17048.14853344492,1,3,0,2.0,0.15066750844319662,0.15792445838451385,0.1194073036313057,0.26683281858762103,0.009837165397281447,0,0.5929304361343384,0,LAND_B,LAND_B,LAND_B,2.1187212467193604,2.1272199153900146,2.112070083618164,0.19590044021606445,0.19328832626342773,0.18631818890571594,https://wandb.ai/ememchijioke-university-of-klagenfurt/marl-uav-mission-no-formation/runs/qgyhqyu7
2026-05-16T17:50:43.383295,1444,3,17023.226868274818,1,3,0,2.0,0.149539386232694,0.15540309250354767,0.11786976456642151,0.2673461238543193,0.005482893941613535,0,0.6080871224403381,0,LAND_B,LAND_B,LAND_B,2.121824026107788,2.116755485534668,2.1139938831329346,0.19555726647377014,0.19351047277450562,0.18697576224803925,https://wandb.ai/ememchijioke-university-of-klagenfurt/marl-uav-mission-no-formation/runs/qgyhqyu7
2026-05-16T17:50:55.953235,1445,3,16855.140739267277,1,3,0,2.0,0.1508448471625646,0.15720871090888977,0.11969114591677983,0.2677889366944631,0.013870814659943184,0,0.6062644720077515,0,LAND_B,LAND_B,LAND_B,2.1237101554870605,2.114689588546753,2.1191012859344482,0.19534586369991302,0.19330863654613495,0.18658825755119324,https://wandb.ai/ememchijioke-university-of-klagenfurt/marl-uav-mission-no-formation/runs/qgyhqyu7
2026-05-16T17:51:07.833986,1446,3,16981.843370534898,1,3,0,2.0,0.15144787232081094,0.1565307229757309,0.12040725102027257,0.2686261435349782,0.014304966665804386,0,0.5977584719657898,0,LAND_B,LAND_B,LAND_B,2.1239171028137207,2.1213533878326416,2.1154019832611084,0.19538328051567078,0.19310641288757324,0.1870899498462677,https://wandb.ai/ememchijioke-university-of-klagenfurt/marl-uav-mission-no-formation/runs/qgyhqyu7
2026-05-16T17:51:20.846737,1447,3,16838.270582902387,1,3,0,2.0,0.1519882728656133,0.15450429916381836,0.12108857929706573,0.26624945799509686,0.01178952461729447,0,0.5921100974082947,0,LAND_B,LAND_B,LAND_B,2.1212544441223145,2.120814323425293,2.1200225353240967,0.19563031196594238,0.19301185011863708,0.18681466579437256,https://wandb.ai/ememchijioke-university-of-klagenfurt/marl-uav-mission-no-formation/runs/qgyhqyu7
2026-05-16T17:51:33.502855,1448,3,17151.670922835525,1,3,0,2.0,0.15103550255298615,0.15302976965904236,0.11983676503101985,0.26566527287165326,0.01753457821905613,0,0.609873354434967,0,LAND_B,LAND_B,LAND_B,2.1180150508880615,2.1157987117767334,2.123480796813965,0.19531092047691345,0.1928604394197464,0.18733836710453033,https://wandb.ai/ememchijioke-university-of-klagenfurt/marl-uav-mission-no-formation/runs/qgyhqyu7
2026-05-16T17:51:46.918809,1449,3,17142.220864520103,1,3,0,2.0,0.14761632680892944,0.15401583909988403,0.11552538971106212,0.2650073568026225,0.02012076259901126,0,0.6037501692771912,0,LAND_B,LAND_B,LAND_B,2.1203694343566895,2.1190097332000732,2.1059720516204834,0.1952422857284546,0.19319728016853333,0.1872018426656723,https://wandb.ai/ememchijioke-university-of-klagenfurt/marl-uav-mission-no-formation/runs/qgyhqyu7
2026-05-16T17:51:59.252244,1450,3,16948.546378328683,1,3,0,2.0,0.14992071191469827,0.1565234661102295,0.11891116450230281,0.2655552625656128,0.015616373624652624,0,0.6043593287467957,0,LAND_B,LAND_B,LAND_B,2.1239173412323,2.116441488265991,2.114875078201294,0.19450269639492035,0.19257302582263947,0.18679343163967133,https://wandb.ai/ememchijioke-university-of-klagenfurt/marl-uav-mission-no-formation/runs/qgyhqyu7
2026-05-16T17:52:11.788681,1451,3,15772.394011145423,1,3,0,2.0,0.15536585450172424,0.16042929887771606,0.12148422747850418,0.2857145170370738,0.022836559762557346,0,0.6056808829307556,0,LAND_B,LAND_B,LAND_B,2.125518560409546,2.1197614669799805,2.1185381412506104,0.19986332952976227,0.19793444871902466,0.1927202343940735,https://wandb.ai/ememchijioke-university-of-klagenfurt/marl-uav-mission-no-formation/runs/qgyhqyu7
2026-05-16T17:52:24.731730,1452,3,15747.750006659686,1,3,0,2.0,0.15204615890979767,0.15608011186122894,0.11744252840677898,0.28498026728630066,0.01593368997176488,0,0.6031370759010315,0,LAND_B,LAND_B,LAND_B,2.1202681064605713,2.1116864681243896,2.1194581985473633,0.19929605722427368,0.19770808517932892,0.19246521592140198,https://wandb.ai/ememchijioke-university-of-klagenfurt/marl-uav-mission-no-formation/runs/qgyhqyu7
2026-05-16T17:52:37.062659,1453,3,17164.023144104136,1,3,0,2.0,0.15104414025942484,0.15680265426635742,0.12020058433214824,0.2674826383590698,0.012896702780077854,0,0.599382221698761,0,LAND_B,LAND_B,LAND_B,2.1233861446380615,2.1268486976623535,2.110274076461792,0.19497503340244293,0.1921749711036682,0.1871446669101715,https://wandb.ai/ememchijioke-university-of-klagenfurt/marl-uav-mission-no-formation/runs/qgyhqyu7
2026-05-16T17:52:49.210764,1454,3,17006.330510872183,1,3,0,2.0,0.15008647739887238,0.1544434130191803,0.11899482955535252,0.26732813318570453,0.018336739391088486,0,0.5993366241455078,0,LAND_B,LAND_B,LAND_B,2.1192657947540283,2.1235904693603516,2.113968849182129,0.19483019411563873,0.19261641800403595,0.18689878284931183,https://wandb.ai/ememchijioke-university-of-klagenfurt/marl-uav-mission-no-formation/runs/qgyhqyu7
2026-05-16T17:53:01.439976,1455,3,17058.901389708513,1,3,0,2.0,0.15079420308272043,0.15644463896751404,0.11992432177066803,0.2666810254255931,0.013806038536131382,0,0.6059036254882812,0,LAND_B,LAND_B,LAND_B,2.124112129211426,2.1256041526794434,2.108752965927124,0.19456498324871063,0.19274099171161652,0.18686747550964355,https://wandb.ai/ememchijioke-university-of-klagenfurt/marl-uav-mission-no-formation/runs/qgyhqyu7
2026-05-16T17:53:15.805171,1456,3,16978.19084561466,1,3,0,2.0,0.15130896866321564,0.15889129042625427,0.12037974844376247,0.26782846450805664,0.013805402986084422,0,0.6108884215354919,0,LAND_B,LAND_B,LAND_B,2.1268563270568848,2.122629404067993,2.1102819442749023,0.19477687776088715,0.1930617392063141,0.18712326884269714,https://wandb.ai/ememchijioke-university-of-klagenfurt/marl-uav-mission-no-formation/runs/qgyhqyu7
2026-05-16T17:53:29.084442,1457,3,17183.588884032808,1,3,0,2.0,0.15339642763137817,0.16275420784950256,0.12304571022590001,0.2677597900231679,0.007197221353029211,0,0.6069704294204712,0,LAND_B,LAND_B,LAND_B,2.1316699981689453,2.1283531188964844,2.108541965484619,0.19503265619277954,0.19295087456703186,0.18662074208259583,https://wandb.ai/ememchijioke-university-of-klagenfurt/marl-uav-mission-no-formation/runs/qgyhqyu7
2026-05-16T17:53:42.449079,1458,3,17198.04717073484,1,3,0,2.0,0.15051265060901642,0.1558457463979721,0.11922220637400945,0.2659675379594167,0.013694004776577154,0,0.6060141921043396,0,LAND_B,LAND_B,LAND_B,2.1230814456939697,2.1194326877593994,2.114410161972046,0.19483882188796997,0.1931629478931427,0.18760336935520172,https://wandb.ai/ememchijioke-university-of-klagenfurt/marl-uav-mission-no-formation/runs/qgyhqyu7
2026-05-16T17:53:55.528282,1459,3,17091.024297441567,1,3,0,2.0,0.14880270262559256,0.15353821218013763,0.11747203022241592,0.26943865418434143,0.01098532478014628,0,0.5990764498710632,0,LAND_B,LAND_B,LAND_B,2.1207940578460693,2.1224730014801025,2.1087851524353027,0.1947614848613739,0.19234009087085724,0.18686676025390625,https://wandb.ai/ememchijioke-university-of-klagenfurt/marl-uav-mission-no-formation/runs/qgyhqyu7
2026-05-16T17:54:08.267992,1460,3,17178.87730588232,1,3,0,2.0,0.1495856593052546,0.15856163203716278,0.11803062508503596,0.26861141125361127,0.02337179270883401,0,0.5964950919151306,0,LAND_B,LAND_B,LAND_B,2.1183018684387207,2.1283161640167236,2.1070926189422607,0.19504857063293457,0.1931397169828415,0.18727071583271027,https://wandb.ai/ememchijioke-university-of-klagenfurt/marl-uav-mission-no-formation/runs/qgyhqyu7
2026-05-16T17:54:20.033684,1461,3,15746.250531540743,1,3,0,2.0,0.15193108717600504,0.15884289145469666,0.11699279646078746,0.28356237212816876,0.019145589632292587,0,0.5895503759384155,0,LAND_B,LAND_B,LAND_B,2.1168551445007324,2.1239075660705566,2.1097536087036133,0.1998368203639984,0.19880984723567963,0.1920640766620636,https://wandb.ai/ememchijioke-university-of-klagenfurt/marl-uav-mission-no-formation/runs/qgyhqyu7
2026-05-16T17:54:32.846985,1462,3,16947.720456203235,1,3,0,2.0,0.1495576153198878,0.15730872750282288,0.11832538992166519,0.2664316197236379,0.011163755630453428,0,0.6063074469566345,0,LAND_B,LAND_B,LAND_B,2.124931812286377,2.1129074096679688,2.1157867908477783,0.1945451945066452,0.19253985583782196,0.1871875673532486,https://wandb.ai/ememchijioke-university-of-klagenfurt/marl-uav-mission-no-formation/runs/qgyhqyu7
2026-05-16T17:54:44.654435,1463,3,17046.044953356264,1,3,0,2.0,0.15074392159779867,0.159107506275177,0.11987016101678212,0.27101489901542664,0.00640860750960807,0,0.610028088092804,0,LAND_B,LAND_B,LAND_B,2.1271719932556152,2.121185302734375,2.1100008487701416,0.19462768733501434,0.1924036145210266,0.18712490797042847,https://wandb.ai/ememchijioke-university-of-klagenfurt/marl-uav-mission-no-formation/runs/qgyhqyu7
2026-05-16T17:54:57.793459,1464,3,16946.099603163082,1,3,0,2.0,0.1513266364733378,0.15719422698020935,0.12019535154104233,0.2684670289357503,0.012713560524086157,0,0.6052981615066528,0,LAND_B,LAND_B,LAND_B,2.124723434448242,2.1178641319274902,2.117401123046875,0.19524070620536804,0.1928105503320694,0.18772485852241516,https://wandb.ai/ememchijioke-university-of-klagenfurt/marl-uav-mission-no-formation/runs/qgyhqyu7
2026-05-16T17:55:10.631985,1465,3,16928.823261076814,1,3,0,2.0,0.14803881446520487,0.15494783222675323,0.11625723292430241,0.2687133451302846,0.0137482521434625,0,0.5989774465560913,0,LAND_B,LAND_B,LAND_B,2.1216721534729004,2.1159236431121826,2.109813690185547,0.19523701071739197,0.19240272045135498,0.18730445206165314,https://wandb.ai/ememchijioke-university-of-klagenfurt/marl-uav-mission-no-formation/runs/qgyhqyu7
2026-05-16T17:55:22.804203,1466,3,16876.326548175748,1,3,0,2.0,0.15286749104658762,0.16083084046840668,0.12211405734221141,0.26603219906489056,0.011166412538538376,0,0.5997858643531799,0,LAND_B,LAND_B,LAND_B,2.1299564838409424,2.1185102462768555,2.1177868843078613,0.19471436738967896,0.1933158040046692,0.18775559961795807,https://wandb.ai/ememchijioke-university-of-klagenfurt/marl-uav-mission-no-formation/runs/qgyhqyu7
2026-05-16T17:55:35.724917,1467,3,17049.491747663407,1,3,0,2.0,0.1496062328418096,0.15730053186416626,0.11781057963768642,0.26874985297520954,0.01574641776581605,0,0.6003540754318237,0,LAND_B,LAND_B,LAND_B,2.1247775554656982,2.1186389923095703,2.109025478363037,0.19537147879600525,0.19334112107753754,0.18787850439548492,https://wandb.ai/ememchijioke-university-of-klagenfurt/marl-uav-mission-no-formation/runs/qgyhqyu7
2026-05-16T17:55:49.446113,1468,3,16874.72256175659,1,3,0,2.0,0.1483095039923986,0.1551310122013092,0.11646298070748647,0.2652296821276347,0.013454102911055088,0,0.606707751750946,0,LAND_B,LAND_B,LAND_B,2.122769832611084,2.1130287647247314,2.113107204437256,0.19451060891151428,0.1932447999715805,0.18763570487499237,https://wandb.ai/ememchijioke-university-of-klagenfurt/marl-uav-mission-no-formation/runs/qgyhqyu7
2026-05-16T17:56:01.811312,1469,3,17005.761894847783,1,3,0,2.0,0.15212017794450125,0.15479418635368347,0.12122848133246104,0.2670077383518219,0.013678499419863025,0,0.6112118363380432,0,LAND_B,LAND_B,LAND_B,2.1217308044433594,2.1189193725585938,2.1218953132629395,0.19456997513771057,0.1932252198457718,0.18775729835033417,https://wandb.ai/ememchijioke-university-of-klagenfurt/marl-uav-mission-no-formation/runs/qgyhqyu7
2026-05-16T17:56:14.814962,1470,3,16905.22048940608,1,3,0,2.0,0.15169226626555124,0.1596473753452301,0.12049553543329239,0.26637659470240277,0.014746275264769793,0,0.5936342477798462,0,LAND_B,LAND_B,LAND_B,2.1283071041107178,2.1109251976013184,2.1209781169891357,0.19483765959739685,0.19383595883846283,0.18737170100212097,https://wandb.ai/ememchijioke-university-of-klagenfurt/marl-uav-mission-no-formation/runs/qgyhqyu7
2026-05-16T17:56:27.179955,1471,3,15722.535517964463,1,3,0,2.0,0.1547002891699473,0.16184967756271362,0.12018046528100967,0.28437458475430805,0.01631224372734626,0,0.5951900482177734,0,LAND_B,LAND_B,LAND_B,2.127260684967041,2.117734909057617,2.114969491958618,0.19986645877361298,0.19835695624351501,0.19395248591899872,https://wandb.ai/ememchijioke-university-of-klagenfurt/marl-uav-mission-no-formation/runs/qgyhqyu7
2026-05-16T17:56:39.397988,1472,3,17212.49810698022,1,3,0,2.0,0.147897407412529,0.15147289633750916,0.11595629652341206,0.2672826647758484,0.012879634896914164,0,0.5980265140533447,0,LAND_B,LAND_B,LAND_B,2.1163666248321533,2.119297742843628,2.1115875244140625,0.19430506229400635,0.19333620369434357,0.18775278329849243,https://wandb.ai/ememchijioke-university-of-klagenfurt/marl-uav-mission-no-formation/runs/qgyhqyu7
2026-05-16T17:56:51.541157,1473,3,17017.55342547113,1,3,0,2.0,0.14932531615098318,0.16192631423473358,0.1173837607105573,0.268473744392395,0.013099847051004568,0,0.6012407541275024,0,LAND_B,LAND_B,LAND_B,2.1309356689453125,2.117457389831543,2.103421688079834,0.19487521052360535,0.1936347782611847,0.18800564110279083,https://wandb.ai/ememchijioke-university-of-klagenfurt/marl-uav-mission-no-formation/runs/qgyhqyu7
2026-05-16T17:57:04.622913,1474,3,16964.413958098354,1,3,0,2.0,0.15202457209428152,0.16035856306552887,0.12093883007764816,0.2661385436852773,0.010143326129764318,0,0.6063923835754395,0,LAND_B,LAND_B,LAND_B,2.1289162635803223,2.1126177310943604,2.120666742324829,0.1950003057718277,0.19359906017780304,0.18741366267204285,https://wandb.ai/ememchijioke-university-of-klagenfurt/marl-uav-mission-no-formation/runs/qgyhqyu7
2026-05-16T17:57:16.254942,1475,3,17125.878085480297,1,3,0,2.0,0.1518396387497584,0.16352953016757965,0.12062367548545201,0.2662718991438548,0.012840213564534983,0,0.6066163778305054,0,LAND_B,LAND_B,LAND_B,2.132617473602295,2.119997024536133,2.108564615249634,0.19496352970600128,0.19366435706615448,0.18779991567134857,https://wandb.ai/ememchijioke-university-of-klagenfurt/marl-uav-mission-no-formation/runs/qgyhqyu7
2026-05-16T17:57:28.740739,1476,3,17001.23421734008,1,3,0,2.0,0.15222174425919852,0.1611516922712326,0.12137777854998906,0.2674461007118225,0.015657248285909493,0,0.5950524210929871,0,LAND_B,LAND_B,LAND_B,2.1302802562713623,2.117743492126465,2.115818977355957,0.19453655183315277,0.1932583749294281,0.18767666816711426,https://wandb.ai/ememchijioke-university-of-klagenfurt/marl-uav-mission-no-formation/runs/qgyhqyu7
2026-05-16T17:57:41.947870,1477,3,16892.55488847433,1,3,0,2.0,0.15248208244641623,0.1580996960401535,0.12146150569121043,0.268008828163147,0.011925948473314444,0,0.6021644473075867,0,LAND_B,LAND_B,LAND_B,2.12621808052063,2.121013879776001,2.116990089416504,0.1950123906135559,0.19357839226722717,0.18794581294059753,https://wandb.ai/ememchijioke-university-of-klagenfurt/marl-uav-mission-no-formation/runs/qgyhqyu7
2026-05-16T17:57:54.453220,1478,3,16890.288174001253,1,3,0,2.0,0.15500720838705698,0.15774443745613098,0.12460415065288544,0.26869650681813556,0.011495776008814573,0,0.5962234139442444,0,LAND_B,LAND_B,LAND_B,2.120440721511841,2.1267476081848145,2.126542568206787,0.19445426762104034,0.19385205209255219,0.1880863606929779,https://wandb.ai/ememchijioke-university-of-klagenfurt/marl-uav-mission-no-formation/runs/qgyhqyu7
2026-05-16T17:58:07.124637,1479,3,16903.200119984383,1,3,0,2.0,0.15090356767177582,0.15859778225421906,0.11963003873825073,0.26814165711402893,0.016468997113406658,0,0.5978173613548279,0,LAND_B,LAND_B,LAND_B,2.1267242431640625,2.119222402572632,2.112382173538208,0.19497722387313843,0.19320790469646454,0.18772272765636444,https://wandb.ai/ememchijioke-university-of-klagenfurt/marl-uav-mission-no-formation/runs/qgyhqyu7
2026-05-16T17:58:19.713339,1480,3,15899.288482331705,1,3,0,2.0,0.15205814441045126,0.16121946275234222,0.12057230124870937,0.26727237304051715,0.011234895636638006,0,0.5994538068771362,0,LAND_B,LAND_B,LAND_B,2.1302895545959473,2.1159136295318604,2.1152262687683105,0.19491229951381683,0.19443006813526154,0.18842190504074097,https://wandb.ai/ememchijioke-university-of-klagenfurt/marl-uav-mission-no-formation/runs/qgyhqyu7
2026-05-16T17:58:31.612228,1481,3,15624.321409717852,1,3,0,2.0,0.15629719197750092,0.15978482365608215,0.12222534666458766,0.28253331780433655,0.010342085268348455,0,0.597831666469574,0,LAND_B,LAND_B,LAND_B,2.1246650218963623,2.1214966773986816,2.1204299926757812,0.19994446635246277,0.19880259037017822,0.1934656798839569,https://wandb.ai/ememchijioke-university-of-klagenfurt/marl-uav-mission-no-formation/runs/qgyhqyu7
2026-05-16T17:58:43.866401,1482,3,17118.617978947703,1,3,0,2.0,0.1557603875796,0.1628422886133194,0.1258187716205915,0.26702871918678284,0.01126417238265276,0,0.6039628982543945,0,LAND_B,LAND_B,LAND_B,2.1326019763946533,2.123786211013794,2.1208972930908203,0.19447587430477142,0.1937582939863205,0.18716122210025787,https://wandb.ai/ememchijioke-university-of-klagenfurt/marl-uav-mission-no-formation/runs/qgyhqyu7
2026-05-16T17:58:56.410425,1483,3,15609.594488456662,1,3,0,2.0,0.1552871416012446,0.1580548733472824,0.12106399238109589,0.28106406331062317,0.010532507711711029,0,0.5936861038208008,0,LAND_B,LAND_B,LAND_B,2.1211588382720947,2.1225850582122803,2.1189239025115967,0.19964775443077087,0.1993056833744049,0.19275397062301636,https://wandb.ai/ememchijioke-university-of-klagenfurt/marl-uav-mission-no-formation/runs/qgyhqyu7
2026-05-16T17:59:09.453690,1484,3,16968.82805698784,1,3,0,2.0,0.14896182715892792,0.15830883383750916,0.11702465265989304,0.26997918883959454,0.012688140540073315,0,0.5944764614105225,0,LAND_B,LAND_B,LAND_B,2.1262991428375244,2.1177687644958496,2.106067657470703,0.19517524540424347,0.19368694722652435,0.18752069771289825,https://wandb.ai/ememchijioke-university-of-klagenfurt/marl-uav-mission-no-formation/runs/qgyhqyu7
2026-05-16T17:59:21.574957,1485,3,16928.38253555564,1,3,0,2.0,0.15419651567935944,0.15814456343650818,0.12340864539146423,0.26609236001968384,0.014484887787451347,0,0.6077343821525574,0,LAND_B,LAND_B,LAND_B,2.124890089035034,2.1256000995635986,2.1178603172302246,0.1952664703130722,0.19427837431430817,0.18779855966567993,https://wandb.ai/ememchijioke-university-of-klagenfurt/marl-uav-mission-no-formation/runs/qgyhqyu7
2026-05-16T17:59:33.726358,1486,3,16990.211630661917,1,3,0,2.0,0.1512474666039149,0.15589562058448792,0.1196539377172788,0.26673246423403424,0.02440941830476125,0,0.6089118719100952,0,LAND_B,LAND_B,LAND_B,2.122014045715332,2.1154582500457764,2.120295286178589,0.1957864761352539,0.1939263939857483,0.18764740228652954,https://wandb.ai/ememchijioke-university-of-klagenfurt/marl-uav-mission-no-formation/runs/qgyhqyu7
2026-05-16T17:59:46.611054,1487,3,16987.38119552237,1,3,0,2.0,0.15185165901978812,0.1560659110546112,0.12035780648390453,0.2652057607968648,0.02303252120812734,0,0.5910143256187439,0,LAND_B,LAND_B,LAND_B,2.121060609817505,2.1241109371185303,2.1154232025146484,0.19537882506847382,0.19411644339561462,0.18824775516986847,https://wandb.ai/ememchijioke-university-of-klagenfurt/marl-uav-mission-no-formation/runs/qgyhqyu7
2026-05-16T17:59:58.410094,1488,3,17012.362062131968,1,3,0,2.0,0.14868584275245667,0.15042321383953094,0.11649341881275177,0.26735766728719074,0.013859586169322332,0,0.6020578742027283,0,LAND_B,LAND_B,LAND_B,2.1162219047546387,2.1156017780303955,2.117579936981201,0.19547370076179504,0.19376182556152344,0.1877966970205307,https://wandb.ai/ememchijioke-university-of-klagenfurt/marl-uav-mission-no-formation/runs/qgyhqyu7
2026-05-16T18:00:11.092447,1489,3,16974.360206953446,1,3,0,2.0,0.1493626038233439,0.15927313268184662,0.11717270314693451,0.2662000358104706,0.011552920875449976,0,0.6034818887710571,0,LAND_B,LAND_B,LAND_B,2.1270127296447754,2.1138079166412354,2.1097023487091064,0.19519023597240448,0.19437114894390106,0.18814988434314728,https://wandb.ai/ememchijioke-university-of-klagenfurt/marl-uav-mission-no-formation/runs/qgyhqyu7
2026-05-16T18:00:24.242796,1490,3,17138.647708791792,1,3,0,2.0,0.1507100760936737,0.1558443158864975,0.11927437285582225,0.26782089471817017,0.01709675540526708,0,0.6100265383720398,0,LAND_B,LAND_B,LAND_B,2.122225284576416,2.124006509780884,2.110398292541504,0.19543074071407318,0.19371803104877472,0.18720100820064545,https://wandb.ai/ememchijioke-university-of-klagenfurt/marl-uav-mission-no-formation/runs/qgyhqyu7
2026-05-16T18:00:36.460890,1491,3,17081.051773297153,1,3,0,2.0,0.1460048109292984,0.1512656956911087,0.1128864735364914,0.2645605107148488,0.012620209871480862,0,0.5942015051841736,0,LAND_B,LAND_B,LAND_B,2.1113600730895996,2.1184561252593994,2.1085755825042725,0.19594088196754456,0.19375453889369965,0.1879810243844986,https://wandb.ai/ememchijioke-university-of-klagenfurt/marl-uav-mission-no-formation/runs/qgyhqyu7
2026-05-16T18:00:49.532645,1492,3,17075.553208022844,1,3,0,2.0,0.14906972150007883,0.1578945368528366,0.11701394120852153,0.2677330772082011,0.011797615326941013,0,0.6005220413208008,0,LAND_B,LAND_B,LAND_B,2.1252541542053223,2.1151914596557617,2.110133171081543,0.19576410949230194,0.19354677200317383,0.18769700825214386,https://wandb.ai/ememchijioke-university-of-klagenfurt/marl-uav-mission-no-formation/runs/qgyhqyu7
2026-05-16T18:01:01.811275,1493,3,16872.829820120773,1,3,0,2.0,0.15189016858736673,0.15486173331737518,0.12058291087547938,0.26895957191785175,0.016727809173365433,0,0.5942797064781189,0,LAND_B,LAND_B,LAND_B,2.122141122817993,2.118849039077759,2.120302677154541,0.19513684511184692,0.19379106163978577,0.1880645453929901,https://wandb.ai/ememchijioke-university-of-klagenfurt/marl-uav-mission-no-formation/runs/qgyhqyu7
2026-05-16T18:01:14.749836,1494,3,17155.397666108933,1,3,0,2.0,0.1491327335437139,0.15287669003009796,0.11714773376782735,0.2673515776793162,0.011869589798152447,0,0.6077528595924377,0,LAND_B,LAND_B,LAND_B,2.1187961101531982,2.115647077560425,2.1161327362060547,0.19531026482582092,0.19382044672966003,0.18765097856521606,https://wandb.ai/ememchijioke-university-of-klagenfurt/marl-uav-mission-no-formation/runs/qgyhqyu7
2026-05-16T18:01:26.665799,1495,3,16876.502942153278,1,3,0,2.0,0.15040041009585062,0.1566014587879181,0.11846627046664555,0.2661341031392415,0.01315352569023768,0,0.5979722738265991,0,LAND_B,LAND_B,LAND_B,2.123664617538452,2.113227605819702,2.1180965900421143,0.19590479135513306,0.19376695156097412,0.18816226720809937,https://wandb.ai/ememchijioke-university-of-klagenfurt/marl-uav-mission-no-formation/runs/qgyhqyu7
2026-05-16T18:01:38.704262,1496,3,17195.89002925828,1,3,0,2.0,0.14776613314946493,0.15185952186584473,0.1153243084748586,0.26529815793037415,0.011844700512786707,0,0.6082420945167542,0,LAND_B,LAND_B,LAND_B,2.117220878601074,2.1188395023345947,2.1090197563171387,0.19566865265369415,0.19385825097560883,0.18761929869651794,https://wandb.ai/ememchijioke-university-of-klagenfurt/marl-uav-mission-no-formation/runs/qgyhqyu7
2026-05-16T18:01:51.265916,1497,3,17053.831080935703,1,3,0,2.0,0.15118410189946493,0.15862330794334412,0.11952014019091924,0.2650764286518097,0.02311129868030548,0,0.598285436630249,0,LAND_B,LAND_B,LAND_B,2.126617908477783,2.1129424571990967,2.118617057800293,0.19537635147571564,0.19405505061149597,0.18810144066810608,https://wandb.ai/ememchijioke-university-of-klagenfurt/marl-uav-mission-no-formation/runs/qgyhqyu7
2026-05-16T18:02:04.386390,1498,3,17182.374698160704,1,3,0,2.0,0.1475415031115214,0.1518130898475647,0.11498440057039261,0.26687027017275494,0.01988678363462289,0,0.6011934280395508,0,LAND_B,LAND_B,LAND_B,2.117201805114746,2.1191134452819824,2.1082520484924316,0.19535712897777557,0.19412218034267426,0.18785838782787323,https://wandb.ai/ememchijioke-university-of-klagenfurt/marl-uav-mission-no-formation/runs/qgyhqyu7
2026-05-16T18:02:16.996573,1499,3,16513.071800493035,1,3,0,2.0,0.15191100537776947,0.15831367671489716,0.12040300170580547,0.26814127961794537,0.013598951511085033,0,0.6053286194801331,0,LAND_B,LAND_B,LAND_B,2.1258671283721924,2.122619390487671,2.112058162689209,0.1952710598707199,0.19381825625896454,0.18876059353351593,https://wandb.ai/ememchijioke-university-of-klagenfurt/marl-uav-mission-no-formation/runs/qgyhqyu7
2026-05-16T18:02:29.615488,1500,3,16531.65011278486,1,3,0,2.0,0.1494877686103185,0.1574239283800125,0.11724001665910085,0.2662281394004822,0.012353146138290564,0,0.5972777009010315,0,LAND_B,LAND_B,LAND_B,2.12496018409729,2.114326238632202,2.1117756366729736,0.1956998109817505,0.19450873136520386,0.18793556094169617,https://wandb.ai/ememchijioke-university-of-klagenfurt/marl-uav-mission-no-formation/runs/qgyhqyu7
2026-05-16T18:02:42.414711,1501,3,16833.68097626395,1,3,0,2.0,0.15322648485501608,0.15817947685718536,0.12235094110171,0.26790324846903485,0.020473069821794827,0,0.5987954139709473,0,LAND_B,LAND_B,LAND_B,2.1262781620025635,2.119166612625122,2.12135910987854,0.19515158236026764,0.19408035278320312,0.1873704195022583,https://wandb.ai/ememchijioke-university-of-klagenfurt/marl-uav-mission-no-formation/runs/qgyhqyu7
2026-05-16T18:02:56.415239,1502,3,16893.078242543288,1,3,0,2.0,0.15068014959494272,0.1528327614068985,0.11932710806528728,0.2674298584461212,0.013344948490460714,0,0.6024543642997742,0,LAND_B,LAND_B,LAND_B,2.1194844245910645,2.118605136871338,2.1195497512817383,0.19525612890720367,0.19370663166046143,0.18690751492977142,https://wandb.ai/ememchijioke-university-of-klagenfurt/marl-uav-mission-no-formation/runs/qgyhqyu7
2026-05-16T18:03:08.957274,1503,3,16965.735842076185,1,3,0,2.0,0.14970962703227997,0.1510230153799057,0.11831003427505493,0.2670731246471405,0.020054496824741364,0,0.6025137305259705,0,LAND_B,LAND_B,LAND_B,2.1166317462921143,2.1160809993743896,2.121166944503784,0.19474969804286957,0.19326017796993256,0.18695619702339172,https://wandb.ai/ememchijioke-university-of-klagenfurt/marl-uav-mission-no-formation/runs/qgyhqyu7
2026-05-16T18:03:21.208311,1504,3,17029.268550409004,1,3,0,2.0,0.1518236051003138,0.15822426974773407,0.12094188233216603,0.2666258414586385,0.01355894049629569,0,0.6051856279373169,0,LAND_B,LAND_B,LAND_B,2.1254892349243164,2.1186935901641846,2.1172032356262207,0.19477014243602753,0.19371436536312103,0.1867886632680893,https://wandb.ai/ememchijioke-university-of-klagenfurt/marl-uav-mission-no-formation/runs/qgyhqyu7
2026-05-16T18:03:33.383052,1505,3,16898.231586720973,1,3,0,2.0,0.15219931801160178,0.15549959242343903,0.12115172545115153,0.2666081289450328,0.013733850636829933,0,0.603788435459137,0,LAND_B,LAND_B,LAND_B,2.122126579284668,2.121417999267578,2.118497133255005,0.19518814980983734,0.19381994009017944,0.18732136487960815,https://wandb.ai/ememchijioke-university-of-klagenfurt/marl-uav-mission-no-formation/runs/qgyhqyu7
2026-05-16T18:03:45.038683,1506,3,17133.488779848783,1,3,0,2.0,0.15362484256426492,0.1601671427488327,0.12327164908250172,0.2697633405526479,0.009171051438897848,0,0.602635383605957,0,LAND_B,LAND_B,LAND_B,2.1285665035247803,2.1251888275146484,2.1154301166534424,0.19501814246177673,0.1931147426366806,0.1868920624256134,https://wandb.ai/ememchijioke-university-of-klagenfurt/marl-uav-mission-no-formation/runs/qgyhqyu7
2026-05-16T18:03:58.932346,1507,3,17104.156163625146,1,3,0,2.0,0.15059036016464233,0.15254509449005127,0.1193845843275388,0.2676141560077667,0.018769959608713787,0,0.6062583923339844,0,LAND_B,LAND_B,LAND_B,2.1189773082733154,2.1209001541137695,2.117849349975586,0.19482968747615814,0.19300182163715363,0.18745964765548706,https://wandb.ai/ememchijioke-university-of-klagenfurt/marl-uav-mission-no-formation/runs/qgyhqyu7
2026-05-16T18:04:12.817755,1508,3,16857.471257615263,1,3,0,2.0,0.15489492317040762,0.15766017138957977,0.12467626978953679,0.26739129424095154,0.01556423120200634,0,0.5939123034477234,0,LAND_B,LAND_B,LAND_B,2.1254639625549316,2.1250698566436768,2.12331485748291,0.19533857703208923,0.19326072931289673,0.18705961108207703,https://wandb.ai/ememchijioke-university-of-klagenfurt/marl-uav-mission-no-formation/runs/qgyhqyu7
2026-05-16T18:04:26.107463,1509,3,17171.299204079794,1,3,0,2.0,0.15427357951800028,0.16330687701702118,0.12424670159816742,0.2688727875550588,0.015961141946415108,0,0.5913386344909668,0,LAND_B,LAND_B,LAND_B,2.132981061935425,2.125735282897949,2.113501787185669,0.19478976726531982,0.19274985790252686,0.18674324452877045,https://wandb.ai/ememchijioke-university-of-klagenfurt/marl-uav-mission-no-formation/runs/qgyhqyu7
2026-05-16T18:04:38.847704,1510,3,16864.00292471477,1,3,0,2.0,0.1530105471611023,0.15579994022846222,0.12238114327192307,0.27017028133074444,0.013207021324584881,0,0.6025207042694092,0,LAND_B,LAND_B,LAND_B,2.123472213745117,2.120180606842041,2.1231319904327393,0.1950157731771469,0.19277477264404297,0.18760542571544647,https://wandb.ai/ememchijioke-university-of-klagenfurt/marl-uav-mission-no-formation/runs/qgyhqyu7
2026-05-16T18:04:51.834643,1511,3,16908.066549994026,1,3,0,2.0,0.15223232408364615,0.1619163453578949,0.12166155129671097,0.2688709596792857,0.0067168174621959524,0,0.6030089855194092,0,LAND_B,LAND_B,LAND_B,2.1315150260925293,2.1147923469543457,2.118429660797119,0.1944379210472107,0.19266757369041443,0.18718382716178894,https://wandb.ai/ememchijioke-university-of-klagenfurt/marl-uav-mission-no-formation/runs/qgyhqyu7
2026-05-16T18:05:04.122826,1512,3,16890.117285736404,1,3,0,2.0,0.1519825557867686,0.1613795906305313,0.12097661942243576,0.26906553904215497,0.008285717262576023,0,0.5936575531959534,0,LAND_B,LAND_B,LAND_B,2.130262851715088,2.111152172088623,2.119320869445801,0.19480758905410767,0.19345858693122864,0.1873701810836792,https://wandb.ai/ememchijioke-university-of-klagenfurt/marl-uav-mission-no-formation/runs/qgyhqyu7
2026-05-16T18:05:16.831439,1513,3,17003.185325350358,1,3,0,2.0,0.15118290483951569,0.15948818624019623,0.11998237669467926,0.2652806341648102,0.01723315396035711,0,0.6032525897026062,0,LAND_B,LAND_B,LAND_B,2.1279022693634033,2.1237590312957764,2.1080374717712402,0.19515058398246765,0.19322779774665833,0.18745075166225433,https://wandb.ai/ememchijioke-university-of-klagenfurt/marl-uav-mission-no-formation/runs/qgyhqyu7
2026-05-16T18:05:29.883142,1514,3,17139.54575365861,1,3,0,2.0,0.15198431412378946,0.16214405000209808,0.12093899150689442,0.26755430301030475,0.011754195671528578,0,0.6057803630828857,0,LAND_B,LAND_B,LAND_B,2.1300690174102783,2.1174535751342773,2.113102674484253,0.19504179060459137,0.1933480203151703,0.18763011693954468,https://wandb.ai/ememchijioke-university-of-klagenfurt/marl-uav-mission-no-formation/runs/qgyhqyu7
2026-05-16T18:05:43.961916,1515,3,17258.471874929557,1,3,0,2.0,0.14514409999052683,0.15066589415073395,0.11269530405600865,0.2691812018553416,0.016903390487035114,0,0.60520339012146,0,LAND_B,LAND_B,LAND_B,2.113306760787964,2.1184656620025635,2.105816125869751,0.19492384791374207,0.19303250312805176,0.18639488518238068,https://wandb.ai/ememchijioke-university-of-klagenfurt/marl-uav-mission-no-formation/runs/qgyhqyu7
2026-05-16T18:05:55.893096,1516,3,17300.81663223668,1,3,0,2.0,0.14999428888161978,0.15728941559791565,0.11871981869141261,0.2688356737295787,0.014142805399994055,0,0.5988542437553406,0,LAND_B,LAND_B,LAND_B,2.123892068862915,2.116971969604492,2.1137022972106934,0.19483931362628937,0.19322949647903442,0.1869039088487625,https://wandb.ai/ememchijioke-university-of-klagenfurt/marl-uav-mission-no-formation/runs/qgyhqyu7
2026-05-16T18:06:07.998505,1517,3,17214.707023217783,1,3,0,2.0,0.14635389546553293,0.15165743231773376,0.11410927772521973,0.2647230625152588,0.009853536263108253,0,0.603687584400177,0,LAND_B,LAND_B,LAND_B,2.1180083751678467,2.1116039752960205,2.1124579906463623,0.19504454731941223,0.19303962588310242,0.18676398694515228,https://wandb.ai/ememchijioke-university-of-klagenfurt/marl-uav-mission-no-formation/runs/qgyhqyu7
2026-05-16T18:06:20.518489,1518,3,16810.665617289233,1,3,0,2.0,0.15017968912919363,0.15517091751098633,0.11888141930103302,0.2666182319323222,0.016217701137065887,0,0.6027580499649048,0,LAND_B,LAND_B,LAND_B,2.122260332107544,2.1190104484558105,2.1143739223480225,0.19486311078071594,0.19322893023490906,0.18719901144504547,https://wandb.ai/ememchijioke-university-of-klagenfurt/marl-uav-mission-no-formation/runs/qgyhqyu7
2026-05-16T18:06:33.736042,1519,3,15675.368578498115,1,3,0,2.0,0.157013068596522,0.1613406389951706,0.12328942616780598,0.28138984243075055,0.010558481172968944,0,0.5943406820297241,0,LAND_B,LAND_B,LAND_B,2.1214518547058105,2.1272013187408447,2.1210520267486572,0.1999136507511139,0.19924937188625336,0.1924251914024353,https://wandb.ai/ememchijioke-university-of-klagenfurt/marl-uav-mission-no-formation/runs/qgyhqyu7
2026-05-16T18:06:46.436129,1520,3,16983.925885696044,1,3,0,2.0,0.15397698680559793,0.16014759242534637,0.12375703950723012,0.266226460536321,0.00927015106814603,0,0.591474175453186,0,LAND_B,LAND_B,LAND_B,2.1292502880096436,2.125361442565918,2.1161932945251465,0.19454243779182434,0.1936088651418686,0.1866835206747055,https://wandb.ai/ememchijioke-university-of-klagenfurt/marl-uav-mission-no-formation/runs/qgyhqyu7
2026-05-16T18:06:59.471437,1521,3,16957.11401387431,1,3,0,2.0,0.1524072140455246,0.15540488064289093,0.12158576647440593,0.26694151759147644,0.010921733764310678,0,0.6034348607063293,0,LAND_B,LAND_B,LAND_B,2.122926950454712,2.119673728942871,2.1216883659362793,0.19457775354385376,0.19381314516067505,0.18716779351234436,https://wandb.ai/ememchijioke-university-of-klagenfurt/marl-uav-mission-no-formation/runs/qgyhqyu7
2026-05-16T18:07:11.730001,1522,3,15970.62356981049,1,3,0,2.0,0.1542635808388392,0.16518129408359528,0.11952479680379231,0.28065041700998944,0.01473635776589314,0,0.6024186611175537,0,LAND_B,LAND_B,LAND_B,2.1309611797332764,2.112700939178467,2.113689661026001,0.19985802471637726,0.19932487607002258,0.19307644665241241,https://wandb.ai/ememchijioke-university-of-klagenfurt/marl-uav-mission-no-formation/runs/qgyhqyu7
2026-05-16T18:07:24.295901,1523,3,16950.120151331994,1,3,0,2.0,0.14882087210814157,0.15602193772792816,0.11702301353216171,0.2666916648546855,0.009052690428992113,0,0.5942023396492004,0,LAND_B,LAND_B,LAND_B,2.123979330062866,2.114220380783081,2.112373113632202,0.1946406215429306,0.193708136677742,0.18740314245224,https://wandb.ai/ememchijioke-university-of-klagenfurt/marl-uav-mission-no-formation/runs/qgyhqyu7
2026-05-16T18:07:36.084950,1524,3,17333.260768866887,1,3,0,2.0,0.1454345385233561,0.1500445008277893,0.11305795361598332,0.2680805226167043,0.011361596329758564,0,0.6007689237594604,0,LAND_B,LAND_B,LAND_B,2.1162993907928467,2.1153106689453125,2.1072452068328857,0.19452156126499176,0.19287922978401184,0.18704654276371002,https://wandb.ai/ememchijioke-university-of-klagenfurt/marl-uav-mission-no-formation/runs/qgyhqyu7
2026-05-16T18:07:47.460279,1525,3,17040.46005130517,1,3,0,2.0,0.14889511466026306,0.15292927622795105,0.1172385240594546,0.2645793855190277,0.017714570897320907,0,0.5968083143234253,0,LAND_B,LAND_B,LAND_B,2.11902117729187,2.1212689876556396,2.110910654067993,0.19510023295879364,0.19315499067306519,0.18708691000938416,https://wandb.ai/ememchijioke-university-of-klagenfurt/marl-uav-mission-no-formation/runs/qgyhqyu7
2026-05-16T18:07:59.716021,1526,3,16948.525947238217,1,3,0,2.0,0.15094619989395142,0.15553778409957886,0.11989475041627884,0.2686795194943746,0.016131942781309288,0,0.6050611734390259,0,LAND_B,LAND_B,LAND_B,2.123063325881958,2.1172473430633545,2.118943691253662,0.19484828412532806,0.1930302232503891,0.18714410066604614,https://wandb.ai/ememchijioke-university-of-klagenfurt/marl-uav-mission-no-formation/runs/qgyhqyu7
2026-05-16T18:08:12.645940,1527,3,17261.145322890825,1,3,0,2.0,0.14802800118923187,0.15655207633972168,0.11608165750900905,0.2665850718816121,0.012404279317706823,0,0.6092944741249084,0,LAND_B,LAND_B,LAND_B,2.122757911682129,2.1123385429382324,2.111222505569458,0.19528110325336456,0.19304406642913818,0.18715901672840118,https://wandb.ai/ememchijioke-university-of-klagenfurt/marl-uav-mission-no-formation/runs/qgyhqyu7
2026-05-16T18:08:25.442119,1528,3,16857.290462225046,1,3,0,2.0,0.15278188387552896,0.1576026827096939,0.12230570365985234,0.26816893617312115,0.018915105300645035,0,0.6023889780044556,0,LAND_B,LAND_B,LAND_B,2.1251449584960938,2.1227457523345947,2.117307424545288,0.19451944530010223,0.19292066991329193,0.18724393844604492,https://wandb.ai/ememchijioke-university-of-klagenfurt/marl-uav-mission-no-formation/runs/qgyhqyu7
2026-05-16T18:08:38.764981,1529,3,17231.857628000802,1,3,0,2.0,0.1498004049062729,0.1517888307571411,0.11832305540641148,0.2665928900241852,0.010447164997458458,0,0.596937894821167,0,LAND_B,LAND_B,LAND_B,2.1167891025543213,2.1184189319610596,2.1179556846618652,0.19495929777622223,0.19365741312503815,0.18685832619667053,https://wandb.ai/ememchijioke-university-of-klagenfurt/marl-uav-mission-no-formation/runs/qgyhqyu7
2026-05-16T18:08:52.226486,1530,3,17079.725399762057,1,3,0,2.0,0.15240073204040527,0.16357102990150452,0.12155131250619888,0.2667329013347626,0.014404014373819033,0,0.6055127382278442,0,LAND_B,LAND_B,LAND_B,2.132460832595825,2.1182618141174316,2.113405227661133,0.19532620906829834,0.19324740767478943,0.18707521259784698,https://wandb.ai/ememchijioke-university-of-klagenfurt/marl-uav-mission-no-formation/runs/qgyhqyu7
2026-05-16T18:09:05.512125,1531,3,17219.598630739012,1,3,0,2.0,0.1498627116282781,0.15423189103603363,0.11779046307007472,0.2678753932317098,0.009986053841809431,0,0.6000696420669556,0,LAND_B,LAND_B,LAND_B,2.11625075340271,2.121896743774414,2.114206552505493,0.19641774892807007,0.19404509663581848,0.187378391623497,https://wandb.ai/ememchijioke-university-of-klagenfurt/marl-uav-mission-no-formation/runs/qgyhqyu7
2026-05-16T18:09:18.684406,1532,3,17020.854261540844,1,3,0,2.0,0.1538666437069575,0.1627962291240692,0.12311423073212306,0.26784247159957886,0.014701380394399166,0,0.6063932180404663,0,LAND_B,LAND_B,LAND_B,2.1309361457824707,2.126328706741333,2.110948085784912,0.19592303037643433,0.19377289712429047,0.18710291385650635,https://wandb.ai/ememchijioke-university-of-klagenfurt/marl-uav-mission-no-formation/runs/qgyhqyu7
2026-05-16T18:09:31.642050,1533,3,17066.054164541158,1,3,0,2.0,0.14884933829307556,0.15552739799022675,0.11650338272253673,0.26196367541948956,0.00500043419500192,0,0.5983808636665344,0,LAND_B,LAND_B,LAND_B,2.121272087097168,2.1150548458099365,2.112741231918335,0.19683058559894562,0.19382841885089874,0.18723757565021515,https://wandb.ai/ememchijioke-university-of-klagenfurt/marl-uav-mission-no-formation/runs/qgyhqyu7
2026-05-16T18:09:44.212777,1534,3,17371.92115244777,1,3,0,2.0,0.15047105650107065,0.15689381957054138,0.11879319449265797,0.26548922061920166,0.013106358548005423,0,0.5991644859313965,0,LAND_B,LAND_B,LAND_B,2.1242504119873047,2.1239571571350098,2.107697010040283,0.1956232488155365,0.19392846524715424,0.1874450296163559,https://wandb.ai/ememchijioke-university-of-klagenfurt/marl-uav-mission-no-formation/runs/qgyhqyu7
2026-05-16T18:09:57.614290,1535,3,17205.14063222762,1,3,0,2.0,0.15260957181453705,0.15707285702228546,0.12133526057004929,0.2687310576438904,0.012061134213581681,0,0.5911457538604736,0,LAND_B,LAND_B,LAND_B,2.1240200996398926,2.1250007152557373,2.1140809059143066,0.19621917605400085,0.19423578679561615,0.18720951676368713,https://wandb.ai/ememchijioke-university-of-klagenfurt/marl-uav-mission-no-formation/runs/qgyhqyu7
2026-05-16T18:10:10.761983,1536,3,16909.91658432891,1,3,0,2.0,0.15245178838570914,0.16235381364822388,0.12122039745251338,0.2674599488576253,0.015649319626390934,0,0.5963717103004456,0,LAND_B,LAND_B,LAND_B,2.130298614501953,2.113247871398926,2.1195452213287354,0.1962476521730423,0.1939568817615509,0.18683692812919617,https://wandb.ai/ememchijioke-university-of-klagenfurt/marl-uav-mission-no-formation/runs/qgyhqyu7
2026-05-16T18:10:24.249219,1537,3,16405.420092483142,1,3,0,2.0,0.15158511201540628,0.15302185714244843,0.11995786925156911,0.26888227462768555,0.013938987317184607,0,0.5997605323791504,0,LAND_B,LAND_B,LAND_B,2.1181814670562744,2.1189067363739014,2.1214988231658936,0.19646690785884857,0.19450289011001587,0.1867833286523819,https://wandb.ai/ememchijioke-university-of-klagenfurt/marl-uav-mission-no-formation/runs/qgyhqyu7
2026-05-16T18:10:37.221819,1538,3,17094.08287190362,1,3,0,2.0,0.1540624350309372,0.15996083617210388,0.12317889680465062,0.2700058122475942,0.011868574966986975,0,0.6023873686790466,0,LAND_B,LAND_B,LAND_B,2.1268532276153564,2.125124216079712,2.116962194442749,0.19668468832969666,0.19417370855808258,0.1867300271987915,https://wandb.ai/ememchijioke-university-of-klagenfurt/marl-uav-mission-no-formation/runs/qgyhqyu7
2026-05-16T18:10:50.218654,1539,3,16988.81949411661,1,3,0,2.0,0.1496197779973348,0.15459901094436646,0.117416317264239,0.2658907473087311,0.00957246528317531,0,0.6059239506721497,0,LAND_B,LAND_B,LAND_B,2.118936777114868,2.1200084686279297,2.1116459369659424,0.19728365540504456,0.19381603598594666,0.18707236647605896,https://wandb.ai/ememchijioke-university-of-klagenfurt/marl-uav-mission-no-formation/runs/qgyhqyu7
2026-05-16T18:11:03.598674,1540,3,17208.237590710287,1,3,0,2.0,0.14732732872168222,0.15214206278324127,0.11442544559637706,0.26551999648412067,0.014488479743401209,0,0.6007406711578369,0,LAND_B,LAND_B,LAND_B,2.116887331008911,2.1153523921966553,2.1104531288146973,0.1970463991165161,0.1942152976989746,0.1871083378791809,https://wandb.ai/ememchijioke-university-of-klagenfurt/marl-uav-mission-no-formation/runs/qgyhqyu7
2026-05-16T18:11:16.830946,1541,3,16277.905850203173,1,3,0,2.0,0.15491957465807596,0.15831482410430908,0.12381178388992946,0.2656032045682271,0.01848104161520799,0,0.6064044237136841,0,LAND_B,LAND_B,LAND_B,2.124084949493408,2.1210994720458984,2.1252598762512207,0.1973458230495453,0.1944507211446762,0.18731270730495453,https://wandb.ai/ememchijioke-university-of-klagenfurt/marl-uav-mission-no-formation/runs/qgyhqyu7
2026-05-16T18:11:29.585571,1542,3,16928.361998356595,1,3,0,2.0,0.1530809005101522,0.16030751168727875,0.12174633393685023,0.2656016945838928,0.013246423564851284,0,0.6020700335502625,0,LAND_B,LAND_B,LAND_B,2.1269006729125977,2.11981463432312,2.118234634399414,0.19786541163921356,0.19422240555286407,0.18621718883514404,https://wandb.ai/ememchijioke-university-of-klagenfurt/marl-uav-mission-no-formation/runs/qgyhqyu7
2026-05-16T18:11:41.642552,1543,3,16960.212064942658,1,3,0,2.0,0.15336285531520844,0.16309481859207153,0.12229314943154652,0.26446203390757245,0.021318824340899784,0,0.6007761359214783,0,LAND_B,LAND_B,LAND_B,2.130671977996826,2.121476173400879,2.114236831665039,0.19725042581558228,0.19367468357086182,0.18668997287750244,https://wandb.ai/ememchijioke-university-of-klagenfurt/marl-uav-mission-no-formation/runs/qgyhqyu7
2026-05-16T18:11:54.091130,1544,3,17129.758746542997,1,3,0,2.0,0.14919953048229218,0.16187158226966858,0.11709276090065639,0.2641238371531169,0.01576751284301281,0,0.6016147136688232,0,LAND_B,LAND_B,LAND_B,2.1283931732177734,2.115463972091675,2.1062300205230713,0.19730184972286224,0.1937803328037262,0.1862015724182129,https://wandb.ai/ememchijioke-university-of-klagenfurt/marl-uav-mission-no-formation/runs/qgyhqyu7
2026-05-16T18:12:06.752776,1545,3,17201.057259211084,1,3,0,2.0,0.14764377971490225,0.15852127969264984,0.11495510240395863,0.2639968991279602,0.01287294908737143,0,0.6066896915435791,0,LAND_B,LAND_B,LAND_B,2.1239800453186035,2.1116881370544434,2.107731580734253,0.197471022605896,0.19390904903411865,0.18649432063102722,https://wandb.ai/ememchijioke-university-of-klagenfurt/marl-uav-mission-no-formation/runs/qgyhqyu7
2026-05-16T18:12:19.626203,1546,3,17056.89738224513,1,3,0,2.0,0.14984466632207236,0.15851938724517822,0.1177602435151736,0.26523462931315106,0.02162284900744756,0,0.5993888974189758,0,LAND_B,LAND_B,LAND_B,2.124521255493164,2.117609977722168,2.11051869392395,0.19800226390361786,0.19395838677883148,0.1860085278749466,https://wandb.ai/ememchijioke-university-of-klagenfurt/marl-uav-mission-no-formation/runs/qgyhqyu7
2026-05-16T18:12:32.533813,1547,3,16969.290851880687,1,3,0,2.0,0.15240336954593658,0.1608809530735016,0.12114267299572627,0.26470065116882324,0.010532269099106392,0,0.5925837755203247,0,LAND_B,LAND_B,LAND_B,2.128084182739258,2.1161868572235107,2.118730306625366,0.19722875952720642,0.1939142793416977,0.18609854578971863,https://wandb.ai/ememchijioke-university-of-klagenfurt/marl-uav-mission-no-formation/runs/qgyhqyu7
2026-05-16T18:12:45.124401,1548,3,17189.98327671874,1,3,0,2.0,0.15014182031154633,0.15699529647827148,0.11845531314611435,0.26692598064740497,0.016699884203262627,0,0.5973995923995972,0,LAND_B,LAND_B,LAND_B,2.123011589050293,2.1161043643951416,2.115607738494873,0.19727520644664764,0.1933162659406662,0.18608970940113068,https://wandb.ai/ememchijioke-university-of-klagenfurt/marl-uav-mission-no-formation/runs/qgyhqyu7
2026-05-16T18:12:57.140503,1549,3,17197.45315367441,1,3,0,2.0,0.15280742446581522,0.15756428241729736,0.1219667171438535,0.2697068154811859,0.011667919189979633,0,0.5994938015937805,0,LAND_B,LAND_B,LAND_B,2.124544143676758,2.1255316734313965,2.11509370803833,0.19637331366539001,0.19363902509212494,0.18612737953662872,https://wandb.ai/ememchijioke-university-of-klagenfurt/marl-uav-mission-no-formation/runs/qgyhqyu7
2026-05-16T18:13:09.149766,1550,3,17187.375735633825,1,3,0,2.0,0.1542623589436213,0.15953555703163147,0.123789149026076,0.26520609855651855,0.018573955322305363,0,0.6069670915603638,0,LAND_B,LAND_B,LAND_B,2.12608003616333,2.1219568252563477,2.122091293334961,0.19652579724788666,0.19344669580459595,0.1860581785440445,https://wandb.ai/ememchijioke-university-of-klagenfurt/marl-uav-mission-no-formation/runs/qgyhqyu7
2026-05-16T18:13:21.447342,1551,3,16938.220722515758,1,3,0,2.0,0.1485038846731186,0.15430688858032227,0.11612360427776973,0.26540801922480267,0.016373487810293835,0,0.6020613312721252,0,LAND_B,LAND_B,LAND_B,2.1186161041259766,2.113199234008789,2.1148369312286377,0.19759723544120789,0.1935082972049713,0.18646401166915894,https://wandb.ai/ememchijioke-university-of-klagenfurt/marl-uav-mission-no-formation/runs/qgyhqyu7
2026-05-16T18:13:33.726362,1552,3,17385.38845102182,1,3,0,2.0,0.1483540485302607,0.15708592534065247,0.1159508725007375,0.2663048505783081,0.010148978792130947,0,0.5957505702972412,0,LAND_B,LAND_B,LAND_B,2.1220180988311768,2.1168904304504395,2.107487916946411,0.19740234315395355,0.1934787929058075,0.18674451112747192,https://wandb.ai/ememchijioke-university-of-klagenfurt/marl-uav-mission-no-formation/runs/qgyhqyu7
2026-05-16T18:13:46.343528,1553,3,17396.904658517717,1,3,0,2.0,0.14764129122098288,0.15804512798786163,0.11521055052677791,0.2660359740257263,0.016767322706679504,0,0.5992932319641113,0,LAND_B,LAND_B,LAND_B,2.1246237754821777,2.111112356185913,2.1096231937408447,0.19688516855239868,0.19339203834533691,0.1866072118282318,https://wandb.ai/ememchijioke-university-of-klagenfurt/marl-uav-mission-no-formation/runs/qgyhqyu7
2026-05-16T18:13:59.137102,1554,3,17029.043236197133,1,3,0,2.0,0.15061541398366293,0.15759682655334473,0.11875615765651067,0.2688653568426768,0.013544396807750067,0,0.5869389176368713,0,LAND_B,LAND_B,LAND_B,2.1242923736572266,2.1176819801330566,2.1137561798095703,0.1968640238046646,0.19374392926692963,0.1872846633195877,https://wandb.ai/ememchijioke-university-of-klagenfurt/marl-uav-mission-no-formation/runs/qgyhqyu7
2026-05-16T18:14:10.817999,1555,3,16980.321935762295,1,3,0,2.0,0.15612184007962546,0.16003036499023438,0.12565331161022186,0.2645624577999115,0.006755279532323281,0,0.5904192924499512,0,LAND_B,LAND_B,LAND_B,2.1238667964935303,2.1293253898620605,2.122004985809326,0.19700340926647186,0.19424530863761902,0.1865878850221634,https://wandb.ai/ememchijioke-university-of-klagenfurt/marl-uav-mission-no-formation/runs/qgyhqyu7
2026-05-16T18:14:20.539513,1556,3,16884.769891985583,1,3,0,2.0,0.15540714065233865,0.16430829465389252,0.12462849666674931,0.2662956813971202,0.02298583649098873,0,0.6009070873260498,0,LAND_B,LAND_B,LAND_B,2.1327271461486816,2.1187052726745605,2.122375965118408,0.19678428769111633,0.19421444833278656,0.1873324066400528,https://wandb.ai/ememchijioke-university-of-klagenfurt/marl-uav-mission-no-formation/runs/qgyhqyu7
2026-05-16T18:14:32.583073,1557,3,16593.714714444755,1,3,0,2.0,0.1501705547173818,0.1585821509361267,0.11749166498581569,0.2609117825826009,0.006597176970293124,0,0.6010803580284119,0,LAND_B,LAND_B,LAND_B,2.124544620513916,2.1198012828826904,2.107271194458008,0.19754193723201752,0.1948528289794922,0.18814192712306976,https://wandb.ai/ememchijioke-university-of-klagenfurt/marl-uav-mission-no-formation/runs/qgyhqyu7
2026-05-16T18:14:44.436854,1558,3,17363.863835159376,1,3,0,2.0,0.1538494030634562,0.16062206029891968,0.12267085413138072,0.26578004161516827,0.013234809041023254,0,0.6071770191192627,0,LAND_B,LAND_B,LAND_B,2.1272101402282715,2.121981620788574,2.1175811290740967,0.1971742808818817,0.19419465959072113,0.1871596872806549,https://wandb.ai/ememchijioke-university-of-klagenfurt/marl-uav-mission-no-formation/runs/qgyhqyu7
2026-05-16T18:14:57.779761,1559,3,17052.428978077343,1,3,0,2.0,0.15049196779727936,0.15518562495708466,0.11824854463338852,0.26495350400606793,0.020702649528781574,0,0.5978559851646423,0,LAND_B,LAND_B,LAND_B,2.1193654537200928,2.122774124145508,2.1115000247955322,0.19781798124313354,0.19422979652881622,0.18714268505573273,https://wandb.ai/ememchijioke-university-of-klagenfurt/marl-uav-mission-no-formation/runs/qgyhqyu7
2026-05-16T18:15:10.136607,1560,3,17156.31401454937,1,3,0,2.0,0.15060902635256448,0.16349926590919495,0.11862933139006297,0.26385470231374103,0.009658653444300095,0,0.6019003987312317,0,LAND_B,LAND_B,LAND_B,2.1310603618621826,2.1153080463409424,2.1093716621398926,0.1975884884595871,0.193753182888031,0.1869041919708252,https://wandb.ai/ememchijioke-university-of-klagenfurt/marl-uav-mission-no-formation/runs/qgyhqyu7
2026-05-16T18:15:23.286266,1561,3,17036.926071683112,1,3,0,2.0,0.1544522096713384,0.1626478135585785,0.12320348123709361,0.2639486491680145,0.021769169718027115,0,0.5955477356910706,0,LAND_B,LAND_B,LAND_B,2.1296260356903076,2.126267194747925,2.1129705905914307,0.1979759782552719,0.19400081038475037,0.18743768334388733,https://wandb.ai/ememchijioke-university-of-klagenfurt/marl-uav-mission-no-formation/runs/qgyhqyu7
2026-05-16T18:15:36.638088,1562,3,17090.894472098313,1,3,0,2.0,0.15034679571787515,0.15867550671100616,0.11825029055277507,0.2684350510438283,0.012947462343921265,0,0.60895174741745,0,LAND_B,LAND_B,LAND_B,2.124269723892212,2.1160740852355957,2.1132149696350098,0.19737860560417175,0.1939793825149536,0.18715108931064606,https://wandb.ai/ememchijioke-university-of-klagenfurt/marl-uav-mission-no-formation/runs/qgyhqyu7
2026-05-16T18:15:49.404749,1563,3,17030.296949765023,1,3,0,2.0,0.153614675005277,0.16173508763313293,0.122146541873614,0.2649565637111664,0.010404783921937147,0,0.5936896204948425,0,LAND_B,LAND_B,LAND_B,2.128674030303955,2.122439384460449,2.1148459911346436,0.19777238368988037,0.19382737576961517,0.18786118924617767,https://wandb.ai/ememchijioke-university-of-klagenfurt/marl-uav-mission-no-formation/runs/qgyhqyu7
2026-05-16T18:16:02.072691,1564,3,16526.880326258382,1,3,0,2.0,0.1530546098947525,0.16283296048641205,0.12131161491076152,0.2637826204299927,0.017969376407563686,0,0.6043927073478699,0,LAND_B,LAND_B,LAND_B,2.128906726837158,2.1190545558929443,2.1145858764648438,0.19837480783462524,0.19436879456043243,0.18719562888145447,https://wandb.ai/ememchijioke-university-of-klagenfurt/marl-uav-mission-no-formation/runs/qgyhqyu7
2026-05-16T18:16:14.097381,1565,3,17119.149969909566,1,3,0,2.0,0.14875914653142294,0.15289653837680817,0.11590802669525146,0.2626415987809499,0.016144355448583763,0,0.6052629351615906,0,LAND_B,LAND_B,LAND_B,2.1166443824768066,2.1167378425598145,2.113175868988037,0.19808922708034515,0.19442789256572723,0.18711364269256592,https://wandb.ai/ememchijioke-university-of-klagenfurt/marl-uav-mission-no-formation/runs/qgyhqyu7
2026-05-16T18:16:25.557362,1566,3,17254.123485883956,1,3,0,2.0,0.15213479598363241,0.1602475643157959,0.12045303235451381,0.2651953895886739,0.006589868183558186,0,0.5973028540611267,0,LAND_B,LAND_B,LAND_B,2.127408504486084,2.122668504714966,2.111024856567383,0.19718042016029358,0.19343043863773346,0.18815088272094727,https://wandb.ai/ememchijioke-university-of-klagenfurt/marl-uav-mission-no-formation/runs/qgyhqyu7
2026-05-16T18:16:36.183057,1567,3,17162.87886041393,1,3,0,2.0,0.15364482998847961,0.1614842563867569,0.1221398115158081,0.26769458254178363,0.012279134942218661,0,0.5960409641265869,0,LAND_B,LAND_B,LAND_B,2.128483772277832,2.119736433029175,2.1180245876312256,0.19779953360557556,0.19403041899204254,0.18776705861091614,https://wandb.ai/ememchijioke-university-of-klagenfurt/marl-uav-mission-no-formation/runs/qgyhqyu7
2026-05-16T18:16:47.877406,1568,3,16360.353157901294,1,3,0,2.0,0.15370946625868478,0.1565873920917511,0.12221501767635345,0.26541373133659363,0.017779693317910034,0,0.6053339242935181,0,LAND_B,LAND_B,LAND_B,2.121575355529785,2.118100643157959,2.1256520748138428,0.19711634516716003,0.19460536539554596,0.18759799003601074,https://wandb.ai/ememchijioke-university-of-klagenfurt/marl-uav-mission-no-formation/runs/qgyhqyu7
2026-05-16T18:17:00.375301,1569,3,16941.714517424673,1,3,0,2.0,0.15401445825894675,0.1578453928232193,0.1225201388200124,0.26696549852689105,0.01486287770482401,0,0.6007166504859924,0,LAND_B,LAND_B,LAND_B,2.118009567260742,2.126436948776245,2.1226232051849365,0.198038712143898,0.19422011077404022,0.18735191226005554,https://wandb.ai/ememchijioke-university-of-klagenfurt/marl-uav-mission-no-formation/runs/qgyhqyu7
2026-05-16T18:17:13.571738,1570,3,16899.95452481656,1,3,0,2.0,0.15485410888989767,0.15709690749645233,0.1238309492667516,0.2654796640078227,0.014249770591656366,0,0.6108719110488892,0,LAND_B,LAND_B,LAND_B,2.1212410926818848,2.124423027038574,2.124131202697754,0.19821806252002716,0.1936791092157364,0.1867716759443283,https://wandb.ai/ememchijioke-university-of-klagenfurt/marl-uav-mission-no-formation/runs/qgyhqyu7
2026-05-16T18:17:26.284960,1571,3,17335.452548998728,1,3,0,2.0,0.14921273787816366,0.1581447422504425,0.11681228627761205,0.2644702096780141,0.017610364593565464,0,0.5927742123603821,0,LAND_B,LAND_B,LAND_B,2.123547315597534,2.1196653842926025,2.10638689994812,0.19810529053211212,0.19390814006328583,0.18649227917194366,https://wandb.ai/ememchijioke-university-of-klagenfurt/marl-uav-mission-no-formation/runs/qgyhqyu7
2026-05-16T18:17:39.021274,1572,3,16980.966020785636,1,3,0,2.0,0.15250397225221,0.16301992535591125,0.12074916064739227,0.26531919836997986,0.012451877196629843,0,0.6002984046936035,0,LAND_B,LAND_B,LAND_B,2.1293373107910156,2.113541841506958,2.119009256362915,0.19878359138965607,0.19341245293617249,0.18705502152442932,https://wandb.ai/ememchijioke-university-of-klagenfurt/marl-uav-mission-no-formation/runs/qgyhqyu7
2026-05-16T18:17:52.079381,1573,3,17296.709598664696,1,3,0,2.0,0.1495445171991984,0.16228313744068146,0.11711973696947098,0.2648857533931732,0.018745230821271736,0,0.6004992127418518,0,LAND_B,LAND_B,LAND_B,2.128901720046997,2.114748477935791,2.1073825359344482,0.19817306101322174,0.19407427310943604,0.18661752343177795,https://wandb.ai/ememchijioke-university-of-klagenfurt/marl-uav-mission-no-formation/runs/qgyhqyu7
2026-05-16T18:18:04.474870,1574,3,17039.506201425495,1,3,0,2.0,0.14817148943742117,0.15655364096164703,0.1155876691142718,0.2671506504217784,0.02007363550364971,0,0.5895176529884338,0,LAND_B,LAND_B,LAND_B,2.121868848800659,2.114941358566284,2.10909104347229,0.19822776317596436,0.19366668164730072,0.1862124651670456,https://wandb.ai/ememchijioke-university-of-klagenfurt/marl-uav-mission-no-formation/runs/qgyhqyu7
2026-05-16T18:18:16.996465,1575,3,16906.485378671863,1,3,0,2.0,0.15630662937959036,0.16625352203845978,0.12563222646713257,0.26320089896519977,0.014908261907597383,0,0.5978495478630066,0,LAND_B,LAND_B,LAND_B,2.133654832839966,2.1142499446868896,2.1274561882019043,0.19816900789737701,0.19406792521476746,0.18622413277626038,https://wandb.ai/ememchijioke-university-of-klagenfurt/marl-uav-mission-no-formation/runs/qgyhqyu7
2026-05-16T18:18:29.613418,1576,3,16246.95777482471,1,3,0,2.0,0.1555239756902059,0.16081276535987854,0.12437995274861653,0.2662942210833232,0.01780419113735358,0,0.5966830849647522,0,LAND_B,LAND_B,LAND_B,2.1269850730895996,2.1225523948669434,2.1235275268554688,0.19866833090782166,0.19439183175563812,0.18686164915561676,https://wandb.ai/ememchijioke-university-of-klagenfurt/marl-uav-mission-no-formation/runs/qgyhqyu7
2026-05-16T18:18:41.612073,1577,3,17223.71025773983,1,3,0,2.0,0.15374325215816498,0.16169066727161407,0.12256014843781789,0.268307367960612,0.013454864888141552,0,0.6037986278533936,0,LAND_B,LAND_B,LAND_B,2.1277706623077393,2.123966932296753,2.1146109104156494,0.19809530675411224,0.19386689364910126,0.18650217354297638,https://wandb.ai/ememchijioke-university-of-klagenfurt/marl-uav-mission-no-formation/runs/qgyhqyu7
2026-05-16T18:18:54.690761,1578,3,16998.904856678004,1,3,0,2.0,0.15306677917639414,0.16289450228214264,0.1216209555665652,0.26667119065920514,0.014122138944609711,0,0.6021397709846497,0,LAND_B,LAND_B,LAND_B,2.128892183303833,2.1201012134552,2.1142516136169434,0.19844180345535278,0.19399604201316833,0.18636667728424072,https://wandb.ai/ememchijioke-university-of-klagenfurt/marl-uav-mission-no-formation/runs/qgyhqyu7
2026-05-16T18:19:07.932994,1579,3,16952.200534761057,1,3,0,2.0,0.15379116932551065,0.1583145409822464,0.1225752408305804,0.26279157400131226,0.009095191645125547,0,0.5984961986541748,0,LAND_B,LAND_B,LAND_B,2.1238367557525635,2.123683214187622,2.1200199127197266,0.19840505719184875,0.1938001960515976,0.1862979680299759,https://wandb.ai/ememchijioke-university-of-klagenfurt/marl-uav-mission-no-formation/runs/qgyhqyu7
2026-05-16T18:19:20.720484,1580,3,17093.896559164983,1,3,0,2.0,0.15504728257656097,0.159852996468544,0.12421523779630661,0.2683007021745046,0.014930407516658306,0,0.5975756049156189,0,LAND_B,LAND_B,LAND_B,2.125483751296997,2.123838424682617,2.1226918697357178,0.19846981763839722,0.193450465798378,0.1862785518169403,https://wandb.ai/ememchijioke-university-of-klagenfurt/marl-uav-mission-no-formation/runs/qgyhqyu7
2026-05-16T18:19:33.839865,1581,3,17343.48973868933,1,3,0,2.0,0.15454521278540292,0.1593954712152481,0.12353179603815079,0.2671882212162018,0.016894943701724213,0,0.5959262251853943,0,LAND_B,LAND_B,LAND_B,2.1246917247772217,2.1223654747009277,2.1229493618011475,0.1986035704612732,0.1933387964963913,0.1864561289548874,https://wandb.ai/ememchijioke-university-of-klagenfurt/marl-uav-mission-no-formation/runs/qgyhqyu7
2026-05-16T18:19:47.091214,1582,3,17044.704375816662,1,3,0,2.0,0.1522269994020462,0.15475456416606903,0.12035375585158666,0.2697121798992157,0.009549414816622933,0,0.5960128903388977,0,LAND_B,LAND_B,LAND_B,2.118812084197998,2.118256092071533,2.123305320739746,0.19902563095092773,0.19406484067440033,0.18605005741119385,https://wandb.ai/ememchijioke-university-of-klagenfurt/marl-uav-mission-no-formation/runs/qgyhqyu7
2026-05-16T18:20:00.204426,1583,3,16953.79570408887,1,3,0,2.0,0.15735979874928793,0.16245682537555695,0.1265843609968821,0.267296423514684,0.01830615382641554,0,0.6048591732978821,0,LAND_B,LAND_B,LAND_B,2.127730369567871,2.1248795986175537,2.126199960708618,0.19962400197982788,0.19379781186580658,0.186781644821167,https://wandb.ai/ememchijioke-university-of-klagenfurt/marl-uav-mission-no-formation/runs/qgyhqyu7
2026-05-16T18:20:13.216803,1584,3,18390.668220506563,1,3,0,2.0,0.14802971482276917,0.1552707403898239,0.11863585809866588,0.24861420194307962,0.0135832903906703,0,0.6052492260932922,0,LAND_B,LAND_B,LAND_B,2.122420072555542,2.113208770751953,2.1194372177124023,0.19488534331321716,0.18892088532447815,0.18146519362926483,https://wandb.ai/ememchijioke-university-of-klagenfurt/marl-uav-mission-no-formation/runs/qgyhqyu7
2026-05-16T18:20:26.641901,1585,3,16375.371343118053,1,3,0,2.0,0.15664114554723105,0.16615845263004303,0.1253009413679441,0.26555049419403076,0.009882562328130007,0,0.6007710695266724,0,LAND_B,LAND_B,LAND_B,2.132408618927002,2.1277246475219727,2.115382432937622,0.19987452030181885,0.19494429230690002,0.18717896938323975,https://wandb.ai/ememchijioke-university-of-klagenfurt/marl-uav-mission-no-formation/runs/qgyhqyu7
2026-05-16T18:20:39.980427,1586,3,16908.079696928893,1,3,0,2.0,0.15379268924395242,0.16356059908866882,0.12223253399133682,0.268340140581131,0.011253944132477045,0,0.5997942686080933,0,LAND_B,LAND_B,LAND_B,2.129141330718994,2.1182377338409424,2.1182026863098145,0.19971394538879395,0.19408272206783295,0.18610604107379913,https://wandb.ai/ememchijioke-university-of-klagenfurt/marl-uav-mission-no-formation/runs/qgyhqyu7
2026-05-16T18:20:53.482048,1587,3,16992.572126111234,1,3,0,2.0,0.15218823651472727,0.15614566206932068,0.12036320318778355,0.2682187259197235,0.007691256236284971,0,0.596963107585907,0,LAND_B,LAND_B,LAND_B,2.120087146759033,2.1161704063415527,2.1233339309692383,0.19926394522190094,0.19393780827522278,0.18570607900619507,https://wandb.ai/ememchijioke-university-of-klagenfurt/marl-uav-mission-no-formation/runs/qgyhqyu7
2026-05-16T18:21:06.382136,1588,3,16944.057259379933,1,3,0,2.0,0.15439960360527039,0.16177138686180115,0.12309382110834122,0.2700575490792592,0.01085654009754459,0,0.6000985503196716,0,LAND_B,LAND_B,LAND_B,2.127479076385498,2.1268880367279053,2.1145715713500977,0.19958296418190002,0.19411124289035797,0.18587251007556915,https://wandb.ai/ememchijioke-university-of-klagenfurt/marl-uav-mission-no-formation/runs/qgyhqyu7
2026-05-16T18:21:19.569382,1589,3,16906.967248549307,1,3,0,2.0,0.15596937139829,0.16281738877296448,0.12503177672624588,0.26860296726226807,0.023591091856360435,0,0.6096000671386719,0,LAND_B,LAND_B,LAND_B,2.1281349658966064,2.1256704330444336,2.1197397708892822,0.1994590312242508,0.19403743743896484,0.18613383173942566,https://wandb.ai/ememchijioke-university-of-klagenfurt/marl-uav-mission-no-formation/runs/qgyhqyu7
2026-05-16T18:21:32.812701,1590,3,16966.56814313571,1,3,0,2.0,0.15511160592238107,0.1655425876379013,0.12400948752959569,0.26500510176022846,0.02542888807753722,0,0.6001464128494263,0,LAND_B,LAND_B,LAND_B,2.132542848587036,2.114800214767456,2.124502420425415,0.19895371794700623,0.19420607388019562,0.18592746555805206,https://wandb.ai/ememchijioke-university-of-klagenfurt/marl-uav-mission-no-formation/runs/qgyhqyu7
2026-05-16T18:21:45.219521,1591,3,17197.82924008924,1,3,0,2.0,0.1511473556359609,0.16412509977817535,0.11913388222455978,0.2647007306416829,0.015915682694564264,0,0.6044287085533142,0,LAND_B,LAND_B,LAND_B,2.130039930343628,2.1178276538848877,2.108454465866089,0.19928762316703796,0.19330240786075592,0.1864316314458847,https://wandb.ai/ememchijioke-university-of-klagenfurt/marl-uav-mission-no-formation/runs/qgyhqyu7
2026-05-16T18:21:56.730271,1592,3,17107.27907264009,1,3,0,2.0,0.15262829264005026,0.1614999920129776,0.12132436533768971,0.2659953435262044,0.01290738411868612,0,0.5899266004562378,0,LAND_B,LAND_B,LAND_B,2.1202876567840576,2.131582260131836,2.111781120300293,0.19805088639259338,0.1934943050146103,0.1859840452671051,https://wandb.ai/ememchijioke-university-of-klagenfurt/marl-uav-mission-no-formation/runs/qgyhqyu7
2026-05-16T18:22:09.956742,1593,3,16880.72717527611,1,3,0,2.0,0.15517465770244598,0.16300225257873535,0.12429801871379216,0.26524898409843445,0.015372958655158678,0,0.6092089414596558,0,LAND_B,LAND_B,LAND_B,2.128819465637207,2.1223196983337402,2.120541572570801,0.19870014488697052,0.19363367557525635,0.186264768242836,https://wandb.ai/ememchijioke-university-of-klagenfurt/marl-uav-mission-no-formation/runs/qgyhqyu7
2026-05-16T18:22:23.365886,1594,3,16993.240248448317,1,3,0,2.0,0.15194407602151236,0.1588650941848755,0.12045752257108688,0.26420218745867413,0.013430998039742311,0,0.6022366285324097,0,LAND_B,LAND_B,LAND_B,2.124826431274414,2.11596941947937,2.1195225715637207,0.19754938781261444,0.19348330795764923,0.18664491176605225,https://wandb.ai/ememchijioke-university-of-klagenfurt/marl-uav-mission-no-formation/runs/qgyhqyu7
2026-05-16T18:22:36.126951,1595,3,17003.48043511991,1,3,0,2.0,0.15537020564079285,0.1589498370885849,0.12460641066233318,0.26399195194244385,0.009682567169268927,0,0.5922593474388123,0,LAND_B,LAND_B,LAND_B,2.123579502105713,2.1244146823883057,2.124251365661621,0.19814446568489075,0.1935579627752304,0.1864991933107376,https://wandb.ai/ememchijioke-university-of-klagenfurt/marl-uav-mission-no-formation/runs/qgyhqyu7
2026-05-16T18:22:48.802655,1596,3,16803.63513529458,1,3,0,2.0,0.1556678662697474,0.15880773961544037,0.12485184768835704,0.26728372772534686,0.019378475146368146,0,0.6038931012153625,0,LAND_B,LAND_B,LAND_B,2.118034839630127,2.128033399581909,2.128190755844116,0.19781726598739624,0.19388559460639954,0.18660981953144073,https://wandb.ai/ememchijioke-university-of-klagenfurt/marl-uav-mission-no-formation/runs/qgyhqyu7
2026-05-16T18:23:02.210072,1597,3,16959.85102235201,1,3,0,2.0,0.15186713635921478,0.1625068187713623,0.12067988514900208,0.2670363187789917,0.010514622243742148,0,0.5979403853416443,0,LAND_B,LAND_B,LAND_B,2.1293413639068604,2.123183012008667,2.108644962310791,0.1982286423444748,0.1925562173128128,0.18576869368553162,https://wandb.ai/ememchijioke-university-of-klagenfurt/marl-uav-mission-no-formation/runs/qgyhqyu7
2026-05-16T18:23:15.904269,1598,3,17066.45695018242,1,3,0,2.0,0.15342430273691812,0.16569647192955017,0.12268146375815074,0.26679645975430805,0.016923537167410057,0,0.601569414138794,0,LAND_B,LAND_B,LAND_B,2.133601427078247,2.1175973415374756,2.11643648147583,0.19746413826942444,0.1931656450033188,0.18563824892044067,https://wandb.ai/ememchijioke-university-of-klagenfurt/marl-uav-mission-no-formation/runs/qgyhqyu7
2026-05-16T18:23:28.103522,1599,3,16922.84212302385,1,3,0,2.0,0.15458901226520538,0.16650260984897614,0.12425043682257335,0.2648369570573171,0.020854707807302475,0,0.6118708848953247,0,LAND_B,LAND_B,LAND_B,2.1338064670562744,2.117615222930908,2.1197354793548584,0.19751186668872833,0.1924975961446762,0.18576231598854065,https://wandb.ai/ememchijioke-university-of-klagenfurt/marl-uav-mission-no-formation/runs/qgyhqyu7
2026-05-16T18:23:40.850377,1600,3,16850.69783484739,1,3,0,2.0,0.1533032755057017,0.15740659832954407,0.12257794787486394,0.2672226031621297,0.010326701837281385,0,0.6113827228546143,0,LAND_B,LAND_B,LAND_B,2.122950792312622,2.1209323406219482,2.1226556301116943,0.19721370935440063,0.19295711815357208,0.18580539524555206,https://wandb.ai/ememchijioke-university-of-klagenfurt/marl-uav-mission-no-formation/runs/qgyhqyu7
2026-05-16T18:23:54.363086,1601,3,17328.50405529188,1,3,0,2.0,0.1527166316906611,0.16479763388633728,0.1219307507077853,0.2646564145882924,0.01706903800368309,0,0.5956600904464722,0,LAND_B,LAND_B,LAND_B,2.1331419944763184,2.1146318912506104,2.1172831058502197,0.19700148701667786,0.19243527948856354,0.18624447286128998,https://wandb.ai/ememchijioke-university-of-klagenfurt/marl-uav-mission-no-formation/runs/qgyhqyu7
2026-05-16T18:24:06.821323,1602,3,17101.36632572213,1,3,0,2.0,0.15104362865289053,0.1554069072008133,0.11993039151032765,0.26725409428278607,0.013204535081361731,0,0.592764139175415,0,LAND_B,LAND_B,LAND_B,2.120049476623535,2.116128444671631,2.1223292350769043,0.19725777208805084,0.192430317401886,0.18542243540287018,https://wandb.ai/ememchijioke-university-of-klagenfurt/marl-uav-mission-no-formation/runs/qgyhqyu7
2026-05-16T18:24:18.476750,1603,3,17087.66657785717,1,3,0,2.0,0.1526798208554586,0.16116133332252502,0.1219612459341685,0.26441314816474915,0.018769838536779087,0,0.6095814108848572,0,LAND_B,LAND_B,LAND_B,2.127568244934082,2.124453067779541,2.112457036972046,0.19745895266532898,0.19222506880760193,0.1858559250831604,https://wandb.ai/ememchijioke-university-of-klagenfurt/marl-uav-mission-no-formation/runs/qgyhqyu7
2026-05-16T18:24:30.376124,1604,3,17069.267178027076,1,3,0,2.0,0.15248947342236838,0.1593092828989029,0.12157875547806422,0.2654722531636556,0.013857233648498854,0,0.6007659435272217,0,LAND_B,LAND_B,LAND_B,2.125196695327759,2.123084783554077,2.115406036376953,0.19744275510311127,0.19217388331890106,0.18648697435855865,https://wandb.ai/ememchijioke-university-of-klagenfurt/marl-uav-mission-no-formation/runs/qgyhqyu7
2026-05-16T18:24:42.690719,1605,3,17118.74376102506,1,3,0,2.0,0.15197442968686423,0.16029472649097443,0.12087747206290562,0.26576558748881024,0.011781605115781227,0,0.609204888343811,0,LAND_B,LAND_B,LAND_B,2.1268422603607178,2.126494884490967,2.1083178520202637,0.19717131555080414,0.19259455800056458,0.18647517263889313,https://wandb.ai/ememchijioke-university-of-klagenfurt/marl-uav-mission-no-formation/runs/qgyhqyu7
2026-05-16T18:24:55.510901,1606,3,17040.323414869516,1,3,0,2.0,0.15284369389216104,0.1606389731168747,0.12187997996807098,0.2635083695252736,0.011636800443132719,0,0.6015741229057312,0,LAND_B,LAND_B,LAND_B,2.127235174179077,2.1186177730560303,2.1192855834960938,0.1980375051498413,0.19204187393188477,0.18653032183647156,https://wandb.ai/ememchijioke-university-of-klagenfurt/marl-uav-mission-no-formation/runs/qgyhqyu7
2026-05-16T18:25:08.965367,1607,3,17161.672087093695,1,3,0,2.0,0.1514087418715159,0.1631278395652771,0.1200163687268893,0.2627163231372833,0.006730236656342943,0,0.6071428656578064,0,LAND_B,LAND_B,LAND_B,2.1308114528656006,2.1189486980438232,2.1095924377441406,0.1972680389881134,0.19267159700393677,0.18692222237586975,https://wandb.ai/ememchijioke-university-of-klagenfurt/marl-uav-mission-no-formation/runs/qgyhqyu7
2026-05-16T18:25:22.118437,1608,3,17111.59215199126,1,3,0,2.0,0.15431809922059378,0.16309072077274323,0.12378261983394623,0.2662997047106425,0.010373902196685473,0,0.5981696844100952,0,LAND_B,LAND_B,LAND_B,2.129866123199463,2.113961696624756,2.126033067703247,0.19680695235729218,0.1924019753932953,0.18686096370220184,https://wandb.ai/ememchijioke-university-of-klagenfurt/marl-uav-mission-no-formation/runs/qgyhqyu7
2026-05-16T18:25:35.426866,1609,3,17225.612086594905,1,3,0,2.0,0.15309787293275198,0.16157029569149017,0.12250569959481557,0.26578839619954425,0.009847659307221571,0,0.5951923131942749,0,LAND_B,LAND_B,LAND_B,2.129473924636841,2.124182939529419,2.1134397983551025,0.19660638272762299,0.19298698008060455,0.18587015569210052,https://wandb.ai/ememchijioke-university-of-klagenfurt/marl-uav-mission-no-formation/runs/qgyhqyu7
2026-05-16T18:25:48.826191,1610,3,16992.596300834884,1,3,0,2.0,0.1522209197282791,0.15708591043949127,0.12123674402634303,0.26869486769040424,0.014590119322141012,0,0.599200963973999,0,LAND_B,LAND_B,LAND_B,2.123812198638916,2.1188106536865234,2.1203014850616455,0.19624629616737366,0.1929469257593155,0.18684542179107666,https://wandb.ai/ememchijioke-university-of-klagenfurt/marl-uav-mission-no-formation/runs/qgyhqyu7
2026-05-16T18:26:01.950914,1611,3,17015.990756497024,1,3,0,2.0,0.15374496082464853,0.16324864327907562,0.12290513267119725,0.26411688327789307,0.009400895757911107,0,0.6048250198364258,0,LAND_B,LAND_B,LAND_B,2.1299290657043457,2.117612600326538,2.11946702003479,0.1968034952878952,0.19297705590724945,0.1872098594903946,https://wandb.ai/ememchijioke-university-of-klagenfurt/marl-uav-mission-no-formation/runs/qgyhqyu7
2026-05-16T18:26:14.160949,1612,3,17202.829081835647,1,3,0,2.0,0.15356152256329855,0.1628754884004593,0.12280763685703278,0.2632979452610016,0.02099461480975151,0,0.6050925850868225,0,LAND_B,LAND_B,LAND_B,2.129694938659668,2.1196227073669434,2.117854595184326,0.19713261723518372,0.192861407995224,0.18653590977191925,https://wandb.ai/ememchijioke-university-of-klagenfurt/marl-uav-mission-no-formation/runs/qgyhqyu7
2026-05-16T18:26:27.064346,1613,3,17181.942552883258,1,3,0,2.0,0.14806613822778067,0.15847863256931305,0.11590370039145152,0.2659595310688019,0.012757721512267986,0,0.6051739454269409,0,LAND_B,LAND_B,LAND_B,2.125283718109131,2.113281488418579,2.108464002609253,0.19670513272285461,0.192787766456604,0.1868744045495987,https://wandb.ai/ememchijioke-university-of-klagenfurt/marl-uav-mission-no-formation/runs/qgyhqyu7
2026-05-16T18:26:40.074183,1614,3,17099.37841452584,1,3,0,2.0,0.15367511411507925,0.16378775238990784,0.12282120684782664,0.26453863581021625,0.013815218582749367,0,0.6104611754417419,0,LAND_B,LAND_B,LAND_B,2.1301562786102295,2.1256117820739746,2.1109213829040527,0.19737103581428528,0.1930641233921051,0.1866028904914856,https://wandb.ai/ememchijioke-university-of-klagenfurt/marl-uav-mission-no-formation/runs/qgyhqyu7
2026-05-16T18:26:52.047958,1615,3,17153.14386005339,1,3,0,2.0,0.15015961726506552,0.16049569845199585,0.11892945319414139,0.2642655670642853,0.01725688235213359,0,0.6026830673217773,0,LAND_B,LAND_B,LAND_B,2.1265251636505127,2.1159868240356445,2.11232328414917,0.19657738506793976,0.19209754467010498,0.18630152940750122,https://wandb.ai/ememchijioke-university-of-klagenfurt/marl-uav-mission-no-formation/runs/qgyhqyu7
2026-05-16T18:27:05.099625,1616,3,17267.125886436785,1,3,0,2.0,0.15192611515522003,0.1610911637544632,0.120977650086085,0.2679448624451955,0.011915228640039762,0,0.6053836345672607,0,LAND_B,LAND_B,LAND_B,2.1283726692199707,2.118377447128296,2.1157643795013428,0.1970367431640625,0.19243010878562927,0.18620270490646362,https://wandb.ai/ememchijioke-university-of-klagenfurt/marl-uav-mission-no-formation/runs/qgyhqyu7
2026-05-16T18:27:17.518124,1617,3,17124.17266927048,1,3,0,2.0,0.15196789304415384,0.1647765189409256,0.12097140401601791,0.26418254772822064,0.01528028647104899,0,0.5994760990142822,0,LAND_B,LAND_B,LAND_B,2.1331851482391357,2.1134018898010254,2.116095781326294,0.19675222039222717,0.19277681410312653,0.1861700564622879,https://wandb.ai/ememchijioke-university-of-klagenfurt/marl-uav-mission-no-formation/runs/qgyhqyu7
2026-05-16T18:27:30.109723,1618,3,17380.038668455716,1,3,0,2.0,0.15082424382368723,0.15644623339176178,0.11916323254505794,0.26500574747721356,0.0099868707669278,0,0.6060255169868469,0,LAND_B,LAND_B,LAND_B,2.1217806339263916,2.1233584880828857,2.1114752292633057,0.19767987728118896,0.1928367167711258,0.18679586052894592,https://wandb.ai/ememchijioke-university-of-klagenfurt/marl-uav-mission-no-formation/runs/qgyhqyu7
2026-05-16T18:27:42.840059,1619,3,17118.914400799975,1,3,0,2.0,0.15077130993207297,0.1567966789007187,0.11927845577398936,0.2679133911927541,0.012830908099810282,0,0.5988455414772034,0,LAND_B,LAND_B,LAND_B,2.122873306274414,2.122438669204712,2.1121609210968018,0.197218120098114,0.19272741675376892,0.18668843805789948,https://wandb.ai/ememchijioke-university-of-klagenfurt/marl-uav-mission-no-formation/runs/qgyhqyu7
2026-05-16T18:27:55.040016,1620,3,17308.296395599016,1,3,0,2.0,0.1471519023180008,0.15502022206783295,0.11454103390375774,0.26252152522404987,0.012869644599656263,0,0.6055912971496582,0,LAND_B,LAND_B,LAND_B,2.1193699836730957,2.1141998767852783,2.108576774597168,0.1973143368959427,0.1930510401725769,0.1867697685956955,https://wandb.ai/ememchijioke-university-of-klagenfurt/marl-uav-mission-no-formation/runs/qgyhqyu7
2026-05-16T18:28:08.167488,1621,3,17112.879369118345,1,3,0,2.0,0.1501558174689611,0.15529684722423553,0.11834745605786641,0.27025480071703595,0.01114243765672048,0,0.604851245880127,0,LAND_B,LAND_B,LAND_B,2.1200106143951416,2.119532346725464,2.114492416381836,0.19740164279937744,0.19308854639530182,0.1867016851902008,https://wandb.ai/ememchijioke-university-of-klagenfurt/marl-uav-mission-no-formation/runs/qgyhqyu7
2026-05-16T18:28:20.921401,1622,3,17000.78777501246,1,3,0,2.0,0.1513014535109202,0.15900272130966187,0.11968023329973221,0.26320599516232807,0.013091376361747583,0,0.6068788170814514,0,LAND_B,LAND_B,LAND_B,2.123961925506592,2.116286277770996,2.1170814037323,0.19766777753829956,0.19234931468963623,0.1876315176486969,https://wandb.ai/ememchijioke-university-of-klagenfurt/marl-uav-mission-no-formation/runs/qgyhqyu7
2026-05-16T18:28:32.911659,1623,3,17057.78158290282,1,3,0,2.0,0.14916785061359406,0.16143928468227386,0.11690881599982579,0.26463545362154645,0.012994628710051378,0,0.5983419418334961,0,LAND_B,LAND_B,LAND_B,2.1279959678649902,2.1130475997924805,2.1085171699523926,0.19785615801811218,0.19293607771396637,0.18707020580768585,https://wandb.ai/ememchijioke-university-of-klagenfurt/marl-uav-mission-no-formation/runs/qgyhqyu7
2026-05-16T18:28:46.261179,1624,3,17176.308689698595,1,3,0,2.0,0.14775289098421732,0.1572374403476715,0.11521295706431071,0.26209991176923114,0.012820071851213774,0,0.5999061465263367,0,LAND_B,LAND_B,LAND_B,2.1230628490448,2.1155619621276855,2.1059272289276123,0.1973145604133606,0.19337354600429535,0.18680228292942047,https://wandb.ai/ememchijioke-university-of-klagenfurt/marl-uav-mission-no-formation/runs/qgyhqyu7
2026-05-16T18:28:59.163490,1625,3,17150.56515242677,1,3,0,2.0,0.15248410403728485,0.1580931544303894,0.1211818481485049,0.2632189790407817,0.013820549317946037,0,0.6073715090751648,0,LAND_B,LAND_B,LAND_B,2.1219027042388916,2.1276118755340576,2.1135385036468506,0.19718612730503082,0.1933159977197647,0.18705503642559052,https://wandb.ai/ememchijioke-university-of-klagenfurt/marl-uav-mission-no-formation/runs/qgyhqyu7
2026-05-16T18:29:12.076638,1626,3,16968.766414532,1,3,0,2.0,0.15109947323799133,0.16455669701099396,0.11958352724711101,0.2696933150291443,0.012844735756516457,0,0.599989116191864,0,LAND_B,LAND_B,LAND_B,2.1320407390594482,2.114168167114258,2.1100800037384033,0.1969812959432602,0.19274792075157166,0.1871970146894455,https://wandb.ai/ememchijioke-university-of-klagenfurt/marl-uav-mission-no-formation/runs/qgyhqyu7
2026-05-16T18:29:24.923164,1627,3,17025.370508606477,1,3,0,2.0,0.15192761023839316,0.1630210280418396,0.12036791692177455,0.2638420859972636,0.01995321549475193,0,0.6020154356956482,0,LAND_B,LAND_B,LAND_B,2.1298933029174805,2.116189479827881,2.114241600036621,0.1975230872631073,0.1931357979774475,0.18736876547336578,https://wandb.ai/ememchijioke-university-of-klagenfurt/marl-uav-mission-no-formation/runs/qgyhqyu7
2026-05-16T18:29:37.044100,1628,3,17177.309649690014,1,3,0,2.0,0.1526015897591909,0.157737597823143,0.1213785782456398,0.26767011483510333,0.011165974816928307,0,0.6002565026283264,0,LAND_B,LAND_B,LAND_B,2.1232094764709473,2.1245946884155273,2.1138596534729004,0.19715018570423126,0.19292420148849487,0.18735069036483765,https://wandb.ai/ememchijioke-university-of-klagenfurt/marl-uav-mission-no-formation/runs/qgyhqyu7
2026-05-16T18:29:49.133069,1629,3,17117.682151568162,1,3,0,2.0,0.1533238341410955,0.15970560908317566,0.12208481132984161,0.26681317885716754,0.012205652271707853,0,0.6013188362121582,0,LAND_B,LAND_B,LAND_B,2.1264119148254395,2.1288998126983643,2.11043643951416,0.19707904756069183,0.19312123954296112,0.18792615830898285,https://wandb.ai/ememchijioke-university-of-klagenfurt/marl-uav-mission-no-formation/runs/qgyhqyu7
2026-05-16T18:30:01.865178,1630,3,16938.09866730983,1,3,0,2.0,0.1539524495601654,0.16471078991889954,0.12264467775821686,0.2665499846140544,0.011337125363449255,0,0.5960385203361511,0,LAND_B,LAND_B,LAND_B,2.1329925060272217,2.124742031097412,2.1099493503570557,0.1971210241317749,0.19382965564727783,0.1880902200937271,https://wandb.ai/ememchijioke-university-of-klagenfurt/marl-uav-mission-no-formation/runs/qgyhqyu7
2026-05-16T18:30:14.731249,1631,3,17173.18159277808,1,3,0,2.0,0.14889582991600037,0.15737861394882202,0.1161394293109576,0.26377012332280475,0.014577542625678083,0,0.6045678853988647,0,LAND_B,LAND_B,LAND_B,2.1225244998931885,2.109591245651245,2.114858627319336,0.1970115303993225,0.1939370483160019,0.1883900761604309,https://wandb.ai/ememchijioke-university-of-klagenfurt/marl-uav-mission-no-formation/runs/qgyhqyu7
2026-05-16T18:30:26.229558,1632,3,16560.026897762804,1,3,0,2.0,0.15309764444828033,0.1645449697971344,0.1217291330297788,0.26245344678560895,0.013544043836494287,0,0.6072244644165039,0,LAND_B,LAND_B,LAND_B,2.1319198608398438,2.1187541484832764,2.112943172454834,0.19664831459522247,0.19332991540431976,0.18845051527023315,https://wandb.ai/ememchijioke-university-of-klagenfurt/marl-uav-mission-no-formation/runs/qgyhqyu7
2026-05-16T18:30:38.901049,1633,3,16922.449989608718,1,3,0,2.0,0.14949909845987955,0.1554637998342514,0.11744767179091771,0.2647729714711507,0.013732135451088348,0,0.5950941443443298,0,LAND_B,LAND_B,LAND_B,2.1209335327148438,2.1211180686950684,2.1092162132263184,0.19668036699295044,0.1930425465106964,0.18774478137493134,https://wandb.ai/ememchijioke-university-of-klagenfurt/marl-uav-mission-no-formation/runs/qgyhqyu7
2026-05-16T18:30:51.913110,1634,3,17153.35760407826,1,3,0,2.0,0.15434266130129495,0.159385547041893,0.12352229158083598,0.2628207504749298,0.01778338950437804,0,0.6053940057754517,0,LAND_B,LAND_B,LAND_B,2.126102924346924,2.1212263107299805,2.1224100589752197,0.19647619128227234,0.19327688217163086,0.18778809905052185,https://wandb.ai/ememchijioke-university-of-klagenfurt/marl-uav-mission-no-formation/runs/qgyhqyu7
2026-05-16T18:31:04.378664,1635,3,16916.369354951603,1,3,0,2.0,0.15344208975632986,0.15672296285629272,0.12259761492411296,0.2647303541501363,0.008504089588920275,0,0.6053036451339722,0,LAND_B,LAND_B,LAND_B,2.123321771621704,2.1194214820861816,2.124753475189209,0.19646069407463074,0.19300445914268494,0.1871144026517868,https://wandb.ai/ememchijioke-university-of-klagenfurt/marl-uav-mission-no-formation/runs/qgyhqyu7
2026-05-16T18:31:16.120979,1636,3,16990.952997124372,1,3,0,2.0,0.15308663249015808,0.16240233182907104,0.12202229102452596,0.2686876555283864,0.008242333851133784,0,0.6029720902442932,0,LAND_B,LAND_B,LAND_B,2.130180835723877,2.114358425140381,2.12101674079895,0.19643284380435944,0.19304151833057404,0.18763571977615356,https://wandb.ai/ememchijioke-university-of-klagenfurt/marl-uav-mission-no-formation/runs/qgyhqyu7
2026-05-16T18:31:28.667143,1637,3,17048.678936286437,1,3,0,2.0,0.15165317555268606,0.15561997890472412,0.12018303324778874,0.26422786712646484,0.021397597311685484,0,0.5938151478767395,0,LAND_B,LAND_B,LAND_B,2.117687463760376,2.124588966369629,2.117781639099121,0.19653816521167755,0.192691370844841,0.1880630999803543,https://wandb.ai/ememchijioke-university-of-klagenfurt/marl-uav-mission-no-formation/runs/qgyhqyu7
2026-05-16T18:31:41.239183,1638,3,17152.561388243168,1,3,0,2.0,0.15031624833742777,0.15895003080368042,0.11886385828256607,0.26275471846262616,0.020064791043599445,0,0.6118851900100708,0,LAND_B,LAND_B,LAND_B,2.1253015995025635,2.1211085319519043,2.1081411838531494,0.19562600553035736,0.19279514253139496,0.1875375211238861,https://wandb.ai/ememchijioke-university-of-klagenfurt/marl-uav-mission-no-formation/runs/qgyhqyu7
2026-05-16T18:31:53.973429,1639,3,16908.960676574414,1,3,0,2.0,0.15421512722969055,0.15798886120319366,0.12347795814275742,0.26785226662953693,0.00892287539318204,0,0.6053978204727173,0,LAND_B,LAND_B,LAND_B,2.1249661445617676,2.1253299713134766,2.1197593212127686,0.19624967873096466,0.19285684823989868,0.1880231499671936,https://wandb.ai/ememchijioke-university-of-klagenfurt/marl-uav-mission-no-formation/runs/qgyhqyu7
2026-05-16T18:32:07.390306,1640,3,17102.301675953666,1,3,0,2.0,0.15054493645826975,0.16487900912761688,0.11863793929417928,0.26417654752731323,0.009984646070127686,0,0.6068350672721863,0,LAND_B,LAND_B,LAND_B,2.1323039531707764,2.1135525703430176,2.1085808277130127,0.19651813805103302,0.1932259351015091,0.18798799812793732,https://wandb.ai/ememchijioke-university-of-klagenfurt/marl-uav-mission-no-formation/runs/qgyhqyu7
2026-05-16T18:32:20.712845,1641,3,17008.04355663975,1,3,0,2.0,0.15275262792905173,0.15977060794830322,0.12179682652155559,0.26676419377326965,0.013037106022238731,0,0.6096392273902893,0,LAND_B,LAND_B,LAND_B,2.1261184215545654,2.1255390644073486,2.1121106147766113,0.19629648327827454,0.1927018165588379,0.18752852082252502,https://wandb.ai/ememchijioke-university-of-klagenfurt/marl-uav-mission-no-formation/runs/qgyhqyu7
2026-05-16T18:32:33.758379,1642,3,17132.30744303287,1,3,0,2.0,0.14837833245595297,0.15203857421875,0.11607934286197026,0.26396262645721436,0.01926938568552335,0,0.601139485836029,0,LAND_B,LAND_B,LAND_B,2.1167304515838623,2.120023250579834,2.110809803009033,0.1966763138771057,0.19321541488170624,0.1873149275779724,https://wandb.ai/ememchijioke-university-of-klagenfurt/marl-uav-mission-no-formation/runs/qgyhqyu7
2026-05-16T18:32:45.983325,1643,3,17269.749481751915,1,3,0,2.0,0.1528305858373642,0.1588161289691925,0.12153194099664688,0.2661632001399994,0.016128794600566227,0,0.6002333164215088,0,LAND_B,LAND_B,LAND_B,2.1254689693450928,2.1233878135681152,2.11456036567688,0.1966254562139511,0.19313237071037292,0.1882333755493164,https://wandb.ai/ememchijioke-university-of-klagenfurt/marl-uav-mission-no-formation/runs/qgyhqyu7
2026-05-16T18:32:58.374943,1644,3,17168.128697505803,1,3,0,2.0,0.14928953846295676,0.16072499752044678,0.11733634273211162,0.2666642963886261,0.02059085574001074,0,0.5965274572372437,0,LAND_B,LAND_B,LAND_B,2.127110719680786,2.111923933029175,2.111443519592285,0.1964314877986908,0.19252164661884308,0.18781429529190063,https://wandb.ai/ememchijioke-university-of-klagenfurt/marl-uav-mission-no-formation/runs/qgyhqyu7
2026-05-16T18:33:11.413540,1645,3,17211.471649855375,1,3,0,2.0,0.14978139102458954,0.15550073981285095,0.11784787476062775,0.2660173773765564,0.012317458788553873,0,0.5922328233718872,0,LAND_B,LAND_B,LAND_B,2.121887445449829,2.11240553855896,2.117980480194092,0.19627492129802704,0.19312375783920288,0.18780429661273956,https://wandb.ai/ememchijioke-university-of-klagenfurt/marl-uav-mission-no-formation/runs/qgyhqyu7
2026-05-16T18:33:23.679008,1646,3,17020.105308687645,1,3,0,2.0,0.1517897148927053,0.16230952739715576,0.12034497410058975,0.2641984721024831,0.00791375432163477,0,0.5932652354240417,0,LAND_B,LAND_B,LAND_B,2.130199909210205,2.1202123165130615,2.109978199005127,0.19683854281902313,0.1928272396326065,0.1877789944410324,https://wandb.ai/ememchijioke-university-of-klagenfurt/marl-uav-mission-no-formation/runs/qgyhqyu7
2026-05-16T18:33:37.162073,1647,3,16887.43415394221,1,3,0,2.0,0.14935329059759775,0.15812410414218903,0.1168540542324384,0.2626177867253621,0.017688650793085497,0,0.603553295135498,0,LAND_B,LAND_B,LAND_B,2.124173879623413,2.111297845840454,2.114488363265991,0.19739024341106415,0.1938515454530716,0.18766020238399506,https://wandb.ai/ememchijioke-university-of-klagenfurt/marl-uav-mission-no-formation/runs/qgyhqyu7
2026-05-16T18:33:49.813248,1648,3,17014.114818239068,1,3,0,2.0,0.15322084228197733,0.15990327298641205,0.12233605484167735,0.26974711815516156,0.014249327592551708,0,0.5954625606536865,0,LAND_B,LAND_B,LAND_B,2.126936435699463,2.122122049331665,2.116846799850464,0.1968088150024414,0.19298690557479858,0.18695414066314697,https://wandb.ai/ememchijioke-university-of-klagenfurt/marl-uav-mission-no-formation/runs/qgyhqyu7
2026-05-16T18:34:02.999325,1649,3,16987.783496309967,1,3,0,2.0,0.15308983127276102,0.15798942744731903,0.12183612088362376,0.2660968104998271,0.008614473355313143,0,0.6038605570793152,0,LAND_B,LAND_B,LAND_B,2.1241257190704346,2.1235861778259277,2.1164028644561768,0.1966521441936493,0.19363117218017578,0.1877906769514084,https://wandb.ai/ememchijioke-university-of-klagenfurt/marl-uav-mission-no-formation/runs/qgyhqyu7
2026-05-16T18:34:13.979802,1650,3,17429.863958495727,1,3,0,2.0,0.1514326880375544,0.15667033195495605,0.12000271181265514,0.26367788513501483,0.008862653436760107,0,0.5996677875518799,0,LAND_B,LAND_B,LAND_B,2.122622013092041,2.1240499019622803,2.112173080444336,0.19681958854198456,0.19277165830135345,0.1874518245458603,https://wandb.ai/ememchijioke-university-of-klagenfurt/marl-uav-mission-no-formation/runs/qgyhqyu7
2026-05-16T18:34:26.452940,1651,3,17123.238519659746,1,3,0,2.0,0.15276101728280386,0.1660967320203781,0.12141850839058559,0.2671452562014262,0.02254254960765441,0,0.5927752256393433,0,LAND_B,LAND_B,LAND_B,2.1324164867401123,2.1160776615142822,2.1132171154022217,0.19705815613269806,0.1934451460838318,0.18740873038768768,https://wandb.ai/ememchijioke-university-of-klagenfurt/marl-uav-mission-no-formation/runs/qgyhqyu7
2026-05-16T18:34:38.812785,1652,3,16861.660361459442,1,3,0,2.0,0.15599587559700012,0.16371917724609375,0.12533624718586603,0.2648497521877289,0.011853309037784735,0,0.5969786643981934,0,LAND_B,LAND_B,LAND_B,2.1307640075683594,2.1274020671844482,2.116757869720459,0.1971758008003235,0.19358070194721222,0.18785572052001953,https://wandb.ai/ememchijioke-university-of-klagenfurt/marl-uav-mission-no-formation/runs/qgyhqyu7
2026-05-16T18:34:52.255938,1653,3,17108.034783019317,1,3,0,2.0,0.15194611748059592,0.16343046724796295,0.1204572468996048,0.2683638532956441,0.015519967302680016,0,0.6023796200752258,0,LAND_B,LAND_B,LAND_B,2.1312143802642822,2.119481086730957,2.109410047531128,0.19662243127822876,0.193368062376976,0.18773838877677917,https://wandb.ai/ememchijioke-university-of-klagenfurt/marl-uav-mission-no-formation/runs/qgyhqyu7
2026-05-16T18:35:05.012680,1654,3,16950.917675938053,1,3,0,2.0,0.1518219212690989,0.16276556253433228,0.12009981274604797,0.2644939223925273,0.012866226024925709,0,0.6036316752433777,0,LAND_B,LAND_B,LAND_B,2.1288645267486572,2.1188056468963623,2.1102511882781982,0.1972610503435135,0.19339323043823242,0.18790489435195923,https://wandb.ai/ememchijioke-university-of-klagenfurt/marl-uav-mission-no-formation/runs/qgyhqyu7
2026-05-16T18:35:18.081565,1655,3,16983.184433134367,1,3,0,2.0,0.15643985072771707,0.16211466491222382,0.12583430856466293,0.26446452736854553,0.011142898816615343,0,0.6029764413833618,0,LAND_B,LAND_B,LAND_B,2.1279072761535645,2.129757881164551,2.1180834770202637,0.19733668863773346,0.19378294050693512,0.1876978874206543,https://wandb.ai/ememchijioke-university-of-klagenfurt/marl-uav-mission-no-formation/runs/qgyhqyu7
2026-05-16T18:35:29.333424,1656,3,16945.634643446167,1,3,0,2.0,0.150763268272082,0.15785625576972961,0.11905190100272496,0.26849564909935,0.01720751542598009,0,0.6025516390800476,0,LAND_B,LAND_B,LAND_B,2.1241228580474854,2.1169445514678955,2.11568284034729,0.19719430804252625,0.1931789666414261,0.1870807707309723,https://wandb.ai/ememchijioke-university-of-klagenfurt/marl-uav-mission-no-formation/runs/qgyhqyu7
2026-05-16T18:35:41.727363,1657,3,16854.30818960392,1,3,0,2.0,0.15463928878307343,0.161244198679924,0.12392447392145793,0.2673594454924266,0.010226599872112274,0,0.6029969453811646,0,LAND_B,LAND_B,LAND_B,2.128568410873413,2.1212828159332275,2.1211535930633545,0.19662359356880188,0.1936028152704239,0.18720115721225739,https://wandb.ai/ememchijioke-university-of-klagenfurt/marl-uav-mission-no-formation/runs/qgyhqyu7
2026-05-16T18:35:54.835441,1658,3,16965.82833892419,1,3,0,2.0,0.15109704434871674,0.1537150740623474,0.1195386250813802,0.26561473806699115,0.009588319653024277,0,0.6000663042068481,0,LAND_B,LAND_B,LAND_B,2.118952989578247,2.1164474487304688,2.1226611137390137,0.19667692482471466,0.19341683387756348,0.1868380308151245,https://wandb.ai/ememchijioke-university-of-klagenfurt/marl-uav-mission-no-formation/runs/qgyhqyu7
2026-05-16T18:36:08.036976,1659,3,17040.670839273484,1,3,0,2.0,0.1504941483338674,0.15700408816337585,0.1187550922234853,0.26690158247947693,0.01346567909543713,0,0.5929772257804871,0,LAND_B,LAND_B,LAND_B,2.1209945678710938,2.1254467964172363,2.1082420349121094,0.19704046845436096,0.19284509122371674,0.18728402256965637,https://wandb.ai/ememchijioke-university-of-klagenfurt/marl-uav-mission-no-formation/runs/qgyhqyu7
2026-05-16T18:36:21.703204,1660,3,16982.268302354718,1,3,0,2.0,0.15007058282693228,0.15446634590625763,0.11789726465940475,0.2637309829394023,0.013662608185162147,0,0.5982568264007568,0,LAND_B,LAND_B,LAND_B,2.1182448863983154,2.114276647567749,2.119101047515869,0.19703778624534607,0.19359654188156128,0.18773184716701508,https://wandb.ai/ememchijioke-university-of-klagenfurt/marl-uav-mission-no-formation/runs/qgyhqyu7
2026-05-16T18:36:34.089277,1661,3,17248.980689738382,1,3,0,2.0,0.1527603268623352,0.1602521687746048,0.12147586047649384,0.26742889483769733,0.014797724550589919,0,0.5978417992591858,0,LAND_B,LAND_B,LAND_B,2.1271018981933594,2.1142637729644775,2.122223377227783,0.19724123179912567,0.19306688010692596,0.1873355358839035,https://wandb.ai/ememchijioke-university-of-klagenfurt/marl-uav-mission-no-formation/runs/qgyhqyu7
2026-05-16T18:36:46.237799,1662,3,16999.584140650702,1,3,0,2.0,0.15272550284862518,0.16215398907661438,0.1211141049861908,0.2642019788424174,0.022250728371242683,0,0.5939227342605591,0,LAND_B,LAND_B,LAND_B,2.130249261856079,2.1152496337890625,2.117267370223999,0.19655193388462067,0.19413243234157562,0.18828412890434265,https://wandb.ai/ememchijioke-university-of-klagenfurt/marl-uav-mission-no-formation/runs/qgyhqyu7
2026-05-16T18:36:59.341276,1663,3,16998.601122483222,1,3,0,2.0,0.1518015613158544,0.15585580468177795,0.1204019362727801,0.2613086501757304,0.016158871275062364,0,0.6019493937492371,0,LAND_B,LAND_B,LAND_B,2.119818687438965,2.1250929832458496,2.116023063659668,0.19670404493808746,0.19294963777065277,0.18758967518806458,https://wandb.ai/ememchijioke-university-of-klagenfurt/marl-uav-mission-no-formation/runs/qgyhqyu7
2026-05-16T18:37:12.130719,1664,3,16854.66934519373,1,3,0,2.0,0.15458577374617258,0.16183920204639435,0.12372613449891408,0.2665682037671407,0.009431690443307161,0,0.5999395847320557,0,LAND_B,LAND_B,LAND_B,2.1296839714050293,2.119541883468628,2.121241807937622,0.19641071557998657,0.193609356880188,0.1879139244556427,https://wandb.ai/ememchijioke-university-of-klagenfurt/marl-uav-mission-no-formation/runs/qgyhqyu7
2026-05-16T18:37:25.420480,1665,3,17220.36682545303,1,3,0,2.0,0.15167412161827087,0.16259104013442993,0.12033349523941676,0.2622065742810567,0.017424898998190958,0,0.602299153804779,0,LAND_B,LAND_B,LAND_B,2.1301991939544678,2.116119623184204,2.113866090774536,0.19656342267990112,0.19306354224681854,0.18726633489131927,https://wandb.ai/ememchijioke-university-of-klagenfurt/marl-uav-mission-no-formation/runs/qgyhqyu7
2026-05-16T18:37:38.663874,1666,3,17195.704163925104,1,3,0,2.0,0.15380965173244476,0.1611143797636032,0.12308490027983983,0.2668458819389343,0.01377459786211451,0,0.604481041431427,0,LAND_B,LAND_B,LAND_B,2.1271655559539795,2.1249191761016846,2.1154558658599854,0.19687728583812714,0.19250230491161346,0.18732109665870667,https://wandb.ai/ememchijioke-university-of-klagenfurt/marl-uav-mission-no-formation/runs/qgyhqyu7
2026-05-16T18:37:52.051824,1667,3,17111.09562021394,1,3,0,2.0,0.14815548062324524,0.1539822816848755,0.11589308579762776,0.26510374744733173,0.014372387571105113,0,0.6093629598617554,0,LAND_B,LAND_B,LAND_B,2.1176488399505615,2.112697124481201,2.114384412765503,0.19673243165016174,0.19293057918548584,0.1871488392353058,https://wandb.ai/ememchijioke-university-of-klagenfurt/marl-uav-mission-no-formation/runs/qgyhqyu7
2026-05-16T18:38:05.284874,1668,3,17050.192866911646,1,3,0,2.0,0.15296907722949982,0.16346822679042816,0.1218189646800359,0.26498034596443176,0.008454565579692522,0,0.6085123419761658,0,LAND_B,LAND_B,LAND_B,2.1300504207611084,2.1193974018096924,2.1141796112060547,0.1972184032201767,0.19324930012226105,0.1870489865541458,https://wandb.ai/ememchijioke-university-of-klagenfurt/marl-uav-mission-no-formation/runs/qgyhqyu7
2026-05-16T18:38:18.183809,1669,3,16990.318679018255,1,3,0,2.0,0.15132909019788107,0.15945598483085632,0.1198159654935201,0.2621834973494212,0.017535751064618427,0,0.5971283316612244,0,LAND_B,LAND_B,LAND_B,2.125927686691284,2.1109538078308105,2.120828866958618,0.1970347762107849,0.19320820271968842,0.1867590844631195,https://wandb.ai/ememchijioke-university-of-klagenfurt/marl-uav-mission-no-formation/runs/qgyhqyu7
2026-05-16T18:38:31.568636,1670,3,16911.214733929206,1,3,0,2.0,0.152406836549441,0.15476945042610168,0.12134366730848949,0.26567118366559345,0.01373608410358429,0,0.6087425351142883,0,LAND_B,LAND_B,LAND_B,2.116421937942505,2.1237025260925293,2.122591018676758,0.19673480093479156,0.19290192425251007,0.18666581809520721,https://wandb.ai/ememchijioke-university-of-klagenfurt/marl-uav-mission-no-formation/runs/qgyhqyu7
2026-05-16T18:38:44.943132,1671,3,16990.324759050087,1,3,0,2.0,0.1513569156328837,0.15294882655143738,0.11996539682149887,0.2671915392080943,0.017928156070411205,0,0.5915390849113464,0,LAND_B,LAND_B,LAND_B,2.1183228492736816,2.120159149169922,2.119849920272827,0.19651709496974945,0.1927625685930252,0.18741324543952942,https://wandb.ai/ememchijioke-university-of-klagenfurt/marl-uav-mission-no-formation/runs/qgyhqyu7
2026-05-16T18:38:58.674455,1672,3,17039.341212268253,1,3,0,2.0,0.14727608859539032,0.15101689100265503,0.11478797098000844,0.26607418060302734,0.0223853283872207,0,0.6077842712402344,0,LAND_B,LAND_B,LAND_B,2.1159393787384033,2.113415002822876,2.1144094467163086,0.19638395309448242,0.19307467341423035,0.18723253905773163,https://wandb.ai/ememchijioke-university-of-klagenfurt/marl-uav-mission-no-formation/runs/qgyhqyu7
2026-05-16T18:39:11.983262,1673,3,16981.803443892957,1,3,0,2.0,0.14828117688496908,0.1533990502357483,0.11612172424793243,0.26658085982004803,0.01578970067203045,0,0.5970222353935242,0,LAND_B,LAND_B,LAND_B,2.1189608573913574,2.1166324615478516,2.111672878265381,0.19584408402442932,0.1932091861963272,0.1875743716955185,https://wandb.ai/ememchijioke-university-of-klagenfurt/marl-uav-mission-no-formation/runs/qgyhqyu7
2026-05-16T18:39:25.113676,1674,3,17160.776507580158,1,3,0,2.0,0.14887429773807526,0.15601760149002075,0.11716295033693314,0.2666410108407338,0.01208904106169939,0,0.608605146408081,0,LAND_B,LAND_B,LAND_B,2.121997833251953,2.112159013748169,2.116057872772217,0.19586250185966492,0.19226713478565216,0.18730954825878143,https://wandb.ai/ememchijioke-university-of-klagenfurt/marl-uav-mission-no-formation/runs/qgyhqyu7
2026-05-16T18:39:37.829126,1675,3,17303.712844171976,1,3,0,2.0,0.1511775404214859,0.15812772512435913,0.12020603319009145,0.2666623095671336,0.0099940310853223,0,0.5997799038887024,0,LAND_B,LAND_B,LAND_B,2.125532388687134,2.1226553916931152,2.1121671199798584,0.1959533393383026,0.1921379119157791,0.1869339793920517,https://wandb.ai/ememchijioke-university-of-klagenfurt/marl-uav-mission-no-formation/runs/qgyhqyu7
2026-05-16T18:39:50.351338,1676,3,16900.567231726898,1,3,0,2.0,0.15117966135342917,0.15289239585399628,0.1198061282436053,0.2652106086413066,0.01549210399389267,0,0.6016117930412292,0,LAND_B,LAND_B,LAND_B,2.118030309677124,2.116197347640991,2.124025821685791,0.19609743356704712,0.19242985546588898,0.1877860426902771,https://wandb.ai/ememchijioke-university-of-klagenfurt/marl-uav-mission-no-formation/runs/qgyhqyu7
2026-05-16T18:40:03.260809,1677,3,17148.331237705763,1,3,0,2.0,0.14614867170651755,0.15490682423114777,0.11313156286875407,0.2646850347518921,0.009894080149630705,0,0.5968261361122131,0,LAND_B,LAND_B,LAND_B,2.1198410987854004,2.1097605228424072,2.1085915565490723,0.19676512479782104,0.1935661882162094,0.18716906011104584,https://wandb.ai/ememchijioke-university-of-klagenfurt/marl-uav-mission-no-formation/runs/qgyhqyu7
2026-05-16T18:40:16.171265,1678,3,17356.790544884858,1,3,0,2.0,0.1516312708457311,0.15382930636405945,0.1200885425011317,0.26374725500742596,0.014760793497165045,0,0.5889060497283936,0,LAND_B,LAND_B,LAND_B,2.118955135345459,2.1150166988372803,2.125128746032715,0.1967366635799408,0.1929379105567932,0.18764416873455048,https://wandb.ai/ememchijioke-university-of-klagenfurt/marl-uav-mission-no-formation/runs/qgyhqyu7
2026-05-16T18:40:28.905824,1679,3,16987.426102589452,1,3,0,2.0,0.15082834661006927,0.1617494821548462,0.11926136662562688,0.2650817036628723,0.016448537819087505,0,0.6072214245796204,0,LAND_B,LAND_B,LAND_B,2.1282763481140137,2.115216016769409,2.1126322746276855,0.19648917019367218,0.19278477132320404,0.18763940036296844,https://wandb.ai/ememchijioke-university-of-klagenfurt/marl-uav-mission-no-formation/runs/qgyhqyu7
2026-05-16T18:40:41.822527,1680,3,17070.313713312884,1,3,0,2.0,0.14998841285705566,0.1587747037410736,0.11833801865577698,0.26661747694015503,0.01200974352347354,0,0.6010193824768066,0,LAND_B,LAND_B,LAND_B,2.1254703998565674,2.1167280673980713,2.110629081726074,0.19608063995838165,0.1930333971977234,0.18732492625713348,https://wandb.ai/ememchijioke-university-of-klagenfurt/marl-uav-mission-no-formation/runs/qgyhqyu7
2026-05-16T18:40:53.932929,1681,3,16974.00177711274,1,3,0,2.0,0.15268235901991525,0.1600281149148941,0.12169865022102992,0.26724863052368164,0.01205252856016159,0,0.5947110056877136,0,LAND_B,LAND_B,LAND_B,2.126993179321289,2.12591552734375,2.111478328704834,0.1967623084783554,0.1927611529827118,0.1870395690202713,https://wandb.ai/ememchijioke-university-of-klagenfurt/marl-uav-mission-no-formation/runs/qgyhqyu7
2026-05-16T18:41:07.061460,1682,3,16959.069621397106,1,3,0,2.0,0.1523999273777008,0.15698376297950745,0.12115350862344106,0.2666703661282857,0.01150337839499116,0,0.5974212288856506,0,LAND_B,LAND_B,LAND_B,2.1164040565490723,2.125779867172241,2.1204848289489746,0.19604848325252533,0.19328035414218903,0.1877695769071579,https://wandb.ai/ememchijioke-university-of-klagenfurt/marl-uav-mission-no-formation/runs/qgyhqyu7
2026-05-16T18:41:20.489266,1683,3,17037.815164410873,1,3,0,2.0,0.15282190342744192,0.15859785676002502,0.12217762569586436,0.2663198510805766,0.012460715253837407,0,0.604722797870636,0,LAND_B,LAND_B,LAND_B,2.1261069774627686,2.120507001876831,2.119398593902588,0.1956939995288849,0.19227905571460724,0.1873946338891983,https://wandb.ai/ememchijioke-university-of-klagenfurt/marl-uav-mission-no-formation/runs/qgyhqyu7
2026-05-16T18:41:33.630523,1684,3,17139.86094211784,1,3,0,2.0,0.14770019054412842,0.15080143511295319,0.11541472375392914,0.26398560404777527,0.01626161641130845,0,0.5930904150009155,0,LAND_B,LAND_B,LAND_B,2.116067409515381,2.116684913635254,2.1131842136383057,0.19610847532749176,0.19243693351745605,0.18789532780647278,https://wandb.ai/ememchijioke-university-of-klagenfurt/marl-uav-mission-no-formation/runs/qgyhqyu7
2026-05-16T18:41:46.565074,1685,3,17078.130609057986,1,3,0,2.0,0.14709741373856863,0.15130718052387238,0.11500085890293121,0.2657137413819631,0.017603800632059574,0,0.5923967957496643,0,LAND_B,LAND_B,LAND_B,2.1166913509368896,2.1169815063476562,2.1102163791656494,0.19531358778476715,0.19240602850914001,0.18742607533931732,https://wandb.ai/ememchijioke-university-of-klagenfurt/marl-uav-mission-no-formation/runs/qgyhqyu7
2026-05-16T18:41:59.621880,1686,3,17079.287434093174,1,3,0,2.0,0.14842760066191354,0.15665388107299805,0.11659037818511327,0.2678770422935486,0.006391509746511777,0,0.5992845892906189,0,LAND_B,LAND_B,LAND_B,2.123504161834717,2.1143271923065186,2.1116726398468018,0.19603216648101807,0.19254130125045776,0.18696187436580658,https://wandb.ai/ememchijioke-university-of-klagenfurt/marl-uav-mission-no-formation/runs/qgyhqyu7
2026-05-16T18:42:12.841809,1687,3,16956.030066985993,1,3,0,2.0,0.15128822127978006,0.1549452841281891,0.11981830249230067,0.26599666476249695,0.023100827510158222,0,0.5965888500213623,0,LAND_B,LAND_B,LAND_B,2.1212527751922607,2.1157422065734863,2.121492862701416,0.19611860811710358,0.19274769723415375,0.18807309865951538,https://wandb.ai/ememchijioke-university-of-klagenfurt/marl-uav-mission-no-formation/runs/qgyhqyu7
2026-05-16T18:42:25.429127,1688,3,17159.6551230528,1,3,0,2.0,0.14794321358203888,0.15628698468208313,0.11560033510128657,0.2633979022502899,0.012816870274643103,0,0.6030629873275757,0,LAND_B,LAND_B,LAND_B,2.1228692531585693,2.1120753288269043,2.1113839149475098,0.19615334272384644,0.19285844266414642,0.1879054605960846,https://wandb.ai/ememchijioke-university-of-klagenfurt/marl-uav-mission-no-formation/runs/qgyhqyu7
2026-05-16T18:42:37.840015,1689,3,17100.15263978243,1,3,0,2.0,0.14998425543308258,0.15855596959590912,0.11858715862035751,0.2660513718922933,0.019515516857306164,0,0.6028033494949341,0,LAND_B,LAND_B,LAND_B,2.1262412071228027,2.112227201461792,2.117064952850342,0.1957174390554428,0.19239826500415802,0.18720735609531403,https://wandb.ai/ememchijioke-university-of-klagenfurt/marl-uav-mission-no-formation/runs/qgyhqyu7
2026-05-16T18:42:49.758647,1690,3,17388.324079354144,1,3,0,2.0,0.14920844634373984,0.15369044244289398,0.11737993607918422,0.26637448867162067,0.006296093730876843,0,0.597261905670166,0,LAND_B,LAND_B,LAND_B,2.1199100017547607,2.113823175430298,2.1180737018585205,0.195936381816864,0.1926116645336151,0.18766137957572937,https://wandb.ai/ememchijioke-university-of-klagenfurt/marl-uav-mission-no-formation/runs/qgyhqyu7
2026-05-16T18:43:02.470866,1691,3,17020.01315609329,1,3,0,2.0,0.14964085817337036,0.15369181334972382,0.11843857169151306,0.26508159438769024,0.013124781815956036,0,0.5999802947044373,0,LAND_B,LAND_B,LAND_B,2.117405414581299,2.1223154067993164,2.1132469177246094,0.19497275352478027,0.1924838423728943,0.18686378002166748,https://wandb.ai/ememchijioke-university-of-klagenfurt/marl-uav-mission-no-formation/runs/qgyhqyu7
2026-05-16T18:43:15.867831,1692,3,17298.98617634843,1,3,0,2.0,0.1516939401626587,0.15447409451007843,0.12109048664569855,0.2648596266905467,0.019101767800748348,0,0.6013025045394897,0,LAND_B,LAND_B,LAND_B,2.1168618202209473,2.123943328857422,2.122046709060669,0.19438986480236053,0.19216494262218475,0.18734055757522583,https://wandb.ai/ememchijioke-university-of-klagenfurt/marl-uav-mission-no-formation/runs/qgyhqyu7
2026-05-16T18:43:28.110569,1693,3,17090.392454492277,1,3,0,2.0,0.15032935639222464,0.15235301852226257,0.11971698453028996,0.26569127043088275,0.011342376781006655,0,0.6118984818458557,0,LAND_B,LAND_B,LAND_B,2.11529803276062,2.121657609939575,2.1193275451660156,0.19451162219047546,0.19102026522159576,0.18708251416683197,https://wandb.ai/ememchijioke-university-of-klagenfurt/marl-uav-mission-no-formation/runs/qgyhqyu7
2026-05-16T18:43:40.518120,1694,3,16066.106408403735,1,3,0,2.0,0.15384308497111002,0.16108624637126923,0.11960531274477641,0.28025321165720624,0.007362731111546357,0,0.5990734100341797,0,LAND_B,LAND_B,LAND_B,2.1258623600006104,2.1162123680114746,2.115203857421875,0.19995367527008057,0.19737109541893005,0.1929091066122055,https://wandb.ai/ememchijioke-university-of-klagenfurt/marl-uav-mission-no-formation/runs/qgyhqyu7
2026-05-16T18:43:54.085552,1695,3,17269.934113220304,1,3,0,2.0,0.14534805218378702,0.15077215433120728,0.11328645795583725,0.2659987012545268,0.019677918093899887,0,0.6045729517936707,0,LAND_B,LAND_B,LAND_B,2.1153647899627686,2.1125988960266113,2.1091275215148926,0.19508430361747742,0.19104070961475372,0.18705442547798157,https://wandb.ai/ememchijioke-university-of-klagenfurt/marl-uav-mission-no-formation/runs/qgyhqyu7
2026-05-16T18:44:07.385085,1696,3,17159.183933120446,1,3,0,2.0,0.15136340260505676,0.16290169954299927,0.12106058498223622,0.2671721875667572,0.01753268080453078,0,0.5890737771987915,0,LAND_B,LAND_B,LAND_B,2.132052183151245,2.114954710006714,2.1154940128326416,0.19522882997989655,0.19054999947547913,0.18667715787887573,https://wandb.ai/ememchijioke-university-of-klagenfurt/marl-uav-mission-no-formation/runs/qgyhqyu7
2026-05-16T18:44:20.092474,1697,3,17192.181894221878,1,3,0,2.0,0.14785631000995636,0.14974255859851837,0.11671586831410725,0.26494366923968,0.012638026537994543,0,0.6015570759773254,0,LAND_B,LAND_B,LAND_B,2.114445924758911,2.1178841590881348,2.1161184310913086,0.19470568001270294,0.19106143712997437,0.18641343712806702,https://wandb.ai/ememchijioke-university-of-klagenfurt/marl-uav-mission-no-formation/runs/qgyhqyu7
2026-05-16T18:44:33.312345,1698,3,17055.803557318755,1,3,0,2.0,0.15256944795449576,0.16217200458049774,0.12244969606399536,0.2646544575691223,0.016850632304946583,0,0.6012794375419617,0,LAND_B,LAND_B,LAND_B,2.129967451095581,2.1159017086029053,2.118917465209961,0.19533583521842957,0.19110408425331116,0.18649496138095856,https://wandb.ai/ememchijioke-university-of-klagenfurt/marl-uav-mission-no-formation/runs/qgyhqyu7
2026-05-16T18:44:46.394420,1699,3,17255.850442749204,1,3,0,2.0,0.1481487105290095,0.1550411880016327,0.1172438661257426,0.26769012212753296,0.00948929600417614,0,0.5974674224853516,0,LAND_B,LAND_B,LAND_B,2.12263822555542,2.123687744140625,2.104764938354492,0.19455648958683014,0.1908220648765564,0.18612758815288544,https://wandb.ai/ememchijioke-university-of-klagenfurt/marl-uav-mission-no-formation/runs/qgyhqyu7
2026-05-16T18:44:59.541884,1700,3,17274.36023468047,1,3,0,2.0,0.14606077472368875,0.14829984307289124,0.11457475026448567,0.26494025190671283,0.01823881423721711,0,0.6020569205284119,0,LAND_B,LAND_B,LAND_B,2.1124267578125,2.1162264347076416,2.112971305847168,0.1943831443786621,0.1909734308719635,0.1863003820180893,https://wandb.ai/ememchijioke-university-of-klagenfurt/marl-uav-mission-no-formation/runs/qgyhqyu7
2026-05-16T18:45:12.582965,1701,3,17097.131002184098,1,3,0,2.0,0.1499998023112615,0.1544777750968933,0.11929694314797719,0.26342294613520306,0.019438352435827255,0,0.6062192320823669,0,LAND_B,LAND_B,LAND_B,2.121169328689575,2.114323616027832,2.1213669776916504,0.19461983442306519,0.19147109985351562,0.18649747967720032,https://wandb.ai/ememchijioke-university-of-klagenfurt/marl-uav-mission-no-formation/runs/qgyhqyu7
2026-05-16T18:45:24.922632,1702,3,17129.31910849947,1,3,0,2.0,0.15073503057161966,0.15691182017326355,0.1201087658603986,0.26417561372121173,0.0149516553307573,0,0.6064882874488831,0,LAND_B,LAND_B,LAND_B,2.111457347869873,2.1274356842041016,2.1196556091308594,0.19511593878269196,0.19090086221694946,0.18670222163200378,https://wandb.ai/ememchijioke-university-of-klagenfurt/marl-uav-mission-no-formation/runs/qgyhqyu7
2026-05-16T18:45:37.575068,1703,3,17357.58045680968,1,3,0,2.0,0.1505573938290278,0.15592090785503387,0.12008209774891536,0.2666711707909902,0.014707300191124281,0,0.6025152206420898,0,LAND_B,LAND_B,LAND_B,2.1189382076263428,2.12641978263855,2.1143362522125244,0.1952827125787735,0.1910255253314972,0.18597927689552307,https://wandb.ai/ememchijioke-university-of-klagenfurt/marl-uav-mission-no-formation/runs/qgyhqyu7
2026-05-16T18:45:50.602697,1704,3,17173.22730371286,1,3,0,2.0,0.15147811671098074,0.15936309099197388,0.12115895003080368,0.26519179344177246,0.01601004848877589,0,0.6017764806747437,0,LAND_B,LAND_B,LAND_B,2.12776517868042,2.1151726245880127,2.119673728942871,0.19468975067138672,0.19142413139343262,0.18651029467582703,https://wandb.ai/ememchijioke-university-of-klagenfurt/marl-uav-mission-no-formation/runs/qgyhqyu7
2026-05-16T18:46:03.506745,1705,3,16243.001043356253,1,3,0,2.0,0.15376417338848114,0.16147448122501373,0.12023070454597473,0.282758891582489,0.010714029039566716,0,0.6012694835662842,0,LAND_B,LAND_B,LAND_B,2.1264824867248535,2.1253573894500732,2.1077358722686768,0.19981293380260468,0.19609414041042328,0.19149720668792725,https://wandb.ai/ememchijioke-university-of-klagenfurt/marl-uav-mission-no-formation/runs/qgyhqyu7
2026-05-16T18:46:16.501080,1706,3,15834.338596987875,1,3,0,2.0,0.1509593427181244,0.15629397332668304,0.11680745830138524,0.28237317999204,0.019815432839095592,0,0.5945962071418762,0,LAND_B,LAND_B,LAND_B,2.1197164058685303,2.1212120056152344,2.1084096431732178,0.19985461235046387,0.19566696882247925,0.19130074977874756,https://wandb.ai/ememchijioke-university-of-klagenfurt/marl-uav-mission-no-formation/runs/qgyhqyu7
2026-05-16T18:46:29.813904,1707,3,16187.214138453844,1,3,0,2.0,0.15606573224067688,0.16217686235904694,0.12324398259321849,0.2796277304490407,0.016092956066131592,0,0.6014201641082764,0,LAND_B,LAND_B,LAND_B,2.12709379196167,2.1214327812194824,2.1196420192718506,0.19978196918964386,0.19583536684513092,0.1916116178035736,https://wandb.ai/ememchijioke-university-of-klagenfurt/marl-uav-mission-no-formation/runs/qgyhqyu7
2026-05-16T18:46:42.906889,1708,3,17420.67319078877,1,3,0,2.0,0.15089146296183267,0.15162964165210724,0.12056716779867808,0.26723945140838623,0.011092782020568848,0,0.5929373502731323,0,LAND_B,LAND_B,LAND_B,2.116051197052002,2.1200597286224365,2.1237337589263916,0.19441018998622894,0.19092202186584473,0.1865038126707077,https://wandb.ai/ememchijioke-university-of-klagenfurt/marl-uav-mission-no-formation/runs/qgyhqyu7
2026-05-16T18:46:55.971562,1709,3,17071.447328029568,1,3,0,2.0,0.14962969720363617,0.15434321761131287,0.11930123219887416,0.2661202847957611,0.020974633594353993,0,0.5924810171127319,0,LAND_B,LAND_B,LAND_B,2.120784282684326,2.116987705230713,2.118359327316284,0.19445955753326416,0.19074605405330658,0.18563254177570343,https://wandb.ai/ememchijioke-university-of-klagenfurt/marl-uav-mission-no-formation/runs/qgyhqyu7
2026-05-16T18:47:09.141126,1710,3,17433.482714286514,1,3,0,2.0,0.14514626065889993,0.14992637932300568,0.11296232293049495,0.2639905313650767,0.013272803431997696,0,0.5993011593818665,0,LAND_B,LAND_B,LAND_B,2.114036798477173,2.109405994415283,2.1128287315368652,0.19537779688835144,0.19099664688110352,0.18695257604122162,https://wandb.ai/ememchijioke-university-of-klagenfurt/marl-uav-mission-no-formation/runs/qgyhqyu7
2026-05-16T18:47:22.211666,1711,3,17060.788175818183,1,3,0,2.0,0.14686020215352377,0.1569863259792328,0.11534142245848973,0.26528046528498334,0.0225368719547987,0,0.5928120613098145,0,LAND_B,LAND_B,LAND_B,2.124460458755493,2.10860013961792,2.112135171890259,0.19484421610832214,0.1913459599018097,0.1863565891981125,https://wandb.ai/ememchijioke-university-of-klagenfurt/marl-uav-mission-no-formation/runs/qgyhqyu7
2026-05-16T18:47:35.357308,1712,3,17438.649693209558,1,3,0,2.0,0.1492630938688914,0.15229567885398865,0.11806015173594157,0.2657595972220103,0.013611184122661749,0,0.6053505539894104,0,LAND_B,LAND_B,LAND_B,2.1146533489227295,2.121271848678589,2.1173617839813232,0.1947353482246399,0.19200953841209412,0.18708647787570953,https://wandb.ai/ememchijioke-university-of-klagenfurt/marl-uav-mission-no-formation/runs/qgyhqyu7
2026-05-16T18:47:48.396419,1713,3,16926.57658611428,1,3,0,2.0,0.15433030327161154,0.16099368035793304,0.12473504493633907,0.265849490960439,0.01145920700704058,0,0.5930823683738708,0,LAND_B,LAND_B,LAND_B,2.129953384399414,2.1156699657440186,2.1277241706848145,0.1948927491903305,0.19048549234867096,0.1869998574256897,https://wandb.ai/ememchijioke-university-of-klagenfurt/marl-uav-mission-no-formation/runs/qgyhqyu7
2026-05-16T18:48:01.158333,1714,3,16992.11607037527,1,3,0,2.0,0.1499024877945582,0.15684005618095398,0.11888060967127483,0.2682403127352397,0.016171098376313846,0,0.6064900159835815,0,LAND_B,LAND_B,LAND_B,2.1235969066619873,2.1177234649658203,2.114009380340576,0.19508855044841766,0.19156970083713531,0.18727535009384155,https://wandb.ai/ememchijioke-university-of-klagenfurt/marl-uav-mission-no-formation/runs/qgyhqyu7
2026-05-16T18:48:12.091724,1715,3,17356.03423645484,1,3,0,2.0,0.15026482939720154,0.1537586748600006,0.11949493984381358,0.2639482319355011,0.01857282780110836,0,0.5992618799209595,0,LAND_B,LAND_B,LAND_B,2.119628429412842,2.1199519634246826,2.116711378097534,0.19504575431346893,0.19138368964195251,0.18683937191963196,https://wandb.ai/ememchijioke-university-of-klagenfurt/marl-uav-mission-no-formation/runs/qgyhqyu7
2026-05-16T18:48:24.838497,1716,3,15818.782311338982,1,3,0,2.0,0.15125559767087302,0.15290658175945282,0.11617615073919296,0.2801576554775238,0.014824126536647478,0,0.606056809425354,0,LAND_B,LAND_B,LAND_B,2.114335775375366,2.1131842136383057,2.119266986846924,0.1999870091676712,0.19703711569309235,0.19338034093379974,https://wandb.ai/ememchijioke-university-of-klagenfurt/marl-uav-mission-no-formation/runs/qgyhqyu7
2026-05-16T18:48:37.724181,1717,3,15945.481113840073,1,3,0,2.0,0.15458408494790396,0.1631283164024353,0.12067076563835144,0.2821672260761261,0.012868051106731096,0,0.5993501543998718,0,LAND_B,LAND_B,LAND_B,2.128175735473633,2.118250846862793,2.113827705383301,0.199905663728714,0.19750738143920898,0.19238534569740295,https://wandb.ai/ememchijioke-university-of-klagenfurt/marl-uav-mission-no-formation/runs/qgyhqyu7
2026-05-16T18:48:50.467850,1718,3,17014.945866325044,1,3,0,2.0,0.15045619010925293,0.15909694135189056,0.1198424498240153,0.26447845498720807,0.014481004793196917,0,0.5983889102935791,0,LAND_B,LAND_B,LAND_B,2.1259708404541016,2.114044189453125,2.1175248622894287,0.19508612155914307,0.19141878187656403,0.18626825511455536,https://wandb.ai/ememchijioke-university-of-klagenfurt/marl-uav-mission-no-formation/runs/qgyhqyu7
2026-05-16T18:49:03.026350,1719,3,17151.303428559433,1,3,0,2.0,0.14718628923098245,0.15006497502326965,0.11574622243642807,0.2653725842634837,0.016947025898844004,0,0.587115466594696,0,LAND_B,LAND_B,LAND_B,2.113321304321289,2.1190969944000244,2.113844633102417,0.1949918121099472,0.1912878453731537,0.18631255626678467,https://wandb.ai/ememchijioke-university-of-klagenfurt/marl-uav-mission-no-formation/runs/qgyhqyu7
2026-05-16T18:49:15.255712,1720,3,17394.5115210113,1,3,0,2.0,0.14759216705958048,0.14991778135299683,0.11619466046492259,0.2671307325363159,0.015601656554887692,0,0.6025287508964539,0,LAND_B,LAND_B,LAND_B,2.1132378578186035,2.112217903137207,2.1225874423980713,0.1955227106809616,0.19075952470302582,0.18624460697174072,https://wandb.ai/ememchijioke-university-of-klagenfurt/marl-uav-mission-no-formation/runs/qgyhqyu7
2026-05-16T18:49:28.283420,1721,3,17005.02385085708,1,3,0,2.0,0.14912494520346323,0.15406008064746857,0.11796505252520244,0.26601704955101013,0.013616865500807762,0,0.5942748785018921,0,LAND_B,LAND_B,LAND_B,2.1155917644500732,2.1241564750671387,2.1138079166412354,0.19495804607868195,0.19121098518371582,0.18733565509319305,https://wandb.ai/ememchijioke-university-of-klagenfurt/marl-uav-mission-no-formation/runs/qgyhqyu7
2026-05-16T18:49:41.762149,1722,3,17501.49826712429,1,3,0,2.0,0.15148337682088217,0.1568889170885086,0.12097114076217015,0.26303982734680176,0.01831936665500204,0,0.6022817492485046,0,LAND_B,LAND_B,LAND_B,2.1231510639190674,2.119178533554077,2.1179072856903076,0.19515153765678406,0.19146472215652466,0.18688564002513885,https://wandb.ai/ememchijioke-university-of-klagenfurt/marl-uav-mission-no-formation/runs/qgyhqyu7
2026-05-16T18:49:54.485538,1723,3,17535.439245066635,1,3,0,2.0,0.15112135807673135,0.15330934524536133,0.12056991209586461,0.26507766048113507,0.01784441651155551,0,0.589888334274292,0,LAND_B,LAND_B,LAND_B,2.1199681758880615,2.1194629669189453,2.121289014816284,0.19452765583992004,0.1918792724609375,0.18677851557731628,https://wandb.ai/ememchijioke-university-of-klagenfurt/marl-uav-mission-no-formation/runs/qgyhqyu7
2026-05-16T18:50:07.308642,1724,3,17196.44923450872,1,3,0,2.0,0.1462588757276535,0.1471870392560959,0.11427636692921321,0.26286659638086957,0.008377649821341038,0,0.5992645025253296,0,LAND_B,LAND_B,LAND_B,2.1114981174468994,2.113088369369507,2.11612606048584,0.19513475894927979,0.1918058842420578,0.18665847182273865,https://wandb.ai/ememchijioke-university-of-klagenfurt/marl-uav-mission-no-formation/runs/qgyhqyu7
2026-05-16T18:50:20.354199,1725,3,17192.821230644193,1,3,0,2.0,0.146870955824852,0.14991271495819092,0.11547194669644038,0.2650696436564128,0.019265348402162392,0,0.5983055830001831,0,LAND_B,LAND_B,LAND_B,2.1142420768737793,2.1180591583251953,2.112362861633301,0.19471192359924316,0.19122657179832458,0.186242938041687,https://wandb.ai/ememchijioke-university-of-klagenfurt/marl-uav-mission-no-formation/runs/qgyhqyu7
2026-05-16T18:50:33.129679,1726,3,17053.246215008076,1,3,0,2.0,0.1516042798757553,0.15909767150878906,0.1213550145427386,0.26630058884620667,0.021832624450325966,0,0.6024019122123718,0,LAND_B,LAND_B,LAND_B,2.1271350383758545,2.11468243598938,2.121324300765991,0.19464322924613953,0.19137690961360931,0.18639352917671204,https://wandb.ai/ememchijioke-university-of-klagenfurt/marl-uav-mission-no-formation/runs/qgyhqyu7
2026-05-16T18:50:46.256685,1727,3,17358.372181656483,1,3,0,2.0,0.14791001876195273,0.1589163988828659,0.11674875766038895,0.2651784420013428,0.020744360672930878,0,0.5975977182388306,0,LAND_B,LAND_B,LAND_B,2.1271846294403076,2.1157126426696777,2.106435537338257,0.19508767127990723,0.1911512166261673,0.18611696362495422,https://wandb.ai/ememchijioke-university-of-klagenfurt/marl-uav-mission-no-formation/runs/qgyhqyu7
2026-05-16T18:50:59.062155,1728,3,15989.868230039443,1,3,0,2.0,0.14806238810221353,0.153973788022995,0.11236871778964996,0.27986905972162884,0.02206503227353096,0,0.5989980697631836,0,LAND_B,LAND_B,LAND_B,2.1163957118988037,2.1069130897521973,2.1118552684783936,0.1999635249376297,0.19695371389389038,0.1922159343957901,https://wandb.ai/ememchijioke-university-of-klagenfurt/marl-uav-mission-no-formation/runs/qgyhqyu7
2026-05-16T18:51:11.700525,1729,3,17689.21123057596,1,3,0,2.0,0.14364667733510336,0.1493026465177536,0.1112014576792717,0.2655784686406453,0.015645833685994148,0,0.6040674448013306,0,LAND_B,LAND_B,LAND_B,2.115262031555176,2.1055524349212646,2.112605571746826,0.19472041726112366,0.1913658082485199,0.18651904165744781,https://wandb.ai/ememchijioke-university-of-klagenfurt/marl-uav-mission-no-formation/runs/qgyhqyu7
2026-05-16T18:51:24.926672,1730,3,17261.060211478314,1,3,0,2.0,0.15087296068668365,0.16192325949668884,0.12034981449445088,0.26395727197329205,0.016529031408329804,0,0.6064670085906982,0,LAND_B,LAND_B,LAND_B,2.129660129547119,2.1203079223632812,2.108795166015625,0.19522318243980408,0.191611185669899,0.18603238463401794,https://wandb.ai/ememchijioke-university-of-klagenfurt/marl-uav-mission-no-formation/runs/qgyhqyu7
2026-05-16T18:51:36.182551,1731,3,17151.38784497043,1,3,0,2.0,0.14803270995616913,0.15661177039146423,0.1170173982779185,0.26667072375615436,0.01664292501906554,0,0.6051628589630127,0,LAND_B,LAND_B,LAND_B,2.1233091354370117,2.1175363063812256,2.108621835708618,0.19520063698291779,0.1908528059720993,0.18593353033065796,https://wandb.ai/ememchijioke-university-of-klagenfurt/marl-uav-mission-no-formation/runs/qgyhqyu7
2026-05-16T18:51:49.299187,1732,3,17218.53375620107,1,3,0,2.0,0.14760385950406393,0.15225477516651154,0.11646125962336858,0.2656082808971405,0.008170677019127956,0,0.5961267948150635,0,LAND_B,LAND_B,LAND_B,2.112520217895508,2.122227430343628,2.112663507461548,0.1953161060810089,0.19063037633895874,0.1858726590871811,https://wandb.ai/ememchijioke-university-of-klagenfurt/marl-uav-mission-no-formation/runs/qgyhqyu7
2026-05-16T18:52:01.341424,1733,3,17292.595342179902,1,3,0,2.0,0.1472380260626475,0.15649425983428955,0.11618997653325398,0.2642887433369954,0.01883718262736996,0,0.5964425206184387,0,LAND_B,LAND_B,LAND_B,2.1239209175109863,2.113654375076294,2.1096651554107666,0.1948857307434082,0.1907329261302948,0.18566583096981049,https://wandb.ai/ememchijioke-university-of-klagenfurt/marl-uav-mission-no-formation/runs/qgyhqyu7
2026-05-16T18:52:14.223688,1734,3,17286.932247220746,1,3,0,2.0,0.14713015158971152,0.15456300973892212,0.11579031993945439,0.26299359401067096,0.015388711045185724,0,0.5987052917480469,0,LAND_B,LAND_B,LAND_B,2.12166428565979,2.114082098007202,2.1101393699645996,0.19486384093761444,0.19123415648937225,0.18621324002742767,https://wandb.ai/ememchijioke-university-of-klagenfurt/marl-uav-mission-no-formation/runs/qgyhqyu7
2026-05-16T18:52:26.725470,1735,3,17231.08703248457,1,3,0,2.0,0.1520977814992269,0.15837277472019196,0.12244663139184316,0.2637856403986613,0.012957667776693901,0,0.5923568606376648,0,LAND_B,LAND_B,LAND_B,2.1252777576446533,2.117579936981201,2.122389793395996,0.19456855952739716,0.1908055692911148,0.18513169884681702,https://wandb.ai/ememchijioke-university-of-klagenfurt/marl-uav-mission-no-formation/runs/qgyhqyu7
2026-05-16T18:52:39.271558,1736,3,16234.422652079007,1,3,0,2.0,0.15144838889439902,0.15433545410633087,0.11741512765487035,0.28254879514376324,0.013599470568199953,0,0.6069788336753845,0,LAND_B,LAND_B,LAND_B,2.1162986755371094,2.114137649536133,2.120190382003784,0.19969503581523895,0.19626720249652863,0.19076982140541077,https://wandb.ai/ememchijioke-university-of-klagenfurt/marl-uav-mission-no-formation/runs/qgyhqyu7
2026-05-16T18:52:51.235175,1737,3,16126.127277085636,1,3,0,2.0,0.1534651517868042,0.15905292332172394,0.12025205790996552,0.2825228273868561,0.015724869444966316,0,0.5888172388076782,0,LAND_B,LAND_B,LAND_B,2.1236658096313477,2.121591091156006,2.1144449710845947,0.19976554811000824,0.1958351731300354,0.1904277205467224,https://wandb.ai/ememchijioke-university-of-klagenfurt/marl-uav-mission-no-formation/runs/qgyhqyu7
2026-05-16T18:53:04.129325,1738,3,17553.664933088086,1,3,0,2.0,0.1446151783068975,0.15090401470661163,0.11284033954143524,0.2655104597409566,0.016169923823326826,0,0.6048640012741089,0,LAND_B,LAND_B,LAND_B,2.1160953044891357,2.109684944152832,2.110243797302246,0.1945466548204422,0.19130298495292664,0.18543465435504913,https://wandb.ai/ememchijioke-university-of-klagenfurt/marl-uav-mission-no-formation/runs/qgyhqyu7
2026-05-16T18:53:17.543382,1739,3,16014.699664785596,1,3,0,2.0,0.1528620570898056,0.16401684284210205,0.11888446410497029,0.28384025891621906,0.012280517723411322,0,0.600779116153717,0,LAND_B,LAND_B,LAND_B,2.1288325786590576,2.1184120178222656,2.106812000274658,0.19984523952007294,0.1968568116426468,0.19139690697193146,https://wandb.ai/ememchijioke-university-of-klagenfurt/marl-uav-mission-no-formation/runs/qgyhqyu7
2026-05-16T18:53:30.813982,1740,3,17212.272396840603,1,3,0,2.0,0.15257112681865692,0.1568388044834137,0.12280161927143733,0.2653207977612813,0.015760930255055428,0,0.5973888635635376,0,LAND_B,LAND_B,LAND_B,2.1215217113494873,2.1277804374694824,2.1181602478027344,0.19529502093791962,0.19062921404838562,0.18553024530410767,https://wandb.ai/ememchijioke-university-of-klagenfurt/marl-uav-mission-no-formation/runs/qgyhqyu7
2026-05-16T18:53:42.498670,1741,3,17130.0713612538,1,3,0,2.0,0.15112970769405365,0.15847350656986237,0.12115602443615596,0.2645306984583537,0.012064030859619379,0,0.6033086776733398,0,LAND_B,LAND_B,LAND_B,2.1255245208740234,2.121365547180176,2.1149957180023193,0.19470565021038055,0.19125181436538696,0.1850600391626358,https://wandb.ai/ememchijioke-university-of-klagenfurt/marl-uav-mission-no-formation/runs/qgyhqyu7
2026-05-16T18:53:54.559886,1742,3,17161.51787734528,1,3,0,2.0,0.15121914446353912,0.1562870740890503,0.12118161718050639,0.2629345456759135,0.015198516038556894,0,0.6018866896629333,0,LAND_B,LAND_B,LAND_B,2.1148924827575684,2.1272060871124268,2.1207025051116943,0.1950647532939911,0.19074085354804993,0.18513309955596924,https://wandb.ai/ememchijioke-university-of-klagenfurt/marl-uav-mission-no-formation/runs/qgyhqyu7
2026-05-16T18:54:06.618451,1743,3,17411.59703246742,1,3,0,2.0,0.14581536253293356,0.15119236707687378,0.11439112573862076,0.26413671175638836,0.02340896986424923,0,0.5990769863128662,0,LAND_B,LAND_B,LAND_B,2.116800546646118,2.113243818283081,2.1111464500427246,0.19502298533916473,0.1912105679512024,0.184993177652359,https://wandb.ai/ememchijioke-university-of-klagenfurt/marl-uav-mission-no-formation/runs/qgyhqyu7
2026-05-16T18:54:19.309178,1744,3,16226.940130512883,1,3,0,2.0,0.15243619680404663,0.16028790175914764,0.1185259222984314,0.28352177143096924,0.019556119106709957,0,0.5960640907287598,0,LAND_B,LAND_B,LAND_B,2.1252281665802,2.1237008571624756,2.105983018875122,0.19993956387043,0.19709931313991547,0.19043010473251343,https://wandb.ai/ememchijioke-university-of-klagenfurt/marl-uav-mission-no-formation/runs/qgyhqyu7
2026-05-16T18:54:32.118714,1745,3,17382.73588440728,1,3,0,2.0,0.14541517198085785,0.15271782875061035,0.11426771928866704,0.2644358277320862,0.011129095684736967,0,0.6009529829025269,0,LAND_B,LAND_B,LAND_B,2.119414806365967,2.109299421310425,2.1137826442718506,0.1948256939649582,0.190578430891037,0.18422915041446686,https://wandb.ai/ememchijioke-university-of-klagenfurt/marl-uav-mission-no-formation/runs/qgyhqyu7
2026-05-16T18:54:43.567723,1746,3,17517.991552042546,1,3,0,2.0,0.14609602590401968,0.15419359505176544,0.11524480332930882,0.26551374793052673,0.013012693962082267,0,0.5970540642738342,0,LAND_B,LAND_B,LAND_B,2.1215109825134277,2.1086301803588867,2.1150686740875244,0.19477325677871704,0.18962633609771729,0.18481236696243286,https://wandb.ai/ememchijioke-university-of-klagenfurt/marl-uav-mission-no-formation/runs/qgyhqyu7
2026-05-16T18:54:54.891129,1747,3,15929.68700644626,1,3,0,2.0,0.15074685215950012,0.15469981729984283,0.11682501186927159,0.28225017587343854,0.01291161410820981,0,0.6010860204696655,0,LAND_B,LAND_B,LAND_B,2.1163077354431152,2.111520528793335,2.120760917663574,0.19981522858142853,0.19584457576274872,0.18980079889297485,https://wandb.ai/ememchijioke-university-of-klagenfurt/marl-uav-mission-no-formation/runs/qgyhqyu7
2026-05-16T18:55:07.059649,1748,3,17178.14282692183,1,3,0,2.0,0.15079884231090546,0.15720109641551971,0.12060745805501938,0.2642398277918498,0.013878896366804838,0,0.5979292988777161,0,LAND_B,LAND_B,LAND_B,2.1247475147247314,2.1237316131591797,2.1128759384155273,0.1952962577342987,0.19054767489433289,0.18569105863571167,https://wandb.ai/ememchijioke-university-of-klagenfurt/marl-uav-mission-no-formation/runs/qgyhqyu7
2026-05-16T18:55:19.833889,1749,3,17210.115307101398,1,3,0,2.0,0.14626756807168326,0.152456596493721,0.11513055860996246,0.26453237732251483,0.01895627627770106,0,0.6046314239501953,0,LAND_B,LAND_B,LAND_B,2.1182830333709717,2.116642951965332,2.109318971633911,0.19482897222042084,0.19092071056365967,0.18489360809326172,https://wandb.ai/ememchijioke-university-of-klagenfurt/marl-uav-mission-no-formation/runs/qgyhqyu7
2026-05-16T18:55:32.409264,1750,3,17255.01025761391,1,3,0,2.0,0.1464429646730423,0.15312710404396057,0.11526761949062347,0.26858237385749817,0.01061953759441773,0,0.6009485125541687,0,LAND_B,LAND_B,LAND_B,2.119762659072876,2.117835760116577,2.107200860977173,0.19475409388542175,0.1911933720111847,0.18502075970172882,https://wandb.ai/ememchijioke-university-of-klagenfurt/marl-uav-mission-no-formation/runs/qgyhqyu7
2026-05-16T18:55:45.317577,1751,3,17180.992398740338,1,3,0,2.0,0.1455789307753245,0.14830492436885834,0.11432115236918132,0.26509231328964233,0.0077756247483193874,0,0.5975466370582581,0,LAND_B,LAND_B,LAND_B,2.11281418800354,2.1175553798675537,2.111917018890381,0.1946457177400589,0.1901741772890091,0.18541395664215088,https://wandb.ai/ememchijioke-university-of-klagenfurt/marl-uav-mission-no-formation/runs/qgyhqyu7
2026-05-16T18:55:58.787293,1752,3,17149.65395326053,1,3,0,2.0,0.14375588297843933,0.15117044746875763,0.1119074672460556,0.2640543282032013,0.018183712847530842,0,0.6033976078033447,0,LAND_B,LAND_B,LAND_B,2.11708927154541,2.10383677482605,2.1134724617004395,0.19464385509490967,0.19046266376972198,0.185330331325531,https://wandb.ai/ememchijioke-university-of-klagenfurt/marl-uav-mission-no-formation/runs/qgyhqyu7
2026-05-16T18:56:11.590440,1753,3,17130.857024117955,1,3,0,2.0,0.14989986519018808,0.15413282811641693,0.1196851705511411,0.2618161638577779,0.01372086318830649,0,0.5958796143531799,0,LAND_B,LAND_B,LAND_B,2.1203136444091797,2.122144937515259,2.115164279937744,0.19537460803985596,0.19059938192367554,0.1846923977136612,https://wandb.ai/ememchijioke-university-of-klagenfurt/marl-uav-mission-no-formation/runs/qgyhqyu7
2026-05-16T18:56:24.330229,1754,3,17279.33348011715,1,3,0,2.0,0.1514883985122045,0.15797340869903564,0.12160183489322662,0.26684852441151935,0.016602636004487675,0,0.5966196656227112,0,LAND_B,LAND_B,LAND_B,2.125929594039917,2.1174228191375732,2.1201865673065186,0.19494414329528809,0.19083358347415924,0.18514059484004974,https://wandb.ai/ememchijioke-university-of-klagenfurt/marl-uav-mission-no-formation/runs/qgyhqyu7
2026-05-16T18:56:37.706672,1755,3,17082.313760001754,1,3,0,2.0,0.15310564637184143,0.15603876113891602,0.12389270961284637,0.26235676805178326,0.01945203139136235,0,0.598259687423706,0,LAND_B,LAND_B,LAND_B,2.123732805252075,2.1226422786712646,2.1241812705993652,0.19457672536373138,0.19031260907649994,0.18478085100650787,https://wandb.ai/ememchijioke-university-of-klagenfurt/marl-uav-mission-no-formation/runs/qgyhqyu7
2026-05-16T18:56:51.036835,1756,3,17610.32707245814,1,3,0,2.0,0.1443099578221639,0.15293444693088531,0.11289335787296295,0.2650039593378703,0.020093348653366167,0,0.6008080244064331,0,LAND_B,LAND_B,LAND_B,2.1196982860565186,2.1110267639160156,2.1071834564208984,0.19468480348587036,0.19030994176864624,0.18466588854789734,https://wandb.ai/ememchijioke-university-of-klagenfurt/marl-uav-mission-no-formation/runs/qgyhqyu7
2026-05-16T18:57:04.927719,1757,3,17408.668155274936,1,3,0,2.0,0.14915971457958221,0.1570025235414505,0.11882418642441432,0.2633475561936696,0.00997960257033507,0,0.5982295274734497,0,LAND_B,LAND_B,LAND_B,2.1245574951171875,2.11000919342041,2.120857000350952,0.19505645334720612,0.1905638575553894,0.1845259666442871,https://wandb.ai/ememchijioke-university-of-klagenfurt/marl-uav-mission-no-formation/runs/qgyhqyu7
2026-05-16T18:57:18.022977,1758,3,17065.53384684625,1,3,0,2.0,0.15206205348173776,0.15713617205619812,0.12250680973132451,0.2658725182215373,0.01168693508952856,0,0.6008739471435547,0,LAND_B,LAND_B,LAND_B,2.124891996383667,2.1206231117248535,2.1215550899505615,0.19495096802711487,0.1905134916305542,0.18466056883335114,https://wandb.ai/ememchijioke-university-of-klagenfurt/marl-uav-mission-no-formation/runs/qgyhqyu7
2026-05-16T18:57:31.208397,1759,3,17482.64489885529,1,3,0,2.0,0.14725144704182944,0.15484434366226196,0.11653369913498561,0.2650688091913859,0.013277129270136356,0,0.5934510827064514,0,LAND_B,LAND_B,LAND_B,2.1219842433929443,2.1128127574920654,2.1145622730255127,0.19521181285381317,0.1904984712600708,0.18422770500183105,https://wandb.ai/ememchijioke-university-of-klagenfurt/marl-uav-mission-no-formation/runs/qgyhqyu7
2026-05-16T18:57:44.338248,1760,3,17553.50699623032,1,3,0,2.0,0.14775028824806213,0.15594567358493805,0.11745968212683995,0.26531919836997986,0.010913518878320852,0,0.6028987169265747,0,LAND_B,LAND_B,LAND_B,2.122429847717285,2.1193432807922363,2.1086180210113525,0.19513514637947083,0.18970535695552826,0.18402618169784546,https://wandb.ai/ememchijioke-university-of-klagenfurt/marl-uav-mission-no-formation/runs/qgyhqyu7
2026-05-16T18:57:56.530565,1761,3,17045.39353387887,1,3,0,2.0,0.15032285451889038,0.1511797308921814,0.12060081710418065,0.2678771714369456,0.01704065129160881,0,0.593689501285553,0,LAND_B,LAND_B,LAND_B,2.117591381072998,2.119957447052002,2.12332820892334,0.19447629153728485,0.19022473692893982,0.18411439657211304,https://wandb.ai/ememchijioke-university-of-klagenfurt/marl-uav-mission-no-formation/runs/qgyhqyu7
2026-05-16T18:58:10.066703,1762,3,17336.053767096688,1,3,0,2.0,0.1496639202038447,0.1569518744945526,0.11989260216554005,0.26405731836954754,0.016850808635354042,0,0.6071957945823669,0,LAND_B,LAND_B,LAND_B,2.123321533203125,2.1191492080688477,2.1151726245880127,0.19459782540798187,0.18983297049999237,0.1842997819185257,https://wandb.ai/ememchijioke-university-of-klagenfurt/marl-uav-mission-no-formation/runs/qgyhqyu7
2026-05-16T18:58:21.736395,1763,3,17505.51367503736,1,3,0,2.0,0.1495014081398646,0.15016788244247437,0.11930033812920253,0.26591576139132184,0.017342376057058573,0,0.6039338111877441,0,LAND_B,LAND_B,LAND_B,2.1150166988372803,2.119635581970215,2.1213910579681396,0.1949821263551712,0.1901848465204239,0.18477901816368103,https://wandb.ai/ememchijioke-university-of-klagenfurt/marl-uav-mission-no-formation/runs/qgyhqyu7
2026-05-16T18:58:31.761380,1764,3,16094.186958591483,1,3,0,2.0,0.15131038427352905,0.1606169193983078,0.11760975420475006,0.28319520751635235,0.015517644584178925,0,0.587654709815979,0,LAND_B,LAND_B,LAND_B,2.1242871284484863,2.1138601303100586,2.1126091480255127,0.1997765451669693,0.1957414448261261,0.190015971660614,https://wandb.ai/ememchijioke-university-of-klagenfurt/marl-uav-mission-no-formation/runs/qgyhqyu7
2026-05-16T18:58:44.683881,1765,3,17240.69987641093,1,3,0,2.0,0.15042671064535776,0.156361922621727,0.120469036201636,0.2648298442363739,0.010255715033660332,0,0.6062986850738525,0,LAND_B,LAND_B,LAND_B,2.123502492904663,2.1185827255249023,2.1186516284942627,0.1951548010110855,0.19036705791950226,0.1846444457769394,https://wandb.ai/ememchijioke-university-of-klagenfurt/marl-uav-mission-no-formation/runs/qgyhqyu7
2026-05-16T18:58:56.817229,1766,3,17195.831177175136,1,3,0,2.0,0.14941981434822083,0.1536901593208313,0.11899448186159134,0.26837923129399616,0.018712352340420086,0,0.5962349772453308,0,LAND_B,LAND_B,LAND_B,2.118168592453003,2.1237711906433105,2.1147849559783936,0.1953675001859665,0.19091306626796722,0.18465906381607056,https://wandb.ai/ememchijioke-university-of-klagenfurt/marl-uav-mission-no-formation/runs/qgyhqyu7
2026-05-16T18:59:08.814866,1767,3,17170.17119272046,1,3,0,2.0,0.1487766702969869,0.15645894408226013,0.11808436860640843,0.2625790039698283,0.016719342830280464,0,0.5986876487731934,0,LAND_B,LAND_B,LAND_B,2.1233694553375244,2.1212193965911865,2.108048439025879,0.19529882073402405,0.19082969427108765,0.1853274554014206,https://wandb.ai/ememchijioke-university-of-klagenfurt/marl-uav-mission-no-formation/runs/qgyhqyu7
2026-05-16T18:59:21.719768,1768,3,17377.15378970584,1,3,0,2.0,0.14671844244003296,0.15322290360927582,0.11532656600077947,0.2663988471031189,0.02058384319146474,0,0.59812992811203,0,LAND_B,LAND_B,LAND_B,2.1197962760925293,2.1140401363372803,2.1114542484283447,0.19525828957557678,0.19153720140457153,0.1852652132511139,https://wandb.ai/ememchijioke-university-of-klagenfurt/marl-uav-mission-no-formation/runs/qgyhqyu7
2026-05-16T18:59:34.398896,1769,3,17496.06680630583,1,3,0,2.0,0.14616883297761282,0.15927928686141968,0.11456860353549321,0.26907476782798767,0.01265888630102078,0,0.5894320607185364,0,LAND_B,LAND_B,LAND_B,2.12739634513855,2.111666679382324,2.1038150787353516,0.19520436227321625,0.19113895297050476,0.18579865992069244,https://wandb.ai/ememchijioke-university-of-klagenfurt/marl-uav-mission-no-formation/runs/qgyhqyu7
2026-05-16T18:59:47.338555,1770,3,16994.018370611542,1,3,0,2.0,0.14968192080656686,0.15141570568084717,0.11882546544075012,0.2627699375152588,0.01594641339033842,0,0.6012455224990845,0,LAND_B,LAND_B,LAND_B,2.1173958778381348,2.1178834438323975,2.1203083992004395,0.19517125189304352,0.19185324013233185,0.18580444157123566,https://wandb.ai/ememchijioke-university-of-klagenfurt/marl-uav-mission-no-formation/runs/qgyhqyu7
2026-05-16T19:00:00.178148,1771,3,17464.270908282655,1,3,0,2.0,0.1496122827132543,0.15771600604057312,0.11862369378407796,0.2641325692335765,0.020022143609821796,0,0.603712260723114,0,LAND_B,LAND_B,LAND_B,2.1239240169525146,2.119730234146118,2.110229253768921,0.19533532857894897,0.19162288308143616,0.18653884530067444,https://wandb.ai/ememchijioke-university-of-klagenfurt/marl-uav-mission-no-formation/runs/qgyhqyu7
2026-05-16T19:00:13.259150,1772,3,17309.546935277198,1,3,0,2.0,0.14754347006479898,0.15439337491989136,0.11584936827421188,0.2687657872835795,0.010285755929847559,0,0.6040560007095337,0,LAND_B,LAND_B,LAND_B,2.1209983825683594,2.110802173614502,2.115090847015381,0.19514864683151245,0.19205425679683685,0.1867685467004776,https://wandb.ai/ememchijioke-university-of-klagenfurt/marl-uav-mission-no-formation/runs/qgyhqyu7
2026-05-16T19:00:26.114572,1773,3,17197.064075924263,1,3,0,2.0,0.14798792203267416,0.15211178362369537,0.11635872970024745,0.2662770350774129,0.015418013247350851,0,0.5990574359893799,0,LAND_B,LAND_B,LAND_B,2.118238925933838,2.1167550086975098,2.1131930351257324,0.19533412158489227,0.19182683527469635,0.18712574243545532,https://wandb.ai/ememchijioke-university-of-klagenfurt/marl-uav-mission-no-formation/runs/qgyhqyu7
2026-05-16T19:00:38.827816,1774,3,17007.641854888756,1,3,0,2.0,0.1502401977777481,0.1553688496351242,0.11915949483712514,0.2668262819449107,0.013038174404452244,0,0.6071260571479797,0,LAND_B,LAND_B,LAND_B,2.121525287628174,2.115213394165039,2.1191577911376953,0.195330411195755,0.19161711633205414,0.18747738003730774,https://wandb.ai/ememchijioke-university-of-klagenfurt/marl-uav-mission-no-formation/runs/qgyhqyu7
2026-05-16T19:00:52.216851,1775,3,17314.168173697166,1,3,0,2.0,0.14933732151985168,0.15677790343761444,0.1179950882991155,0.2644545038541158,0.016630707929531734,0,0.6057926416397095,0,LAND_B,LAND_B,LAND_B,2.1241250038146973,2.120997190475464,2.1084938049316406,0.19540147483348846,0.19185477495193481,0.1872987300157547,https://wandb.ai/ememchijioke-university-of-klagenfurt/marl-uav-mission-no-formation/runs/qgyhqyu7
2026-05-16T19:01:05.616873,1776,3,17101.419670272626,1,3,0,2.0,0.14771915972232819,0.15094707906246185,0.11544648309548695,0.26324497660001117,0.012463269910464684,0,0.5931969881057739,0,LAND_B,LAND_B,LAND_B,2.1163101196289062,2.111290216445923,2.1183700561523438,0.19593553245067596,0.19253987073898315,0.18776965141296387,https://wandb.ai/ememchijioke-university-of-klagenfurt/marl-uav-mission-no-formation/runs/qgyhqyu7
2026-05-16T19:01:18.152940,1777,3,17394.020363969365,1,3,0,2.0,0.1463504582643509,0.15108902752399445,0.11403259386618932,0.26488908131917316,0.019488296781977017,0,0.6038971543312073,0,LAND_B,LAND_B,LAND_B,2.116586208343506,2.1150338649749756,2.1094248294830322,0.1952405720949173,0.19252943992614746,0.18742628395557404,https://wandb.ai/ememchijioke-university-of-klagenfurt/marl-uav-mission-no-formation/runs/qgyhqyu7
2026-05-16T19:01:30.164043,1778,3,17026.26831052554,1,3,0,2.0,0.14775803685188293,0.14965583384037018,0.11619086066881816,0.2640732030073802,0.016420358481506508,0,0.6017069816589355,0,LAND_B,LAND_B,LAND_B,2.114387035369873,2.115281820297241,2.1174328327178955,0.19478480517864227,0.1920243203639984,0.18687766790390015,https://wandb.ai/ememchijioke-university-of-klagenfurt/marl-uav-mission-no-formation/runs/qgyhqyu7
2026-05-16T19:01:43.285888,1779,3,17243.4037340409,1,3,0,2.0,0.14753709236780801,0.15589578449726105,0.11583628753821056,0.2663283348083496,0.012028428260236979,0,0.6017310619354248,0,LAND_B,LAND_B,LAND_B,2.123190402984619,2.113731861114502,2.1098928451538086,0.19502632319927216,0.19159595668315887,0.187468022108078,https://wandb.ai/ememchijioke-university-of-klagenfurt/marl-uav-mission-no-formation/runs/qgyhqyu7
2026-05-16T19:01:55.951314,1780,3,17201.041626536466,1,3,0,2.0,0.15030073126157126,0.15482190251350403,0.11943300316731136,0.26371173063913983,0.019829552620649338,0,0.5974745750427246,0,LAND_B,LAND_B,LAND_B,2.122150421142578,2.115023612976074,2.12086820602417,0.1948385089635849,0.19129401445388794,0.18747864663600922,https://wandb.ai/ememchijioke-university-of-klagenfurt/marl-uav-mission-no-formation/runs/qgyhqyu7
2026-05-16T19:02:09.120925,1781,3,17017.43248043023,1,3,0,2.0,0.14954672257105509,0.1530979871749878,0.11817438652118047,0.2640778621037801,0.011333020171150565,0,0.6033851504325867,0,LAND_B,LAND_B,LAND_B,2.1202402114868164,2.1098880767822266,2.124133825302124,0.19465124607086182,0.1921330988407135,0.18772763013839722,https://wandb.ai/ememchijioke-university-of-klagenfurt/marl-uav-mission-no-formation/runs/qgyhqyu7
2026-05-16T19:02:22.229123,1782,3,17216.905775014355,1,3,0,2.0,0.14622443417708078,0.15408116579055786,0.11396546165148418,0.264426310857137,0.023332046965758007,0,0.6042926907539368,0,LAND_B,LAND_B,LAND_B,2.120692014694214,2.113459587097168,2.1072521209716797,0.19534218311309814,0.19166624546051025,0.18781785666942596,https://wandb.ai/ememchijioke-university-of-klagenfurt/marl-uav-mission-no-formation/runs/qgyhqyu7
2026-05-16T19:02:34.298317,1783,3,17693.959387679508,1,3,0,2.0,0.15199593702952066,0.15623311698436737,0.1215701475739479,0.2659890651702881,0.01922354381531477,0,0.6005309820175171,0,LAND_B,LAND_B,LAND_B,2.1198930740356445,2.126131057739258,2.117316722869873,0.19462819397449493,0.19151164591312408,0.18745246529579163,https://wandb.ai/ememchijioke-university-of-klagenfurt/marl-uav-mission-no-formation/runs/qgyhqyu7
2026-05-16T19:02:46.172710,1784,3,15942.107428256395,1,3,0,2.0,0.1503038356701533,0.16096395254135132,0.11510847757260005,0.2807510197162628,0.026243834445873897,0,0.5983458757400513,0,LAND_B,LAND_B,LAND_B,2.1261162757873535,2.1122171878814697,2.1060304641723633,0.19955769181251526,0.19738253951072693,0.19281762838363647,https://wandb.ai/ememchijioke-university-of-klagenfurt/marl-uav-mission-no-formation/runs/qgyhqyu7
2026-05-16T19:02:59.275769,1785,3,15804.583003782878,1,3,0,2.0,0.15650213261445364,0.16456729173660278,0.12329088648160298,0.28070194522539776,0.015677955001592636,0,0.58751380443573,0,LAND_B,LAND_B,LAND_B,2.1304423809051514,2.119964599609375,2.1182687282562256,0.1997743397951126,0.1967618614435196,0.19260382652282715,https://wandb.ai/ememchijioke-university-of-klagenfurt/marl-uav-mission-no-formation/runs/qgyhqyu7
2026-05-16T19:03:12.082544,1786,3,17327.965364073312,1,3,0,2.0,0.14721799393494925,0.15020759403705597,0.11504831413427989,0.2649725079536438,0.007777444125774006,0,0.5972257852554321,0,LAND_B,LAND_B,LAND_B,2.1160569190979004,2.112287759780884,2.1161839962005615,0.19520825147628784,0.1920439898967743,0.1881975680589676,https://wandb.ai/ememchijioke-university-of-klagenfurt/marl-uav-mission-no-formation/runs/qgyhqyu7
2026-05-16T19:03:23.943677,1787,3,16973.173105875365,1,3,0,2.0,0.14900427063306174,0.15779206156730652,0.11714825530846913,0.2651086747646332,0.00733901048079133,0,0.5942618250846863,0,LAND_B,LAND_B,LAND_B,2.1183183193206787,2.1273956298828125,2.105055570602417,0.19516046345233917,0.19264306128025055,0.18812495470046997,https://wandb.ai/ememchijioke-university-of-klagenfurt/marl-uav-mission-no-formation/runs/qgyhqyu7
2026-05-16T19:03:37.028744,1788,3,17015.318733131728,1,3,0,2.0,0.15232415994008383,0.15761928260326385,0.12157523135344188,0.2637931803862254,0.010890472680330276,0,0.6025962829589844,0,LAND_B,LAND_B,LAND_B,2.1259279251098633,2.119041681289673,2.1194534301757812,0.19450977444648743,0.19268690049648285,0.1880752146244049,https://wandb.ai/ememchijioke-university-of-klagenfurt/marl-uav-mission-no-formation/runs/qgyhqyu7
2026-05-16T19:03:49.893488,1789,3,16457.008756183033,1,3,0,2.0,0.14745921889940897,0.15400074422359467,0.11529923975467682,0.2687311867872874,0.006785266567021608,0,0.6074038743972778,0,LAND_B,LAND_B,LAND_B,2.1204335689544678,2.112652063369751,2.11183762550354,0.19490309059619904,0.19222785532474518,0.18861572444438934,https://wandb.ai/ememchijioke-university-of-klagenfurt/marl-uav-mission-no-formation/runs/qgyhqyu7
2026-05-16T19:04:02.790279,1790,3,17134.346761305307,1,3,0,2.0,0.15099032719930014,0.1547509729862213,0.1196453149120013,0.2663564781347911,0.02023191765571634,0,0.6040405631065369,0,LAND_B,LAND_B,LAND_B,2.1212806701660156,2.118257761001587,2.1188008785247803,0.1954306662082672,0.19272957742214203,0.1880914568901062,https://wandb.ai/ememchijioke-university-of-klagenfurt/marl-uav-mission-no-formation/runs/qgyhqyu7
2026-05-16T19:04:14.753671,1791,3,17226.979839488624,1,3,0,2.0,0.148732528090477,0.15432749688625336,0.11683820933103561,0.26504839460055035,0.014148540484408537,0,0.5922093987464905,0,LAND_B,LAND_B,LAND_B,2.1141750812530518,2.123014211654663,2.1127238273620605,0.19572265446186066,0.19266191124916077,0.18753111362457275,https://wandb.ai/ememchijioke-university-of-klagenfurt/marl-uav-mission-no-formation/runs/qgyhqyu7
2026-05-16T19:04:26.622103,1792,3,17287.928523773408,1,3,0,2.0,0.1461686392625173,0.15233397483825684,0.11340768883625667,0.264001061518987,0.01603017995754878,0,0.5952015519142151,0,LAND_B,LAND_B,LAND_B,2.1180429458618164,2.1088075637817383,2.112764358520508,0.1959565281867981,0.1927015334367752,0.1878795176744461,https://wandb.ai/ememchijioke-university-of-klagenfurt/marl-uav-mission-no-formation/runs/qgyhqyu7
2026-05-16T19:04:39.916680,1793,3,16961.028805913924,1,3,0,2.0,0.14858353634675345,0.15116728842258453,0.11650606493155162,0.2653668125470479,0.018024923900763195,0,0.6002516746520996,0,LAND_B,LAND_B,LAND_B,2.1161718368530273,2.1183300018310547,2.114919900894165,0.19663891196250916,0.19236499071121216,0.18752112984657288,https://wandb.ai/ememchijioke-university-of-klagenfurt/marl-uav-mission-no-formation/runs/qgyhqyu7
2026-05-16T19:04:52.979363,1794,3,17281.69108026937,1,3,0,2.0,0.14754355450471243,0.156545028090477,0.1152096117536227,0.26682646075884503,0.017707519543667633,0,0.6057003736495972,0,LAND_B,LAND_B,LAND_B,2.1218760013580322,2.1119768619537354,2.109968423843384,0.19684277474880219,0.19259919226169586,0.18704290688037872,https://wandb.ai/ememchijioke-university-of-klagenfurt/marl-uav-mission-no-formation/runs/qgyhqyu7
2026-05-16T19:05:05.768254,1795,3,17191.052831256948,1,3,0,2.0,0.1500114897886912,0.15943996608257294,0.1184891661008199,0.26131022969881695,0.009003587998449802,0,0.6015157103538513,0,LAND_B,LAND_B,LAND_B,2.125985860824585,2.120213747024536,2.1082520484924316,0.19639968872070312,0.19286128878593445,0.18669328093528748,https://wandb.ai/ememchijioke-university-of-klagenfurt/marl-uav-mission-no-formation/runs/qgyhqyu7
2026-05-16T19:05:18.080109,1796,3,17336.239665754976,1,3,0,2.0,0.15010676781336466,0.1505788266658783,0.11817897856235504,0.2668587962786357,0.01690987776964903,0,0.6046727299690247,0,LAND_B,LAND_B,LAND_B,2.11425518989563,2.1185643672943115,2.121107578277588,0.196711927652359,0.1926519274711609,0.1879730522632599,https://wandb.ai/ememchijioke-university-of-klagenfurt/marl-uav-mission-no-formation/runs/qgyhqyu7
2026-05-16T19:05:31.431694,1797,3,16985.98857095945,1,3,0,2.0,0.14953704675038657,0.15272192656993866,0.11777226875225703,0.2660593291123708,0.011501399800181389,0,0.5992074012756348,0,LAND_B,LAND_B,LAND_B,2.11858868598938,2.1146302223205566,2.120089292526245,0.19623205065727234,0.1923161745071411,0.1876964271068573,https://wandb.ai/ememchijioke-university-of-klagenfurt/marl-uav-mission-no-formation/runs/qgyhqyu7
2026-05-16T19:05:44.839960,1798,3,17199.978551218257,1,3,0,2.0,0.14835801223913828,0.15705808997154236,0.11593317985534668,0.2641802132129669,0.013679880027969679,0,0.6019629836082458,0,LAND_B,LAND_B,LAND_B,2.123204231262207,2.1133275032043457,2.110888957977295,0.1969379335641861,0.19284632802009583,0.1879027932882309,https://wandb.ai/ememchijioke-university-of-klagenfurt/marl-uav-mission-no-formation/runs/qgyhqyu7
2026-05-16T19:05:58.403152,1799,3,17292.447554174745,1,3,0,2.0,0.15020574629306793,0.1586596965789795,0.11836408327023189,0.26711904009183246,0.018171027147521574,0,0.6061855554580688,0,LAND_B,LAND_B,LAND_B,2.1250967979431152,2.1163878440856934,2.1124813556671143,0.19623687863349915,0.19293449819087982,0.18822452425956726,https://wandb.ai/ememchijioke-university-of-klagenfurt/marl-uav-mission-no-formation/runs/qgyhqyu7
2026-05-16T19:06:11.830720,1800,3,17245.721236872865,1,3,0,2.0,0.14837174117565155,0.1576835811138153,0.11633210132519405,0.26616719365119934,0.01777491035560767,0,0.6020157337188721,0,LAND_B,LAND_B,LAND_B,2.1249020099639893,2.11507511138916,2.1088640689849854,0.19605767726898193,0.19246411323547363,0.18771392107009888,https://wandb.ai/ememchijioke-university-of-klagenfurt/marl-uav-mission-no-formation/runs/qgyhqyu7
2026-05-16T19:06:25.465305,1801,3,16810.60592419497,1,3,0,2.0,0.1518129458030065,0.159551739692688,0.12036554763714473,0.26724239190419513,0.013907812535762787,0,0.5889004468917847,0,LAND_B,LAND_B,LAND_B,2.1256308555603027,2.1185927391052246,2.11545729637146,0.19705699384212494,0.1929272711277008,0.18754629790782928,https://wandb.ai/ememchijioke-university-of-klagenfurt/marl-uav-mission-no-formation/runs/qgyhqyu7
2026-05-16T19:06:38.350502,1802,3,16978.51888699114,1,3,0,2.0,0.14841839174429575,0.1508442908525467,0.11604581028223038,0.26424699028333026,0.022697496538360912,0,0.5937213897705078,0,LAND_B,LAND_B,LAND_B,2.1131906509399414,2.111973524093628,2.122732400894165,0.19641146063804626,0.19312897324562073,0.18751661479473114,https://wandb.ai/ememchijioke-university-of-klagenfurt/marl-uav-mission-no-formation/runs/qgyhqyu7
2026-05-16T19:06:51.541558,1803,3,17538.036871422646,1,3,0,2.0,0.14612458646297455,0.15249396860599518,0.11329354097445805,0.2665543456872304,0.01083670137450099,0,0.5970104336738586,0,LAND_B,LAND_B,LAND_B,2.1182303428649902,2.114569902420044,2.1067984104156494,0.1962401121854782,0.19279462099075317,0.18782372772693634,https://wandb.ai/ememchijioke-university-of-klagenfurt/marl-uav-mission-no-formation/runs/qgyhqyu7
2026-05-16T19:07:04.364071,1804,3,17718.495202997525,1,3,0,2.0,0.14791572590668997,0.15446241199970245,0.11592805882294972,0.26447594165802,0.010035630431957543,0,0.588860034942627,0,LAND_B,LAND_B,LAND_B,2.1208040714263916,2.1183817386627197,2.108191728591919,0.1962273269891739,0.19300346076488495,0.18637007474899292,https://wandb.ai/ememchijioke-university-of-klagenfurt/marl-uav-mission-no-formation/runs/qgyhqyu7
2026-05-16T19:07:16.397020,1805,3,17116.74804925306,1,3,0,2.0,0.14524113138516745,0.15193849802017212,0.11266633619864781,0.2656668722629547,0.009743306164940199,0,0.6075891256332397,0,LAND_B,LAND_B,LAND_B,2.1163671016693115,2.1155779361724854,2.104400634765625,0.19617633521556854,0.1920655518770218,0.1867051124572754,https://wandb.ai/ememchijioke-university-of-klagenfurt/marl-uav-mission-no-formation/runs/qgyhqyu7
2026-05-16T19:07:29.251235,1806,3,17332.530475617088,1,3,0,2.0,0.14661979178587595,0.1508682370185852,0.1141945868730545,0.26461079716682434,0.009256135129059354,0,0.5974709987640381,0,LAND_B,LAND_B,LAND_B,2.1154208183288574,2.110797882080078,2.114922523498535,0.19651669263839722,0.1925956904888153,0.18659596145153046,https://wandb.ai/ememchijioke-university-of-klagenfurt/marl-uav-mission-no-formation/runs/qgyhqyu7
2026-05-16T19:07:42.740860,1807,3,17086.362197845545,1,3,0,2.0,0.1501977245012919,0.160283163189888,0.11914856980244319,0.26568379004796344,0.01618923246860504,0,0.6061339974403381,0,LAND_B,LAND_B,LAND_B,2.1279847621917725,2.1188151836395264,2.1102640628814697,0.19622237980365753,0.19178110361099243,0.1863192319869995,https://wandb.ai/ememchijioke-university-of-klagenfurt/marl-uav-mission-no-formation/runs/qgyhqyu7
2026-05-16T19:07:56.188358,1808,3,16980.620162387797,1,3,0,2.0,0.15221261978149414,0.1601864993572235,0.12158104528983434,0.2640578548113505,0.01821830713500579,0,0.6016501784324646,0,LAND_B,LAND_B,LAND_B,2.1280105113983154,2.113152503967285,2.122931957244873,0.19582024216651917,0.1921529769897461,0.18646584451198578,https://wandb.ai/ememchijioke-university-of-klagenfurt/marl-uav-mission-no-formation/runs/qgyhqyu7
2026-05-16T19:08:09.432065,1809,3,17093.278078941796,1,3,0,2.0,0.14678564170996347,0.1517346352338791,0.11466259509325027,0.2641447385152181,0.014094951252142588,0,0.5912573337554932,0,LAND_B,LAND_B,LAND_B,2.1168301105499268,2.113805055618286,2.1130008697509766,0.1966037005186081,0.19151945412158966,0.18672923743724823,https://wandb.ai/ememchijioke-university-of-klagenfurt/marl-uav-mission-no-formation/runs/qgyhqyu7
2026-05-16T19:08:22.905651,1810,3,17259.222491883054,1,3,0,2.0,0.14842240512371063,0.15488584339618683,0.11683144420385361,0.2663450241088867,0.016991107258945704,0,0.6049293279647827,0,LAND_B,LAND_B,LAND_B,2.120755195617676,2.1177165508270264,2.111790180206299,0.19682104885578156,0.19174659252166748,0.18602865934371948,https://wandb.ai/ememchijioke-university-of-klagenfurt/marl-uav-mission-no-formation/runs/qgyhqyu7
2026-05-16T19:08:36.221912,1811,3,17567.021945947577,1,3,0,2.0,0.14672247568766275,0.15211814641952515,0.1144268661737442,0.26714077591896057,0.017427740308145683,0,0.6027806401252747,0,LAND_B,LAND_B,LAND_B,2.1159768104553223,2.1172099113464355,2.1090590953826904,0.19724300503730774,0.19235239923000336,0.18585892021656036,https://wandb.ai/ememchijioke-university-of-klagenfurt/marl-uav-mission-no-formation/runs/qgyhqyu7
2026-05-16T19:08:48.823276,1812,3,17318.902257003865,1,3,0,2.0,0.15361136694749197,0.16118626296520233,0.12297675510247548,0.264395276705424,0.01702374902864297,0,0.5930693745613098,0,LAND_B,LAND_B,LAND_B,2.1286933422088623,2.123098611831665,2.116907835006714,0.19705139100551605,0.19277897477149963,0.18631093204021454,https://wandb.ai/ememchijioke-university-of-klagenfurt/marl-uav-mission-no-formation/runs/qgyhqyu7
2026-05-16T19:09:01.726073,1813,3,17074.504663329433,1,3,0,2.0,0.15031196673711142,0.15277957916259766,0.11957599222660065,0.2660298744837443,0.013138028793036938,0,0.5993665456771851,0,LAND_B,LAND_B,LAND_B,2.118346691131592,2.1220622062683105,2.1178505420684814,0.1963990330696106,0.19146257638931274,0.18515633046627045,https://wandb.ai/ememchijioke-university-of-klagenfurt/marl-uav-mission-no-formation/runs/qgyhqyu7
2026-05-16T19:09:14.316535,1814,3,17294.671044468883,1,3,0,2.0,0.14849445223808289,0.1557898372411728,0.11664243787527084,0.2665695349375407,0.0130503016213576,0,0.5999709367752075,0,LAND_B,LAND_B,LAND_B,2.1208267211914062,2.1186039447784424,2.1092689037323,0.1973915696144104,0.192109614610672,0.18617555499076843,https://wandb.ai/ememchijioke-university-of-klagenfurt/marl-uav-mission-no-formation/runs/qgyhqyu7
2026-05-16T19:09:27.422885,1815,3,17126.07489063017,1,3,0,2.0,0.1501530557870865,0.15821298956871033,0.11851588139931361,0.2641444504261017,0.013881715945899487,0,0.6011765003204346,0,LAND_B,LAND_B,LAND_B,2.1240854263305664,2.1222198009490967,2.1083695888519287,0.19739623367786407,0.19218097627162933,0.18695345520973206,https://wandb.ai/ememchijioke-university-of-klagenfurt/marl-uav-mission-no-formation/runs/qgyhqyu7
2026-05-16T19:09:40.304641,1816,3,17325.167157165608,1,3,0,2.0,0.1526634395122528,0.16206422448158264,0.1218518540263176,0.2643619080384572,0.010265444405376911,0,0.592679500579834,0,LAND_B,LAND_B,LAND_B,2.1296932697296143,2.1265625953674316,2.1086649894714355,0.1965191513299942,0.19235073029994965,0.18690437078475952,https://wandb.ai/ememchijioke-university-of-klagenfurt/marl-uav-mission-no-formation/runs/qgyhqyu7
2026-05-16T19:09:53.330226,1817,3,17373.95714970491,1,3,0,2.0,0.1480671614408493,0.15527008473873138,0.11596856514612834,0.2655794024467468,0.015773199498653412,0,0.6043106913566589,0,LAND_B,LAND_B,LAND_B,2.1202571392059326,2.112548589706421,2.1133735179901123,0.19687427580356598,0.19273552298545837,0.18650077283382416,https://wandb.ai/ememchijioke-university-of-klagenfurt/marl-uav-mission-no-formation/runs/qgyhqyu7
2026-05-16T19:10:05.751424,1818,3,17290.8578895396,1,3,0,2.0,0.1529406358798345,0.16129213571548462,0.12211371213197708,0.26465704043706256,0.014457737716535727,0,0.597745954990387,0,LAND_B,LAND_B,LAND_B,2.128608226776123,2.121323585510254,2.1155447959899902,0.19693264365196228,0.1924511194229126,0.18686027824878693,https://wandb.ai/ememchijioke-university-of-klagenfurt/marl-uav-mission-no-formation/runs/qgyhqyu7
2026-05-16T19:10:18.188902,1819,3,17035.089736486738,1,3,0,2.0,0.15433642268180847,0.1593826562166214,0.12367195884386699,0.26389692227045697,0.013459202523032824,0,0.60295569896698,0,LAND_B,LAND_B,LAND_B,2.126126527786255,2.123124122619629,2.121253490447998,0.19699984788894653,0.1928987354040146,0.18702460825443268,https://wandb.ai/ememchijioke-university-of-klagenfurt/marl-uav-mission-no-formation/runs/qgyhqyu7
2026-05-16T19:10:31.073037,1820,3,17034.34803935632,1,3,0,2.0,0.1495842238267263,0.1580280065536499,0.11808733642101288,0.26275937755902606,0.02041705201069514,0,0.602016270160675,0,LAND_B,LAND_B,LAND_B,2.1242659091949463,2.1143014430999756,2.114260673522949,0.19661422073841095,0.1922619342803955,0.1865333616733551,https://wandb.ai/ememchijioke-university-of-klagenfurt/marl-uav-mission-no-formation/runs/qgyhqyu7
2026-05-16T19:10:44.085204,1821,3,17293.26593091105,1,3,0,2.0,0.15199808279673258,0.16052767634391785,0.12157962222894032,0.2670373022556305,0.01080634289731582,0,0.5952311158180237,0,LAND_B,LAND_B,LAND_B,2.12817645072937,2.1181466579437256,2.1170406341552734,0.19611647725105286,0.19172796607017517,0.18579158186912537,https://wandb.ai/ememchijioke-university-of-klagenfurt/marl-uav-mission-no-formation/runs/qgyhqyu7
2026-05-16T19:10:56.755850,1822,3,17195.381362667267,1,3,0,2.0,0.14790387948354086,0.150960773229599,0.11623775959014893,0.26474833488464355,0.009604530253758034,0,0.6014115810394287,0,LAND_B,LAND_B,LAND_B,2.1158156394958496,2.1148293018341064,2.1170527935028076,0.19616219401359558,0.19175906479358673,0.18625693023204803,https://wandb.ai/ememchijioke-university-of-klagenfurt/marl-uav-mission-no-formation/runs/qgyhqyu7
2026-05-16T19:11:09.857216,1823,3,17404.690619733916,1,3,0,2.0,0.149822731812795,0.15994426608085632,0.11882637689510982,0.2668837308883667,0.009081028401851654,0,0.5918050408363342,0,LAND_B,LAND_B,LAND_B,2.128056764602661,2.112760066986084,2.114400625228882,0.195688396692276,0.19195787608623505,0.18599382042884827,https://wandb.ai/ememchijioke-university-of-klagenfurt/marl-uav-mission-no-formation/runs/qgyhqyu7
2026-05-16T19:11:20.853739,1824,3,17266.33118786595,1,3,0,2.0,0.14640938738981882,0.15278075635433197,0.11446765561898549,0.2632480561733246,0.017956727494796116,0,0.6052188277244568,0,LAND_B,LAND_B,LAND_B,2.118133783340454,2.119041919708252,2.1054561138153076,0.19616329669952393,0.19198624789714813,0.1856570988893509,https://wandb.ai/ememchijioke-university-of-klagenfurt/marl-uav-mission-no-formation/runs/qgyhqyu7
2026-05-16T19:11:31.679954,1825,3,16926.951257774843,1,3,0,2.0,0.15326479077339172,0.15779274702072144,0.12325819830099742,0.2656100293000539,0.009868708594391743,0,0.6025757789611816,0,LAND_B,LAND_B,LAND_B,2.124934673309326,2.1210358142852783,2.1234006881713867,0.1960325837135315,0.19167457520961761,0.1853838562965393,https://wandb.ai/ememchijioke-university-of-klagenfurt/marl-uav-mission-no-formation/runs/qgyhqyu7
2026-05-16T19:11:44.344528,1826,3,17219.053802848102,1,3,0,2.0,0.14811043938000998,0.14889520406723022,0.11640995492537816,0.2657134334246318,0.011792915485178431,0,0.5947839617729187,0,LAND_B,LAND_B,LAND_B,2.1140365600585938,2.1158485412597656,2.1192805767059326,0.1957300454378128,0.1924603134393692,0.18619929254055023,https://wandb.ai/ememchijioke-university-of-klagenfurt/marl-uav-mission-no-formation/runs/qgyhqyu7
2026-05-16T19:11:56.593527,1827,3,17473.720749911645,1,3,0,2.0,0.1475183665752411,0.15059296786785126,0.11599933852752049,0.26447606086730957,0.008803383757670721,0,0.5946648716926575,0,LAND_B,LAND_B,LAND_B,2.111027956008911,2.118678569793701,2.117842435836792,0.1954236626625061,0.1922597438097,0.1853095293045044,https://wandb.ai/ememchijioke-university-of-klagenfurt/marl-uav-mission-no-formation/runs/qgyhqyu7
2026-05-16T19:12:09.726523,1828,3,17483.46690865231,1,3,0,2.0,0.14815573891003928,0.15252134203910828,0.11659196267525355,0.26389869054158527,0.012306772948553165,0,0.6017388701438904,0,LAND_B,LAND_B,LAND_B,2.1175167560577393,2.1201963424682617,2.110727071762085,0.19559916853904724,0.1919569969177246,0.18664780259132385,https://wandb.ai/ememchijioke-university-of-klagenfurt/marl-uav-mission-no-formation/runs/qgyhqyu7
2026-05-16T19:12:22.669387,1829,3,17078.315635185805,1,3,0,2.0,0.14806852241357168,0.15764914453029633,0.11661968131860097,0.26426321268081665,0.01256781886331737,0,0.6044248342514038,0,LAND_B,LAND_B,LAND_B,2.1248855590820312,2.1137897968292236,2.1108651161193848,0.19592474400997162,0.19142624735832214,0.18632687628269196,https://wandb.ai/ememchijioke-university-of-klagenfurt/marl-uav-mission-no-formation/runs/qgyhqyu7
2026-05-16T19:12:34.741989,1830,3,17152.52473973287,1,3,0,2.0,0.15136300524075827,0.16132821142673492,0.12113187958796819,0.2650956908861796,0.008241895741472641,0,0.6054197549819946,0,LAND_B,LAND_B,LAND_B,2.1299610137939453,2.1196043491363525,2.113023281097412,0.19478215277194977,0.19154654443264008,0.18591149151325226,https://wandb.ai/ememchijioke-university-of-klagenfurt/marl-uav-mission-no-formation/runs/qgyhqyu7
2026-05-16T19:12:47.826960,1831,3,17117.613104855543,1,3,0,2.0,0.15067695081233978,0.1587570756673813,0.12019368261098862,0.26349160075187683,0.014779025688767433,0,0.5964989066123962,0,LAND_B,LAND_B,LAND_B,2.1268110275268555,2.115949869155884,2.116912364959717,0.19498634338378906,0.19139979779720306,0.18614351749420166,https://wandb.ai/ememchijioke-university-of-klagenfurt/marl-uav-mission-no-formation/runs/qgyhqyu7
2026-05-16T19:13:00.839538,1832,3,17595.102498401517,1,3,0,2.0,0.14739428957303366,0.15164873003959656,0.1162868042786916,0.26573407649993896,0.0057220874975125,0,0.6062150597572327,0,LAND_B,LAND_B,LAND_B,2.117433786392212,2.1145377159118652,2.1157500743865967,0.19468243420124054,0.19113165140151978,0.1857898086309433,https://wandb.ai/ememchijioke-university-of-klagenfurt/marl-uav-mission-no-formation/runs/qgyhqyu7
2026-05-16T19:13:12.630096,1833,3,17118.521084859563,1,3,0,2.0,0.1499663144350052,0.1537024974822998,0.11938660343488057,0.2651049494743347,0.006243824260309339,0,0.5970776081085205,0,LAND_B,LAND_B,LAND_B,2.118290901184082,2.1233882904052734,2.11594820022583,0.19532842934131622,0.1911681592464447,0.1856253296136856,https://wandb.ai/ememchijioke-university-of-klagenfurt/marl-uav-mission-no-formation/runs/qgyhqyu7
2026-05-16T19:13:25.784276,1834,3,16998.630792257758,1,3,0,2.0,0.15339642763137817,0.15693366527557373,0.1236044963200887,0.2650212248166402,0.01483189221471548,0,0.5958648324012756,0,LAND_B,LAND_B,LAND_B,2.1234633922576904,2.1239724159240723,2.1221985816955566,0.19557924568653107,0.19121894240379333,0.18560251593589783,https://wandb.ai/ememchijioke-university-of-klagenfurt/marl-uav-mission-no-formation/runs/qgyhqyu7
2026-05-16T19:13:37.464139,1835,3,17034.962910724378,1,3,0,2.0,0.14846043288707733,0.15423806011676788,0.11731351415316264,0.2689128915468852,0.013913041601578394,0,0.6034640669822693,0,LAND_B,LAND_B,LAND_B,2.120793581008911,2.1167116165161133,2.1142687797546387,0.19572994112968445,0.19106826186180115,0.18611708283424377,https://wandb.ai/ememchijioke-university-of-klagenfurt/marl-uav-mission-no-formation/runs/qgyhqyu7
2026-05-16T19:13:50.104112,1836,3,17288.810312808528,1,3,0,2.0,0.15151612957318625,0.16371279954910278,0.12106992055972417,0.2655296524365743,0.017638231938083965,0,0.6063252091407776,0,LAND_B,LAND_B,LAND_B,2.1313469409942627,2.1190760135650635,2.11104154586792,0.19581329822540283,0.19138053059577942,0.1860213726758957,https://wandb.ai/ememchijioke-university-of-klagenfurt/marl-uav-mission-no-formation/runs/qgyhqyu7
2026-05-16T19:14:03.043331,1837,3,17444.78496356125,1,3,0,2.0,0.1481167475382487,0.15627999603748322,0.11670644829670589,0.2617514729499817,0.02118185892080267,0,0.5973552465438843,0,LAND_B,LAND_B,LAND_B,2.123304605484009,2.118889331817627,2.1074085235595703,0.19596189260482788,0.1912115216255188,0.18640930950641632,https://wandb.ai/ememchijioke-university-of-klagenfurt/marl-uav-mission-no-formation/runs/qgyhqyu7
2026-05-16T19:14:14.236288,1838,3,17492.758982312633,1,3,0,2.0,0.1498409410317739,0.15662427246570587,0.11919193466504414,0.26838382085164386,0.014062855082253614,0,0.5980092883110046,0,LAND_B,LAND_B,LAND_B,2.123335838317871,2.1192734241485596,2.113363742828369,0.19579730927944183,0.19109196960926056,0.1855156272649765,https://wandb.ai/ememchijioke-university-of-klagenfurt/marl-uav-mission-no-formation/runs/qgyhqyu7
2026-05-16T19:14:26.260516,1839,3,17687.27481872734,1,3,0,2.0,0.1468753069639206,0.15099883079528809,0.11499464760224025,0.26466718316078186,0.011463683564215899,0,0.6063724756240845,0,LAND_B,LAND_B,LAND_B,2.1160104274749756,2.111168146133423,2.1169393062591553,0.19582436978816986,0.19191601872444153,0.18614397943019867,https://wandb.ai/ememchijioke-university-of-klagenfurt/marl-uav-mission-no-formation/runs/qgyhqyu7
2026-05-16T19:14:38.651120,1840,3,17256.430524949417,1,3,0,2.0,0.15115900337696075,0.15814314782619476,0.12085287272930145,0.2653968036174774,0.019213702529668808,0,0.596714973449707,0,LAND_B,LAND_B,LAND_B,2.125490665435791,2.116237163543701,2.118978261947632,0.19515277445316315,0.19116340577602386,0.1859658807516098,https://wandb.ai/ememchijioke-university-of-klagenfurt/marl-uav-mission-no-formation/runs/qgyhqyu7
2026-05-16T19:14:51.332569,1841,3,17037.739252588886,1,3,0,2.0,0.1540615657965342,0.16373082995414734,0.12449693431456883,0.26538631319999695,0.02041773560146491,0,0.5864120125770569,0,LAND_B,LAND_B,LAND_B,2.1309003829956055,2.1247692108154297,2.1153299808502197,0.1958036869764328,0.19065086543560028,0.1857842057943344,https://wandb.ai/ememchijioke-university-of-klagenfurt/marl-uav-mission-no-formation/runs/qgyhqyu7
2026-05-16T19:15:03.832999,1842,3,17411.177059793376,1,3,0,2.0,0.15008324881394705,0.15925371646881104,0.11919015645980835,0.26756096879641217,0.011865474904576937,0,0.6020472049713135,0,LAND_B,LAND_B,LAND_B,2.126922369003296,2.1223764419555664,2.1076393127441406,0.19542360305786133,0.19132916629314423,0.18676184117794037,https://wandb.ai/ememchijioke-university-of-klagenfurt/marl-uav-mission-no-formation/runs/qgyhqyu7
2026-05-16T19:15:17.241143,1843,3,17497.46043888024,1,3,0,2.0,0.15111514925956726,0.1620025783777237,0.12074404209852219,0.26607773701349896,0.02332909529407819,0,0.6012542247772217,0,LAND_B,LAND_B,LAND_B,2.130462408065796,2.113614797592163,2.1165342330932617,0.19510887563228607,0.1913338005542755,0.18599750101566315,https://wandb.ai/ememchijioke-university-of-klagenfurt/marl-uav-mission-no-formation/runs/qgyhqyu7
2026-05-16T19:15:31.070185,1844,3,17591.381685586246,1,3,0,2.0,0.14901250104109445,0.15470577776432037,0.11782042185465495,0.2640311022599538,0.018225175328552723,0,0.5949928760528564,0,LAND_B,LAND_B,LAND_B,2.1205737590789795,2.12272310256958,2.108535051345825,0.19562876224517822,0.1919521540403366,0.1860615760087967,https://wandb.ai/ememchijioke-university-of-klagenfurt/marl-uav-mission-no-formation/runs/qgyhqyu7
2026-05-16T19:15:43.689740,1845,3,17197.575569781624,1,3,0,2.0,0.14888305962085724,0.15804137289524078,0.11783151825269063,0.26716846227645874,0.01898477040231228,0,0.6039993762969971,0,LAND_B,LAND_B,LAND_B,2.12506103515625,2.1199429035186768,2.106734037399292,0.19520145654678345,0.19125239551067352,0.18647214770317078,https://wandb.ai/ememchijioke-university-of-klagenfurt/marl-uav-mission-no-formation/runs/qgyhqyu7
2026-05-16T19:15:55.147814,1846,3,17418.594901391312,1,3,0,2.0,0.14521909256776175,0.15077678859233856,0.11341211199760437,0.26828856269518536,0.01135598806043466,0,0.592656135559082,0,LAND_B,LAND_B,LAND_B,2.116157293319702,2.113912582397461,2.108815908432007,0.1948886215686798,0.1910487562417984,0.18615004420280457,https://wandb.ai/ememchijioke-university-of-klagenfurt/marl-uav-mission-no-formation/runs/qgyhqyu7
2026-05-16T19:16:07.038816,1847,3,17164.107889671788,1,3,0,2.0,0.15000125269095102,0.15978626906871796,0.11914259195327759,0.2675889531771342,0.011811166846503815,0,0.5967154502868652,0,LAND_B,LAND_B,LAND_B,2.127941131591797,2.1158969402313232,2.113431215286255,0.19567623734474182,0.191555455327034,0.18612322211265564,https://wandb.ai/ememchijioke-university-of-klagenfurt/marl-uav-mission-no-formation/runs/qgyhqyu7
2026-05-16T19:16:20.364533,1848,3,17068.520398384127,1,3,0,2.0,0.152549942334493,0.16032466292381287,0.1218423917889595,0.26585619648297626,0.010675325058400631,0,0.596180260181427,0,LAND_B,LAND_B,LAND_B,2.127955675125122,2.1170501708984375,2.119576930999756,0.19597402215003967,0.19228008389472961,0.18702565133571625,https://wandb.ai/ememchijioke-university-of-klagenfurt/marl-uav-mission-no-formation/runs/qgyhqyu7
2026-05-16T19:16:33.777080,1849,3,17314.67690385204,1,3,0,2.0,0.15197384357452393,0.16245971620082855,0.12096411486466725,0.26571635405222577,0.014784727400789658,0,0.6026508212089539,0,LAND_B,LAND_B,LAND_B,2.1297247409820557,2.1197564601898193,2.1119935512542725,0.1967078298330307,0.19201229512691498,0.1872377097606659,https://wandb.ai/ememchijioke-university-of-klagenfurt/marl-uav-mission-no-formation/runs/qgyhqyu7
2026-05-16T19:16:47.104502,1850,3,17290.94276624452,1,3,0,2.0,0.1496676653623581,0.1554124802350998,0.11803418894608815,0.2632347842057546,0.01174369795868794,0,0.5925341248512268,0,LAND_B,LAND_B,LAND_B,2.1218197345733643,2.113679885864258,2.1170783042907715,0.19611607491970062,0.1927281618118286,0.1871272772550583,https://wandb.ai/ememchijioke-university-of-klagenfurt/marl-uav-mission-no-formation/runs/qgyhqyu7
2026-05-16T19:17:00.526352,1851,3,17321.127292966237,1,3,0,2.0,0.14967208604017893,0.15531273186206818,0.11827893058458964,0.26504284143447876,0.020451657474040985,0,0.5986478924751282,0,LAND_B,LAND_B,LAND_B,2.1219067573547363,2.1187071800231934,2.113818407058716,0.19595475494861603,0.19245339930057526,0.18672488629817963,https://wandb.ai/ememchijioke-university-of-klagenfurt/marl-uav-mission-no-formation/runs/qgyhqyu7
2026-05-16T19:17:13.323894,1852,3,17203.13642562471,1,3,0,2.0,0.1507051189740499,0.15335527062416077,0.11941190560658772,0.26472970843315125,0.01619691091279189,0,0.6040675044059753,0,LAND_B,LAND_B,LAND_B,2.118410587310791,2.118623733520508,2.1196043491363525,0.1962856650352478,0.19252291321754456,0.18684156239032745,https://wandb.ai/ememchijioke-university-of-klagenfurt/marl-uav-mission-no-formation/runs/qgyhqyu7
2026-05-16T19:17:25.886291,1853,3,17442.069811571662,1,3,0,2.0,0.15294990440209708,0.161630317568779,0.12207419921954472,0.26180310050646466,0.018071168878426153,0,0.6010549664497375,0,LAND_B,LAND_B,LAND_B,2.1290531158447266,2.12575626373291,2.110100507736206,0.19653388857841492,0.19302885234355927,0.1868160516023636,https://wandb.ai/ememchijioke-university-of-klagenfurt/marl-uav-mission-no-formation/runs/qgyhqyu7
2026-05-16T19:17:37.914713,1854,3,17420.981680553356,1,3,0,2.0,0.1479087769985199,0.15625779330730438,0.11592963586250941,0.26526806751887005,0.016156941807518404,0,0.6112720370292664,0,LAND_B,LAND_B,LAND_B,2.121227741241455,2.1170096397399902,2.1078269481658936,0.19680580496788025,0.19259263575077057,0.18616458773612976,https://wandb.ai/ememchijioke-university-of-klagenfurt/marl-uav-mission-no-formation/runs/qgyhqyu7
2026-05-16T19:17:49.908375,1855,3,16951.388392323355,1,3,0,2.0,0.15289573868115744,0.15939664840698242,0.1221282680829366,0.26709166169166565,0.015890190998713177,0,0.6011607646942139,0,LAND_B,LAND_B,LAND_B,2.1244068145751953,2.119710683822632,2.1196463108062744,0.1963464766740799,0.1925172060728073,0.18704573810100555,https://wandb.ai/ememchijioke-university-of-klagenfurt/marl-uav-mission-no-formation/runs/qgyhqyu7
2026-05-16T19:18:01.991776,1856,3,17016.904119258044,1,3,0,2.0,0.1487493415673574,0.1526000052690506,0.11656641215085983,0.2675424913565318,0.011829545410970846,0,0.6007583737373352,0,LAND_B,LAND_B,LAND_B,2.117241859436035,2.1121888160705566,2.118600368499756,0.1968398541212082,0.1931038796901703,0.18701177835464478,https://wandb.ai/ememchijioke-university-of-klagenfurt/marl-uav-mission-no-formation/runs/qgyhqyu7
2026-05-16T19:18:15.306836,1857,3,16981.75851962066,1,3,0,2.0,0.15163807074228922,0.15600727498531342,0.1204782302180926,0.26572077473004657,0.01465722049276034,0,0.5961272120475769,0,LAND_B,LAND_B,LAND_B,2.119359016418457,2.1251354217529297,2.11626935005188,0.19718573987483978,0.19254586100578308,0.18633776903152466,https://wandb.ai/ememchijioke-university-of-klagenfurt/marl-uav-mission-no-formation/runs/qgyhqyu7
2026-05-16T19:18:28.853862,1858,3,17237.968232776482,1,3,0,2.0,0.1523868292570114,0.16174352169036865,0.12107613682746887,0.2629147668679555,0.017306838184595108,0,0.6038599014282227,0,LAND_B,LAND_B,LAND_B,2.127777576446533,2.120908498764038,2.112233877182007,0.19745607674121857,0.19297771155834198,0.18715393543243408,https://wandb.ai/ememchijioke-university-of-klagenfurt/marl-uav-mission-no-formation/runs/qgyhqyu7
2026-05-16T19:18:42.287185,1859,3,17002.592886476377,1,3,0,2.0,0.1505659967660904,0.15272171795368195,0.11876628796259563,0.2637689411640167,0.024857414265473683,0,0.5886090397834778,0,LAND_B,LAND_B,LAND_B,2.117616653442383,2.1167778968811035,2.121124029159546,0.1974177211523056,0.19287829101085663,0.1870322823524475,https://wandb.ai/ememchijioke-university-of-klagenfurt/marl-uav-mission-no-formation/runs/qgyhqyu7
2026-05-16T19:18:55.716494,1860,3,17147.166973113188,1,3,0,2.0,0.14750461280345917,0.15091167390346527,0.11498784770568211,0.2659061352411906,0.017655114953716595,0,0.5968173146247864,0,LAND_B,LAND_B,LAND_B,2.1149048805236816,2.109980821609497,2.119023561477661,0.19740766286849976,0.19290213286876678,0.18644611537456512,https://wandb.ai/ememchijioke-university-of-klagenfurt/marl-uav-mission-no-formation/runs/qgyhqyu7
2026-05-16T19:19:09.008453,1861,3,17252.5189598029,1,3,0,2.0,0.15192951261997223,0.16197004914283752,0.12029257665077846,0.267245888710022,0.008508877207835516,0,0.6003267765045166,0,LAND_B,LAND_B,LAND_B,2.1282308101654053,2.117824077606201,2.1136436462402344,0.19755825400352478,0.19364537298679352,0.18716225028038025,https://wandb.ai/ememchijioke-university-of-klagenfurt/marl-uav-mission-no-formation/runs/qgyhqyu7
2026-05-16T19:19:22.322581,1862,3,17118.01603166335,1,3,0,2.0,0.1494043916463852,0.15711073577404022,0.11754906922578812,0.2638479769229889,0.01671488055338462,0,0.5943813323974609,0,LAND_B,LAND_B,LAND_B,2.122954845428467,2.1139469146728516,2.1151185035705566,0.19739371538162231,0.19243520498275757,0.1867380291223526,https://wandb.ai/ememchijioke-university-of-klagenfurt/marl-uav-mission-no-formation/runs/qgyhqyu7
2026-05-16T19:19:34.645415,1863,3,16982.59742191344,1,3,0,2.0,0.15068642795085907,0.15314191579818726,0.11877002070347469,0.2641347249348958,0.014576503386100134,0,0.5970939993858337,0,LAND_B,LAND_B,LAND_B,2.1166739463806152,2.1191704273223877,2.118698835372925,0.1971457451581955,0.19333972036838531,0.18756134808063507,https://wandb.ai/ememchijioke-university-of-klagenfurt/marl-uav-mission-no-formation/runs/qgyhqyu7
2026-05-16T19:19:47.187315,1864,3,17278.95168173488,1,3,0,2.0,0.15067781507968903,0.15968863666057587,0.11921326071023941,0.2645118534564972,0.022225881926715374,0,0.5894917249679565,0,LAND_B,LAND_B,LAND_B,2.125330924987793,2.11484956741333,2.1151139736175537,0.196646586060524,0.1926916092634201,0.1870366334915161,https://wandb.ai/ememchijioke-university-of-klagenfurt/marl-uav-mission-no-formation/runs/qgyhqyu7
2026-05-16T19:20:00.304982,1865,3,17084.440293694897,1,3,0,2.0,0.15191125869750977,0.15645241737365723,0.1204921950896581,0.2623666524887085,0.010716270888224244,0,0.5987033843994141,0,LAND_B,LAND_B,LAND_B,2.120918035507202,2.1147048473358154,2.1236371994018555,0.19692616164684296,0.19301168620586395,0.1872897446155548,https://wandb.ai/ememchijioke-university-of-klagenfurt/marl-uav-mission-no-formation/runs/qgyhqyu7
2026-05-16T19:20:13.213720,1866,3,17138.964137315077,1,3,0,2.0,0.1518369267384211,0.1571081578731537,0.12071386724710464,0.2632141311963399,0.018285338766872883,0,0.6056329011917114,0,LAND_B,LAND_B,LAND_B,2.11716628074646,2.126230001449585,2.1163249015808105,0.1962943971157074,0.1924678534269333,0.18735989928245544,https://wandb.ai/ememchijioke-university-of-klagenfurt/marl-uav-mission-no-formation/runs/qgyhqyu7
2026-05-16T19:20:26.466524,1867,3,16964.946603623812,1,3,0,2.0,0.15298274656136832,0.15500500798225403,0.12230930974086125,0.2657816211382548,0.012035499326884747,0,0.5938562154769897,0,LAND_B,LAND_B,LAND_B,2.1214988231658936,2.1176741123199463,2.126267671585083,0.19575117528438568,0.1923293024301529,0.1873031109571457,https://wandb.ai/ememchijioke-university-of-klagenfurt/marl-uav-mission-no-formation/runs/qgyhqyu7
2026-05-16T19:20:39.784380,1868,3,17363.07999620588,1,3,0,2.0,0.14771676063537598,0.1514313966035843,0.1157492275039355,0.2654283841451009,0.018575702638675768,0,0.6025002002716064,0,LAND_B,LAND_B,LAND_B,2.115837574005127,2.119331121444702,2.1101977825164795,0.19572129845619202,0.19243796169757843,0.187104269862175,https://wandb.ai/ememchijioke-university-of-klagenfurt/marl-uav-mission-no-formation/runs/qgyhqyu7
2026-05-16T19:20:52.378619,1869,3,16956.38258410948,1,3,0,2.0,0.15744377175966898,0.1614951491355896,0.12810452282428741,0.2618896762530009,0.017528184689581394,0,0.6045071482658386,0,LAND_B,LAND_B,LAND_B,2.1287190914154053,2.1264195442199707,2.1266801357269287,0.19562050700187683,0.1921359747648239,0.1867474466562271,https://wandb.ai/ememchijioke-university-of-klagenfurt/marl-uav-mission-no-formation/runs/qgyhqyu7
2026-05-16T19:21:05.925169,1870,3,17227.589689360382,1,3,0,2.0,0.14631161093711853,0.1498820036649704,0.11379275719324748,0.26665263374646503,0.013020761155833801,0,0.6046803593635559,0,LAND_B,LAND_B,LAND_B,2.113848924636841,2.1178035736083984,2.108921766281128,0.1955009251832962,0.19254043698310852,0.18781374394893646,https://wandb.ai/ememchijioke-university-of-klagenfurt/marl-uav-mission-no-formation/runs/qgyhqyu7
2026-05-16T19:21:19.223780,1871,3,17060.228248934545,1,3,0,2.0,0.149550199508667,0.15150028467178345,0.11830625434716542,0.26390620072682697,0.015033135811487833,0,0.5929943919181824,0,LAND_B,LAND_B,LAND_B,2.117732048034668,2.116755247116089,2.1191394329071045,0.19499945640563965,0.19241341948509216,0.18688218295574188,https://wandb.ai/ememchijioke-university-of-klagenfurt/marl-uav-mission-no-formation/runs/qgyhqyu7
2026-05-16T19:21:32.387095,1872,3,17206.745917478787,1,3,0,2.0,0.14851265649000803,0.15950149297714233,0.11702617754538854,0.2665539085865021,0.01988412377734979,0,0.6024593114852905,0,LAND_B,LAND_B,LAND_B,2.1276443004608154,2.112356424331665,2.1106514930725098,0.19536630809307098,0.1917503923177719,0.1870788335800171,https://wandb.ai/ememchijioke-university-of-klagenfurt/marl-uav-mission-no-formation/runs/qgyhqyu7
2026-05-16T19:21:45.408135,1873,3,16906.262051386995,1,3,0,2.0,0.15401054918766022,0.16320207715034485,0.12369085351626079,0.2667705814043681,0.012560639064759016,0,0.6024629473686218,0,LAND_B,LAND_B,LAND_B,2.130729913711548,2.1222825050354004,2.1166810989379883,0.19586949050426483,0.19262352585792542,0.18675830960273743,https://wandb.ai/ememchijioke-university-of-klagenfurt/marl-uav-mission-no-formation/runs/qgyhqyu7
2026-05-16T19:21:58.368563,1874,3,17232.656301269653,1,3,0,2.0,0.15420739849408469,0.16269133985042572,0.12339599430561066,0.2681163450082143,0.021281709894537926,0,0.5955475568771362,0,LAND_B,LAND_B,LAND_B,2.1299452781677246,2.1140427589416504,2.1249032020568848,0.19637183845043182,0.1931835114955902,0.18753699958324432,https://wandb.ai/ememchijioke-university-of-klagenfurt/marl-uav-mission-no-formation/runs/qgyhqyu7
2026-05-16T19:22:11.571496,1875,3,17044.94442205576,1,3,0,2.0,0.15307229260603586,0.15870971977710724,0.12228915840387344,0.2679504454135895,0.02073157423486312,0,0.5973705053329468,0,LAND_B,LAND_B,LAND_B,2.1255741119384766,2.1205782890319824,2.118800163269043,0.1960466057062149,0.19278426468372345,0.18734954297542572,https://wandb.ai/ememchijioke-university-of-klagenfurt/marl-uav-mission-no-formation/runs/qgyhqyu7
2026-05-16T19:22:24.621866,1876,3,17208.13078813255,1,3,0,2.0,0.15013864636421204,0.15800786018371582,0.11830945561329524,0.26317160328229267,0.009740366290012995,0,0.589280903339386,0,LAND_B,LAND_B,LAND_B,2.1249985694885254,2.114008665084839,2.1149654388427734,0.196614071726799,0.19310657680034637,0.1875254362821579,https://wandb.ai/ememchijioke-university-of-klagenfurt/marl-uav-mission-no-formation/runs/qgyhqyu7
2026-05-16T19:22:37.358952,1877,3,17093.385544187677,1,3,0,2.0,0.14885030190149942,0.1500387340784073,0.1170247991879781,0.26481661200523376,0.019261454852918785,0,0.600541889667511,0,LAND_B,LAND_B,LAND_B,2.114051342010498,2.1155502796173096,2.1195216178894043,0.19570903480052948,0.1926126331090927,0.1873992383480072,https://wandb.ai/ememchijioke-university-of-klagenfurt/marl-uav-mission-no-formation/runs/qgyhqyu7
2026-05-16T19:22:49.371426,1878,3,16999.207987051417,1,3,0,2.0,0.14947700003782907,0.15534216165542603,0.11769287536541621,0.26287221908569336,0.01703905997176965,0,0.6040697693824768,0,LAND_B,LAND_B,LAND_B,2.121117115020752,2.112734317779541,2.1176352500915527,0.19602635502815247,0.19307906925678253,0.187198206782341,https://wandb.ai/ememchijioke-university-of-klagenfurt/marl-uav-mission-no-formation/runs/qgyhqyu7
2026-05-16T19:23:02.495911,1879,3,17194.18602429719,1,3,0,2.0,0.15210717916488647,0.15703155100345612,0.12104121843973796,0.2633948524792989,0.011901900637894869,0,0.5967493057250977,0,LAND_B,LAND_B,LAND_B,2.1235713958740234,2.118818521499634,2.1190948486328125,0.19624623656272888,0.19234277307987213,0.1877126395702362,https://wandb.ai/ememchijioke-university-of-klagenfurt/marl-uav-mission-no-formation/runs/qgyhqyu7
2026-05-16T19:23:14.424620,1880,3,17066.72826744185,1,3,0,2.0,0.15093502402305603,0.15262433886528015,0.11967587471008301,0.2651590605576833,0.018046388713022072,0,0.6020088195800781,0,LAND_B,LAND_B,LAND_B,2.115253448486328,2.1213107109069824,2.122206926345825,0.1960940957069397,0.19254609942436218,0.18692199885845184,https://wandb.ai/ememchijioke-university-of-klagenfurt/marl-uav-mission-no-formation/runs/qgyhqyu7
2026-05-16T19:23:26.080806,1881,3,16991.65063266837,1,3,0,2.0,0.1543495903412501,0.15764999389648438,0.12387877454360326,0.26631494363149005,0.01834093810369571,0,0.6005458831787109,0,LAND_B,LAND_B,LAND_B,2.1252005100250244,2.1259007453918457,2.120023012161255,0.19538137316703796,0.19325096905231476,0.18756726384162903,https://wandb.ai/ememchijioke-university-of-klagenfurt/marl-uav-mission-no-formation/runs/qgyhqyu7
2026-05-16T19:23:37.678435,1882,3,16901.42571884954,1,3,0,2.0,0.15009720623493195,0.15494292974472046,0.11848488946755727,0.26376643776893616,0.018187629990279675,0,0.5947307348251343,0,LAND_B,LAND_B,LAND_B,2.1205601692199707,2.114206314086914,2.118894100189209,0.19668364524841309,0.1926233470439911,0.1869686245918274,https://wandb.ai/ememchijioke-university-of-klagenfurt/marl-uav-mission-no-formation/runs/qgyhqyu7
2026-05-16T19:23:49.990059,1883,3,17228.488564032465,1,3,0,2.0,0.15069583555062613,0.1524442881345749,0.11929426342248917,0.26637356479962665,0.011944857115546862,0,0.5984627604484558,0,LAND_B,LAND_B,LAND_B,2.1152641773223877,2.1204309463500977,2.120786190032959,0.1960652768611908,0.19247250258922577,0.18742281198501587,https://wandb.ai/ememchijioke-university-of-klagenfurt/marl-uav-mission-no-formation/runs/qgyhqyu7
2026-05-16T19:24:02.209132,1884,3,16960.829459346256,1,3,0,2.0,0.14930157363414764,0.15401190519332886,0.11748869965473811,0.26345594724019367,0.01652343136568864,0,0.6001929044723511,0,LAND_B,LAND_B,LAND_B,2.113590955734253,2.121777296066284,2.115046262741089,0.1967102587223053,0.19301949441432953,0.1864108145236969,https://wandb.ai/ememchijioke-university-of-klagenfurt/marl-uav-mission-no-formation/runs/qgyhqyu7
2026-05-16T19:24:15.584019,1885,3,17182.670880135825,1,3,0,2.0,0.14814342061678568,0.15344591438770294,0.11593482395013173,0.26271479328473407,0.018052739712099235,0,0.6019204258918762,0,LAND_B,LAND_B,LAND_B,2.117587089538574,2.1196117401123047,2.10796856880188,0.19681160151958466,0.19280941784381866,0.1870032697916031,https://wandb.ai/ememchijioke-university-of-klagenfurt/marl-uav-mission-no-formation/runs/qgyhqyu7
2026-05-16T19:24:28.646196,1886,3,17115.455863531675,1,3,0,2.0,0.14905722439289093,0.15450750291347504,0.1174302597840627,0.2684172789255778,0.011396203810969988,0,0.6020526885986328,0,LAND_B,LAND_B,LAND_B,2.1201014518737793,2.123323440551758,2.1075732707977295,0.1963449865579605,0.19258886575698853,0.18639838695526123,https://wandb.ai/ememchijioke-university-of-klagenfurt/marl-uav-mission-no-formation/runs/qgyhqyu7
2026-05-16T19:24:41.515103,1887,3,17213.8883030495,1,3,0,2.0,0.14658665657043457,0.14840376377105713,0.1140268047650655,0.2662045160929362,0.01935037598013878,0,0.5894038081169128,0,LAND_B,LAND_B,LAND_B,2.1105239391326904,2.115748167037964,2.114380359649658,0.1965896487236023,0.19285331666469574,0.18662363290786743,https://wandb.ai/ememchijioke-university-of-klagenfurt/marl-uav-mission-no-formation/runs/qgyhqyu7
2026-05-16T19:24:54.960322,1888,3,17411.13106608093,1,3,0,2.0,0.14735662440458933,0.1568284034729004,0.11538210262854894,0.26491748293240863,0.019438147855301697,0,0.5923306345939636,0,LAND_B,LAND_B,LAND_B,2.123347282409668,2.1140296459198,2.1076276302337646,0.1960667371749878,0.19191820919513702,0.18695706129074097,https://wandb.ai/ememchijioke-university-of-klagenfurt/marl-uav-mission-no-formation/runs/qgyhqyu7
2026-05-16T19:25:08.364689,1889,3,16991.061489248263,1,3,0,2.0,0.15106648206710815,0.15699543058872223,0.1197767158349355,0.263775755961736,0.015371070010587573,0,0.6081280708312988,0,LAND_B,LAND_B,LAND_B,2.1134655475616455,2.126673460006714,2.1167399883270264,0.19670934975147247,0.1919013261795044,0.18719930946826935,https://wandb.ai/ememchijioke-university-of-klagenfurt/marl-uav-mission-no-formation/runs/qgyhqyu7
2026-05-16T19:25:21.049016,1890,3,17032.56798151629,1,3,0,2.0,0.15035103261470795,0.1561596840620041,0.11910628279050191,0.2658285399278005,0.012678755447268486,0,0.5940612554550171,0,LAND_B,LAND_B,LAND_B,2.1230525970458984,2.12138295173645,2.1119556427001953,0.1958894431591034,0.19251605868339539,0.18684996664524078,https://wandb.ai/ememchijioke-university-of-klagenfurt/marl-uav-mission-no-formation/runs/qgyhqyu7
2026-05-16T19:25:33.077671,1891,3,17408.00892244044,1,3,0,2.0,0.14937553803126016,0.15249767899513245,0.11804926147063573,0.2663062910238902,0.010967566321293512,0,0.6086453795433044,0,LAND_B,LAND_B,LAND_B,2.11753511428833,2.1163501739501953,2.118617296218872,0.19556604325771332,0.19214674830436707,0.18672791123390198,https://wandb.ai/ememchijioke-university-of-klagenfurt/marl-uav-mission-no-formation/runs/qgyhqyu7
2026-05-16T19:25:45.749824,1892,3,17323.3690751146,1,3,0,2.0,0.14917091528574625,0.15077266097068787,0.1177004873752594,0.2676416337490082,0.023389776547749836,0,0.6013867259025574,0,LAND_B,LAND_B,LAND_B,2.11480975151062,2.1187169551849365,2.1183407306671143,0.19629423320293427,0.19195868074893951,0.18644538521766663,https://wandb.ai/ememchijioke-university-of-klagenfurt/marl-uav-mission-no-formation/runs/qgyhqyu7
2026-05-16T19:25:58.857209,1893,3,17117.083278302864,1,3,0,2.0,0.14955166975657144,0.15544244647026062,0.11852220445871353,0.2658022840817769,0.010501220667113861,0,0.6001478433609009,0,LAND_B,LAND_B,LAND_B,2.1173524856567383,2.1245627403259277,2.1119537353515625,0.19559891521930695,0.19211213290691376,0.18576344847679138,https://wandb.ai/ememchijioke-university-of-klagenfurt/marl-uav-mission-no-formation/runs/qgyhqyu7
2026-05-16T19:26:12.082093,1894,3,17449.125438068724,1,3,0,2.0,0.14729909102121988,0.15353243052959442,0.11520218600829442,0.26539547244707745,0.014268678613007069,0,0.5942250490188599,0,LAND_B,LAND_B,LAND_B,2.119316577911377,2.1130480766296387,2.1130261421203613,0.19647935032844543,0.1927735060453415,0.18603035807609558,https://wandb.ai/ememchijioke-university-of-klagenfurt/marl-uav-mission-no-formation/runs/qgyhqyu7
2026-05-16T19:26:25.224162,1895,3,17304.477483456278,1,3,0,2.0,0.14750099182128906,0.1524278223514557,0.11591103424628575,0.2638547619183858,0.01980342281361421,0,0.6032840609550476,0,LAND_B,LAND_B,LAND_B,2.117435932159424,2.118236780166626,2.1111693382263184,0.19616812467575073,0.19155603647232056,0.18588875234127045,https://wandb.ai/ememchijioke-university-of-klagenfurt/marl-uav-mission-no-formation/runs/qgyhqyu7
2026-05-16T19:26:38.330633,1896,3,16851.81159057245,1,3,0,2.0,0.15381745994091034,0.15545955300331116,0.1239141896367073,0.26794523000717163,0.01363691221922636,0,0.6016533970832825,0,LAND_B,LAND_B,LAND_B,2.1198487281799316,2.125556230545044,2.125486373901367,0.19625207781791687,0.19142083823680878,0.18533092737197876,https://wandb.ai/ememchijioke-university-of-klagenfurt/marl-uav-mission-no-formation/runs/qgyhqyu7
2026-05-16T19:26:51.482233,1897,3,17076.80952190844,1,3,0,2.0,0.14843739569187164,0.15382735431194305,0.11714515835046768,0.26779208580652875,0.008446486899629235,0,0.5943002700805664,0,LAND_B,LAND_B,LAND_B,2.11439847946167,2.123137950897217,2.113236665725708,0.19626590609550476,0.19173620641231537,0.1852133870124817,https://wandb.ai/ememchijioke-university-of-klagenfurt/marl-uav-mission-no-formation/runs/qgyhqyu7
2026-05-16T19:27:04.511400,1898,3,17474.728763389572,1,3,0,2.0,0.14881796141465506,0.15713241696357727,0.11746616164843242,0.26557429631551105,0.010380127467215061,0,0.60118168592453,0,LAND_B,LAND_B,LAND_B,2.123037099838257,2.119873523712158,2.106820821762085,0.1959461122751236,0.19171354174613953,0.18638694286346436,https://wandb.ai/ememchijioke-university-of-klagenfurt/marl-uav-mission-no-formation/runs/qgyhqyu7
2026-05-16T19:27:17.683537,1899,3,17649.673786408533,1,3,0,2.0,0.1516358604033788,0.1549484133720398,0.12137621641159058,0.268643856048584,0.019337203353643417,0,0.6037085056304932,0,LAND_B,LAND_B,LAND_B,2.1208412647247314,2.1225032806396484,2.1198012828826904,0.19580213725566864,0.1912585347890854,0.1854742020368576,https://wandb.ai/ememchijioke-university-of-klagenfurt/marl-uav-mission-no-formation/runs/qgyhqyu7
2026-05-16T19:27:29.924870,1900,3,17262.30647515307,1,3,0,2.0,0.1490152875582377,0.1569894552230835,0.11788991838693619,0.2615652183691661,0.0138960350304842,0,0.5921620726585388,0,LAND_B,LAND_B,LAND_B,2.1246047019958496,2.118443489074707,2.1097805500030518,0.19535203278064728,0.1919545829296112,0.18612076342105865,https://wandb.ai/ememchijioke-university-of-klagenfurt/marl-uav-mission-no-formation/runs/qgyhqyu7
2026-05-16T19:27:43.282515,1901,3,17339.838016602123,1,3,0,2.0,0.1466037929058075,0.1515725553035736,0.11503016948699951,0.26474225521087646,0.012174972333014011,0,0.5975934267044067,0,LAND_B,LAND_B,LAND_B,2.117201328277588,2.110506296157837,2.115067481994629,0.19494667649269104,0.1910388320684433,0.1865827441215515,https://wandb.ai/ememchijioke-university-of-klagenfurt/marl-uav-mission-no-formation/runs/qgyhqyu7
2026-05-16T19:27:56.532878,1902,3,17210.392011300217,1,3,0,2.0,0.1456741988658905,0.15448880195617676,0.11370720714330673,0.26780330141385394,0.011566633513818184,0,0.6022757887840271,0,LAND_B,LAND_B,LAND_B,2.1208581924438477,2.110624074935913,2.10807466506958,0.19515728950500488,0.1915215104818344,0.18646028637886047,https://wandb.ai/ememchijioke-university-of-klagenfurt/marl-uav-mission-no-formation/runs/qgyhqyu7
2026-05-16T19:28:09.957695,1903,3,17302.578249230897,1,3,0,2.0,0.15175743897755942,0.15805117785930634,0.12165053933858871,0.2644280791282654,0.008596538837688664,0,0.6000739932060242,0,LAND_B,LAND_B,LAND_B,2.126209259033203,2.124602794647217,2.113726854324341,0.19490943849086761,0.19097591936588287,0.1862729787826538,https://wandb.ai/ememchijioke-university-of-klagenfurt/marl-uav-mission-no-formation/runs/qgyhqyu7
2026-05-16T19:28:23.143471,1904,3,17143.76540910962,1,3,0,2.0,0.15016726156075796,0.15857355296611786,0.11958803484837215,0.26672495404879254,0.016461878083646297,0,0.6020389795303345,0,LAND_B,LAND_B,LAND_B,2.1260623931884766,2.1187431812286377,2.112459659576416,0.1950923502445221,0.1915406584739685,0.18582884967327118,https://wandb.ai/ememchijioke-university-of-klagenfurt/marl-uav-mission-no-formation/runs/qgyhqyu7
2026-05-16T19:28:35.552056,1905,3,16989.386029761063,1,3,0,2.0,0.1485658884048462,0.1581784337759018,0.11781892428795497,0.26322293281555176,0.02995063488682111,0,0.6047837734222412,0,LAND_B,LAND_B,LAND_B,2.125943899154663,2.1124911308288574,2.1146044731140137,0.19533465802669525,0.19084201753139496,0.1852208822965622,https://wandb.ai/ememchijioke-university-of-klagenfurt/marl-uav-mission-no-formation/runs/qgyhqyu7
2026-05-16T19:28:48.034086,1906,3,17427.056217449364,1,3,0,2.0,0.14857692023118338,0.154838427901268,0.1177087351679802,0.26728663841883343,0.021030620982249577,0,0.5970700979232788,0,LAND_B,LAND_B,LAND_B,2.1208372116088867,2.1224498748779297,2.107269763946533,0.19559581577777863,0.19094909727573395,0.18534407019615173,https://wandb.ai/ememchijioke-university-of-klagenfurt/marl-uav-mission-no-formation/runs/qgyhqyu7
2026-05-16T19:29:00.198644,1907,3,17570.143984399052,1,3,0,2.0,0.14424349864323935,0.1518704742193222,0.11214458445707957,0.2663889328638713,0.020963901033004124,0,0.590196967124939,0,LAND_B,LAND_B,LAND_B,2.1181843280792236,2.1106526851654053,2.1059417724609375,0.1951112300157547,0.19138173758983612,0.18565770983695984,https://wandb.ai/ememchijioke-university-of-klagenfurt/marl-uav-mission-no-formation/runs/qgyhqyu7
2026-05-16T19:29:13.423703,1908,3,17227.096759074833,1,3,0,2.0,0.1516576955715815,0.1579471230506897,0.1218319684267044,0.2664821843306224,0.015897482944031555,0,0.6050308346748352,0,LAND_B,LAND_B,LAND_B,2.1246438026428223,2.1174275875091553,2.1219496726989746,0.19516941905021667,0.19074583053588867,0.184862419962883,https://wandb.ai/ememchijioke-university-of-klagenfurt/marl-uav-mission-no-formation/runs/qgyhqyu7
2026-05-16T19:29:25.030365,1909,3,17296.83852206689,1,3,0,2.0,0.14694173634052277,0.1522572785615921,0.11551916599273682,0.2659170925617218,0.014958541529874006,0,0.5994893312454224,0,LAND_B,LAND_B,LAND_B,2.1178014278411865,2.110917806625366,2.1168863773345947,0.19595423340797424,0.19117525219917297,0.18507574498653412,https://wandb.ai/ememchijioke-university-of-klagenfurt/marl-uav-mission-no-formation/runs/qgyhqyu7
2026-05-16T19:29:37.090561,1910,3,17241.955972558422,1,3,0,2.0,0.1488608866930008,0.1544903665781021,0.11773752421140671,0.26782742142677307,0.01744359980026881,0,0.5993803143501282,0,LAND_B,LAND_B,LAND_B,2.11618971824646,2.122995138168335,2.1111066341400146,0.19642676413059235,0.19177985191345215,0.1848900318145752,https://wandb.ai/ememchijioke-university-of-klagenfurt/marl-uav-mission-no-formation/runs/qgyhqyu7
2026-05-16T19:29:49.654892,1911,3,17577.957095319005,1,3,0,2.0,0.14791987339655557,0.15146344900131226,0.11660385380188625,0.26752106348673504,0.01910226419568062,0,0.599686324596405,0,LAND_B,LAND_B,LAND_B,2.1163227558135986,2.1153502464294434,2.1164968013763428,0.19622653722763062,0.19149644672870636,0.18511143326759338,https://wandb.ai/ememchijioke-university-of-klagenfurt/marl-uav-mission-no-formation/runs/qgyhqyu7
2026-05-16T19:30:01.996978,1912,3,17289.482868016716,1,3,0,2.0,0.14454394578933716,0.14860859513282776,0.1121940662463506,0.2631477614243825,0.012172741815447807,0,0.6019865274429321,0,LAND_B,LAND_B,LAND_B,2.11212420463562,2.1092991828918457,2.1130619049072266,0.1961730569601059,0.19160686433315277,0.18541383743286133,https://wandb.ai/ememchijioke-university-of-klagenfurt/marl-uav-mission-no-formation/runs/qgyhqyu7
2026-05-16T19:30:15.244415,1913,3,17330.606861293123,1,3,0,2.0,0.14862719674905142,0.1535479873418808,0.11730360239744186,0.2617378532886505,0.020317176977793377,0,0.6057993769645691,0,LAND_B,LAND_B,LAND_B,2.1179962158203125,2.1145431995391846,2.1177914142608643,0.19702120125293732,0.19177260994911194,0.18475621938705444,https://wandb.ai/ememchijioke-university-of-klagenfurt/marl-uav-mission-no-formation/runs/qgyhqyu7
2026-05-16T19:30:27.051967,1914,3,17388.221581997208,1,3,0,2.0,0.14921145141124725,0.1511475145816803,0.11836197723944981,0.26464181145032245,0.014404231061538061,0,0.596916139125824,0,LAND_B,LAND_B,LAND_B,2.1152517795562744,2.115363359451294,2.1223483085632324,0.19597496092319489,0.19173909723758698,0.1843395233154297,https://wandb.ai/ememchijioke-university-of-klagenfurt/marl-uav-mission-no-formation/runs/qgyhqyu7
2026-05-16T19:30:39.477373,1915,3,16980.21448714028,1,3,0,2.0,0.15166867772738138,0.15390922129154205,0.12125553687413533,0.2658322552839915,0.014091147420307001,0,0.5942795276641846,0,LAND_B,LAND_B,LAND_B,2.1178476810455322,2.122408628463745,2.1212852001190186,0.19713185727596283,0.19145475327968597,0.1843268871307373,https://wandb.ai/ememchijioke-university-of-klagenfurt/marl-uav-mission-no-formation/runs/qgyhqyu7
2026-05-16T19:30:52.569704,1916,3,17331.48576823006,1,3,0,2.0,0.152605339884758,0.16305924952030182,0.12266791115204494,0.26660817861557007,0.014327137731015682,0,0.6019973754882812,0,LAND_B,LAND_B,LAND_B,2.1305081844329834,2.1174545288085938,2.118790626525879,0.19632315635681152,0.19094936549663544,0.18497392535209656,https://wandb.ai/ememchijioke-university-of-klagenfurt/marl-uav-mission-no-formation/runs/qgyhqyu7
2026-05-16T19:31:05.561812,1917,3,17110.72275722637,1,3,0,2.0,0.14593584835529327,0.14832408726215363,0.1140248104929924,0.26301687955856323,0.012528586511810621,0,0.5917664766311646,0,LAND_B,LAND_B,LAND_B,2.112764596939087,2.1062204837799072,2.1216819286346436,0.19609001278877258,0.191837340593338,0.18453823029994965,https://wandb.ai/ememchijioke-university-of-klagenfurt/marl-uav-mission-no-formation/runs/qgyhqyu7
2026-05-16T19:31:18.953157,1918,3,17193.704145599142,1,3,0,2.0,0.14853404959042868,0.15652374923229218,0.11747304846843083,0.2645415961742401,0.01759840144465367,0,0.5921826362609863,0,LAND_B,LAND_B,LAND_B,2.123002290725708,2.1177496910095215,2.110959053039551,0.19667841494083405,0.1911180317401886,0.18488363921642303,https://wandb.ai/ememchijioke-university-of-klagenfurt/marl-uav-mission-no-formation/runs/qgyhqyu7
2026-05-16T19:31:31.707206,1919,3,17011.499244397066,1,3,0,2.0,0.1483820676803589,0.15260425209999084,0.11714989443620046,0.26770418882369995,0.021387686332066853,0,0.5969858765602112,0,LAND_B,LAND_B,LAND_B,2.118593215942383,2.1115243434906006,2.120436668395996,0.19577692449092865,0.192162424325943,0.1848551481962204,https://wandb.ai/ememchijioke-university-of-klagenfurt/marl-uav-mission-no-formation/runs/qgyhqyu7
2026-05-16T19:31:43.174710,1920,3,17089.03143170795,1,3,0,2.0,0.1514311283826828,0.1591249406337738,0.12110800047715505,0.264006366332372,0.01725691556930542,0,0.5970628261566162,0,LAND_B,LAND_B,LAND_B,2.126620054244995,2.124669313430786,2.1115903854370117,0.19610249996185303,0.19215576350688934,0.18445414304733276,https://wandb.ai/ememchijioke-university-of-klagenfurt/marl-uav-mission-no-formation/runs/qgyhqyu7
2026-05-16T19:31:54.709550,1921,3,17422.43555725071,1,3,0,2.0,0.1483517587184906,0.15757066011428833,0.11747692773739497,0.2648933231830597,0.020296999874214332,0,0.6030625700950623,0,LAND_B,LAND_B,LAND_B,2.124239921569824,2.114361524581909,2.1116480827331543,0.19549359381198883,0.19148820638656616,0.18476435542106628,https://wandb.ai/ememchijioke-university-of-klagenfurt/marl-uav-mission-no-formation/runs/qgyhqyu7
2026-05-16T19:32:05.816928,1922,3,17215.61000529313,1,3,0,2.0,0.14758150279521942,0.15408870577812195,0.11669567227363586,0.266549954811732,0.013331266896178326,0,0.6043020486831665,0,LAND_B,LAND_B,LAND_B,2.119626760482788,2.1136131286621094,2.115537405014038,0.19558338820934296,0.19100552797317505,0.18431039154529572,https://wandb.ai/ememchijioke-university-of-klagenfurt/marl-uav-mission-no-formation/runs/qgyhqyu7
2026-05-16T19:32:17.626505,1923,3,17644.298558518796,1,3,0,2.0,0.14536771178245544,0.15090715885162354,0.11403064429759979,0.26702674229939777,0.01496465178206563,0,0.6025270223617554,0,LAND_B,LAND_B,LAND_B,2.115161180496216,2.113769292831421,2.109973669052124,0.19537845253944397,0.19091291725635529,0.18413116037845612,https://wandb.ai/ememchijioke-university-of-klagenfurt/marl-uav-mission-no-formation/runs/qgyhqyu7
2026-05-16T19:32:28.055225,1924,3,17172.815719054026,1,3,0,2.0,0.14759943882624307,0.15780220925807953,0.11670380582412083,0.26544055342674255,0.016467923608918984,0,0.6044057011604309,0,LAND_B,LAND_B,LAND_B,2.124376058578491,2.1125757694244385,2.111811876296997,0.19560642540454865,0.19094888865947723,0.18446774780750275,https://wandb.ai/ememchijioke-university-of-klagenfurt/marl-uav-mission-no-formation/runs/qgyhqyu7
2026-05-16T19:32:39.489619,1925,3,17340.478396150567,1,3,0,2.0,0.1514484385649363,0.15640924870967865,0.1216522678732872,0.2659279902776082,0.015363762465616068,0,0.5935097932815552,0,LAND_B,LAND_B,LAND_B,2.1151068210601807,2.1265969276428223,2.122438669204712,0.19482004642486572,0.19107697904109955,0.1842072308063507,https://wandb.ai/ememchijioke-university-of-klagenfurt/marl-uav-mission-no-formation/runs/qgyhqyu7
2026-05-16T19:32:50.528919,1926,3,15994.369890421964,1,3,0,2.0,0.15349498887856802,0.1549999713897705,0.12006594489018123,0.2822314004103343,0.013855776904771725,0,0.5937340259552002,0,LAND_B,LAND_B,LAND_B,2.117648124694824,2.120548963546753,2.120530843734741,0.1999940723180771,0.19643458724021912,0.19021792709827423,https://wandb.ai/ememchijioke-university-of-klagenfurt/marl-uav-mission-no-formation/runs/qgyhqyu7
2026-05-16T19:33:01.729254,1927,3,17258.110777470985,1,3,0,2.0,0.1513080596923828,0.15701967477798462,0.12127590924501419,0.2686515549818675,0.016406264000882704,0,0.6007384657859802,0,LAND_B,LAND_B,LAND_B,2.1246590614318848,2.118772268295288,2.11960506439209,0.19497795403003693,0.19138804078102112,0.18496744334697723,https://wandb.ai/ememchijioke-university-of-klagenfurt/marl-uav-mission-no-formation/runs/qgyhqyu7
2026-05-16T19:33:14.519146,1928,3,17040.903859726892,1,3,0,2.0,0.14875745276610056,0.14953498542308807,0.1175146500269572,0.2651676932970683,0.011034204935034117,0,0.5941187739372253,0,LAND_B,LAND_B,LAND_B,2.1144063472747803,2.1150307655334473,2.122042417526245,0.1959913969039917,0.19160519540309906,0.18556588888168335,https://wandb.ai/ememchijioke-university-of-klagenfurt/marl-uav-mission-no-formation/runs/qgyhqyu7
2026-05-16T19:33:26.642330,1929,3,17081.730062022478,1,3,0,2.0,0.14945625265439352,0.15143756568431854,0.11899688839912415,0.2660558521747589,0.016392963317533333,0,0.6040031313896179,0,LAND_B,LAND_B,LAND_B,2.1176395416259766,2.116253137588501,2.122718095779419,0.1950938105583191,0.19145269691944122,0.1843036413192749,https://wandb.ai/ememchijioke-university-of-klagenfurt/marl-uav-mission-no-formation/runs/qgyhqyu7
2026-05-16T19:33:39.536571,1930,3,17137.887936102856,1,3,0,2.0,0.1516269346078237,0.15664200484752655,0.12165146817763646,0.2659095227718353,0.011028135428205132,0,0.6107189655303955,0,LAND_B,LAND_B,LAND_B,2.122241258621216,2.1171698570251465,2.123560667037964,0.19573268294334412,0.19102032482624054,0.18447376787662506,https://wandb.ai/ememchijioke-university-of-klagenfurt/marl-uav-mission-no-formation/runs/qgyhqyu7
2026-05-16T19:33:52.101053,1931,3,17363.408525213585,1,3,0,2.0,0.14632708330949148,0.15039145946502686,0.11523853242397308,0.2654280662536621,0.009913396090269089,0,0.6111703515052795,0,LAND_B,LAND_B,LAND_B,2.1141552925109863,2.115936040878296,2.113034248352051,0.19542120397090912,0.1913556456565857,0.1835997849702835,https://wandb.ai/ememchijioke-university-of-klagenfurt/marl-uav-mission-no-formation/runs/qgyhqyu7
2026-05-16T19:34:03.998305,1932,3,17386.725962407054,1,3,0,2.0,0.15043400724728903,0.15672919154167175,0.12064765393733978,0.26641926169395447,0.0101430076174438,0,0.5963839292526245,0,LAND_B,LAND_B,LAND_B,2.1236236095428467,2.1228532791137695,2.114102840423584,0.19512273371219635,0.19062434136867523,0.18379826843738556,https://wandb.ai/ememchijioke-university-of-klagenfurt/marl-uav-mission-no-formation/runs/qgyhqyu7
2026-05-16T19:34:16.301026,1933,3,17132.347192342284,1,3,0,2.0,0.14814046025276184,0.15180444717407227,0.11746448775132497,0.26544763644536334,0.015034597056607405,0,0.6015474200248718,0,LAND_B,LAND_B,LAND_B,2.1173722743988037,2.1188080310821533,2.1155998706817627,0.19563816487789154,0.19142572581768036,0.18354108929634094,https://wandb.ai/ememchijioke-university-of-klagenfurt/marl-uav-mission-no-formation/runs/qgyhqyu7
2026-05-16T19:34:27.834140,1934,3,17504.929930562415,1,3,0,2.0,0.14942151804765066,0.152382031083107,0.11888207495212555,0.26809428135554,0.01301822563012441,0,0.5953852534294128,0,LAND_B,LAND_B,LAND_B,2.115978479385376,2.1205670833587646,2.1185269355773926,0.1957789957523346,0.19185742735862732,0.1835869699716568,https://wandb.ai/ememchijioke-university-of-klagenfurt/marl-uav-mission-no-formation/runs/qgyhqyu7
2026-05-16T19:34:40.557500,1935,3,17484.65715786177,1,3,0,2.0,0.14803037544091543,0.16068749129772186,0.11708740144968033,0.2671353220939636,0.019336513554056484,0,0.6020130515098572,0,LAND_B,LAND_B,LAND_B,2.128474235534668,2.1114537715911865,2.1106839179992676,0.19603782892227173,0.19160760939121246,0.18392722308635712,https://wandb.ai/ememchijioke-university-of-klagenfurt/marl-uav-mission-no-formation/runs/qgyhqyu7
2026-05-16T19:34:53.962446,1936,3,17197.75714926647,1,3,0,2.0,0.14930672943592072,0.15401434898376465,0.11851563801368077,0.2636295258998871,0.01810353094091018,0,0.5984894633293152,0,LAND_B,LAND_B,LAND_B,2.1183300018310547,2.1154978275299072,2.120173931121826,0.1967039853334427,0.19139188528060913,0.18399573862552643,https://wandb.ai/ememchijioke-university-of-klagenfurt/marl-uav-mission-no-formation/runs/qgyhqyu7
2026-05-16T19:35:06.667708,1937,3,17365.789132003632,1,3,0,2.0,0.15217976768811545,0.15652728080749512,0.12235377977291743,0.2685052851835887,0.015099678499003252,0,0.6041880249977112,0,LAND_B,LAND_B,LAND_B,2.1220858097076416,2.126429557800293,2.116673469543457,0.19626842439174652,0.19119054079055786,0.18387362360954285,https://wandb.ai/ememchijioke-university-of-klagenfurt/marl-uav-mission-no-formation/runs/qgyhqyu7
2026-05-16T19:35:19.624838,1938,3,17165.952437773885,1,3,0,2.0,0.14976211885611215,0.16016896069049835,0.11899003634850185,0.26435553034146625,0.018880164250731468,0,0.6099227070808411,0,LAND_B,LAND_B,LAND_B,2.1268506050109863,2.1169273853302,2.112309217453003,0.1970817893743515,0.19182449579238892,0.18387389183044434,https://wandb.ai/ememchijioke-university-of-klagenfurt/marl-uav-mission-no-formation/runs/qgyhqyu7
2026-05-16T19:35:31.964702,1939,3,17233.11024888589,1,3,0,2.0,0.14914970099925995,0.15407364070415497,0.11849128703276317,0.2649737099806468,0.014996614307165146,0,0.6084908246994019,0,LAND_B,LAND_B,LAND_B,2.118988037109375,2.114443778991699,2.1206390857696533,0.196343332529068,0.1917346715927124,0.18325862288475037,https://wandb.ai/ememchijioke-university-of-klagenfurt/marl-uav-mission-no-formation/runs/qgyhqyu7
2026-05-16T19:35:44.174496,1940,3,17098.16710147132,1,3,0,2.0,0.14990893503030142,0.156882643699646,0.11952097962299983,0.26714887221654254,0.02089505611608426,0,0.5979210734367371,0,LAND_B,LAND_B,LAND_B,2.123835563659668,2.110508441925049,2.1237423419952393,0.19613823294639587,0.19123505055904388,0.1834959089756012,https://wandb.ai/ememchijioke-university-of-klagenfurt/marl-uav-mission-no-formation/runs/qgyhqyu7
2026-05-16T19:35:55.467268,1941,3,17022.667119277347,1,3,0,2.0,0.15099398791790009,0.15602616965770721,0.12072950353225072,0.26782314976056415,0.018793428937594097,0,0.6080964803695679,0,LAND_B,LAND_B,LAND_B,2.121108055114746,2.1158652305603027,2.1230623722076416,0.1962427794933319,0.19201254844665527,0.18336868286132812,https://wandb.ai/ememchijioke-university-of-klagenfurt/marl-uav-mission-no-formation/runs/qgyhqyu7
2026-05-16T19:36:08.047465,1942,3,17314.331895145646,1,3,0,2.0,0.1478172391653061,0.1518177092075348,0.11666699002186458,0.2656347354253133,0.007293625734746456,0,0.60595703125,0,LAND_B,LAND_B,LAND_B,2.1168456077575684,2.1162502765655518,2.1157965660095215,0.19613954424858093,0.19176484644412994,0.18418630957603455,https://wandb.ai/ememchijioke-university-of-klagenfurt/marl-uav-mission-no-formation/runs/qgyhqyu7
2026-05-16T19:36:21.315909,1943,3,17315.531133246783,1,3,0,2.0,0.14621826012929282,0.15349158644676208,0.11489210029443105,0.26602057615915936,0.011324337062736353,0,0.6041909456253052,0,LAND_B,LAND_B,LAND_B,2.1187546253204346,2.112229108810425,2.111935615539551,0.1958831548690796,0.19153331220149994,0.18380820751190186,https://wandb.ai/ememchijioke-university-of-klagenfurt/marl-uav-mission-no-formation/runs/qgyhqyu7
2026-05-16T19:36:34.246081,1944,3,17294.476183320425,1,3,0,2.0,0.14832454919815063,0.15550747513771057,0.11742457995812099,0.26616652806599933,0.007426932066058119,0,0.6007227301597595,0,LAND_B,LAND_B,LAND_B,2.121284008026123,2.1143808364868164,2.115896701812744,0.19650575518608093,0.1917954385280609,0.1833576261997223,https://wandb.ai/ememchijioke-university-of-klagenfurt/marl-uav-mission-no-formation/runs/qgyhqyu7
2026-05-16T19:36:46.073956,1945,3,16984.128294306018,1,3,0,2.0,0.15072137117385864,0.1581535041332245,0.12034455438454945,0.2665647665659587,0.012070667619506517,0,0.6025752425193787,0,LAND_B,LAND_B,LAND_B,2.124438524246216,2.1200270652770996,2.115358829498291,0.19681139290332794,0.19163015484809875,0.1837182193994522,https://wandb.ai/ememchijioke-university-of-klagenfurt/marl-uav-mission-no-formation/runs/qgyhqyu7
2026-05-16T19:36:58.163574,1946,3,17150.796243951136,1,3,0,2.0,0.14799746374289194,0.15429306030273438,0.11697161694367726,0.2648355960845947,0.01746733548740546,0,0.5983556509017944,0,LAND_B,LAND_B,LAND_B,2.12040376663208,2.118232011795044,2.1114413738250732,0.196207195520401,0.19184868037700653,0.18390075862407684,https://wandb.ai/ememchijioke-university-of-klagenfurt/marl-uav-mission-no-formation/runs/qgyhqyu7
2026-05-16T19:37:11.331120,1947,3,17146.05215995696,1,3,0,2.0,0.14910068114598593,0.15734894573688507,0.11831208566824596,0.2645888427893321,0.013280354284991821,0,0.6061341762542725,0,LAND_B,LAND_B,LAND_B,2.123830556869507,2.1215710639953613,2.1085205078125,0.1960911899805069,0.19168870151042938,0.18441565334796906,https://wandb.ai/ememchijioke-university-of-klagenfurt/marl-uav-mission-no-formation/runs/qgyhqyu7
2026-05-16T19:37:23.642795,1948,3,17175.699579535427,1,3,0,2.0,0.14714433252811432,0.15235982835292816,0.11575459688901901,0.2668582300345103,0.014597314409911633,0,0.6019468307495117,0,LAND_B,LAND_B,LAND_B,2.1176414489746094,2.1090779304504395,2.120133638381958,0.19660882651805878,0.19137178361415863,0.1840067207813263,https://wandb.ai/ememchijioke-university-of-klagenfurt/marl-uav-mission-no-formation/runs/qgyhqyu7
2026-05-16T19:37:36.704118,1949,3,17270.62834933578,1,3,0,2.0,0.15144350131352743,0.15829673409461975,0.12130486965179443,0.26367812355359393,0.01011556169639031,0,0.5915672779083252,0,LAND_B,LAND_B,LAND_B,2.1256542205810547,2.119292974472046,2.117804527282715,0.19624310731887817,0.1919010579586029,0.18372999131679535,https://wandb.ai/ememchijioke-university-of-klagenfurt/marl-uav-mission-no-formation/runs/qgyhqyu7
2026-05-16T19:37:49.941707,1950,3,17400.62135909104,1,3,0,2.0,0.14676224191983542,0.15141430497169495,0.11545699089765549,0.2657125989596049,0.01319474789003531,0,0.5952572226524353,0,LAND_B,LAND_B,LAND_B,2.116580009460449,2.120217800140381,2.109142541885376,0.19617056846618652,0.19149285554885864,0.18404345214366913,https://wandb.ai/ememchijioke-university-of-klagenfurt/marl-uav-mission-no-formation/runs/qgyhqyu7
2026-05-16T19:38:02.394040,1951,3,17220.81896921403,1,3,0,2.0,0.15041161080201468,0.16310353577136993,0.12035760283470154,0.26517465710639954,0.009869229766991339,0,0.6024937629699707,0,LAND_B,LAND_B,LAND_B,2.131143093109131,2.1207354068756104,2.1074750423431396,0.19577699899673462,0.19099219143390656,0.18378755450248718,https://wandb.ai/ememchijioke-university-of-klagenfurt/marl-uav-mission-no-formation/runs/qgyhqyu7
2026-05-16T19:38:14.969137,1952,3,17536.18747447058,1,3,0,2.0,0.14749089380105337,0.154299795627594,0.11662507553895314,0.2644699811935425,0.009422458320235213,0,0.5963858366012573,0,LAND_B,LAND_B,LAND_B,2.120471954345703,2.118361711502075,2.110154390335083,0.19553418457508087,0.1907639503479004,0.18455448746681213,https://wandb.ai/ememchijioke-university-of-klagenfurt/marl-uav-mission-no-formation/runs/qgyhqyu7
2026-05-16T19:38:28.354986,1953,3,17382.81302665161,1,3,0,2.0,0.14892467359701791,0.15542596578598022,0.11802990982929866,0.26641716559727985,0.008754143646607796,0,0.6114829182624817,0,LAND_B,LAND_B,LAND_B,2.11737322807312,2.125619888305664,2.109717845916748,0.19597338140010834,0.19149541854858398,0.18480852246284485,https://wandb.ai/ememchijioke-university-of-klagenfurt/marl-uav-mission-no-formation/runs/qgyhqyu7
2026-05-16T19:38:41.705652,1954,3,17256.867571766095,1,3,0,2.0,0.154532457391421,0.161268949508667,0.12526592860619226,0.2650640110174815,0.016428306659994025,0,0.5995228886604309,0,LAND_B,LAND_B,LAND_B,2.1296658515930176,2.128244400024414,2.116971492767334,0.19559237360954285,0.1913672536611557,0.18449632823467255,https://wandb.ai/ememchijioke-university-of-klagenfurt/marl-uav-mission-no-formation/runs/qgyhqyu7
2026-05-16T19:38:54.948747,1955,3,17330.89885887929,1,3,0,2.0,0.14723005394140878,0.15142779052257538,0.11582748095194499,0.2667655150095622,0.01108383092408379,0,0.5965278744697571,0,LAND_B,LAND_B,LAND_B,2.114978075027466,2.1199169158935547,2.1116931438446045,0.1956239938735962,0.19176149368286133,0.18514052033424377,https://wandb.ai/ememchijioke-university-of-klagenfurt/marl-uav-mission-no-formation/runs/qgyhqyu7
2026-05-16T19:39:07.931171,1956,3,17069.619616512475,1,3,0,2.0,0.14997551838556925,0.15634864568710327,0.11874394863843918,0.26482154925664264,0.013600933675964674,0,0.5975620746612549,0,LAND_B,LAND_B,LAND_B,2.115574598312378,2.124631881713867,2.1134397983551025,0.19670294225215912,0.19282129406929016,0.1850624978542328,https://wandb.ai/ememchijioke-university-of-klagenfurt/marl-uav-mission-no-formation/runs/qgyhqyu7
2026-05-16T19:39:20.765493,1957,3,17319.354319819733,1,3,0,2.0,0.15183780590693155,0.1617562174797058,0.12139668812354405,0.26608407497406006,0.011810892882446447,0,0.6016511917114258,0,LAND_B,LAND_B,LAND_B,2.1293516159057617,2.1173954010009766,2.1157097816467285,0.19603388011455536,0.1917904019355774,0.18572762608528137,https://wandb.ai/ememchijioke-university-of-klagenfurt/marl-uav-mission-no-formation/runs/qgyhqyu7
2026-05-16T19:39:33.899663,1958,3,17495.20943521162,1,3,0,2.0,0.14851446946461996,0.15677106380462646,0.11721481134494145,0.2640111744403839,0.020189808681607246,0,0.59577876329422,0,LAND_B,LAND_B,LAND_B,2.12408185005188,2.111037015914917,2.1160550117492676,0.19570066034793854,0.1923525631427765,0.1853412687778473,https://wandb.ai/ememchijioke-university-of-klagenfurt/marl-uav-mission-no-formation/runs/qgyhqyu7
2026-05-16T19:39:47.259067,1959,3,17375.799616161527,1,3,0,2.0,0.1495169053475062,0.16228236258029938,0.11917380740245183,0.2654647131760915,0.02153502901395162,0,0.603924572467804,0,LAND_B,LAND_B,LAND_B,2.130134105682373,2.1141879558563232,2.1111090183258057,0.19530542194843292,0.19111870229244232,0.1843428909778595,https://wandb.ai/ememchijioke-university-of-klagenfurt/marl-uav-mission-no-formation/runs/qgyhqyu7
2026-05-16T19:39:59.720948,1960,3,17250.264295559544,1,3,0,2.0,0.14817039668560028,0.15303410589694977,0.11688269178072612,0.26344938079516095,0.021610967814922333,0,0.6092395186424255,0,LAND_B,LAND_B,LAND_B,2.1157944202423096,2.1219482421875,2.1108951568603516,0.1960044503211975,0.19190432131290436,0.18517398834228516,https://wandb.ai/ememchijioke-university-of-klagenfurt/marl-uav-mission-no-formation/runs/qgyhqyu7
2026-05-16T19:40:11.628625,1961,3,17082.609714485014,1,3,0,2.0,0.14616075654824576,0.15048514306545258,0.11409460256497066,0.26483482122421265,0.01040157675743103,0,0.5960754752159119,0,LAND_B,LAND_B,LAND_B,2.115377902984619,2.113255262374878,2.1131389141082764,0.1964600384235382,0.19201698899269104,0.1854361593723297,https://wandb.ai/ememchijioke-university-of-klagenfurt/marl-uav-mission-no-formation/runs/qgyhqyu7
2026-05-16T19:40:24.035345,1962,3,17570.58746301662,1,3,0,2.0,0.1491928994655609,0.1539732962846756,0.11775734275579453,0.2610448996225993,0.016615245180825394,0,0.6022809147834778,0,LAND_B,LAND_B,LAND_B,2.119166374206543,2.118474006652832,2.114191770553589,0.19616878032684326,0.1922927349805832,0.18631067872047424,https://wandb.ai/ememchijioke-university-of-klagenfurt/marl-uav-mission-no-formation/runs/qgyhqyu7
2026-05-16T19:40:36.541504,1963,3,17137.766349353376,1,3,0,2.0,0.1496423234542211,0.16186994314193726,0.1185079167286555,0.2661471168200175,0.019824748237927754,0,0.6052443385124207,0,LAND_B,LAND_B,LAND_B,2.1289124488830566,2.112156867980957,2.1123995780944824,0.19618716835975647,0.19166018068790436,0.1861351728439331,https://wandb.ai/ememchijioke-university-of-klagenfurt/marl-uav-mission-no-formation/runs/qgyhqyu7
2026-05-16T19:40:49.197633,1964,3,17448.781818750216,1,3,0,2.0,0.14985095957914987,0.15406151115894318,0.11881463974714279,0.26202062765757245,0.00884775584563613,0,0.6080185174942017,0,LAND_B,LAND_B,LAND_B,2.118378162384033,2.1235828399658203,2.1137473583221436,0.19624978303909302,0.19192147254943848,0.18564945459365845,https://wandb.ai/ememchijioke-university-of-klagenfurt/marl-uav-mission-no-formation/runs/qgyhqyu7
2026-05-16T19:41:01.764996,1965,3,17151.552777470333,1,3,0,2.0,0.14931179086367288,0.15676230192184448,0.11856996516386668,0.2667524019877116,0.014524243772029877,0,0.6089957356452942,0,LAND_B,LAND_B,LAND_B,2.1222896575927734,2.11672306060791,2.1148805618286133,0.1960034966468811,0.19123226404190063,0.1849573403596878,https://wandb.ai/ememchijioke-university-of-klagenfurt/marl-uav-mission-no-formation/runs/qgyhqyu7
2026-05-16T19:41:14.747981,1966,3,17307.600043594233,1,3,0,2.0,0.14761250714461008,0.15062427520751953,0.1162144144376119,0.26656325658162433,0.013744276016950607,0,0.5999820828437805,0,LAND_B,LAND_B,LAND_B,2.1158950328826904,2.113602876663208,2.1188342571258545,0.19607429206371307,0.19152288138866425,0.1851135939359665,https://wandb.ai/ememchijioke-university-of-klagenfurt/marl-uav-mission-no-formation/runs/qgyhqyu7
2026-05-16T19:41:28.203935,1967,3,17114.899468208743,1,3,0,2.0,0.14633217950661978,0.15431441366672516,0.11459981898466746,0.2683664957682292,0.015584187116473913,0,0.6057295799255371,0,LAND_B,LAND_B,LAND_B,2.119880437850952,2.1092989444732666,2.1134305000305176,0.19623373448848724,0.1916343867778778,0.18494489789009094,https://wandb.ai/ememchijioke-university-of-klagenfurt/marl-uav-mission-no-formation/runs/qgyhqyu7
2026-05-16T19:41:41.163989,1968,3,17017.339889532177,1,3,0,2.0,0.150271937251091,0.15230923891067505,0.11946450173854828,0.2636477053165436,0.013239658748110136,0,0.5922061800956726,0,LAND_B,LAND_B,LAND_B,2.1176741123199463,2.1169943809509277,2.1220879554748535,0.1962757110595703,0.19145560264587402,0.18539230525493622,https://wandb.ai/ememchijioke-university-of-klagenfurt/marl-uav-mission-no-formation/runs/qgyhqyu7
2026-05-16T19:41:53.300779,1969,3,16967.716866090937,1,3,0,2.0,0.15265489121278128,0.1574053019285202,0.12258953352769215,0.26396050055821735,0.007865504904960593,0,0.6033196449279785,0,LAND_B,LAND_B,LAND_B,2.1244773864746094,2.118295431137085,2.124605894088745,0.19588227570056915,0.19145086407661438,0.18530310690402985,https://wandb.ai/ememchijioke-university-of-klagenfurt/marl-uav-mission-no-formation/runs/qgyhqyu7
2026-05-16T19:42:05.506525,1970,3,17395.00777350831,1,3,0,2.0,0.1488050470749537,0.1550477147102356,0.11786216000715892,0.2659030258655548,0.013941238013406595,0,0.6086752414703369,0,LAND_B,LAND_B,LAND_B,2.120891809463501,2.116990327835083,2.1145734786987305,0.19604051113128662,0.19143375754356384,0.18497401475906372,https://wandb.ai/ememchijioke-university-of-klagenfurt/marl-uav-mission-no-formation/runs/qgyhqyu7
2026-05-16T19:42:18.127146,1971,3,17505.359333998334,1,3,0,2.0,0.15274332463741302,0.15758919715881348,0.12234094242254893,0.26578665773073834,0.012057452695444226,0,0.6086657643318176,0,LAND_B,LAND_B,LAND_B,2.123647689819336,2.1148529052734375,2.1270558834075928,0.19610917568206787,0.19227249920368195,0.18548661470413208,https://wandb.ai/ememchijioke-university-of-klagenfurt/marl-uav-mission-no-formation/runs/qgyhqyu7
2026-05-16T19:42:30.143693,1972,3,17085.122959071636,1,3,0,2.0,0.14838001628716788,0.15612302720546722,0.11675337205330531,0.26394487420717877,0.01756390044465661,0,0.598037838935852,0,LAND_B,LAND_B,LAND_B,2.1216843128204346,2.11499285697937,2.1128346920013428,0.19707193970680237,0.19167283177375793,0.1859322488307953,https://wandb.ai/ememchijioke-university-of-klagenfurt/marl-uav-mission-no-formation/runs/qgyhqyu7
2026-05-16T19:42:43.075775,1973,3,17510.892207772198,1,3,0,2.0,0.14749560753504434,0.1515241116285324,0.11566697061061859,0.2648065984249115,0.008004898515840372,0,0.5953313112258911,0,LAND_B,LAND_B,LAND_B,2.1151108741760254,2.1156084537506104,2.114868640899658,0.19726721942424774,0.19238413870334625,0.184672012925148,https://wandb.ai/ememchijioke-university-of-klagenfurt/marl-uav-mission-no-formation/runs/qgyhqyu7
2026-05-16T19:42:56.216924,1974,3,17193.326944827902,1,3,0,2.0,0.14487660924593607,0.1494082659482956,0.11260052025318146,0.2649414340655009,0.008844382672881087,0,0.6021925210952759,0,LAND_B,LAND_B,LAND_B,2.113290548324585,2.114722490310669,2.1089158058166504,0.19679677486419678,0.19176068902015686,0.18481026589870453,https://wandb.ai/ememchijioke-university-of-klagenfurt/marl-uav-mission-no-formation/runs/qgyhqyu7
2026-05-16T19:43:08.298503,1975,3,17372.875753377037,1,3,0,2.0,0.14964578052361807,0.15511704981327057,0.11814076950152715,0.264134685198466,0.01934817557533582,0,0.608604907989502,0,LAND_B,LAND_B,LAND_B,2.114145040512085,2.1241095066070557,2.1140308380126953,0.1977521777153015,0.19259384274482727,0.18487809598445892,https://wandb.ai/ememchijioke-university-of-klagenfurt/marl-uav-mission-no-formation/runs/qgyhqyu7
2026-05-16T19:43:21.240899,1976,3,17355.27569814721,1,3,0,2.0,0.14466407895088196,0.1480974555015564,0.1121042271455129,0.2617205083370209,0.02341478131711483,0,0.6083324551582336,0,LAND_B,LAND_B,LAND_B,2.111100673675537,2.115670680999756,2.1081886291503906,0.1969028115272522,0.19166789948940277,0.18558019399642944,https://wandb.ai/ememchijioke-university-of-klagenfurt/marl-uav-mission-no-formation/runs/qgyhqyu7
2026-05-16T19:43:34.524788,1977,3,16950.693136515216,1,3,0,2.0,0.15325877567132315,0.15755043923854828,0.12272417296965916,0.2644833028316498,0.012433997665842375,0,0.6059361100196838,0,LAND_B,LAND_B,LAND_B,2.115999937057495,2.127440929412842,2.1228396892547607,0.19699819386005402,0.19263151288032532,0.18530522286891937,https://wandb.ai/ememchijioke-university-of-klagenfurt/marl-uav-mission-no-formation/runs/qgyhqyu7
2026-05-16T19:43:47.480279,1978,3,17492.220805854642,1,3,0,2.0,0.15100598831971487,0.16013401746749878,0.12064660837252934,0.2629247009754181,0.011697948910295963,0,0.6079698801040649,0,LAND_B,LAND_B,LAND_B,2.1269381046295166,2.112304449081421,2.1215388774871826,0.19651927053928375,0.19100996851921082,0.1845918744802475,https://wandb.ai/ememchijioke-university-of-klagenfurt/marl-uav-mission-no-formation/runs/qgyhqyu7
2026-05-16T19:44:00.000111,1979,3,17039.276345525082,1,3,0,2.0,0.14944874743620554,0.15034450590610504,0.11852807799975078,0.2659623126188914,0.017190532526001334,0,0.5921239852905273,0,LAND_B,LAND_B,LAND_B,2.115745782852173,2.115063190460205,2.1236822605133057,0.19578145444393158,0.19185754656791687,0.18489819765090942,https://wandb.ai/ememchijioke-university-of-klagenfurt/marl-uav-mission-no-formation/runs/qgyhqyu7
2026-05-16T19:44:11.145788,1980,3,17063.71857423843,1,3,0,2.0,0.15256776909033457,0.15701711177825928,0.12265414744615555,0.262831191221873,0.013824092534681162,0,0.6123265027999878,0,LAND_B,LAND_B,LAND_B,2.1223762035369873,2.1236889362335205,2.120063543319702,0.19653667509555817,0.19048914313316345,0.18503424525260925,https://wandb.ai/ememchijioke-university-of-klagenfurt/marl-uav-mission-no-formation/runs/qgyhqyu7
2026-05-16T19:44:23.956509,1981,3,17191.875315451234,1,3,0,2.0,0.15045882761478424,0.1572568118572235,0.11993301411469777,0.26267025868097943,0.015286861608425776,0,0.5929672718048096,0,LAND_B,LAND_B,LAND_B,2.1241543292999268,2.1175596714019775,2.115933656692505,0.19575637578964233,0.19166676700115204,0.1850903034210205,https://wandb.ai/ememchijioke-university-of-klagenfurt/marl-uav-mission-no-formation/runs/qgyhqyu7
2026-05-16T19:44:37.114946,1982,3,17364.30885100646,1,3,0,2.0,0.15162575741608939,0.15413832664489746,0.12132179737091064,0.26816393931706745,0.015136586346973976,0,0.5975776314735413,0,LAND_B,LAND_B,LAND_B,2.1205012798309326,2.1230356693267822,2.1201953887939453,0.19607359170913696,0.19178961217403412,0.1847580373287201,https://wandb.ai/ememchijioke-university-of-klagenfurt/marl-uav-mission-no-formation/runs/qgyhqyu7
2026-05-16T19:44:50.646136,1983,3,17035.59407617376,1,3,0,2.0,0.1502057115236918,0.15281231701374054,0.1194660762945811,0.2658274571100871,0.01963876001536846,0,0.589374303817749,0,LAND_B,LAND_B,LAND_B,2.1131129264831543,2.1219654083251953,2.122509479522705,0.19613517820835114,0.19108465313911438,0.18532918393611908,https://wandb.ai/ememchijioke-university-of-klagenfurt/marl-uav-mission-no-formation/runs/qgyhqyu7
2026-05-16T19:45:02.907768,1984,3,17584.352001242583,1,3,0,2.0,0.14948063095410666,0.15148146450519562,0.11899431049823761,0.2652357518672943,0.02424906628827254,0,0.6047192215919495,0,LAND_B,LAND_B,LAND_B,2.116177558898926,2.120708703994751,2.119345188140869,0.19542580842971802,0.19128970801830292,0.1843920797109604,https://wandb.ai/ememchijioke-university-of-klagenfurt/marl-uav-mission-no-formation/runs/qgyhqyu7
2026-05-16T19:45:15.986023,1985,3,17377.229240014232,1,3,0,2.0,0.1485182742277781,0.15370218455791473,0.11738993227481842,0.26530035336812335,0.020161624376972515,0,0.6049112677574158,0,LAND_B,LAND_B,LAND_B,2.119640827178955,2.123551845550537,2.108366012573242,0.19579043984413147,0.19115827977657318,0.1858835220336914,https://wandb.ai/ememchijioke-university-of-klagenfurt/marl-uav-mission-no-formation/runs/qgyhqyu7
2026-05-16T19:45:29.343266,1986,3,17054.357608162594,1,3,0,2.0,0.1504313200712204,0.15592531859874725,0.11984426776568095,0.2662785053253174,0.01587040877590577,0,0.5954797863960266,0,LAND_B,LAND_B,LAND_B,2.1230716705322266,2.1152498722076416,2.120543956756592,0.1956089735031128,0.19189928472042084,0.18502986431121826,https://wandb.ai/ememchijioke-university-of-klagenfurt/marl-uav-mission-no-formation/runs/qgyhqyu7
2026-05-16T19:45:42.266698,1987,3,17263.34835876183,1,3,0,2.0,0.1508235385020574,0.1564377099275589,0.12025511016448338,0.2631346881389618,0.011337813610831896,0,0.5988535284996033,0,LAND_B,LAND_B,LAND_B,2.121690034866333,2.1243622303009033,2.1125295162200928,0.19564110040664673,0.19161993265151978,0.18579311668872833,https://wandb.ai/ememchijioke-university-of-klagenfurt/marl-uav-mission-no-formation/runs/qgyhqyu7
2026-05-16T19:45:55.423924,1988,3,17044.22485884172,1,3,0,2.0,0.14819878339767456,0.14972682297229767,0.11702361702919006,0.2669936815897624,0.014584305152917901,0,0.5928246378898621,0,LAND_B,LAND_B,LAND_B,2.1129398345947266,2.1142771244049072,2.122894525527954,0.19515635073184967,0.19159473478794098,0.1855020821094513,https://wandb.ai/ememchijioke-university-of-klagenfurt/marl-uav-mission-no-formation/runs/qgyhqyu7
2026-05-16T19:46:08.607291,1989,3,17664.819694398433,1,3,0,2.0,0.14952353139718375,0.15828558802604675,0.11872083693742752,0.26508928338686627,0.02357239897052447,0,0.5994940400123596,0,LAND_B,LAND_B,LAND_B,2.124117851257324,2.112527847290039,2.1173768043518066,0.19551348686218262,0.19161373376846313,0.18538764119148254,https://wandb.ai/ememchijioke-university-of-klagenfurt/marl-uav-mission-no-formation/runs/qgyhqyu7
2026-05-16T19:46:22.080422,1990,3,17114.06505630347,1,3,0,2.0,0.15229365229606628,0.1606506109237671,0.122174638013045,0.26428107420603436,0.015869033212463062,0,0.5985919833183289,0,LAND_B,LAND_B,LAND_B,2.1284537315368652,2.1247997283935547,2.1118693351745605,0.19585978984832764,0.19157718122005463,0.18530431389808655,https://wandb.ai/ememchijioke-university-of-klagenfurt/marl-uav-mission-no-formation/runs/qgyhqyu7
2026-05-16T19:46:35.534883,1991,3,17043.595657651214,1,3,0,2.0,0.1530092457930247,0.15993879735469818,0.12299016863107681,0.2668354312578837,0.018387014977633953,0,0.6048607230186462,0,LAND_B,LAND_B,LAND_B,2.1279525756835938,2.121716260910034,2.1189754009246826,0.19566015899181366,0.19160042703151703,0.18577930331230164,https://wandb.ai/ememchijioke-university-of-klagenfurt/marl-uav-mission-no-formation/runs/qgyhqyu7
2026-05-16T19:46:48.364550,1992,3,17160.880746106144,1,3,0,2.0,0.15297408401966095,0.156405508518219,0.12319301068782806,0.26481905579566956,0.015496347099542618,0,0.59466552734375,0,LAND_B,LAND_B,LAND_B,2.1235623359680176,2.1230056285858154,2.1218597888946533,0.19547462463378906,0.1914718747138977,0.1849745362997055,https://wandb.ai/ememchijioke-university-of-klagenfurt/marl-uav-mission-no-formation/runs/qgyhqyu7
2026-05-16T19:47:01.155406,1993,3,17177.053819056015,1,3,0,2.0,0.15000859399636587,0.15326645970344543,0.11950783183177312,0.2649673322836558,0.019766639918088913,0,0.606713056564331,0,LAND_B,LAND_B,LAND_B,2.1167147159576416,2.122525453567505,2.118161678314209,0.1953190416097641,0.191783607006073,0.184669628739357,https://wandb.ai/ememchijioke-university-of-klagenfurt/marl-uav-mission-no-formation/runs/qgyhqyu7
2026-05-16T19:47:13.094095,1994,3,17212.635736479035,1,3,0,2.0,0.1504440059264501,0.15670686960220337,0.12036571154991786,0.26738008856773376,0.02181188575923443,0,0.6015356183052063,0,LAND_B,LAND_B,LAND_B,2.1245148181915283,2.1223089694976807,2.113852024078369,0.1950717717409134,0.19078907370567322,0.18488174676895142,https://wandb.ai/ememchijioke-university-of-klagenfurt/marl-uav-mission-no-formation/runs/qgyhqyu7
2026-05-16T19:47:25.782778,1995,3,17343.215796783792,1,3,0,2.0,0.14917940398057303,0.15940679609775543,0.11885565270980199,0.2640669842561086,0.013638354682674011,0,0.6069912314414978,0,LAND_B,LAND_B,LAND_B,2.125656843185425,2.114844560623169,2.1136062145233154,0.19501255452632904,0.19041191041469574,0.1849800944328308,https://wandb.ai/ememchijioke-university-of-klagenfurt/marl-uav-mission-no-formation/runs/qgyhqyu7
2026-05-16T19:47:37.800721,1996,3,17014.44739075848,1,3,0,2.0,0.14544782042503357,0.14873357117176056,0.1140151172876358,0.2674292325973511,0.01853551498303811,0,0.602211058139801,0,LAND_B,LAND_B,LAND_B,2.1132264137268066,2.1140317916870117,2.1135969161987305,0.19559897482395172,0.19066794216632843,0.1844513863325119,https://wandb.ai/ememchijioke-university-of-klagenfurt/marl-uav-mission-no-formation/runs/qgyhqyu7
2026-05-16T19:47:50.225408,1997,3,17350.734125647192,1,3,0,2.0,0.15199013551076254,0.1579604148864746,0.12211516996224721,0.2647757331530253,0.01666309094677369,0,0.6061458587646484,0,LAND_B,LAND_B,LAND_B,2.1250722408294678,2.1278085708618164,2.1124463081359863,0.1952901929616928,0.19070476293563843,0.18539872765541077,https://wandb.ai/ememchijioke-university-of-klagenfurt/marl-uav-mission-no-formation/runs/qgyhqyu7
2026-05-16T19:48:02.188341,1998,3,16960.494972430824,1,3,0,2.0,0.15208745002746582,0.15788982808589935,0.12201880166927974,0.2664127250512441,0.01805101955930392,0,0.5945515036582947,0,LAND_B,LAND_B,LAND_B,2.1247761249542236,2.119197130203247,2.120098114013672,0.19605018198490143,0.19080039858818054,0.18541181087493896,https://wandb.ai/ememchijioke-university-of-klagenfurt/marl-uav-mission-no-formation/runs/qgyhqyu7
2026-05-16T19:48:13.838130,1999,3,17125.759522744374,1,3,0,2.0,0.14830605189005533,0.15279771387577057,0.11741406967242558,0.26435478528340656,0.016231101316710312,0,0.6065176725387573,0,LAND_B,LAND_B,LAND_B,2.1176700592041016,2.1182031631469727,2.1137208938598633,0.1954858899116516,0.19070565700531006,0.18554776906967163,https://wandb.ai/ememchijioke-university-of-klagenfurt/marl-uav-mission-no-formation/runs/qgyhqyu7
2026-05-16T19:48:24.689979,2000,3,17485.604379333112,1,3,0,2.0,0.14563080668449402,0.14915329217910767,0.11398317168156306,0.26293136676152545,0.012677511433139443,0,0.6102054119110107,0,LAND_B,LAND_B,LAND_B,2.113358736038208,2.1169111728668213,2.1097757816314697,0.1952524334192276,0.19113689661026,0.18545947968959808,https://wandb.ai/ememchijioke-university-of-klagenfurt/marl-uav-mission-no-formation/runs/qgyhqyu7
