timestamp,episode,stage,reward,success,phase,phase_id,stable_counter,move_progress,dist_to_target,altitude,xy_error,speed,attitude_error,crashed,landed_successfully,pos_x,pos_y,pos_z,wandb_url
2026-05-08T08:09:07.669314,1,1,4413.412098144206,1,LAND_B,4,0,1.0,0.11022575944662094,0.17857642471790314,0.07730112224817276,0.2711063623428345,0.012764669954776764,0,1,2.077249526977539,-0.0028237670194357634,0.17857642471790314,https://wandb.ai/ememchijioke-university-of-klagenfurt/single-uav-rl-baseline/runs/sjth3aqr
2026-05-08T08:09:12.202226,2,1,4458.295867356057,1,LAND_B,4,0,1.0,0.12068845331668854,0.1785093992948532,0.09166230261325836,0.26540306210517883,0.015596023760735989,0,1,2.0912084579467773,-0.009110146202147007,0.1785093992948532,https://wandb.ai/ememchijioke-university-of-klagenfurt/single-uav-rl-baseline/runs/sjth3aqr
2026-05-08T08:09:17.025786,3,1,4357.438965200224,1,LAND_B,4,0,1.0,0.13606829941272736,0.17896093428134918,0.11081404983997345,0.2695661783218384,0.019326668232679367,0,1,2.1106386184692383,0.006233001593500376,0.17896093428134918,https://wandb.ai/ememchijioke-university-of-klagenfurt/single-uav-rl-baseline/runs/sjth3aqr
2026-05-08T08:09:20.555852,4,1,4118.422815557246,1,LAND_B,4,0,1.0,0.13625580072402954,0.17866083979606628,0.11125698685646057,0.2673551142215729,0.007213418371975422,0,1,2.111178398132324,0.004180998541414738,0.17866083979606628,https://wandb.ai/ememchijioke-university-of-klagenfurt/single-uav-rl-baseline/runs/sjth3aqr
2026-05-08T08:09:24.350784,5,1,4061.61951285755,1,LAND_B,4,0,1.0,0.1342761367559433,0.17896293103694916,0.10860449820756912,0.27204540371894836,0.011719238013029099,0,1,2.108260154724121,-0.008641534484922886,0.17896293103694916,https://wandb.ai/ememchijioke-university-of-klagenfurt/single-uav-rl-baseline/runs/sjth3aqr
2026-05-08T08:09:29.087596,6,1,4018.395968460233,1,LAND_B,4,0,1.0,0.14481204748153687,0.1793537139892578,0.12113428860902786,0.27038976550102234,0.02194211073219776,0,1,2.1208934783935547,-0.007634268142282963,0.1793537139892578,https://wandb.ai/ememchijioke-university-of-klagenfurt/single-uav-rl-baseline/runs/sjth3aqr
2026-05-08T08:09:33.475756,7,1,4042.437645964018,1,LAND_B,4,0,1.0,0.13428965210914612,0.17928360402584076,0.10838736593723297,0.26891857385635376,0.02460203319787979,0,1,2.1082942485809326,0.004491765983402729,0.17928360402584076,https://wandb.ai/ememchijioke-university-of-klagenfurt/single-uav-rl-baseline/runs/sjth3aqr
2026-05-08T08:09:39.070415,8,1,3902.8802998493866,1,LAND_B,4,0,1.0,0.14519771933555603,0.17881223559379578,0.12194674462080002,0.2717578113079071,0.01337906438857317,0,1,2.121943950653076,0.0008257674053311348,0.17881223559379578,https://wandb.ai/ememchijioke-university-of-klagenfurt/single-uav-rl-baseline/runs/sjth3aqr
2026-05-08T08:09:43.672491,9,1,4319.066091842276,1,LAND_B,4,0,1.0,0.14020925760269165,0.17846469581127167,0.11619778722524643,0.26696258783340454,0.007043573074042797,0,1,2.1157915592193604,-0.009707827121019363,0.17846469581127167,https://wandb.ai/ememchijioke-university-of-klagenfurt/single-uav-rl-baseline/runs/sjth3aqr
2026-05-08T08:09:47.945027,10,1,4289.815550693025,1,LAND_B,4,0,1.0,0.14684531092643738,0.17855660617351532,0.12406613677740097,0.2694753110408783,0.009646745398640633,0,1,2.123812675476074,-0.007926426827907562,0.17855660617351532,https://wandb.ai/ememchijioke-university-of-klagenfurt/single-uav-rl-baseline/runs/sjth3aqr
2026-05-08T08:09:51.692902,11,1,4431.340249664094,1,LAND_B,4,0,1.0,0.13878773152828217,0.17837689816951752,0.11453861743211746,0.26964500546455383,0.01105237565934658,0,1,2.1145360469818115,-0.0007671257480978966,0.17837689816951752,https://wandb.ai/ememchijioke-university-of-klagenfurt/single-uav-rl-baseline/runs/sjth3aqr
2026-05-08T08:09:56.217252,12,2,4242.101619678816,1,LAND_B,4,0,1.0,0.1450086236000061,0.179294154047966,0.12140814960002899,0.2662927210330963,0.016148444265127182,0,1,2.1211657524108887,0.0076680430211126804,0.179294154047966,https://wandb.ai/ememchijioke-university-of-klagenfurt/single-uav-rl-baseline/runs/sjth3aqr
2026-05-08T08:10:00.969957,13,2,4249.641678028553,1,LAND_B,4,0,1.0,0.10469760000705719,0.17938373982906342,0.06826280057430267,0.2695271074771881,0.02560502476990223,0,1,2.067988872528076,0.006109227892011404,0.17938373982906342,https://wandb.ai/ememchijioke-university-of-klagenfurt/single-uav-rl-baseline/runs/sjth3aqr
2026-05-08T08:10:05.039940,14,2,4287.633662226248,1,LAND_B,4,0,1.0,0.13007503747940063,0.17887629568576813,0.10343135893344879,0.27198106050491333,0.016391180455684662,0,1,2.1033222675323486,-0.004749298561364412,0.17887629568576813,https://wandb.ai/ememchijioke-university-of-klagenfurt/single-uav-rl-baseline/runs/sjth3aqr
2026-05-08T08:10:09.102590,15,2,4266.886709580269,1,LAND_B,4,0,1.0,0.13933242857456207,0.1754055619239807,0.11716452986001968,0.2572582960128784,0.01894126832485199,0,1,2.117164373397827,-0.00018952942627947778,0.1754055619239807,https://wandb.ai/ememchijioke-university-of-klagenfurt/single-uav-rl-baseline/runs/sjth3aqr
2026-05-08T08:10:13.927188,16,2,4157.577127401647,1,LAND_B,4,0,1.0,0.1380753219127655,0.17468902468681335,0.11613070964813232,0.2576967775821686,0.01358752604573965,0,1,2.1160690784454346,0.0037830902729183435,0.17468902468681335,https://wandb.ai/ememchijioke-university-of-klagenfurt/single-uav-rl-baseline/runs/sjth3aqr
2026-05-08T08:10:18.789917,17,2,3938.831440977939,1,LAND_B,4,0,1.0,0.13462121784687042,0.17900912463665009,0.1089973971247673,0.2700454592704773,0.007332795765250921,0,1,2.1089160442352295,0.004210454877465963,0.17900912463665009,https://wandb.ai/ememchijioke-university-of-klagenfurt/single-uav-rl-baseline/runs/sjth3aqr
2026-05-08T08:10:23.310524,18,2,4053.0991487152646,1,LAND_B,4,0,1.0,0.13224218785762787,0.17517401278018951,0.1087973564863205,0.2521713972091675,0.029103958979249,0,1,2.108368396759033,0.009651662781834602,0.17517401278018951,https://wandb.ai/ememchijioke-university-of-klagenfurt/single-uav-rl-baseline/runs/sjth3aqr
2026-05-08T08:10:28.125529,19,2,3887.5836106554257,1,LAND_B,4,0,1.0,0.14568321406841278,0.1795397251844406,0.12205339223146439,0.2668739855289459,0.028171030804514885,0,1,2.1219961643218994,0.003737127175554633,0.1795397251844406,https://wandb.ai/ememchijioke-university-of-klagenfurt/single-uav-rl-baseline/runs/sjth3aqr
2026-05-08T08:10:31.688031,20,2,4135.087230683358,1,LAND_B,4,0,1.0,0.13493995368480682,0.17725321650505066,0.1106378361582756,0.2646116316318512,0.004046864807605743,0,1,2.110621452331543,-0.0019041236955672503,0.17725321650505066,https://wandb.ai/ememchijioke-university-of-klagenfurt/single-uav-rl-baseline/runs/sjth3aqr
2026-05-08T08:10:36.439109,21,2,4319.029363850485,1,LAND_B,4,0,1.0,0.143923819065094,0.1777673214673996,0.12110453844070435,0.26855164766311646,0.008663821965456009,0,1,2.12109375,0.0016163639957085252,0.1777673214673996,https://wandb.ai/ememchijioke-university-of-klagenfurt/single-uav-rl-baseline/runs/sjth3aqr
2026-05-08T08:10:41.176211,22,2,3964.6420681800496,1,LAND_B,4,0,1.0,0.14369213581085205,0.17838837206363678,0.12042713165283203,0.2700364887714386,0.017716536298394203,0,1,2.1204185485839844,-0.0014380323700606823,0.17838837206363678,https://wandb.ai/ememchijioke-university-of-klagenfurt/single-uav-rl-baseline/runs/sjth3aqr
2026-05-08T08:10:45.895797,23,2,4306.271888405806,1,LAND_B,4,0,1.0,0.13757209479808807,0.17971864342689514,0.11212055385112762,0.27080681920051575,0.022701788693666458,0,1,2.112116575241089,0.0009446546901017427,0.17971864342689514,https://wandb.ai/ememchijioke-university-of-klagenfurt/single-uav-rl-baseline/runs/sjth3aqr
2026-05-08T08:10:49.870178,24,3,4318.32473402667,1,LAND_B,4,0,1.0,0.13821932673454285,0.1794288605451584,0.11311780661344528,0.26822054386138916,0.012538516893982887,0,1,2.112900733947754,0.007004487328231335,0.1794288605451584,https://wandb.ai/ememchijioke-university-of-klagenfurt/single-uav-rl-baseline/runs/sjth3aqr
2026-05-08T08:10:54.362582,25,3,4215.144332620697,1,LAND_B,4,0,1.0,0.11401425302028656,0.179217129945755,0.08199936896562576,0.268322616815567,0.02308138832449913,0,1,2.0819802284240723,0.0017717269947752357,0.179217129945755,https://wandb.ai/ememchijioke-university-of-klagenfurt/single-uav-rl-baseline/runs/sjth3aqr
2026-05-08T08:10:57.829942,26,3,4236.760129289867,1,LAND_B,4,0,1.0,0.13498100638389587,0.1788509041070938,0.10955550521612167,0.2675475478172302,0.010044573806226254,0,1,2.1094493865966797,0.004820825532078743,0.1788509041070938,https://wandb.ai/ememchijioke-university-of-klagenfurt/single-uav-rl-baseline/runs/sjth3aqr
2026-05-08T08:11:02.173777,27,3,4273.105227635178,1,LAND_B,4,0,1.0,0.1401892602443695,0.17897067964076996,0.11583030223846436,0.26935702562332153,0.0057705980725586414,0,1,2.1157658100128174,-0.003864818485453725,0.17897067964076996,https://wandb.ai/ememchijioke-university-of-klagenfurt/single-uav-rl-baseline/runs/sjth3aqr
2026-05-08T08:11:06.618904,28,3,3893.5437260698764,1,LAND_B,4,0,1.0,0.13530375063419342,0.17482079565525055,0.11273398995399475,0.2580671012401581,0.007343403063714504,0,1,2.1127119064331055,-0.002231343649327755,0.17482079565525055,https://wandb.ai/ememchijioke-university-of-klagenfurt/single-uav-rl-baseline/runs/sjth3aqr
2026-05-08T08:11:11.005533,29,3,3895.4912417836604,1,LAND_B,4,0,1.0,0.14511282742023468,0.17609821259975433,0.1235588788986206,0.26002585887908936,0.014146517030894756,0,1,2.1235196590423584,-0.0031129373237490654,0.17609821259975433,https://wandb.ai/ememchijioke-university-of-klagenfurt/single-uav-rl-baseline/runs/sjth3aqr
2026-05-08T08:11:15.182339,30,3,3748.6957799892343,1,LAND_B,4,0,1.0,0.13692030310630798,0.17635339498519897,0.11365441232919693,0.2563719153404236,0.025247417390346527,0,1,2.1136434078216553,-0.0015817435923963785,0.17635339498519897,https://wandb.ai/ememchijioke-university-of-klagenfurt/single-uav-rl-baseline/runs/sjth3aqr
2026-05-08T08:11:20.067292,31,3,4064.085295798238,1,LAND_B,4,0,1.0,0.13769467175006866,0.17642486095428467,0.11453848332166672,0.2538294792175293,0.016490383073687553,0,1,2.1141958236694336,0.008853104896843433,0.17642486095428467,https://wandb.ai/ememchijioke-university-of-klagenfurt/single-uav-rl-baseline/runs/sjth3aqr
2026-05-08T08:11:25.255304,32,3,4146.363851554454,1,LAND_B,4,0,1.0,0.1364658921957016,0.17680837213993073,0.11279811710119247,0.24938906729221344,0.015447785146534443,0,1,2.112567186355591,0.007214166224002838,0.17680837213993073,https://wandb.ai/ememchijioke-university-of-klagenfurt/single-uav-rl-baseline/runs/sjth3aqr
2026-05-08T08:11:29.865761,33,3,4168.879481591957,1,LAND_B,4,0,1.0,0.13549597561359406,0.1757919043302536,0.11231539398431778,0.2505102753639221,0.007454409264028072,0,1,2.1123125553131104,-0.0007982543902471662,0.1757919043302536,https://wandb.ai/ememchijioke-university-of-klagenfurt/single-uav-rl-baseline/runs/sjth3aqr
2026-05-08T08:11:34.210467,34,3,4077.9266363795127,1,LAND_B,4,0,1.0,0.14136438071727753,0.17520906031131744,0.11969747394323349,0.25467821955680847,0.012798890471458435,0,1,2.1193583011627197,0.00900453794747591,0.17520906031131744,https://wandb.ai/ememchijioke-university-of-klagenfurt/single-uav-rl-baseline/runs/sjth3aqr
2026-05-08T08:11:38.320194,35,3,4039.3335621274377,1,LAND_B,4,0,1.0,0.1444810926914215,0.17512191832065582,0.12341589480638504,0.2539915442466736,0.02971869707107544,0,1,2.1232950687408447,-0.005459812935441732,0.17512191832065582,https://wandb.ai/ememchijioke-university-of-klagenfurt/single-uav-rl-baseline/runs/sjth3aqr
2026-05-08T08:11:43.226503,36,3,4217.59680420508,1,LAND_B,4,0,1.0,0.14760303497314453,0.17575186491012573,0.12668193876743317,0.2508390545845032,0.018904617056250572,0,1,2.1264705657958984,0.007314968388527632,0.17575186491012573,https://wandb.ai/ememchijioke-university-of-klagenfurt/single-uav-rl-baseline/runs/sjth3aqr
2026-05-08T08:11:47.625838,37,3,3895.174674863035,1,LAND_B,4,0,1.0,0.14227430522441864,0.17536930739879608,0.12067081779241562,0.25344404578208923,0.0064257048070430756,0,1,2.1205005645751953,0.00640772795304656,0.17536930739879608,https://wandb.ai/ememchijioke-university-of-klagenfurt/single-uav-rl-baseline/runs/sjth3aqr
2026-05-08T08:11:52.453432,38,3,3999.488804308052,1,LAND_B,4,0,1.0,0.14026935398578644,0.17486803233623505,0.11861816793680191,0.2551843523979187,0.01397962961345911,0,1,2.1183831691741943,-0.0074628801085054874,0.17486803233623505,https://wandb.ai/ememchijioke-university-of-klagenfurt/single-uav-rl-baseline/runs/sjth3aqr
2026-05-08T08:11:56.009436,39,3,4106.02787928793,1,LAND_B,4,0,1.0,0.14571793377399445,0.1755494326353073,0.12460337579250336,0.25430789589881897,0.002646136563271284,0,1,2.1245291233062744,0.004300884902477264,0.1755494326353073,https://wandb.ai/ememchijioke-university-of-klagenfurt/single-uav-rl-baseline/runs/sjth3aqr
2026-05-08T08:12:00.000825,40,3,4277.164505376242,1,LAND_B,4,0,1.0,0.13633808493614197,0.17610929906368256,0.11311697214841843,0.26063984632492065,0.006530726794153452,0,1,2.1130995750427246,0.001983991824090481,0.17610929906368256,https://wandb.ai/ememchijioke-university-of-klagenfurt/single-uav-rl-baseline/runs/sjth3aqr
2026-05-08T08:12:03.846644,41,3,3952.056415095327,1,LAND_B,4,0,1.0,0.1379883736371994,0.17757610976696014,0.11411720514297485,0.25473788380622864,0.009331253357231617,0,1,2.1138978004455566,-0.007073041517287493,0.17757610976696014,https://wandb.ai/ememchijioke-university-of-klagenfurt/single-uav-rl-baseline/runs/sjth3aqr
2026-05-08T08:12:07.632407,42,3,3774.8847372207997,1,LAND_B,4,0,1.0,0.1372574418783188,0.1751425862312317,0.11486164480447769,0.2558858394622803,0.017899509519338608,0,1,2.114773988723755,-0.004486359190195799,0.1751425862312317,https://wandb.ai/ememchijioke-university-of-klagenfurt/single-uav-rl-baseline/runs/sjth3aqr
2026-05-08T08:12:12.368097,43,3,4273.966437864995,1,LAND_B,4,0,1.0,0.13692228496074677,0.1759050041437149,0.1139567568898201,0.2536243498325348,0.021900005638599396,0,1,2.113889455795288,0.0039159515872597694,0.1759050041437149,https://wandb.ai/ememchijioke-university-of-klagenfurt/single-uav-rl-baseline/runs/sjth3aqr
2026-05-08T08:12:16.692641,44,3,3984.1475083645582,1,LAND_B,4,0,1.0,0.14298972487449646,0.17622151970863342,0.12098074704408646,0.2565755546092987,0.0030173701234161854,0,1,2.1208646297454834,-0.005299369338899851,0.17622151970863342,https://wandb.ai/ememchijioke-university-of-klagenfurt/single-uav-rl-baseline/runs/sjth3aqr
2026-05-08T08:12:20.542739,45,3,3851.686653418983,1,LAND_B,4,0,1.0,0.14292652904987335,0.17540277540683746,0.12141834199428558,0.25229907035827637,0.014340532943606377,0,1,2.1214001178741455,0.0021034174133092165,0.17540277540683746,https://wandb.ai/ememchijioke-university-of-klagenfurt/single-uav-rl-baseline/runs/sjth3aqr
2026-05-08T08:12:25.288665,46,3,3900.1599524474063,1,LAND_B,4,0,1.0,0.1368766725063324,0.17567701637744904,0.11405355483293533,0.2547610104084015,0.020852908492088318,0,1,2.1140503883361816,-0.0008499051909893751,0.17567701637744904,https://wandb.ai/ememchijioke-university-of-klagenfurt/single-uav-rl-baseline/runs/sjth3aqr
2026-05-08T08:12:29.126433,47,3,4214.021310768708,1,LAND_B,4,0,1.0,0.1393062323331833,0.17458637058734894,0.11765670776367188,0.2567084729671478,0.021951312199234962,0,1,2.117656707763672,-3.4619337384356186e-05,0.17458637058734894,https://wandb.ai/ememchijioke-university-of-klagenfurt/single-uav-rl-baseline/runs/sjth3aqr
2026-05-08T08:12:33.156601,48,3,4295.033488536754,1,LAND_B,4,0,1.0,0.139235720038414,0.1755090057849884,0.11698281019926071,0.2531099021434784,0.03352673724293709,0,1,2.116974115371704,-0.0014261531177908182,0.1755090057849884,https://wandb.ai/ememchijioke-university-of-klagenfurt/single-uav-rl-baseline/runs/sjth3aqr
2026-05-08T08:12:37.672698,49,3,4273.605854647917,1,LAND_B,4,0,1.0,0.14480289816856384,0.1747349053621292,0.12402650713920593,0.25340721011161804,0.005038202274590731,0,1,2.1238322257995605,0.006939296144992113,0.1747349053621292,https://wandb.ai/ememchijioke-university-of-klagenfurt/single-uav-rl-baseline/runs/sjth3aqr
2026-05-08T08:12:41.142086,50,3,3710.9709574345266,1,LAND_B,4,0,1.0,0.14152364432811737,0.17942743003368378,0.11713336408138275,0.2672750949859619,0.011477037332952023,0,1,2.1171164512634277,-0.001990704797208309,0.17942743003368378,https://wandb.ai/ememchijioke-university-of-klagenfurt/single-uav-rl-baseline/runs/sjth3aqr
2026-05-08T08:12:44.628214,51,3,3950.2339835185953,1,LAND_B,4,0,1.0,0.13481223583221436,0.17484527826309204,0.11212725192308426,0.2549184560775757,0.003471455303952098,0,1,2.1120152473449707,0.005010581575334072,0.17484527826309204,https://wandb.ai/ememchijioke-university-of-klagenfurt/single-uav-rl-baseline/runs/sjth3aqr
2026-05-08T08:12:49.315756,52,3,3903.4054951019584,1,LAND_B,4,0,1.0,0.1446228325366974,0.17536652088165283,0.12343278527259827,0.2512071430683136,0.012435251846909523,0,1,2.1232807636260986,0.0061242650263011456,0.17536652088165283,https://wandb.ai/ememchijioke-university-of-klagenfurt/single-uav-rl-baseline/runs/sjth3aqr
2026-05-08T08:12:55.001987,53,3,3943.1362319360246,1,LAND_B,4,0,1.0,0.1458595246076584,0.17579728364944458,0.12461850792169571,0.2540871500968933,0.02441294491291046,0,1,2.1246161460876465,-0.000767095887567848,0.17579728364944458,https://wandb.ai/ememchijioke-university-of-klagenfurt/single-uav-rl-baseline/runs/sjth3aqr
2026-05-08T08:12:59.595399,54,3,4284.745073320724,1,LAND_B,4,0,1.0,0.1453196108341217,0.17534852027893066,0.12425936013460159,0.25611716508865356,0.01088486798107624,0,1,2.124055862426758,0.007108576595783234,0.17534852027893066,https://wandb.ai/ememchijioke-university-of-klagenfurt/single-uav-rl-baseline/runs/sjth3aqr
2026-05-08T08:13:03.698652,55,3,4281.688281560167,1,LAND_B,4,0,1.0,0.13919025659561157,0.17597638070583344,0.11662554740905762,0.2537685036659241,0.019747348502278328,0,1,2.1162211894989014,0.0097033167257905,0.17597638070583344,https://wandb.ai/ememchijioke-university-of-klagenfurt/single-uav-rl-baseline/runs/sjth3aqr
2026-05-08T08:13:08.071761,56,3,4030.4863004521917,1,LAND_B,4,0,1.0,0.14728543162345886,0.1761472523212433,0.12607376277446747,0.25570690631866455,0.018696049228310585,0,1,2.126035451889038,0.003107730532065034,0.1761472523212433,https://wandb.ai/ememchijioke-university-of-klagenfurt/single-uav-rl-baseline/runs/sjth3aqr
2026-05-08T08:13:11.792590,57,3,4075.3617306207775,1,LAND_B,4,0,1.0,0.14544594287872314,0.1761237233877182,0.12393426895141602,0.25399890542030334,0.006432834081351757,0,1,2.1238667964935303,-0.004088941961526871,0.1761237233877182,https://wandb.ai/ememchijioke-university-of-klagenfurt/single-uav-rl-baseline/runs/sjth3aqr
2026-05-08T08:13:15.550649,58,3,4176.0939872293875,1,LAND_B,4,0,1.0,0.14212337136268616,0.1761956661939621,0.11997196823358536,0.2509700655937195,0.02623513713479042,0,1,2.1198110580444336,0.006211603060364723,0.1761956661939621,https://wandb.ai/ememchijioke-university-of-klagenfurt/single-uav-rl-baseline/runs/sjth3aqr
2026-05-08T08:13:19.468418,59,3,3827.451491469558,1,LAND_B,4,0,1.0,0.1360744833946228,0.17716827988624573,0.11207730323076248,0.2529599368572235,0.015952181071043015,0,1,2.1118414402008057,-0.007267273496836424,0.17716827988624573,https://wandb.ai/ememchijioke-university-of-klagenfurt/single-uav-rl-baseline/runs/sjth3aqr
2026-05-08T08:13:23.504224,60,3,3994.626283410505,1,LAND_B,4,0,1.0,0.13792257010936737,0.17724455893039703,0.11426248401403427,0.2525603771209717,0.005141535773873329,0,1,2.1141581535339355,0.004881635773926973,0.17724455893039703,https://wandb.ai/ememchijioke-university-of-klagenfurt/single-uav-rl-baseline/runs/sjth3aqr
2026-05-08T08:13:27.565703,61,3,4236.387177632584,1,LAND_B,4,0,1.0,0.14830482006072998,0.17602643370628357,0.12733539938926697,0.2563217878341675,0.019964322447776794,0,1,2.126927137374878,0.010188454762101173,0.17602643370628357,https://wandb.ai/ememchijioke-university-of-klagenfurt/single-uav-rl-baseline/runs/sjth3aqr
2026-05-08T08:13:31.466801,62,3,3928.8555908985936,1,LAND_B,4,0,1.0,0.1396927684545517,0.17636382579803467,0.11697279661893845,0.25323277711868286,0.007596706971526146,0,1,2.11674427986145,0.007308099418878555,0.17636382579803467,https://wandb.ai/ememchijioke-university-of-klagenfurt/single-uav-rl-baseline/runs/sjth3aqr
2026-05-08T08:13:36.437810,63,3,3672.0748914201176,1,LAND_B,4,0,1.0,0.13930276036262512,0.17644593119621277,0.1164529100060463,0.25847864151000977,0.0045385523699223995,0,1,2.116447687149048,-0.0011024107225239277,0.17644593119621277,https://wandb.ai/ememchijioke-university-of-klagenfurt/single-uav-rl-baseline/runs/sjth3aqr
2026-05-08T08:13:40.387327,64,3,4023.2377870824425,1,LAND_B,4,0,1.0,0.148821160197258,0.1761130690574646,0.1278848648071289,0.25712108612060547,0.022143295034766197,0,1,2.127880334854126,-0.0010772126261144876,0.1761130690574646,https://wandb.ai/ememchijioke-university-of-klagenfurt/single-uav-rl-baseline/runs/sjth3aqr
2026-05-08T08:13:44.178226,65,3,4132.074401068726,1,LAND_B,4,0,1.0,0.13894136250019073,0.17670169472694397,0.11585143208503723,0.2532368302345276,0.022658037021756172,0,1,2.115828514099121,-0.002304288325831294,0.17670169472694397,https://wandb.ai/ememchijioke-university-of-klagenfurt/single-uav-rl-baseline/runs/sjth3aqr
2026-05-08T08:13:47.850760,66,3,4273.088508106896,1,LAND_B,4,0,1.0,0.13958045840263367,0.177411749958992,0.1161469966173172,0.24936839938163757,0.010072140023112297,0,1,2.1157922744750977,-0.009070497937500477,0.177411749958992,https://wandb.ai/ememchijioke-university-of-klagenfurt/single-uav-rl-baseline/runs/sjth3aqr
2026-05-08T08:13:52.511907,67,3,4013.5892133829216,1,LAND_B,4,0,1.0,0.13956870138645172,0.1763211339712143,0.11685249954462051,0.2528996169567108,0.0157486479729414,0,1,2.116828441619873,-0.0023712243419140577,0.1763211339712143,https://wandb.ai/ememchijioke-university-of-klagenfurt/single-uav-rl-baseline/runs/sjth3aqr
2026-05-08T08:13:56.123387,68,3,4005.0463905506604,1,LAND_B,4,0,1.0,0.14089173078536987,0.17675481736660004,0.11814896762371063,0.25226008892059326,0.011317824013531208,0,1,2.1179633140563965,0.006620821077376604,0.17675481736660004,https://wandb.ai/ememchijioke-university-of-klagenfurt/single-uav-rl-baseline/runs/sjth3aqr
2026-05-08T08:13:59.725900,69,3,3910.895749391539,1,LAND_B,4,0,1.0,0.14031679928302765,0.17674598097801208,0.11746855080127716,0.254594087600708,0.031079530715942383,0,1,2.117424726486206,-0.003208572044968605,0.17674598097801208,https://wandb.ai/ememchijioke-university-of-klagenfurt/single-uav-rl-baseline/runs/sjth3aqr
2026-05-08T08:14:03.415224,70,3,3996.1089043332327,1,LAND_B,4,0,1.0,0.1409289538860321,0.17666395008563995,0.11825230717658997,0.2555616497993469,0.026106301695108414,0,1,2.1179940700531006,0.007810726761817932,0.17666395008563995,https://wandb.ai/ememchijioke-university-of-klagenfurt/single-uav-rl-baseline/runs/sjth3aqr
2026-05-08T08:14:06.909964,71,3,4284.770759095303,1,LAND_B,4,0,1.0,0.14028264582157135,0.1764623075723648,0.11761265248060226,0.2531009018421173,0.017016669735312462,0,1,2.117516040802002,0.004766263533383608,0.1764623075723648,https://wandb.ai/ememchijioke-university-of-klagenfurt/single-uav-rl-baseline/runs/sjth3aqr
2026-05-08T08:14:10.482093,72,3,3779.4600470800465,1,LAND_B,4,0,1.0,0.13810473680496216,0.17682522535324097,0.11476411670446396,0.25725358724594116,0.018530206754803658,0,1,2.1146135330200195,-0.005877173040062189,0.17682522535324097,https://wandb.ai/ememchijioke-university-of-klagenfurt/single-uav-rl-baseline/runs/sjth3aqr
2026-05-08T08:14:14.008271,73,3,4040.1008981911064,1,LAND_B,4,0,1.0,0.13977371156215668,0.17603912949562073,0.11728060990571976,0.25326552987098694,0.019137179479002953,0,1,2.117238759994507,-0.0031328375916928053,0.17603912949562073,https://wandb.ai/ememchijioke-university-of-klagenfurt/single-uav-rl-baseline/runs/sjth3aqr
2026-05-08T08:14:17.790349,74,3,3999.4351614919788,1,LAND_B,4,0,1.0,0.14343979954719543,0.17741906642913818,0.12075291574001312,0.2492002695798874,0.003701716661453247,0,1,2.1206281185150146,-0.00548839196562767,0.17741906642913818,https://wandb.ai/ememchijioke-university-of-klagenfurt/single-uav-rl-baseline/runs/sjth3aqr
2026-05-08T08:14:22.411020,75,3,4090.854047597782,1,LAND_B,4,0,1.0,0.14250190556049347,0.17758655548095703,0.11952873319387436,0.25235795974731445,0.006270273122936487,0,1,2.119386911392212,0.005820993334054947,0.17758655548095703,https://wandb.ai/ememchijioke-university-of-klagenfurt/single-uav-rl-baseline/runs/sjth3aqr
2026-05-08T08:14:26.251198,76,3,3705.222417904492,1,LAND_B,4,0,1.0,0.13991108536720276,0.17648373544216156,0.11715523898601532,0.26325955986976624,0.011660896241664886,0,1,2.1171088218688965,-0.003297626506537199,0.17648373544216156,https://wandb.ai/ememchijioke-university-of-klagenfurt/single-uav-rl-baseline/runs/sjth3aqr
2026-05-08T08:14:30.013419,77,3,3924.1340591375015,1,LAND_B,4,0,1.0,0.14128358662128448,0.17661571502685547,0.1187058836221695,0.25490736961364746,0.022330034524202347,0,1,2.118389844894409,0.008656291291117668,0.17661571502685547,https://wandb.ai/ememchijioke-university-of-klagenfurt/single-uav-rl-baseline/runs/sjth3aqr
2026-05-08T08:14:34.432536,78,3,4186.181793462704,1,LAND_B,4,0,1.0,0.1383626013994217,0.17739585041999817,0.11469130218029022,0.2521098554134369,0.024810099974274635,0,1,2.1145713329315186,0.0052444408647716045,0.17739585041999817,https://wandb.ai/ememchijioke-university-of-klagenfurt/single-uav-rl-baseline/runs/sjth3aqr
2026-05-08T08:14:38.659594,79,3,3828.160788334993,1,LAND_B,4,0,1.0,0.14723896980285645,0.17743396759033203,0.12523296475410461,0.25247427821159363,0.007939308881759644,0,1,2.125119686126709,0.005325410980731249,0.17743396759033203,https://wandb.ai/ememchijioke-university-of-klagenfurt/single-uav-rl-baseline/runs/sjth3aqr
2026-05-08T08:14:43.213202,80,3,3815.16001197283,1,LAND_B,4,0,1.0,0.1417885571718216,0.17678023874759674,0.11920063197612762,0.25580641627311707,0.015351179987192154,0,1,2.1191976070404053,0.0008498464012518525,0.17678023874759674,https://wandb.ai/ememchijioke-university-of-klagenfurt/single-uav-rl-baseline/runs/sjth3aqr
2026-05-08T08:14:47.650275,81,3,3638.5808564254467,1,LAND_B,4,0,1.0,0.13750393688678741,0.17645977437496185,0.11428577452898026,0.24951259791851044,0.007648826576769352,0,1,2.114060640335083,-0.007169958204030991,0.17645977437496185,https://wandb.ai/ememchijioke-university-of-klagenfurt/single-uav-rl-baseline/runs/sjth3aqr
2026-05-08T08:14:51.507669,82,3,4072.6198817763357,1,LAND_B,4,0,1.0,0.14260037243366241,0.17573007941246033,0.12082972377538681,0.25402531027793884,0.02182590216398239,0,1,2.1207919120788574,0.003022539895027876,0.17573007941246033,https://wandb.ai/ememchijioke-university-of-klagenfurt/single-uav-rl-baseline/runs/sjth3aqr
2026-05-08T08:14:55.504609,83,3,3726.524856533299,1,LAND_B,4,0,1.0,0.13433554768562317,0.17692609131336212,0.11012908071279526,0.25487813353538513,0.02801562286913395,0,1,2.109987258911133,0.005587202496826649,0.17692609131336212,https://wandb.ai/ememchijioke-university-of-klagenfurt/single-uav-rl-baseline/runs/sjth3aqr
2026-05-08T08:14:59.875925,84,3,3880.6852159218724,1,LAND_B,4,0,1.0,0.13483554124832153,0.17680716514587402,0.1108209490776062,0.2598501145839691,0.01934172585606575,0,1,2.1106278896331787,0.006538629997521639,0.17680716514587402,https://wandb.ai/ememchijioke-university-of-klagenfurt/single-uav-rl-baseline/runs/sjth3aqr
2026-05-08T08:15:04.090166,85,3,3803.455935844918,1,LAND_B,4,0,1.0,0.14380350708961487,0.17679229378700256,0.12158285826444626,0.25466516613960266,0.029039839282631874,0,1,2.1213266849517822,0.00788842886686325,0.17679229378700256,https://wandb.ai/ememchijioke-university-of-klagenfurt/single-uav-rl-baseline/runs/sjth3aqr
2026-05-08T08:15:07.737775,86,3,4012.7309931118834,1,LAND_B,4,0,1.0,0.13649538159370422,0.17614568769931793,0.11328205466270447,0.25219208002090454,0.011213377118110657,0,1,2.1132116317749023,-0.003993856720626354,0.17614568769931793,https://wandb.ai/ememchijioke-university-of-klagenfurt/single-uav-rl-baseline/runs/sjth3aqr
2026-05-08T08:15:12.199138,87,3,3774.646200027847,1,LAND_B,4,0,1.0,0.14160864055156708,0.17721183598041534,0.11870694905519485,0.2510509788990021,0.02152104116976261,0,1,2.118593454360962,0.005189649760723114,0.17721183598041534,https://wandb.ai/ememchijioke-university-of-klagenfurt/single-uav-rl-baseline/runs/sjth3aqr
2026-05-08T08:15:16.235499,88,3,3991.693768941006,1,LAND_B,4,0,1.0,0.1449320763349533,0.17703573405742645,0.12276320904493332,0.25630655884742737,0.025389252230525017,0,1,2.122758388519287,0.001087982440367341,0.17703573405742645,https://wandb.ai/ememchijioke-university-of-klagenfurt/single-uav-rl-baseline/runs/sjth3aqr
2026-05-08T08:15:21.152819,89,3,3840.8013529842556,1,LAND_B,4,0,1.0,0.13990959525108337,0.17711903154850006,0.11673623323440552,0.25614190101623535,0.004913902375847101,0,1,2.116708517074585,-0.0025437986478209496,0.17711903154850006,https://wandb.ai/ememchijioke-university-of-klagenfurt/single-uav-rl-baseline/runs/sjth3aqr
2026-05-08T08:15:25.426652,90,3,3738.455829160776,1,LAND_B,4,0,1.0,0.14202724397182465,0.1778004765510559,0.11882266402244568,0.2515263557434082,0.013677837327122688,0,1,2.1188080310821533,0.001864692778326571,0.1778004765510559,https://wandb.ai/ememchijioke-university-of-klagenfurt/single-uav-rl-baseline/runs/sjth3aqr
2026-05-08T08:15:29.407776,91,3,4113.478369704196,1,LAND_B,4,0,1.0,0.14102350175380707,0.1781269609928131,0.11740445345640182,0.2480543702840805,0.014906700700521469,0,1,2.117398977279663,-0.0011340838391333818,0.1781269609928131,https://wandb.ai/ememchijioke-university-of-klagenfurt/single-uav-rl-baseline/runs/sjth3aqr
2026-05-08T08:15:34.148423,92,3,3942.549748298484,1,LAND_B,4,0,1.0,0.14311572909355164,0.17733880877494812,0.12041936069726944,0.2524341344833374,0.01911231316626072,0,1,2.1203367710113525,-0.004459246061742306,0.17733880877494812,https://wandb.ai/ememchijioke-university-of-klagenfurt/single-uav-rl-baseline/runs/sjth3aqr
2026-05-08T08:15:39.111602,93,3,3968.466322344965,1,LAND_B,4,0,1.0,0.14397169649600983,0.17693015933036804,0.12169469892978668,0.2567801773548126,0.009305302985012531,0,1,2.12166690826416,-0.002600668463855982,0.17693015933036804,https://wandb.ai/ememchijioke-university-of-klagenfurt/single-uav-rl-baseline/runs/sjth3aqr
2026-05-08T08:15:43.977191,94,3,3871.897488613554,1,LAND_B,4,0,1.0,0.1403287649154663,0.1767210066318512,0.11749915778636932,0.24792514741420746,0.01029939204454422,0,1,2.1173958778381348,-0.0049253846518695354,0.1767210066318512,https://wandb.ai/ememchijioke-university-of-klagenfurt/single-uav-rl-baseline/runs/sjth3aqr
2026-05-08T08:15:48.446859,95,3,3817.076517921316,1,LAND_B,4,0,1.0,0.14369863271713257,0.17583246529102325,0.1220603734254837,0.2508541941642761,0.006201030220836401,0,1,2.122037649154663,0.0023550130426883698,0.17583246529102325,https://wandb.ai/ememchijioke-university-of-klagenfurt/single-uav-rl-baseline/runs/sjth3aqr
2026-05-08T08:15:52.793947,96,3,3740.9015527251768,1,LAND_B,4,0,1.0,0.1467786580324173,0.17499108612537384,0.12617571651935577,0.2531203627586365,0.024403102695941925,0,1,2.126044511795044,0.005752530414611101,0.17499108612537384,https://wandb.ai/ememchijioke-university-of-klagenfurt/single-uav-rl-baseline/runs/sjth3aqr
2026-05-08T08:15:57.586882,97,3,3696.5990049712454,1,LAND_B,4,0,1.0,0.14464952051639557,0.1748458594083786,0.12378037720918655,0.25647932291030884,0.010180293582379818,0,1,2.123605966567993,-0.006568563170731068,0.1748458594083786,https://wandb.ai/ememchijioke-university-of-klagenfurt/single-uav-rl-baseline/runs/sjth3aqr
2026-05-08T08:16:02.491934,98,3,3808.647970748327,1,LAND_B,4,0,1.0,0.1471678763628006,0.1797921061515808,0.12365922331809998,0.2698405981063843,0.02444896101951599,0,1,2.123509407043457,0.006085267290472984,0.1797921061515808,https://wandb.ai/ememchijioke-university-of-klagenfurt/single-uav-rl-baseline/runs/sjth3aqr
2026-05-08T08:16:07.135614,99,3,3767.5875214279426,1,LAND_B,4,0,1.0,0.139142706990242,0.179554283618927,0.11415693908929825,0.2708567976951599,0.012179442681372166,0,1,2.114149808883667,-0.0012760349782183766,0.179554283618927,https://wandb.ai/ememchijioke-university-of-klagenfurt/single-uav-rl-baseline/runs/sjth3aqr
2026-05-08T08:16:11.998997,100,3,4019.721564717943,1,LAND_B,4,0,1.0,0.1439095288515091,0.17548194527626038,0.12252521514892578,0.25241902470588684,0.017471345141530037,0,1,2.1224472522735596,0.004370221868157387,0.17548194527626038,https://wandb.ai/ememchijioke-university-of-klagenfurt/single-uav-rl-baseline/runs/sjth3aqr
2026-05-08T08:16:16.123484,101,3,4083.872543655714,1,LAND_B,4,0,1.0,0.14312586188316345,0.1746794730424881,0.12209828197956085,0.2551761865615845,0.01719399355351925,0,1,2.122049570083618,-0.003448615549132228,0.1746794730424881,https://wandb.ai/ememchijioke-university-of-klagenfurt/single-uav-rl-baseline/runs/sjth3aqr
2026-05-08T08:16:21.033961,102,3,4003.112993517224,1,LAND_B,4,0,1.0,0.14078646898269653,0.17587177455425262,0.1185930073261261,0.2547929584980011,0.018034663051366806,0,1,2.1185901165008545,-0.0008285352378152311,0.17587177455425262,https://wandb.ai/ememchijioke-university-of-klagenfurt/single-uav-rl-baseline/runs/sjth3aqr
2026-05-08T08:16:25.930192,103,3,4149.597011579613,1,LAND_B,4,0,1.0,0.13437989354133606,0.17466332018375397,0.11172888427972794,0.25678518414497375,0.01506083831191063,0,1,2.111724853515625,-0.000949542096350342,0.17466332018375397,https://wandb.ai/ememchijioke-university-of-klagenfurt/single-uav-rl-baseline/runs/sjth3aqr
2026-05-08T08:16:29.637531,104,3,4290.124316125558,1,LAND_B,4,0,1.0,0.1341673582792282,0.17498987913131714,0.11125374585390091,0.25479573011398315,0.014195551164448261,0,1,2.111241102218628,0.0016772715607658029,0.17498987913131714,https://wandb.ai/ememchijioke-university-of-klagenfurt/single-uav-rl-baseline/runs/sjth3aqr
2026-05-08T08:16:33.492398,105,3,3700.387584655876,1,LAND_B,4,0,1.0,0.1365453451871872,0.17549754679203033,0.11377501487731934,0.25006943941116333,0.019924702122807503,0,1,2.11375093460083,-0.002340656239539385,0.17549754679203033,https://wandb.ai/ememchijioke-university-of-klagenfurt/single-uav-rl-baseline/runs/sjth3aqr
2026-05-08T08:16:37.264522,106,3,3799.539676921408,1,LAND_B,4,0,1.0,0.14154434204101562,0.1750139445066452,0.12003210932016373,0.2522939145565033,0.00659536849707365,0,1,2.1200315952301025,0.00035180157283321023,0.1750139445066452,https://wandb.ai/ememchijioke-university-of-klagenfurt/single-uav-rl-baseline/runs/sjth3aqr
2026-05-08T08:16:42.236126,107,3,3797.455584587183,1,LAND_B,4,0,1.0,0.13836155831813812,0.17492134869098663,0.11632159352302551,0.25349143147468567,0.007319326978176832,0,1,2.115939140319824,0.009424918331205845,0.17492134869098663,https://wandb.ai/ememchijioke-university-of-klagenfurt/single-uav-rl-baseline/runs/sjth3aqr
2026-05-08T08:16:46.268959,108,3,4009.656963388927,1,LAND_B,4,0,1.0,0.13813327252864838,0.17503026127815247,0.11597956717014313,0.2570072114467621,0.006815546192228794,0,1,2.115933895111084,-0.003254616865888238,0.17503026127815247,https://wandb.ai/ememchijioke-university-of-klagenfurt/single-uav-rl-baseline/runs/sjth3aqr
2026-05-08T08:16:51.550601,109,3,3878.1252246082913,1,LAND_B,4,0,1.0,0.1432160884141922,0.17506015300750732,0.12197057902812958,0.2540130317211151,0.019638542085886,0,1,2.1219265460968018,0.003277132287621498,0.17506015300750732,https://wandb.ai/ememchijioke-university-of-klagenfurt/single-uav-rl-baseline/runs/sjth3aqr
2026-05-08T08:16:56.492822,110,3,3653.224763591989,1,LAND_B,4,0,1.0,0.14669305086135864,0.17555354535579681,0.12573987245559692,0.26005515456199646,0.013223356567323208,0,1,2.1257388591766357,0.0005049051833339036,0.17555354535579681,https://wandb.ai/ememchijioke-university-of-klagenfurt/single-uav-rl-baseline/runs/sjth3aqr
2026-05-08T08:17:00.658633,111,3,4120.653821289833,1,LAND_B,4,0,1.0,0.14065992832183838,0.1751634180545807,0.11889354884624481,0.25684788823127747,0.0111610796302557,0,1,2.1188364028930664,0.003685904899612069,0.1751634180545807,https://wandb.ai/ememchijioke-university-of-klagenfurt/single-uav-rl-baseline/runs/sjth3aqr
2026-05-08T08:17:05.282252,112,3,3958.203159887817,1,LAND_B,4,0,1.0,0.14474272727966309,0.17498129606246948,0.12380737066268921,0.2536579370498657,0.00993472058326006,0,1,2.1235926151275635,-0.007289061322808266,0.17498129606246948,https://wandb.ai/ememchijioke-university-of-klagenfurt/single-uav-rl-baseline/runs/sjth3aqr
2026-05-08T08:17:09.382749,113,3,4051.8219810789647,1,LAND_B,4,0,1.0,0.14163245260715485,0.17527659237384796,0.11997160315513611,0.2609770894050598,0.012217293493449688,0,1,2.1199533939361572,-0.0020902142859995365,0.17527659237384796,https://wandb.ai/ememchijioke-university-of-klagenfurt/single-uav-rl-baseline/runs/sjth3aqr
2026-05-08T08:17:13.746948,114,3,3747.1427352585238,1,LAND_B,4,0,1.0,0.13913178443908691,0.1761152148246765,0.11646512895822525,0.25539466738700867,0.006157678086310625,0,1,2.1164650917053223,9.786304872250184e-05,0.1761152148246765,https://wandb.ai/ememchijioke-university-of-klagenfurt/single-uav-rl-baseline/runs/sjth3aqr
2026-05-08T08:17:17.470144,115,3,3851.018167043473,1,LAND_B,4,0,1.0,0.1411397010087967,0.17481417953968048,0.11967979371547699,0.253205269575119,0.009020945988595486,0,1,2.1196084022521973,-0.004133205860853195,0.17481417953968048,https://wandb.ai/ememchijioke-university-of-klagenfurt/single-uav-rl-baseline/runs/sjth3aqr
2026-05-08T08:17:21.181013,116,3,4284.23306700561,1,LAND_B,4,0,1.0,0.13524720072746277,0.17599713802337646,0.11187601089477539,0.25554531812667847,0.0024377962108701468,0,1,2.111798048019409,-0.0041759926825761795,0.17599713802337646,https://wandb.ai/ememchijioke-university-of-klagenfurt/single-uav-rl-baseline/runs/sjth3aqr
2026-05-08T08:17:25.746370,117,3,3718.418358290994,1,LAND_B,4,0,1.0,0.14520618319511414,0.1766294687986374,0.12334002554416656,0.25051942467689514,0.008542830124497414,0,1,2.1232872009277344,-0.003609391627833247,0.1766294687986374,https://wandb.ai/ememchijioke-university-of-klagenfurt/single-uav-rl-baseline/runs/sjth3aqr
2026-05-08T08:17:29.561158,118,3,4029.376390713487,1,LAND_B,4,0,1.0,0.13492132723331451,0.1766158491373062,0.11105752736330032,0.24921788275241852,0.023269178345799446,0,1,2.1110575199127197,4.0893457480706275e-05,0.1766158491373062,https://wandb.ai/ememchijioke-university-of-klagenfurt/single-uav-rl-baseline/runs/sjth3aqr
2026-05-08T08:17:34.795602,119,3,3766.3775353672136,1,LAND_B,4,0,1.0,0.1456049531698227,0.17630286514759064,0.12401077896356583,0.25387898087501526,0.003947700373828411,0,1,2.123704433441162,0.008711293339729309,0.17630286514759064,https://wandb.ai/ememchijioke-university-of-klagenfurt/single-uav-rl-baseline/runs/sjth3aqr
2026-05-08T08:17:38.835120,120,3,4280.189667872273,1,LAND_B,4,0,1.0,0.14615528285503387,0.1767595261335373,0.12437580525875092,0.25330016016960144,0.01860341988503933,0,1,2.1238205432891846,0.011739413253962994,0.1767595261335373,https://wandb.ai/ememchijioke-university-of-klagenfurt/single-uav-rl-baseline/runs/sjth3aqr
2026-05-08T08:17:44.657248,121,3,3666.736086045056,1,LAND_B,4,0,1.0,0.14149630069732666,0.17572513222694397,0.11952786147594452,0.25969198346138,0.014166062697768211,0,1,2.1194772720336914,0.003477097023278475,0.17572513222694397,https://wandb.ai/ememchijioke-university-of-klagenfurt/single-uav-rl-baseline/runs/sjth3aqr
2026-05-08T08:17:49.615159,122,3,3902.1448386047377,1,LAND_B,4,0,1.0,0.14413106441497803,0.17553915083408356,0.12275015562772751,0.25302961468696594,0.0032124456483870745,0,1,2.1227500438690186,-0.00016714772209525108,0.17553915083408356,https://wandb.ai/ememchijioke-university-of-klagenfurt/single-uav-rl-baseline/runs/sjth3aqr
2026-05-08T08:17:54.000259,123,3,3688.4478356145937,1,LAND_B,4,0,1.0,0.13960982859134674,0.17516103386878967,0.11765085160732269,0.2547658085823059,0.017611820250749588,0,1,2.1176247596740723,-0.0024777704384177923,0.17516103386878967,https://wandb.ai/ememchijioke-university-of-klagenfurt/single-uav-rl-baseline/runs/sjth3aqr
2026-05-08T08:17:57.857723,124,3,3932.7279755114932,1,LAND_B,4,0,1.0,0.13751913607120514,0.1748919039964676,0.11533740162849426,0.25675147771835327,0.01607573963701725,0,1,2.1149892807006836,0.008954374119639397,0.1748919039964676,https://wandb.ai/ememchijioke-university-of-klagenfurt/single-uav-rl-baseline/runs/sjth3aqr
2026-05-08T08:18:01.972939,125,3,4092.81824559689,1,LAND_B,4,0,1.0,0.1386002004146576,0.17629678547382355,0.1157100573182106,0.25074002146720886,0.006054709665477276,0,1,2.115699052810669,-0.0015956588322296739,0.17629678547382355,https://wandb.ai/ememchijioke-university-of-klagenfurt/single-uav-rl-baseline/runs/sjth3aqr
2026-05-08T08:18:05.993134,126,3,3821.342814113939,1,LAND_B,4,0,1.0,0.14664098620414734,0.1770918369293213,0.12474144995212555,0.2567867636680603,0.03510908782482147,0,1,2.1244730949401855,-0.008177880197763443,0.1770918369293213,https://wandb.ai/ememchijioke-university-of-klagenfurt/single-uav-rl-baseline/runs/sjth3aqr
2026-05-08T08:18:09.665855,127,3,3845.6802643972437,1,LAND_B,4,0,1.0,0.1383473128080368,0.17705465853214264,0.11490239202976227,0.25330156087875366,0.015035384334623814,0,1,2.114894151687622,0.001376118860207498,0.17705465853214264,https://wandb.ai/ememchijioke-university-of-klagenfurt/single-uav-rl-baseline/runs/sjth3aqr
2026-05-08T08:18:13.379800,128,3,3728.1017947403866,1,LAND_B,4,0,1.0,0.1394258290529251,0.17708921432495117,0.11617579311132431,0.2550503611564636,0.015797629952430725,0,1,2.1160953044891357,0.004323667846620083,0.17708921432495117,https://wandb.ai/ememchijioke-university-of-klagenfurt/single-uav-rl-baseline/runs/sjth3aqr
2026-05-08T08:18:17.415557,129,3,3950.549174714136,1,LAND_B,4,0,1.0,0.13718147575855255,0.17767685651779175,0.11307106167078018,0.24963431060314178,0.019363733008503914,0,1,2.1130645275115967,0.0012157016899436712,0.17767685651779175,https://wandb.ai/ememchijioke-university-of-klagenfurt/single-uav-rl-baseline/runs/sjth3aqr
2026-05-08T08:18:21.079558,130,3,4051.297038052647,1,LAND_B,4,0,1.0,0.13733318448066711,0.17699280381202698,0.11372120678424835,0.24860991537570953,0.018498748540878296,0,1,2.1136603355407715,-0.0037203954998403788,0.17699280381202698,https://wandb.ai/ememchijioke-university-of-klagenfurt/single-uav-rl-baseline/runs/sjth3aqr
2026-05-08T08:18:24.909595,131,3,4276.2266273083615,1,LAND_B,4,0,1.0,0.1486741602420807,0.1768583506345749,0.12726666033267975,0.2516608238220215,0.003564294660463929,0,1,2.1270029544830322,0.008188444189727306,0.1768583506345749,https://wandb.ai/ememchijioke-university-of-klagenfurt/single-uav-rl-baseline/runs/sjth3aqr
2026-05-08T08:18:28.627144,132,3,4015.8891241059678,1,LAND_B,4,0,1.0,0.14716586470603943,0.17791013419628143,0.12485112994909286,0.2544151842594147,0.03504783287644386,0,1,2.124823808670044,0.0026116748340427876,0.17791013419628143,https://wandb.ai/ememchijioke-university-of-klagenfurt/single-uav-rl-baseline/runs/sjth3aqr
2026-05-08T08:18:32.221396,133,3,3788.188226133964,1,LAND_B,4,0,1.0,0.137307807803154,0.17748333513736725,0.113356813788414,0.2575090527534485,0.024214914068579674,0,1,2.1133534908294678,-0.0008679601014591753,0.17748333513736725,https://wandb.ai/ememchijioke-university-of-klagenfurt/single-uav-rl-baseline/runs/sjth3aqr
2026-05-08T08:18:36.291537,134,3,4069.2502795950504,1,LAND_B,4,0,1.0,0.14952212572097778,0.17779406905174255,0.12769082188606262,0.25198352336883545,0.0260353721678257,0,1,2.1276495456695557,0.003246622160077095,0.17779406905174255,https://wandb.ai/ememchijioke-university-of-klagenfurt/single-uav-rl-baseline/runs/sjth3aqr
2026-05-08T08:18:39.667975,135,3,3953.9427946128108,1,LAND_B,4,0,1.0,0.13987430930137634,0.17720526456832886,0.11663690954446793,0.25600215792655945,0.025079971179366112,0,1,2.1164896488189697,0.005859178490936756,0.17720526456832886,https://wandb.ai/ememchijioke-university-of-klagenfurt/single-uav-rl-baseline/runs/sjth3aqr
2026-05-08T08:18:43.306526,136,3,3964.418350178004,1,LAND_B,4,0,1.0,0.15000131726264954,0.17733438313007355,0.12852934002876282,0.258737176656723,0.01155374851077795,0,1,2.1284589767456055,-0.004252269864082336,0.17733438313007355,https://wandb.ai/ememchijioke-university-of-klagenfurt/single-uav-rl-baseline/runs/sjth3aqr
2026-05-08T08:18:47.985267,137,3,3780.894536243441,1,LAND_B,4,0,1.0,0.1434948742389679,0.1779714822769165,0.1204625591635704,0.25561854243278503,0.022639520466327667,0,1,2.120454788208008,-0.0013683701399713755,0.1779714822769165,https://wandb.ai/ememchijioke-university-of-klagenfurt/single-uav-rl-baseline/runs/sjth3aqr
2026-05-08T08:18:52.549008,138,3,4273.053970511628,1,LAND_B,4,0,1.0,0.13970303535461426,0.17738373577594757,0.1163129210472107,0.257048100233078,0.008161835372447968,0,1,2.1162471771240234,0.0039103212766349316,0.17738373577594757,https://wandb.ai/ememchijioke-university-of-klagenfurt/single-uav-rl-baseline/runs/sjth3aqr
2026-05-08T08:18:57.314099,139,3,3981.12101349733,1,LAND_B,4,0,1.0,0.14830903708934784,0.17677223682403564,0.1268920749425888,0.25949209928512573,0.016192490234971046,0,1,2.126682758331299,0.0072852992452681065,0.17677223682403564,https://wandb.ai/ememchijioke-university-of-klagenfurt/single-uav-rl-baseline/runs/sjth3aqr
2026-05-08T08:19:01.405915,140,3,4042.1731234909735,1,LAND_B,4,0,1.0,0.14636169373989105,0.17729271948337555,0.12428829818964005,0.2565664052963257,0.015110415406525135,0,1,2.1242854595184326,0.0008399416692554951,0.17729271948337555,https://wandb.ai/ememchijioke-university-of-klagenfurt/single-uav-rl-baseline/runs/sjth3aqr
2026-05-08T08:19:05.400307,141,3,4162.70917764271,1,LAND_B,4,0,1.0,0.1406768560409546,0.17656823992729187,0.1180139109492302,0.2578445374965668,0.012649700045585632,0,1,2.117832899093628,0.006533925421535969,0.17656823992729187,https://wandb.ai/ememchijioke-university-of-klagenfurt/single-uav-rl-baseline/runs/sjth3aqr
2026-05-08T08:19:09.498913,142,3,3707.5271021646267,1,LAND_B,4,0,1.0,0.13605323433876038,0.17722328007221222,0.11201360076665878,0.26044362783432007,0.01162581704556942,0,1,2.111783742904663,-0.0071721915155649185,0.17722328007221222,https://wandb.ai/ememchijioke-university-of-klagenfurt/single-uav-rl-baseline/runs/sjth3aqr
2026-05-08T08:19:12.951210,143,3,4141.210096353578,1,LAND_B,4,0,1.0,0.13653238117694855,0.177484929561615,0.11241519451141357,0.2522883713245392,0.032404087483882904,0,1,2.1123929023742676,0.002238725544884801,0.177484929561615,https://wandb.ai/ememchijioke-university-of-klagenfurt/single-uav-rl-baseline/runs/sjth3aqr
2026-05-08T08:19:16.900194,144,3,3941.9928771632894,1,LAND_B,4,0,1.0,0.15241922438144684,0.17760136723518372,0.13118554651737213,0.25346243381500244,0.008358515799045563,0,1,2.131152391433716,-0.002948939334601164,0.17760136723518372,https://wandb.ai/ememchijioke-university-of-klagenfurt/single-uav-rl-baseline/runs/sjth3aqr
2026-05-08T08:19:21.464753,145,3,3956.7053910030613,1,LAND_B,4,0,1.0,0.15080678462982178,0.17715521156787872,0.12957529723644257,0.2487359642982483,0.011805720627307892,0,1,2.1294212341308594,0.006316966377198696,0.17715521156787872,https://wandb.ai/ememchijioke-university-of-klagenfurt/single-uav-rl-baseline/runs/sjth3aqr
2026-05-08T08:19:26.390178,146,3,3833.3937758907414,1,LAND_B,4,0,1.0,0.13993613421916962,0.17643067240715027,0.11721976846456528,0.25520026683807373,0.004073743242770433,0,1,2.1171951293945312,0.002403167076408863,0.17643067240715027,https://wandb.ai/ememchijioke-university-of-klagenfurt/single-uav-rl-baseline/runs/sjth3aqr
2026-05-08T08:19:30.360820,147,3,3716.4994604603567,1,LAND_B,4,0,1.0,0.14382784068584442,0.17670010030269623,0.12166982144117355,0.2544533610343933,0.0026322968769818544,0,1,2.121668577194214,0.0005491361953318119,0.17670010030269623,https://wandb.ai/ememchijioke-university-of-klagenfurt/single-uav-rl-baseline/runs/sjth3aqr
2026-05-08T08:19:34.545233,148,3,3952.6806292176884,1,LAND_B,4,0,1.0,0.14091528952121735,0.1771480143070221,0.11792074143886566,0.2577686011791229,0.0018716357881203294,0,1,2.117871046066284,-0.0034231331665068865,0.1771480143070221,https://wandb.ai/ememchijioke-university-of-klagenfurt/single-uav-rl-baseline/runs/sjth3aqr
2026-05-08T08:19:38.928481,149,3,3772.3055246111394,1,LAND_B,4,0,1.0,0.14058712124824524,0.17715753614902496,0.11752214282751083,0.25477418303489685,0.013803724199533463,0,1,2.117490768432617,0.002715311711654067,0.17715753614902496,https://wandb.ai/ememchijioke-university-of-klagenfurt/single-uav-rl-baseline/runs/sjth3aqr
2026-05-08T08:19:42.609497,150,3,3459.436890977124,1,LAND_B,4,0,1.0,0.14726267755031586,0.17740398645401,0.12527936697006226,0.2537239193916321,0.008099795319139957,0,1,2.1252224445343018,0.0037758529651910067,0.17740398645401,https://wandb.ai/ememchijioke-university-of-klagenfurt/single-uav-rl-baseline/runs/sjth3aqr
2026-05-08T08:19:46.469484,151,3,3589.2574810039737,1,LAND_B,4,0,1.0,0.14036230742931366,0.17687703669071198,0.1174372062087059,0.2513836622238159,0.01829029805958271,0,1,2.117276191711426,-0.0061475979164242744,0.17687703669071198,https://wandb.ai/ememchijioke-university-of-klagenfurt/single-uav-rl-baseline/runs/sjth3aqr
2026-05-08T08:19:50.811859,152,3,3811.338071407551,1,LAND_B,4,0,1.0,0.14117243885993958,0.17691713571548462,0.11837825924158096,0.2537441849708557,0.009944431483745575,0,1,2.117764949798584,0.01203443855047226,0.17691713571548462,https://wandb.ai/ememchijioke-university-of-klagenfurt/single-uav-rl-baseline/runs/sjth3aqr
2026-05-08T08:19:54.163924,153,3,3778.035272920634,1,LAND_B,4,0,1.0,0.14681291580200195,0.17709475755691528,0.12494170665740967,0.24933874607086182,0.009657724760472775,0,1,2.1249194145202637,0.0023598966654390097,0.17709475755691528,https://wandb.ai/ememchijioke-university-of-klagenfurt/single-uav-rl-baseline/runs/sjth3aqr
2026-05-08T08:19:57.763858,154,3,3864.0966166191506,1,LAND_B,4,0,1.0,0.14882369339466095,0.17661555111408234,0.1275874227285385,0.2543542981147766,0.004071052186191082,0,1,2.127330780029297,-0.008088397793471813,0.17661555111408234,https://wandb.ai/ememchijioke-university-of-klagenfurt/single-uav-rl-baseline/runs/sjth3aqr
2026-05-08T08:20:01.542192,155,3,3970.4434648394063,1,LAND_B,4,0,1.0,0.14458759129047394,0.17669375240802765,0.1225709542632103,0.24982666969299316,0.00823838822543621,0,1,2.122257947921753,-0.008754064328968525,0.17669375240802765,https://wandb.ai/ememchijioke-university-of-klagenfurt/single-uav-rl-baseline/runs/sjth3aqr
2026-05-08T08:20:05.609550,156,3,3790.1414696722304,1,LAND_B,4,0,1.0,0.13839100301265717,0.17575609683990479,0.11581486463546753,0.25425270199775696,0.023256907239556313,0,1,2.1156134605407715,-0.006827194709330797,0.17575609683990479,https://wandb.ai/ememchijioke-university-of-klagenfurt/single-uav-rl-baseline/runs/sjth3aqr
2026-05-08T08:20:09.247139,157,3,3617.429680145077,1,LAND_B,4,0,1.0,0.13674157857894897,0.175662100315094,0.1139013022184372,0.25213703513145447,0.005370556842535734,0,1,2.1138226985931396,-0.004230768419802189,0.175662100315094,https://wandb.ai/ememchijioke-university-of-klagenfurt/single-uav-rl-baseline/runs/sjth3aqr
2026-05-08T08:20:12.768770,158,3,3979.0744582681946,1,LAND_B,4,0,1.0,0.1398257613182068,0.17670515179634094,0.11690836399793625,0.2518775463104248,0.013034960255026817,0,1,2.1166088581085205,-0.008362973108887672,0.17670515179634094,https://wandb.ai/ememchijioke-university-of-klagenfurt/single-uav-rl-baseline/runs/sjth3aqr
2026-05-08T08:20:16.050472,159,3,3950.1561951679378,1,LAND_B,4,0,1.0,0.14253751933574677,0.17500606179237366,0.12120658159255981,0.2556856870651245,0.011096266098320484,0,1,2.1207985877990723,0.009936591610312462,0.17500606179237366,https://wandb.ai/ememchijioke-university-of-klagenfurt/single-uav-rl-baseline/runs/sjth3aqr
2026-05-08T08:20:19.394235,160,3,3913.1680899346684,1,LAND_B,4,0,1.0,0.14282085001468658,0.17554983496665955,0.12120238691568375,0.2595054805278778,0.030387472361326218,0,1,2.121131658554077,0.004140044562518597,0.17554983496665955,https://wandb.ai/ememchijioke-university-of-klagenfurt/single-uav-rl-baseline/runs/sjth3aqr
2026-05-08T08:20:22.577149,161,3,3709.0833015959583,1,LAND_B,4,0,1.0,0.13954943418502808,0.1764150708913803,0.11676806956529617,0.25412583351135254,0.007078067399561405,0,1,2.1167163848876953,-0.003473948920145631,0.1764150708913803,https://wandb.ai/ememchijioke-university-of-klagenfurt/single-uav-rl-baseline/runs/sjth3aqr
2026-05-08T08:20:25.747489,162,3,3494.167009726693,1,LAND_B,4,0,1.0,0.14728012681007385,0.17806795239448547,0.12488728016614914,0.25178128480911255,0.016664879396557808,0,1,2.1247804164886475,0.005165283568203449,0.17806795239448547,https://wandb.ai/ememchijioke-university-of-klagenfurt/single-uav-rl-baseline/runs/sjth3aqr
2026-05-08T08:20:29.022760,163,3,3618.1883999066245,1,LAND_B,4,0,1.0,0.1482270509004593,0.17687416076660156,0.12673445045948029,0.25974902510643005,0.0169999897480011,0,1,2.1267154216766357,-0.0021961727179586887,0.17687416076660156,https://wandb.ai/ememchijioke-university-of-klagenfurt/single-uav-rl-baseline/runs/sjth3aqr
2026-05-08T08:20:32.456744,164,3,3626.5295445554707,1,LAND_B,4,0,1.0,0.1367964893579483,0.1767004281282425,0.11327102780342102,0.25034695863723755,0.015556111931800842,0,1,2.1132657527923584,-0.0010929229902103543,0.1767004281282425,https://wandb.ai/ememchijioke-university-of-klagenfurt/single-uav-rl-baseline/runs/sjth3aqr
2026-05-08T08:20:37.370839,165,3,3829.245673129603,1,LAND_B,4,0,1.0,0.14641107618808746,0.17696797847747803,0.12454772740602493,0.24851807951927185,0.03534464165568352,0,1,2.1244993209838867,0.0034721335396170616,0.17696797847747803,https://wandb.ai/ememchijioke-university-of-klagenfurt/single-uav-rl-baseline/runs/sjth3aqr
2026-05-08T08:20:42.029163,166,3,3790.3215920720822,1,LAND_B,4,0,1.0,0.13876347243785858,0.17627529799938202,0.11591971665620804,0.25801172852516174,0.013492411933839321,0,1,2.115797996520996,-0.005310815759003162,0.17627529799938202,https://wandb.ai/ememchijioke-university-of-klagenfurt/single-uav-rl-baseline/runs/sjth3aqr
2026-05-08T08:20:45.456535,167,3,3790.823691204305,1,LAND_B,4,0,1.0,0.13970167934894562,0.17626391351222992,0.11704859882593155,0.2538703978061676,0.008940787985920906,0,1,2.117039442062378,-0.0014642075402662158,0.17626391351222992,https://wandb.ai/ememchijioke-university-of-klagenfurt/single-uav-rl-baseline/runs/sjth3aqr
2026-05-08T08:20:48.868509,168,3,3677.041304098286,1,LAND_B,4,0,1.0,0.145641028881073,0.17586511373519897,0.12432132661342621,0.25596413016319275,0.008007504045963287,0,1,2.124312162399292,0.0015095637645572424,0.17586511373519897,https://wandb.ai/ememchijioke-university-of-klagenfurt/single-uav-rl-baseline/runs/sjth3aqr
2026-05-08T08:20:53.749606,169,3,3874.541525573078,1,LAND_B,4,0,1.0,0.14095497131347656,0.1764954924583435,0.11839233338832855,0.25452956557273865,0.0218107420951128,0,1,2.1179542541503906,0.010175418108701706,0.1764954924583435,https://wandb.ai/ememchijioke-university-of-klagenfurt/single-uav-rl-baseline/runs/sjth3aqr
2026-05-08T08:20:57.119139,170,3,3697.907171318126,1,LAND_B,4,0,1.0,0.14083963632583618,0.1763753890991211,0.11833259463310242,0.25757044553756714,0.021597780287265778,0,1,2.118330955505371,0.0006220851792022586,0.1763753890991211,https://wandb.ai/ememchijioke-university-of-klagenfurt/single-uav-rl-baseline/runs/sjth3aqr
2026-05-08T08:21:01.963358,171,3,3532.363582859879,1,LAND_B,4,0,1.0,0.13697871565818787,0.17667865753173828,0.11350573599338531,0.25206100940704346,0.010694735683500767,0,1,2.1134750843048096,0.002637675264850259,0.17667865753173828,https://wandb.ai/ememchijioke-university-of-klagenfurt/single-uav-rl-baseline/runs/sjth3aqr
2026-05-08T08:21:05.304034,172,3,3826.9203652838323,1,LAND_B,4,0,1.0,0.14993174374103546,0.1769970804452896,0.12865060567855835,0.2566177248954773,0.0020910189487040043,0,1,2.1286442279815674,-0.0012808972969651222,0.1769970804452896,https://wandb.ai/ememchijioke-university-of-klagenfurt/single-uav-rl-baseline/runs/sjth3aqr
2026-05-08T08:21:08.655150,173,3,3658.8224581274253,1,LAND_B,4,0,1.0,0.14621475338935852,0.17688694596290588,0.12436700612306595,0.2536783814430237,0.006157022900879383,0,1,2.124347448348999,0.0022056526504456997,0.17688694596290588,https://wandb.ai/ememchijioke-university-of-klagenfurt/single-uav-rl-baseline/runs/sjth3aqr
2026-05-08T08:21:13.520466,174,3,3747.561942796059,1,LAND_B,4,0,1.0,0.14673413336277008,0.17612269520759583,0.1254441738128662,0.25793948769569397,0.0037897734437137842,0,1,2.1254327297210693,-0.0016938021872192621,0.17612269520759583,https://wandb.ai/ememchijioke-university-of-klagenfurt/single-uav-rl-baseline/runs/sjth3aqr
2026-05-08T08:21:16.908794,175,3,3890.402933394533,1,LAND_B,4,0,1.0,0.1454697549343109,0.17624522745609283,0.12388750165700912,0.2542203664779663,0.014243628829717636,0,1,2.12384033203125,0.003418326610699296,0.17624522745609283,https://wandb.ai/ememchijioke-university-of-klagenfurt/single-uav-rl-baseline/runs/sjth3aqr
2026-05-08T08:21:20.384559,176,3,3680.667713792119,1,LAND_B,4,0,1.0,0.13505062460899353,0.1760050505399704,0.11163289099931717,0.2555318772792816,0.01757490076124668,0,1,2.111610174179077,-0.0022518127225339413,0.1760050505399704,https://wandb.ai/ememchijioke-university-of-klagenfurt/single-uav-rl-baseline/runs/sjth3aqr
2026-05-08T08:21:25.244547,177,3,3969.63294521563,1,LAND_B,4,0,1.0,0.1368950754404068,0.1762126237154007,0.11371850967407227,0.2552999258041382,0.003627111203968525,0,1,2.1133742332458496,0.008842083625495434,0.1762126237154007,https://wandb.ai/ememchijioke-university-of-klagenfurt/single-uav-rl-baseline/runs/sjth3aqr
2026-05-08T08:21:29.562687,178,3,3758.601763714739,1,LAND_B,4,0,1.0,0.1380906105041504,0.17627380788326263,0.11511439085006714,0.2565465271472931,0.02069826051592827,0,1,2.1147003173828125,0.009754993952810764,0.17627380788326263,https://wandb.ai/ememchijioke-university-of-klagenfurt/single-uav-rl-baseline/runs/sjth3aqr
2026-05-08T08:21:33.095639,179,3,3581.02698611852,1,LAND_B,4,0,1.0,0.14584536850452423,0.17662887275218964,0.12409226596355438,0.2527461349964142,0.021717051044106483,0,1,2.1237375736236572,0.009375633671879768,0.17662887275218964,https://wandb.ai/ememchijioke-university-of-klagenfurt/single-uav-rl-baseline/runs/sjth3aqr
2026-05-08T08:21:37.736989,180,3,3914.5080049598087,1,LAND_B,4,0,1.0,0.13768674433231354,0.17679959535598755,0.11427800357341766,0.25352269411087036,0.0169653482735157,0,1,2.1142630577087402,0.00184790906496346,0.17679959535598755,https://wandb.ai/ememchijioke-university-of-klagenfurt/single-uav-rl-baseline/runs/sjth3aqr
2026-05-08T08:21:41.086022,181,3,3903.2540507878703,1,LAND_B,4,0,1.0,0.14525561034679413,0.17616337537765503,0.12368642538785934,0.25493401288986206,0.018493758514523506,0,1,2.1236791610717773,-0.0013406137004494667,0.17616337537765503,https://wandb.ai/ememchijioke-university-of-klagenfurt/single-uav-rl-baseline/runs/sjth3aqr
2026-05-08T08:21:44.693556,182,3,3841.6579414785133,1,LAND_B,4,0,1.0,0.13344109058380127,0.1761496663093567,0.109579898416996,0.25435611605644226,0.010188392363488674,0,1,2.109356641769409,0.006991313770413399,0.1761496663093567,https://wandb.ai/ememchijioke-university-of-klagenfurt/single-uav-rl-baseline/runs/sjth3aqr
2026-05-08T08:21:48.152532,183,3,3722.0695370275785,1,LAND_B,4,0,1.0,0.14250393211841583,0.1749458611011505,0.12120431661605835,0.25675103068351746,0.014557283371686935,0,1,2.1209850311279297,-0.007287583779543638,0.1749458611011505,https://wandb.ai/ememchijioke-university-of-klagenfurt/single-uav-rl-baseline/runs/sjth3aqr
2026-05-08T08:21:51.409534,184,3,3804.491207082914,1,LAND_B,4,0,1.0,0.14255617558956146,0.17588280141353607,0.12068165838718414,0.2589959502220154,0.019815102219581604,0,1,2.1205291748046875,-0.006064730230718851,0.17588280141353607,https://wandb.ai/ememchijioke-university-of-klagenfurt/single-uav-rl-baseline/runs/sjth3aqr
2026-05-08T08:21:55.126718,185,3,3845.6904888016643,1,LAND_B,4,0,1.0,0.13729122281074524,0.17521029710769653,0.11485769599676132,0.24964240193367004,0.009189080446958542,0,1,2.11468505859375,0.006295078434050083,0.17521029710769653,https://wandb.ai/ememchijioke-university-of-klagenfurt/single-uav-rl-baseline/runs/sjth3aqr
2026-05-08T08:21:58.404184,186,3,3971.745103198816,1,LAND_B,4,0,1.0,0.13844867050647736,0.17585444450378418,0.11581940948963165,0.24861982464790344,0.007633427623659372,0,1,2.1157705783843994,0.003362859133630991,0.17585444450378418,https://wandb.ai/ememchijioke-university-of-klagenfurt/single-uav-rl-baseline/runs/sjth3aqr
2026-05-08T08:22:01.729872,187,3,3731.8474280182368,1,LAND_B,4,0,1.0,0.14246676862239838,0.1751859188079834,0.12101180106401443,0.25679317116737366,0.01695050112903118,0,1,2.1209990978240967,-0.0017534212674945593,0.1751859188079834,https://wandb.ai/ememchijioke-university-of-klagenfurt/single-uav-rl-baseline/runs/sjth3aqr
2026-05-08T08:22:05.219763,188,3,3950.867114213146,1,LAND_B,4,0,1.0,0.1435786336660385,0.17674051225185394,0.12134956568479538,0.2591037154197693,0.01149605493992567,0,1,2.121213436126709,0.005746334791183472,0.17674051225185394,https://wandb.ai/ememchijioke-university-of-klagenfurt/single-uav-rl-baseline/runs/sjth3aqr
2026-05-08T08:22:08.560284,189,3,3920.9659605718034,1,LAND_B,4,0,1.0,0.14455245435237885,0.17603763937950134,0.12293774634599686,0.2555742561817169,0.004496639594435692,0,1,2.1229288578033447,-0.0014781762147322297,0.17603763937950134,https://wandb.ai/ememchijioke-university-of-klagenfurt/single-uav-rl-baseline/runs/sjth3aqr
2026-05-08T08:22:13.203031,190,3,3791.0632057392,1,LAND_B,4,0,1.0,0.13874799013137817,0.1750875562429428,0.11667418479919434,0.255546897649765,0.025048350915312767,0,1,2.116629123687744,0.003242292907088995,0.1750875562429428,https://wandb.ai/ememchijioke-university-of-klagenfurt/single-uav-rl-baseline/runs/sjth3aqr
2026-05-08T08:22:16.528614,191,3,3723.5604943689686,1,LAND_B,4,0,1.0,0.14193592965602875,0.1756550520658493,0.12009213864803314,0.25667715072631836,0.016991019248962402,0,1,2.11991548538208,0.006511323153972626,0.1756550520658493,https://wandb.ai/ememchijioke-university-of-klagenfurt/single-uav-rl-baseline/runs/sjth3aqr
2026-05-08T08:22:21.010944,192,3,4274.37253942929,1,LAND_B,4,0,1.0,0.13679452240467072,0.1751936972141266,0.11427444964647293,0.25362542271614075,0.016714254394173622,0,1,2.114272117614746,-0.0007308151107281446,0.1751936972141266,https://wandb.ai/ememchijioke-university-of-klagenfurt/single-uav-rl-baseline/runs/sjth3aqr
2026-05-08T08:22:25.870198,193,3,3627.90218517139,1,LAND_B,4,0,1.0,0.14494965970516205,0.17584535479545593,0.1235228180885315,0.25658032298088074,0.01766970194876194,0,1,2.12349796295166,-0.0024779103696346283,0.17584535479545593,https://wandb.ai/ememchijioke-university-of-klagenfurt/single-uav-rl-baseline/runs/sjth3aqr
2026-05-08T08:22:29.171825,194,3,3871.7374282078963,1,LAND_B,4,0,1.0,0.13657426834106445,0.17534826695919037,0.11390861123800278,0.25870105624198914,0.01242720428854227,0,1,2.113807201385498,-0.004805412609130144,0.17534826695919037,https://wandb.ai/ememchijioke-university-of-klagenfurt/single-uav-rl-baseline/runs/sjth3aqr
2026-05-08T08:22:34.055236,195,3,3979.4310709691526,1,LAND_B,4,0,1.0,0.14139452576637268,0.17631743848323822,0.11902967095375061,0.2547052204608917,0.01601932942867279,0,1,2.1189002990722656,0.005548105109483004,0.17631743848323822,https://wandb.ai/ememchijioke-university-of-klagenfurt/single-uav-rl-baseline/runs/sjth3aqr
2026-05-08T08:22:38.904374,196,3,3537.7043026097404,1,LAND_B,4,0,1.0,0.14365226030349731,0.1774909645318985,0.12095917016267776,0.2549843192100525,0.008004510775208473,0,1,2.120823860168457,-0.0057197632268071175,0.1774909645318985,https://wandb.ai/ememchijioke-university-of-klagenfurt/single-uav-rl-baseline/runs/sjth3aqr
2026-05-08T08:22:43.365907,197,3,3879.0733692723975,1,LAND_B,4,0,1.0,0.14288949966430664,0.17638224363327026,0.12076076120138168,0.25367823243141174,0.017496485263109207,0,1,2.120760202407837,-0.00036830807221122086,0.17638224363327026,https://wandb.ai/ememchijioke-university-of-klagenfurt/single-uav-rl-baseline/runs/sjth3aqr
2026-05-08T08:22:46.843860,198,3,3600.173013294359,1,LAND_B,4,0,1.0,0.14320418238639832,0.17671804130077362,0.12092054635286331,0.2586706280708313,0.025042405351996422,0,1,2.120878219604492,-0.003199305385351181,0.17671804130077362,https://wandb.ai/ememchijioke-university-of-klagenfurt/single-uav-rl-baseline/runs/sjth3aqr
2026-05-08T08:22:50.430722,199,3,3695.5653817166394,1,LAND_B,4,0,1.0,0.1506822556257248,0.17761602997779846,0.1291545331478119,0.25652071833610535,0.02473573014140129,0,1,2.1290688514709473,0.004703919868916273,0.17761602997779846,https://wandb.ai/ememchijioke-university-of-klagenfurt/single-uav-rl-baseline/runs/sjth3aqr
2026-05-08T08:22:54.439280,200,3,4154.798397400516,1,LAND_B,4,0,1.0,0.1429157257080078,0.17750947177410126,0.12007158994674683,0.25409048795700073,0.009949026629328728,0,1,2.119926691055298,0.005897146183997393,0.17750947177410126,https://wandb.ai/ememchijioke-university-of-klagenfurt/single-uav-rl-baseline/runs/sjth3aqr
2026-05-08T08:22:57.788364,201,3,3880.672730073181,1,LAND_B,4,0,1.0,0.1471194475889206,0.177667036652565,0.12494784593582153,0.2502150237560272,0.007346463389694691,0,1,2.1249477863311768,0.00011705508950399235,0.177667036652565,https://wandb.ai/ememchijioke-university-of-klagenfurt/single-uav-rl-baseline/runs/sjth3aqr
2026-05-08T08:23:01.072282,202,3,3892.0668862315824,1,LAND_B,4,0,1.0,0.13782820105552673,0.17784036695957184,0.11374308913946152,0.2509778141975403,0.004688913933932781,0,1,2.113682746887207,0.003704459872096777,0.17784036695957184,https://wandb.ai/ememchijioke-university-of-klagenfurt/single-uav-rl-baseline/runs/sjth3aqr
2026-05-08T08:23:04.657436,203,3,3658.6581455274027,1,LAND_B,4,0,1.0,0.1415649950504303,0.1774429976940155,0.11850413680076599,0.25723662972450256,0.011421690694987774,0,1,2.1183931827545166,-0.0051267617382109165,0.1774429976940155,https://wandb.ai/ememchijioke-university-of-klagenfurt/single-uav-rl-baseline/runs/sjth3aqr
2026-05-08T08:23:08.205541,204,3,3821.7909444020925,1,LAND_B,4,0,1.0,0.13450486958026886,0.1772034764289856,0.11014165729284286,0.2578525245189667,0.017720498144626617,0,1,2.1101155281066895,-0.002399048302322626,0.1772034764289856,https://wandb.ai/ememchijioke-university-of-klagenfurt/single-uav-rl-baseline/runs/sjth3aqr
2026-05-08T08:23:12.385428,205,3,4272.988303055367,1,LAND_B,4,0,1.0,0.1402088850736618,0.17810365557670593,0.11644032597541809,0.25887084007263184,0.009075390174984932,0,1,2.1162729263305664,-0.006241500377655029,0.17810365557670593,https://wandb.ai/ememchijioke-university-of-klagenfurt/single-uav-rl-baseline/runs/sjth3aqr
2026-05-08T08:23:15.745932,206,3,3645.2849068294054,1,LAND_B,4,0,1.0,0.14638423919677734,0.1783299744129181,0.12366389483213425,0.25674477219581604,0.020121067762374878,0,1,2.12358021736145,0.004548580385744572,0.1783299744129181,https://wandb.ai/ememchijioke-university-of-klagenfurt/single-uav-rl-baseline/runs/sjth3aqr
2026-05-08T08:23:20.472115,207,3,3782.366171266336,1,LAND_B,4,0,1.0,0.13728463649749756,0.17750687897205353,0.11331263929605484,0.2537534832954407,0.015594873577356339,0,1,2.113154888153076,0.005977189633995295,0.17750687897205353,https://wandb.ai/ememchijioke-university-of-klagenfurt/single-uav-rl-baseline/runs/sjth3aqr
2026-05-08T08:23:23.619299,208,3,3884.5591589512455,1,LAND_B,4,0,1.0,0.14230498671531677,0.1781095415353775,0.11895211786031723,0.25996169447898865,0.018422191962599754,0,1,2.118818759918213,0.005631112493574619,0.1781095415353775,https://wandb.ai/ememchijioke-university-of-klagenfurt/single-uav-rl-baseline/runs/sjth3aqr
2026-05-08T08:23:27.035436,209,3,3719.8939539127596,1,LAND_B,4,0,1.0,0.1460573524236679,0.17764347791671753,0.12371031939983368,0.2557694613933563,0.012309012934565544,0,1,2.1236631870269775,0.0034145067911595106,0.17764347791671753,https://wandb.ai/ememchijioke-university-of-klagenfurt/single-uav-rl-baseline/runs/sjth3aqr
2026-05-08T08:23:30.197806,210,3,3972.1393971578364,1,LAND_B,4,0,1.0,0.13591784238815308,0.17856720089912415,0.11090922355651855,0.25174927711486816,0.012846187688410282,0,1,2.1108651161193848,-0.0031277616508305073,0.17856720089912415,https://wandb.ai/ememchijioke-university-of-klagenfurt/single-uav-rl-baseline/runs/sjth3aqr
2026-05-08T08:23:33.587673,211,3,3479.7106929372894,1,LAND_B,4,0,1.0,0.14833678305149078,0.17829054594039917,0.12599360942840576,0.2557825744152069,0.012186486274003983,0,1,2.1258909702301025,0.005084714852273464,0.17829054594039917,https://wandb.ai/ememchijioke-university-of-klagenfurt/single-uav-rl-baseline/runs/sjth3aqr
2026-05-08T08:23:36.914211,212,3,4035.745643875673,1,LAND_B,4,0,1.0,0.14195074141025543,0.17754900455474854,0.11889559775590897,0.2604503929615021,0.02331024594604969,0,1,2.1187894344329834,0.005023403093218803,0.17754900455474854,https://wandb.ai/ememchijioke-university-of-klagenfurt/single-uav-rl-baseline/runs/sjth3aqr
2026-05-08T08:23:40.218562,213,3,3891.5483788295955,1,LAND_B,4,0,1.0,0.14185385406017303,0.17773698270320892,0.11865697801113129,0.2534382939338684,0.006708298809826374,0,1,2.118576765060425,0.004362268839031458,0.17773698270320892,https://wandb.ai/ememchijioke-university-of-klagenfurt/single-uav-rl-baseline/runs/sjth3aqr
2026-05-08T08:23:44.358864,214,3,3803.7744840433966,1,LAND_B,4,0,1.0,0.14352722465991974,0.1773863285779953,0.1208777204155922,0.25590822100639343,0.016360534355044365,0,1,2.1208596229553223,0.0020914750639349222,0.1773863285779953,https://wandb.ai/ememchijioke-university-of-klagenfurt/single-uav-rl-baseline/runs/sjth3aqr
2026-05-08T08:23:47.730183,215,3,3862.2296297621024,1,LAND_B,4,0,1.0,0.14535388350486755,0.17783932387828827,0.1227550059556961,0.2555012106895447,0.01988997869193554,0,1,2.1227455139160156,-0.0015261134831234813,0.17783932387828827,https://wandb.ai/ememchijioke-university-of-klagenfurt/single-uav-rl-baseline/runs/sjth3aqr
2026-05-08T08:23:52.284314,216,3,3684.9627710180184,1,LAND_B,4,0,1.0,0.13226552307605743,0.17719994485378265,0.10739803314208984,0.25405004620552063,0.022463396191596985,0,1,2.1073837280273438,-0.0017527288291603327,0.17719994485378265,https://wandb.ai/ememchijioke-university-of-klagenfurt/single-uav-rl-baseline/runs/sjth3aqr
2026-05-08T08:23:57.033236,217,3,3603.9300779190526,1,LAND_B,4,0,1.0,0.14490027725696564,0.17714087665081024,0.1226596012711525,0.25071781873703003,0.01610487885773182,0,1,2.1226322650909424,-0.002589427400380373,0.17714087665081024,https://wandb.ai/ememchijioke-university-of-klagenfurt/single-uav-rl-baseline/runs/sjth3aqr
2026-05-08T08:24:01.818126,218,3,4171.348671528366,1,LAND_B,4,0,1.0,0.1383996158838272,0.17713116109371185,0.11491404473781586,0.2554604411125183,0.017044950276613235,0,1,2.1147146224975586,-0.0067670587450265884,0.17713116109371185,https://wandb.ai/ememchijioke-university-of-klagenfurt/single-uav-rl-baseline/runs/sjth3aqr
2026-05-08T08:24:06.146689,219,3,3556.2672644115514,1,LAND_B,4,0,1.0,0.14197883009910583,0.17793181538581848,0.11867863684892654,0.25488701462745667,0.028142867609858513,0,1,2.118671178817749,0.0013307352783158422,0.17793181538581848,https://wandb.ai/ememchijioke-university-of-klagenfurt/single-uav-rl-baseline/runs/sjth3aqr
2026-05-08T08:24:10.698554,220,3,3773.049145520828,1,LAND_B,4,0,1.0,0.1326076090335846,0.1773766726255417,0.10769227892160416,0.25542184710502625,0.015268494375050068,0,1,2.1076912879943848,0.000462051248177886,0.1773766726255417,https://wandb.ai/ememchijioke-university-of-klagenfurt/single-uav-rl-baseline/runs/sjth3aqr
2026-05-08T08:24:14.469963,221,3,4056.0861549060496,1,LAND_B,4,0,1.0,0.14515931904315948,0.17683054506778717,0.12315963953733444,0.25267404317855835,0.02874922566115856,0,1,2.1230547428131104,0.005082091316580772,0.17683054506778717,https://wandb.ai/ememchijioke-university-of-klagenfurt/single-uav-rl-baseline/runs/sjth3aqr
2026-05-08T08:24:18.503542,222,3,3718.2028258427576,1,LAND_B,4,0,1.0,0.13545948266983032,0.17753706872463226,0.11107329279184341,0.2571443021297455,0.029896892607212067,0,1,2.111048698425293,0.0023371961433440447,0.17753706872463226,https://wandb.ai/ememchijioke-university-of-klagenfurt/single-uav-rl-baseline/runs/sjth3aqr
2026-05-08T08:24:23.398759,223,3,4096.578459949635,1,LAND_B,4,0,1.0,0.1384878307580948,0.1774650663137436,0.11479565501213074,0.25718817114830017,0.0026173125952482224,0,1,2.1146202087402344,-0.006344276946038008,0.1774650663137436,https://wandb.ai/ememchijioke-university-of-klagenfurt/single-uav-rl-baseline/runs/sjth3aqr
2026-05-08T08:24:26.878145,224,3,4272.183965401628,1,LAND_B,4,0,1.0,0.14275963604450226,0.1781318485736847,0.11948107928037643,0.25008952617645264,0.017821915447711945,0,1,2.1193125247955322,-0.006344218738377094,0.1781318485736847,https://wandb.ai/ememchijioke-university-of-klagenfurt/single-uav-rl-baseline/runs/sjth3aqr
2026-05-08T08:24:30.066561,225,3,4087.6734730088547,1,LAND_B,4,0,1.0,0.13588416576385498,0.17789717018604279,0.1113397404551506,0.25468382239341736,0.00827648676931858,0,1,2.1112852096557617,-0.0034842160530388355,0.17789717018604279,https://wandb.ai/ememchijioke-university-of-klagenfurt/single-uav-rl-baseline/runs/sjth3aqr
2026-05-08T08:24:33.734937,226,3,4053.9444557754227,1,LAND_B,4,0,1.0,0.14636743068695068,0.17742733657360077,0.12421123683452606,0.2546193599700928,0.022388290613889694,0,1,2.1239371299743652,0.008247350342571735,0.17742733657360077,https://wandb.ai/ememchijioke-university-of-klagenfurt/single-uav-rl-baseline/runs/sjth3aqr
2026-05-08T08:24:36.930884,227,3,4016.55347264265,1,LAND_B,4,0,1.0,0.1376533806324005,0.17654509842395782,0.11440848559141159,0.2547743618488312,0.01793181709945202,0,1,2.1140286922454834,0.00931442342698574,0.17654509842395782,https://wandb.ai/ememchijioke-university-of-klagenfurt/single-uav-rl-baseline/runs/sjth3aqr
2026-05-08T08:24:40.214785,228,3,3792.9336316766535,1,LAND_B,4,0,1.0,0.13522988557815552,0.1768924444913864,0.11124151945114136,0.2560938000679016,0.009264920838177204,0,1,2.1112406253814697,0.00044552964391186833,0.1768924444913864,https://wandb.ai/ememchijioke-university-of-klagenfurt/single-uav-rl-baseline/runs/sjth3aqr
2026-05-08T08:24:43.832600,229,3,4136.544988263769,1,LAND_B,4,0,1.0,0.13737477362155914,0.176775723695755,0.11391802877187729,0.2571999728679657,0.011949373409152031,0,1,2.113896131515503,-0.002233533887192607,0.176775723695755,https://wandb.ai/ememchijioke-university-of-klagenfurt/single-uav-rl-baseline/runs/sjth3aqr
2026-05-08T08:24:48.752169,230,3,3963.92920056283,1,LAND_B,4,0,1.0,0.13741172850131989,0.17518799006938934,0.11501630395650864,0.25150445103645325,0.0060610598884522915,0,1,2.1148388385772705,0.006386871449649334,0.17518799006938934,https://wandb.ai/ememchijioke-university-of-klagenfurt/single-uav-rl-baseline/runs/sjth3aqr
2026-05-08T08:24:53.402988,231,3,3685.13994708492,1,LAND_B,4,0,1.0,0.13826724886894226,0.17618253827095032,0.11538653820753098,0.2589980661869049,0.0191203560680151,0,1,2.1153762340545654,-0.0015418753027915955,0.17618253827095032,https://wandb.ai/ememchijioke-university-of-klagenfurt/single-uav-rl-baseline/runs/sjth3aqr
2026-05-08T08:24:58.266321,232,3,4121.5962839235,1,LAND_B,4,0,1.0,0.13556617498397827,0.1758033186197281,0.1123923733830452,0.25369784235954285,0.02344345673918724,0,1,2.112168073654175,0.007097105495631695,0.1758033186197281,https://wandb.ai/ememchijioke-university-of-klagenfurt/single-uav-rl-baseline/runs/sjth3aqr
2026-05-08T08:25:02.956708,233,3,3559.954662886725,1,LAND_B,4,0,1.0,0.13564322888851166,0.17698226869106293,0.11168176680803299,0.25798162817955017,0.0062630451284348965,0,1,2.1116254329681396,-0.0035467359703034163,0.17698226869106293,https://wandb.ai/ememchijioke-university-of-klagenfurt/single-uav-rl-baseline/runs/sjth3aqr
2026-05-08T08:25:06.150031,234,3,4165.38841133214,1,LAND_B,4,0,1.0,0.13683752715587616,0.17639344930648804,0.11352775245904922,0.25416460633277893,0.005536382552236319,0,1,2.113401174545288,0.005359450820833445,0.17639344930648804,https://wandb.ai/ememchijioke-university-of-klagenfurt/single-uav-rl-baseline/runs/sjth3aqr
2026-05-08T08:25:09.259472,235,3,3783.520536624923,1,LAND_B,4,0,1.0,0.1417113095521927,0.1764868199825287,0.11929736286401749,0.2550915479660034,0.01834329217672348,0,1,2.119145631790161,0.006014906335622072,0.1764868199825287,https://wandb.ai/ememchijioke-university-of-klagenfurt/single-uav-rl-baseline/runs/sjth3aqr
2026-05-08T08:25:12.485684,236,3,4248.252456633395,1,LAND_B,4,0,1.0,0.1365373581647873,0.17677739262580872,0.11290563642978668,0.2550164759159088,0.0014605631586164236,0,1,2.112905502319336,0.00017478667723480612,0.17677739262580872,https://wandb.ai/ememchijioke-university-of-klagenfurt/single-uav-rl-baseline/runs/sjth3aqr
2026-05-08T08:25:15.856655,237,3,3717.2728268021388,1,LAND_B,4,0,1.0,0.14133760333061218,0.17713482677936554,0.11843369156122208,0.2580491602420807,0.016128970310091972,0,1,2.1184298992156982,0.0009475511615164578,0.17713482677936554,https://wandb.ai/ememchijioke-university-of-klagenfurt/single-uav-rl-baseline/runs/sjth3aqr
2026-05-08T08:25:19.249559,238,3,3660.834219571962,1,LAND_B,4,0,1.0,0.1357433944940567,0.177527517080307,0.11142600327730179,0.25518903136253357,0.018781501799821854,0,1,2.111074447631836,0.008844316005706787,0.177527517080307,https://wandb.ai/ememchijioke-university-of-klagenfurt/single-uav-rl-baseline/runs/sjth3aqr
2026-05-08T08:25:22.355836,239,3,3841.668154029344,1,LAND_B,4,0,1.0,0.13911619782447815,0.1767108291387558,0.11605501174926758,0.25548261404037476,0.009055526927113533,0,1,2.1160550117492676,4.057107616972644e-06,0.1767108291387558,https://wandb.ai/ememchijioke-university-of-klagenfurt/single-uav-rl-baseline/runs/sjth3aqr
2026-05-08T08:25:27.303949,240,3,3682.479065655473,1,LAND_B,4,0,1.0,0.1346275359392166,0.17716576159000397,0.11031781882047653,0.2504292130470276,0.004606960341334343,0,1,2.110137462615967,-0.006305564660578966,0.17716576159000397,https://wandb.ai/ememchijioke-university-of-klagenfurt/single-uav-rl-baseline/runs/sjth3aqr
2026-05-08T08:25:30.724926,241,3,4280.35433886483,1,LAND_B,4,0,1.0,0.13973140716552734,0.17797625064849854,0.11595072597265244,0.24866212904453278,0.019268790259957314,0,1,2.115727424621582,0.0071926177479326725,0.17797625064849854,https://wandb.ai/ememchijioke-university-of-klagenfurt/single-uav-rl-baseline/runs/sjth3aqr
2026-05-08T08:25:35.465253,242,3,4128.665050194411,1,LAND_B,4,0,1.0,0.1365896314382553,0.17769858241081238,0.11233725398778915,0.2513144016265869,0.03167257085442543,0,1,2.1122751235961914,0.0037358105182647705,0.17769858241081238,https://wandb.ai/ememchijioke-university-of-klagenfurt/single-uav-rl-baseline/runs/sjth3aqr
2026-05-08T08:25:38.878712,243,3,3713.157595942926,1,LAND_B,4,0,1.0,0.14224933087825775,0.17696014046669006,0.11963281780481339,0.25211358070373535,0.013014749623835087,0,1,2.1196236610412598,-0.0014797622570767999,0.17696014046669006,https://wandb.ai/ememchijioke-university-of-klagenfurt/single-uav-rl-baseline/runs/sjth3aqr
2026-05-08T08:25:42.179243,244,3,3937.620424947003,1,LAND_B,4,0,1.0,0.1447620689868927,0.17681868374347687,0.1226985976099968,0.2516777217388153,0.005910045467317104,0,1,2.122675657272339,0.002372690010815859,0.17681868374347687,https://wandb.ai/ememchijioke-university-of-klagenfurt/single-uav-rl-baseline/runs/sjth3aqr
2026-05-08T08:25:45.723297,245,3,4019.4679860241285,1,LAND_B,4,0,1.0,0.138057678937912,0.17554371058940887,0.11555548757314682,0.25532516837120056,0.013070634566247463,0,1,2.115553855895996,0.0006138975732028484,0.17554371058940887,https://wandb.ai/ememchijioke-university-of-klagenfurt/single-uav-rl-baseline/runs/sjth3aqr
2026-05-08T08:25:50.540074,246,3,3936.430867990814,1,LAND_B,4,0,1.0,0.13447076082229614,0.17706675827503204,0.11019573360681534,0.25096622109413147,0.023615527898073196,0,1,2.1098580360412598,-0.008620417676866055,0.17706675827503204,https://wandb.ai/ememchijioke-university-of-klagenfurt/single-uav-rl-baseline/runs/sjth3aqr
2026-05-08T08:25:53.735716,247,3,4273.9600106525095,1,LAND_B,4,0,1.0,0.1432933807373047,0.17732858657836914,0.12063697725534439,0.25057005882263184,0.011147613637149334,0,1,2.1206092834472656,-0.002584891626611352,0.17732858657836914,https://wandb.ai/ememchijioke-university-of-klagenfurt/single-uav-rl-baseline/runs/sjth3aqr
2026-05-08T08:25:57.695825,248,3,3835.051298483731,1,LAND_B,4,0,1.0,0.1375773400068283,0.17703965306282043,0.11398428678512573,0.2530197501182556,0.017732985317707062,0,1,2.1139838695526123,-0.0003103806811850518,0.17703965306282043,https://wandb.ai/ememchijioke-university-of-klagenfurt/single-uav-rl-baseline/runs/sjth3aqr
2026-05-08T08:26:01.618208,249,3,4068.4155965132013,1,LAND_B,4,0,1.0,0.14077836275100708,0.17663432657718658,0.11809203773736954,0.25342100858688354,0.01599145121872425,0,1,2.117844581604004,0.0076409000903368,0.17663432657718658,https://wandb.ai/ememchijioke-university-of-klagenfurt/single-uav-rl-baseline/runs/sjth3aqr
2026-05-08T08:26:06.574284,250,3,4226.1165228903665,1,LAND_B,4,0,1.0,0.14798711240291595,0.17720934748649597,0.12624935805797577,0.2520003020763397,0.012644653208553791,0,1,2.126107931137085,-0.005974347237497568,0.17720934748649597,https://wandb.ai/ememchijioke-university-of-klagenfurt/single-uav-rl-baseline/runs/sjth3aqr
2026-05-08T08:26:11.151716,251,3,3957.180234275164,1,LAND_B,4,0,1.0,0.14370253682136536,0.17707931995391846,0.12128147482872009,0.2538907527923584,0.0022568332497030497,0,1,2.1212804317474365,0.0005039690877310932,0.17707931995391846,https://wandb.ai/ememchijioke-university-of-klagenfurt/single-uav-rl-baseline/runs/sjth3aqr
2026-05-08T08:26:16.158166,252,3,3913.761695067242,1,LAND_B,4,0,1.0,0.1399523764848709,0.17753273248672485,0.11651327461004257,0.2496345341205597,0.01312835793942213,0,1,2.1163599491119385,-0.0059754555113613605,0.17753273248672485,https://wandb.ai/ememchijioke-university-of-klagenfurt/single-uav-rl-baseline/runs/sjth3aqr
2026-05-08T08:26:21.038546,253,3,3817.9364715228758,1,LAND_B,4,0,1.0,0.14379195868968964,0.17749226093292236,0.12112423032522202,0.25778770446777344,0.015020806342363358,0,1,2.1210501194000244,0.00423650024458766,0.17749226093292236,https://wandb.ai/ememchijioke-university-of-klagenfurt/single-uav-rl-baseline/runs/sjth3aqr
2026-05-08T08:26:24.971979,254,3,3835.757339744256,1,LAND_B,4,0,1.0,0.1444808840751648,0.17756667733192444,0.12189396470785141,0.2549246847629547,0.012520629912614822,0,1,2.1218385696411133,-0.0036744605749845505,0.17756667733192444,https://wandb.ai/ememchijioke-university-of-klagenfurt/single-uav-rl-baseline/runs/sjth3aqr
2026-05-08T08:26:29.746179,255,3,3663.8097094231825,1,LAND_B,4,0,1.0,0.13672971725463867,0.17750659584999084,0.11263987421989441,0.2542611360549927,0.013391445390880108,0,1,2.112522602081299,0.005138644482940435,0.17750659584999084,https://wandb.ai/ememchijioke-university-of-klagenfurt/single-uav-rl-baseline/runs/sjth3aqr
2026-05-08T08:26:33.681899,256,3,3879.429360565481,1,LAND_B,4,0,1.0,0.13850291073322296,0.1775505095720291,0.11475615948438644,0.2530321180820465,0.011988423764705658,0,1,2.1145029067993164,0.0076197488233447075,0.1775505095720291,https://wandb.ai/ememchijioke-university-of-klagenfurt/single-uav-rl-baseline/runs/sjth3aqr
2026-05-08T08:26:38.466032,257,3,3654.376239090551,1,LAND_B,4,0,1.0,0.13554370403289795,0.17637823522090912,0.1119752749800682,0.25538817048072815,0.010184000246226788,0,1,2.1116371154785156,0.008695727214217186,0.17637823522090912,https://wandb.ai/ememchijioke-university-of-klagenfurt/single-uav-rl-baseline/runs/sjth3aqr
2026-05-08T08:26:42.958675,258,3,3760.1375791646,1,LAND_B,4,0,1.0,0.14520710706710815,0.17589916288852692,0.12379185110330582,0.2532629668712616,0.031528159976005554,0,1,2.123692274093628,-0.004964383319020271,0.17589916288852692,https://wandb.ai/ememchijioke-university-of-klagenfurt/single-uav-rl-baseline/runs/sjth3aqr
2026-05-08T08:26:48.167272,259,3,3636.873012369544,1,LAND_B,4,0,1.0,0.13111960887908936,0.1764274537563324,0.10654199123382568,0.2487676590681076,0.015795674175024033,0,1,2.1065242290496826,0.0019455190049484372,0.1764274537563324,https://wandb.ai/ememchijioke-university-of-klagenfurt/single-uav-rl-baseline/runs/sjth3aqr
2026-05-08T08:26:52.133409,260,3,3945.143669763219,1,LAND_B,4,0,1.0,0.13537068665027618,0.17683465778827667,0.11145249754190445,0.2523845434188843,0.013917913660407066,0,1,2.1113686561584473,0.004322177730500698,0.17683465778827667,https://wandb.ai/ememchijioke-university-of-klagenfurt/single-uav-rl-baseline/runs/sjth3aqr
2026-05-08T08:26:56.412852,261,3,3768.250330000041,1,LAND_B,4,0,1.0,0.13752630352973938,0.17681436240673065,0.1140746995806694,0.2553027868270874,0.014317192137241364,0,1,2.1138463020324707,-0.0072150323539972305,0.17681436240673065,https://wandb.ai/ememchijioke-university-of-klagenfurt/single-uav-rl-baseline/runs/sjth3aqr
2026-05-08T08:27:01.237374,262,3,4052.0938271988107,1,LAND_B,4,0,1.0,0.13645288348197937,0.17688637971878052,0.11272919923067093,0.2508244812488556,0.005742062348872423,0,1,2.1127278804779053,-0.0005453756311908364,0.17688637971878052,https://wandb.ai/ememchijioke-university-of-klagenfurt/single-uav-rl-baseline/runs/sjth3aqr
2026-05-08T08:27:06.142910,263,3,4159.290065475796,1,LAND_B,4,0,1.0,0.13703706860542297,0.17551110684871674,0.11435572057962418,0.26091328263282776,0.023855019360780716,0,1,2.113943338394165,0.009702903218567371,0.17551110684871674,https://wandb.ai/ememchijioke-university-of-klagenfurt/single-uav-rl-baseline/runs/sjth3aqr
2026-05-08T08:27:10.790895,264,3,3529.4414845641627,1,LAND_B,4,0,1.0,0.13856403529644012,0.176738440990448,0.11537419259548187,0.2574610412120819,0.006103603169322014,0,1,2.1153652667999268,0.0014351468998938799,0.176738440990448,https://wandb.ai/ememchijioke-university-of-klagenfurt/single-uav-rl-baseline/runs/sjth3aqr
2026-05-08T08:27:15.966321,265,3,3946.3272317147334,1,LAND_B,4,0,1.0,0.14593584835529327,0.1771514117717743,0.12387466430664062,0.2574017345905304,0.017170697450637817,0,1,2.1237218379974365,0.006151306442916393,0.1771514117717743,https://wandb.ai/ememchijioke-university-of-klagenfurt/single-uav-rl-baseline/runs/sjth3aqr
2026-05-08T08:27:21.437029,266,3,3723.0272491119617,1,LAND_B,4,0,1.0,0.13961470127105713,0.17794570326805115,0.11583063006401062,0.2532603144645691,0.02471162937581539,0,1,2.115726947784424,0.004899728577584028,0.17794570326805115,https://wandb.ai/ememchijioke-university-of-klagenfurt/single-uav-rl-baseline/runs/sjth3aqr
2026-05-08T08:27:25.722020,267,3,4279.981318360913,1,LAND_B,4,0,1.0,0.14111767709255219,0.1775624006986618,0.11789093911647797,0.25563082098960876,0.0009965109638869762,0,1,2.1177632808685303,0.005484879016876221,0.1775624006986618,https://wandb.ai/ememchijioke-university-of-klagenfurt/single-uav-rl-baseline/runs/sjth3aqr
2026-05-08T08:27:30.082179,268,3,4060.8212464735802,1,LAND_B,4,0,1.0,0.14535047113895416,0.17841365933418274,0.12238487601280212,0.256817102432251,0.018862668424844742,0,1,2.122382879257202,0.0006990128895267844,0.17841365933418274,https://wandb.ai/ememchijioke-university-of-klagenfurt/single-uav-rl-baseline/runs/sjth3aqr
2026-05-08T08:27:34.009012,269,3,3752.8417144596724,1,LAND_B,4,0,1.0,0.14466524124145508,0.17853395640850067,0.12149258702993393,0.25440987944602966,0.019509728997945786,0,1,2.121202230453491,0.008394507691264153,0.17853395640850067,https://wandb.ai/ememchijioke-university-of-klagenfurt/single-uav-rl-baseline/runs/sjth3aqr
2026-05-08T08:27:37.610630,270,3,4273.995269534095,1,LAND_B,4,0,1.0,0.14489363133907318,0.17837664484977722,0.12186577171087265,0.2504810690879822,0.017294587567448616,0,1,2.121798276901245,0.004055438097566366,0.17837664484977722,https://wandb.ai/ememchijioke-university-of-klagenfurt/single-uav-rl-baseline/runs/sjth3aqr
2026-05-08T08:27:42.644973,271,3,3713.487832297695,1,LAND_B,4,0,1.0,0.13812629878520966,0.1788322627544403,0.11342111229896545,0.250664621591568,0.01825127936899662,0,1,2.113415479660034,0.00113054143730551,0.1788322627544403,https://wandb.ai/ememchijioke-university-of-klagenfurt/single-uav-rl-baseline/runs/sjth3aqr
2026-05-08T08:27:46.710870,272,3,3548.575803364692,1,LAND_B,4,0,1.0,0.14527717232704163,0.17867161333560944,0.12213204056024551,0.2549547553062439,0.015973486006259918,0,1,2.122037887573242,0.004794697742909193,0.17867161333560944,https://wandb.ai/ememchijioke-university-of-klagenfurt/single-uav-rl-baseline/runs/sjth3aqr
2026-05-08T08:27:51.139007,273,3,3809.8046736959536,1,LAND_B,4,0,1.0,0.13507042825222015,0.17912137508392334,0.1094706803560257,0.25562718510627747,0.024469470605254173,0,1,2.10935640335083,0.0050007663667202,0.17912137508392334,https://wandb.ai/ememchijioke-university-of-klagenfurt/single-uav-rl-baseline/runs/sjth3aqr
2026-05-08T08:27:55.024712,274,3,3785.7371595026034,1,LAND_B,4,0,1.0,0.13921687006950378,0.1798241287469864,0.1140589565038681,0.25386297702789307,0.020582083612680435,0,1,2.1139562129974365,0.004840113688260317,0.1798241287469864,https://wandb.ai/ememchijioke-university-of-klagenfurt/single-uav-rl-baseline/runs/sjth3aqr
2026-05-08T08:27:59.148905,275,3,3924.5588555081454,1,LAND_B,4,0,1.0,0.14037324488162994,0.1796524077653885,0.11558607220649719,0.25780007243156433,0.017152518033981323,0,1,2.115093231201172,0.010662506334483624,0.1796524077653885,https://wandb.ai/ememchijioke-university-of-klagenfurt/single-uav-rl-baseline/runs/sjth3aqr
2026-05-08T08:28:04.274610,276,3,3722.843297731927,1,LAND_B,4,0,1.0,0.13761669397354126,0.17956706881523132,0.11228283494710922,0.24824801087379456,0.03132067248225212,0,1,2.1118407249450684,0.00995427742600441,0.17956706881523132,https://wandb.ai/ememchijioke-university-of-klagenfurt/single-uav-rl-baseline/runs/sjth3aqr
2026-05-08T08:28:09.338720,277,3,3818.2434300441014,1,LAND_B,4,0,1.0,0.1383199393749237,0.17862235009670258,0.11380215734243393,0.25853487849235535,0.023079443722963333,0,1,2.113795518875122,0.0012292017927393317,0.17862235009670258,https://wandb.ai/ememchijioke-university-of-klagenfurt/single-uav-rl-baseline/runs/sjth3aqr
2026-05-08T08:28:14.226095,278,3,3763.935053040949,1,LAND_B,4,0,1.0,0.14630354940891266,0.17899131774902344,0.1231466680765152,0.2513381242752075,0.010831811465322971,0,1,2.1230592727661133,-0.004638737998902798,0.17899131774902344,https://wandb.ai/ememchijioke-university-of-klagenfurt/single-uav-rl-baseline/runs/sjth3aqr
2026-05-08T08:28:19.297920,279,3,3571.793124051599,1,LAND_B,4,0,1.0,0.14680415391921997,0.1795552670955658,0.1233791708946228,0.2544872462749481,0.012380363419651985,0,1,2.123378276824951,-0.00046949106035754085,0.1795552670955658,https://wandb.ai/ememchijioke-university-of-klagenfurt/single-uav-rl-baseline/runs/sjth3aqr
2026-05-08T08:28:24.225638,280,3,3919.4052835378293,1,LAND_B,4,0,1.0,0.14995841681957245,0.1791549026966095,0.12736572325229645,0.25121691823005676,0.02042216993868351,0,1,2.1273467540740967,0.0021978269796818495,0.1791549026966095,https://wandb.ai/ememchijioke-university-of-klagenfurt/single-uav-rl-baseline/runs/sjth3aqr
2026-05-08T08:28:29.130323,281,3,3815.128373471533,1,LAND_B,4,0,1.0,0.14420175552368164,0.17872469127178192,0.12081626802682877,0.2517547309398651,0.01511569507420063,0,1,2.1208035945892334,-0.001750292256474495,0.17872469127178192,https://wandb.ai/ememchijioke-university-of-klagenfurt/single-uav-rl-baseline/runs/sjth3aqr
2026-05-08T08:28:33.663349,282,3,3964.892220801969,1,LAND_B,4,0,1.0,0.14964814484119415,0.1789671629667282,0.1271170824766159,0.25881993770599365,0.005433432292193174,0,1,2.1271095275878906,0.0013863821513950825,0.1789671629667282,https://wandb.ai/ememchijioke-university-of-klagenfurt/single-uav-rl-baseline/runs/sjth3aqr
2026-05-08T08:28:39.718711,283,3,3800.0664203356037,1,LAND_B,4,0,1.0,0.13475091755390167,0.17833785712718964,0.10964027047157288,0.25082311034202576,0.01734713837504387,0,1,2.109449863433838,0.0064587462693452835,0.17833785712718964,https://wandb.ai/ememchijioke-university-of-klagenfurt/single-uav-rl-baseline/runs/sjth3aqr
2026-05-08T08:28:44.327841,284,3,3645.636695360432,1,LAND_B,4,0,1.0,0.14831241965293884,0.17752115428447723,0.1264398843050003,0.24994555115699768,0.0242715273052454,0,1,2.1258645057678223,0.012048748321831226,0.17752115428447723,https://wandb.ai/ememchijioke-university-of-klagenfurt/single-uav-rl-baseline/runs/sjth3aqr
2026-05-08T08:28:49.418977,285,3,3820.54703895636,1,LAND_B,4,0,1.0,0.14288701117038727,0.1780770868062973,0.11966898292303085,0.2500256896018982,0.003964860923588276,0,1,2.1195878982543945,0.0044046081602573395,0.1780770868062973,https://wandb.ai/ememchijioke-university-of-klagenfurt/single-uav-rl-baseline/runs/sjth3aqr
2026-05-08T08:28:54.394162,286,3,4020.5458530672954,1,LAND_B,4,0,1.0,0.1434473991394043,0.17766225337982178,0.12060569226741791,0.2526128590106964,0.011045990511775017,0,1,2.120598793029785,0.0012897327542304993,0.17766225337982178,https://wandb.ai/ememchijioke-university-of-klagenfurt/single-uav-rl-baseline/runs/sjth3aqr
2026-05-08T08:28:59.395501,287,3,4019.295015138849,1,LAND_B,4,0,1.0,0.14357198774814606,0.17733459174633026,0.12096395343542099,0.25677749514579773,0.00967431254684925,0,1,2.120931386947632,0.0028065666556358337,0.17733459174633026,https://wandb.ai/ememchijioke-university-of-klagenfurt/single-uav-rl-baseline/runs/sjth3aqr
2026-05-08T08:29:04.578707,288,3,3796.6817694958067,1,LAND_B,4,0,1.0,0.13590966165065765,0.17784996330738068,0.11140385270118713,0.253736287355423,0.01952355168759823,0,1,2.1114003658294678,-0.0008806567639112473,0.17784996330738068,https://wandb.ai/ememchijioke-university-of-klagenfurt/single-uav-rl-baseline/runs/sjth3aqr
2026-05-08T08:29:09.380408,289,3,3664.226997575158,1,LAND_B,4,0,1.0,0.1418108344078064,0.17753972113132477,0.11873459070920944,0.2521933913230896,0.011898122727870941,0,1,2.1186814308166504,0.0035526854917407036,0.17753972113132477,https://wandb.ai/ememchijioke-university-of-klagenfurt/single-uav-rl-baseline/runs/sjth3aqr
2026-05-08T08:29:13.330778,290,3,3789.1249539675846,1,LAND_B,4,0,1.0,0.13911201059818268,0.17728939652442932,0.11566546559333801,0.2551785111427307,0.027213886380195618,0,1,2.115537643432617,0.005436204373836517,0.17728939652442932,https://wandb.ai/ememchijioke-university-of-klagenfurt/single-uav-rl-baseline/runs/sjth3aqr
2026-05-08T08:29:18.527823,291,3,3961.337164912678,1,LAND_B,4,0,1.0,0.14573320746421814,0.17848269641399384,0.12279508262872696,0.25372549891471863,0.00444407295435667,0,1,2.1226248741149902,0.006463238503783941,0.17848269641399384,https://wandb.ai/ememchijioke-university-of-klagenfurt/single-uav-rl-baseline/runs/sjth3aqr
2026-05-08T08:29:22.408253,292,3,3560.3405189732443,1,LAND_B,4,0,1.0,0.14156536757946014,0.1784183233976364,0.11786144226789474,0.2530536651611328,0.02186759002506733,0,1,2.1176767349243164,0.006595845799893141,0.1784183233976364,https://wandb.ai/ememchijioke-university-of-klagenfurt/single-uav-rl-baseline/runs/sjth3aqr
2026-05-08T08:29:26.374786,293,3,3757.438163257512,1,LAND_B,4,0,1.0,0.13392388820648193,0.17748336493968964,0.10923340916633606,0.2577163577079773,0.004962672479450703,0,1,2.108358144760132,0.013800383545458317,0.17748336493968964,https://wandb.ai/ememchijioke-university-of-klagenfurt/single-uav-rl-baseline/runs/sjth3aqr
2026-05-08T08:29:30.173540,294,3,3917.5031192017586,1,LAND_B,4,0,1.0,0.14662128686904907,0.1786976158618927,0.12371130287647247,0.2522933781147003,0.015993455424904823,0,1,2.1230151653289795,0.013105536811053753,0.1786976158618927,https://wandb.ai/ememchijioke-university-of-klagenfurt/single-uav-rl-baseline/runs/sjth3aqr
2026-05-08T08:29:34.469533,295,3,3721.4429643250905,1,LAND_B,4,0,1.0,0.13763122260570526,0.17825695872306824,0.11321750283241272,0.2564809322357178,0.02925897017121315,0,1,2.113168239593506,-0.003339577466249466,0.17825695872306824,https://wandb.ai/ememchijioke-university-of-klagenfurt/single-uav-rl-baseline/runs/sjth3aqr
2026-05-08T08:29:38.540204,296,3,4142.830217754583,1,LAND_B,4,0,1.0,0.1422472596168518,0.1785087287425995,0.11861982941627502,0.24979625642299652,0.00850602611899376,0,1,2.1183419227600098,0.008115047588944435,0.1785087287425995,https://wandb.ai/ememchijioke-university-of-klagenfurt/single-uav-rl-baseline/runs/sjth3aqr
2026-05-08T08:29:43.040619,297,3,3737.840612258291,1,LAND_B,4,0,1.0,0.14222705364227295,0.17794720828533173,0.11896540224552155,0.2534887492656708,0.009838361293077469,0,1,2.118213176727295,0.013357053510844707,0.17794720828533173,https://wandb.ai/ememchijioke-university-of-klagenfurt/single-uav-rl-baseline/runs/sjth3aqr
2026-05-08T08:29:48.339517,298,3,4052.255379100363,1,LAND_B,4,0,1.0,0.13957372307777405,0.17778374254703522,0.11589008569717407,0.25299522280693054,0.013959310948848724,0,1,2.11588454246521,0.001133690937422216,0.17778374254703522,https://wandb.ai/ememchijioke-university-of-klagenfurt/single-uav-rl-baseline/runs/sjth3aqr
2026-05-08T08:29:53.382966,299,3,3857.801996956888,1,LAND_B,4,0,1.0,0.14849179983139038,0.17855539917945862,0.12601135671138763,0.24726834893226624,0.011805734597146511,0,1,2.126007556915283,-0.0009797553066164255,0.17855539917945862,https://wandb.ai/ememchijioke-university-of-klagenfurt/single-uav-rl-baseline/runs/sjth3aqr
2026-05-08T08:29:58.640833,300,3,3708.4650932659165,1,LAND_B,4,0,1.0,0.1424035280942917,0.17774105072021484,0.11931092292070389,0.2514163851737976,0.006900998763740063,0,1,2.1188056468963623,0.010968836955726147,0.17774105072021484,https://wandb.ai/ememchijioke-university-of-klagenfurt/single-uav-rl-baseline/runs/sjth3aqr
2026-05-08T08:30:02.959984,301,3,3667.544925414685,1,LAND_B,4,0,1.0,0.14394907653331757,0.17875617742538452,0.12049400061368942,0.250224232673645,0.013430197723209858,0,1,2.1204535961151123,0.003120066598057747,0.17875617742538452,https://wandb.ai/ememchijioke-university-of-klagenfurt/single-uav-rl-baseline/runs/sjth3aqr
2026-05-08T08:30:08.433210,302,3,4291.220266307894,1,LAND_B,4,0,1.0,0.14135326445102692,0.17784781754016876,0.11798501014709473,0.2516782283782959,0.007285968400537968,0,1,2.117907762527466,0.004268630873411894,0.17784781754016876,https://wandb.ai/ememchijioke-university-of-klagenfurt/single-uav-rl-baseline/runs/sjth3aqr
2026-05-08T08:30:12.410799,303,3,3766.1925567395783,1,LAND_B,4,0,1.0,0.14067085087299347,0.1785491555929184,0.11669754981994629,0.25007009506225586,0.008496962487697601,0,1,2.1162595748901367,0.010100958868861198,0.1785491555929184,https://wandb.ai/ememchijioke-university-of-klagenfurt/single-uav-rl-baseline/runs/sjth3aqr
2026-05-08T08:30:16.864739,304,3,3672.963192415851,1,LAND_B,4,0,1.0,0.13788528740406036,0.1785476803779602,0.11332526057958603,0.25026461482048035,0.025233417749404907,0,1,2.11314058303833,0.006467066705226898,0.1785476803779602,https://wandb.ai/ememchijioke-university-of-klagenfurt/single-uav-rl-baseline/runs/sjth3aqr
2026-05-08T08:30:21.041633,305,3,3682.6114218929342,1,LAND_B,4,0,1.0,0.1457035094499588,0.17993997037410736,0.12181589007377625,0.2508396804332733,0.01573929935693741,0,1,2.121807098388672,-0.0014638709835708141,0.17993997037410736,https://wandb.ai/ememchijioke-university-of-klagenfurt/single-uav-rl-baseline/runs/sjth3aqr
2026-05-08T08:30:25.757373,306,3,3599.6033513409693,1,LAND_B,4,0,1.0,0.13874584436416626,0.17884111404418945,0.114168681204319,0.25174206495285034,0.003912655171006918,0,1,2.1138319969177246,0.008761540055274963,0.17884111404418945,https://wandb.ai/ememchijioke-university-of-klagenfurt/single-uav-rl-baseline/runs/sjth3aqr
2026-05-08T08:30:30.035360,307,3,3888.632749407167,1,LAND_B,4,0,1.0,0.14546841382980347,0.17838774621486664,0.12254150956869125,0.25489115715026855,0.022693317383527756,0,1,2.1225409507751465,-0.00036861133412458,0.17838774621486664,https://wandb.ai/ememchijioke-university-of-klagenfurt/single-uav-rl-baseline/runs/sjth3aqr
2026-05-08T08:30:34.749523,308,3,3898.236431450752,1,LAND_B,4,0,1.0,0.14031966030597687,0.17923305928707123,0.11580901592969894,0.25419381260871887,0.009011007845401764,0,1,2.1152615547180176,0.011247318238019943,0.17923305928707123,https://wandb.ai/ememchijioke-university-of-klagenfurt/single-uav-rl-baseline/runs/sjth3aqr
2026-05-08T08:30:39.092298,309,3,3665.370055317072,1,LAND_B,4,0,1.0,0.14703722298145294,0.17864087224006653,0.12423992156982422,0.24929136037826538,0.017070237547159195,0,1,2.1242282390594482,0.0017037034267559648,0.17864087224006653,https://wandb.ai/ememchijioke-university-of-klagenfurt/single-uav-rl-baseline/runs/sjth3aqr
2026-05-08T08:30:43.902923,310,3,4120.145929204127,1,LAND_B,4,0,1.0,0.14065498113632202,0.17903898656368256,0.11634717136621475,0.2499931901693344,0.022770455107092857,0,1,2.1162757873535156,0.00407487852498889,0.17903898656368256,https://wandb.ai/ememchijioke-university-of-klagenfurt/single-uav-rl-baseline/runs/sjth3aqr
2026-05-08T08:30:48.530773,311,3,3686.959053823627,1,LAND_B,4,0,1.0,0.1358557939529419,0.1788148581981659,0.11065719276666641,0.25343242287635803,0.020955611020326614,0,1,2.1106481552124023,-0.0014144828310236335,0.1788148581981659,https://wandb.ai/ememchijioke-university-of-klagenfurt/single-uav-rl-baseline/runs/sjth3aqr
2026-05-08T08:30:53.111451,312,3,3986.4311233026356,1,LAND_B,4,0,1.0,0.14345739781856537,0.17828835546970367,0.1202121302485466,0.25295114517211914,0.01362336054444313,0,1,2.120206117630005,0.0012022663140669465,0.17828835546970367,https://wandb.ai/ememchijioke-university-of-klagenfurt/single-uav-rl-baseline/runs/sjth3aqr
2026-05-08T08:30:57.617667,313,3,3683.2789786203984,1,LAND_B,4,0,1.0,0.14021988213062286,0.17967389523983002,0.11538495123386383,0.25585392117500305,0.02955774962902069,0,1,2.114764928817749,0.011945605278015137,0.17967389523983002,https://wandb.ai/ememchijioke-university-of-klagenfurt/single-uav-rl-baseline/runs/sjth3aqr
2026-05-08T08:31:03.739924,314,3,3674.0857188662417,1,LAND_B,4,0,1.0,0.1441335380077362,0.17953786253929138,0.12020068615674973,0.25697317719459534,0.00914145540446043,0,1,2.119981050491333,0.007263081148266792,0.17953786253929138,https://wandb.ai/ememchijioke-university-of-klagenfurt/single-uav-rl-baseline/runs/sjth3aqr
2026-05-08T08:31:08.179961,315,3,3658.4058577821024,1,LAND_B,4,0,1.0,0.14153824746608734,0.17916621267795563,0.11732769012451172,0.2511221170425415,0.016371332108974457,0,1,2.1169261932373047,0.009698101319372654,0.17916621267795563,https://wandb.ai/ememchijioke-university-of-klagenfurt/single-uav-rl-baseline/runs/sjth3aqr
2026-05-08T08:31:12.985537,316,3,3564.519401093067,1,LAND_B,4,0,1.0,0.14052574336528778,0.179690882563591,0.11574475467205048,0.25744739174842834,0.024067850783467293,0,1,2.1157445907592773,-0.00019415709539316595,0.179690882563591,https://wandb.ai/ememchijioke-university-of-klagenfurt/single-uav-rl-baseline/runs/sjth3aqr
2026-05-08T08:31:16.745029,317,3,3658.3553555057483,1,LAND_B,4,0,1.0,0.13777653872966766,0.17965009808540344,0.11241991817951202,0.2542094588279724,0.007813718169927597,0,1,2.1122162342071533,0.006764187943190336,0.17965009808540344,https://wandb.ai/ememchijioke-university-of-klagenfurt/single-uav-rl-baseline/runs/sjth3aqr
2026-05-08T08:31:21.386297,318,3,3635.429333469732,1,LAND_B,4,0,1.0,0.14634250104427338,0.179888054728508,0.1226133331656456,0.251169353723526,0.0012899411376565695,0,1,2.1220669746398926,0.011562122032046318,0.179888054728508,https://wandb.ai/ememchijioke-university-of-klagenfurt/single-uav-rl-baseline/runs/sjth3aqr
2026-05-08T08:31:25.240867,319,3,3980.4230950181113,1,LAND_B,4,0,1.0,0.14122970402240753,0.1797390580177307,0.11656548082828522,0.25200921297073364,0.002582061802968383,0,1,2.1161375045776367,0.009979592636227608,0.1797390580177307,https://wandb.ai/ememchijioke-university-of-klagenfurt/single-uav-rl-baseline/runs/sjth3aqr
2026-05-08T08:31:28.713700,320,3,3684.4700117399266,1,LAND_B,4,0,1.0,0.14150577783584595,0.17953144013881683,0.11704117804765701,0.2525949478149414,0.019589683040976524,0,1,2.116898536682129,0.005776514299213886,0.17953144013881683,https://wandb.ai/ememchijioke-university-of-klagenfurt/single-uav-rl-baseline/runs/sjth3aqr
2026-05-08T08:31:32.257583,321,3,3515.1610841172737,1,LAND_B,4,0,1.0,0.13714151084423065,0.17991016805171967,0.11145474761724472,0.2496557980775833,0.021645141765475273,0,1,2.111454725265503,6.548380042659119e-05,0.17991016805171967,https://wandb.ai/ememchijioke-university-of-klagenfurt/single-uav-rl-baseline/runs/sjth3aqr
2026-05-08T08:31:36.569571,322,3,4708.751841099873,1,LAND_B,4,0,1.0,0.122264564037323,0.17528311908245087,0.09633834660053253,0.23489424586296082,0.01122149359434843,0,1,2.0955288410186768,0.01246261689811945,0.17528311908245087,https://wandb.ai/ememchijioke-university-of-klagenfurt/single-uav-rl-baseline/runs/sjth3aqr
2026-05-08T08:31:41.069735,323,3,4005.510815917219,1,LAND_B,4,0,1.0,0.1400003582239151,0.17544786632061005,0.11793098598718643,0.24008478224277496,0.01484562736004591,0,1,2.117722511291504,0.007009164895862341,0.17544786632061005,https://wandb.ai/ememchijioke-university-of-klagenfurt/single-uav-rl-baseline/runs/sjth3aqr
2026-05-08T08:31:44.579835,324,3,4283.369934872437,1,LAND_B,4,0,1.0,0.1378989815711975,0.17552565038204193,0.11537767201662064,0.24279999732971191,0.018431855365633965,0,1,2.115368366241455,0.0014653463149443269,0.17552565038204193,https://wandb.ai/ememchijioke-university-of-klagenfurt/single-uav-rl-baseline/runs/sjth3aqr
2026-05-08T08:31:48.964195,325,3,4023.55875094605,1,LAND_B,4,0,1.0,0.1409328132867813,0.17554491758346558,0.11897487938404083,0.2360343635082245,0.030032619833946228,0,1,2.118387222290039,0.011810549534857273,0.17554491758346558,https://wandb.ai/ememchijioke-university-of-klagenfurt/single-uav-rl-baseline/runs/sjth3aqr
2026-05-08T08:31:52.861484,326,3,3868.024468700497,1,LAND_B,4,0,1.0,0.13650257885456085,0.17536573112010956,0.11381108313798904,0.23766177892684937,0.009197264909744263,0,1,2.1137773990631104,0.0027688683476299047,0.17536573112010956,https://wandb.ai/ememchijioke-university-of-klagenfurt/single-uav-rl-baseline/runs/sjth3aqr
2026-05-08T08:31:57.025589,327,3,3435.1792100209655,1,LAND_B,4,0,1.0,0.1453087031841278,0.17552690207958221,0.1241382509469986,0.23692241311073303,0.02247489243745804,0,1,2.123807668685913,0.009053581394255161,0.17552690207958221,https://wandb.ai/ememchijioke-university-of-klagenfurt/single-uav-rl-baseline/runs/sjth3aqr
2026-05-08T08:32:01.177132,328,3,3402.5317576825373,1,LAND_B,4,0,1.0,0.13333715498447418,0.1749906986951828,0.11025058478116989,0.23771817982196808,0.015908891335129738,0,1,2.110105276107788,0.005658499430865049,0.1749906986951828,https://wandb.ai/ememchijioke-university-of-klagenfurt/single-uav-rl-baseline/runs/sjth3aqr
2026-05-08T08:32:05.160483,329,3,3762.424124569839,1,LAND_B,4,0,1.0,0.13661326467990875,0.1756819188594818,0.11373403668403625,0.24123311042785645,0.019955134019255638,0,1,2.1137192249298096,0.0018356835935264826,0.1756819188594818,https://wandb.ai/ememchijioke-university-of-klagenfurt/single-uav-rl-baseline/runs/sjth3aqr
2026-05-08T08:32:09.005871,330,3,3577.6134475329286,1,LAND_B,4,0,1.0,0.14321067929267883,0.17588992416858673,0.12144965678453445,0.23815633356571198,0.007658708840608597,0,1,2.121016025543213,0.010253829881548882,0.17588992416858673,https://wandb.ai/ememchijioke-university-of-klagenfurt/single-uav-rl-baseline/runs/sjth3aqr
2026-05-08T08:32:13.176311,331,3,3771.6804465981736,1,LAND_B,4,0,1.0,0.14117206633090973,0.17618992924690247,0.11884716153144836,0.24063371121883392,0.0037233892362564802,0,1,2.1187474727630615,-0.004866854753345251,0.17618992924690247,https://wandb.ai/ememchijioke-university-of-klagenfurt/single-uav-rl-baseline/runs/sjth3aqr
2026-05-08T08:32:17.099782,332,3,3699.8629549811812,1,LAND_B,4,0,1.0,0.13810907304286957,0.17685431241989136,0.11474986374378204,0.23514269292354584,0.02204856462776661,0,1,2.114469528198242,0.008016110397875309,0.17685431241989136,https://wandb.ai/ememchijioke-university-of-klagenfurt/single-uav-rl-baseline/runs/sjth3aqr
2026-05-08T08:32:21.462527,333,3,3911.5765063556278,1,LAND_B,4,0,1.0,0.13510656356811523,0.17689883708953857,0.1110871434211731,0.23841391503810883,0.0034812462981790304,0,1,2.111086845397949,0.0002579930587671697,0.17689883708953857,https://wandb.ai/ememchijioke-university-of-klagenfurt/single-uav-rl-baseline/runs/sjth3aqr
2026-05-08T08:32:25.262626,334,3,3864.3884384765847,1,LAND_B,4,0,1.0,0.1322191208600998,0.1772129386663437,0.1073315367102623,0.24100041389465332,0.01411477755755186,0,1,2.1072988510131836,0.002648763358592987,0.1772129386663437,https://wandb.ai/ememchijioke-university-of-klagenfurt/single-uav-rl-baseline/runs/sjth3aqr
2026-05-08T08:32:29.423708,335,3,3695.7835349743877,1,LAND_B,4,0,1.0,0.14302058517932892,0.17752498388290405,0.12018638104200363,0.24037399888038635,0.01608770340681076,0,1,2.119901657104492,0.008267891593277454,0.17752498388290405,https://wandb.ai/ememchijioke-university-of-klagenfurt/single-uav-rl-baseline/runs/sjth3aqr
2026-05-08T08:32:34.366934,336,3,3741.9398615377618,1,LAND_B,4,0,1.0,0.14795279502868652,0.17838385701179504,0.12548308074474335,0.24042265117168427,0.023562433198094368,0,1,2.125473976135254,0.0015111473621800542,0.17838385701179504,https://wandb.ai/ememchijioke-university-of-klagenfurt/single-uav-rl-baseline/runs/sjth3aqr
2026-05-08T08:32:39.307653,337,3,3638.3257139933744,1,LAND_B,4,0,1.0,0.1369081288576126,0.1789582371711731,0.11184558272361755,0.23058119416236877,0.02191419154405594,0,1,2.1113169193267822,0.010861759074032307,0.1789582371711731,https://wandb.ai/ememchijioke-university-of-klagenfurt/single-uav-rl-baseline/runs/sjth3aqr
2026-05-08T08:32:44.260979,338,3,3635.090674498295,1,LAND_B,4,0,1.0,0.1379839926958084,0.1779789924621582,0.11383698880672455,0.2353390008211136,0.01505254115909338,0,1,2.113737106323242,0.004767709411680698,0.1779789924621582,https://wandb.ai/ememchijioke-university-of-klagenfurt/single-uav-rl-baseline/runs/sjth3aqr
2026-05-08T08:32:49.252458,339,3,3820.4497155999893,1,LAND_B,4,0,1.0,0.13970084488391876,0.177754208445549,0.1160629466176033,0.23304973542690277,0.0030784313566982746,0,1,2.115978479385376,0.004427183885127306,0.177754208445549,https://wandb.ai/ememchijioke-university-of-klagenfurt/single-uav-rl-baseline/runs/sjth3aqr
2026-05-08T08:32:53.186775,340,3,3725.739882247474,1,LAND_B,4,0,1.0,0.13198810815811157,0.17791618406772614,0.10653604567050934,0.23724104464054108,0.01813361421227455,0,1,2.106353998184204,0.006225414574146271,0.17791618406772614,https://wandb.ai/ememchijioke-university-of-klagenfurt/single-uav-rl-baseline/runs/sjth3aqr
2026-05-08T08:32:57.605789,341,3,4218.9466638552885,1,LAND_B,4,0,1.0,0.13814090192317963,0.17800748348236084,0.11400763690471649,0.23601432144641876,0.01137999352067709,0,1,2.112870216369629,0.016064118593931198,0.17800748348236084,https://wandb.ai/ememchijioke-university-of-klagenfurt/single-uav-rl-baseline/runs/sjth3aqr
2026-05-08T08:33:02.300365,342,3,3806.5527270453395,1,LAND_B,4,0,1.0,0.1355946660041809,0.17875799536705017,0.11037703603506088,0.23244459927082062,0.0047930157743394375,0,1,2.1096677780151367,0.012492780573666096,0.17875799536705017,https://wandb.ai/ememchijioke-university-of-klagenfurt/single-uav-rl-baseline/runs/sjth3aqr
2026-05-08T08:33:06.038908,343,3,3754.9867759415974,1,LAND_B,4,0,1.0,0.14021863043308258,0.17880120873451233,0.11598117649555206,0.24162115156650543,0.014469691552221775,0,1,2.115964651107788,0.0019577108323574066,0.17880120873451233,https://wandb.ai/ememchijioke-university-of-klagenfurt/single-uav-rl-baseline/runs/sjth3aqr
2026-05-08T08:33:10.755742,344,3,4283.410793198869,1,LAND_B,4,0,1.0,0.13786903023719788,0.17819766700267792,0.11354733258485794,0.23673859238624573,0.01241996418684721,0,1,2.1135473251342773,-3.5263350582681596e-05,0.17819766700267792,https://wandb.ai/ememchijioke-university-of-klagenfurt/single-uav-rl-baseline/runs/sjth3aqr
2026-05-08T08:33:15.791407,345,3,3737.5873225694136,1,LAND_B,4,0,1.0,0.14367613196372986,0.17932704091072083,0.11979170143604279,0.2312776744365692,0.0028704588767141104,0,1,2.118718385696411,0.015999916940927505,0.17932704091072083,https://wandb.ai/ememchijioke-university-of-klagenfurt/single-uav-rl-baseline/runs/sjth3aqr
2026-05-08T08:33:20.063754,346,3,3871.5488873229824,1,LAND_B,4,0,1.0,0.1490180790424347,0.1792398989200592,0.12620390951633453,0.23606906831264496,0.024143654853105545,0,1,2.126007318496704,0.0070415157824754715,0.1792398989200592,https://wandb.ai/ememchijioke-university-of-klagenfurt/single-uav-rl-baseline/runs/sjth3aqr
2026-05-08T08:33:23.941305,347,3,4285.662768769183,1,LAND_B,4,0,1.0,0.13581378757953644,0.17935071885585785,0.11022181063890457,0.23481249809265137,0.0059271687641739845,0,1,2.1102070808410645,-0.001801895909011364,0.17935071885585785,https://wandb.ai/ememchijioke-university-of-klagenfurt/single-uav-rl-baseline/runs/sjth3aqr
2026-05-08T08:33:28.867168,348,3,3686.1831836390934,1,LAND_B,4,0,1.0,0.13960054516792297,0.17992988228797913,0.11445315927267075,0.2354191392660141,0.01675025001168251,0,1,2.1137189865112305,0.01294287946075201,0.17992988228797913,https://wandb.ai/ememchijioke-university-of-klagenfurt/single-uav-rl-baseline/runs/sjth3aqr
2026-05-08T08:33:33.938319,349,3,3762.34445655799,1,LAND_B,4,0,1.0,0.13461364805698395,0.1756640076637268,0.11133639514446259,0.22596250474452972,0.009430908598005772,0,1,2.1113250255584717,0.0015910962829366326,0.1756640076637268,https://wandb.ai/ememchijioke-university-of-klagenfurt/single-uav-rl-baseline/runs/sjth3aqr
2026-05-08T08:33:39.029776,350,3,3899.618179606999,1,LAND_B,4,0,1.0,0.14265279471874237,0.17585434019565582,0.12081366032361984,0.2197447568178177,0.025108160451054573,0,1,2.12070631980896,0.005091549828648567,0.17585434019565582,https://wandb.ai/ememchijioke-university-of-klagenfurt/single-uav-rl-baseline/runs/sjth3aqr
2026-05-08T08:33:43.554462,351,3,4177.0548773449145,1,LAND_B,4,0,1.0,0.14480596780776978,0.1787564605474472,0.12151620537042618,0.23323214054107666,0.015833687037229538,0,1,2.1213223934173584,0.006860401481389999,0.1787564605474472,https://wandb.ai/ememchijioke-university-of-klagenfurt/single-uav-rl-baseline/runs/sjth3aqr
2026-05-08T08:33:48.492866,352,3,3656.945956687391,1,LAND_B,4,0,1.0,0.1326579749584198,0.17549960315227509,0.10907771438360214,0.23002558946609497,0.008990870788693428,0,1,2.1090478897094727,0.002550593577325344,0.17549960315227509,https://wandb.ai/ememchijioke-university-of-klagenfurt/single-uav-rl-baseline/runs/sjth3aqr
2026-05-08T08:33:53.539926,353,3,3648.333753600484,1,LAND_B,4,0,1.0,0.14632827043533325,0.179600790143013,0.12278304994106293,0.2376735955476761,0.007066409103572369,0,1,2.1225171089172363,0.008076817728579044,0.179600790143013,https://wandb.ai/ememchijioke-university-of-klagenfurt/single-uav-rl-baseline/runs/sjth3aqr
2026-05-08T08:33:58.877787,354,3,3770.001096030167,1,LAND_B,4,0,1.0,0.13836722075939178,0.17576153576374054,0.11578289419412613,0.2223404198884964,0.011130538769066334,0,1,2.115762948989868,0.002148873871192336,0.17576153576374054,https://wandb.ai/ememchijioke-university-of-klagenfurt/single-uav-rl-baseline/runs/sjth3aqr
2026-05-08T08:34:03.734925,355,3,3858.135534013133,1,LAND_B,4,0,1.0,0.13700082898139954,0.17561818659305573,0.11424149572849274,0.22506089508533478,0.018621375784277916,0,1,2.1141743659973145,0.003915747161954641,0.17561818659305573,https://wandb.ai/ememchijioke-university-of-klagenfurt/single-uav-rl-baseline/runs/sjth3aqr
2026-05-08T08:34:08.349514,356,3,3789.3142097137356,1,LAND_B,4,0,1.0,0.1405402272939682,0.17938411235809326,0.11597292125225067,0.24201785027980804,0.016355620697140694,0,1,2.11592698097229,0.003264113562181592,0.17938411235809326,https://wandb.ai/ememchijioke-university-of-klagenfurt/single-uav-rl-baseline/runs/sjth3aqr
2026-05-08T08:34:12.686698,357,3,3817.044567863522,1,LAND_B,4,0,1.0,0.1446671187877655,0.17987388372421265,0.12061814963817596,0.23390896618366241,0.023472968488931656,0,1,2.1202688217163086,0.009173193015158176,0.17987388372421265,https://wandb.ai/ememchijioke-university-of-klagenfurt/single-uav-rl-baseline/runs/sjth3aqr
2026-05-08T08:34:16.653715,358,3,3521.39484377309,1,LAND_B,4,0,1.0,0.13483935594558716,0.17528986930847168,0.11186191439628601,0.2214246541261673,0.024135781452059746,0,1,2.110812187194824,0.01528874784708023,0.17528986930847168,https://wandb.ai/ememchijioke-university-of-klagenfurt/single-uav-rl-baseline/runs/sjth3aqr
2026-05-08T08:34:22.027074,359,3,3641.817605733765,1,LAND_B,4,0,1.0,0.13488930463790894,0.17963609099388123,0.10887249559164047,0.23853136599063873,0.015165694989264011,0,1,2.1085612773895264,0.008226136676967144,0.17963609099388123,https://wandb.ai/ememchijioke-university-of-klagenfurt/single-uav-rl-baseline/runs/sjth3aqr
2026-05-08T08:34:26.320706,360,3,4827.27912188841,1,LAND_B,4,0,1.0,0.13227657973766327,0.1798509955406189,0.10545573383569717,0.24002668261528015,0.013584228232502937,0,1,2.1051275730133057,0.00831296481192112,0.1798509955406189,https://wandb.ai/ememchijioke-university-of-klagenfurt/single-uav-rl-baseline/runs/sjth3aqr
2026-05-08T08:34:30.162226,361,3,4187.222481806283,1,LAND_B,4,0,1.0,0.13227030634880066,0.1798575222492218,0.10544291883707047,0.23886044323444366,0.02656654082238674,0,1,2.105123996734619,0.0081947548314929,0.1798575222492218,https://wandb.ai/ememchijioke-university-of-klagenfurt/single-uav-rl-baseline/runs/sjth3aqr
2026-05-08T08:34:35.175449,362,3,3987.4027660356564,1,LAND_B,4,0,1.0,0.13858172297477722,0.17946627736091614,0.11353415995836258,0.2340342104434967,0.013471467420458794,0,1,2.1132171154022217,0.008478814736008644,0.17946627736091614,https://wandb.ai/ememchijioke-university-of-klagenfurt/single-uav-rl-baseline/runs/sjth3aqr
2026-05-08T08:34:39.356308,363,3,3618.823317441986,1,LAND_B,4,0,1.0,0.13914211094379425,0.17857584357261658,0.11483188718557358,0.23560073971748352,0.021307090297341347,0,1,2.114804983139038,0.0024855711963027716,0.17857584357261658,https://wandb.ai/ememchijioke-university-of-klagenfurt/single-uav-rl-baseline/runs/sjth3aqr
2026-05-08T08:34:43.312668,364,3,3845.470893953333,1,LAND_B,4,0,1.0,0.1466180682182312,0.17897728085517883,0.12352913618087769,0.23372556269168854,0.010245040990412235,0,1,2.122868299484253,0.012760388664901257,0.17897728085517883,https://wandb.ai/ememchijioke-university-of-klagenfurt/single-uav-rl-baseline/runs/sjth3aqr
2026-05-08T08:34:47.353467,365,3,3682.590256219081,1,LAND_B,4,0,1.0,0.14249752461910248,0.17938274145126343,0.11833818256855011,0.23430876433849335,0.014805683866143227,0,1,2.1176233291625977,0.012987611815333366,0.17938274145126343,https://wandb.ai/ememchijioke-university-of-klagenfurt/single-uav-rl-baseline/runs/sjth3aqr
2026-05-08T08:34:51.444203,366,3,3826.772208202906,1,LAND_B,4,0,1.0,0.14489832520484924,0.17974281311035156,0.1209818571805954,0.2370162010192871,0.014693908393383026,0,1,2.120021343231201,0.015214702114462852,0.17974281311035156,https://wandb.ai/ememchijioke-university-of-klagenfurt/single-uav-rl-baseline/runs/sjth3aqr
2026-05-08T08:34:56.179993,367,3,3658.2255838440537,1,LAND_B,4,0,1.0,0.13722644746303558,0.17888088524341583,0.11228937655687332,0.2341746687889099,0.03289903700351715,0,1,2.111670970916748,0.011768530122935772,0.17888088524341583,https://wandb.ai/ememchijioke-university-of-klagenfurt/single-uav-rl-baseline/runs/sjth3aqr
2026-05-08T08:35:00.719405,368,3,4136.357693361928,1,LAND_B,4,0,1.0,0.14317750930786133,0.17998211085796356,0.11875461786985397,0.23537743091583252,0.007281782105565071,0,1,2.118659257888794,0.004758079070597887,0.17998211085796356,https://wandb.ai/ememchijioke-university-of-klagenfurt/single-uav-rl-baseline/runs/sjth3aqr
2026-05-08T08:35:04.993085,369,3,4058.854124648071,1,LAND_B,4,0,1.0,0.14404399693012238,0.17569656670093536,0.12255080789327621,0.2222859263420105,0.014732783660292625,0,1,2.1224310398101807,0.005416743457317352,0.17569656670093536,https://wandb.ai/ememchijioke-university-of-klagenfurt/single-uav-rl-baseline/runs/sjth3aqr
2026-05-08T08:35:09.580877,370,3,3806.2077676623635,1,LAND_B,4,0,1.0,0.14697717130184174,0.17551502585411072,0.1260942965745926,0.22792038321495056,0.03167653828859329,0,1,2.1257057189941406,0.009891577996313572,0.17551502585411072,https://wandb.ai/ememchijioke-university-of-klagenfurt/single-uav-rl-baseline/runs/sjth3aqr
2026-05-08T08:35:14.195009,371,3,3556.749053586681,1,LAND_B,4,0,1.0,0.14746356010437012,0.17985080182552338,0.12397319078445435,0.23357634246349335,0.01436081063002348,0,1,2.122804641723633,0.016981549561023712,0.17985080182552338,https://wandb.ai/ememchijioke-university-of-klagenfurt/single-uav-rl-baseline/runs/sjth3aqr
2026-05-08T08:35:18.490977,372,3,3711.003335650843,1,LAND_B,4,0,1.0,0.13159188628196716,0.17532795667648315,0.10789867490530014,0.2241431176662445,0.015499350614845753,0,1,2.1071720123291016,0.012501349672675133,0.17532795667648315,https://wandb.ai/ememchijioke-university-of-klagenfurt/single-uav-rl-baseline/runs/sjth3aqr
2026-05-08T08:35:22.880793,373,3,4096.63977912738,1,LAND_B,4,0,1.0,0.1464221179485321,0.1795586347579956,0.12292218208312988,0.23428256809711456,0.005215898156166077,0,1,2.122901439666748,0.002258088905364275,0.1795586347579956,https://wandb.ai/ememchijioke-university-of-klagenfurt/single-uav-rl-baseline/runs/sjth3aqr
2026-05-08T08:35:27.213265,374,3,3983.8845232737385,1,LAND_B,4,0,1.0,0.14835131168365479,0.1787409633398056,0.1257297545671463,0.2378716766834259,0.023609811440110207,0,1,2.1248176097869873,0.01511736772954464,0.1787409633398056,https://wandb.ai/ememchijioke-university-of-klagenfurt/single-uav-rl-baseline/runs/sjth3aqr
2026-05-08T08:35:33.055804,375,3,4802.427101388531,1,LAND_B,4,0,1.0,0.12991882860660553,0.179080069065094,0.10307882726192474,0.24164307117462158,0.006440657656639814,0,1,2.1023058891296387,0.012599613517522812,0.179080069065094,https://wandb.ai/ememchijioke-university-of-klagenfurt/single-uav-rl-baseline/runs/sjth3aqr
2026-05-08T08:35:37.592020,376,3,3846.0716408933026,1,LAND_B,4,0,1.0,0.13537384569644928,0.17929570376873016,0.10971905291080475,0.23432087898254395,0.02316388674080372,0,1,2.1097190380096436,-5.3257059335010126e-05,0.17929570376873016,https://wandb.ai/ememchijioke-university-of-klagenfurt/single-uav-rl-baseline/runs/sjth3aqr
2026-05-08T08:35:41.438568,377,3,3906.987366382822,1,LAND_B,4,0,1.0,0.14404477179050446,0.17873643338680267,0.1206211969256401,0.23488067090511322,0.0017981899436563253,0,1,2.1205344200134277,0.004574550781399012,0.17873643338680267,https://wandb.ai/ememchijioke-university-of-klagenfurt/single-uav-rl-baseline/runs/sjth3aqr
2026-05-08T08:35:46.532993,378,3,3930.1009899868204,1,LAND_B,4,0,1.0,0.14628513157367706,0.17966917157173157,0.12268724292516708,0.2351149469614029,0.0209824088960886,0,1,2.1219496726989746,0.013432708568871021,0.17966917157173157,https://wandb.ai/ememchijioke-university-of-klagenfurt/single-uav-rl-baseline/runs/sjth3aqr
2026-05-08T08:35:51.797559,379,3,3529.5156946982092,1,LAND_B,4,0,1.0,0.14316239953041077,0.17962878942489624,0.11897363513708115,0.23277010023593903,0.03450834006071091,0,1,2.1188719272613525,0.004918408114463091,0.17962878942489624,https://wandb.ai/ememchijioke-university-of-klagenfurt/single-uav-rl-baseline/runs/sjth3aqr
2026-05-08T08:35:56.994673,380,3,3789.8793136738586,1,LAND_B,4,0,1.0,0.1444595754146576,0.1790676862001419,0.12090025097131729,0.2390861213207245,0.02701313979923725,0,1,2.1193387508392334,0.019368361681699753,0.1790676862001419,https://wandb.ai/ememchijioke-university-of-klagenfurt/single-uav-rl-baseline/runs/sjth3aqr
2026-05-08T08:36:03.436511,381,3,3902.8814731945954,1,LAND_B,4,0,1.0,0.13600458204746246,0.17849509418010712,0.11106650531291962,0.2378731518983841,0.029900774359703064,0,1,2.110185384750366,0.013962413184344769,0.17849509418010712,https://wandb.ai/ememchijioke-university-of-klagenfurt/single-uav-rl-baseline/runs/sjth3aqr
2026-05-08T08:36:08.940774,382,3,3569.3342493500118,1,LAND_B,4,0,1.0,0.13845978677272797,0.17961430549621582,0.11328139156103134,0.23849624395370483,0.02329191379249096,0,1,2.1131350994110107,0.005755225196480751,0.17961430549621582,https://wandb.ai/ememchijioke-university-of-klagenfurt/single-uav-rl-baseline/runs/sjth3aqr
2026-05-08T08:36:14.033275,383,3,3901.3569131809813,1,LAND_B,4,0,1.0,0.1458888053894043,0.17917348444461823,0.12253612279891968,0.23571746051311493,0.009677770547568798,0,1,2.122504472732544,0.0027849129401147366,0.17917348444461823,https://wandb.ai/ememchijioke-university-of-klagenfurt/single-uav-rl-baseline/runs/sjth3aqr
2026-05-08T08:36:19.495397,384,3,3653.757009537944,1,LAND_B,4,0,1.0,0.1432720571756363,0.17917978763580322,0.11940453201532364,0.2390485554933548,0.013088895939290524,0,1,2.119271755218506,0.005629519000649452,0.17917978763580322,https://wandb.ai/ememchijioke-university-of-klagenfurt/single-uav-rl-baseline/runs/sjth3aqr
2026-05-08T08:36:24.611167,385,3,3858.267061890018,1,LAND_B,4,0,1.0,0.14058123528957367,0.1785898506641388,0.11656207591295242,0.24113567173480988,0.010642027482390404,0,1,2.1158876419067383,0.012520872987806797,0.1785898506641388,https://wandb.ai/ememchijioke-university-of-klagenfurt/single-uav-rl-baseline/runs/sjth3aqr
2026-05-08T08:36:29.441899,386,3,3693.915859800046,1,LAND_B,4,0,1.0,0.13565173745155334,0.17523378133773804,0.1128772497177124,0.22634351253509521,0.010451152920722961,0,1,2.1125223636627197,0.008943770080804825,0.17523378133773804,https://wandb.ai/ememchijioke-university-of-klagenfurt/single-uav-rl-baseline/runs/sjth3aqr
2026-05-08T08:36:38.026852,387,3,3534.523579720545,1,LAND_B,4,0,1.0,0.13743171095848083,0.17545491456985474,0.1148652657866478,0.22221845388412476,0.022900544106960297,0,1,2.11384916305542,0.015244582667946815,0.17545491456985474,https://wandb.ai/ememchijioke-university-of-klagenfurt/single-uav-rl-baseline/runs/sjth3aqr
2026-05-08T08:36:43.990145,388,3,3760.606769087043,1,LAND_B,4,0,1.0,0.14583520591259003,0.17567482590675354,0.12466446310281754,0.22127601504325867,0.016406331211328506,0,1,2.124438524246216,0.0075020985677838326,0.17567482590675354,https://wandb.ai/ememchijioke-university-of-klagenfurt/single-uav-rl-baseline/runs/sjth3aqr
2026-05-08T08:36:48.900239,389,3,4191.304928525053,1,LAND_B,4,0,1.0,0.13383914530277252,0.1759137064218521,0.11022716015577316,0.2215663641691208,0.01407749205827713,0,1,2.1093742847442627,0.013685488142073154,0.1759137064218521,https://wandb.ai/ememchijioke-university-of-klagenfurt/single-uav-rl-baseline/runs/sjth3aqr
2026-05-08T08:36:53.590942,390,3,3590.7203289704325,1,LAND_B,4,0,1.0,0.142612025141716,0.17989994585514069,0.11812784522771835,0.23585566878318787,0.020231973379850388,0,1,2.118006467819214,0.005353616084903479,0.17989994585514069,https://wandb.ai/ememchijioke-university-of-klagenfurt/single-uav-rl-baseline/runs/sjth3aqr
2026-05-08T08:36:57.941818,391,3,3788.3935489436008,1,LAND_B,4,0,1.0,0.13433757424354553,0.17590709030628204,0.11083634942770004,0.22050662338733673,0.017454637214541435,0,1,2.109889268875122,0.014458401128649712,0.17590709030628204,https://wandb.ai/ememchijioke-university-of-klagenfurt/single-uav-rl-baseline/runs/sjth3aqr
2026-05-08T08:37:03.576964,392,3,4645.0200116794,1,LAND_B,4,0,1.0,0.12419380247592926,0.17557992041110992,0.09854834526777267,0.22050729393959045,0.013908380642533302,0,1,2.097959280014038,0.010758982971310616,0.17557992041110992,https://wandb.ai/ememchijioke-university-of-klagenfurt/single-uav-rl-baseline/runs/sjth3aqr
2026-05-08T08:37:08.176340,393,3,4106.3842168082865,1,LAND_B,4,0,1.0,0.1367340385913849,0.1794928014278412,0.11125238239765167,0.23741814494132996,0.01721893437206745,0,1,2.11112904548645,0.005237103905528784,0.1794928014278412,https://wandb.ai/ememchijioke-university-of-klagenfurt/single-uav-rl-baseline/runs/sjth3aqr
2026-05-08T08:37:12.247130,394,3,3876.915759779596,1,LAND_B,4,0,1.0,0.14709144830703735,0.1799049824476242,0.12349529564380646,0.23064963519573212,0.001319212606176734,0,1,2.122694969177246,0.014036823995411396,0.1799049824476242,https://wandb.ai/ememchijioke-university-of-klagenfurt/single-uav-rl-baseline/runs/sjth3aqr
2026-05-08T08:37:16.423273,395,3,4158.2404667144065,1,LAND_B,4,0,1.0,0.14534874260425568,0.17975297570228577,0.12151428312063217,0.23653222620487213,0.014253188855946064,0,1,2.1205410957336426,0.015348115935921669,0.17975297570228577,https://wandb.ai/ememchijioke-university-of-klagenfurt/single-uav-rl-baseline/runs/sjth3aqr
2026-05-08T08:37:21.131835,396,3,3727.8578507062657,1,LAND_B,4,0,1.0,0.14863215386867523,0.17962075769901276,0.1255071610212326,0.23730893433094025,0.020034387707710266,0,1,2.1244988441467285,0.015877265483140945,0.17962075769901276,https://wandb.ai/ememchijioke-university-of-klagenfurt/single-uav-rl-baseline/runs/sjth3aqr
2026-05-08T08:37:25.859554,397,3,3674.766599509361,1,LAND_B,4,0,1.0,0.13594160974025726,0.17855733633041382,0.11094533652067184,0.23863784968852997,0.02600901946425438,0,1,2.1101267337799072,0.013452490791678429,0.17855733633041382,https://wandb.ai/ememchijioke-university-of-klagenfurt/single-uav-rl-baseline/runs/sjth3aqr
2026-05-08T08:37:31.119689,398,3,3951.391209311238,1,LAND_B,4,0,1.0,0.14329665899276733,0.17868511378765106,0.11976052820682526,0.23495134711265564,0.015037929639220238,0,1,2.119128465652466,0.012287898920476437,0.17868511378765106,https://wandb.ai/ememchijioke-university-of-klagenfurt/single-uav-rl-baseline/runs/sjth3aqr
2026-05-08T08:37:35.428489,399,3,3558.6410902723273,1,LAND_B,4,0,1.0,0.1400948464870453,0.17938493192195892,0.11543222516775131,0.23255063593387604,0.006135708186775446,0,1,2.1143953800201416,0.015436798334121704,0.17938493192195892,https://wandb.ai/ememchijioke-university-of-klagenfurt/single-uav-rl-baseline/runs/sjth3aqr
2026-05-08T08:37:40.156842,400,3,3659.3493255469657,1,LAND_B,4,0,1.0,0.14054983854293823,0.17985160648822784,0.11566320061683655,0.23693528771400452,0.008994524367153645,0,1,2.1152353286743164,0.009939581155776978,0.17985160648822784,https://wandb.ai/ememchijioke-university-of-klagenfurt/single-uav-rl-baseline/runs/sjth3aqr
2026-05-08T08:37:44.667413,401,3,3773.06626984336,1,LAND_B,4,0,1.0,0.13895653188228607,0.17938368022441864,0.11404889822006226,0.24440403282642365,0.01091346237808466,0,1,2.113919973373413,0.005421302281320095,0.17938368022441864,https://wandb.ai/ememchijioke-university-of-klagenfurt/single-uav-rl-baseline/runs/sjth3aqr
2026-05-08T08:37:49.059537,402,3,3999.6457211332677,1,LAND_B,4,0,1.0,0.1476411372423172,0.17976367473602295,0.12424033880233765,0.23567917943000793,0.03587730973958969,0,1,2.123429775238037,0.0141686936840415,0.17976367473602295,https://wandb.ai/ememchijioke-university-of-klagenfurt/single-uav-rl-baseline/runs/sjth3aqr
2026-05-08T08:37:53.338056,403,3,3659.8479182548413,1,LAND_B,4,0,1.0,0.1381327211856842,0.17901012301445007,0.11330512166023254,0.2363692671060562,0.016557715833187103,0,1,2.1131691932678223,0.005548309069126844,0.17901012301445007,https://wandb.ai/ememchijioke-university-of-klagenfurt/single-uav-rl-baseline/runs/sjth3aqr
2026-05-08T08:37:58.002723,404,3,3925.0403445111947,1,LAND_B,4,0,1.0,0.14045222103595734,0.17887473106384277,0.1162136122584343,0.2409418225288391,0.013546929694712162,0,1,2.1151206493377686,0.015900949016213417,0.17887473106384277,https://wandb.ai/ememchijioke-university-of-klagenfurt/single-uav-rl-baseline/runs/sjth3aqr
2026-05-08T08:38:02.872279,405,3,3957.8883508469203,1,LAND_B,4,0,1.0,0.13714608550071716,0.17944319546222687,0.11179369688034058,0.2392050176858902,0.006814464461058378,0,1,2.1116626262664795,0.00541185075417161,0.17944319546222687,https://wandb.ai/ememchijioke-university-of-klagenfurt/single-uav-rl-baseline/runs/sjth3aqr
2026-05-08T08:38:07.352338,406,3,3577.106871903979,1,LAND_B,4,0,1.0,0.1404331624507904,0.17908784747123718,0.11604561656713486,0.23659278452396393,0.0220884270966053,0,1,2.1159145832061768,0.005513078533113003,0.17908784747123718,https://wandb.ai/ememchijioke-university-of-klagenfurt/single-uav-rl-baseline/runs/sjth3aqr
2026-05-08T08:38:11.910768,407,3,3773.3411613418225,1,LAND_B,4,0,1.0,0.14354653656482697,0.17869602143764496,0.12005225569009781,0.23928022384643555,0.005310546141117811,0,1,2.119394063949585,0.012553962878882885,0.17869602143764496,https://wandb.ai/ememchijioke-university-of-klagenfurt/single-uav-rl-baseline/runs/sjth3aqr
2026-05-08T08:38:15.942035,408,3,4167.3563282717505,1,LAND_B,4,0,1.0,0.1328784078359604,0.17799964547157288,0.10757660865783691,0.23415550589561462,0.025074254721403122,0,1,2.1075572967529297,0.0020382991060614586,0.17799964547157288,https://wandb.ai/ememchijioke-university-of-klagenfurt/single-uav-rl-baseline/runs/sjth3aqr
2026-05-08T08:38:20.840515,409,3,3546.9455198181913,1,LAND_B,4,0,1.0,0.13971933722496033,0.1777636706829071,0.11607886850833893,0.23851294815540314,0.012228598818182945,0,1,2.114938497543335,0.016230985522270203,0.1777636706829071,https://wandb.ai/ememchijioke-university-of-klagenfurt/single-uav-rl-baseline/runs/sjth3aqr
2026-05-08T08:38:24.917938,410,3,3613.4439059325578,1,LAND_B,4,0,1.0,0.1378643661737442,0.17754967510700226,0.11398522555828094,0.23861047625541687,0.006927598267793655,0,1,2.1138076782226562,0.006359552498906851,0.17754967510700226,https://wandb.ai/ememchijioke-university-of-klagenfurt/single-uav-rl-baseline/runs/sjth3aqr
2026-05-08T08:38:29.329260,411,3,3459.28990682468,1,LAND_B,4,0,1.0,0.1439620405435562,0.17832085490226746,0.12079285830259323,0.23680374026298523,0.013897326774895191,0,1,2.1206166744232178,0.006521680857986212,0.17832085490226746,https://wandb.ai/ememchijioke-university-of-klagenfurt/single-uav-rl-baseline/runs/sjth3aqr
2026-05-08T08:38:34.611108,412,3,3866.392887172294,1,LAND_B,4,0,1.0,0.14541257917881012,0.17816120386123657,0.12261991202831268,0.23879848420619965,0.014049527235329151,0,1,2.121748208999634,0.014595067128539085,0.17816120386123657,https://wandb.ai/ememchijioke-university-of-klagenfurt/single-uav-rl-baseline/runs/sjth3aqr
2026-05-08T08:38:39.531708,413,3,3847.8038336245595,1,LAND_B,4,0,1.0,0.13804061710834503,0.17790770530700684,0.11395439505577087,0.23821362853050232,0.01126805879175663,0,1,2.1136062145233154,0.00890122726559639,0.17790770530700684,https://wandb.ai/ememchijioke-university-of-klagenfurt/single-uav-rl-baseline/runs/sjth3aqr
2026-05-08T08:38:43.539221,414,3,3600.7988188643003,1,LAND_B,4,0,1.0,0.14290760457515717,0.1784599870443344,0.11944293230772018,0.24256309866905212,0.0058829933404922485,0,1,2.117877960205078,0.019271740689873695,0.1784599870443344,https://wandb.ai/ememchijioke-university-of-klagenfurt/single-uav-rl-baseline/runs/sjth3aqr
2026-05-08T08:38:47.481336,415,3,3852.7297900303347,1,LAND_B,4,0,1.0,0.14076103270053864,0.17975066602230072,0.11598922312259674,0.23288190364837646,0.013252325356006622,0,1,2.114922046661377,0.015697887167334557,0.17975066602230072,https://wandb.ai/ememchijioke-university-of-klagenfurt/single-uav-rl-baseline/runs/sjth3aqr
2026-05-08T08:38:51.682518,416,3,3810.0840013135185,1,LAND_B,4,0,1.0,0.13993418216705322,0.17967617511749268,0.1150360032916069,0.2380865514278412,0.0026044787373393774,0,1,2.1137473583221436,0.017170358449220657,0.17967617511749268,https://wandb.ai/ememchijioke-university-of-klagenfurt/single-uav-rl-baseline/runs/sjth3aqr
2026-05-08T08:38:56.232663,417,3,3747.000427569864,1,LAND_B,4,0,1.0,0.13888494670391083,0.1793513298034668,0.11398418992757797,0.24041847884655,0.013685623183846474,0,1,2.1136362552642822,0.00889932457357645,0.1793513298034668,https://wandb.ai/ememchijioke-university-of-klagenfurt/single-uav-rl-baseline/runs/sjth3aqr
2026-05-08T08:39:01.242416,418,3,3726.9190665047245,1,LAND_B,4,0,1.0,0.1435755044221878,0.17533357441425323,0.12222430109977722,0.22453172504901886,0.016838127747178078,0,1,2.1210620403289795,0.0168155450373888,0.17533357441425323,https://wandb.ai/ememchijioke-university-of-klagenfurt/single-uav-rl-baseline/runs/sjth3aqr
2026-05-08T08:39:06.474205,419,3,3752.9669199412733,1,LAND_B,4,0,1.0,0.14419984817504883,0.17965374886989594,0.12020348012447357,0.23978134989738464,0.003119127592071891,0,1,2.119905710220337,0.008455634117126465,0.17965374886989594,https://wandb.ai/ememchijioke-university-of-klagenfurt/single-uav-rl-baseline/runs/sjth3aqr
2026-05-08T08:39:11.447633,420,3,3646.5383864498594,1,LAND_B,4,0,1.0,0.14528979361057281,0.17996592819690704,0.12130364775657654,0.23304547369480133,0.008258934132754803,0,1,2.121025323867798,0.008212557062506676,0.17996592819690704,https://wandb.ai/ememchijioke-university-of-klagenfurt/single-uav-rl-baseline/runs/sjth3aqr
2026-05-08T08:39:15.575003,421,3,3805.3561859104334,1,LAND_B,4,0,1.0,0.1430116444826126,0.17542529106140137,0.12150454521179199,0.22633087635040283,0.010356191545724869,0,1,2.121384382247925,0.005402488633990288,0.17542529106140137,https://wandb.ai/ememchijioke-university-of-klagenfurt/single-uav-rl-baseline/runs/sjth3aqr
2026-05-08T08:39:19.498502,422,3,3618.177388351687,1,LAND_B,4,0,1.0,0.13684839010238647,0.1762564331293106,0.11363290250301361,0.2224823236465454,0.01153451669961214,0,1,2.1134397983551025,0.006621906533837318,0.1762564331293106,https://wandb.ai/ememchijioke-university-of-klagenfurt/single-uav-rl-baseline/runs/sjth3aqr
2026-05-08T08:39:23.789819,423,3,3792.6720455917534,1,LAND_B,4,0,1.0,0.14358633756637573,0.17575232684612274,0.12197795510292053,0.22446802258491516,0.025588497519493103,0,1,2.1218624114990234,0.005308080930262804,0.17575232684612274,https://wandb.ai/ememchijioke-university-of-klagenfurt/single-uav-rl-baseline/runs/sjth3aqr
2026-05-08T08:39:27.759684,424,3,3849.188860249519,1,LAND_B,4,0,1.0,0.13510900735855103,0.17600847780704498,0.11170119792222977,0.22913643717765808,0.012888845056295395,0,1,2.111109495162964,0.01148205902427435,0.17600847780704498,https://wandb.ai/ememchijioke-university-of-klagenfurt/single-uav-rl-baseline/runs/sjth3aqr
2026-05-08T08:39:32.561378,425,3,3536.9268065462115,1,LAND_B,4,0,1.0,0.14376389980316162,0.1754591166973114,0.1223682165145874,0.22533833980560303,0.011531297117471695,0,1,2.1213529109954834,0.015730587765574455,0.1754591166973114,https://wandb.ai/ememchijioke-university-of-klagenfurt/single-uav-rl-baseline/runs/sjth3aqr
2026-05-08T08:39:36.704898,426,3,3940.8871137196816,1,LAND_B,4,0,1.0,0.1380205750465393,0.1796783208847046,0.11269891262054443,0.23944665491580963,0.030920036137104034,0,1,2.110461711883545,0.022344036027789116,0.1796783208847046,https://wandb.ai/ememchijioke-university-of-klagenfurt/single-uav-rl-baseline/runs/sjth3aqr
2026-05-08T08:39:40.774872,427,3,3486.6078311002584,1,LAND_B,4,0,1.0,0.1448265016078949,0.17533822357654572,0.12368858605623245,0.2243238389492035,0.01056530699133873,0,1,2.1233320236206055,0.009384997189044952,0.17533822357654572,https://wandb.ai/ememchijioke-university-of-klagenfurt/single-uav-rl-baseline/runs/sjth3aqr
2026-05-08T08:39:44.778626,428,3,3815.467457415866,1,LAND_B,4,0,1.0,0.13811631500720978,0.1759491264820099,0.11535962671041489,0.22265389561653137,0.007427772507071495,0,1,2.1146812438964844,0.012492251582443714,0.1759491264820099,https://wandb.ai/ememchijioke-university-of-klagenfurt/single-uav-rl-baseline/runs/sjth3aqr
2026-05-08T08:39:49.054601,429,3,4520.605898927362,1,LAND_B,4,0,1.0,0.13025827705860138,0.17591921985149384,0.10584655404090881,0.22295787930488586,0.01769525185227394,0,1,2.105633497238159,0.006712503265589476,0.17591921985149384,https://wandb.ai/ememchijioke-university-of-klagenfurt/single-uav-rl-baseline/runs/sjth3aqr
2026-05-08T08:39:52.913011,430,3,4166.229184459026,1,LAND_B,4,0,1.0,0.1346515417098999,0.1759834736585617,0.11116451025009155,0.2176939845085144,0.010726852342486382,0,1,2.1103620529174805,0.013332869857549667,0.1759834736585617,https://wandb.ai/ememchijioke-university-of-klagenfurt/single-uav-rl-baseline/runs/sjth3aqr
2026-05-08T08:39:57.072269,431,3,3635.524112554087,1,LAND_B,4,0,1.0,0.14202092587947845,0.17995572090148926,0.11737556755542755,0.24090240895748138,0.01782345212996006,0,1,2.117263078689575,0.005137609783560038,0.17995572090148926,https://wandb.ai/ememchijioke-university-of-klagenfurt/single-uav-rl-baseline/runs/sjth3aqr
2026-05-08T08:40:01.167603,432,3,3537.1870439049626,1,LAND_B,4,0,1.0,0.1411038637161255,0.17643538117408752,0.11860831826925278,0.22563976049423218,0.014894894324243069,0,1,2.118393898010254,0.007128645665943623,0.17643538117408752,https://wandb.ai/ememchijioke-university-of-klagenfurt/single-uav-rl-baseline/runs/sjth3aqr
2026-05-08T08:40:05.281461,433,3,3544.075942394515,1,LAND_B,4,0,1.0,0.14008043706417084,0.17662619054317474,0.11726446449756622,0.22360168397426605,0.0014814232708886266,0,1,2.1159777641296387,0.017323805019259453,0.17662619054317474,https://wandb.ai/ememchijioke-university-of-klagenfurt/single-uav-rl-baseline/runs/sjth3aqr
2026-05-08T08:40:10.075539,434,3,3702.4168595055453,1,LAND_B,4,0,1.0,0.13491737842559814,0.17679175734519958,0.11093118041753769,0.22318816184997559,0.01818506047129631,0,1,2.1102092266082764,0.012635382823646069,0.17679175734519958,https://wandb.ai/ememchijioke-university-of-klagenfurt/single-uav-rl-baseline/runs/sjth3aqr
2026-05-08T08:40:14.666399,435,3,3753.2796144433914,1,LAND_B,4,0,1.0,0.14098575711250305,0.17693226039409637,0.11814571917057037,0.2239474505186081,0.015860913321375847,0,1,2.117861747741699,0.008186480961740017,0.17693226039409637,https://wandb.ai/ememchijioke-university-of-klagenfurt/single-uav-rl-baseline/runs/sjth3aqr
2026-05-08T08:40:18.895804,436,3,3901.916599983071,1,LAND_B,4,0,1.0,0.1439671516418457,0.17621617019176483,0.12213777005672455,0.2290249466896057,0.021675514057278633,0,1,2.1209559440612793,0.01694975048303604,0.17621617019176483,https://wandb.ai/ememchijioke-university-of-klagenfurt/single-uav-rl-baseline/runs/sjth3aqr
2026-05-08T08:40:23.466114,437,3,3685.9958210339337,1,LAND_B,4,0,1.0,0.1338469237089157,0.17663101851940155,0.10973916947841644,0.2249879091978073,0.012336410582065582,0,1,2.109196901321411,0.01089595165103674,0.17663101851940155,https://wandb.ai/ememchijioke-university-of-klagenfurt/single-uav-rl-baseline/runs/sjth3aqr
2026-05-08T08:40:28.641150,438,3,3544.6746486437964,1,LAND_B,4,0,1.0,0.1361052691936493,0.1762750893831253,0.11272423714399338,0.22404751181602478,0.01394550409168005,0,1,2.111826181411743,0.014200684614479542,0.1762750893831253,https://wandb.ai/ememchijioke-university-of-klagenfurt/single-uav-rl-baseline/runs/sjth3aqr
2026-05-08T08:40:33.310670,439,3,4753.16624704786,1,LAND_B,4,0,1.0,0.12396768480539322,0.1767437905073166,0.09735696017742157,0.22510509192943573,0.009191544726490974,0,1,2.0970280170440674,0.007996371947228909,0.1767437905073166,https://wandb.ai/ememchijioke-university-of-klagenfurt/single-uav-rl-baseline/runs/sjth3aqr
2026-05-08T08:40:37.282366,440,3,3849.4359470660825,1,LAND_B,4,0,1.0,0.14229676127433777,0.17734727263450623,0.11943940073251724,0.22329847514629364,0.013308943249285221,0,1,2.11893892288208,0.010922584682703018,0.17734727263450623,https://wandb.ai/ememchijioke-university-of-klagenfurt/single-uav-rl-baseline/runs/sjth3aqr
2026-05-08T08:40:41.247017,441,3,3669.734408038774,1,LAND_B,4,0,1.0,0.13838480412960052,0.17752279341220856,0.11463232338428497,0.22626709938049316,0.004409842658787966,0,1,2.113938331604004,0.012594704516232014,0.17752279341220856,https://wandb.ai/ememchijioke-university-of-klagenfurt/single-uav-rl-baseline/runs/sjth3aqr
2026-05-08T08:40:45.749330,442,3,3727.008382275742,1,LAND_B,4,0,1.0,0.14406698942184448,0.17862361669540405,0.12072127312421799,0.22561317682266235,0.008735248818993568,0,1,2.1205661296844482,0.006118318066000938,0.17862361669540405,https://wandb.ai/ememchijioke-university-of-klagenfurt/single-uav-rl-baseline/runs/sjth3aqr
2026-05-08T08:40:50.525467,443,3,3957.324616637637,1,LAND_B,4,0,1.0,0.14186349511146545,0.17767059803009033,0.11871195584535599,0.2209486961364746,0.005481255706399679,0,1,2.118180513381958,0.011220303364098072,0.17767059803009033,https://wandb.ai/ememchijioke-university-of-klagenfurt/single-uav-rl-baseline/runs/sjth3aqr
2026-05-08T08:40:54.771653,444,3,3543.26662548756,1,LAND_B,4,0,1.0,0.13695919513702393,0.177290678024292,0.11306622624397278,0.21976567804813385,0.02381502091884613,0,1,2.111720561981201,0.017392180860042572,0.177290678024292,https://wandb.ai/ememchijioke-university-of-klagenfurt/single-uav-rl-baseline/runs/sjth3aqr
2026-05-08T08:40:59.002661,445,3,3739.7504035025495,1,LAND_B,4,0,1.0,0.14257733523845673,0.17713098227977753,0.11991290748119354,0.2242230474948883,0.01702483743429184,0,1,2.1196236610412598,0.00832375418394804,0.17713098227977753,https://wandb.ai/ememchijioke-university-of-klagenfurt/single-uav-rl-baseline/runs/sjth3aqr
2026-05-08T08:41:03.448977,446,3,4749.523548615653,1,LAND_B,4,0,1.0,0.13102291524410248,0.17816732823848724,0.10515166819095612,0.22142985463142395,0.014050479978322983,0,1,2.1045033931732178,0.011658229865133762,0.17816732823848724,https://wandb.ai/ememchijioke-university-of-klagenfurt/single-uav-rl-baseline/runs/sjth3aqr
2026-05-08T08:41:07.205323,447,3,3908.842389579851,1,LAND_B,4,0,1.0,0.14263619482517242,0.1775496006011963,0.11971274763345718,0.21812424063682556,0.024340486153960228,0,1,2.118791103363037,0.01482619158923626,0.1775496006011963,https://wandb.ai/ememchijioke-university-of-klagenfurt/single-uav-rl-baseline/runs/sjth3aqr
2026-05-08T08:41:11.275589,448,3,3408.1384089468647,1,LAND_B,4,0,1.0,0.13766467571258545,0.17785298824310303,0.11353623867034912,0.22109325230121613,0.007385926321148872,0,1,2.111959934234619,0.018853364512324333,0.17785298824310303,https://wandb.ai/ememchijioke-university-of-klagenfurt/single-uav-rl-baseline/runs/sjth3aqr
2026-05-08T08:41:15.060570,449,3,3774.6373241942874,1,LAND_B,4,0,1.0,0.14461973309516907,0.17729848623275757,0.12222851812839508,0.2275395393371582,0.025440216064453125,0,1,2.1207375526428223,0.019033001735806465,0.17729848623275757,https://wandb.ai/ememchijioke-university-of-klagenfurt/single-uav-rl-baseline/runs/sjth3aqr
2026-05-08T08:41:19.928999,450,3,3547.671171783514,1,LAND_B,4,0,1.0,0.13636279106140137,0.17797380685806274,0.11187000572681427,0.22028180956840515,0.016494587063789368,0,1,2.1113455295562744,0.010819992050528526,0.17797380685806274,https://wandb.ai/ememchijioke-university-of-klagenfurt/single-uav-rl-baseline/runs/sjth3aqr
2026-05-08T08:41:24.841549,451,3,3555.139111349328,1,LAND_B,4,0,1.0,0.144161194562912,0.17707881331443787,0.12182491272687912,0.2269906848669052,0.011628872714936733,0,1,2.1216201782226562,0.007059773895889521,0.17707881331443787,https://wandb.ai/ememchijioke-university-of-klagenfurt/single-uav-rl-baseline/runs/sjth3aqr
2026-05-08T08:41:29.518446,452,3,3443.7675445838304,1,LAND_B,4,0,1.0,0.14489540457725525,0.1779017597436905,0.12217199057340622,0.22149106860160828,0.028175286948680878,0,1,2.120605945587158,0.01949872449040413,0.1779017597436905,https://wandb.ai/ememchijioke-university-of-klagenfurt/single-uav-rl-baseline/runs/sjth3aqr
2026-05-08T08:41:34.140742,453,3,3921.612198652906,1,LAND_B,4,0,1.0,0.14308026432991028,0.17813991010189056,0.11985873430967331,0.22156918048858643,0.006626076065003872,0,1,2.1195740699768066,0.008255776949226856,0.17813991010189056,https://wandb.ai/ememchijioke-university-of-klagenfurt/single-uav-rl-baseline/runs/sjth3aqr
2026-05-08T08:41:38.962184,454,3,3749.3413008392727,1,LAND_B,4,0,1.0,0.13814854621887207,0.17788894474506378,0.11409791558980942,0.22487127780914307,0.027673397213220596,0,1,2.1137936115264893,0.008327535353600979,0.17788894474506378,https://wandb.ai/ememchijioke-university-of-klagenfurt/single-uav-rl-baseline/runs/sjth3aqr
2026-05-08T08:41:43.904209,455,3,3741.308416029519,1,LAND_B,4,0,1.0,0.14510688185691833,0.1775587797164917,0.12264029681682587,0.2216518670320511,0.006417754106223583,0,1,2.1225295066833496,0.005211763549596071,0.1775587797164917,https://wandb.ai/ememchijioke-university-of-klagenfurt/single-uav-rl-baseline/runs/sjth3aqr
2026-05-08T08:41:47.777946,456,3,3829.9497090820996,1,LAND_B,4,0,1.0,0.13815957307815552,0.1783495992422104,0.11379546672105789,0.2257748544216156,0.015166022814810276,0,1,2.1137020587921143,0.004609881900250912,0.1783495992422104,https://wandb.ai/ememchijioke-university-of-klagenfurt/single-uav-rl-baseline/runs/sjth3aqr
2026-05-08T08:41:51.409784,457,3,3496.7500992438836,1,LAND_B,4,0,1.0,0.15035070478916168,0.17771519720554352,0.12870773673057556,0.22245635092258453,0.026926498860120773,0,1,2.127518892288208,0.017453214153647423,0.17771519720554352,https://wandb.ai/ememchijioke-university-of-klagenfurt/single-uav-rl-baseline/runs/sjth3aqr
2026-05-08T08:41:55.283193,458,3,3555.4916696086607,1,LAND_B,4,0,1.0,0.13956816494464874,0.1783478856086731,0.1155027374625206,0.21906337141990662,0.007995660416781902,0,1,2.1151092052459717,0.009526405483484268,0.1783478856086731,https://wandb.ai/ememchijioke-university-of-klagenfurt/single-uav-rl-baseline/runs/sjth3aqr
2026-05-08T08:41:59.231077,459,3,3781.3937951199273,1,LAND_B,4,0,1.0,0.1384979635477066,0.17803636193275452,0.1144203469157219,0.2235189974308014,0.012233670800924301,0,1,2.1135332584381104,0.014220199547708035,0.17803636193275452,https://wandb.ai/ememchijioke-university-of-klagenfurt/single-uav-rl-baseline/runs/sjth3aqr
2026-05-08T08:42:03.098122,460,3,3783.2242957867456,1,LAND_B,4,0,1.0,0.14298243820667267,0.17844215035438538,0.11954416334629059,0.2197488248348236,0.009670577012002468,0,1,2.1181156635284424,0.018425438553094864,0.17844215035438538,https://wandb.ai/ememchijioke-university-of-klagenfurt/single-uav-rl-baseline/runs/sjth3aqr
2026-05-08T08:42:07.074997,461,3,3757.566580929583,1,LAND_B,4,0,1.0,0.1339082419872284,0.1780267357826233,0.10882668942213058,0.22251476347446442,0.02779943309724331,0,1,2.1085400581359863,0.007893240079283714,0.1780267357826233,https://wandb.ai/ememchijioke-university-of-klagenfurt/single-uav-rl-baseline/runs/sjth3aqr
2026-05-08T08:42:11.792026,462,3,3526.9331107252397,1,LAND_B,4,0,1.0,0.13405732810497284,0.17728352546691895,0.1095382422208786,0.22710835933685303,0.0075609381310641766,0,1,2.1088452339172363,0.012302097864449024,0.17728352546691895,https://wandb.ai/ememchijioke-university-of-klagenfurt/single-uav-rl-baseline/runs/sjth3aqr
2026-05-08T08:42:15.683418,463,3,3426.1156337554803,1,LAND_B,4,0,1.0,0.14490994811058044,0.17752501368522644,0.12242860347032547,0.22388066351413727,0.007867056876420975,0,1,2.1219098567962646,0.011258331127464771,0.17752501368522644,https://wandb.ai/ememchijioke-university-of-klagenfurt/single-uav-rl-baseline/runs/sjth3aqr
2026-05-08T08:42:20.278389,464,3,3693.554888590971,1,LAND_B,4,0,1.0,0.14294199645519257,0.17913509905338287,0.11903802305459976,0.22378748655319214,0.01303468644618988,0,1,2.1186788082122803,0.009240708313882351,0.17913509905338287,https://wandb.ai/ememchijioke-university-of-klagenfurt/single-uav-rl-baseline/runs/sjth3aqr
2026-05-08T08:42:24.443300,465,3,3521.8815308362564,1,LAND_B,4,0,1.0,0.1369173377752304,0.17696261405944824,0.11323919892311096,0.224959596991539,0.01272741798311472,0,1,2.1131296157836914,0.004980533849447966,0.17696261405944824,https://wandb.ai/ememchijioke-university-of-klagenfurt/single-uav-rl-baseline/runs/sjth3aqr
2026-05-08T08:42:28.302132,466,3,3687.382946642579,1,LAND_B,4,0,1.0,0.13564516603946686,0.1784355193376541,0.11066834628582001,0.22339211404323578,0.004383046645671129,0,1,2.1094160079956055,0.01660177670419216,0.1784355193376541,https://wandb.ai/ememchijioke-university-of-klagenfurt/single-uav-rl-baseline/runs/sjth3aqr
2026-05-08T08:42:32.701028,467,3,4493.24811009974,1,LAND_B,4,0,1.0,0.13653503358364105,0.17833785712718964,0.11182572692632675,0.2262725532054901,0.016128163784742355,0,1,2.111104726791382,0.012678076513111591,0.17833785712718964,https://wandb.ai/ememchijioke-university-of-klagenfurt/single-uav-rl-baseline/runs/sjth3aqr
2026-05-08T08:42:37.371771,468,3,3905.482445997479,1,LAND_B,4,0,1.0,0.13999514281749725,0.17796358466148376,0.11627691239118576,0.22160722315311432,0.025610625743865967,0,1,2.1159377098083496,0.008875131607055664,0.17796358466148376,https://wandb.ai/ememchijioke-university-of-klagenfurt/single-uav-rl-baseline/runs/sjth3aqr
2026-05-08T08:42:42.367655,469,3,3755.2988258859637,1,LAND_B,4,0,1.0,0.14026913046836853,0.17899851500988007,0.11590799689292908,0.224258154630661,0.016485892236232758,0,1,2.1159026622772217,0.0011119624832645059,0.17899851500988007,https://wandb.ai/ememchijioke-university-of-klagenfurt/single-uav-rl-baseline/runs/sjth3aqr
2026-05-08T08:42:47.547120,470,3,3757.1618800179804,1,LAND_B,4,0,1.0,0.13543616235256195,0.17830508947372437,0.11050460487604141,0.22155886888504028,0.015020975843071938,0,1,2.1098995208740234,0.011548318900167942,0.17830508947372437,https://wandb.ai/ememchijioke-university-of-klagenfurt/single-uav-rl-baseline/runs/sjth3aqr
2026-05-08T08:42:52.556132,471,3,3538.3756465678553,1,LAND_B,4,0,1.0,0.13667795062065125,0.178117036819458,0.11215430498123169,0.22374483942985535,0.024505849927663803,0,1,2.112042188644409,0.005013752728700638,0.178117036819458,https://wandb.ai/ememchijioke-university-of-klagenfurt/single-uav-rl-baseline/runs/sjth3aqr
2026-05-08T08:42:57.617000,472,3,3571.7327076780452,1,LAND_B,4,0,1.0,0.1387079358100891,0.17897938191890717,0.11402697116136551,0.22794297337532043,0.023704633116722107,0,1,2.1139228343963623,0.004872115794569254,0.17897938191890717,https://wandb.ai/ememchijioke-university-of-klagenfurt/single-uav-rl-baseline/runs/sjth3aqr
2026-05-08T08:43:02.431191,473,3,3612.6674483828897,1,LAND_B,4,0,1.0,0.1358407437801361,0.17817068099975586,0.11109478771686554,0.22486770153045654,0.007838374003767967,0,1,2.110121250152588,0.01467525027692318,0.17817068099975586,https://wandb.ai/ememchijioke-university-of-klagenfurt/single-uav-rl-baseline/runs/sjth3aqr
2026-05-08T08:43:06.824265,474,3,3709.2784696296217,1,LAND_B,4,0,1.0,0.13407878577709198,0.179048091173172,0.10829828679561615,0.22068840265274048,0.00817949790507555,0,1,2.1076388359069824,0.011933148838579655,0.179048091173172,https://wandb.ai/ememchijioke-university-of-klagenfurt/single-uav-rl-baseline/runs/sjth3aqr
2026-05-08T08:43:11.461427,475,3,3688.6909725379846,1,LAND_B,4,0,1.0,0.13773074746131897,0.17847862839698792,0.1131850853562355,0.22135335206985474,0.014647339470684528,0,1,2.1123604774475098,0.01363769918680191,0.17847862839698792,https://wandb.ai/ememchijioke-university-of-klagenfurt/single-uav-rl-baseline/runs/sjth3aqr
2026-05-08T08:43:16.033893,476,3,3286.8704501173434,1,LAND_B,4,0,1.0,0.1375531703233719,0.1788386106491089,0.11271800100803375,0.22274793684482574,0.01407745573669672,0,1,2.1113438606262207,0.01754690147936344,0.1788386106491089,https://wandb.ai/ememchijioke-university-of-klagenfurt/single-uav-rl-baseline/runs/sjth3aqr
2026-05-08T08:43:20.152207,477,3,3645.5997133602673,1,LAND_B,4,0,1.0,0.14449426531791687,0.17828907072544098,0.12144717574119568,0.22437795996665955,0.01095014251768589,0,1,2.12062931060791,0.014070706441998482,0.17828907072544098,https://wandb.ai/ememchijioke-university-of-klagenfurt/single-uav-rl-baseline/runs/sjth3aqr
2026-05-08T08:43:24.417005,478,3,3792.057478082925,1,LAND_B,4,0,1.0,0.1389043927192688,0.17849844694137573,0.11459679156541824,0.22605374455451965,0.025295795872807503,0,1,2.1145920753479004,-0.0010400211904197931,0.17849844694137573,https://wandb.ai/ememchijioke-university-of-klagenfurt/single-uav-rl-baseline/runs/sjth3aqr
2026-05-08T08:43:28.435004,479,3,3687.1973956276756,1,LAND_B,4,0,1.0,0.14180311560630798,0.178475484251976,0.11810894310474396,0.22116567194461823,0.011629395186901093,0,1,2.1179938316345215,0.005213252268731594,0.178475484251976,https://wandb.ai/ememchijioke-university-of-klagenfurt/single-uav-rl-baseline/runs/sjth3aqr
2026-05-08T08:43:32.687053,480,3,3668.2449661276705,1,LAND_B,4,0,1.0,0.1425793170928955,0.17834359407424927,0.1191265881061554,0.22267025709152222,0.016348890960216522,0,1,2.1190125942230225,0.005210145376622677,0.17834359407424927,https://wandb.ai/ememchijioke-university-of-klagenfurt/single-uav-rl-baseline/runs/sjth3aqr
2026-05-08T08:43:37.019373,481,3,3528.422450398098,1,LAND_B,4,0,1.0,0.14232812821865082,0.17789366841316223,0.119121253490448,0.22291672229766846,0.0210663303732872,0,1,2.118006944656372,0.016255313530564308,0.17789366841316223,https://wandb.ai/ememchijioke-university-of-klagenfurt/single-uav-rl-baseline/runs/sjth3aqr
2026-05-08T08:43:41.286477,482,3,3484.6223011240368,1,LAND_B,4,0,1.0,0.15045183897018433,0.1769617199897766,0.12927740812301636,0.22638539969921112,0.02648293226957321,0,1,2.1280832290649414,0.01753094419836998,0.1769617199897766,https://wandb.ai/ememchijioke-university-of-klagenfurt/single-uav-rl-baseline/runs/sjth3aqr
2026-05-08T08:43:45.425354,483,3,3434.335970024127,1,LAND_B,4,0,1.0,0.14784488081932068,0.1764616072177887,0.1265374720096588,0.2222280502319336,0.007386197801679373,0,1,2.1256418228149414,0.015028784051537514,0.1764616072177887,https://wandb.ai/ememchijioke-university-of-klagenfurt/single-uav-rl-baseline/runs/sjth3aqr
2026-05-08T08:43:49.839586,484,3,3910.5109938497967,1,LAND_B,4,0,1.0,0.14737001061439514,0.1767834722995758,0.1257864087820053,0.2273724526166916,0.018920931965112686,0,1,2.1251602172851562,0.01253554504364729,0.1767834722995758,https://wandb.ai/ememchijioke-university-of-klagenfurt/single-uav-rl-baseline/runs/sjth3aqr
2026-05-08T08:43:54.118402,485,3,3565.5443357510403,1,LAND_B,4,0,1.0,0.14801274240016937,0.17649036645889282,0.12671619653701782,0.22476138174533844,0.021256178617477417,0,1,2.125715970993042,0.015889979898929596,0.17649036645889282,https://wandb.ai/ememchijioke-university-of-klagenfurt/single-uav-rl-baseline/runs/sjth3aqr
2026-05-08T08:43:59.132742,486,3,3590.624098390332,1,LAND_B,4,0,1.0,0.13865435123443604,0.17735029757022858,0.11507371068000793,0.2262003868818283,0.023287514224648476,0,1,2.1149368286132812,0.005611092783510685,0.17735029757022858,https://wandb.ai/ememchijioke-university-of-klagenfurt/single-uav-rl-baseline/runs/sjth3aqr
2026-05-08T08:44:03.938478,487,3,3285.8993320104455,1,LAND_B,4,0,1.0,0.14188750088214874,0.17713753879070282,0.11908762902021408,0.22216717898845673,0.016681313514709473,0,1,2.118020534515381,0.015906475484371185,0.17713753879070282,https://wandb.ai/ememchijioke-university-of-klagenfurt/single-uav-rl-baseline/runs/sjth3aqr
2026-05-08T08:44:08.815545,488,3,3513.749190014879,1,LAND_B,4,0,1.0,0.144367977976799,0.1770840287208557,0.12206623703241348,0.22095181047916412,0.011826773174107075,0,1,2.121224880218506,0.014307187870144844,0.1770840287208557,https://wandb.ai/ememchijioke-university-of-klagenfurt/single-uav-rl-baseline/runs/sjth3aqr
2026-05-08T08:44:13.418978,489,3,3564.2096752214256,1,LAND_B,4,0,1.0,0.137878879904747,0.1770159751176834,0.11436400562524796,0.22604408860206604,0.026394186541438103,0,1,2.1140618324279785,0.008308091200888157,0.1770159751176834,https://wandb.ai/ememchijioke-university-of-klagenfurt/single-uav-rl-baseline/runs/sjth3aqr
2026-05-08T08:44:18.617611,490,3,3777.855340282158,1,LAND_B,4,0,1.0,0.14296819269657135,0.176961749792099,0.12048565596342087,0.22624029219150543,0.018837247043848038,0,1,2.120337963104248,0.005963972769677639,0.176961749792099,https://wandb.ai/ememchijioke-university-of-klagenfurt/single-uav-rl-baseline/runs/sjth3aqr
2026-05-08T08:44:23.006853,491,3,3507.3464086404006,1,LAND_B,4,0,1.0,0.1394120156764984,0.17685982584953308,0.11631113290786743,0.2242525815963745,0.018252108246088028,0,1,2.1161298751831055,0.006490861997008324,0.17685982584953308,https://wandb.ai/ememchijioke-university-of-klagenfurt/single-uav-rl-baseline/runs/sjth3aqr
2026-05-08T08:44:27.458568,492,3,3616.105046451893,1,LAND_B,4,0,1.0,0.1410171091556549,0.17706656455993652,0.11809558421373367,0.2228706032037735,0.013423992320895195,0,1,2.11807918548584,0.0019680901896208525,0.17706656455993652,https://wandb.ai/ememchijioke-university-of-klagenfurt/single-uav-rl-baseline/runs/sjth3aqr
2026-05-08T08:44:32.031397,493,3,3557.0121285072714,1,LAND_B,4,0,1.0,0.15204308927059174,0.17812031507492065,0.13043895363807678,0.22445061802864075,0.010047025978565216,0,1,2.129323959350586,0.017018603160977364,0.17812031507492065,https://wandb.ai/ememchijioke-university-of-klagenfurt/single-uav-rl-baseline/runs/sjth3aqr
2026-05-08T08:44:36.172508,494,3,3527.331819264894,1,LAND_B,4,0,1.0,0.14024081826210022,0.17747752368450165,0.11689619719982147,0.22551310062408447,0.011087426915764809,0,1,2.115967035293579,0.014709471724927425,0.17747752368450165,https://wandb.ai/ememchijioke-university-of-klagenfurt/single-uav-rl-baseline/runs/sjth3aqr
2026-05-08T08:44:40.773377,495,3,3267.551114441867,1,LAND_B,4,0,1.0,0.14658300578594208,0.1784657984972,0.12381315231323242,0.22060906887054443,0.02820856124162674,0,1,2.122688055038452,0.016653472557663918,0.1784657984972,https://wandb.ai/ememchijioke-university-of-klagenfurt/single-uav-rl-baseline/runs/sjth3aqr
2026-05-08T08:44:45.817819,496,3,3678.2252585478723,1,LAND_B,4,0,1.0,0.14430631697177887,0.17806057631969452,0.12137075513601303,0.22453507781028748,0.027043435722589493,0,1,2.11987566947937,0.01899169571697712,0.17806057631969452,https://wandb.ai/ememchijioke-university-of-klagenfurt/single-uav-rl-baseline/runs/sjth3aqr
2026-05-08T08:44:50.766462,497,3,4587.943033700075,1,LAND_B,4,0,1.0,0.13911636173725128,0.17850980162620544,0.11484586447477341,0.2229783535003662,0.021913670003414154,0,1,2.114427328109741,0.009795894846320152,0.17850980162620544,https://wandb.ai/ememchijioke-university-of-klagenfurt/single-uav-rl-baseline/runs/sjth3aqr
2026-05-08T08:44:55.610914,498,3,3695.7777072390377,1,LAND_B,4,0,1.0,0.14653871953487396,0.17767159640789032,0.12426070123910904,0.22330988943576813,0.02331630513072014,0,1,2.124171018600464,0.004720109049230814,0.17767159640789032,https://wandb.ai/ememchijioke-university-of-klagenfurt/single-uav-rl-baseline/runs/sjth3aqr
2026-05-08T08:45:00.077283,499,3,3857.106280204939,1,LAND_B,4,0,1.0,0.14216157793998718,0.17830678820610046,0.11865057796239853,0.21963676810264587,0.030821826308965683,0,1,2.1171083450317383,0.019068194553256035,0.17830678820610046,https://wandb.ai/ememchijioke-university-of-klagenfurt/single-uav-rl-baseline/runs/sjth3aqr
2026-05-08T08:45:05.286297,500,3,3607.5281533484117,1,LAND_B,4,0,1.0,0.1393827497959137,0.1788337230682373,0.11494691669940948,0.22429266571998596,0.016039518639445305,0,1,2.1149120330810547,0.0028315859381109476,0.1788337230682373,https://wandb.ai/ememchijioke-university-of-klagenfurt/single-uav-rl-baseline/runs/sjth3aqr
2026-05-08T08:45:09.396522,501,3,3411.854604383187,1,LAND_B,4,0,1.0,0.14287777245044708,0.17813925445079803,0.11961735785007477,0.22133412957191467,0.009683577343821526,0,1,2.1186604499816895,0.015100008808076382,0.17813925445079803,https://wandb.ai/ememchijioke-university-of-klagenfurt/single-uav-rl-baseline/runs/sjth3aqr
2026-05-08T08:45:14.830583,502,3,3311.4341828090246,1,LAND_B,4,0,1.0,0.13806121051311493,0.1772337704896927,0.11443707346916199,0.22373762726783752,0.015359226614236832,0,1,2.1144347190856934,-0.0007341965101659298,0.1772337704896927,https://wandb.ai/ememchijioke-university-of-klagenfurt/single-uav-rl-baseline/runs/sjth3aqr
2026-05-08T08:45:20.731763,503,3,3442.8382110254415,1,LAND_B,4,0,1.0,0.1430828869342804,0.17796345055103302,0.119976706802845,0.22127224504947662,0.024771936237812042,0,1,2.1196956634521484,0.008207226172089577,0.17796345055103302,https://wandb.ai/ememchijioke-university-of-klagenfurt/single-uav-rl-baseline/runs/sjth3aqr
2026-05-08T08:45:25.428585,504,3,3364.2234591027263,1,LAND_B,4,0,1.0,0.13826444745063782,0.17799481749534607,0.11416596174240112,0.2212875932455063,0.006590715143829584,0,1,2.1133902072906494,0.013286353088915348,0.17799481749534607,https://wandb.ai/ememchijioke-university-of-klagenfurt/single-uav-rl-baseline/runs/sjth3aqr
2026-05-08T08:45:29.510857,505,3,3394.397240378515,1,LAND_B,4,0,1.0,0.14787527918815613,0.17687611281871796,0.12632165849208832,0.2204875946044922,0.008804879151284695,0,1,2.1247470378875732,0.019883081316947937,0.17687611281871796,https://wandb.ai/ememchijioke-university-of-klagenfurt/single-uav-rl-baseline/runs/sjth3aqr
2026-05-08T08:45:33.420983,506,3,3752.8103081552827,1,LAND_B,4,0,1.0,0.14660975337028503,0.17636336386203766,0.125152125954628,0.22434131801128387,0.02294040098786354,0,1,2.124711036682129,0.01049817819148302,0.17636336386203766,https://wandb.ai/ememchijioke-university-of-klagenfurt/single-uav-rl-baseline/runs/sjth3aqr
2026-05-08T08:45:38.737367,507,3,3612.2969916735283,1,LAND_B,4,0,1.0,0.14299970865249634,0.17781107127666473,0.1199764758348465,0.22222185134887695,0.008187495172023773,0,1,2.1196537017822266,0.008794654160737991,0.17781107127666473,https://wandb.ai/ememchijioke-university-of-klagenfurt/single-uav-rl-baseline/runs/sjth3aqr
2026-05-08T08:45:43.680930,508,3,3946.624060322001,1,LAND_B,4,0,1.0,0.1395842730998993,0.17728695273399353,0.1162346675992012,0.22530218958854675,0.0100975027307868,0,1,2.1156153678894043,0.011982681229710579,0.17728695273399353,https://wandb.ai/ememchijioke-university-of-klagenfurt/single-uav-rl-baseline/runs/sjth3aqr
2026-05-08T08:45:48.056417,509,3,3617.1276778865285,1,LAND_B,4,0,1.0,0.13800165057182312,0.17795802652835846,0.11387274414300919,0.2226337492465973,0.012011262588202953,0,1,2.1123549938201904,0.018529905006289482,0.17795802652835846,https://wandb.ai/ememchijioke-university-of-klagenfurt/single-uav-rl-baseline/runs/sjth3aqr
2026-05-08T08:45:52.117176,510,3,4499.467087133755,1,LAND_B,4,0,1.0,0.13041545450687408,0.1777312010526657,0.10471890866756439,0.2264421135187149,0.012240803800523281,0,1,2.1031031608581543,0.018324492499232292,0.1777312010526657,https://wandb.ai/ememchijioke-university-of-klagenfurt/single-uav-rl-baseline/runs/sjth3aqr
2026-05-08T08:45:55.894676,511,3,3902.4638362419437,1,LAND_B,4,0,1.0,0.13357241451740265,0.17747657001018524,0.1088070347905159,0.22190189361572266,0.006122913211584091,0,1,2.1078405380249023,0.014470282942056656,0.17747657001018524,https://wandb.ai/ememchijioke-university-of-klagenfurt/single-uav-rl-baseline/runs/sjth3aqr
2026-05-08T08:45:59.564994,512,3,3473.8886540779354,1,LAND_B,4,0,1.0,0.13887660205364227,0.17798951268196106,0.11491015553474426,0.22720973193645477,0.006684301886707544,0,1,2.114508628845215,0.009597806259989738,0.17798951268196106,https://wandb.ai/ememchijioke-university-of-klagenfurt/single-uav-rl-baseline/runs/sjth3aqr
2026-05-08T08:46:04.005807,513,3,4665.12038653219,1,LAND_B,4,0,1.0,0.13026748597621918,0.1787879317998886,0.10374044626951218,0.22304797172546387,0.011016260832548141,0,1,2.1032345294952393,0.010232849046587944,0.1787879317998886,https://wandb.ai/ememchijioke-university-of-klagenfurt/single-uav-rl-baseline/runs/sjth3aqr
2026-05-08T08:46:08.447137,514,3,4014.8713170873875,1,LAND_B,4,0,1.0,0.14229315519332886,0.17877401411533356,0.11849892884492874,0.22216859459877014,0.0035885325632989407,0,1,2.1183478832244873,0.005981221329420805,0.17877401411533356,https://wandb.ai/ememchijioke-university-of-klagenfurt/single-uav-rl-baseline/runs/sjth3aqr
2026-05-08T08:46:12.406459,515,3,3510.3414878455487,1,LAND_B,4,0,1.0,0.13944369554519653,0.17887087166309357,0.11499534547328949,0.22674326598644257,0.015365962870419025,0,1,2.1142337322235107,0.013213013298809528,0.17887087166309357,https://wandb.ai/ememchijioke-university-of-klagenfurt/single-uav-rl-baseline/runs/sjth3aqr
2026-05-08T08:46:17.034409,516,3,3658.600122752513,1,LAND_B,4,0,1.0,0.14494462311267853,0.17887873947620392,0.12160217761993408,0.22277328372001648,0.028400519862771034,0,1,2.121480941772461,0.005428575444966555,0.17887873947620392,https://wandb.ai/ememchijioke-university-of-klagenfurt/single-uav-rl-baseline/runs/sjth3aqr
2026-05-08T08:46:21.922876,517,3,3513.441587064535,1,LAND_B,4,0,1.0,0.14630937576293945,0.1792820245027542,0.12296663969755173,0.21960462629795074,0.017914677038788795,0,1,2.1229379177093506,0.002657578093931079,0.1792820245027542,https://wandb.ai/ememchijioke-university-of-klagenfurt/single-uav-rl-baseline/runs/sjth3aqr
2026-05-08T08:46:26.270144,518,3,3620.9859278801446,1,LAND_B,4,0,1.0,0.1446520835161209,0.1781105101108551,0.1217496395111084,0.2281283289194107,0.009599657729268074,0,1,2.1215176582336426,0.007512172684073448,0.1781105101108551,https://wandb.ai/ememchijioke-university-of-klagenfurt/single-uav-rl-baseline/runs/sjth3aqr
2026-05-08T08:46:31.495786,519,3,3422.7532719199494,1,LAND_B,4,0,1.0,0.13771063089370728,0.1783691942691803,0.1132364273071289,0.2274578958749771,0.030867917463183403,0,1,2.1132349967956543,-0.0005699346656911075,0.1783691942691803,https://wandb.ai/ememchijioke-university-of-klagenfurt/single-uav-rl-baseline/runs/sjth3aqr
2026-05-08T08:46:35.708525,520,3,3622.813734054154,1,LAND_B,4,0,1.0,0.13736450672149658,0.17893485724925995,0.11242017149925232,0.222506582736969,0.014979099854826927,0,1,2.1118721961975098,0.011086346581578255,0.17893485724925995,https://wandb.ai/ememchijioke-university-of-klagenfurt/single-uav-rl-baseline/runs/sjth3aqr
2026-05-08T08:46:39.510714,521,3,3493.864137805486,1,LAND_B,4,0,1.0,0.13997849822044373,0.17908620834350586,0.11549610644578934,0.22316038608551025,0.0036680453922599554,0,1,2.1154532432556152,0.003146427683532238,0.17908620834350586,https://wandb.ai/ememchijioke-university-of-klagenfurt/single-uav-rl-baseline/runs/sjth3aqr
2026-05-08T08:46:43.481241,522,3,3656.025429168165,1,LAND_B,4,0,1.0,0.14397463202476501,0.1788213551044464,0.12048190087080002,0.2242652028799057,0.01816536858677864,0,1,2.1204261779785156,-0.0036637261509895325,0.1788213551044464,https://wandb.ai/ememchijioke-university-of-klagenfurt/single-uav-rl-baseline/runs/sjth3aqr
2026-05-08T08:46:49.035667,523,3,3797.5168388083475,1,LAND_B,4,0,1.0,0.1484096348285675,0.17927879095077515,0.12546032667160034,0.2259529083967209,0.0030357614159584045,0,1,2.1245691776275635,0.014926955103874207,0.17927879095077515,https://wandb.ai/ememchijioke-university-of-klagenfurt/single-uav-rl-baseline/runs/sjth3aqr
2026-05-08T08:46:54.672690,524,3,3363.8978535738775,1,LAND_B,4,0,1.0,0.14801162481307983,0.17587681114673615,0.12708324193954468,0.20924951136112213,0.01479523628950119,0,1,2.1263654232025146,0.013488142751157284,0.17587681114673615,https://wandb.ai/ememchijioke-university-of-klagenfurt/single-uav-rl-baseline/runs/sjth3aqr
2026-05-08T08:46:58.903049,525,3,3380.717512093086,1,LAND_B,4,0,1.0,0.14093425869941711,0.17589817941188812,0.11875155568122864,0.21395793557167053,0.008783514611423016,0,1,2.118691921234131,0.0037630407605320215,0.17589817941188812,https://wandb.ai/ememchijioke-university-of-klagenfurt/single-uav-rl-baseline/runs/sjth3aqr
2026-05-08T08:47:04.528225,526,3,3346.775783312609,1,LAND_B,4,0,1.0,0.13985575735569,0.1761564016342163,0.11730233579874039,0.2130344957113266,0.010381391271948814,0,1,2.117067337036133,0.00742131844162941,0.1761564016342163,https://wandb.ai/ememchijioke-university-of-klagenfurt/single-uav-rl-baseline/runs/sjth3aqr
2026-05-08T08:47:08.533836,527,3,3370.849011103323,1,LAND_B,4,0,1.0,0.14320097863674164,0.17642594873905182,0.12110158801078796,0.20867744088172913,0.02190582826733589,0,1,2.120516777038574,0.011887029744684696,0.17642594873905182,https://wandb.ai/ememchijioke-university-of-klagenfurt/single-uav-rl-baseline/runs/sjth3aqr
2026-05-08T08:47:13.590843,528,3,3497.0377766460815,1,LAND_B,4,0,1.0,0.1401267796754837,0.17584410309791565,0.1178269311785698,0.21196946501731873,0.019643958657979965,0,1,2.1178267002105713,0.00023172138025984168,0.17584410309791565,https://wandb.ai/ememchijioke-university-of-klagenfurt/single-uav-rl-baseline/runs/sjth3aqr
2026-05-08T08:47:18.829129,529,3,3510.9589128507587,1,LAND_B,4,0,1.0,0.1432856321334839,0.1757449209690094,0.12162845581769943,0.21167321503162384,0.013582329265773296,0,1,2.121438503265381,0.006794869899749756,0.1757449209690094,https://wandb.ai/ememchijioke-university-of-klagenfurt/single-uav-rl-baseline/runs/sjth3aqr
2026-05-08T08:47:23.294152,530,3,3870.3534447745847,1,LAND_B,4,0,1.0,0.1455729901790619,0.1757364422082901,0.12432009726762772,0.21068543195724487,0.010967981070280075,0,1,2.123643636703491,0.012951357290148735,0.1757364422082901,https://wandb.ai/ememchijioke-university-of-klagenfurt/single-uav-rl-baseline/runs/sjth3aqr
2026-05-08T08:47:29.010728,531,3,3550.014112280703,1,LAND_B,4,0,1.0,0.14448556303977966,0.17965704202651978,0.12054391205310822,0.21903544664382935,0.013462180271744728,0,1,2.1200013160705566,0.011424515396356583,0.17965704202651978,https://wandb.ai/ememchijioke-university-of-klagenfurt/single-uav-rl-baseline/runs/sjth3aqr
2026-05-08T08:47:34.611172,532,3,3520.250117392632,1,LAND_B,4,0,1.0,0.1479828804731369,0.17968964576721191,0.1246936097741127,0.21926414966583252,0.016978932544589043,0,1,2.1240592002868652,0.012562260963022709,0.17968964576721191,https://wandb.ai/ememchijioke-university-of-klagenfurt/single-uav-rl-baseline/runs/sjth3aqr
2026-05-08T08:47:39.415340,533,3,3683.740894247019,1,LAND_B,4,0,1.0,0.13872811198234558,0.1789921224117279,0.11404269188642502,0.21695460379123688,0.020501913502812386,0,1,2.11313796043396,0.014336582273244858,0.1789921224117279,https://wandb.ai/ememchijioke-university-of-klagenfurt/single-uav-rl-baseline/runs/sjth3aqr
2026-05-08T08:47:43.589782,534,3,3485.398694338767,1,LAND_B,4,0,1.0,0.13631968200206757,0.17894601821899414,0.11113317310810089,0.22578412294387817,0.015343206003308296,0,1,2.111124277114868,0.001405834686011076,0.17894601821899414,https://wandb.ai/ememchijioke-university-of-klagenfurt/single-uav-rl-baseline/runs/sjth3aqr
2026-05-08T08:47:48.244347,535,3,3427.4506496046865,1,LAND_B,4,0,1.0,0.14745531976222992,0.17968890070915222,0.124067522585392,0.22066858410835266,0.008366566151380539,0,1,2.123666763305664,0.009963971562683582,0.17968890070915222,https://wandb.ai/ememchijioke-university-of-klagenfurt/single-uav-rl-baseline/runs/sjth3aqr
2026-05-08T08:47:53.699856,536,3,3687.2857846266643,1,LAND_B,4,0,1.0,0.1395212560892105,0.17878112196922302,0.11515084654092789,0.22363226115703583,0.007591770496219397,0,1,2.114743709564209,0.009674614295363426,0.17878112196922302,https://wandb.ai/ememchijioke-university-of-klagenfurt/single-uav-rl-baseline/runs/sjth3aqr
2026-05-08T08:47:58.809312,537,3,3852.43754678605,1,LAND_B,4,0,1.0,0.14641204476356506,0.1785164624452591,0.12357853353023529,0.22463715076446533,0.010146432556211948,0,1,2.123250961303711,0.008991886861622334,0.1785164624452591,https://wandb.ai/ememchijioke-university-of-klagenfurt/single-uav-rl-baseline/runs/sjth3aqr
2026-05-08T08:48:04.337558,538,3,3633.31099355465,1,LAND_B,4,0,1.0,0.14358310401439667,0.17822055518627167,0.12040619552135468,0.22106902301311493,0.01230269018560648,0,1,2.119938850402832,0.01059834472835064,0.17822055518627167,https://wandb.ai/ememchijioke-university-of-klagenfurt/single-uav-rl-baseline/runs/sjth3aqr
2026-05-08T08:48:10.333986,539,3,3862.2819403905214,1,LAND_B,4,0,1.0,0.14162173867225647,0.17833499610424042,0.11798451095819473,0.22015945613384247,0.01402921974658966,0,1,2.1179587841033936,-0.0024637416936457157,0.17833499610424042,https://wandb.ai/ememchijioke-university-of-klagenfurt/single-uav-rl-baseline/runs/sjth3aqr
2026-05-08T08:48:15.306039,540,3,3426.4477646472765,1,LAND_B,4,0,1.0,0.14573469758033752,0.17701852321624756,0.1237204521894455,0.22621485590934753,0.03196335583925247,0,1,2.12353253364563,0.006816329900175333,0.17701852321624756,https://wandb.ai/ememchijioke-university-of-klagenfurt/single-uav-rl-baseline/runs/sjth3aqr
2026-05-08T08:48:19.929167,541,3,3462.1467172504026,1,LAND_B,4,0,1.0,0.13784083724021912,0.17795012891292572,0.11368321627378464,0.22174595296382904,0.017819534987211227,0,1,2.113408088684082,0.007904385216534138,0.17795012891292572,https://wandb.ai/ememchijioke-university-of-klagenfurt/single-uav-rl-baseline/runs/sjth3aqr
2026-05-08T08:48:25.501962,542,3,4785.114160720941,1,LAND_B,4,0,1.0,0.13321901857852936,0.17870694398880005,0.1074826642870903,0.23024839162826538,0.012312603183090687,0,1,2.1071786880493164,0.008077886886894703,0.17870694398880005,https://wandb.ai/ememchijioke-university-of-klagenfurt/single-uav-rl-baseline/runs/sjth3aqr
2026-05-08T08:48:30.362484,543,3,3905.694228206695,1,LAND_B,4,0,1.0,0.13817957043647766,0.17915017902851105,0.11326447874307632,0.2232975959777832,0.01084852870553732,0,1,2.113123893737793,-0.005641525145620108,0.17915017902851105,https://wandb.ai/ememchijioke-university-of-klagenfurt/single-uav-rl-baseline/runs/sjth3aqr
2026-05-08T08:48:34.838443,544,3,3615.0281691795417,1,LAND_B,4,0,1.0,0.13836976885795593,0.17812895774841309,0.11420182883739471,0.22779512405395508,0.029063640162348747,0,1,2.1141958236694336,-0.0011710809776559472,0.17812895774841309,https://wandb.ai/ememchijioke-university-of-klagenfurt/single-uav-rl-baseline/runs/sjth3aqr
2026-05-08T08:48:39.234646,545,3,3507.0284719928877,1,LAND_B,4,0,1.0,0.13549605011940002,0.17806412279605865,0.11074823886156082,0.22512853145599365,0.004728227853775024,0,1,2.1107187271118164,0.002556525869295001,0.17806412279605865,https://wandb.ai/ememchijioke-university-of-klagenfurt/single-uav-rl-baseline/runs/sjth3aqr
2026-05-08T08:48:44.019556,546,3,3866.1945601284183,1,LAND_B,4,0,1.0,0.1381010115146637,0.17819823324680328,0.11382849514484406,0.2207220494747162,0.014020301401615143,0,1,2.113804578781128,-0.0023330729454755783,0.17819823324680328,https://wandb.ai/ememchijioke-university-of-klagenfurt/single-uav-rl-baseline/runs/sjth3aqr
2026-05-08T08:48:48.779944,547,3,3642.1554903974475,1,LAND_B,4,0,1.0,0.1386103630065918,0.17760509252548218,0.11484895646572113,0.22427310049533844,0.006756673101335764,0,1,2.114802360534668,0.0032713115215301514,0.17760509252548218,https://wandb.ai/ememchijioke-university-of-klagenfurt/single-uav-rl-baseline/runs/sjth3aqr
2026-05-08T08:48:54.254047,548,3,3620.580923246482,1,LAND_B,4,0,1.0,0.13838240504264832,0.17859923839569092,0.113894023001194,0.2189658284187317,0.01474032923579216,0,1,2.113757610321045,0.005572647321969271,0.17859923839569092,https://wandb.ai/ememchijioke-university-of-klagenfurt/single-uav-rl-baseline/runs/sjth3aqr
2026-05-08T08:48:59.558937,549,3,3373.0883522232166,1,LAND_B,4,0,1.0,0.13399638235569,0.17786173522472382,0.1090531200170517,0.2243763953447342,0.01048707589507103,0,1,2.10904860496521,-0.0009921048767864704,0.17786173522472382,https://wandb.ai/ememchijioke-university-of-klagenfurt/single-uav-rl-baseline/runs/sjth3aqr
2026-05-08T08:49:04.961185,550,3,3455.8317203587376,1,LAND_B,4,0,1.0,0.13718067109584808,0.17732395231723785,0.11331170052289963,0.22344274818897247,0.005867786705493927,0,1,2.113307237625122,0.0010057494509965181,0.17732395231723785,https://wandb.ai/ememchijioke-university-of-klagenfurt/single-uav-rl-baseline/runs/sjth3aqr
2026-05-08T08:49:09.377129,551,3,3468.222477351589,1,LAND_B,4,0,1.0,0.13796010613441467,0.17738845944404602,0.11421041190624237,0.22809748351573944,0.014271535910665989,0,1,2.113959789276123,0.0075619895942509174,0.17738845944404602,https://wandb.ai/ememchijioke-university-of-klagenfurt/single-uav-rl-baseline/runs/sjth3aqr
2026-05-08T08:49:14.020201,552,3,3713.806033286049,1,LAND_B,4,0,1.0,0.13854168355464935,0.17713016271591187,0.11508576571941376,0.2221229374408722,0.012679756619036198,0,1,2.1150856018066406,-0.00019575294572860003,0.17713016271591187,https://wandb.ai/ememchijioke-university-of-klagenfurt/single-uav-rl-baseline/runs/sjth3aqr
2026-05-08T08:49:19.563520,553,3,3324.9272064151173,1,LAND_B,4,0,1.0,0.14564622938632965,0.17720352113246918,0.1235007718205452,0.224168598651886,0.0110564474016428,0,1,2.1234562397003174,-0.00331630976870656,0.17720352113246918,https://wandb.ai/ememchijioke-university-of-klagenfurt/single-uav-rl-baseline/runs/sjth3aqr
2026-05-08T08:49:24.736314,554,3,3345.011499883302,1,LAND_B,4,0,1.0,0.1421830654144287,0.17692036926746368,0.11957959830760956,0.22191506624221802,0.017207514494657516,0,1,2.1190857887268066,0.010856159031391144,0.17692036926746368,https://wandb.ai/ememchijioke-university-of-klagenfurt/single-uav-rl-baseline/runs/sjth3aqr
2026-05-08T08:49:29.748812,555,3,3667.006576759847,1,LAND_B,4,0,1.0,0.14167283475399017,0.1774500012397766,0.1186283752322197,0.22935131192207336,0.008263178169727325,0,1,2.118595838546753,0.002778051421046257,0.1774500012397766,https://wandb.ai/ememchijioke-university-of-klagenfurt/single-uav-rl-baseline/runs/sjth3aqr
2026-05-08T08:49:34.224693,556,3,3730.1611210621136,1,LAND_B,4,0,1.0,0.13652727007865906,0.1777990162372589,0.11219184100627899,0.2289917767047882,0.018777506425976753,0,1,2.111682415008545,0.010679326951503754,0.1777990162372589,https://wandb.ai/ememchijioke-university-of-klagenfurt/single-uav-rl-baseline/runs/sjth3aqr
2026-05-08T08:49:39.697882,557,3,4695.562148285257,1,LAND_B,4,0,1.0,0.12404168397188187,0.17786483466625214,0.09655778855085373,0.22257651388645172,0.0070882090367376804,0,1,2.095552444458008,0.013897397555410862,0.17786483466625214,https://wandb.ai/ememchijioke-university-of-klagenfurt/single-uav-rl-baseline/runs/sjth3aqr
2026-05-08T08:49:44.651171,558,3,3666.6685341190014,1,LAND_B,4,0,1.0,0.14107920229434967,0.17827464640140533,0.11737300455570221,0.22654829919338226,0.015365289524197578,0,1,2.117274284362793,0.004812939092516899,0.17827464640140533,https://wandb.ai/ememchijioke-university-of-klagenfurt/single-uav-rl-baseline/runs/sjth3aqr
2026-05-08T08:49:50.032943,559,3,3566.805337251062,1,LAND_B,4,0,1.0,0.14633652567863464,0.1781199425458908,0.12374026328325272,0.2220984697341919,0.019465051591396332,0,1,2.122783899307251,0.015354711562395096,0.1781199425458908,https://wandb.ai/ememchijioke-university-of-klagenfurt/single-uav-rl-baseline/runs/sjth3aqr
2026-05-08T08:49:54.567274,560,3,3661.711553691134,1,LAND_B,4,0,1.0,0.13555940985679626,0.17778047919273376,0.11102499812841415,0.22193223237991333,0.011694616638123989,0,1,2.111018180847168,0.0012302445247769356,0.17778047919273376,https://wandb.ai/ememchijioke-university-of-klagenfurt/single-uav-rl-baseline/runs/sjth3aqr
2026-05-08T08:49:59.473316,561,3,3416.273335050136,1,LAND_B,4,0,1.0,0.14923563599586487,0.17836083471775055,0.12700730562210083,0.22529761493206024,0.0015825291629880667,0,1,2.125922203063965,0.01656661555171013,0.17836083471775055,https://wandb.ai/ememchijioke-university-of-klagenfurt/single-uav-rl-baseline/runs/sjth3aqr
2026-05-08T08:50:03.753050,562,3,3421.339427602465,1,LAND_B,4,0,1.0,0.13641907274723053,0.17762874066829681,0.11217817664146423,0.21786876022815704,0.02239106595516205,0,1,2.1119163036346436,0.0076606664806604385,0.17762874066829681,https://wandb.ai/ememchijioke-university-of-klagenfurt/single-uav-rl-baseline/runs/sjth3aqr
2026-05-08T08:50:08.705092,563,3,3421.3096174389,1,LAND_B,4,0,1.0,0.13906724750995636,0.17782151699066162,0.11525411158800125,0.22187450528144836,0.02798125334084034,0,1,2.1141438484191895,0.015959080308675766,0.17782151699066162,https://wandb.ai/ememchijioke-university-of-klagenfurt/single-uav-rl-baseline/runs/sjth3aqr
2026-05-08T08:50:13.652540,564,3,4712.133962515263,1,LAND_B,4,0,1.0,0.13148841261863708,0.17726923525333405,0.10638922452926636,0.22208285331726074,0.01244139950722456,0,1,2.1063194274902344,0.0038532011676579714,0.17726923525333405,https://wandb.ai/ememchijioke-university-of-klagenfurt/single-uav-rl-baseline/runs/sjth3aqr
2026-05-08T08:50:17.756887,565,3,3969.666399824622,1,LAND_B,4,0,1.0,0.1321965754032135,0.17728571593761444,0.1072513535618782,0.22216179966926575,0.011544173583388329,0,1,2.1072349548339844,-0.001875245594419539,0.17728571593761444,https://wandb.ai/ememchijioke-university-of-klagenfurt/single-uav-rl-baseline/runs/sjth3aqr
2026-05-08T08:50:22.678290,566,3,3748.415864438801,1,LAND_B,4,0,1.0,0.14520961046218872,0.17754428088665009,0.12277098745107651,0.2194438874721527,0.007577376440167427,0,1,2.122653007507324,0.00538092665374279,0.17754428088665009,https://wandb.ai/ememchijioke-university-of-klagenfurt/single-uav-rl-baseline/runs/sjth3aqr
2026-05-08T08:50:26.942017,567,3,3643.0596747433747,1,LAND_B,4,0,1.0,0.14189273118972778,0.17718346416950226,0.119064100086689,0.22283004224300385,0.010745487175881863,0,1,2.119049072265625,0.0018914778484031558,0.17718346416950226,https://wandb.ai/ememchijioke-university-of-klagenfurt/single-uav-rl-baseline/runs/sjth3aqr
2026-05-08T08:50:31.606141,568,3,3761.996286660587,1,LAND_B,4,0,1.0,0.13609735667705536,0.17625926434993744,0.1127254068851471,0.225793719291687,0.006028380710631609,0,1,2.112474203109741,0.007521365769207478,0.17625926434993744,https://wandb.ai/ememchijioke-university-of-klagenfurt/single-uav-rl-baseline/runs/sjth3aqr
2026-05-08T08:50:36.386855,569,3,4768.677679132547,1,LAND_B,4,0,1.0,0.12630073726177216,0.17701581120491028,0.10010215640068054,0.22419880330562592,0.007848511449992657,0,1,2.1000890731811523,0.0016186409629881382,0.17701581120491028,https://wandb.ai/ememchijioke-university-of-klagenfurt/single-uav-rl-baseline/runs/sjth3aqr
2026-05-08T08:50:40.353346,570,3,3758.4431261525046,1,LAND_B,4,0,1.0,0.13454215228557587,0.1761922985315323,0.11088880151510239,0.2230541855096817,0.00471226591616869,0,1,2.1108014583587646,0.004400258883833885,0.1761922985315323,https://wandb.ai/ememchijioke-university-of-klagenfurt/single-uav-rl-baseline/runs/sjth3aqr
2026-05-08T08:50:44.490620,571,3,3700.0007664523923,1,LAND_B,4,0,1.0,0.13809172809123993,0.175935760140419,0.1153390035033226,0.2226775735616684,0.02358752116560936,0,1,2.1148951053619385,0.010109402239322662,0.175935760140419,https://wandb.ai/ememchijioke-university-of-klagenfurt/single-uav-rl-baseline/runs/sjth3aqr
2026-05-08T08:50:48.963404,572,3,3543.7070567937103,1,LAND_B,4,0,1.0,0.13683226704597473,0.17547498643398285,0.11413412541151047,0.2236936241388321,0.012075415812432766,0,1,2.113909959793091,0.007149791345000267,0.17547498643398285,https://wandb.ai/ememchijioke-university-of-klagenfurt/single-uav-rl-baseline/runs/sjth3aqr
2026-05-08T08:50:53.202322,573,3,3464.9991252413984,1,LAND_B,4,0,1.0,0.13324198126792908,0.17536553740501404,0.10987929999828339,0.22175109386444092,0.02330717444419861,0,1,2.109508752822876,0.009016280993819237,0.17536553740501404,https://wandb.ai/ememchijioke-university-of-klagenfurt/single-uav-rl-baseline/runs/sjth3aqr
2026-05-08T08:50:58.290452,574,3,3561.13073105271,1,LAND_B,4,0,1.0,0.14567676186561584,0.17998568713665009,0.12175388634204865,0.23410162329673767,0.005044326651841402,0,1,2.1217525005340576,-0.0005805508117191494,0.17998568713665009,https://wandb.ai/ememchijioke-university-of-klagenfurt/single-uav-rl-baseline/runs/sjth3aqr
2026-05-08T08:51:02.428450,575,3,3666.2711733717024,1,LAND_B,4,0,1.0,0.1444709300994873,0.17547543346881866,0.1231880933046341,0.22634713351726532,0.026493307203054428,0,1,2.122333526611328,0.014484995976090431,0.17547543346881866,https://wandb.ai/ememchijioke-university-of-klagenfurt/single-uav-rl-baseline/runs/sjth3aqr
2026-05-08T08:51:08.397396,576,3,4715.060207629939,1,LAND_B,4,0,1.0,0.13072088360786438,0.1754196584224701,0.10676995664834976,0.22309833765029907,0.0049235704354941845,0,1,2.1060853004455566,0.012072007171809673,0.1754196584224701,https://wandb.ai/ememchijioke-university-of-klagenfurt/single-uav-rl-baseline/runs/sjth3aqr
2026-05-08T08:51:13.493958,577,3,3701.6629133685838,1,LAND_B,4,0,1.0,0.13655278086662292,0.17996783554553986,0.11068788170814514,0.23643779754638672,0.007037848234176636,0,1,2.1105995178222656,0.004421846475452185,0.17996783554553986,https://wandb.ai/ememchijioke-university-of-klagenfurt/single-uav-rl-baseline/runs/sjth3aqr
2026-05-08T08:51:18.380521,578,3,3413.7477343981,1,LAND_B,4,0,1.0,0.13904613256454468,0.17943017184734344,0.11412569135427475,0.23771528899669647,0.004598715808242559,0,1,2.113882541656494,0.007445829920470715,0.17943017184734344,https://wandb.ai/ememchijioke-university-of-klagenfurt/single-uav-rl-baseline/runs/sjth3aqr
2026-05-08T08:51:23.384732,579,3,3545.9027023148965,1,LAND_B,4,0,1.0,0.15012407302856445,0.17862051725387573,0.12789079546928406,0.2367006540298462,0.011582460254430771,0,1,2.1278865337371826,-0.0010436361189931631,0.17862051725387573,https://wandb.ai/ememchijioke-university-of-klagenfurt/single-uav-rl-baseline/runs/sjth3aqr
2026-05-08T08:51:28.435881,580,3,3494.7005106906117,1,LAND_B,4,0,1.0,0.14291249215602875,0.1795811653137207,0.11870476603507996,0.24306172132492065,0.004473530221730471,0,1,2.118147850036621,0.011485080234706402,0.1795811653137207,https://wandb.ai/ememchijioke-university-of-klagenfurt/single-uav-rl-baseline/runs/sjth3aqr
2026-05-08T08:51:33.087958,581,3,3387.928859508683,1,LAND_B,4,0,1.0,0.14648623764514923,0.17942149937152863,0.12308713793754578,0.2373124063014984,0.00969658698886633,0,1,2.122990131378174,0.004885820671916008,0.17942149937152863,https://wandb.ai/ememchijioke-university-of-klagenfurt/single-uav-rl-baseline/runs/sjth3aqr
2026-05-08T08:51:37.876198,582,3,3461.7252917758838,1,LAND_B,4,0,1.0,0.14193974435329437,0.17918825149536133,0.11779690533876419,0.23710253834724426,0.015700966119766235,0,1,2.1177961826324463,-0.00041258297278545797,0.17918825149536133,https://wandb.ai/ememchijioke-university-of-klagenfurt/single-uav-rl-baseline/runs/sjth3aqr
2026-05-08T08:51:41.857605,583,3,3607.271931976038,1,LAND_B,4,0,1.0,0.1350325644016266,0.1798442304134369,0.1088976338505745,0.2378861904144287,0.009518465958535671,0,1,2.108778476715088,0.005092826671898365,0.1798442304134369,https://wandb.ai/ememchijioke-university-of-klagenfurt/single-uav-rl-baseline/runs/sjth3aqr
2026-05-08T08:51:46.958565,584,3,3717.0997933904946,1,LAND_B,4,0,1.0,0.14404407143592834,0.17946147918701172,0.12014394998550415,0.24168024957180023,0.01807936280965805,0,1,2.12014102935791,-0.0008380811777897179,0.17946147918701172,https://wandb.ai/ememchijioke-university-of-klagenfurt/single-uav-rl-baseline/runs/sjth3aqr
2026-05-08T08:51:51.052190,585,3,3618.009661619501,1,LAND_B,4,0,1.0,0.1381882131099701,0.17939484119415283,0.11310367286205292,0.2379084825515747,0.00505841663107276,0,1,2.113053560256958,0.003366387216374278,0.17939484119415283,https://wandb.ai/ememchijioke-university-of-klagenfurt/single-uav-rl-baseline/runs/sjth3aqr
2026-05-08T08:51:55.280468,586,3,3764.73301971942,1,LAND_B,4,0,1.0,0.14549033343791962,0.17939303815364838,0.12191875278949738,0.24052190780639648,0.01851390302181244,0,1,2.1213042736053467,0.012225166894495487,0.17939303815364838,https://wandb.ai/ememchijioke-university-of-klagenfurt/single-uav-rl-baseline/runs/sjth3aqr
2026-05-08T08:52:00.318200,587,3,3640.8748820618034,1,LAND_B,4,0,1.0,0.1464020013809204,0.17969682812690735,0.12280863523483276,0.23744724690914154,0.008790109306573868,0,1,2.1228020191192627,0.0012748241424560547,0.17969682812690735,https://wandb.ai/ememchijioke-university-of-klagenfurt/single-uav-rl-baseline/runs/sjth3aqr
2026-05-08T08:52:04.669230,588,3,3462.895731457587,1,LAND_B,4,0,1.0,0.1436993032693863,0.1791161596775055,0.11995884031057358,0.2393014281988144,0.021267443895339966,0,1,2.1199569702148438,0.0006699354271404445,0.1791161596775055,https://wandb.ai/ememchijioke-university-of-klagenfurt/single-uav-rl-baseline/runs/sjth3aqr
2026-05-08T08:52:09.326761,589,3,3630.268420794666,1,LAND_B,4,0,1.0,0.14411067962646484,0.1790267825126648,0.12050999701023102,0.23942722380161285,0.027197014540433884,0,1,2.1199865341186523,0.01122007705271244,0.1790267825126648,https://wandb.ai/ememchijioke-university-of-klagenfurt/single-uav-rl-baseline/runs/sjth3aqr
2026-05-08T08:52:14.491218,590,3,3506.260940692105,1,LAND_B,4,0,1.0,0.13959208130836487,0.1789816915988922,0.11509925872087479,0.23654793202877045,0.02961581200361252,0,1,2.1139650344848633,0.016118666157126427,0.1789816915988922,https://wandb.ai/ememchijioke-university-of-klagenfurt/single-uav-rl-baseline/runs/sjth3aqr
2026-05-08T08:52:19.339487,591,3,3518.492477836978,1,LAND_B,4,0,1.0,0.13607394695281982,0.17900480329990387,0.1107897162437439,0.24076174199581146,0.006626457441598177,0,1,2.110431671142578,0.00889984704554081,0.17900480329990387,https://wandb.ai/ememchijioke-university-of-klagenfurt/single-uav-rl-baseline/runs/sjth3aqr
2026-05-08T08:52:24.096844,592,3,3262.9561808638987,1,LAND_B,4,0,1.0,0.1449100375175476,0.17867456376552582,0.1216931864619255,0.23665329813957214,0.00227678962983191,0,1,2.1211817264556885,0.011145433411002159,0.17867456376552582,https://wandb.ai/ememchijioke-university-of-klagenfurt/single-uav-rl-baseline/runs/sjth3aqr
2026-05-08T08:52:29.482411,593,3,3860.028994304332,1,LAND_B,4,0,1.0,0.1413651704788208,0.17870406806468964,0.11742989718914032,0.23648492991924286,0.01928265579044819,0,1,2.1166257858276367,0.013718826696276665,0.17870406806468964,https://wandb.ai/ememchijioke-university-of-klagenfurt/single-uav-rl-baseline/runs/sjth3aqr
2026-05-08T08:52:34.219613,594,3,4699.904588212114,1,LAND_B,4,0,1.0,0.12964974343776703,0.17904514074325562,0.10276634246110916,0.23499749600887299,0.011643074452877045,0,1,2.1026384830474854,0.005124686285853386,0.17904514074325562,https://wandb.ai/ememchijioke-university-of-klagenfurt/single-uav-rl-baseline/runs/sjth3aqr
2026-05-08T08:52:38.798946,595,3,3592.2434412678103,1,LAND_B,4,0,1.0,0.13995176553726196,0.17794111371040344,0.1162397637963295,0.24341832101345062,0.011962142772972584,0,1,2.11537766456604,0.014130684547126293,0.17794111371040344,https://wandb.ai/ememchijioke-university-of-klagenfurt/single-uav-rl-baseline/runs/sjth3aqr
2026-05-08T08:52:43.290856,596,3,3481.5953233716614,1,LAND_B,4,0,1.0,0.13967502117156982,0.17796282470226288,0.11589179933071136,0.24000440537929535,0.017380045726895332,0,1,2.115612268447876,0.008044425398111343,0.17796282470226288,https://wandb.ai/ememchijioke-university-of-klagenfurt/single-uav-rl-baseline/runs/sjth3aqr
2026-05-08T08:52:48.399895,597,3,3587.6241406995537,1,LAND_B,4,0,1.0,0.1400134414434433,0.1784782111644745,0.11595229059457779,0.2372324913740158,0.015078477561473846,0,1,2.115717649459839,0.007372878026217222,0.1784782111644745,https://wandb.ai/ememchijioke-university-of-klagenfurt/single-uav-rl-baseline/runs/sjth3aqr
2026-05-08T08:52:52.603767,598,3,3261.1963134519688,1,LAND_B,4,0,1.0,0.14305824041366577,0.17816729843616486,0.11981458216905594,0.2346506267786026,0.017585715278983116,0,1,2.1189162731170654,0.01464424841105938,0.17816729843616486,https://wandb.ai/ememchijioke-university-of-klagenfurt/single-uav-rl-baseline/runs/sjth3aqr
2026-05-08T08:52:56.835926,599,3,3409.3886753894676,1,LAND_B,4,0,1.0,0.133956640958786,0.17846985161304474,0.10856731981039047,0.23541507124900818,0.008420274592936039,0,1,2.1082491874694824,0.008305185474455357,0.17846985161304474,https://wandb.ai/ememchijioke-university-of-klagenfurt/single-uav-rl-baseline/runs/sjth3aqr
2026-05-08T08:53:02.318180,600,3,3421.7974416781694,1,LAND_B,4,0,1.0,0.14168404042720795,0.17805708944797516,0.11824321001768112,0.23614753782749176,0.013979188166558743,0,1,2.118135929107666,0.005035796668380499,0.17805708944797516,https://wandb.ai/ememchijioke-university-of-klagenfurt/single-uav-rl-baseline/runs/sjth3aqr
2026-05-08T08:53:06.759349,601,3,3756.6080701106475,1,LAND_B,4,0,1.0,0.1401166468858719,0.17733818292617798,0.11683955788612366,0.24139294028282166,0.01391277089715004,0,1,2.116361141204834,0.010562539100646973,0.17733818292617798,https://wandb.ai/ememchijioke-university-of-klagenfurt/single-uav-rl-baseline/runs/sjth3aqr
2026-05-08T08:53:12.031160,602,3,4846.2023921578,1,LAND_B,4,0,1.0,0.13335953652858734,0.17686066031455994,0.10898259282112122,0.23696909844875336,0.007147612981498241,0,1,2.1085429191589355,0.009779639542102814,0.17686066031455994,https://wandb.ai/ememchijioke-university-of-klagenfurt/single-uav-rl-baseline/runs/sjth3aqr
2026-05-08T08:53:16.719340,603,3,3986.842332096444,1,LAND_B,4,0,1.0,0.13351917266845703,0.1776658445596695,0.10860656946897507,0.241112619638443,0.03235478326678276,0,1,2.1085894107818604,-0.0019305087625980377,0.1776658445596695,https://wandb.ai/ememchijioke-university-of-klagenfurt/single-uav-rl-baseline/runs/sjth3aqr
2026-05-08T08:53:21.822019,604,3,3692.4691548929563,1,LAND_B,4,0,1.0,0.14564090967178345,0.17765338718891144,0.12321211397647858,0.24051041901111603,0.006410100031644106,0,1,2.1223843097686768,0.01425857376307249,0.17765338718891144,https://wandb.ai/ememchijioke-university-of-klagenfurt/single-uav-rl-baseline/runs/sjth3aqr
2026-05-08T08:53:27.057819,605,3,3906.0003870261453,1,LAND_B,4,0,1.0,0.13531747460365295,0.17834827303886414,0.11032845824956894,0.237416610121727,0.02275451458990574,0,1,2.1095807552337646,0.01282292790710926,0.17834827303886414,https://wandb.ai/ememchijioke-university-of-klagenfurt/single-uav-rl-baseline/runs/sjth3aqr
2026-05-08T08:53:32.255262,606,3,3511.564205637652,1,LAND_B,4,0,1.0,0.1434490978717804,0.17715862393379211,0.12093052268028259,0.23347778618335724,0.01658257469534874,0,1,2.1199512481689453,0.015358652919530869,0.17715862393379211,https://wandb.ai/ememchijioke-university-of-klagenfurt/single-uav-rl-baseline/runs/sjth3aqr
2026-05-08T08:53:37.494732,607,3,4725.060963427136,1,LAND_B,4,0,1.0,0.13005824387073517,0.17751933634281158,0.10443131625652313,0.2370520532131195,0.010456174612045288,0,1,2.1044163703918457,0.0017668642103672028,0.17751933634281158,https://wandb.ai/ememchijioke-university-of-klagenfurt/single-uav-rl-baseline/runs/sjth3aqr
2026-05-08T08:53:42.545733,608,3,4061.280442098544,1,LAND_B,4,0,1.0,0.13562190532684326,0.17757652699947357,0.11124380677938461,0.2358894944190979,0.006054482888430357,0,1,2.1109466552734375,0.008125611580908298,0.17757652699947357,https://wandb.ai/ememchijioke-university-of-klagenfurt/single-uav-rl-baseline/runs/sjth3aqr
2026-05-08T08:53:47.530694,609,3,3844.1663576641163,1,LAND_B,4,0,1.0,0.1454039365053177,0.1764468550682068,0.12368582934141159,0.23896990716457367,0.02984059788286686,0,1,2.1236462593078613,0.00312849716283381,0.1764468550682068,https://wandb.ai/ememchijioke-university-of-klagenfurt/single-uav-rl-baseline/runs/sjth3aqr
2026-05-08T08:53:51.942831,610,3,4661.203860644212,1,LAND_B,4,0,1.0,0.13227330148220062,0.17689062654972076,0.10762926191091537,0.23631620407104492,0.025125037878751755,0,1,2.1076154708862305,0.0017227502539753914,0.17689062654972076,https://wandb.ai/ememchijioke-university-of-klagenfurt/single-uav-rl-baseline/runs/sjth3aqr
2026-05-08T08:53:57.402401,611,3,3707.613254846112,1,LAND_B,4,0,1.0,0.13485683500766754,0.17658869922161102,0.11099790781736374,0.23456111550331116,0.01816185936331749,0,1,2.1109976768493652,0.00022899170289747417,0.17658869922161102,https://wandb.ai/ememchijioke-university-of-klagenfurt/single-uav-rl-baseline/runs/sjth3aqr
2026-05-08T08:54:01.762297,612,3,3438.5321427144686,1,LAND_B,4,0,1.0,0.14401423931121826,0.1763906180858612,0.12208430469036102,0.23471935093402863,0.0051472242921590805,0,1,2.1220662593841553,0.0020988481119275093,0.1763906180858612,https://wandb.ai/ememchijioke-university-of-klagenfurt/single-uav-rl-baseline/runs/sjth3aqr
2026-05-08T08:54:05.989360,613,3,3476.2512467113743,1,LAND_B,4,0,1.0,0.13881734013557434,0.1759357899427414,0.11620674282312393,0.2372317761182785,0.00724894180893898,0,1,2.1153149604797363,0.014368989504873753,0.1759357899427414,https://wandb.ai/ememchijioke-university-of-klagenfurt/single-uav-rl-baseline/runs/sjth3aqr
2026-05-08T08:54:10.846354,614,3,3494.1481213578354,1,LAND_B,4,0,1.0,0.13481701910495758,0.17616389691829681,0.11124157905578613,0.2387067824602127,0.026207754388451576,0,1,2.1107594966888428,0.01034516841173172,0.17616389691829681,https://wandb.ai/ememchijioke-university-of-klagenfurt/single-uav-rl-baseline/runs/sjth3aqr
2026-05-08T08:54:15.521827,615,3,3675.827814330618,1,LAND_B,4,0,1.0,0.14779716730117798,0.17588824033737183,0.12682655453681946,0.23867610096931458,0.02771960012614727,0,1,2.126054525375366,0.013972588814795017,0.17588824033737183,https://wandb.ai/ememchijioke-university-of-klagenfurt/single-uav-rl-baseline/runs/sjth3aqr
2026-05-08T08:54:19.842903,616,3,3451.0139393594222,1,LAND_B,4,0,1.0,0.13816604018211365,0.17628468573093414,0.11519765108823776,0.23927041888237,0.010334650985896587,0,1,2.115004301071167,0.006671580020338297,0.17628468573093414,https://wandb.ai/ememchijioke-university-of-klagenfurt/single-uav-rl-baseline/runs/sjth3aqr
2026-05-08T08:54:23.856178,617,3,3678.252882178691,1,LAND_B,4,0,1.0,0.13555999100208282,0.1764039248228073,0.1119774580001831,0.2346721738576889,0.017086731269955635,0,1,2.1115028858184814,0.01029847003519535,0.1764039248228073,https://wandb.ai/ememchijioke-university-of-klagenfurt/single-uav-rl-baseline/runs/sjth3aqr
2026-05-08T08:54:27.714888,618,3,3934.707534839543,1,LAND_B,4,0,1.0,0.13403083384037018,0.17595039308071136,0.11043459922075272,0.23574067652225494,0.009852536022663116,0,1,2.110379695892334,0.0034819520078599453,0.17595039308071136,https://wandb.ai/ememchijioke-university-of-klagenfurt/single-uav-rl-baseline/runs/sjth3aqr
2026-05-08T08:54:31.993941,619,3,3859.98480217761,1,LAND_B,4,0,1.0,0.14451636373996735,0.1757688969373703,0.1230611801147461,0.23814459145069122,0.010019633919000626,0,1,2.122248649597168,0.014118128456175327,0.1757688969373703,https://wandb.ai/ememchijioke-university-of-klagenfurt/single-uav-rl-baseline/runs/sjth3aqr
2026-05-08T08:54:35.971412,620,3,3517.836585844325,1,LAND_B,4,0,1.0,0.14861170947551727,0.1750877946615219,0.12824688851833344,0.23838838934898376,0.02156837470829487,0,1,2.1282236576080322,0.0024406788870692253,0.1750877946615219,https://wandb.ai/ememchijioke-university-of-klagenfurt/single-uav-rl-baseline/runs/sjth3aqr
2026-05-08T08:54:40.682807,621,3,4797.060121361221,1,LAND_B,4,0,1.0,0.1251818984746933,0.17965729534626007,0.09656719118356705,0.253071129322052,0.01813320256769657,0,1,2.096217632293701,0.008209151215851307,0.17965729534626007,https://wandb.ai/ememchijioke-university-of-klagenfurt/single-uav-rl-baseline/runs/sjth3aqr
2026-05-08T08:54:44.756705,622,3,3834.1361186816753,1,LAND_B,4,0,1.0,0.1408989131450653,0.17581228911876678,0.1187644675374031,0.24103137850761414,0.013335539028048515,0,1,2.1187639236450195,0.00036162545438855886,0.17581228911876678,https://wandb.ai/ememchijioke-university-of-klagenfurt/single-uav-rl-baseline/runs/sjth3aqr
2026-05-08T08:54:48.843985,623,3,3839.784375642995,1,LAND_B,4,0,1.0,0.14435474574565887,0.1752198040485382,0.12320826202630997,0.23687675595283508,0.0027966322377324104,0,1,2.123044490814209,0.006350507028400898,0.1752198040485382,https://wandb.ai/ememchijioke-university-of-klagenfurt/single-uav-rl-baseline/runs/sjth3aqr
2026-05-08T08:54:54.021211,624,3,3767.383369516235,1,LAND_B,4,0,1.0,0.1454644650220871,0.17991423606872559,0.12154680490493774,0.2520832121372223,0.020121851935982704,0,1,2.1207168102264404,0.014180123805999756,0.17991423606872559,https://wandb.ai/ememchijioke-university-of-klagenfurt/single-uav-rl-baseline/runs/sjth3aqr
2026-05-08T08:54:57.783229,625,3,3777.655538811041,1,LAND_B,4,0,1.0,0.14179450273513794,0.17591099441051483,0.11976311355829239,0.24116112291812897,0.02233918197453022,0,1,2.1195950508117676,0.006342417560517788,0.17591099441051483,https://wandb.ai/ememchijioke-university-of-klagenfurt/single-uav-rl-baseline/runs/sjth3aqr
2026-05-08T08:55:02.997004,626,3,4661.684613430419,1,LAND_B,4,0,1.0,0.1342138797044754,0.17657145857810974,0.11022783815860748,0.2348869889974594,0.019389748573303223,0,1,2.110220432281494,0.0012782395351678133,0.17657145857810974,https://wandb.ai/ememchijioke-university-of-klagenfurt/single-uav-rl-baseline/runs/sjth3aqr
2026-05-08T08:55:07.815746,627,3,3625.9922727350086,1,LAND_B,4,0,1.0,0.13753429055213928,0.1753266304731369,0.11507207900285721,0.23866891860961914,0.012252061627805233,0,1,2.11502742767334,0.003205212065950036,0.1753266304731369,https://wandb.ai/ememchijioke-university-of-klagenfurt/single-uav-rl-baseline/runs/sjth3aqr
2026-05-08T08:55:11.571869,628,3,3719.3405117704383,1,LAND_B,4,0,1.0,0.14536215364933014,0.1763182431459427,0.12371613830327988,0.23677650094032288,0.012640285305678844,0,1,2.1233303546905518,0.00976254791021347,0.1763182431459427,https://wandb.ai/ememchijioke-university-of-klagenfurt/single-uav-rl-baseline/runs/sjth3aqr
2026-05-08T08:55:15.938603,629,3,3557.1012131285897,1,LAND_B,4,0,1.0,0.13996249437332153,0.17534708976745605,0.11795048415660858,0.23413622379302979,0.0111000444740057,0,1,2.117950201034546,-0.00025972563889808953,0.17534708976745605,https://wandb.ai/ememchijioke-university-of-klagenfurt/single-uav-rl-baseline/runs/sjth3aqr
2026-05-08T08:55:21.427298,630,3,3684.420388555781,1,LAND_B,4,0,1.0,0.14302228391170502,0.17618799209594727,0.12104032933712006,0.23209330439567566,0.0035846917890012264,0,1,2.1210272312164307,0.0017805497627705336,0.17618799209594727,https://wandb.ai/ememchijioke-university-of-klagenfurt/single-uav-rl-baseline/runs/sjth3aqr
2026-05-08T08:55:26.980711,631,3,4749.9934000553585,1,LAND_B,4,0,1.0,0.13105495274066925,0.17591112852096558,0.10683118551969528,0.23787900805473328,0.008039032109081745,0,1,2.106827974319458,0.0008286305237561464,0.17591112852096558,https://wandb.ai/ememchijioke-university-of-klagenfurt/single-uav-rl-baseline/runs/sjth3aqr
2026-05-08T08:55:32.016374,632,3,3639.6941192104723,1,LAND_B,4,0,1.0,0.13152723014354706,0.17580392956733704,0.10748570412397385,0.23665262758731842,0.01595870964229107,0,1,2.1071574687957764,0.008393654599785805,0.17580392956733704,https://wandb.ai/ememchijioke-university-of-klagenfurt/single-uav-rl-baseline/runs/sjth3aqr
2026-05-08T08:55:36.385860,633,3,3638.1452979783066,1,LAND_B,4,0,1.0,0.13989904522895813,0.17590846121311188,0.1175144612789154,0.23623676598072052,0.024740109220147133,0,1,2.1168296337127686,0.012668263167142868,0.17590846121311188,https://wandb.ai/ememchijioke-university-of-klagenfurt/single-uav-rl-baseline/runs/sjth3aqr
2026-05-08T08:55:40.975730,634,3,3653.5422084798283,1,LAND_B,4,0,1.0,0.13794995844364166,0.1751004457473755,0.11571565270423889,0.24128784239292145,0.036412518471479416,0,1,2.115657091140747,0.0036808333825320005,0.1751004457473755,https://wandb.ai/ememchijioke-university-of-klagenfurt/single-uav-rl-baseline/runs/sjth3aqr
2026-05-08T08:55:45.730140,635,3,3859.7162500707736,1,LAND_B,4,0,1.0,0.13967999815940857,0.1799713671207428,0.11452110856771469,0.2537522614002228,0.026918772608041763,0,1,2.1144721508026123,0.00334826298058033,0.1799713671207428,https://wandb.ai/ememchijioke-university-of-klagenfurt/single-uav-rl-baseline/runs/sjth3aqr
2026-05-08T08:55:50.299051,636,3,3770.5662909231473,1,LAND_B,4,0,1.0,0.14416499435901642,0.17944900691509247,0.1202971488237381,0.24808329343795776,0.012344230897724628,0,1,2.120274066925049,0.002356360200792551,0.17944900691509247,https://wandb.ai/ememchijioke-university-of-klagenfurt/single-uav-rl-baseline/runs/sjth3aqr
2026-05-08T08:55:54.906584,637,3,3607.3680322833156,1,LAND_B,4,0,1.0,0.14501117169857025,0.1790798157453537,0.12155090272426605,0.24993370473384857,0.005788379814475775,0,1,2.120767831802368,0.013775096274912357,0.1790798157453537,https://wandb.ai/ememchijioke-university-of-klagenfurt/single-uav-rl-baseline/runs/sjth3aqr
2026-05-08T08:55:59.608450,638,3,3682.4000460621655,1,LAND_B,4,0,1.0,0.1397840678691864,0.17910191416740417,0.1152496188879013,0.2518933117389679,0.017613505944609642,0,1,2.1151041984558105,0.005787718575447798,0.17910191416740417,https://wandb.ai/ememchijioke-university-of-klagenfurt/single-uav-rl-baseline/runs/sjth3aqr
2026-05-08T08:56:05.172717,639,3,4742.321353485552,1,LAND_B,4,0,1.0,0.13069021701812744,0.1781148463487625,0.10477596521377563,0.247078076004982,0.005752467084676027,0,1,2.1046366691589355,0.005400966387242079,0.1781148463487625,https://wandb.ai/ememchijioke-university-of-klagenfurt/single-uav-rl-baseline/runs/sjth3aqr
2026-05-08T08:56:09.737291,640,3,3673.572410108051,1,LAND_B,4,0,1.0,0.13382571935653687,0.17862705886363983,0.10829177498817444,0.25221458077430725,0.026799088343977928,0,1,2.107865571975708,0.009598280303180218,0.17862705886363983,https://wandb.ai/ememchijioke-university-of-klagenfurt/single-uav-rl-baseline/runs/sjth3aqr
2026-05-08T08:56:13.882693,641,3,3759.60304658888,1,LAND_B,4,0,1.0,0.14262722432613373,0.1789933741092682,0.11875425279140472,0.24895627796649933,0.00774524686858058,0,1,2.1176512241363525,0.016148138791322708,0.1789933741092682,https://wandb.ai/ememchijioke-university-of-klagenfurt/single-uav-rl-baseline/runs/sjth3aqr
2026-05-08T08:56:18.530925,642,3,3466.714919325739,1,LAND_B,4,0,1.0,0.14609295129776,0.17879325151443481,0.12302347272634506,0.25401604175567627,0.021279089152812958,0,1,2.1226584911346436,0.00946933962404728,0.17879325151443481,https://wandb.ai/ememchijioke-university-of-klagenfurt/single-uav-rl-baseline/runs/sjth3aqr
2026-05-08T08:56:22.928292,643,3,3550.3283964424854,1,LAND_B,4,0,1.0,0.14369283616542816,0.17867779731750488,0.12023907899856567,0.2514186203479767,0.01562567614018917,0,1,2.120037794113159,0.006954428739845753,0.17867779731750488,https://wandb.ai/ememchijioke-university-of-klagenfurt/single-uav-rl-baseline/runs/sjth3aqr
2026-05-08T08:56:27.596742,644,3,3432.139373725087,1,LAND_B,4,0,1.0,0.14391446113586426,0.17894037067890167,0.12033199518918991,0.2536886930465698,0.00981474481523037,0,1,2.1202549934387207,0.004304266069084406,0.17894037067890167,https://wandb.ai/ememchijioke-university-of-klagenfurt/single-uav-rl-baseline/runs/sjth3aqr
2026-05-08T08:56:32.070493,645,3,3680.7352826556307,1,LAND_B,4,0,1.0,0.1440454125404358,0.17895863950252533,0.1204766258597374,0.25346696376800537,0.01504816859960556,0,1,2.119765043258667,0.013074832037091255,0.17895863950252533,https://wandb.ai/ememchijioke-university-of-klagenfurt/single-uav-rl-baseline/runs/sjth3aqr
2026-05-08T08:56:37.541369,646,3,3738.0928256685756,1,LAND_B,4,0,1.0,0.13903212547302246,0.17902027070522308,0.11439287662506104,0.2509881854057312,0.013265633024275303,0,1,2.113670587539673,0.012834624387323856,0.17902027070522308,https://wandb.ai/ememchijioke-university-of-klagenfurt/single-uav-rl-baseline/runs/sjth3aqr
2026-05-08T08:56:42.674309,647,3,3540.7598147190083,1,LAND_B,4,0,1.0,0.1440940648317337,0.17497794330120087,0.12305042892694473,0.24214628338813782,0.01187469158321619,0,1,2.1226651668548584,0.009729618206620216,0.17497794330120087,https://wandb.ai/ememchijioke-university-of-klagenfurt/single-uav-rl-baseline/runs/sjth3aqr
2026-05-08T08:56:47.174460,648,3,3809.528208662266,1,LAND_B,4,0,1.0,0.13844634592533112,0.17927470803260803,0.11350291222333908,0.25206631422042847,0.012209274806082249,0,1,2.113377332687378,0.00533778453245759,0.17927470803260803,https://wandb.ai/ememchijioke-university-of-klagenfurt/single-uav-rl-baseline/runs/sjth3aqr
2026-05-08T08:56:51.841684,649,3,3680.3211450787803,1,LAND_B,4,0,1.0,0.15388096868991852,0.178853377699852,0.13214196264743805,0.24500679969787598,0.026849262416362762,0,1,2.1321158409118652,0.0026271322276443243,0.178853377699852,https://wandb.ai/ememchijioke-university-of-klagenfurt/single-uav-rl-baseline/runs/sjth3aqr
2026-05-08T08:56:56.286113,650,3,3424.7684737016775,1,LAND_B,4,0,1.0,0.14160121977329254,0.17867839336395264,0.11773111671209335,0.25263136625289917,0.025047969073057175,0,1,2.1169822216033936,0.013258029706776142,0.17867839336395264,https://wandb.ai/ememchijioke-university-of-klagenfurt/single-uav-rl-baseline/runs/sjth3aqr
2026-05-08T08:57:01.546226,651,3,3344.256069685293,1,LAND_B,4,0,1.0,0.1482749879360199,0.1794060319662094,0.1252204328775406,0.2509549856185913,0.006636281497776508,0,1,2.125206232070923,0.0018855141242966056,0.1794060319662094,https://wandb.ai/ememchijioke-university-of-klagenfurt/single-uav-rl-baseline/runs/sjth3aqr
2026-05-08T08:57:06.594046,652,3,3833.7341653375647,1,LAND_B,4,0,1.0,0.14617618918418884,0.1793925166130066,0.12273672968149185,0.2553691565990448,0.020277947187423706,0,1,2.1222522258758545,0.010894869454205036,0.1793925166130066,https://wandb.ai/ememchijioke-university-of-klagenfurt/single-uav-rl-baseline/runs/sjth3aqr
2026-05-08T08:57:10.573163,653,3,3849.0316423757263,1,LAND_B,4,0,1.0,0.1534852236509323,0.1784409135580063,0.1319270133972168,0.25368061661720276,0.005584348924458027,0,1,2.131371259689331,0.012096736580133438,0.1784409135580063,https://wandb.ai/ememchijioke-university-of-klagenfurt/single-uav-rl-baseline/runs/sjth3aqr
2026-05-08T08:57:14.880869,654,3,3504.0777494984154,1,LAND_B,4,0,1.0,0.1383369415998459,0.1792048066854477,0.11341828852891922,0.2508722245693207,0.005599902477115393,0,1,2.1132397651672363,0.006361041218042374,0.1792048066854477,https://wandb.ai/ememchijioke-university-of-klagenfurt/single-uav-rl-baseline/runs/sjth3aqr
2026-05-08T08:57:20.046992,655,3,3712.1501731952694,1,LAND_B,4,0,1.0,0.144137904047966,0.1792653650045395,0.1203857883810997,0.2565218508243561,0.023434953764081,0,1,2.1202552318573,0.005605106707662344,0.1792653650045395,https://wandb.ai/ememchijioke-university-of-klagenfurt/single-uav-rl-baseline/runs/sjth3aqr
2026-05-08T08:57:24.647347,656,3,3945.196326176364,1,LAND_B,4,0,1.0,0.13777856528759003,0.17845503985881805,0.11325962096452713,0.24858683347702026,0.008322391659021378,0,1,2.112553358078003,0.012628627009689808,0.17845503985881805,https://wandb.ai/ememchijioke-university-of-klagenfurt/single-uav-rl-baseline/runs/sjth3aqr
2026-05-08T08:57:28.984122,657,3,3875.5925377362328,1,LAND_B,4,0,1.0,0.1406930536031723,0.17962491512298584,0.11599313467741013,0.2536717653274536,0.009818710386753082,0,1,2.1157758235931396,0.007096863817423582,0.17962491512298584,https://wandb.ai/ememchijioke-university-of-klagenfurt/single-uav-rl-baseline/runs/sjth3aqr
2026-05-08T08:57:33.444281,658,3,3716.5469718920376,1,LAND_B,4,0,1.0,0.14648118615150452,0.17978835105895996,0.12284363061189651,0.25088390707969666,0.015417119488120079,0,1,2.122115135192871,0.013358542695641518,0.17978835105895996,https://wandb.ai/ememchijioke-university-of-klagenfurt/single-uav-rl-baseline/runs/sjth3aqr
2026-05-08T08:57:38.157663,659,3,3453.4647342045723,1,LAND_B,4,0,1.0,0.15144416689872742,0.17978723347187042,0.1287219226360321,0.2489188015460968,0.010404611937701702,0,1,2.128448009490967,0.008392957970499992,0.17978723347187042,https://wandb.ai/ememchijioke-university-of-klagenfurt/single-uav-rl-baseline/runs/sjth3aqr
2026-05-08T08:57:42.055166,660,3,3652.221107032176,1,LAND_B,4,0,1.0,0.14160038530826569,0.1792583167552948,0.11734049022197723,0.25563785433769226,0.009724779985845089,0,1,2.1172852516174316,0.0036000965628772974,0.1792583167552948,https://wandb.ai/ememchijioke-university-of-klagenfurt/single-uav-rl-baseline/runs/sjth3aqr
2026-05-08T08:57:46.399764,661,3,3624.401348932547,1,LAND_B,4,0,1.0,0.13834403455257416,0.17502641677856445,0.1162329912185669,0.2423877865076065,0.022167209535837173,0,1,2.1159465312957764,0.008155310526490211,0.17502641677856445,https://wandb.ai/ememchijioke-university-of-klagenfurt/single-uav-rl-baseline/runs/sjth3aqr
2026-05-08T08:57:50.507007,662,3,3635.439499901428,1,LAND_B,4,0,1.0,0.14458979666233063,0.17961248755455017,0.1206982284784317,0.2518637180328369,0.006478987168520689,0,1,2.1206161975860596,0.00444919615983963,0.17961248755455017,https://wandb.ai/ememchijioke-university-of-klagenfurt/single-uav-rl-baseline/runs/sjth3aqr
2026-05-08T08:57:55.502268,663,3,3628.294947425349,1,LAND_B,4,0,1.0,0.1385522335767746,0.179836243391037,0.11323822289705276,0.2536761462688446,0.020108036696910858,0,1,2.1124656200408936,0.013205291703343391,0.179836243391037,https://wandb.ai/ememchijioke-university-of-klagenfurt/single-uav-rl-baseline/runs/sjth3aqr
2026-05-08T08:58:00.353910,664,3,3580.9436479147075,1,LAND_B,4,0,1.0,0.14356476068496704,0.1750255525112152,0.12240101397037506,0.24235983192920685,0.016383949667215347,0,1,2.1223697662353516,0.002765638055279851,0.1750255525112152,https://wandb.ai/ememchijioke-university-of-klagenfurt/single-uav-rl-baseline/runs/sjth3aqr
2026-05-08T08:58:04.315619,665,3,3833.222437245758,1,LAND_B,4,0,1.0,0.1467888206243515,0.17578384280204773,0.125713050365448,0.2426026612520218,0.011048562824726105,0,1,2.1256103515625,0.00508022541180253,0.17578384280204773,https://wandb.ai/ememchijioke-university-of-klagenfurt/single-uav-rl-baseline/runs/sjth3aqr
2026-05-08T08:58:09.363556,666,3,3569.2056161990436,1,LAND_B,4,0,1.0,0.1484079658985138,0.17960098385810852,0.12525418400764465,0.2517293393611908,0.004192896652966738,0,1,2.125248908996582,0.001148834708146751,0.17960098385810852,https://wandb.ai/ememchijioke-university-of-klagenfurt/single-uav-rl-baseline/runs/sjth3aqr
2026-05-08T08:58:14.151210,667,3,3652.592067809809,1,LAND_B,4,0,1.0,0.13877296447753906,0.17524635791778564,0.11660155653953552,0.23688234388828278,0.03316723182797432,0,1,2.1165823936462402,0.0021138759329915047,0.17524635791778564,https://wandb.ai/ememchijioke-university-of-klagenfurt/single-uav-rl-baseline/runs/sjth3aqr
2026-05-08T08:58:18.356238,668,3,3342.5399170661913,1,LAND_B,4,0,1.0,0.14874878525733948,0.1791413426399231,0.12594780325889587,0.24366216361522675,0.004665696993470192,0,1,2.1259231567382812,0.002491329563781619,0.1791413426399231,https://wandb.ai/ememchijioke-university-of-klagenfurt/single-uav-rl-baseline/runs/sjth3aqr
2026-05-08T08:58:22.887981,669,3,3476.2729512915143,1,LAND_B,4,0,1.0,0.14175304770469666,0.1798725724220276,0.117108054459095,0.25025030970573425,0.022370189428329468,0,1,2.11710786819458,0.0002098905242746696,0.1798725724220276,https://wandb.ai/ememchijioke-university-of-klagenfurt/single-uav-rl-baseline/runs/sjth3aqr
2026-05-08T08:58:28.017523,670,3,3753.5657795791885,1,LAND_B,4,0,1.0,0.1520201414823532,0.17917656898498535,0.12977363169193268,0.24866622686386108,0.02206820622086525,0,1,2.1296708583831787,0.005163869354873896,0.17917656898498535,https://wandb.ai/ememchijioke-university-of-klagenfurt/single-uav-rl-baseline/runs/sjth3aqr
2026-05-08T08:58:32.516015,671,3,3490.1290018954087,1,LAND_B,4,0,1.0,0.14309345185756683,0.17966210842132568,0.11886835843324661,0.24893096089363098,0.026191065087914467,0,1,2.118825674057007,0.003185105277225375,0.17966210842132568,https://wandb.ai/ememchijioke-university-of-klagenfurt/single-uav-rl-baseline/runs/sjth3aqr
2026-05-08T08:58:36.322028,672,3,3633.0336068936026,1,LAND_B,4,0,1.0,0.1437389999628067,0.17903247475624084,0.12006152421236038,0.2550097703933716,0.01891424134373665,0,1,2.119429588317871,0.01230213139206171,0.17903247475624084,https://wandb.ai/ememchijioke-university-of-klagenfurt/single-uav-rl-baseline/runs/sjth3aqr
2026-05-08T08:58:39.459619,673,3,3541.810393605732,1,LAND_B,4,0,1.0,0.13780075311660767,0.17902253568172455,0.11289147287607193,0.2477702647447586,0.009632829576730728,0,1,2.1127285957336426,0.006062130443751812,0.17902253568172455,https://wandb.ai/ememchijioke-university-of-klagenfurt/single-uav-rl-baseline/runs/sjth3aqr
2026-05-08T08:58:42.627414,674,3,3878.5256176217913,1,LAND_B,4,0,1.0,0.15211449563503265,0.1792825162410736,0.12981949746608734,0.24868878722190857,0.011931393295526505,0,1,2.129798650741577,0.002326486399397254,0.1792825162410736,https://wandb.ai/ememchijioke-university-of-klagenfurt/single-uav-rl-baseline/runs/sjth3aqr
2026-05-08T08:58:46.058264,675,3,3569.6527967586558,1,LAND_B,4,0,1.0,0.14919361472129822,0.1795041412115097,0.12624511122703552,0.25122418999671936,0.013304254040122032,0,1,2.125945568084717,0.008691511116921902,0.1795041412115097,https://wandb.ai/ememchijioke-university-of-klagenfurt/single-uav-rl-baseline/runs/sjth3aqr
2026-05-08T08:58:50.314300,676,3,3678.3578086800812,1,LAND_B,4,0,1.0,0.15162009000778198,0.17925406992435455,0.12925727665424347,0.2541959285736084,0.016401132568717003,0,1,2.129246473312378,0.0016716497484594584,0.17925406992435455,https://wandb.ai/ememchijioke-university-of-klagenfurt/single-uav-rl-baseline/runs/sjth3aqr
2026-05-08T08:58:53.907049,677,3,3321.3154631583748,1,LAND_B,4,0,1.0,0.15002958476543427,0.17942364513874054,0.12728220224380493,0.25234752893447876,0.020666835829615593,0,1,2.1264994144439697,0.01409460324794054,0.17942364513874054,https://wandb.ai/ememchijioke-university-of-klagenfurt/single-uav-rl-baseline/runs/sjth3aqr
2026-05-08T08:58:58.614385,678,3,4024.3931921079875,1,LAND_B,4,0,1.0,0.14537303149700165,0.1752927601337433,0.12435560673475266,0.23585157096385956,0.010266127064824104,0,1,2.1240720748901367,0.00839265901595354,0.1752927601337433,https://wandb.ai/ememchijioke-university-of-klagenfurt/single-uav-rl-baseline/runs/sjth3aqr
2026-05-08T08:59:03.409103,679,3,3587.8392032079705,1,LAND_B,4,0,1.0,0.15027551352977753,0.17960026860237122,0.12746186554431915,0.2489175647497177,0.006356479600071907,0,1,2.1269166469573975,0.011776688508689404,0.17960026860237122,https://wandb.ai/ememchijioke-university-of-klagenfurt/single-uav-rl-baseline/runs/sjth3aqr
2026-05-08T08:59:06.986234,680,3,3670.903148340303,1,LAND_B,4,0,1.0,0.13717149198055267,0.17529495060443878,0.11465900391340256,0.23310525715351105,0.018966104835271835,0,1,2.1146135330200195,0.0032287701033055782,0.17529495060443878,https://wandb.ai/ememchijioke-university-of-klagenfurt/single-uav-rl-baseline/runs/sjth3aqr
2026-05-08T08:59:11.225658,681,3,3462.468438655326,1,LAND_B,4,0,1.0,0.14756765961647034,0.179265096783638,0.12447192519903183,0.2577076554298401,0.01395189855247736,0,1,2.124471664428711,-0.00025608055875636637,0.179265096783638,https://wandb.ai/ememchijioke-university-of-klagenfurt/single-uav-rl-baseline/runs/sjth3aqr
2026-05-08T08:59:16.951961,682,3,3800.626522458539,1,LAND_B,4,0,1.0,0.1375298947095871,0.1790175437927246,0.11256419867277145,0.251984566450119,0.023645855486392975,0,1,2.1124305725097656,0.005483169574290514,0.1790175437927246,https://wandb.ai/ememchijioke-university-of-klagenfurt/single-uav-rl-baseline/runs/sjth3aqr
2026-05-08T08:59:21.844262,683,3,4691.134036904258,1,LAND_B,4,0,1.0,0.1311618536710739,0.17869460582733154,0.10493136942386627,0.24562478065490723,0.002970918780192733,0,1,2.1048338413238525,0.004522945266216993,0.17869460582733154,https://wandb.ai/ememchijioke-university-of-klagenfurt/single-uav-rl-baseline/runs/sjth3aqr
2026-05-08T08:59:24.722238,684,3,3741.4623099697264,1,LAND_B,4,0,1.0,0.13873989880084991,0.1794419288635254,0.11374419182538986,0.24563822150230408,0.0037012610118836164,0,1,2.113720655441284,0.0023139435797929764,0.1794419288635254,https://wandb.ai/ememchijioke-university-of-klagenfurt/single-uav-rl-baseline/runs/sjth3aqr
2026-05-08T08:59:28.339858,685,3,3666.8456591298336,1,LAND_B,4,0,1.0,0.14853431284427643,0.1787889003753662,0.12591566145420074,0.25098878145217896,0.007889172062277794,0,1,2.125897169113159,0.0021579009480774403,0.1787889003753662,https://wandb.ai/ememchijioke-university-of-klagenfurt/single-uav-rl-baseline/runs/sjth3aqr
2026-05-08T08:59:33.702189,686,3,3847.4106382570344,1,LAND_B,4,0,1.0,0.1508191078901291,0.17816247045993805,0.12898461520671844,0.2497803419828415,0.0057557071559131145,0,1,2.128552198410034,0.010552970692515373,0.17816247045993805,https://wandb.ai/ememchijioke-university-of-klagenfurt/single-uav-rl-baseline/runs/sjth3aqr
2026-05-08T08:59:38.704419,687,3,3543.2469969688136,1,LAND_B,4,0,1.0,0.14314325153827667,0.17768974602222443,0.12022601068019867,0.2550211548805237,0.025155313313007355,0,1,2.1189870834350586,0.01721535250544548,0.17768974602222443,https://wandb.ai/ememchijioke-university-of-klagenfurt/single-uav-rl-baseline/runs/sjth3aqr
2026-05-08T08:59:42.790105,688,3,3655.3930975019725,1,LAND_B,4,0,1.0,0.1431160271167755,0.17819145321846008,0.11986782401800156,0.24979406595230103,0.009130721911787987,0,1,2.1192831993103027,0.011824261397123337,0.17819145321846008,https://wandb.ai/ememchijioke-university-of-klagenfurt/single-uav-rl-baseline/runs/sjth3aqr
2026-05-08T08:59:47.820184,689,3,3537.7111810405067,1,LAND_B,4,0,1.0,0.14049959182739258,0.17772358655929565,0.11704349517822266,0.24854879081249237,0.010149247013032436,0,1,2.1166067123413086,0.010102184489369392,0.17772358655929565,https://wandb.ai/ememchijioke-university-of-klagenfurt/single-uav-rl-baseline/runs/sjth3aqr
2026-05-08T08:59:52.772594,690,3,3871.3233327322873,1,LAND_B,4,0,1.0,0.1423008292913437,0.17684602737426758,0.11976733803749084,0.25359347462654114,0.013283183798193932,0,1,2.1194214820861816,0.009095319546759129,0.17684602737426758,https://wandb.ai/ememchijioke-university-of-klagenfurt/single-uav-rl-baseline/runs/sjth3aqr
2026-05-08T08:59:58.404671,691,3,3669.661801154064,1,LAND_B,4,0,1.0,0.14737556874752045,0.17689073085784912,0.12572738528251648,0.2509699761867523,0.023076757788658142,0,1,2.125725507736206,-0.0006864956812933087,0.17689073085784912,https://wandb.ai/ememchijioke-university-of-klagenfurt/single-uav-rl-baseline/runs/sjth3aqr
2026-05-08T09:00:02.904460,692,3,3793.7598544379143,1,LAND_B,4,0,1.0,0.1439238339662552,0.17771492898464203,0.12113818526268005,0.2558903396129608,0.0020255257841199636,0,1,2.1208748817443848,0.007982638664543629,0.17771492898464203,https://wandb.ai/ememchijioke-university-of-klagenfurt/single-uav-rl-baseline/runs/sjth3aqr
2026-05-08T09:00:08.274768,693,3,3731.6838572474444,1,LAND_B,4,0,1.0,0.1471410095691681,0.17833787202835083,0.12455382943153381,0.2481279820203781,0.011735187843441963,0,1,2.1243975162506104,0.006238120142370462,0.17833787202835083,https://wandb.ai/ememchijioke-university-of-klagenfurt/single-uav-rl-baseline/runs/sjth3aqr
2026-05-08T09:00:12.602943,694,3,3855.7521105448523,1,LAND_B,4,0,1.0,0.14151853322982788,0.17777836322784424,0.11822868138551712,0.25026077032089233,0.029967963695526123,0,1,2.1176929473876953,0.01124237198382616,0.17777836322784424,https://wandb.ai/ememchijioke-university-of-klagenfurt/single-uav-rl-baseline/runs/sjth3aqr
2026-05-08T09:00:17.442502,695,3,3969.231408449459,1,LAND_B,4,0,1.0,0.1395222395658493,0.17844252288341522,0.11538295447826385,0.2505369186401367,0.01078268326818943,0,1,2.114588975906372,0.013512713834643364,0.17844252288341522,https://wandb.ai/ememchijioke-university-of-klagenfurt/single-uav-rl-baseline/runs/sjth3aqr
2026-05-08T09:00:22.488694,696,3,3590.418598709102,1,LAND_B,4,0,1.0,0.1504049152135849,0.17889466881752014,0.12805181741714478,0.24665223062038422,0.015464747324585915,0,1,2.126932382583618,0.016894938424229622,0.17889466881752014,https://wandb.ai/ememchijioke-university-of-klagenfurt/single-uav-rl-baseline/runs/sjth3aqr
2026-05-08T09:00:28.479097,697,3,4711.065746578743,1,LAND_B,4,0,1.0,0.13203932344913483,0.17946451902389526,0.1054503470659256,0.252658873796463,0.006521676201373339,0,1,2.1053459644317627,0.004690796602517366,0.17946451902389526,https://wandb.ai/ememchijioke-university-of-klagenfurt/single-uav-rl-baseline/runs/sjth3aqr
2026-05-08T09:00:32.884457,698,3,3893.67101208062,1,LAND_B,4,0,1.0,0.13416995108127594,0.17884862422943115,0.10855630040168762,0.24855957925319672,0.014828895218670368,0,1,2.107916831970215,0.011765559203922749,0.17884862422943115,https://wandb.ai/ememchijioke-university-of-klagenfurt/single-uav-rl-baseline/runs/sjth3aqr
2026-05-08T09:00:37.295146,699,3,3949.699602915016,1,LAND_B,4,0,1.0,0.1399625837802887,0.17927004396915436,0.11535069346427917,0.25456738471984863,0.028499243780970573,0,1,2.1152191162109375,0.005508103407919407,0.17927004396915436,https://wandb.ai/ememchijioke-university-of-klagenfurt/single-uav-rl-baseline/runs/sjth3aqr
2026-05-08T09:00:42.552481,700,3,3707.158633392569,1,LAND_B,4,0,1.0,0.13968366384506226,0.179168239235878,0.11508221179246902,0.2477964162826538,0.010961095802485943,0,1,2.114922046661377,0.006069494877010584,0.179168239235878,https://wandb.ai/ememchijioke-university-of-klagenfurt/single-uav-rl-baseline/runs/sjth3aqr
2026-05-08T09:00:47.671540,701,3,3780.7403132236773,1,LAND_B,4,0,1.0,0.1344873607158661,0.1790880411863327,0.10877468436956406,0.25355544686317444,0.009548724628984928,0,1,2.1086273193359375,0.005660153925418854,0.1790880411863327,https://wandb.ai/ememchijioke-university-of-klagenfurt/single-uav-rl-baseline/runs/sjth3aqr
2026-05-08T09:00:53.379474,702,3,3780.722982537943,1,LAND_B,4,0,1.0,0.14592549204826355,0.17905201017856598,0.12265818566083908,0.2487785369157791,0.008631192147731781,0,1,2.122103691101074,0.011649839580059052,0.17905201017856598,https://wandb.ai/ememchijioke-university-of-klagenfurt/single-uav-rl-baseline/runs/sjth3aqr
2026-05-08T09:00:57.916255,703,3,3871.8683881159395,1,LAND_B,4,0,1.0,0.14779891073703766,0.17911648750305176,0.12484029680490494,0.24980711936950684,0.01052683312445879,0,1,2.123882532119751,0.015434305183589458,0.17911648750305176,https://wandb.ai/ememchijioke-university-of-klagenfurt/single-uav-rl-baseline/runs/sjth3aqr
2026-05-08T09:01:02.946946,704,3,3867.5384796170483,1,LAND_B,4,0,1.0,0.1469641774892807,0.1787552684545517,0.12408093363046646,0.24979948997497559,0.011748776771128178,0,1,2.124074697494507,0.001243875827640295,0.1787552684545517,https://wandb.ai/ememchijioke-university-of-klagenfurt/single-uav-rl-baseline/runs/sjth3aqr
2026-05-08T09:01:07.567618,705,3,4688.86050229661,1,LAND_B,4,0,1.0,0.13394787907600403,0.1796812266111374,0.10767049342393875,0.2514565587043762,0.014887014403939247,0,1,2.1065127849578857,0.0157468318939209,0.1796812266111374,https://wandb.ai/ememchijioke-university-of-klagenfurt/single-uav-rl-baseline/runs/sjth3aqr
2026-05-08T09:01:12.509821,706,3,3842.5906056929916,1,LAND_B,4,0,1.0,0.1371210515499115,0.17552664875984192,0.11444608867168427,0.23702384531497955,0.02361178770661354,0,1,2.114337682723999,0.004980116616934538,0.17552664875984192,https://wandb.ai/ememchijioke-university-of-klagenfurt/single-uav-rl-baseline/runs/sjth3aqr
2026-05-08T09:01:16.942102,707,3,3915.0033564993705,1,LAND_B,4,0,1.0,0.1508995145559311,0.17946134507656097,0.12828312814235687,0.2478792369365692,0.021509481593966484,0,1,2.1280434131622314,0.00783859845250845,0.17946134507656097,https://wandb.ai/ememchijioke-university-of-klagenfurt/single-uav-rl-baseline/runs/sjth3aqr
2026-05-08T09:01:21.119739,708,3,3672.4250844517214,1,LAND_B,4,0,1.0,0.13725903630256653,0.17515641450881958,0.11485449224710464,0.23736721277236938,0.010738568380475044,0,1,2.114100217819214,0.01314135454595089,0.17515641450881958,https://wandb.ai/ememchijioke-university-of-klagenfurt/single-uav-rl-baseline/runs/sjth3aqr
2026-05-08T09:01:26.318466,709,3,3489.9563060904866,1,LAND_B,4,0,1.0,0.14584700763225555,0.17983509600162506,0.12205617129802704,0.24810391664505005,0.014368686825037003,0,1,2.121384859085083,0.012783776968717575,0.17983509600162506,https://wandb.ai/ememchijioke-university-of-klagenfurt/single-uav-rl-baseline/runs/sjth3aqr
2026-05-08T09:01:31.272389,710,3,3579.705605412482,1,LAND_B,4,0,1.0,0.1414230465888977,0.17958186566829681,0.11690681427717209,0.2508803606033325,0.006851028650999069,0,1,2.1168880462646484,0.002094703260809183,0.17958186566829681,https://wandb.ai/ememchijioke-university-of-klagenfurt/single-uav-rl-baseline/runs/sjth3aqr
2026-05-08T09:01:35.837869,711,3,3724.434411944285,1,LAND_B,4,0,1.0,0.1382920742034912,0.17988324165344238,0.11288651078939438,0.25024205446243286,0.004264638293534517,0,1,2.112445592880249,0.009967594407498837,0.17988324165344238,https://wandb.ai/ememchijioke-university-of-klagenfurt/single-uav-rl-baseline/runs/sjth3aqr
2026-05-08T09:01:41.446270,712,3,4570.6868954577885,1,LAND_B,4,0,1.0,0.141140878200531,0.1799830049276352,0.11629044264554977,0.24848133325576782,0.02032596617937088,0,1,2.1160128116607666,0.008030889555811882,0.1799830049276352,https://wandb.ai/ememchijioke-university-of-klagenfurt/single-uav-rl-baseline/runs/sjth3aqr
2026-05-08T09:01:46.834637,713,3,3686.009682303913,1,LAND_B,4,0,1.0,0.13897478580474854,0.17974285781383514,0.11382032930850983,0.2537073493003845,0.01959812268614769,0,1,2.1136772632598877,0.005704992916435003,0.17974285781383514,https://wandb.ai/ememchijioke-university-of-klagenfurt/single-uav-rl-baseline/runs/sjth3aqr
2026-05-08T09:01:51.076825,714,3,4236.55539278899,1,LAND_B,4,0,1.0,0.14923647046089172,0.17989185452461243,0.12605084478855133,0.24983391165733337,0.005434716586023569,0,1,2.1248152256011963,0.017606081441044807,0.17989185452461243,https://wandb.ai/ememchijioke-university-of-klagenfurt/single-uav-rl-baseline/runs/sjth3aqr
2026-05-08T09:01:55.668136,715,3,3859.3534019568474,1,LAND_B,4,0,1.0,0.13771866261959076,0.17573119699954987,0.11502702534198761,0.23320889472961426,0.007723880000412464,0,1,2.114417791366577,0.01182310190051794,0.17573119699954987,https://wandb.ai/ememchijioke-university-of-klagenfurt/single-uav-rl-baseline/runs/sjth3aqr
2026-05-08T09:02:00.363965,716,3,3592.488839698349,1,LAND_B,4,0,1.0,0.13817286491394043,0.17561891674995422,0.1156439408659935,0.23401610553264618,0.02280212938785553,0,1,2.1151862144470215,0.01027899980545044,0.17561891674995422,https://wandb.ai/ememchijioke-university-of-klagenfurt/single-uav-rl-baseline/runs/sjth3aqr
2026-05-08T09:02:04.491738,717,3,3513.293621112133,1,LAND_B,4,0,1.0,0.14654065668582916,0.1751389503479004,0.12581059336662292,0.23356077075004578,0.013974943198263645,0,1,2.1256227493286133,0.006872326601296663,0.1751389503479004,https://wandb.ai/ememchijioke-university-of-klagenfurt/single-uav-rl-baseline/runs/sjth3aqr
2026-05-08T09:02:09.302664,718,3,3687.7699231924776,1,LAND_B,4,0,1.0,0.13934214413166046,0.1797216683626175,0.11428337544202805,0.24919503927230835,0.02150684967637062,0,1,2.1135241985321045,0.013150926679372787,0.1797216683626175,https://wandb.ai/ememchijioke-university-of-klagenfurt/single-uav-rl-baseline/runs/sjth3aqr
2026-05-08T09:02:14.429491,719,3,3646.0467939318514,1,LAND_B,4,0,1.0,0.1407669335603714,0.17503124475479126,0.11910349130630493,0.23342154920101166,0.010283696465194225,0,1,2.1189932823181152,0.005122603848576546,0.17503124475479126,https://wandb.ai/ememchijioke-university-of-klagenfurt/single-uav-rl-baseline/runs/sjth3aqr
2026-05-08T09:02:19.135374,720,3,3678.543281768009,1,LAND_B,4,0,1.0,0.13945624232292175,0.179986372590065,0.11423756927251816,0.2453063726425171,0.005174271762371063,0,1,2.11421275138855,0.002381066558882594,0.179986372590065,https://wandb.ai/ememchijioke-university-of-klagenfurt/single-uav-rl-baseline/runs/sjth3aqr
2026-05-08T09:02:24.095872,721,3,3461.968968059919,1,LAND_B,4,0,1.0,0.14736878871917725,0.17949432134628296,0.1240895465016365,0.2565081715583801,0.012968272902071476,0,1,2.123667001724243,0.010231703519821167,0.17949432134628296,https://wandb.ai/ememchijioke-university-of-klagenfurt/single-uav-rl-baseline/runs/sjth3aqr
2026-05-08T09:02:29.242244,722,3,3851.851633071605,1,LAND_B,4,0,1.0,0.14642737805843353,0.17955240607261658,0.12293246388435364,0.2518433928489685,0.01661405712366104,0,1,2.1227848529815674,0.006022424437105656,0.17955240607261658,https://wandb.ai/ememchijioke-university-of-klagenfurt/single-uav-rl-baseline/runs/sjth3aqr
2026-05-08T09:02:34.468953,723,3,4748.962433024449,1,LAND_B,4,0,1.0,0.12503387033939362,0.1751815527677536,0.09990596771240234,0.23562903702259064,0.012066232040524483,0,1,2.0996346473693848,0.00735798105597496,0.1751815527677536,https://wandb.ai/ememchijioke-university-of-klagenfurt/single-uav-rl-baseline/runs/sjth3aqr
2026-05-08T09:02:39.275784,724,3,3937.2190010497393,1,LAND_B,4,0,1.0,0.14130912721157074,0.17993885278701782,0.11652489006519318,0.247940331697464,0.007869923487305641,0,1,2.116486072540283,0.0030074601527303457,0.17993885278701782,https://wandb.ai/ememchijioke-university-of-klagenfurt/single-uav-rl-baseline/runs/sjth3aqr
2026-05-08T09:02:43.465851,725,3,3815.025600066995,1,LAND_B,4,0,1.0,0.14406222105026245,0.17496035993099213,0.1230238527059555,0.2386244535446167,0.010149387642741203,0,1,2.1229450702667236,0.0044020540080964565,0.17496035993099213,https://wandb.ai/ememchijioke-university-of-klagenfurt/single-uav-rl-baseline/runs/sjth3aqr
2026-05-08T09:02:47.797632,726,3,3873.528855715073,1,LAND_B,4,0,1.0,0.13825549185276031,0.17995886504650116,0.1127881184220314,0.2501510679721832,0.010428724810481071,0,1,2.1127240657806396,0.00380072183907032,0.17995886504650116,https://wandb.ai/ememchijioke-university-of-klagenfurt/single-uav-rl-baseline/runs/sjth3aqr
2026-05-08T09:02:51.945348,727,3,4017.618699602724,1,LAND_B,4,0,1.0,0.14417876303195953,0.1799226850271225,0.11999950557947159,0.24669302999973297,0.009994548745453358,0,1,2.119157552719116,0.014190081506967545,0.1799226850271225,https://wandb.ai/ememchijioke-university-of-klagenfurt/single-uav-rl-baseline/runs/sjth3aqr
2026-05-08T09:02:56.601851,728,3,3550.6374826454557,1,LAND_B,4,0,1.0,0.15047848224639893,0.1796407401561737,0.127675861120224,0.24995268881320953,0.020148063078522682,0,1,2.127674102783203,-0.000671316112857312,0.1796407401561737,https://wandb.ai/ememchijioke-university-of-klagenfurt/single-uav-rl-baseline/runs/sjth3aqr
2026-05-08T09:03:02.089693,729,3,4690.8104877681,1,LAND_B,4,0,1.0,0.12664976716041565,0.17949004471302032,0.09859765321016312,0.25065183639526367,0.006550602149218321,0,1,2.0979795455932617,0.011022983118891716,0.17949004471302032,https://wandb.ai/ememchijioke-university-of-klagenfurt/single-uav-rl-baseline/runs/sjth3aqr
2026-05-08T09:03:07.293099,730,3,4236.879939029368,1,LAND_B,4,0,1.0,0.1390702724456787,0.17983880639076233,0.11386968940496445,0.24719414114952087,0.012681085616350174,0,1,2.112787961959839,0.015658272430300713,0.17983880639076233,https://wandb.ai/ememchijioke-university-of-klagenfurt/single-uav-rl-baseline/runs/sjth3aqr
2026-05-08T09:03:11.533051,731,3,3643.4265943992327,1,LAND_B,4,0,1.0,0.1355566829442978,0.17921720445156097,0.11000113189220428,0.24974773824214935,0.010919338092207909,0,1,2.109699010848999,0.008147192187607288,0.17921720445156097,https://wandb.ai/ememchijioke-university-of-klagenfurt/single-uav-rl-baseline/runs/sjth3aqr
2026-05-08T09:03:16.033279,732,3,3770.69026155385,1,LAND_B,4,0,1.0,0.14633965492248535,0.17951254546642303,0.12285377830266953,0.24762605130672455,0.01979299634695053,0,1,2.1225945949554443,0.007975961081683636,0.17951254546642303,https://wandb.ai/ememchijioke-university-of-klagenfurt/single-uav-rl-baseline/runs/sjth3aqr
2026-05-08T09:03:20.119444,733,3,3714.77056902484,1,LAND_B,4,0,1.0,0.14126858115196228,0.1791442185640335,0.11701712757349014,0.25402387976646423,0.008015773259103298,0,1,2.116832971572876,0.006562365218997002,0.1791442185640335,https://wandb.ai/ememchijioke-university-of-klagenfurt/single-uav-rl-baseline/runs/sjth3aqr
2026-05-08T09:03:25.438324,734,3,3920.8523469842785,1,LAND_B,4,0,1.0,0.1471945345401764,0.17968875169754028,0.12375756353139877,0.2505001127719879,0.011214026249945164,0,1,2.123568058013916,0.006846063304692507,0.17968875169754028,https://wandb.ai/ememchijioke-university-of-klagenfurt/single-uav-rl-baseline/runs/sjth3aqr
2026-05-08T09:03:30.246016,735,3,3961.9778248298,1,LAND_B,4,0,1.0,0.1459149271249771,0.17969189584255219,0.12223079800605774,0.24846000969409943,0.013913406990468502,0,1,2.122178792953491,0.0035652087535709143,0.17969189584255219,https://wandb.ai/ememchijioke-university-of-klagenfurt/single-uav-rl-baseline/runs/sjth3aqr
2026-05-08T09:03:34.679121,736,3,3458.689525799846,1,LAND_B,4,0,1.0,0.14507463574409485,0.17915388941764832,0.1215784102678299,0.24820055067539215,0.010038541629910469,0,1,2.1209921836853027,0.011924835853278637,0.17915388941764832,https://wandb.ai/ememchijioke-university-of-klagenfurt/single-uav-rl-baseline/runs/sjth3aqr
2026-05-08T09:03:39.373280,737,3,3764.3843856190365,1,LAND_B,4,0,1.0,0.13288667798042297,0.17522254586219788,0.10954650491476059,0.2383238971233368,0.017806299030780792,0,1,2.109530210494995,-0.0018894466338679194,0.17522254586219788,https://wandb.ai/ememchijioke-university-of-klagenfurt/single-uav-rl-baseline/runs/sjth3aqr
2026-05-08T09:03:43.462697,738,3,3995.1370334215694,1,LAND_B,4,0,1.0,0.1421353816986084,0.17522644996643066,0.12059622257947922,0.24027232825756073,0.0110112763941288,0,1,2.12044358253479,0.00606565922498703,0.17522644996643066,https://wandb.ai/ememchijioke-university-of-klagenfurt/single-uav-rl-baseline/runs/sjth3aqr
2026-05-08T09:03:47.543986,739,3,4174.874621458931,1,LAND_B,4,0,1.0,0.13867855072021484,0.17545489966869354,0.11635420471429825,0.24164891242980957,0.013014907948672771,0,1,2.1159520149230957,0.009665962308645248,0.17545489966869354,https://wandb.ai/ememchijioke-university-of-klagenfurt/single-uav-rl-baseline/runs/sjth3aqr
2026-05-08T09:03:52.083117,740,3,3617.2263234425013,1,LAND_B,4,0,1.0,0.13202965259552002,0.175529345870018,0.10829194635152817,0.23164242506027222,0.007294336333870888,0,1,2.108289957046509,0.0006558237946592271,0.175529345870018,https://wandb.ai/ememchijioke-university-of-klagenfurt/single-uav-rl-baseline/runs/sjth3aqr
2026-05-08T09:03:57.115508,741,3,3962.772304754225,1,LAND_B,4,0,1.0,0.1375330537557602,0.17526690661907196,0.11510965973138809,0.23544128239154816,0.010125850327312946,0,1,2.114586353302002,0.010963687673211098,0.17526690661907196,https://wandb.ai/ememchijioke-university-of-klagenfurt/single-uav-rl-baseline/runs/sjth3aqr
2026-05-08T09:04:01.805917,742,3,3879.6031502710707,1,LAND_B,4,0,1.0,0.15242750942707062,0.1799941062927246,0.1297501176595688,0.24920009076595306,0.022156931459903717,0,1,2.1289491653442383,0.014394567348062992,0.1799941062927246,https://wandb.ai/ememchijioke-university-of-klagenfurt/single-uav-rl-baseline/runs/sjth3aqr
2026-05-08T09:04:06.251679,743,3,3655.318181521955,1,LAND_B,4,0,1.0,0.13981781899929047,0.17968197166919708,0.11489040404558182,0.24518407881259918,0.012232971377670765,0,1,2.1148440837860107,0.0032620434649288654,0.17968197166919708,https://wandb.ai/ememchijioke-university-of-klagenfurt/single-uav-rl-baseline/runs/sjth3aqr
2026-05-08T09:04:11.333935,744,3,3463.038495092373,1,LAND_B,4,0,1.0,0.1425410658121109,0.17519840598106384,0.12109151482582092,0.23546035587787628,0.01717863604426384,0,1,2.1205995082855225,0.0109047656878829,0.17519840598106384,https://wandb.ai/ememchijioke-university-of-klagenfurt/single-uav-rl-baseline/runs/sjth3aqr
2026-05-08T09:04:16.493852,745,3,3622.2450055578875,1,LAND_B,4,0,1.0,0.14461000263690948,0.1797005534172058,0.1206643134355545,0.24699907004833221,0.00890879612416029,0,1,2.1206302642822266,0.0028662800323218107,0.1797005534172058,https://wandb.ai/ememchijioke-university-of-klagenfurt/single-uav-rl-baseline/runs/sjth3aqr
2026-05-08T09:04:21.493731,746,3,4670.563032386456,1,LAND_B,4,0,1.0,0.1337127983570099,0.17974621057510376,0.10732965171337128,0.251628577709198,0.0027970944065600634,0,1,2.1072757244110107,0.003401824040338397,0.17974621057510376,https://wandb.ai/ememchijioke-university-of-klagenfurt/single-uav-rl-baseline/runs/sjth3aqr
2026-05-08T09:04:26.087029,747,3,3786.3469082200163,1,LAND_B,4,0,1.0,0.1418607383966446,0.17907242476940155,0.11777955293655396,0.2539469003677368,0.011575144715607166,0,1,2.1177279949188232,0.0034845962654799223,0.17907242476940155,https://wandb.ai/ememchijioke-university-of-klagenfurt/single-uav-rl-baseline/runs/sjth3aqr
2026-05-08T09:04:30.315338,748,3,3827.2761403678537,1,LAND_B,4,0,1.0,0.14189229905605316,0.17969174683094025,0.11739952117204666,0.2504784166812897,0.025177592411637306,0,1,2.1173315048217773,0.003995867446064949,0.17969174683094025,https://wandb.ai/ememchijioke-university-of-klagenfurt/single-uav-rl-baseline/runs/sjth3aqr
2026-05-08T09:04:34.993726,749,3,3707.2086245047763,1,LAND_B,4,0,1.0,0.1446792036294937,0.17528536915779114,0.12354831397533417,0.23289230465888977,0.018556920811533928,0,1,2.123523235321045,0.002489113248884678,0.17528536915779114,https://wandb.ai/ememchijioke-university-of-klagenfurt/single-uav-rl-baseline/runs/sjth3aqr
2026-05-08T09:04:40.372617,750,3,3811.6221139382324,1,LAND_B,4,0,1.0,0.1521211713552475,0.17925101518630981,0.12984655797481537,0.2506841719150543,0.03322343900799751,0,1,2.129838705062866,0.001427875249646604,0.17925101518630981,https://wandb.ai/ememchijioke-university-of-klagenfurt/single-uav-rl-baseline/runs/sjth3aqr
2026-05-08T09:04:45.489634,751,3,3551.1129155048034,1,LAND_B,4,0,1.0,0.13550034165382385,0.17911876738071442,0.1100025624036789,0.25087040662765503,0.013159826397895813,0,1,2.109532594680786,0.010157432407140732,0.17911876738071442,https://wandb.ai/ememchijioke-university-of-klagenfurt/single-uav-rl-baseline/runs/sjth3aqr
2026-05-08T09:04:50.494773,752,3,3875.103038127969,1,LAND_B,4,0,1.0,0.1441681832075119,0.178700789809227,0.12079175561666489,0.24448217451572418,0.0181526280939579,0,1,2.1200525760650635,0.013342720456421375,0.178700789809227,https://wandb.ai/ememchijioke-university-of-klagenfurt/single-uav-rl-baseline/runs/sjth3aqr
2026-05-08T09:04:55.423887,753,3,3902.801060578427,1,LAND_B,4,0,1.0,0.145753875374794,0.1783955842256546,0.12287524342536926,0.2550409138202667,0.01857052743434906,0,1,2.122835397720337,0.0031290091574192047,0.1783955842256546,https://wandb.ai/ememchijioke-university-of-klagenfurt/single-uav-rl-baseline/runs/sjth3aqr
2026-05-08T09:05:00.297135,754,3,3493.279475585872,1,LAND_B,4,0,1.0,0.14696109294891357,0.17974212765693665,0.12344535440206528,0.24959424138069153,0.0047307321801781654,0,1,2.12306547164917,0.009677097201347351,0.17974212765693665,https://wandb.ai/ememchijioke-university-of-klagenfurt/single-uav-rl-baseline/runs/sjth3aqr
2026-05-08T09:05:05.493344,755,3,3571.2139964312337,1,LAND_B,4,0,1.0,0.14398029446601868,0.17928485572338104,0.12018418312072754,0.24984171986579895,0.008926484733819962,0,1,2.119809865951538,0.009478033520281315,0.17928485572338104,https://wandb.ai/ememchijioke-university-of-klagenfurt/single-uav-rl-baseline/runs/sjth3aqr
2026-05-08T09:05:09.697993,756,3,3551.5995093286383,1,LAND_B,4,0,1.0,0.14321795105934143,0.17951051890850067,0.11911951005458832,0.25208330154418945,0.008538587018847466,0,1,2.1189053058624268,0.0071404920890927315,0.17951051890850067,https://wandb.ai/ememchijioke-university-of-klagenfurt/single-uav-rl-baseline/runs/sjth3aqr
2026-05-08T09:05:14.497289,757,3,3750.4468493878912,1,LAND_B,4,0,1.0,0.14517483115196228,0.17510251700878143,0.12423905730247498,0.23341582715511322,0.02787952870130539,0,1,2.124230146408081,0.0014882191317155957,0.17510251700878143,https://wandb.ai/ememchijioke-university-of-klagenfurt/single-uav-rl-baseline/runs/sjth3aqr
2026-05-08T09:05:19.566000,758,3,3513.12843052942,1,LAND_B,4,0,1.0,0.1470182240009308,0.17914284765720367,0.1238982155919075,0.24729827046394348,0.009784034453332424,0,1,2.1237566471099854,0.005921137984842062,0.17914284765720367,https://wandb.ai/ememchijioke-university-of-klagenfurt/single-uav-rl-baseline/runs/sjth3aqr
2026-05-08T09:05:24.937384,759,3,4751.677130107251,1,LAND_B,4,0,1.0,0.1268213391304016,0.17977756261825562,0.09858596324920654,0.24722756445407867,0.010304094292223454,0,1,2.0983128547668457,0.007333122659474611,0.17977756261825562,https://wandb.ai/ememchijioke-university-of-klagenfurt/single-uav-rl-baseline/runs/sjth3aqr
2026-05-08T09:05:29.381676,760,3,4040.7484320337276,1,LAND_B,4,0,1.0,0.14778006076812744,0.17943912744522095,0.12461289018392563,0.24794773757457733,0.019713150337338448,0,1,2.124379873275757,0.007617075927555561,0.17943912744522095,https://wandb.ai/ememchijioke-university-of-klagenfurt/single-uav-rl-baseline/runs/sjth3aqr
2026-05-08T09:05:33.993404,761,3,4166.687762600848,1,LAND_B,4,0,1.0,0.13950282335281372,0.17868255078792572,0.11519589275121689,0.24656987190246582,0.02404252626001835,0,1,2.114583730697632,0.01186009868979454,0.17868255078792572,https://wandb.ai/ememchijioke-university-of-klagenfurt/single-uav-rl-baseline/runs/sjth3aqr
2026-05-08T09:05:39.096923,762,3,3636.2464404731227,1,LAND_B,4,0,1.0,0.13960649073123932,0.17753688991069794,0.11609479784965515,0.2472068965435028,0.01938166841864586,0,1,2.115999698638916,0.004698095377534628,0.17753688991069794,https://wandb.ai/ememchijioke-university-of-klagenfurt/single-uav-rl-baseline/runs/sjth3aqr
2026-05-08T09:05:43.736030,763,3,3834.623367451388,1,LAND_B,4,0,1.0,0.13826686143875122,0.1793460249900818,0.11323396861553192,0.24785348773002625,0.005810376722365618,0,1,2.1124002933502197,0.013715201988816261,0.1793460249900818,https://wandb.ai/ememchijioke-university-of-klagenfurt/single-uav-rl-baseline/runs/sjth3aqr
2026-05-08T09:05:48.492124,764,3,3764.2595074023,1,LAND_B,4,0,1.0,0.1461300253868103,0.17899681627750397,0.1229369193315506,0.24722407758235931,0.004521234892308712,0,1,2.122931718826294,0.001130700926296413,0.17899681627750397,https://wandb.ai/ememchijioke-university-of-klagenfurt/single-uav-rl-baseline/runs/sjth3aqr
2026-05-08T09:05:52.300440,765,3,3708.114468830826,1,LAND_B,4,0,1.0,0.13558511435985565,0.17808829247951508,0.11084016412496567,0.2457682490348816,0.01464140322059393,0,1,2.1108217239379883,0.002022059168666601,0.17808829247951508,https://wandb.ai/ememchijioke-university-of-klagenfurt/single-uav-rl-baseline/runs/sjth3aqr
2026-05-08T09:05:56.261873,766,3,3879.5132154100065,1,LAND_B,4,0,1.0,0.14454162120819092,0.17718666791915894,0.12220679223537445,0.24815361201763153,0.016878558322787285,0,1,2.1221582889556885,0.0034426823258399963,0.17718666791915894,https://wandb.ai/ememchijioke-university-of-klagenfurt/single-uav-rl-baseline/runs/sjth3aqr
2026-05-08T09:06:00.619624,767,3,3741.5731321484277,1,LAND_B,4,0,1.0,0.14627960324287415,0.17830683290958405,0.12355469912290573,0.2493906468153,0.0031147024128586054,0,1,2.1235451698303223,0.001533959642983973,0.17830683290958405,https://wandb.ai/ememchijioke-university-of-klagenfurt/single-uav-rl-baseline/runs/sjth3aqr
2026-05-08T09:06:05.650024,768,3,4714.6108732026305,1,LAND_B,4,0,1.0,0.12918727099895477,0.17776526510715485,0.10315965861082077,0.24856559932231903,0.011766416020691395,0,1,2.102306604385376,0.013239074498414993,0.17776526510715485,https://wandb.ai/ememchijioke-university-of-klagenfurt/single-uav-rl-baseline/runs/sjth3aqr
2026-05-08T09:06:09.845379,769,3,3967.6545350042884,1,LAND_B,4,0,1.0,0.14236952364444733,0.17832349240779877,0.11888865381479263,0.25044992566108704,0.006486822385340929,0,1,2.1184170246124268,0.010579243302345276,0.17832349240779877,https://wandb.ai/ememchijioke-university-of-klagenfurt/single-uav-rl-baseline/runs/sjth3aqr
2026-05-08T09:06:13.690437,770,3,3753.8769327459813,1,LAND_B,4,0,1.0,0.1447051614522934,0.17801594734191895,0.12187328189611435,0.2509216368198395,0.011539568193256855,0,1,2.121065855026245,0.014005589298903942,0.17801594734191895,https://wandb.ai/ememchijioke-university-of-klagenfurt/single-uav-rl-baseline/runs/sjth3aqr
2026-05-08T09:06:18.250513,771,3,3868.6994431083654,1,LAND_B,4,0,1.0,0.14774662256240845,0.1781667321920395,0.12537553906440735,0.24994514882564545,0.01625746674835682,0,1,2.125314950942993,0.003897180547937751,0.1781667321920395,https://wandb.ai/ememchijioke-university-of-klagenfurt/single-uav-rl-baseline/runs/sjth3aqr
2026-05-08T09:06:22.199835,772,3,3623.624255050764,1,LAND_B,4,0,1.0,0.1449429839849472,0.178581103682518,0.12179277092218399,0.25422534346580505,0.015932325273752213,0,1,2.1209867000579834,0.013989199884235859,0.178581103682518,https://wandb.ai/ememchijioke-university-of-klagenfurt/single-uav-rl-baseline/runs/sjth3aqr
2026-05-08T09:06:25.765475,773,3,3581.103079794362,1,LAND_B,4,0,1.0,0.1458207666873932,0.17882056534290314,0.122682586312294,0.24936635792255402,0.011898458003997803,0,1,2.1225762367248535,0.005107077304273844,0.17882056534290314,https://wandb.ai/ememchijioke-university-of-klagenfurt/single-uav-rl-baseline/runs/sjth3aqr
2026-05-08T09:06:29.606300,774,3,3886.9815502765446,1,LAND_B,4,0,1.0,0.13907182216644287,0.17825694382190704,0.11496444046497345,0.24734754860401154,0.004764930810779333,0,1,2.1141812801361084,0.013396209105849266,0.17825694382190704,https://wandb.ai/ememchijioke-university-of-klagenfurt/single-uav-rl-baseline/runs/sjth3aqr
2026-05-08T09:06:33.452294,775,3,3599.1969566161656,1,LAND_B,4,0,1.0,0.14849971234798431,0.17828595638275146,0.1261882483959198,0.2464643120765686,0.016860811039805412,0,1,2.1253950595855713,0.014126303605735302,0.17828595638275146,https://wandb.ai/ememchijioke-university-of-klagenfurt/single-uav-rl-baseline/runs/sjth3aqr
2026-05-08T09:06:38.189168,776,3,3870.6391553058047,1,LAND_B,4,0,1.0,0.1429634839296341,0.17854899168014526,0.11945130676031113,0.2507319152355194,0.00946818944066763,0,1,2.119291067123413,0.006185224279761314,0.17854899168014526,https://wandb.ai/ememchijioke-university-of-klagenfurt/single-uav-rl-baseline/runs/sjth3aqr
2026-05-08T09:06:41.948195,777,3,4082.291329033101,1,LAND_B,4,0,1.0,0.14246273040771484,0.17842726409435272,0.11893189698457718,0.2507997155189514,0.024182410910725594,0,1,2.118779182434082,0.006025150418281555,0.17842726409435272,https://wandb.ai/ememchijioke-university-of-klagenfurt/single-uav-rl-baseline/runs/sjth3aqr
2026-05-08T09:06:46.165140,778,3,3953.531077411198,1,LAND_B,4,0,1.0,0.14188821613788605,0.1780620515346527,0.11848451942205429,0.24653778970241547,0.018283309414982796,0,1,2.118049383163452,0.010145096108317375,0.1780620515346527,https://wandb.ai/ememchijioke-university-of-klagenfurt/single-uav-rl-baseline/runs/sjth3aqr
2026-05-08T09:06:50.239053,779,3,3814.896947752293,1,LAND_B,4,0,1.0,0.13853171467781067,0.17847520112991333,0.11416075378656387,0.25044363737106323,0.007091413252055645,0,1,2.114104986190796,0.0035679046995937824,0.17847520112991333,https://wandb.ai/ememchijioke-university-of-klagenfurt/single-uav-rl-baseline/runs/sjth3aqr
2026-05-08T09:06:55.068241,780,3,3975.0393013939797,1,LAND_B,4,0,1.0,0.14391684532165527,0.17874161899089813,0.1204650029540062,0.24968059360980988,0.02503681182861328,0,1,2.120356798171997,0.005104700103402138,0.17874161899089813,https://wandb.ai/ememchijioke-university-of-klagenfurt/single-uav-rl-baseline/runs/sjth3aqr
2026-05-08T09:06:59.262157,781,3,3808.9936030037697,1,LAND_B,4,0,1.0,0.14153218269348145,0.1780296415090561,0.11807934939861298,0.24627083539962769,0.027015330269932747,0,1,2.1180737018585205,0.0011547899339348078,0.1780296415090561,https://wandb.ai/ememchijioke-university-of-klagenfurt/single-uav-rl-baseline/runs/sjth3aqr
2026-05-08T09:07:02.807248,782,3,3743.91418588697,1,LAND_B,4,0,1.0,0.13431799411773682,0.17735429108142853,0.10980727523565292,0.24377161264419556,0.027006668969988823,0,1,2.109729766845703,0.004125108942389488,0.17735429108142853,https://wandb.ai/ememchijioke-university-of-klagenfurt/single-uav-rl-baseline/runs/sjth3aqr
2026-05-08T09:07:07.259139,783,3,4098.411632650422,1,LAND_B,4,0,1.0,0.14596709609031677,0.17746323347091675,0.12371676415205002,0.24924758076667786,0.021261120215058327,0,1,2.1237144470214844,0.0007574904593639076,0.17746323347091675,https://wandb.ai/ememchijioke-university-of-klagenfurt/single-uav-rl-baseline/runs/sjth3aqr
2026-05-08T09:07:11.497421,784,3,4038.8267308888353,1,LAND_B,4,0,1.0,0.13841181993484497,0.17665821313858032,0.11524474620819092,0.25087788701057434,0.025865478441119194,0,1,2.1151790618896484,0.003890475258231163,0.17665821313858032,https://wandb.ai/ememchijioke-university-of-klagenfurt/single-uav-rl-baseline/runs/sjth3aqr
2026-05-08T09:07:15.310949,785,3,3933.4338026903,1,LAND_B,4,0,1.0,0.14322791993618011,0.17731177806854248,0.12057000398635864,0.2470262199640274,0.013870911672711372,0,1,2.1205146312713623,0.003653674153611064,0.17731177806854248,https://wandb.ai/ememchijioke-university-of-klagenfurt/single-uav-rl-baseline/runs/sjth3aqr
2026-05-08T09:07:19.105992,786,3,3462.830627813435,1,LAND_B,4,0,1.0,0.1443186104297638,0.17667768895626068,0.12226361781358719,0.24929875135421753,0.01167923491448164,0,1,2.1221272945404053,0.005771971773356199,0.17667768895626068,https://wandb.ai/ememchijioke-university-of-klagenfurt/single-uav-rl-baseline/runs/sjth3aqr
2026-05-08T09:07:23.023398,787,3,3748.68691620931,1,LAND_B,4,0,1.0,0.13897791504859924,0.17661722004413605,0.11595111340284348,0.24366988241672516,0.0009875600226223469,0,1,2.1157662868499756,0.006544273346662521,0.17661722004413605,https://wandb.ai/ememchijioke-university-of-klagenfurt/single-uav-rl-baseline/runs/sjth3aqr
2026-05-08T09:07:27.138719,788,3,3767.761039170394,1,LAND_B,4,0,1.0,0.1414523422718048,0.1765417903661728,0.11895428597927094,0.2507612705230713,0.005696249194443226,0,1,2.1188910007476807,0.003879720577970147,0.1765417903661728,https://wandb.ai/ememchijioke-university-of-klagenfurt/single-uav-rl-baseline/runs/sjth3aqr
2026-05-08T09:07:31.820832,789,3,4251.12526021694,1,LAND_B,4,0,1.0,0.14075101912021637,0.17663460969924927,0.11805925518274307,0.24530749022960663,0.01904798112809658,0,1,2.11755633354187,0.010885577648878098,0.17663460969924927,https://wandb.ai/ememchijioke-university-of-klagenfurt/single-uav-rl-baseline/runs/sjth3aqr
2026-05-08T09:07:35.430281,790,3,4074.837940025332,1,LAND_B,4,0,1.0,0.14330363273620605,0.17620883882045746,0.12135956436395645,0.24547497928142548,0.004761587828397751,0,1,2.12080717086792,0.011566017754375935,0.17620883882045746,https://wandb.ai/ememchijioke-university-of-klagenfurt/single-uav-rl-baseline/runs/sjth3aqr
2026-05-08T09:07:40.390616,791,3,3684.6131627610994,1,LAND_B,4,0,1.0,0.14007623493671417,0.1760730743408203,0.11761904507875443,0.2502123713493347,0.01833335869014263,0,1,2.117604970932007,0.0018196279415860772,0.1760730743408203,https://wandb.ai/ememchijioke-university-of-klagenfurt/single-uav-rl-baseline/runs/sjth3aqr
2026-05-08T09:07:44.509920,792,3,3641.522182483662,1,LAND_B,4,0,1.0,0.14532846212387085,0.17715336382389069,0.12315729260444641,0.25130414962768555,0.009003998711705208,0,1,2.1231191158294678,0.0030661376658827066,0.17715336382389069,https://wandb.ai/ememchijioke-university-of-klagenfurt/single-uav-rl-baseline/runs/sjth3aqr
2026-05-08T09:07:48.292388,793,3,4720.474350397649,1,LAND_B,4,0,1.0,0.1379452794790268,0.17690427601337433,0.1145191416144371,0.24864491820335388,0.013076688162982464,0,1,2.1140499114990234,0.010356215760111809,0.17690427601337433,https://wandb.ai/ememchijioke-university-of-klagenfurt/single-uav-rl-baseline/runs/sjth3aqr
2026-05-08T09:07:52.810192,794,3,4240.876393426475,1,LAND_B,4,0,1.0,0.1332790106534958,0.17779727280139923,0.10821681469678879,0.24513857066631317,0.016654320061206818,0,1,2.107297658920288,0.014074458740651608,0.17779727280139923,https://wandb.ai/ememchijioke-university-of-klagenfurt/single-uav-rl-baseline/runs/sjth3aqr
2026-05-08T09:07:56.590736,795,3,4248.337648478618,1,LAND_B,4,0,1.0,0.1404755711555481,0.1776254028081894,0.11707981675863266,0.2489759624004364,0.005660137627273798,0,1,2.1170308589935303,0.003385525429621339,0.1776254028081894,https://wandb.ai/ememchijioke-university-of-klagenfurt/single-uav-rl-baseline/runs/sjth3aqr
2026-05-08T09:08:00.066323,796,3,3693.1190499987697,1,LAND_B,4,0,1.0,0.1428847312927246,0.17570437490940094,0.12118124961853027,0.24899275600910187,0.023398224264383316,0,1,2.1202681064605713,0.01484849862754345,0.17570437490940094,https://wandb.ai/ememchijioke-university-of-klagenfurt/single-uav-rl-baseline/runs/sjth3aqr
2026-05-08T09:08:03.739284,797,3,3890.0591699479346,1,LAND_B,4,0,1.0,0.13326793909072876,0.17634454369544983,0.10923302918672562,0.2518666088581085,0.011063586920499802,0,1,2.1091113090515137,0.0051553440280258656,0.17634454369544983,https://wandb.ai/ememchijioke-university-of-klagenfurt/single-uav-rl-baseline/runs/sjth3aqr
2026-05-08T09:08:07.512989,798,3,3743.3995648869977,1,LAND_B,4,0,1.0,0.13512760400772095,0.177149698138237,0.11093869060277939,0.24579040706157684,0.016226302832365036,0,1,2.10931658744812,0.018901752308011055,0.177149698138237,https://wandb.ai/ememchijioke-university-of-klagenfurt/single-uav-rl-baseline/runs/sjth3aqr
2026-05-08T09:08:11.569110,799,3,4663.744292651241,1,LAND_B,4,0,1.0,0.13211026787757874,0.17684423923492432,0.10746203362941742,0.2494058609008789,0.008940720930695534,0,1,2.106501340866089,0.014337089844048023,0.17684423923492432,https://wandb.ai/ememchijioke-university-of-klagenfurt/single-uav-rl-baseline/runs/sjth3aqr
2026-05-08T09:08:16.118491,800,3,3968.859805447666,1,LAND_B,4,0,1.0,0.1365048587322235,0.1770855337381363,0.11265610158443451,0.2441825121641159,0.012144082225859165,0,1,2.1121723651885986,0.010428729467093945,0.1770855337381363,https://wandb.ai/ememchijioke-university-of-klagenfurt/single-uav-rl-baseline/runs/sjth3aqr
2026-05-08T09:08:20.418025,801,3,3652.945095126594,1,LAND_B,4,0,1.0,0.1429622918367386,0.17711006104946136,0.12038379162549973,0.2461027354001999,0.008905860595405102,0,1,2.1192944049835205,0.016158677637577057,0.17711006104946136,https://wandb.ai/ememchijioke-university-of-klagenfurt/single-uav-rl-baseline/runs/sjth3aqr
2026-05-08T09:08:25.248199,802,3,3683.100764469385,1,LAND_B,4,0,1.0,0.1426709145307541,0.17669165134429932,0.12030535936355591,0.2486519068479538,0.008433310315012932,0,1,2.119964599609375,0.009048418141901493,0.17669165134429932,https://wandb.ai/ememchijioke-university-of-klagenfurt/single-uav-rl-baseline/runs/sjth3aqr
2026-05-08T09:08:30.169490,803,3,3898.125087850953,1,LAND_B,4,0,1.0,0.14241692423820496,0.17703622579574585,0.11978314071893692,0.24952317774295807,0.018703274428844452,0,1,2.1195712089538574,0.007122313138097525,0.17703622579574585,https://wandb.ai/ememchijioke-university-of-klagenfurt/single-uav-rl-baseline/runs/sjth3aqr
2026-05-08T09:08:34.340765,804,3,3810.3924707673123,1,LAND_B,4,0,1.0,0.14528892934322357,0.1770571917295456,0.12317086011171341,0.2491714209318161,0.034075938165187836,0,1,2.1223952770233154,0.013800627551972866,0.1770571917295456,https://wandb.ai/ememchijioke-university-of-klagenfurt/single-uav-rl-baseline/runs/sjth3aqr
2026-05-08T09:08:38.572435,805,3,3858.9592154723605,1,LAND_B,4,0,1.0,0.14233119785785675,0.177311509847641,0.11950355768203735,0.24915319681167603,0.011155865155160427,0,1,2.119422435760498,0.004402519203722477,0.177311509847641,https://wandb.ai/ememchijioke-university-of-klagenfurt/single-uav-rl-baseline/runs/sjth3aqr
2026-05-08T09:08:43.268901,806,3,4095.0437684025796,1,LAND_B,4,0,1.0,0.14341981709003448,0.1775835007429123,0.12062357366085052,0.24437938630580902,0.026682302355766296,0,1,2.1205215454101562,0.0049600969068706036,0.1775835007429123,https://wandb.ai/ememchijioke-university-of-klagenfurt/single-uav-rl-baseline/runs/sjth3aqr
2026-05-08T09:08:47.608772,807,3,3946.2908523850638,1,LAND_B,4,0,1.0,0.1364801675081253,0.17705166339874268,0.1126493588089943,0.2505301535129547,0.014212993904948235,0,1,2.1121702194213867,0.010378845036029816,0.17705166339874268,https://wandb.ai/ememchijioke-university-of-klagenfurt/single-uav-rl-baseline/runs/sjth3aqr
2026-05-08T09:08:53.233493,808,3,4712.32719691693,1,LAND_B,4,0,1.0,0.12460387498140335,0.17681050300598145,0.09811356663703918,0.2495124340057373,0.013030732981860638,0,1,2.0969910621643066,0.014798845164477825,0.17681050300598145,https://wandb.ai/ememchijioke-university-of-klagenfurt/single-uav-rl-baseline/runs/sjth3aqr
2026-05-08T09:08:57.355177,809,3,4239.3706357615865,1,LAND_B,4,0,1.0,0.13863486051559448,0.17651055753231049,0.11561037600040436,0.24789933860301971,0.01517852395772934,0,1,2.1147119998931885,0.014384597539901733,0.17651055753231049,https://wandb.ai/ememchijioke-university-of-klagenfurt/single-uav-rl-baseline/runs/sjth3aqr
2026-05-08T09:09:02.290337,810,3,3905.1290646189127,1,LAND_B,4,0,1.0,0.13767872750759125,0.17646898329257965,0.11448986828327179,0.2483123391866684,0.01758856512606144,0,1,2.1141929626464844,0.008239887654781342,0.17646898329257965,https://wandb.ai/ememchijioke-university-of-klagenfurt/single-uav-rl-baseline/runs/sjth3aqr
2026-05-08T09:09:06.522128,811,3,3588.9778080810743,1,LAND_B,4,0,1.0,0.14897747337818146,0.17594662308692932,0.12816551327705383,0.257296621799469,0.01623111218214035,0,1,2.127823829650879,0.009352321736514568,0.17594662308692932,https://wandb.ai/ememchijioke-university-of-klagenfurt/single-uav-rl-baseline/runs/sjth3aqr
2026-05-08T09:09:10.343981,812,3,3627.3310898705786,1,LAND_B,4,0,1.0,0.13953521847724915,0.17640753090381622,0.11675599962472916,0.2499464452266693,0.018013151362538338,0,1,2.1167495250701904,0.0012299282243475318,0.17640753090381622,https://wandb.ai/ememchijioke-university-of-klagenfurt/single-uav-rl-baseline/runs/sjth3aqr
2026-05-08T09:09:14.733489,813,3,4722.269412182923,1,LAND_B,4,0,1.0,0.13379128277301788,0.1755370944738388,0.11042759567499161,0.2504769265651703,0.010360230691730976,0,1,2.1103005409240723,0.005295674782246351,0.1755370944738388,https://wandb.ai/ememchijioke-university-of-klagenfurt/single-uav-rl-baseline/runs/sjth3aqr
2026-05-08T09:09:18.560756,814,3,3943.1591968003527,1,LAND_B,4,0,1.0,0.1463845819234848,0.1757591962814331,0.12525570392608643,0.24796803295612335,0.013471998274326324,0,1,2.1245763301849365,0.013027986511588097,0.1757591962814331,https://wandb.ai/ememchijioke-university-of-klagenfurt/single-uav-rl-baseline/runs/sjth3aqr
2026-05-08T09:09:22.345343,815,3,3920.7745995162963,1,LAND_B,4,0,1.0,0.1354386955499649,0.1756572127342224,0.11233709752559662,0.2502295672893524,0.016774047166109085,0,1,2.111523389816284,0.013496584258973598,0.1756572127342224,https://wandb.ai/ememchijioke-university-of-klagenfurt/single-uav-rl-baseline/runs/sjth3aqr
2026-05-08T09:09:26.496177,816,3,4776.609351164381,1,LAND_B,4,0,1.0,0.12624673545360565,0.1760946363210678,0.10073650628328323,0.25086361169815063,0.02014264278113842,0,1,2.100585460662842,0.0055144974030554295,0.1760946363210678,https://wandb.ai/ememchijioke-university-of-klagenfurt/single-uav-rl-baseline/runs/sjth3aqr
2026-05-08T09:09:30.479545,817,3,3732.2321183413155,1,LAND_B,4,0,1.0,0.13707861304283142,0.17596226930618286,0.1141064316034317,0.2535068690776825,0.008787190541625023,0,1,2.113595962524414,0.01078127697110176,0.17596226930618286,https://wandb.ai/ememchijioke-university-of-klagenfurt/single-uav-rl-baseline/runs/sjth3aqr
2026-05-08T09:09:34.954840,818,3,3678.190442004871,1,LAND_B,4,0,1.0,0.14512184262275696,0.17610765993595123,0.12356365472078323,0.2549583613872528,0.011461854912340641,0,1,2.1234569549560547,0.005133823957294226,0.17610765993595123,https://wandb.ai/ememchijioke-university-of-klagenfurt/single-uav-rl-baseline/runs/sjth3aqr
2026-05-08T09:09:39.668623,819,3,3857.9554828816376,1,LAND_B,4,0,1.0,0.14764079451560974,0.17600232362747192,0.12657587230205536,0.24683892726898193,0.02149009145796299,0,1,2.1255478858947754,0.016099058091640472,0.17600232362747192,https://wandb.ai/ememchijioke-university-of-klagenfurt/single-uav-rl-baseline/runs/sjth3aqr
2026-05-08T09:09:45.142365,820,3,4762.232618685481,1,LAND_B,4,0,1.0,0.12324448674917221,0.17581525444984436,0.09716609865427017,0.24549445509910583,0.009853788651525974,0,1,2.096977472305298,0.006051468662917614,0.17581525444984436,https://wandb.ai/ememchijioke-university-of-klagenfurt/single-uav-rl-baseline/runs/sjth3aqr
2026-05-08T09:09:48.846115,821,3,4242.057026949287,1,LAND_B,4,0,1.0,0.13316664099693298,0.17595241963863373,0.1093827560544014,0.2474355399608612,0.016488293185830116,0,1,2.1083128452301025,0.01526154950261116,0.17595241963863373,https://wandb.ai/ememchijioke-university-of-klagenfurt/single-uav-rl-baseline/runs/sjth3aqr
2026-05-08T09:09:53.692788,822,3,3846.5364544600366,1,LAND_B,4,0,1.0,0.14472845196723938,0.1754903495311737,0.1234809011220932,0.24762818217277527,0.013826651498675346,0,1,2.1222217082977295,0.017589403316378593,0.1754903495311737,https://wandb.ai/ememchijioke-university-of-klagenfurt/single-uav-rl-baseline/runs/sjth3aqr
2026-05-08T09:09:57.753753,823,3,4045.222522871357,1,LAND_B,4,0,1.0,0.13913314044475555,0.17635230720043182,0.1163114532828331,0.2476179599761963,0.0263116005808115,0,1,2.116191864013672,0.005273119080811739,0.17635230720043182,https://wandb.ai/ememchijioke-university-of-klagenfurt/single-uav-rl-baseline/runs/sjth3aqr
2026-05-08T09:10:02.635336,824,3,3688.233370770765,1,LAND_B,4,0,1.0,0.14430077373981476,0.1757945567369461,0.122792087495327,0.25127655267715454,0.015944454818964005,0,1,2.122058391571045,0.01340320985764265,0.1757945567369461,https://wandb.ai/ememchijioke-university-of-klagenfurt/single-uav-rl-baseline/runs/sjth3aqr
2026-05-08T09:10:06.519266,825,3,3631.0187563759678,1,LAND_B,4,0,1.0,0.13327822089195251,0.1750626266002655,0.11013032495975494,0.24732261896133423,0.010835444554686546,0,1,2.1101300716400146,-0.00023674502153880894,0.1750626266002655,https://wandb.ai/ememchijioke-university-of-klagenfurt/single-uav-rl-baseline/runs/sjth3aqr
2026-05-08T09:10:11.551728,826,3,4025.392447195515,1,LAND_B,4,0,1.0,0.1465812772512436,0.1796388328075409,0.12305986136198044,0.2639255225658417,0.018340228125452995,0,1,2.1226091384887695,0.010522717610001564,0.1796388328075409,https://wandb.ai/ememchijioke-university-of-klagenfurt/single-uav-rl-baseline/runs/sjth3aqr
2026-05-08T09:10:16.408153,827,3,3920.35475776524,1,LAND_B,4,0,1.0,0.1422608196735382,0.17481161653995514,0.12100150436162949,0.24655213952064514,0.011311167851090431,0,1,2.119962215423584,0.01582498475909233,0.17481161653995514,https://wandb.ai/ememchijioke-university-of-klagenfurt/single-uav-rl-baseline/runs/sjth3aqr
2026-05-08T09:10:21.418957,828,3,4654.323268456122,1,LAND_B,4,0,1.0,0.13582827150821686,0.17926949262619019,0.11029808968305588,0.2653941810131073,0.0035853730514645576,0,1,2.10975980758667,0.01088359858840704,0.17926949262619019,https://wandb.ai/ememchijioke-university-of-klagenfurt/single-uav-rl-baseline/runs/sjth3aqr
2026-05-08T09:10:25.292010,829,3,3750.405859224188,1,LAND_B,4,0,1.0,0.14610080420970917,0.17960217595100403,0.12251097708940506,0.26343801617622375,0.010739387944340706,0,1,2.1214308738708496,0.01623217761516571,0.17960217595100403,https://wandb.ai/ememchijioke-university-of-klagenfurt/single-uav-rl-baseline/runs/sjth3aqr
2026-05-08T09:10:29.349124,830,3,3785.306552646803,1,LAND_B,4,0,1.0,0.13876928389072418,0.17994970083236694,0.11342381685972214,0.26348042488098145,0.005195424892008305,0,1,2.113330364227295,0.004603269509971142,0.17994970083236694,https://wandb.ai/ememchijioke-university-of-klagenfurt/single-uav-rl-baseline/runs/sjth3aqr
2026-05-08T09:10:33.109277,831,3,3830.353376921307,1,LAND_B,4,0,1.0,0.13409638404846191,0.1750679761171341,0.11111543327569962,0.2523936629295349,0.015680385753512383,0,1,2.110743999481201,0.009077852591872215,0.1750679761171341,https://wandb.ai/ememchijioke-university-of-klagenfurt/single-uav-rl-baseline/runs/sjth3aqr
2026-05-08T09:10:37.057220,832,3,3874.455703237176,1,LAND_B,4,0,1.0,0.13768111169338226,0.1757880598306656,0.11494458466768265,0.24984832108020782,0.026260973885655403,0,1,2.1143546104431152,0.011631021276116371,0.1757880598306656,https://wandb.ai/ememchijioke-university-of-klagenfurt/single-uav-rl-baseline/runs/sjth3aqr
2026-05-08T09:10:41.218432,833,3,3788.6651631309496,1,LAND_B,4,0,1.0,0.14340759813785553,0.17564120888710022,0.12183656543493271,0.24911677837371826,0.008401385508477688,0,1,2.121737003326416,0.004924489185214043,0.17564120888710022,https://wandb.ai/ememchijioke-university-of-klagenfurt/single-uav-rl-baseline/runs/sjth3aqr
2026-05-08T09:10:45.533339,834,3,3868.9581780727576,1,LAND_B,4,0,1.0,0.13307856023311615,0.17606696486473083,0.1091957837343216,0.2475457340478897,0.005896588787436485,0,1,2.1081292629241943,0.015224384143948555,0.17606696486473083,https://wandb.ai/ememchijioke-university-of-klagenfurt/single-uav-rl-baseline/runs/sjth3aqr
2026-05-08T09:10:49.608422,835,3,4011.5217743711687,1,LAND_B,4,0,1.0,0.13649217784404755,0.17572802305221558,0.113557830452919,0.24670849740505219,0.016300255432724953,0,1,2.1132068634033203,0.0089211231097579,0.17572802305221558,https://wandb.ai/ememchijioke-university-of-klagenfurt/single-uav-rl-baseline/runs/sjth3aqr
2026-05-08T09:10:53.566481,836,3,4266.481599885303,1,LAND_B,4,0,1.0,0.14990486204624176,0.17619450390338898,0.12909634411334991,0.24739611148834229,0.022542569786310196,0,1,2.128607749938965,0.011221101507544518,0.17619450390338898,https://wandb.ai/ememchijioke-university-of-klagenfurt/single-uav-rl-baseline/runs/sjth3aqr
2026-05-08T09:10:58.048742,837,3,3610.5610249076126,1,LAND_B,4,0,1.0,0.13578401505947113,0.1760724037885666,0.1124734953045845,0.25310763716697693,0.012952304445207119,0,1,2.1116349697113037,0.013708449900150299,0.1760724037885666,https://wandb.ai/ememchijioke-university-of-klagenfurt/single-uav-rl-baseline/runs/sjth3aqr
2026-05-08T09:11:03.106089,838,3,3846.3088518449385,1,LAND_B,4,0,1.0,0.14640170335769653,0.17703446745872498,0.12449557334184647,0.25099852681159973,0.015117381699383259,0,1,2.1237680912017822,0.013439021073281765,0.17703446745872498,https://wandb.ai/ememchijioke-university-of-klagenfurt/single-uav-rl-baseline/runs/sjth3aqr
2026-05-08T09:11:08.064838,839,3,3431.7491539382936,1,LAND_B,4,0,1.0,0.14541079103946686,0.17757970094680786,0.12298654764890671,0.24713779985904694,0.01397955883294344,0,1,2.122269630432129,0.013259976170957088,0.17757970094680786,https://wandb.ai/ememchijioke-university-of-klagenfurt/single-uav-rl-baseline/runs/sjth3aqr
2026-05-08T09:11:13.008573,840,3,3824.556821082337,1,LAND_B,4,0,1.0,0.144149050116539,0.1777072250843048,0.12141060829162598,0.25084272027015686,0.003975626081228256,0,1,2.1212692260742188,0.005857564974576235,0.1777072250843048,https://wandb.ai/ememchijioke-university-of-klagenfurt/single-uav-rl-baseline/runs/sjth3aqr
2026-05-08T09:11:17.773561,841,3,3653.6421337915035,1,LAND_B,4,0,1.0,0.14196307957172394,0.17745018005371094,0.1189747229218483,0.24430806934833527,0.006838314235210419,0,1,2.118922710418701,0.0035177827812731266,0.17745018005371094,https://wandb.ai/ememchijioke-university-of-klagenfurt/single-uav-rl-baseline/runs/sjth3aqr
2026-05-08T09:11:21.826464,842,3,3866.7422045924127,1,LAND_B,4,0,1.0,0.14230938255786896,0.17781510949134827,0.11915019899606705,0.2433643788099289,0.009087162092328072,0,1,2.1191344261169434,0.0019386361818760633,0.17781510949134827,https://wandb.ai/ememchijioke-university-of-klagenfurt/single-uav-rl-baseline/runs/sjth3aqr
2026-05-08T09:11:25.875723,843,3,3984.4272439440765,1,LAND_B,4,0,1.0,0.143792986869812,0.1771688461303711,0.12133175134658813,0.2538630962371826,0.01852322928607464,0,1,2.120856523513794,0.01072821393609047,0.1771688461303711,https://wandb.ai/ememchijioke-university-of-klagenfurt/single-uav-rl-baseline/runs/sjth3aqr
2026-05-08T09:11:29.837262,844,3,3556.3504548095752,1,LAND_B,4,0,1.0,0.14655286073684692,0.17741312086582184,0.12443853914737701,0.25238391757011414,0.012244893237948418,0,1,2.124159812927246,0.008324114605784416,0.17741312086582184,https://wandb.ai/ememchijioke-university-of-klagenfurt/single-uav-rl-baseline/runs/sjth3aqr
2026-05-08T09:11:33.921385,845,3,3721.6044173504906,1,LAND_B,4,0,1.0,0.13730518519878387,0.17845351994037628,0.11268432438373566,0.25087863206863403,0.00562627986073494,0,1,2.1125926971435547,0.004543330520391464,0.17845351994037628,https://wandb.ai/ememchijioke-university-of-klagenfurt/single-uav-rl-baseline/runs/sjth3aqr
2026-05-08T09:11:37.991346,846,3,3565.115253678243,1,LAND_B,4,0,1.0,0.14561815559864044,0.17837603390216827,0.12272670865058899,0.24826925992965698,0.018327973783016205,0,1,2.122623920440674,0.005021836142987013,0.17837603390216827,https://wandb.ai/ememchijioke-university-of-klagenfurt/single-uav-rl-baseline/runs/sjth3aqr
2026-05-08T09:11:42.950708,847,3,3964.233707333,1,LAND_B,4,0,1.0,0.14900296926498413,0.17769405245780945,0.12714368104934692,0.24925486743450165,0.02132333256304264,0,1,2.1261918544769287,0.015528435818850994,0.17769405245780945,https://wandb.ai/ememchijioke-university-of-klagenfurt/single-uav-rl-baseline/runs/sjth3aqr
2026-05-08T09:11:47.228399,848,3,3699.9305411985306,1,LAND_B,4,0,1.0,0.13961072266101837,0.1782003939151764,0.11565402150154114,0.24634137749671936,0.019435204565525055,0,1,2.1155803203582764,0.004128080327063799,0.1782003939151764,https://wandb.ai/ememchijioke-university-of-klagenfurt/single-uav-rl-baseline/runs/sjth3aqr
2026-05-08T09:11:51.307079,849,3,3619.9186627484155,1,LAND_B,4,0,1.0,0.141928568482399,0.178463876247406,0.1182672306895256,0.24761931598186493,0.011379808187484741,0,1,2.1173722743988037,0.014521937817335129,0.178463876247406,https://wandb.ai/ememchijioke-university-of-klagenfurt/single-uav-rl-baseline/runs/sjth3aqr
2026-05-08T09:11:55.736791,850,3,3796.973817537923,1,LAND_B,4,0,1.0,0.14137335121631622,0.17787423729896545,0.11799165606498718,0.25196167826652527,0.013694971799850464,0,1,2.1179726123809814,0.0021196503657847643,0.17787423729896545,https://wandb.ai/ememchijioke-university-of-klagenfurt/single-uav-rl-baseline/runs/sjth3aqr
2026-05-08T09:12:00.072520,851,3,3869.024576738064,1,LAND_B,4,0,1.0,0.14286647737026215,0.1784672886133194,0.11938892304897308,0.25747767090797424,0.01597568206489086,0,1,2.1190624237060547,0.008823471143841743,0.1784672886133194,https://wandb.ai/ememchijioke-university-of-klagenfurt/single-uav-rl-baseline/runs/sjth3aqr
2026-05-08T09:12:05.156286,852,3,3930.269289727101,1,LAND_B,4,0,1.0,0.13998037576675415,0.17842042446136475,0.11595146358013153,0.2512325942516327,0.035707470029592514,0,1,2.115940570831299,-0.0015891847433522344,0.17842042446136475,https://wandb.ai/ememchijioke-university-of-klagenfurt/single-uav-rl-baseline/runs/sjth3aqr
2026-05-08T09:12:10.132579,853,3,3870.7790412182653,1,LAND_B,4,0,1.0,0.13489581644535065,0.17773640155792236,0.11024489253759384,0.24679027497768402,0.002829661127179861,0,1,2.109823703765869,0.009627548046410084,0.17773640155792236,https://wandb.ai/ememchijioke-university-of-klagenfurt/single-uav-rl-baseline/runs/sjth3aqr
2026-05-08T09:12:13.929218,854,3,3710.832565072486,1,LAND_B,4,0,1.0,0.14396966993808746,0.17808492481708527,0.12095456570386887,0.24665065109729767,0.014896685257554054,0,1,2.120483160018921,0.010668465867638588,0.17808492481708527,https://wandb.ai/ememchijioke-university-of-klagenfurt/single-uav-rl-baseline/runs/sjth3aqr
2026-05-08T09:12:17.852106,855,3,3689.421370545172,1,LAND_B,4,0,1.0,0.13409683108329773,0.17783187329769135,0.10919781029224396,0.24640020728111267,0.007210778072476387,0,1,2.1091911792755127,0.0012033262755721807,0.17783187329769135,https://wandb.ai/ememchijioke-university-of-klagenfurt/single-uav-rl-baseline/runs/sjth3aqr
2026-05-08T09:12:21.737990,856,3,3726.58156376266,1,LAND_B,4,0,1.0,0.13809171319007874,0.17777325212955475,0.11410802602767944,0.24949397146701813,0.010406051762402058,0,1,2.1138601303100586,0.007517481222748756,0.17777325212955475,https://wandb.ai/ememchijioke-university-of-klagenfurt/single-uav-rl-baseline/runs/sjth3aqr
2026-05-08T09:12:25.543894,857,3,4003.3829289010396,1,LAND_B,4,0,1.0,0.14592300355434418,0.1779106855392456,0.12338332831859589,0.24974244832992554,0.025790030136704445,0,1,2.123260974884033,0.005493511445820332,0.1779106855392456,https://wandb.ai/ememchijioke-university-of-klagenfurt/single-uav-rl-baseline/runs/sjth3aqr
2026-05-08T09:12:29.360933,858,3,3792.26638855167,1,LAND_B,4,0,1.0,0.13931889832019806,0.17690767347812653,0.1161678284406662,0.24437062442302704,0.01926923729479313,0,1,2.1160407066345215,0.005433105863630772,0.17690767347812653,https://wandb.ai/ememchijioke-university-of-klagenfurt/single-uav-rl-baseline/runs/sjth3aqr
2026-05-08T09:12:33.027112,859,3,3816.7606732950035,1,LAND_B,4,0,1.0,0.13458886742591858,0.17747323215007782,0.11005481332540512,0.2457130402326584,0.008796479552984238,0,1,2.1100456714630127,0.0014184692408889532,0.17747323215007782,https://wandb.ai/ememchijioke-university-of-klagenfurt/single-uav-rl-baseline/runs/sjth3aqr
2026-05-08T09:12:37.093501,860,3,3897.920151461906,1,LAND_B,4,0,1.0,0.1402653455734253,0.17739897966384888,0.11697763204574585,0.2490050196647644,0.014428253285586834,0,1,2.116878032684326,0.004826242569833994,0.17739897966384888,https://wandb.ai/ememchijioke-university-of-klagenfurt/single-uav-rl-baseline/runs/sjth3aqr
2026-05-08T09:12:41.797473,861,3,3864.2005268893126,1,LAND_B,4,0,1.0,0.14502783119678497,0.176116943359375,0.1234474927186966,0.246891051530838,0.012774217873811722,0,1,2.1233720779418945,0.004314309451729059,0.176116943359375,https://wandb.ai/ememchijioke-university-of-klagenfurt/single-uav-rl-baseline/runs/sjth3aqr
2026-05-08T09:12:46.077438,862,3,3544.2010027245474,1,LAND_B,4,0,1.0,0.1356288194656372,0.176266148686409,0.11215459555387497,0.2465844452381134,0.008386509492993355,0,1,2.1120402812957764,0.005062417592853308,0.176266148686409,https://wandb.ai/ememchijioke-university-of-klagenfurt/single-uav-rl-baseline/runs/sjth3aqr
2026-05-08T09:12:51.162759,863,3,3789.8881255094066,1,LAND_B,4,0,1.0,0.13547079265117645,0.17605841159820557,0.11210465431213379,0.2461681067943573,0.007584770210087299,0,1,2.111973524093628,0.005420691333711147,0.17605841159820557,https://wandb.ai/ememchijioke-university-of-klagenfurt/single-uav-rl-baseline/runs/sjth3aqr
2026-05-08T09:12:56.457331,864,3,3928.7608481465572,1,LAND_B,4,0,1.0,0.13585945963859558,0.17540127038955688,0.11301523447036743,0.24696221947669983,0.0113719766959548,0,1,2.1127781867980957,0.0073160212486982346,0.17540127038955688,https://wandb.ai/ememchijioke-university-of-klagenfurt/single-uav-rl-baseline/runs/sjth3aqr
2026-05-08T09:13:01.348505,865,3,3594.811695407832,1,LAND_B,4,0,1.0,0.14144070446491241,0.17615728080272675,0.11918701231479645,0.250881165266037,0.014430019073188305,0,1,2.1181538105010986,0.015659507364034653,0.17615728080272675,https://wandb.ai/ememchijioke-university-of-klagenfurt/single-uav-rl-baseline/runs/sjth3aqr
2026-05-08T09:13:06.332503,866,3,4252.662451518064,1,LAND_B,4,0,1.0,0.13489769399166107,0.1757066547870636,0.11165075749158859,0.24680905044078827,0.012447129935026169,0,1,2.1114957332611084,0.005881661083549261,0.1757066547870636,https://wandb.ai/ememchijioke-university-of-klagenfurt/single-uav-rl-baseline/runs/sjth3aqr
2026-05-08T09:13:10.564040,867,3,3825.5104209581455,1,LAND_B,4,0,1.0,0.14655634760856628,0.17633427679538727,0.1251073181629181,0.24615949392318726,0.014877360314130783,0,1,2.1242473125457764,0.014643955044448376,0.17633427679538727,https://wandb.ai/ememchijioke-university-of-klagenfurt/single-uav-rl-baseline/runs/sjth3aqr
2026-05-08T09:13:15.586166,868,3,3714.2943913700988,1,LAND_B,4,0,1.0,0.13682685792446136,0.17567391693592072,0.11399582773447037,0.2547091841697693,0.006848633289337158,0,1,2.1138925552368164,0.0048512802459299564,0.17567391693592072,https://wandb.ai/ememchijioke-university-of-klagenfurt/single-uav-rl-baseline/runs/sjth3aqr
2026-05-08T09:13:20.543557,869,3,3963.5967540610645,1,LAND_B,4,0,1.0,0.1413896679878235,0.1761585921049118,0.11912558972835541,0.2530328333377838,0.026130862534046173,0,1,2.1191000938415527,0.002464492106810212,0.1761585921049118,https://wandb.ai/ememchijioke-university-of-klagenfurt/single-uav-rl-baseline/runs/sjth3aqr
2026-05-08T09:13:24.866395,870,3,4004.778246894165,1,LAND_B,4,0,1.0,0.13894692063331604,0.17690446972846985,0.11572359502315521,0.2506146728992462,0.010377440601587296,0,1,2.1149673461914062,0.013208327814936638,0.17690446972846985,https://wandb.ai/ememchijioke-university-of-klagenfurt/single-uav-rl-baseline/runs/sjth3aqr
2026-05-08T09:13:29.831293,871,3,3656.975053752591,1,LAND_B,4,0,1.0,0.13875094056129456,0.17669418454170227,0.1156279668211937,0.24582819640636444,0.021603036671876907,0,1,2.1146888732910156,0.014706782065331936,0.17669418454170227,https://wandb.ai/ememchijioke-university-of-klagenfurt/single-uav-rl-baseline/runs/sjth3aqr
2026-05-08T09:13:33.758652,872,3,3871.0916231665706,1,LAND_B,4,0,1.0,0.1414909064769745,0.17683598399162292,0.11881037801504135,0.25003865361213684,0.01576068624854088,0,1,2.118661403656006,0.005947863683104515,0.17683598399162292,https://wandb.ai/ememchijioke-university-of-klagenfurt/single-uav-rl-baseline/runs/sjth3aqr
2026-05-08T09:13:37.625339,873,3,3962.294366507568,1,LAND_B,4,0,1.0,0.1383165717124939,0.1771211177110672,0.11482075601816177,0.24599823355674744,0.013090473599731922,0,1,2.1140706539154053,0.013103104196488857,0.1771211177110672,https://wandb.ai/ememchijioke-university-of-klagenfurt/single-uav-rl-baseline/runs/sjth3aqr
2026-05-08T09:13:41.431606,874,3,3743.8985172017033,1,LAND_B,4,0,1.0,0.13772912323474884,0.17647865414619446,0.11454398930072784,0.24892516434192657,0.00164630392100662,0,1,2.1144917011260986,-0.003460683859884739,0.17647865414619446,https://wandb.ai/ememchijioke-university-of-klagenfurt/single-uav-rl-baseline/runs/sjth3aqr
2026-05-08T09:13:45.795945,875,3,3964.5760049144965,1,LAND_B,4,0,1.0,0.1410703808069229,0.17696021497249603,0.1182285025715828,0.24282602965831757,0.03179210424423218,0,1,2.11808443069458,-0.005834869109094143,0.17696021497249603,https://wandb.ai/ememchijioke-university-of-klagenfurt/single-uav-rl-baseline/runs/sjth3aqr
2026-05-08T09:13:50.132338,876,3,3871.473792615231,1,LAND_B,4,0,1.0,0.1362908035516739,0.17727883160114288,0.11226381361484528,0.2469255030155182,0.009158561006188393,0,1,2.112262725830078,0.0004947124980390072,0.17727883160114288,https://wandb.ai/ememchijioke-university-of-klagenfurt/single-uav-rl-baseline/runs/sjth3aqr
2026-05-08T09:13:55.178882,877,3,3944.0854034600757,1,LAND_B,4,0,1.0,0.14092634618282318,0.1769569218158722,0.11805874854326248,0.24896511435508728,0.02164512127637863,0,1,2.1180059909820557,0.0035289821680635214,0.1769569218158722,https://wandb.ai/ememchijioke-university-of-klagenfurt/single-uav-rl-baseline/runs/sjth3aqr
2026-05-08T09:13:59.739356,878,3,3758.653263035355,1,LAND_B,4,0,1.0,0.1328970342874527,0.17742326855659485,0.10801508277654648,0.2494598627090454,0.00875979382544756,0,1,2.107358455657959,0.01189203467220068,0.17742326855659485,https://wandb.ai/ememchijioke-university-of-klagenfurt/single-uav-rl-baseline/runs/sjth3aqr
2026-05-08T09:14:04.403253,879,3,3686.4069586514797,1,LAND_B,4,0,1.0,0.13877129554748535,0.17792077362537384,0.11482954770326614,0.24881526827812195,0.01179482415318489,0,1,2.114485025405884,0.00888844020664692,0.17792077362537384,https://wandb.ai/ememchijioke-university-of-klagenfurt/single-uav-rl-baseline/runs/sjth3aqr
2026-05-08T09:14:08.662942,880,3,3659.5094147946174,1,LAND_B,4,0,1.0,0.14487022161483765,0.17824164032936096,0.12192468345165253,0.2461683601140976,0.007015256676822901,0,1,2.121915817260742,0.0014701669570058584,0.17824164032936096,https://wandb.ai/ememchijioke-university-of-klagenfurt/single-uav-rl-baseline/runs/sjth3aqr
2026-05-08T09:14:12.851206,881,3,4237.302339299154,1,LAND_B,4,0,1.0,0.13822335004806519,0.17802362143993378,0.1140964925289154,0.24730338156223297,0.01730961911380291,0,1,2.114004611968994,0.004577899817377329,0.17802362143993378,https://wandb.ai/ememchijioke-university-of-klagenfurt/single-uav-rl-baseline/runs/sjth3aqr
2026-05-08T09:14:17.919872,882,3,3831.0870461494696,1,LAND_B,4,0,1.0,0.13612496852874756,0.17795689404010773,0.11159180104732513,0.2499401569366455,0.0258443895727396,0,1,2.111443519592285,0.0057508195750415325,0.17795689404010773,https://wandb.ai/ememchijioke-university-of-klagenfurt/single-uav-rl-baseline/runs/sjth3aqr
2026-05-08T09:14:21.979907,883,3,4039.2728304931293,1,LAND_B,4,0,1.0,0.14481966197490692,0.17855891585350037,0.12166030704975128,0.24498394131660461,0.01788235828280449,0,1,2.120969295501709,0.012948322109878063,0.17855891585350037,https://wandb.ai/ememchijioke-university-of-klagenfurt/single-uav-rl-baseline/runs/sjth3aqr
2026-05-08T09:14:25.814697,884,3,3604.190952281394,1,LAND_B,4,0,1.0,0.13973501324653625,0.1778506487607956,0.11603943258523941,0.24266880750656128,0.010532557964324951,0,1,2.1154134273529053,0.01203704159706831,0.1778506487607956,https://wandb.ai/ememchijioke-university-of-klagenfurt/single-uav-rl-baseline/runs/sjth3aqr
2026-05-08T09:14:29.669480,885,3,3856.9058600763246,1,LAND_B,4,0,1.0,0.1428627222776413,0.1768917739391327,0.12040520459413528,0.24787428975105286,0.0015717888018116355,0,1,2.1203675270080566,0.0030119051225483418,0.1768917739391327,https://wandb.ai/ememchijioke-university-of-klagenfurt/single-uav-rl-baseline/runs/sjth3aqr
2026-05-08T09:14:33.645951,886,3,3927.222108934861,1,LAND_B,4,0,1.0,0.13599100708961487,0.17703305184841156,0.1120690107345581,0.24785269796848297,0.010423945263028145,0,1,2.1112821102142334,0.013257244601845741,0.17703305184841156,https://wandb.ai/ememchijioke-university-of-klagenfurt/single-uav-rl-baseline/runs/sjth3aqr
2026-05-08T09:14:37.250196,887,3,3638.083676200525,1,LAND_B,4,0,1.0,0.13372528553009033,0.17665603756904602,0.10957328975200653,0.2508523762226105,0.010851354338228703,0,1,2.1090023517608643,0.011171040125191212,0.17665603756904602,https://wandb.ai/ememchijioke-university-of-klagenfurt/single-uav-rl-baseline/runs/sjth3aqr
2026-05-08T09:14:40.993900,888,3,3858.620209011395,1,LAND_B,4,0,1.0,0.13405555486679077,0.17684775590896606,0.1098422184586525,0.25015196204185486,0.026404840871691704,0,1,2.1093902587890625,0.009954134002327919,0.17684775590896606,https://wandb.ai/ememchijioke-university-of-klagenfurt/single-uav-rl-baseline/runs/sjth3aqr
2026-05-08T09:14:45.813451,889,3,4164.857978337543,1,LAND_B,4,0,1.0,0.13276104629039764,0.17666974663734436,0.10838471353054047,0.24971559643745422,0.002594526158645749,0,1,2.1080143451690674,0.008952504023909569,0.17666974663734436,https://wandb.ai/ememchijioke-university-of-klagenfurt/single-uav-rl-baseline/runs/sjth3aqr
2026-05-08T09:14:49.468427,890,3,4072.7629330575346,1,LAND_B,4,0,1.0,0.1467561274766922,0.17639128863811493,0.12530654668807983,0.24737025797367096,0.00943027250468731,0,1,2.1248180866241455,0.011053308844566345,0.17639128863811493,https://wandb.ai/ememchijioke-university-of-klagenfurt/single-uav-rl-baseline/runs/sjth3aqr
2026-05-08T09:14:53.241434,891,3,4774.078714892385,1,LAND_B,4,0,1.0,0.13306884467601776,0.17650169134140015,0.10887979716062546,0.24208329617977142,0.008578483946621418,0,1,2.1088409423828125,0.0029086091089993715,0.17650169134140015,https://wandb.ai/ememchijioke-university-of-klagenfurt/single-uav-rl-baseline/runs/sjth3aqr
2026-05-08T09:14:57.298158,892,3,3881.6060380622885,1,LAND_B,4,0,1.0,0.12914583086967468,0.17686547338962555,0.10378026217222214,0.25015994906425476,0.022624405100941658,0,1,2.1035664081573486,0.006658975966274738,0.17686547338962555,https://wandb.ai/ememchijioke-university-of-klagenfurt/single-uav-rl-baseline/runs/sjth3aqr
2026-05-08T09:15:02.179470,893,3,3968.3477666172193,1,LAND_B,4,0,1.0,0.13883695006370544,0.1761605441570282,0.11608302593231201,0.25282013416290283,0.01154681108891964,0,1,2.1160407066345215,-0.0031340557616204023,0.1761605441570282,https://wandb.ai/ememchijioke-university-of-klagenfurt/single-uav-rl-baseline/runs/sjth3aqr
2026-05-08T09:15:06.367475,894,3,4078.4572281399164,1,LAND_B,4,0,1.0,0.1416008472442627,0.1760234385728836,0.11946228891611099,0.2463388293981552,0.009204051457345486,0,1,2.1194369792938232,0.0024591393303126097,0.1760234385728836,https://wandb.ai/ememchijioke-university-of-klagenfurt/single-uav-rl-baseline/runs/sjth3aqr
2026-05-08T09:15:11.108956,895,3,3919.485047102656,1,LAND_B,4,0,1.0,0.13375985622406006,0.1757739931344986,0.11022704839706421,0.24413251876831055,0.011262553744018078,0,1,2.1100597381591797,0.0060709333047270775,0.1757739931344986,https://wandb.ai/ememchijioke-university-of-klagenfurt/single-uav-rl-baseline/runs/sjth3aqr
2026-05-08T09:15:15.065456,896,3,3700.721747153459,1,LAND_B,4,0,1.0,0.14256009459495544,0.17601940035820007,0.12060031294822693,0.24526067078113556,0.00986411701887846,0,1,2.1193501949310303,0.01731952093541622,0.17601940035820007,https://wandb.ai/ememchijioke-university-of-klagenfurt/single-uav-rl-baseline/runs/sjth3aqr
2026-05-08T09:15:19.516677,897,3,3901.2423698781363,1,LAND_B,4,0,1.0,0.13639657199382782,0.1761428266763687,0.11316490173339844,0.24700821936130524,0.012910276651382446,0,1,2.113055467605591,0.004975512623786926,0.1761428266763687,https://wandb.ai/ememchijioke-university-of-klagenfurt/single-uav-rl-baseline/runs/sjth3aqr
2026-05-08T09:15:24.358431,898,3,3722.4966057270713,1,LAND_B,4,0,1.0,0.1383991837501526,0.17614394426345825,0.11557003855705261,0.25123900175094604,0.010965021327137947,0,1,2.115259885787964,0.008461257442831993,0.17614394426345825,https://wandb.ai/ememchijioke-university-of-klagenfurt/single-uav-rl-baseline/runs/sjth3aqr
2026-05-08T09:15:28.271981,899,3,3967.767378600371,1,LAND_B,4,0,1.0,0.14067143201828003,0.1752399355173111,0.11885875463485718,0.24847464263439178,0.014941039495170116,0,1,2.1188292503356934,-0.0026483405381441116,0.1752399355173111,https://wandb.ai/ememchijioke-university-of-klagenfurt/single-uav-rl-baseline/runs/sjth3aqr
2026-05-08T09:15:32.818885,900,3,4013.4237164480733,1,LAND_B,4,0,1.0,0.13944083452224731,0.17587879300117493,0.11698784679174423,0.253958135843277,0.010384567081928253,0,1,2.1169848442077637,-0.0008378247148357332,0.17587879300117493,https://wandb.ai/ememchijioke-university-of-klagenfurt/single-uav-rl-baseline/runs/sjth3aqr
2026-05-08T09:15:36.852394,901,3,3695.7210268157833,1,LAND_B,4,0,1.0,0.1416141241788864,0.1761981099843979,0.11936669796705246,0.24778307974338531,0.005795313511043787,0,1,2.119278907775879,0.004577135667204857,0.1761981099843979,https://wandb.ai/ememchijioke-university-of-klagenfurt/single-uav-rl-baseline/runs/sjth3aqr
2026-05-08T09:15:41.749297,902,3,3796.298133720898,1,LAND_B,4,0,1.0,0.13678444921970367,0.17635399103164673,0.11349032819271088,0.24711273610591888,0.01753145642578602,0,1,2.113125801086426,0.00908886268734932,0.17635399103164673,https://wandb.ai/ememchijioke-university-of-klagenfurt/single-uav-rl-baseline/runs/sjth3aqr
2026-05-08T09:15:46.727382,903,3,4061.9180091284043,1,LAND_B,4,0,1.0,0.13172975182533264,0.17625541985034943,0.10741432756185532,0.24528226256370544,0.02222566306591034,0,1,2.1065292358398438,0.01376077439635992,0.17625541985034943,https://wandb.ai/ememchijioke-university-of-klagenfurt/single-uav-rl-baseline/runs/sjth3aqr
2026-05-08T09:15:50.467203,904,3,3986.776503609137,1,LAND_B,4,0,1.0,0.13911503553390503,0.1756378412246704,0.11675577610731125,0.24707403779029846,0.0048180450685322285,0,1,2.1167545318603516,0.0005397226777859032,0.1756378412246704,https://wandb.ai/ememchijioke-university-of-klagenfurt/single-uav-rl-baseline/runs/sjth3aqr
2026-05-08T09:15:54.327421,905,3,3898.3882717689853,1,LAND_B,4,0,1.0,0.1360855996608734,0.1760423481464386,0.11285765469074249,0.2478543072938919,0.016876881942152977,0,1,2.112517833709717,0.008751433342695236,0.1760423481464386,https://wandb.ai/ememchijioke-university-of-klagenfurt/single-uav-rl-baseline/runs/sjth3aqr
2026-05-08T09:15:59.184123,906,3,3969.8224744750496,1,LAND_B,4,0,1.0,0.14078876376152039,0.17657175660133362,0.11814500391483307,0.24902015924453735,0.015707330778241158,0,1,2.118144989013672,6.604714872082695e-05,0.17657175660133362,https://wandb.ai/ememchijioke-university-of-klagenfurt/single-uav-rl-baseline/runs/sjth3aqr
2026-05-08T09:16:04.005656,907,3,3661.2142385712555,1,LAND_B,4,0,1.0,0.13479216396808624,0.17686276137828827,0.11072959750890732,0.24756930768489838,0.007182128727436066,0,1,2.1102781295776367,0.009988855570554733,0.17686276137828827,https://wandb.ai/ememchijioke-university-of-klagenfurt/single-uav-rl-baseline/runs/sjth3aqr
2026-05-08T09:16:08.917640,908,3,3883.3998091872313,1,LAND_B,4,0,1.0,0.13371844589710236,0.177535280585289,0.10894450545310974,0.24722515046596527,0.01318399142473936,0,1,2.1083812713623047,0.011063690297305584,0.177535280585289,https://wandb.ai/ememchijioke-university-of-klagenfurt/single-uav-rl-baseline/runs/sjth3aqr
2026-05-08T09:16:13.065495,909,3,3523.6939197709057,1,LAND_B,4,0,1.0,0.14241088926792145,0.17694087326526642,0.11983723193407059,0.24904362857341766,0.025268077850341797,0,1,2.119748830795288,0.004602168686687946,0.17694087326526642,https://wandb.ai/ememchijioke-university-of-klagenfurt/single-uav-rl-baseline/runs/sjth3aqr
2026-05-08T09:16:18.020553,910,3,3998.9598832614624,1,LAND_B,4,0,1.0,0.13960322737693787,0.17746631801128387,0.11613799631595612,0.2442251294851303,0.018289556726813316,0,1,2.1157071590423584,0.00999434757977724,0.17746631801128387,https://wandb.ai/ememchijioke-university-of-klagenfurt/single-uav-rl-baseline/runs/sjth3aqr
2026-05-08T09:16:23.220453,911,3,3925.6702531135666,1,LAND_B,4,0,1.0,0.13440395891666412,0.177481546998024,0.10982273519039154,0.25028637051582336,0.010705607943236828,0,1,2.109673500061035,0.0057233418338000774,0.177481546998024,https://wandb.ai/ememchijioke-university-of-klagenfurt/single-uav-rl-baseline/runs/sjth3aqr
2026-05-08T09:16:27.066314,912,3,4105.7227610770615,1,LAND_B,4,0,1.0,0.14611944556236267,0.1777629256248474,0.12370862066745758,0.24726498126983643,0.008186347782611847,0,1,2.1233327388763428,0.009636268019676208,0.1777629256248474,https://wandb.ai/ememchijioke-university-of-klagenfurt/single-uav-rl-baseline/runs/sjth3aqr
2026-05-08T09:16:31.791683,913,3,3727.038734026433,1,LAND_B,4,0,1.0,0.1440630704164505,0.1765350103378296,0.12205147743225098,0.25253188610076904,0.026249680668115616,0,1,2.122032403945923,0.002157508162781596,0.1765350103378296,https://wandb.ai/ememchijioke-university-of-klagenfurt/single-uav-rl-baseline/runs/sjth3aqr
2026-05-08T09:16:36.883030,914,3,3685.539642918867,1,LAND_B,4,0,1.0,0.14336486160755157,0.17712272703647614,0.12085350602865219,0.24929171800613403,0.02207639440894127,0,1,2.120746374130249,-0.005087508819997311,0.17712272703647614,https://wandb.ai/ememchijioke-university-of-klagenfurt/single-uav-rl-baseline/runs/sjth3aqr
2026-05-08T09:16:41.179705,915,3,3818.741278361117,1,LAND_B,4,0,1.0,0.13973799347877502,0.17734332382678986,0.11638177931308746,0.24889817833900452,0.015624985098838806,0,1,2.116164207458496,0.0071131158620119095,0.17734332382678986,https://wandb.ai/ememchijioke-university-of-klagenfurt/single-uav-rl-baseline/runs/sjth3aqr
2026-05-08T09:16:45.276392,916,3,3608.822109285705,1,LAND_B,4,0,1.0,0.13886117935180664,0.17710113525390625,0.11548957228660583,0.24837954342365265,0.008811188861727715,0,1,2.114954710006714,0.011102083139121532,0.17710113525390625,https://wandb.ai/ememchijioke-university-of-klagenfurt/single-uav-rl-baseline/runs/sjth3aqr
2026-05-08T09:16:49.724323,917,3,3716.37095845523,1,LAND_B,4,0,1.0,0.13049155473709106,0.17826533317565918,0.10441543161869049,0.24628645181655884,0.002970957662910223,0,1,2.103585958480835,0.013135134242475033,0.17826533317565918,https://wandb.ai/ememchijioke-university-of-klagenfurt/single-uav-rl-baseline/runs/sjth3aqr
2026-05-08T09:16:55.586312,918,3,3585.196688062504,1,LAND_B,4,0,1.0,0.13792048394680023,0.1775473654270172,0.11405465751886368,0.2476753294467926,0.002150270389392972,0,1,2.113535165786743,0.010873400606215,0.1775473654270172,https://wandb.ai/ememchijioke-university-of-klagenfurt/single-uav-rl-baseline/runs/sjth3aqr
2026-05-08T09:16:59.310789,919,3,3723.600738178986,1,LAND_B,4,0,1.0,0.1372111439704895,0.17768825590610504,0.11309923231601715,0.24663272500038147,0.009723464958369732,0,1,2.1121761798858643,0.014420160092413425,0.17768825590610504,https://wandb.ai/ememchijioke-university-of-klagenfurt/single-uav-rl-baseline/runs/sjth3aqr
2026-05-08T09:17:05.199860,920,3,3675.4876152053544,1,LAND_B,4,0,1.0,0.14405232667922974,0.17762072384357452,0.12135112285614014,0.250094473361969,0.004806308075785637,0,1,2.120530605316162,0.014087891206145287,0.17762072384357452,https://wandb.ai/ememchijioke-university-of-klagenfurt/single-uav-rl-baseline/runs/sjth3aqr
2026-05-08T09:17:09.228744,921,3,3875.653983326002,1,LAND_B,4,0,1.0,0.13057567179203033,0.1783391833305359,0.10446519404649734,0.24437835812568665,0.0076653421856462955,0,1,2.1043922901153564,-0.003902197815477848,0.1783391833305359,https://wandb.ai/ememchijioke-university-of-klagenfurt/single-uav-rl-baseline/runs/sjth3aqr
2026-05-08T09:17:13.751935,922,3,3775.803699122368,1,LAND_B,4,0,1.0,0.1387794315814972,0.17814141511917114,0.11468936502933502,0.24786019325256348,0.014441538602113724,0,1,2.1146340370178223,0.0035620855633169413,0.17814141511917114,https://wandb.ai/ememchijioke-university-of-klagenfurt/single-uav-rl-baseline/runs/sjth3aqr
2026-05-08T09:17:18.410382,923,3,3674.3853965657345,1,LAND_B,4,0,1.0,0.14324866235256195,0.17684754729270935,0.12089100480079651,0.25054746866226196,0.0070465984754264355,0,1,2.1208877563476562,-0.0008860939415171742,0.17684754729270935,https://wandb.ai/ememchijioke-university-of-klagenfurt/single-uav-rl-baseline/runs/sjth3aqr
2026-05-08T09:17:23.337771,924,3,3677.943876168977,1,LAND_B,4,0,1.0,0.13501277565956116,0.17694522440433502,0.11094088852405548,0.24470019340515137,0.010853519663214684,0,1,2.1108345985412598,0.004855101928114891,0.17694522440433502,https://wandb.ai/ememchijioke-university-of-klagenfurt/single-uav-rl-baseline/runs/sjth3aqr
2026-05-08T09:17:27.418290,925,3,3616.232225069837,1,LAND_B,4,0,1.0,0.13942034542560577,0.17692451179027557,0.11627835035324097,0.2521457076072693,0.014694553799927235,0,1,2.1157310009002686,0.01126895658671856,0.17692451179027557,https://wandb.ai/ememchijioke-university-of-klagenfurt/single-uav-rl-baseline/runs/sjth3aqr
2026-05-08T09:17:31.401817,926,3,4246.947752533026,1,LAND_B,4,0,1.0,0.1319737434387207,0.17609310150146484,0.10782815515995026,0.24495930969715118,0.030296485871076584,0,1,2.1078109741210938,0.0019245181465521455,0.17609310150146484,https://wandb.ai/ememchijioke-university-of-klagenfurt/single-uav-rl-baseline/runs/sjth3aqr
2026-05-08T09:17:36.159787,927,3,4686.780578437052,1,LAND_B,4,0,1.0,0.12296977639198303,0.17699041962623596,0.09588556736707687,0.2464587688446045,0.025654353201389313,0,1,2.095440149307251,0.009231449104845524,0.17699041962623596,https://wandb.ai/ememchijioke-university-of-klagenfurt/single-uav-rl-baseline/runs/sjth3aqr
2026-05-08T09:17:40.837812,928,3,3770.749570524867,1,LAND_B,4,0,1.0,0.13427357375621796,0.17739874124526978,0.1097215861082077,0.2523255944252014,0.016719289124011993,0,1,2.109647750854492,0.0040246411226689816,0.17739874124526978,https://wandb.ai/ememchijioke-university-of-klagenfurt/single-uav-rl-baseline/runs/sjth3aqr
2026-05-08T09:17:45.682206,929,3,3679.08965870272,1,LAND_B,4,0,1.0,0.1309725046157837,0.1783800572156906,0.10493028908967972,0.24576729536056519,0.029037699103355408,0,1,2.104283332824707,0.011634076945483685,0.1783800572156906,https://wandb.ai/ememchijioke-university-of-klagenfurt/single-uav-rl-baseline/runs/sjth3aqr
2026-05-08T09:17:50.872005,930,3,3775.6663841770805,1,LAND_B,4,0,1.0,0.13798119127750397,0.17679573595523834,0.1146351769566536,0.2540667653083801,0.00032990906038321555,0,1,2.1146018505096436,0.002764033619314432,0.17679573595523834,https://wandb.ai/ememchijioke-university-of-klagenfurt/single-uav-rl-baseline/runs/sjth3aqr
2026-05-08T09:17:55.407122,931,3,3531.231808654188,1,LAND_B,4,0,1.0,0.14094018936157227,0.1776035577058792,0.11765129119157791,0.2515585720539093,0.020514633506536484,0,1,2.117176055908203,0.010563998483121395,0.1776035577058792,https://wandb.ai/ememchijioke-university-of-klagenfurt/single-uav-rl-baseline/runs/sjth3aqr
2026-05-08T09:18:00.218838,932,3,3840.6293702397015,1,LAND_B,4,0,1.0,0.1400279551744461,0.177068829536438,0.11691117286682129,0.24813954532146454,0.008678550831973553,0,1,2.1169066429138184,-0.0010289907222613692,0.177068829536438,https://wandb.ai/ememchijioke-university-of-klagenfurt/single-uav-rl-baseline/runs/sjth3aqr
2026-05-08T09:18:04.615938,933,3,3993.7410574568107,1,LAND_B,4,0,1.0,0.1349480003118515,0.17690281569957733,0.11089147627353668,0.25000473856925964,0.019902080297470093,0,1,2.1108882427215576,0.0008463518461212516,0.17690281569957733,https://wandb.ai/ememchijioke-university-of-klagenfurt/single-uav-rl-baseline/runs/sjth3aqr
2026-05-08T09:18:09.265455,934,3,3834.6223131989905,1,LAND_B,4,0,1.0,0.14325334131717682,0.1767629086971283,0.12095031142234802,0.24818210303783417,0.025985775515437126,0,1,2.1206295490264893,0.008802873082458973,0.1767629086971283,https://wandb.ai/ememchijioke-university-of-klagenfurt/single-uav-rl-baseline/runs/sjth3aqr
2026-05-08T09:18:14.424099,935,3,3947.333315380164,1,LAND_B,4,0,1.0,0.1431129425764084,0.17741645872592926,0.12036612629890442,0.24729730188846588,0.0059584155678749084,0,1,2.12035870552063,-0.0013368506915867329,0.17741645872592926,https://wandb.ai/ememchijioke-university-of-klagenfurt/single-uav-rl-baseline/runs/sjth3aqr
2026-05-08T09:18:19.296197,936,3,3977.8415626589012,1,LAND_B,4,0,1.0,0.14599640667438507,0.1780153512954712,0.12340402603149414,0.2515656650066376,0.016897840425372124,0,1,2.1233553886413574,0.0034643399994820356,0.1780153512954712,https://wandb.ai/ememchijioke-university-of-klagenfurt/single-uav-rl-baseline/runs/sjth3aqr
2026-05-08T09:18:24.572478,937,3,3950.08518724284,1,LAND_B,4,0,1.0,0.14375191926956177,0.1781044453382492,0.12068267911672592,0.2483675330877304,0.0054508694447577,0,1,2.119811773300171,0.014472318813204765,0.1781044453382492,https://wandb.ai/ememchijioke-university-of-klagenfurt/single-uav-rl-baseline/runs/sjth3aqr
2026-05-08T09:18:28.513513,938,3,3484.432301238341,1,LAND_B,4,0,1.0,0.14070343971252441,0.1782105416059494,0.11696396768093109,0.24686048924922943,0.011669584549963474,0,1,2.1159303188323975,0.01551550067961216,0.1782105416059494,https://wandb.ai/ememchijioke-university-of-klagenfurt/single-uav-rl-baseline/runs/sjth3aqr
2026-05-08T09:18:32.863129,939,3,3720.6744973739283,1,LAND_B,4,0,1.0,0.13738270103931427,0.1778983622789383,0.11316294223070145,0.24871699512004852,0.013023803010582924,0,1,2.112999677658081,0.006076522171497345,0.1778983622789383,https://wandb.ai/ememchijioke-university-of-klagenfurt/single-uav-rl-baseline/runs/sjth3aqr
2026-05-08T09:18:38.028103,940,3,3593.784312264916,1,LAND_B,4,0,1.0,0.14073511958122253,0.17704659700393677,0.11777180433273315,0.24494916200637817,0.008200452663004398,0,1,2.117386817932129,0.009514815174043179,0.17704659700393677,https://wandb.ai/ememchijioke-university-of-klagenfurt/single-uav-rl-baseline/runs/sjth3aqr
2026-05-08T09:18:43.074662,941,3,4031.169557207734,1,LAND_B,4,0,1.0,0.13391001522541046,0.17755579948425293,0.10916497558355331,0.2481078803539276,0.020937515422701836,0,1,2.1089019775390625,0.007573086302727461,0.17755579948425293,https://wandb.ai/ememchijioke-university-of-klagenfurt/single-uav-rl-baseline/runs/sjth3aqr
2026-05-08T09:18:47.578773,942,3,3955.1168365527396,1,LAND_B,4,0,1.0,0.1464497596025467,0.1769249439239502,0.12461976706981659,0.2469143569469452,0.012107686139643192,0,1,2.124232053756714,0.009822595864534378,0.1769249439239502,https://wandb.ai/ememchijioke-university-of-klagenfurt/single-uav-rl-baseline/runs/sjth3aqr
2026-05-08T09:18:52.063192,943,3,3860.269780279944,1,LAND_B,4,0,1.0,0.14484894275665283,0.1774904727935791,0.12237828224897385,0.24392488598823547,0.0074382987804710865,0,1,2.121917724609375,0.010607154108583927,0.1774904727935791,https://wandb.ai/ememchijioke-university-of-klagenfurt/single-uav-rl-baseline/runs/sjth3aqr
2026-05-08T09:18:56.700139,944,3,3683.729424227284,1,LAND_B,4,0,1.0,0.1451440304517746,0.17696146667003632,0.12305982410907745,0.24332112073898315,0.03815721720457077,0,1,2.12241268157959,0.012603813782334328,0.17696146667003632,https://wandb.ai/ememchijioke-university-of-klagenfurt/single-uav-rl-baseline/runs/sjth3aqr
2026-05-08T09:19:00.882385,945,3,3716.611650191286,1,LAND_B,4,0,1.0,0.14533770084381104,0.17715656757354736,0.12316618859767914,0.24719637632369995,0.008693822659552097,0,1,2.122102975845337,0.016148479655385017,0.17715656757354736,https://wandb.ai/ememchijioke-university-of-klagenfurt/single-uav-rl-baseline/runs/sjth3aqr
2026-05-08T09:19:05.547729,946,3,3861.0944889897887,1,LAND_B,4,0,1.0,0.14255033433437347,0.17682574689388275,0.12007665634155273,0.2431875616312027,0.016802780330181122,0,1,2.1199655532836914,0.005164269357919693,0.17682574689388275,https://wandb.ai/ememchijioke-university-of-klagenfurt/single-uav-rl-baseline/runs/sjth3aqr
2026-05-08T09:19:10.589495,947,3,3565.5563052589796,1,LAND_B,4,0,1.0,0.13762417435646057,0.17704026401042938,0.11404038965702057,0.24438340961933136,0.008936588652431965,0,1,2.113739013671875,0.008285412564873695,0.17704026401042938,https://wandb.ai/ememchijioke-university-of-klagenfurt/single-uav-rl-baseline/runs/sjth3aqr
2026-05-08T09:19:15.569953,948,3,4039.3334995023347,1,LAND_B,4,0,1.0,0.1450415700674057,0.1767740547657013,0.12305609881877899,0.2522973418235779,0.012941672466695309,0,1,2.1230502128601074,-0.0012039626017212868,0.1767740547657013,https://wandb.ai/ememchijioke-university-of-klagenfurt/single-uav-rl-baseline/runs/sjth3aqr
2026-05-08T09:19:20.735798,949,3,3766.4367376734067,1,LAND_B,4,0,1.0,0.13442376255989075,0.17631036043167114,0.11066380888223648,0.24943360686302185,0.008172305300831795,0,1,2.110612154006958,0.003380985464900732,0.17631036043167114,https://wandb.ai/ememchijioke-university-of-klagenfurt/single-uav-rl-baseline/runs/sjth3aqr
2026-05-08T09:19:25.395544,950,3,4737.235475363992,1,LAND_B,4,0,1.0,0.12792395055294037,0.176908940076828,0.10222303867340088,0.24917913973331451,0.014723948203027248,0,1,2.1022140979766846,0.0013521816581487656,0.176908940076828,https://wandb.ai/ememchijioke-university-of-klagenfurt/single-uav-rl-baseline/runs/sjth3aqr
2026-05-08T09:19:29.892867,951,3,3991.875570389495,1,LAND_B,4,0,1.0,0.13514907658100128,0.1771702766418457,0.1109505370259285,0.24863174557685852,0.02061372995376587,0,1,2.110950469970703,0.0001240381971001625,0.1771702766418457,https://wandb.ai/ememchijioke-university-of-klagenfurt/single-uav-rl-baseline/runs/sjth3aqr
2026-05-08T09:19:34.248016,952,3,3955.543638930249,1,LAND_B,4,0,1.0,0.14051395654678345,0.17724734544754028,0.11737554520368576,0.2485428750514984,0.013327940367162228,0,1,2.1170971393585205,0.00807948037981987,0.17724734544754028,https://wandb.ai/ememchijioke-university-of-klagenfurt/single-uav-rl-baseline/runs/sjth3aqr
2026-05-08T09:19:39.308845,953,3,3525.07470310407,1,LAND_B,4,0,1.0,0.1482839435338974,0.17735637724399567,0.12650738656520844,0.24617695808410645,0.00787325669080019,0,1,2.126326560974121,0.006761535536497831,0.17735637724399567,https://wandb.ai/ememchijioke-university-of-klagenfurt/single-uav-rl-baseline/runs/sjth3aqr
2026-05-08T09:19:45.214254,954,3,3931.120230816678,1,LAND_B,4,0,1.0,0.1404580920934677,0.1778843253850937,0.11688672751188278,0.24630728363990784,0.013040982186794281,0,1,2.1167333126068115,0.005986752919852734,0.1778843253850937,https://wandb.ai/ememchijioke-university-of-klagenfurt/single-uav-rl-baseline/runs/sjth3aqr
2026-05-08T09:19:49.884443,955,3,3779.145729427034,1,LAND_B,4,0,1.0,0.14453251659870148,0.17788465321063995,0.12175232172012329,0.24405789375305176,0.013263314962387085,0,1,2.121725082397461,-0.002575275953859091,0.17788465321063995,https://wandb.ai/ememchijioke-university-of-klagenfurt/single-uav-rl-baseline/runs/sjth3aqr
2026-05-08T09:19:55.140824,956,3,3468.3736088002233,1,LAND_B,4,0,1.0,0.13330011069774628,0.17780841886997223,0.10823480039834976,0.24842804670333862,0.004375423304736614,0,1,2.1082122325897217,0.0022099344059824944,0.17780841886997223,https://wandb.ai/ememchijioke-university-of-klagenfurt/single-uav-rl-baseline/runs/sjth3aqr
2026-05-08T09:19:59.426857,957,3,3706.084029515796,1,LAND_B,4,0,1.0,0.1389465183019638,0.17781080305576324,0.11511564999818802,0.24467119574546814,0.015339643694460392,0,1,2.1150848865509033,0.002661193488165736,0.17781080305576324,https://wandb.ai/ememchijioke-university-of-klagenfurt/single-uav-rl-baseline/runs/sjth3aqr
2026-05-08T09:20:04.441758,958,3,3670.0613146671403,1,LAND_B,4,0,1.0,0.14655077457427979,0.17741093039512634,0.12443745136260986,0.25353845953941345,0.005913994740694761,0,1,2.1241447925567627,0.00852934829890728,0.17741093039512634,https://wandb.ai/ememchijioke-university-of-klagenfurt/single-uav-rl-baseline/runs/sjth3aqr
2026-05-08T09:20:09.133984,959,3,3794.043617520455,1,LAND_B,4,0,1.0,0.13840551674365997,0.17788594961166382,0.11441095918416977,0.24594227969646454,0.0187773909419775,0,1,2.114307165145874,0.004872392397373915,0.17788594961166382,https://wandb.ai/ememchijioke-university-of-klagenfurt/single-uav-rl-baseline/runs/sjth3aqr
2026-05-08T09:20:14.605505,960,3,3561.471780354795,1,LAND_B,4,0,1.0,0.14204362034797668,0.17717260122299194,0.11925090104341507,0.24452552199363708,0.02408783882856369,0,1,2.119246244430542,0.0010542840464040637,0.17717260122299194,https://wandb.ai/ememchijioke-university-of-klagenfurt/single-uav-rl-baseline/runs/sjth3aqr
2026-05-08T09:20:20.198579,961,3,3789.488681637224,1,LAND_B,4,0,1.0,0.1466626226902008,0.17688210308551788,0.12489622831344604,0.2497325837612152,0.00231421971693635,0,1,2.124889373779297,0.0013082867953926325,0.17688210308551788,https://wandb.ai/ememchijioke-university-of-klagenfurt/single-uav-rl-baseline/runs/sjth3aqr
2026-05-08T09:20:25.887488,962,3,3680.7583144511045,1,LAND_B,4,0,1.0,0.14094914495944977,0.17787882685661316,0.11747999489307404,0.2485620379447937,0.0007480685017071664,0,1,2.1174209117889404,0.0037255091592669487,0.17787882685661316,https://wandb.ai/ememchijioke-university-of-klagenfurt/single-uav-rl-baseline/runs/sjth3aqr
2026-05-08T09:20:31.400046,963,3,3686.3100469655956,1,LAND_B,4,0,1.0,0.13632358610630035,0.17758633196353912,0.11209138482809067,0.24986281991004944,0.017061788588762283,0,1,2.1119821071624756,0.004948495887219906,0.17758633196353912,https://wandb.ai/ememchijioke-university-of-klagenfurt/single-uav-rl-baseline/runs/sjth3aqr
2026-05-08T09:20:35.848306,964,3,3783.8156163218337,1,LAND_B,4,0,1.0,0.14223143458366394,0.17844447493553162,0.11864334344863892,0.2498231679201126,0.007463912013918161,0,1,2.11863112449646,-0.0017026315908879042,0.17844447493553162,https://wandb.ai/ememchijioke-university-of-klagenfurt/single-uav-rl-baseline/runs/sjth3aqr
2026-05-08T09:20:40.766469,965,3,3813.62987455699,1,LAND_B,4,0,1.0,0.14151646196842194,0.1784563809633255,0.11777736991643906,0.24663875997066498,0.010648345574736595,0,1,2.117587089538574,0.0066921706311404705,0.1784563809633255,https://wandb.ai/ememchijioke-university-of-klagenfurt/single-uav-rl-baseline/runs/sjth3aqr
2026-05-08T09:20:44.846417,966,3,3824.926009139936,1,LAND_B,4,0,1.0,0.14942562580108643,0.17788614332675934,0.12752164900302887,0.24870893359184265,0.018468979746103287,0,1,2.126983642578125,0.011701453477144241,0.17788614332675934,https://wandb.ai/ememchijioke-university-of-klagenfurt/single-uav-rl-baseline/runs/sjth3aqr
2026-05-08T09:20:49.198223,967,3,3554.731010263546,1,LAND_B,4,0,1.0,0.14482446014881134,0.1778050810098648,0.12214947491884232,0.24985380470752716,0.029578642919659615,0,1,2.120847463607788,0.017787212505936623,0.1778050810098648,https://wandb.ai/ememchijioke-university-of-klagenfurt/single-uav-rl-baseline/runs/sjth3aqr
2026-05-08T09:20:53.453349,968,3,3918.04189258245,1,LAND_B,4,0,1.0,0.1436513215303421,0.17809991538524628,0.12056577950716019,0.2510012090206146,0.009929506108164787,0,1,2.1195735931396484,0.015435797162353992,0.17809991538524628,https://wandb.ai/ememchijioke-university-of-klagenfurt/single-uav-rl-baseline/runs/sjth3aqr
2026-05-08T09:20:57.795026,969,3,3681.68921215716,1,LAND_B,4,0,1.0,0.13912393152713776,0.1775653064250946,0.1154949814081192,0.2527500092983246,0.029403474181890488,0,1,2.1154754161834717,-0.002125752391293645,0.1775653064250946,https://wandb.ai/ememchijioke-university-of-klagenfurt/single-uav-rl-baseline/runs/sjth3aqr
2026-05-08T09:21:01.976948,970,3,3699.1773693841665,1,LAND_B,4,0,1.0,0.13608838617801666,0.1769191175699234,0.11226531118154526,0.24606643617153168,0.0015683596720919013,0,1,2.112257480621338,0.001326089957728982,0.1769191175699234,https://wandb.ai/ememchijioke-university-of-klagenfurt/single-uav-rl-baseline/runs/sjth3aqr
2026-05-08T09:21:06.895053,971,3,3491.769360799419,1,LAND_B,4,0,1.0,0.139858216047287,0.17744962871074677,0.11645546555519104,0.2458484023809433,0.009284638799726963,0,1,2.116101026535034,0.009078970178961754,0.17744962871074677,https://wandb.ai/ememchijioke-university-of-klagenfurt/single-uav-rl-baseline/runs/sjth3aqr
2026-05-08T09:21:11.601328,972,3,3990.0702223852186,1,LAND_B,4,0,1.0,0.1459607630968094,0.17640383541584015,0.1243663802742958,0.24454337358474731,0.033220335841178894,0,1,2.124330520629883,-0.002986305393278599,0.17640383541584015,https://wandb.ai/ememchijioke-university-of-klagenfurt/single-uav-rl-baseline/runs/sjth3aqr
2026-05-08T09:21:16.225021,973,3,3699.5660140692257,1,LAND_B,4,0,1.0,0.1475406289100647,0.1762411892414093,0.1263151615858078,0.24820464849472046,0.021218793466687202,0,1,2.12630558013916,0.0015557793667539954,0.1762411892414093,https://wandb.ai/ememchijioke-university-of-klagenfurt/single-uav-rl-baseline/runs/sjth3aqr
2026-05-08T09:21:20.991181,974,3,3623.413739930034,1,LAND_B,4,0,1.0,0.13846845924854279,0.1767033487558365,0.11528273671865463,0.2516566812992096,0.0026522662956267595,0,1,2.1149418354034424,0.008859074674546719,0.1767033487558365,https://wandb.ai/ememchijioke-university-of-klagenfurt/single-uav-rl-baseline/runs/sjth3aqr
2026-05-08T09:21:25.474456,975,3,3915.100637489844,1,LAND_B,4,0,1.0,0.14160484075546265,0.1770636886358261,0.1187986508011818,0.24900980293750763,0.010514501482248306,0,1,2.118788957595825,-0.0015171936247497797,0.1770636886358261,https://wandb.ai/ememchijioke-university-of-klagenfurt/single-uav-rl-baseline/runs/sjth3aqr
2026-05-08T09:21:30.240760,976,3,3811.6010027609686,1,LAND_B,4,0,1.0,0.13532522320747375,0.17596089839935303,0.11199489235877991,0.24940644204616547,0.014796855859458447,0,1,2.111940860748291,0.0034784418530762196,0.17596089839935303,https://wandb.ai/ememchijioke-university-of-klagenfurt/single-uav-rl-baseline/runs/sjth3aqr
2026-05-08T09:21:35.092083,977,3,3949.96533456022,1,LAND_B,4,0,1.0,0.14350877702236176,0.1756756454706192,0.12193427234888077,0.2520825266838074,0.017014972865581512,0,1,2.1212053298950195,0.013312953524291515,0.1756756454706192,https://wandb.ai/ememchijioke-university-of-klagenfurt/single-uav-rl-baseline/runs/sjth3aqr
2026-05-08T09:21:39.669038,978,3,3824.635646703352,1,LAND_B,4,0,1.0,0.13956400752067566,0.1764577031135559,0.1167575791478157,0.2484332025051117,0.00817111972719431,0,1,2.1167469024658203,0.0015790420584380627,0.1764577031135559,https://wandb.ai/ememchijioke-university-of-klagenfurt/single-uav-rl-baseline/runs/sjth3aqr
2026-05-08T09:21:44.032410,979,3,3660.3029289656624,1,LAND_B,4,0,1.0,0.1497509628534317,0.17656581103801727,0.12869742512702942,0.25080180168151855,0.031166614964604378,0,1,2.1285452842712402,0.006255882792174816,0.17656581103801727,https://wandb.ai/ememchijioke-university-of-klagenfurt/single-uav-rl-baseline/runs/sjth3aqr
2026-05-08T09:21:49.346878,980,3,4017.9536759675157,1,LAND_B,4,0,1.0,0.13731758296489716,0.1767159402370453,0.11388934403657913,0.24544133245944977,0.020568853244185448,0,1,2.11387300491333,0.0019288681214675307,0.1767159402370453,https://wandb.ai/ememchijioke-university-of-klagenfurt/single-uav-rl-baseline/runs/sjth3aqr
2026-05-08T09:21:54.207440,981,3,3753.3697784591477,1,LAND_B,4,0,1.0,0.13382574915885925,0.17695018649101257,0.10948973149061203,0.24797621369361877,0.021408695727586746,0,1,2.109210729598999,0.007811401970684528,0.17695018649101257,https://wandb.ai/ememchijioke-university-of-klagenfurt/single-uav-rl-baseline/runs/sjth3aqr
2026-05-08T09:21:58.881580,982,3,3839.3584752754687,1,LAND_B,4,0,1.0,0.13544361293315887,0.17757686972618103,0.11102613806724548,0.24521514773368835,0.011449010111391544,0,1,2.110954761505127,0.003980480600148439,0.17757686972618103,https://wandb.ai/ememchijioke-university-of-klagenfurt/single-uav-rl-baseline/runs/sjth3aqr
2026-05-08T09:22:04.483750,983,3,3900.9592937830284,1,LAND_B,4,0,1.0,0.13835777342319489,0.17722487449645996,0.11480066180229187,0.24082376062870026,0.0220405962318182,0,1,2.1146559715270996,0.005761978682130575,0.17722487449645996,https://wandb.ai/ememchijioke-university-of-klagenfurt/single-uav-rl-baseline/runs/sjth3aqr
2026-05-08T09:22:09.574477,984,3,4079.4328747059953,1,LAND_B,4,0,1.0,0.14404235780239105,0.17516972124576569,0.12287276238203049,0.24460874497890472,0.010387850925326347,0,1,2.1223714351654053,0.01108817383646965,0.17516972124576569,https://wandb.ai/ememchijioke-university-of-klagenfurt/single-uav-rl-baseline/runs/sjth3aqr
2026-05-08T09:22:13.995378,985,3,4047.3299390323446,1,LAND_B,4,0,1.0,0.14176039397716522,0.1759611964225769,0.11969088017940521,0.2452072650194168,0.016524072736501694,0,1,2.1196258068084717,0.003946252632886171,0.1759611964225769,https://wandb.ai/ememchijioke-university-of-klagenfurt/single-uav-rl-baseline/runs/sjth3aqr
2026-05-08T09:22:18.425561,986,3,4077.211064913301,1,LAND_B,4,0,1.0,0.14181676506996155,0.17591199278831482,0.11978884041309357,0.2501603364944458,0.005055492278188467,0,1,2.1197760105133057,0.0017532412894070148,0.17591199278831482,https://wandb.ai/ememchijioke-university-of-klagenfurt/single-uav-rl-baseline/runs/sjth3aqr
2026-05-08T09:22:23.162722,987,3,3922.7876825331136,1,LAND_B,4,0,1.0,0.1405157744884491,0.1769963651895523,0.11754252016544342,0.24909941852092743,0.023614000529050827,0,1,2.1171276569366455,0.009866911917924881,0.1769963651895523,https://wandb.ai/ememchijioke-university-of-klagenfurt/single-uav-rl-baseline/runs/sjth3aqr
2026-05-08T09:22:27.471786,988,3,3763.658235598302,1,LAND_B,4,0,1.0,0.13827461004257202,0.1766246110200882,0.11510228365659714,0.24900245666503906,0.02900172397494316,0,1,2.115060329437256,0.0031072949059307575,0.1766246110200882,https://wandb.ai/ememchijioke-university-of-klagenfurt/single-uav-rl-baseline/runs/sjth3aqr
2026-05-08T09:22:31.843637,989,3,3867.8289036579995,1,LAND_B,4,0,1.0,0.14148327708244324,0.17704100906848907,0.11866845190525055,0.24962130188941956,0.020628780126571655,0,1,2.1181373596191406,0.011214540340006351,0.17704100906848907,https://wandb.ai/ememchijioke-university-of-klagenfurt/single-uav-rl-baseline/runs/sjth3aqr
2026-05-08T09:22:36.113028,990,3,3643.6993202101653,1,LAND_B,4,0,1.0,0.13309521973133087,0.17715021967887878,0.10845359414815903,0.24727506935596466,0.006066522095352411,0,1,2.1084532737731934,-0.0002636616409290582,0.17715021967887878,https://wandb.ai/ememchijioke-university-of-klagenfurt/single-uav-rl-baseline/runs/sjth3aqr
2026-05-08T09:22:40.940394,991,3,3973.091284495827,1,LAND_B,4,0,1.0,0.1410081535577774,0.1775580644607544,0.11776266247034073,0.24547608196735382,0.0184798464179039,0,1,2.117759943008423,-0.0007997843786142766,0.1775580644607544,https://wandb.ai/ememchijioke-university-of-klagenfurt/single-uav-rl-baseline/runs/sjth3aqr
2026-05-08T09:22:45.981005,992,3,4063.746268958764,1,LAND_B,4,0,1.0,0.14502009749412537,0.1773780733346939,0.12265180051326752,0.2455611377954483,0.0185114573687315,0,1,2.122098207473755,0.011640114709734917,0.1773780733346939,https://wandb.ai/ememchijioke-university-of-klagenfurt/single-uav-rl-baseline/runs/sjth3aqr
2026-05-08T09:22:50.801043,993,3,3891.240721223784,1,LAND_B,4,0,1.0,0.14158512651920319,0.17719367146492004,0.11869072169065475,0.2424321174621582,0.029834477230906487,0,1,2.1186769008636475,0.001811147783882916,0.17719367146492004,https://wandb.ai/ememchijioke-university-of-klagenfurt/single-uav-rl-baseline/runs/sjth3aqr
2026-05-08T09:22:55.167833,994,3,3952.674743062643,1,LAND_B,4,0,1.0,0.14639641344547272,0.1781170815229416,0.12381289899349213,0.24237754940986633,0.024663977324962616,0,1,2.1232705116271973,0.01157645508646965,0.1781170815229416,https://wandb.ai/ememchijioke-university-of-klagenfurt/single-uav-rl-baseline/runs/sjth3aqr
2026-05-08T09:22:59.500327,995,3,3774.7239040300447,1,LAND_B,4,0,1.0,0.13806253671646118,0.17748844623565674,0.11426637321710587,0.249738872051239,0.007711762096732855,0,1,2.1142656803131104,-0.0003980535257142037,0.17748844623565674,https://wandb.ai/ememchijioke-university-of-klagenfurt/single-uav-rl-baseline/runs/sjth3aqr
2026-05-08T09:23:04.541352,996,3,4054.403503509376,1,LAND_B,4,0,1.0,0.1413240283727646,0.17745764553546906,0.11820656061172485,0.24864992499351501,0.005211627576500177,0,1,2.11820650100708,-0.00012256581976544112,0.17745764553546906,https://wandb.ai/ememchijioke-university-of-klagenfurt/single-uav-rl-baseline/runs/sjth3aqr
2026-05-08T09:23:09.228083,997,3,3496.388471350597,1,LAND_B,4,0,1.0,0.13564620912075043,0.1775607019662857,0.11128445714712143,0.24747194349765778,0.008514096029102802,0,1,2.1106441020965576,0.011921157129108906,0.1775607019662857,https://wandb.ai/ememchijioke-university-of-klagenfurt/single-uav-rl-baseline/runs/sjth3aqr
2026-05-08T09:23:15.141869,998,3,3898.1474501400858,1,LAND_B,4,0,1.0,0.1396184265613556,0.17792260646820068,0.11585065722465515,0.2466283142566681,0.014108819887042046,0,1,2.1155662536621094,0.008112704381346703,0.17792260646820068,https://wandb.ai/ememchijioke-university-of-klagenfurt/single-uav-rl-baseline/runs/sjth3aqr
2026-05-08T09:23:20.360649,999,3,3873.334433484805,1,LAND_B,4,0,1.0,0.13773062825202942,0.17827846109867096,0.11332347244024277,0.24216455221176147,0.024996204301714897,0,1,2.1133198738098145,0.0009032664238475263,0.17827846109867096,https://wandb.ai/ememchijioke-university-of-klagenfurt/single-uav-rl-baseline/runs/sjth3aqr
2026-05-08T09:23:26.834290,1000,3,4750.692749495833,1,LAND_B,4,0,1.0,0.12887151539325714,0.17716598510742188,0.10321471095085144,0.24793459475040436,0.007961966097354889,0,1,2.103163480758667,0.0032515786588191986,0.17716598510742188,https://wandb.ai/ememchijioke-university-of-klagenfurt/single-uav-rl-baseline/runs/sjth3aqr
2026-05-08T09:23:31.566200,1001,3,4235.3954438135415,1,LAND_B,4,0,1.0,0.135548397898674,0.17883281409740448,0.11026674509048462,0.24445270001888275,0.018699757754802704,0,1,2.1102423667907715,0.002318359212949872,0.17883281409740448,https://wandb.ai/ememchijioke-university-of-klagenfurt/single-uav-rl-baseline/runs/sjth3aqr
2026-05-08T09:23:36.333674,1002,3,3855.5018087796084,1,LAND_B,4,0,1.0,0.13704748451709747,0.17767958343029022,0.1129065752029419,0.24724844098091125,0.016305459663271904,0,1,2.1122684478759766,0.01198713481426239,0.17767958343029022,https://wandb.ai/ememchijioke-university-of-klagenfurt/single-uav-rl-baseline/runs/sjth3aqr
2026-05-08T09:23:41.388897,1003,3,4737.446928623814,1,LAND_B,4,0,1.0,0.13060058653354645,0.17794908583164215,0.10478765517473221,0.24909132719039917,0.006571420002728701,0,1,2.1037991046905518,0.01435964647680521,0.17794908583164215,https://wandb.ai/ememchijioke-university-of-klagenfurt/single-uav-rl-baseline/runs/sjth3aqr
2026-05-08T09:23:46.430419,1004,3,4230.695522633436,1,LAND_B,4,0,1.0,0.1305374801158905,0.1791410595178604,0.10381101071834564,0.24397732317447662,0.007318210322409868,0,1,2.103703498840332,0.0047234720550477505,0.1791410595178604,https://wandb.ai/ememchijioke-university-of-klagenfurt/single-uav-rl-baseline/runs/sjth3aqr
2026-05-08T09:23:51.530576,1005,3,3591.8134923171306,1,LAND_B,4,0,1.0,0.13972339034080505,0.17849595844745636,0.11558984965085983,0.24655355513095856,0.018491802737116814,0,1,2.1150386333465576,0.011275006458163261,0.17849595844745636,https://wandb.ai/ememchijioke-university-of-klagenfurt/single-uav-rl-baseline/runs/sjth3aqr
2026-05-08T09:23:56.882183,1006,3,3525.690228570708,1,LAND_B,4,0,1.0,0.1425783336162567,0.17920903861522675,0.11855170875787735,0.2426881343126297,0.012321215122938156,0,1,2.1184592247009277,0.004681759048253298,0.17920903861522675,https://wandb.ai/ememchijioke-university-of-klagenfurt/single-uav-rl-baseline/runs/sjth3aqr
2026-05-08T09:24:01.015543,1007,3,3785.6764174546156,1,LAND_B,4,0,1.0,0.1397833526134491,0.17952010035514832,0.11496059596538544,0.2422676831483841,0.019704453647136688,0,1,2.114790201187134,0.006256837863475084,0.17952010035514832,https://wandb.ai/ememchijioke-university-of-klagenfurt/single-uav-rl-baseline/runs/sjth3aqr
2026-05-08T09:24:05.791661,1008,3,3960.1460523975843,1,LAND_B,4,0,1.0,0.14191804826259613,0.17938923835754395,0.11763536930084229,0.24455255270004272,0.018359484151005745,0,1,2.1172726154327393,0.009231173433363438,0.17938923835754395,https://wandb.ai/ememchijioke-university-of-klagenfurt/single-uav-rl-baseline/runs/sjth3aqr
2026-05-08T09:24:10.705974,1009,3,3775.0708815200005,1,LAND_B,4,0,1.0,0.13800977170467377,0.1792289912700653,0.11300205439329147,0.24703532457351685,0.012318079359829426,0,1,2.112508535385132,0.010549548082053661,0.1792289912700653,https://wandb.ai/ememchijioke-university-of-klagenfurt/single-uav-rl-baseline/runs/sjth3aqr
2026-05-08T09:24:15.381808,1010,3,3493.186169842798,1,LAND_B,4,0,1.0,0.1362093985080719,0.175141379237175,0.1136079952120781,0.23185308277606964,0.020907185971736908,0,1,2.113408088684082,0.006736602168530226,0.175141379237175,https://wandb.ai/ememchijioke-university-of-klagenfurt/single-uav-rl-baseline/runs/sjth3aqr
2026-05-08T09:24:19.787543,1011,3,3998.6303318946193,1,LAND_B,4,0,1.0,0.13939331471920013,0.17873190343379974,0.11502949893474579,0.2445090413093567,0.018010729923844337,0,1,2.1146910190582275,0.008817956782877445,0.17873190343379974,https://wandb.ai/ememchijioke-university-of-klagenfurt/single-uav-rl-baseline/runs/sjth3aqr
2026-05-08T09:24:24.643206,1012,3,3924.45041795883,1,LAND_B,4,0,1.0,0.13720203936100006,0.17913700640201569,0.11207914352416992,0.24132850766181946,0.021017316728830338,0,1,2.111954689025879,0.0052803559228777885,0.17913700640201569,https://wandb.ai/ememchijioke-university-of-klagenfurt/single-uav-rl-baseline/runs/sjth3aqr
2026-05-08T09:24:29.885879,1013,3,3621.2205650237092,1,LAND_B,4,0,1.0,0.1417822241783142,0.17871038615703583,0.1179274171590805,0.24730895459651947,0.020216209813952446,0,1,2.117572069168091,0.00914793461561203,0.17871038615703583,https://wandb.ai/ememchijioke-university-of-klagenfurt/single-uav-rl-baseline/runs/sjth3aqr
2026-05-08T09:24:35.155892,1014,3,4718.567193644294,1,LAND_B,4,0,1.0,0.12586528062820435,0.17898209393024445,0.09799948334693909,0.24429869651794434,0.006576725747436285,0,1,2.0979673862457275,0.0025079292245209217,0.17898209393024445,https://wandb.ai/ememchijioke-university-of-klagenfurt/single-uav-rl-baseline/runs/sjth3aqr
2026-05-08T09:24:39.613272,1015,3,4115.632609690437,1,LAND_B,4,0,1.0,0.13175217807292938,0.179355651140213,0.10517280548810959,0.24941186606884003,0.023213351145386696,0,1,2.1051723957061768,-0.0002945722371805459,0.179355651140213,https://wandb.ai/ememchijioke-university-of-klagenfurt/single-uav-rl-baseline/runs/sjth3aqr
2026-05-08T09:24:44.378288,1016,3,4751.621278414199,1,LAND_B,4,0,1.0,0.12829656898975372,0.17884252965450287,0.10121197998523712,0.24741056561470032,0.0037553184665739536,0,1,2.1010024547576904,0.006509149447083473,0.17884252965450287,https://wandb.ai/ememchijioke-university-of-klagenfurt/single-uav-rl-baseline/runs/sjth3aqr
2026-05-08T09:24:49.371553,1017,3,3775.0749281029293,1,LAND_B,4,0,1.0,0.13790808618068695,0.1794390231370926,0.11273012310266495,0.2465745359659195,0.01639387011528015,0,1,2.1126465797424316,0.004339173901826143,0.1794390231370926,https://wandb.ai/ememchijioke-university-of-klagenfurt/single-uav-rl-baseline/runs/sjth3aqr
2026-05-08T09:24:53.623728,1018,3,3662.766401158124,1,LAND_B,4,0,1.0,0.14108119904994965,0.1755496710538864,0.11914761364459991,0.22946587204933167,0.00842215120792389,0,1,2.1178598403930664,0.017470309510827065,0.1755496710538864,https://wandb.ai/ememchijioke-university-of-klagenfurt/single-uav-rl-baseline/runs/sjth3aqr
2026-05-08T09:24:58.558888,1019,3,4249.515512083597,1,LAND_B,4,0,1.0,0.13721324503421783,0.17526426911354065,0.11472909897565842,0.22650562226772308,0.025655699893832207,0,1,2.1145856380462646,0.00573562690988183,0.17526426911354065,https://wandb.ai/ememchijioke-university-of-klagenfurt/single-uav-rl-baseline/runs/sjth3aqr
2026-05-08T09:25:03.671260,1020,3,3708.381256943037,1,LAND_B,4,0,1.0,0.1340474635362625,0.17544589936733246,0.11079999804496765,0.23105420172214508,0.019126519560813904,0,1,2.1105151176452637,0.007940258830785751,0.17544589936733246,https://wandb.ai/ememchijioke-university-of-klagenfurt/single-uav-rl-baseline/runs/sjth3aqr
2026-05-08T09:25:08.140041,1021,3,4676.838371050726,1,LAND_B,4,0,1.0,0.12961852550506592,0.17585280537605286,0.10510620474815369,0.23044514656066895,0.020335886627435684,0,1,2.104414939880371,0.012034747749567032,0.17585280537605286,https://wandb.ai/ememchijioke-university-of-klagenfurt/single-uav-rl-baseline/runs/sjth3aqr
2026-05-08T09:25:12.505769,1022,3,3904.2115826837685,1,LAND_B,4,0,1.0,0.13974496722221375,0.1797114908695221,0.11478124558925629,0.24145007133483887,0.01039163488894701,0,1,2.11427903175354,0.010725565254688263,0.1797114908695221,https://wandb.ai/ememchijioke-university-of-klagenfurt/single-uav-rl-baseline/runs/sjth3aqr
2026-05-08T09:25:16.958485,1023,3,4727.388712698913,1,LAND_B,4,0,1.0,0.134812593460083,0.17955061793327332,0.1088399589061737,0.24579738080501556,0.02216821350157261,0,1,2.1087887287139893,0.0033389481250196695,0.17955061793327332,https://wandb.ai/ememchijioke-university-of-klagenfurt/single-uav-rl-baseline/runs/sjth3aqr
2026-05-08T09:25:21.741722,1024,3,4234.172024861857,1,LAND_B,4,0,1.0,0.1398790031671524,0.1799927055835724,0.11474888026714325,0.2440347522497177,0.01900946907699108,0,1,2.113588571548462,0.016277026385068893,0.1799927055835724,https://wandb.ai/ememchijioke-university-of-klagenfurt/single-uav-rl-baseline/runs/sjth3aqr
2026-05-08T09:25:27.008489,1025,3,4078.6001027382786,1,LAND_B,4,0,1.0,0.14884327352046967,0.1798614263534546,0.12560442090034485,0.2409309297800064,0.02340272255241871,0,1,2.1256022453308105,0.0007387037621811032,0.1798614263534546,https://wandb.ai/ememchijioke-university-of-klagenfurt/single-uav-rl-baseline/runs/sjth3aqr
2026-05-08T09:25:31.703778,1026,3,3751.612029300566,1,LAND_B,4,0,1.0,0.13772013783454895,0.17971071600914001,0.11230778694152832,0.24890539050102234,0.016180992126464844,0,1,2.1116273403167725,0.012344079092144966,0.17971071600914001,https://wandb.ai/ememchijioke-university-of-klagenfurt/single-uav-rl-baseline/runs/sjth3aqr
2026-05-08T09:25:36.393961,1027,3,4477.060962124553,1,LAND_B,4,0,1.0,0.12803436815738678,0.1752588450908661,0.10358043015003204,0.23758341372013092,0.01894424483180046,0,1,2.10349702835083,0.004155749920755625,0.1752588450908661,https://wandb.ai/ememchijioke-university-of-klagenfurt/single-uav-rl-baseline/runs/sjth3aqr
2026-05-08T09:25:40.804403,1028,3,3882.401197307199,1,LAND_B,4,0,1.0,0.1398259699344635,0.17942796647548676,0.11507606506347656,0.24676528573036194,0.011442674323916435,0,1,2.1150636672973633,0.0016889176331460476,0.17942796647548676,https://wandb.ai/ememchijioke-university-of-klagenfurt/single-uav-rl-baseline/runs/sjth3aqr
2026-05-08T09:25:45.274333,1029,3,3922.889594650383,1,LAND_B,4,0,1.0,0.14660809934139252,0.17969024181365967,0.12305852770805359,0.24867713451385498,0.01952747441828251,0,1,2.1230294704437256,0.002674159361049533,0.17969024181365967,https://wandb.ai/ememchijioke-university-of-klagenfurt/single-uav-rl-baseline/runs/sjth3aqr
2026-05-08T09:25:49.617780,1030,3,3889.2832775819525,1,LAND_B,4,0,1.0,0.14303086698055267,0.17915387451648712,0.11913225799798965,0.24751074612140656,0.01918204501271248,0,1,2.118896961212158,0.007483817636966705,0.17915387451648712,https://wandb.ai/ememchijioke-university-of-klagenfurt/single-uav-rl-baseline/runs/sjth3aqr
2026-05-08T09:25:54.530729,1031,3,4027.0494008785504,1,LAND_B,4,0,1.0,0.14395377039909363,0.17521649599075317,0.122740238904953,0.23318986594676971,0.009445003233850002,0,1,2.122737169265747,0.0008686613291501999,0.17521649599075317,https://wandb.ai/ememchijioke-university-of-klagenfurt/single-uav-rl-baseline/runs/sjth3aqr
2026-05-08T09:25:59.477021,1032,3,3843.022623906901,1,LAND_B,4,0,1.0,0.14069728553295135,0.17552737891674042,0.11870695650577545,0.23374691605567932,0.022670090198516846,0,1,2.117647409439087,0.0158249419182539,0.17552737891674042,https://wandb.ai/ememchijioke-university-of-klagenfurt/single-uav-rl-baseline/runs/sjth3aqr
2026-05-08T09:26:04.346094,1033,3,4781.779201595419,1,LAND_B,4,0,1.0,0.13408733904361725,0.17955239117145538,0.10793901979923248,0.24378538131713867,0.017415298148989677,0,1,2.106610059738159,0.016885703429579735,0.17955239117145538,https://wandb.ai/ememchijioke-university-of-klagenfurt/single-uav-rl-baseline/runs/sjth3aqr
2026-05-08T09:26:09.289788,1034,3,3655.7255591956214,1,LAND_B,4,0,1.0,0.14599671959877014,0.17968468368053436,0.12233312427997589,0.2469073385000229,0.007543629035353661,0,1,2.1218509674072266,0.010850540362298489,0.17968468368053436,https://wandb.ai/ememchijioke-university-of-klagenfurt/single-uav-rl-baseline/runs/sjth3aqr
2026-05-08T09:26:13.525672,1035,3,3744.849429576622,1,LAND_B,4,0,1.0,0.14557282626628876,0.17964482307434082,0.12185297906398773,0.24040567874908447,0.0035232126247137785,0,1,2.1213254928588867,0.011325763538479805,0.17964482307434082,https://wandb.ai/ememchijioke-university-of-klagenfurt/single-uav-rl-baseline/runs/sjth3aqr
2026-05-08T09:26:18.675342,1036,3,4705.694379568412,1,LAND_B,4,0,1.0,0.13629433512687683,0.17916812002658844,0.11094392836093903,0.24562782049179077,0.008769912645220757,0,1,2.110830068588257,0.005025059450417757,0.17916812002658844,https://wandb.ai/ememchijioke-university-of-klagenfurt/single-uav-rl-baseline/runs/sjth3aqr
2026-05-08T09:26:23.273741,1037,3,4239.308940542584,1,LAND_B,4,0,1.0,0.13579697906970978,0.17514975368976593,0.11310762912034988,0.233650803565979,0.006772852968424559,0,1,2.112783908843994,0.00855134055018425,0.17514975368976593,https://wandb.ai/ememchijioke-university-of-klagenfurt/single-uav-rl-baseline/runs/sjth3aqr
2026-05-08T09:26:28.306098,1038,3,3811.9825862948687,1,LAND_B,4,0,1.0,0.13867643475532532,0.17945308983325958,0.11365897208452225,0.24516132473945618,0.007300707045942545,0,1,2.113658905029297,0.00012285521370358765,0.17945308983325958,https://wandb.ai/ememchijioke-university-of-klagenfurt/single-uav-rl-baseline/runs/sjth3aqr
2026-05-08T09:26:32.995346,1039,3,3904.677030435871,1,LAND_B,4,0,1.0,0.1375202089548111,0.17573359608650208,0.1147877648472786,0.22949998080730438,0.02721218205988407,0,1,2.114778518676758,-0.0014573049265891314,0.17573359608650208,https://wandb.ai/ememchijioke-university-of-klagenfurt/single-uav-rl-baseline/runs/sjth3aqr
2026-05-08T09:26:38.011239,1040,3,4070.549772580618,1,LAND_B,4,0,1.0,0.13859789073467255,0.17538250982761383,0.11630500108003616,0.22957877814769745,0.03243415430188179,0,1,2.1159002780914307,0.009694259613752365,0.17538250982761383,https://wandb.ai/ememchijioke-university-of-klagenfurt/single-uav-rl-baseline/runs/sjth3aqr
2026-05-08T09:26:42.791592,1041,3,3768.657085196173,1,LAND_B,4,0,1.0,0.14663760364055634,0.17994576692581177,0.12292787432670593,0.24583888053894043,0.012045509181916714,0,1,2.122816324234009,0.005235756281763315,0.17994576692581177,https://wandb.ai/ememchijioke-university-of-klagenfurt/single-uav-rl-baseline/runs/sjth3aqr
2026-05-08T09:26:47.011424,1042,3,3761.244961196517,1,LAND_B,4,0,1.0,0.14484232664108276,0.179419606924057,0.12112730741500854,0.24059808254241943,0.01754903979599476,0,1,2.120966672897339,0.006236096378415823,0.179419606924057,https://wandb.ai/ememchijioke-university-of-klagenfurt/single-uav-rl-baseline/runs/sjth3aqr
2026-05-08T09:26:51.568249,1043,3,3636.2013437807404,1,LAND_B,4,0,1.0,0.14712074398994446,0.17875680327415466,0.12426535040140152,0.2474186271429062,0.011290150694549084,0,1,2.123839855194092,0.01027462724596262,0.17875680327415466,https://wandb.ai/ememchijioke-university-of-klagenfurt/single-uav-rl-baseline/runs/sjth3aqr
2026-05-08T09:26:57.024108,1044,3,4006.191862290898,1,LAND_B,4,0,1.0,0.13794896006584167,0.17889145016670227,0.11316384375095367,0.2532316744327545,0.00834906380623579,0,1,2.112929105758667,0.007285141386091709,0.17889145016670227,https://wandb.ai/ememchijioke-university-of-klagenfurt/single-uav-rl-baseline/runs/sjth3aqr
2026-05-08T09:27:01.676662,1045,3,3969.521724796176,1,LAND_B,4,0,1.0,0.1444009393453598,0.17964142560958862,0.12045279145240784,0.24392256140708923,0.022006576880812645,0,1,2.1204521656036377,0.00038868500269018114,0.17964142560958862,https://wandb.ai/ememchijioke-university-of-klagenfurt/single-uav-rl-baseline/runs/sjth3aqr
2026-05-08T09:27:06.479002,1046,3,4669.98561812341,1,LAND_B,4,0,1.0,0.13177604973316193,0.1789247840642929,0.10552632808685303,0.2433912456035614,0.027270691469311714,0,1,2.104865550994873,0.011790779419243336,0.1789247840642929,https://wandb.ai/ememchijioke-university-of-klagenfurt/single-uav-rl-baseline/runs/sjth3aqr
2026-05-08T09:27:10.581240,1047,3,4239.377706526095,1,LAND_B,4,0,1.0,0.13808973133563995,0.1787165105342865,0.11345698684453964,0.24963432550430298,0.017811793833971024,0,1,2.113448143005371,0.0014163957675918937,0.1787165105342865,https://wandb.ai/ememchijioke-university-of-klagenfurt/single-uav-rl-baseline/runs/sjth3aqr
2026-05-08T09:27:14.675317,1048,3,3839.3359012280907,1,LAND_B,4,0,1.0,0.13885192573070526,0.1780403107404709,0.11484584212303162,0.24980972707271576,0.02421734482049942,0,1,2.1148457527160645,-0.0001452008873457089,0.1780403107404709,https://wandb.ai/ememchijioke-university-of-klagenfurt/single-uav-rl-baseline/runs/sjth3aqr
2026-05-08T09:27:19.641316,1049,3,3731.8728852750146,1,LAND_B,4,0,1.0,0.13947005569934845,0.17809303104877472,0.11555680632591248,0.2491590529680252,0.01901824213564396,0,1,2.1155548095703125,0.0006786406738683581,0.17809303104877472,https://wandb.ai/ememchijioke-university-of-klagenfurt/single-uav-rl-baseline/runs/sjth3aqr
2026-05-08T09:27:25.075128,1050,3,4628.699423308272,1,LAND_B,4,0,1.0,0.13857801258563995,0.17811864614486694,0.11446109414100647,0.250614732503891,0.009833361953496933,0,1,2.1142919063568115,0.0062211016193032265,0.17811864614486694,https://wandb.ai/ememchijioke-university-of-klagenfurt/single-uav-rl-baseline/runs/sjth3aqr
2026-05-08T09:27:30.030189,1051,3,3955.2389587336306,1,LAND_B,4,0,1.0,0.14016389846801758,0.1781752109527588,0.11633811146020889,0.24691332876682281,0.020125120878219604,0,1,2.115724563598633,0.011932380497455597,0.1781752109527588,https://wandb.ai/ememchijioke-university-of-klagenfurt/single-uav-rl-baseline/runs/sjth3aqr
2026-05-08T09:27:35.497556,1052,3,3773.3427636831843,1,LAND_B,4,0,1.0,0.1369631439447403,0.17871364951133728,0.11208507418632507,0.25485116243362427,0.0035392066929489374,0,1,2.1120076179504395,0.004166152328252792,0.17871364951133728,https://wandb.ai/ememchijioke-university-of-klagenfurt/single-uav-rl-baseline/runs/sjth3aqr
2026-05-08T09:27:39.968584,1053,3,3911.668903428085,1,LAND_B,4,0,1.0,0.14054572582244873,0.17793473601341248,0.11695843935012817,0.24910034239292145,0.02310798689723015,0,1,2.116757392883301,0.006854761391878128,0.17793473601341248,https://wandb.ai/ememchijioke-university-of-klagenfurt/single-uav-rl-baseline/runs/sjth3aqr
2026-05-08T09:27:44.249740,1054,3,3979.225308354189,1,LAND_B,4,0,1.0,0.14203499257564545,0.17855657637119293,0.11833343654870987,0.24672836065292358,0.015060186386108398,0,1,2.117929458618164,0.009769623167812824,0.17855657637119293,https://wandb.ai/ememchijioke-university-of-klagenfurt/single-uav-rl-baseline/runs/sjth3aqr
2026-05-08T09:27:48.365512,1055,3,4046.9494369688214,1,LAND_B,4,0,1.0,0.1382800042629242,0.17831897735595703,0.11396270245313644,0.24325592815876007,0.021435532718896866,0,1,2.113281011581421,0.012446303851902485,0.17831897735595703,https://wandb.ai/ememchijioke-university-of-klagenfurt/single-uav-rl-baseline/runs/sjth3aqr
2026-05-08T09:27:52.859809,1056,3,3734.618794080889,1,LAND_B,4,0,1.0,0.13795141875743866,0.1773862987756729,0.1142013818025589,0.24774597585201263,0.015199024230241776,0,1,2.114189624786377,-0.0016387595096603036,0.1773862987756729,https://wandb.ai/ememchijioke-university-of-klagenfurt/single-uav-rl-baseline/runs/sjth3aqr
2026-05-08T09:27:57.514638,1057,3,3654.9926617511387,1,LAND_B,4,0,1.0,0.14645305275917053,0.17731061577796936,0.12438473850488663,0.24759183824062347,0.007713417988270521,0,1,2.1238577365875244,0.011437881737947464,0.17731061577796936,https://wandb.ai/ememchijioke-university-of-klagenfurt/single-uav-rl-baseline/runs/sjth3aqr
2026-05-08T09:28:02.407217,1058,3,3898.0979620199014,1,LAND_B,4,0,1.0,0.1399560272693634,0.1777857542037964,0.11634889245033264,0.24436672031879425,0.03053363412618637,0,1,2.116208791732788,0.00570793729275465,0.1777857542037964,https://wandb.ai/ememchijioke-university-of-klagenfurt/single-uav-rl-baseline/runs/sjth3aqr
2026-05-08T09:28:07.739571,1059,3,4019.180599112556,1,LAND_B,4,0,1.0,0.1339114010334015,0.1775939166545868,0.1091395691037178,0.2490151822566986,0.012767304666340351,0,1,2.1090919971466064,-0.003222131635993719,0.1775939166545868,https://wandb.ai/ememchijioke-university-of-klagenfurt/single-uav-rl-baseline/runs/sjth3aqr
2026-05-08T09:28:12.796608,1060,3,3791.0784635711893,1,LAND_B,4,0,1.0,0.13494116067886353,0.17832587659358978,0.10988254100084305,0.24655626714229584,0.015471951104700565,0,1,2.1098263263702393,0.0035143964923918247,0.17832587659358978,https://wandb.ai/ememchijioke-university-of-klagenfurt/single-uav-rl-baseline/runs/sjth3aqr
2026-05-08T09:28:17.697393,1061,3,4048.71062301656,1,LAND_B,4,0,1.0,0.14444510638713837,0.17840847373008728,0.12131158262491226,0.2495114952325821,0.007657901383936405,0,1,2.1212148666381836,0.004843179136514664,0.17840847373008728,https://wandb.ai/ememchijioke-university-of-klagenfurt/single-uav-rl-baseline/runs/sjth3aqr
2026-05-08T09:28:22.196547,1062,3,3612.5435927535787,1,LAND_B,4,0,1.0,0.1395527720451355,0.17766617238521576,0.11594370007514954,0.2501661479473114,0.007482962217181921,0,1,2.1159067153930664,0.002928434405475855,0.17766617238521576,https://wandb.ai/ememchijioke-university-of-klagenfurt/single-uav-rl-baseline/runs/sjth3aqr
2026-05-08T09:28:26.845979,1063,3,4021.816093439768,1,LAND_B,4,0,1.0,0.1436941921710968,0.17707502841949463,0.12127432227134705,0.246579110622406,0.01764572411775589,0,1,2.120767116546631,0.011079893447458744,0.17707502841949463,https://wandb.ai/ememchijioke-university-of-klagenfurt/single-uav-rl-baseline/runs/sjth3aqr
2026-05-08T09:28:31.166805,1064,3,3923.22485473444,1,LAND_B,4,0,1.0,0.1379435658454895,0.17778250575065613,0.11392239481210709,0.24566765129566193,0.021601488813757896,0,1,2.1134588718414307,0.010266251862049103,0.17778250575065613,https://wandb.ai/ememchijioke-university-of-klagenfurt/single-uav-rl-baseline/runs/sjth3aqr
2026-05-08T09:28:35.779003,1065,3,3889.6403499315634,1,LAND_B,4,0,1.0,0.1359395682811737,0.17776799201965332,0.11149755865335464,0.25274166464805603,0.010847033932805061,0,1,2.1114814281463623,0.0018967937212437391,0.17776799201965332,https://wandb.ai/ememchijioke-university-of-klagenfurt/single-uav-rl-baseline/runs/sjth3aqr
2026-05-08T09:28:40.573511,1066,3,3695.394100246328,1,LAND_B,4,0,1.0,0.1359233409166336,0.17767314612865448,0.11154388636350632,0.24536123871803284,0.018250707536935806,0,1,2.1114559173583984,-0.004429097753018141,0.17767314612865448,https://wandb.ai/ememchijioke-university-of-klagenfurt/single-uav-rl-baseline/runs/sjth3aqr
2026-05-08T09:28:46.002541,1067,3,3870.908715367623,1,LAND_B,4,0,1.0,0.14969076216220856,0.17721635103225708,0.12823790311813354,0.2507563531398773,0.0181228369474411,0,1,2.128237247467041,0.0004088063433300704,0.17721635103225708,https://wandb.ai/ememchijioke-university-of-klagenfurt/single-uav-rl-baseline/runs/sjth3aqr
2026-05-08T09:28:50.586641,1068,3,3649.582472399581,1,LAND_B,4,0,1.0,0.14422133564949036,0.1771608144044876,0.12184417992830276,0.2490813434123993,0.02296379767358303,0,1,2.1212801933288574,0.011709794402122498,0.1771608144044876,https://wandb.ai/ememchijioke-university-of-klagenfurt/single-uav-rl-baseline/runs/sjth3aqr
2026-05-08T09:28:55.748947,1069,3,3823.461426321028,1,LAND_B,4,0,1.0,0.13855613768100739,0.17682528495788574,0.11530689895153046,0.24717560410499573,0.008501076139509678,0,1,2.115292549133301,0.0018188018584623933,0.17682528495788574,https://wandb.ai/ememchijioke-university-of-klagenfurt/single-uav-rl-baseline/runs/sjth3aqr
2026-05-08T09:29:00.662971,1070,3,3802.318429701888,1,LAND_B,4,0,1.0,0.14081884920597076,0.17712436616420746,0.11782096326351166,0.2515016496181488,0.005642242264002562,0,1,2.117795467376709,0.0024510552175343037,0.17712436616420746,https://wandb.ai/ememchijioke-university-of-klagenfurt/single-uav-rl-baseline/runs/sjth3aqr
2026-05-08T09:29:05.484224,1071,3,3621.624092894764,1,LAND_B,4,0,1.0,0.1411890834569931,0.17727649211883545,0.11816387623548508,0.2485368698835373,0.02252640575170517,0,1,2.118090867996216,0.004153031390160322,0.17727649211883545,https://wandb.ai/ememchijioke-university-of-klagenfurt/single-uav-rl-baseline/runs/sjth3aqr
2026-05-08T09:29:09.790950,1072,3,4005.374337727904,1,LAND_B,4,0,1.0,0.14455854892730713,0.17751583456993103,0.12201832234859467,0.2454901486635208,0.029001114889979362,0,1,2.1218481063842773,0.006442788988351822,0.17751583456993103,https://wandb.ai/ememchijioke-university-of-klagenfurt/single-uav-rl-baseline/runs/sjth3aqr
2026-05-08T09:29:13.791687,1073,3,3655.199434542379,1,LAND_B,4,0,1.0,0.15098679065704346,0.17801880836486816,0.12926745414733887,0.24506570398807526,0.03016897663474083,0,1,2.129080057144165,0.006958111189305782,0.17801880836486816,https://wandb.ai/ememchijioke-university-of-klagenfurt/single-uav-rl-baseline/runs/sjth3aqr
2026-05-08T09:29:18.196350,1074,3,3719.951921268154,1,LAND_B,4,0,1.0,0.14978542923927307,0.1776709407567978,0.1280738115310669,0.24720637500286102,0.01934725232422352,0,1,2.1280672550201416,-0.0012952309334650636,0.1776709407567978,https://wandb.ai/ememchijioke-university-of-klagenfurt/single-uav-rl-baseline/runs/sjth3aqr
2026-05-08T09:29:23.147685,1075,3,3991.9471658724683,1,LAND_B,4,0,1.0,0.1393197625875473,0.17821408808231354,0.11529333889484406,0.24643513560295105,0.01630215533077717,0,1,2.1152713298797607,-0.0022528166882693768,0.17821408808231354,https://wandb.ai/ememchijioke-university-of-klagenfurt/single-uav-rl-baseline/runs/sjth3aqr
2026-05-08T09:29:28.094158,1076,3,3704.607534526375,1,LAND_B,4,0,1.0,0.13924233615398407,0.17708143591880798,0.11596067994832993,0.24877505004405975,0.010507072322070599,0,1,2.115943431854248,0.002000064356252551,0.17708143591880798,https://wandb.ai/ememchijioke-university-of-klagenfurt/single-uav-rl-baseline/runs/sjth3aqr
2026-05-08T09:29:34.507577,1077,3,3757.251650415507,1,LAND_B,4,0,1.0,0.14660754799842834,0.17706690728664398,0.12471754103899002,0.250592440366745,0.01150252390652895,0,1,2.124472141265869,0.007819906808435917,0.17706690728664398,https://wandb.ai/ememchijioke-university-of-klagenfurt/single-uav-rl-baseline/runs/sjth3aqr
2026-05-08T09:29:40.012763,1078,3,4814.346890997242,1,LAND_B,4,0,1.0,0.1312088519334793,0.17680321633815765,0.10638152062892914,0.2509564757347107,0.003983479458838701,0,1,2.1060400009155273,0.008517490699887276,0.17680321633815765,https://wandb.ai/ememchijioke-university-of-klagenfurt/single-uav-rl-baseline/runs/sjth3aqr
2026-05-08T09:29:44.415258,1079,3,3899.377464025748,1,LAND_B,4,0,1.0,0.13141685724258423,0.17746500670909882,0.10615820437669754,0.2487281858921051,0.015939878299832344,0,1,2.1060338020324707,0.0051378533244132996,0.17746500670909882,https://wandb.ai/ememchijioke-university-of-klagenfurt/single-uav-rl-baseline/runs/sjth3aqr
2026-05-08T09:29:48.793981,1080,3,4081.8402197791083,1,LAND_B,4,0,1.0,0.13393692672252655,0.17872938513755798,0.10835489630699158,0.2464640587568283,0.006463417783379555,0,1,2.1082146167755127,0.005511874798685312,0.17872938513755798,https://wandb.ai/ememchijioke-university-of-klagenfurt/single-uav-rl-baseline/runs/sjth3aqr
2026-05-08T09:29:53.092463,1081,3,3929.0022623300715,1,LAND_B,4,0,1.0,0.13686655461788177,0.17753994464874268,0.1127830296754837,0.24873121082782745,0.010700439102947712,0,1,2.1122682094573975,0.010763837955892086,0.17753994464874268,https://wandb.ai/ememchijioke-university-of-klagenfurt/single-uav-rl-baseline/runs/sjth3aqr
2026-05-08T09:29:57.851495,1082,3,3631.2008872704355,1,LAND_B,4,0,1.0,0.14029456675052643,0.17799654603004456,0.1166151911020279,0.24842607975006104,0.009484854526817799,0,1,2.1165716648101807,0.0031858182046562433,0.17799654603004456,https://wandb.ai/ememchijioke-university-of-klagenfurt/single-uav-rl-baseline/runs/sjth3aqr
2026-05-08T09:30:02.497125,1083,3,3872.045990576115,1,LAND_B,4,0,1.0,0.14298467338085175,0.17770712077617645,0.12002591788768768,0.24741734564304352,0.011244122870266438,0,1,2.120009422302246,0.0019900440238416195,0.17770712077617645,https://wandb.ai/ememchijioke-university-of-klagenfurt/single-uav-rl-baseline/runs/sjth3aqr
2026-05-08T09:30:07.195705,1084,3,3974.1783561352195,1,LAND_B,4,0,1.0,0.14122189581394196,0.1775096207857132,0.11805034428834915,0.24098077416419983,0.016264518722891808,0,1,2.1176388263702393,0.00984838418662548,0.1775096207857132,https://wandb.ai/ememchijioke-university-of-klagenfurt/single-uav-rl-baseline/runs/sjth3aqr
2026-05-08T09:30:11.949154,1085,3,4692.079524568258,1,LAND_B,4,0,1.0,0.12704145908355713,0.17760473489761353,0.10058348625898361,0.2513658106327057,0.01384973619133234,0,1,2.1003963947296143,-0.0061320229433476925,0.17760473489761353,https://wandb.ai/ememchijioke-university-of-klagenfurt/single-uav-rl-baseline/runs/sjth3aqr
2026-05-08T09:30:17.425008,1086,3,4144.4935680162325,1,LAND_B,4,0,1.0,0.14383149147033691,0.1774705946445465,0.12118501216173172,0.25050508975982666,0.016798075288534164,0,1,2.1211514472961426,-0.0028519127517938614,0.1774705946445465,https://wandb.ai/ememchijioke-university-of-klagenfurt/single-uav-rl-baseline/runs/sjth3aqr
2026-05-08T09:30:21.502670,1087,3,4043.7032260390056,1,LAND_B,4,0,1.0,0.1359473615884781,0.1782318353652954,0.11118212342262268,0.24695946276187897,0.007862270809710026,0,1,2.1111671924591064,-0.001822030171751976,0.1782318353652954,https://wandb.ai/ememchijioke-university-of-klagenfurt/single-uav-rl-baseline/runs/sjth3aqr
2026-05-08T09:30:26.385009,1088,3,3909.1258502847595,1,LAND_B,4,0,1.0,0.1417042315006256,0.1768360286951065,0.1190643310546875,0.24506442248821259,0.021889304742217064,0,1,2.119001865386963,-0.003856192110106349,0.1768360286951065,https://wandb.ai/ememchijioke-university-of-klagenfurt/single-uav-rl-baseline/runs/sjth3aqr
2026-05-08T09:30:31.885939,1089,3,3974.5012736565027,1,LAND_B,4,0,1.0,0.14789657294750214,0.17660124599933624,0.12651342153549194,0.24383950233459473,0.017547108232975006,0,1,2.1262030601501465,0.008856212720274925,0.17660124599933624,https://wandb.ai/ememchijioke-university-of-klagenfurt/single-uav-rl-baseline/runs/sjth3aqr
2026-05-08T09:30:36.628930,1090,3,3621.5513431041186,1,LAND_B,4,0,1.0,0.14142051339149475,0.17621399462223053,0.11912677437067032,0.25023072957992554,0.014491770416498184,0,1,2.1190919876098633,-0.0028784761670976877,0.17621399462223053,https://wandb.ai/ememchijioke-university-of-klagenfurt/single-uav-rl-baseline/runs/sjth3aqr
2026-05-08T09:30:41.788747,1091,3,3888.913855924554,1,LAND_B,4,0,1.0,0.13832049071788788,0.17591436207294464,0.11562684178352356,0.25077763199806213,0.006662394851446152,0,1,2.1154799461364746,0.00582652073353529,0.17591436207294464,https://wandb.ai/ememchijioke-university-of-klagenfurt/single-uav-rl-baseline/runs/sjth3aqr
2026-05-08T09:30:46.179151,1092,3,3657.5720951464964,1,LAND_B,4,0,1.0,0.13635113835334778,0.1763191521167755,0.11299123615026474,0.24964819848537445,0.032572049647569656,0,1,2.112962484359741,-0.0025486869271844625,0.1763191521167755,https://wandb.ai/ememchijioke-university-of-klagenfurt/single-uav-rl-baseline/runs/sjth3aqr
2026-05-08T09:30:50.923410,1093,3,3834.0573562899112,1,LAND_B,4,0,1.0,0.13823933899402618,0.17633013427257538,0.11525546759366989,0.24668766558170319,0.012418015860021114,0,1,2.115245819091797,-0.0014916100772097707,0.17633013427257538,https://wandb.ai/ememchijioke-university-of-klagenfurt/single-uav-rl-baseline/runs/sjth3aqr
2026-05-08T09:30:55.900932,1094,3,4756.581266909746,1,LAND_B,4,0,1.0,0.12957192957401276,0.17588171362876892,0.10502785444259644,0.2471645027399063,0.00871598906815052,0,1,2.104433298110962,0.011159652844071388,0.17588171362876892,https://wandb.ai/ememchijioke-university-of-klagenfurt/single-uav-rl-baseline/runs/sjth3aqr
2026-05-08T09:31:00.241259,1095,3,4018.5801285978,1,LAND_B,4,0,1.0,0.13414844870567322,0.17655090987682343,0.11016245186328888,0.24907785654067993,0.02741301618516445,0,1,2.1099891662597656,0.006176446098834276,0.17655090987682343,https://wandb.ai/ememchijioke-university-of-klagenfurt/single-uav-rl-baseline/runs/sjth3aqr
2026-05-08T09:31:04.495816,1096,3,3658.050873414445,1,LAND_B,4,0,1.0,0.135206937789917,0.17624309659004211,0.11165978014469147,0.2521510720252991,0.006274592597037554,0,1,2.111300468444824,0.008950524963438511,0.17624309659004211,https://wandb.ai/ememchijioke-university-of-klagenfurt/single-uav-rl-baseline/runs/sjth3aqr
2026-05-08T09:31:09.616745,1097,3,3763.732944727476,1,LAND_B,4,0,1.0,0.13644663989543915,0.17586740851402283,0.11340996623039246,0.24810004234313965,0.01102983858436346,0,1,2.113361120223999,0.003328055376186967,0.17586740851402283,https://wandb.ai/ememchijioke-university-of-klagenfurt/single-uav-rl-baseline/runs/sjth3aqr
2026-05-08T09:31:14.721637,1098,3,3669.7352271765217,1,LAND_B,4,0,1.0,0.13975363969802856,0.17593370378017426,0.11732499301433563,0.24631553888320923,0.02359965443611145,0,1,2.116939067840576,0.00950830988585949,0.17593370378017426,https://wandb.ai/ememchijioke-university-of-klagenfurt/single-uav-rl-baseline/runs/sjth3aqr
2026-05-08T09:31:19.995095,1099,3,3600.0207539450835,1,LAND_B,4,0,1.0,0.13824070990085602,0.17523235082626343,0.11597666144371033,0.24796128273010254,0.010139835998415947,0,1,2.115934133529663,0.003140557324513793,0.17523235082626343,https://wandb.ai/ememchijioke-university-of-klagenfurt/single-uav-rl-baseline/runs/sjth3aqr
2026-05-08T09:31:24.897172,1100,3,3594.159708701971,1,LAND_B,4,0,1.0,0.13772954046726227,0.17570802569389343,0.11505530029535294,0.2511131167411804,0.03284045681357384,0,1,2.115034818649292,0.002170891733840108,0.17570802569389343,https://wandb.ai/ememchijioke-university-of-klagenfurt/single-uav-rl-baseline/runs/sjth3aqr
2026-05-08T09:31:29.998921,1101,3,3765.0867264787216,1,LAND_B,4,0,1.0,0.13855893909931183,0.17528140544891357,0.11632407456636429,0.24923181533813477,0.017629170790314674,0,1,2.1162948608398438,0.002606814494356513,0.17528140544891357,https://wandb.ai/ememchijioke-university-of-klagenfurt/single-uav-rl-baseline/runs/sjth3aqr
2026-05-08T09:31:34.744846,1102,3,4014.192654563722,1,LAND_B,4,0,1.0,0.14615200459957123,0.17574511468410492,0.12499234825372696,0.2472342699766159,0.011815995909273624,0,1,2.1249799728393555,0.0017590899951756,0.17574511468410492,https://wandb.ai/ememchijioke-university-of-klagenfurt/single-uav-rl-baseline/runs/sjth3aqr
2026-05-08T09:31:39.031232,1103,3,3555.6351335088543,1,LAND_B,4,0,1.0,0.13688018918037415,0.1750648021697998,0.11446163058280945,0.25505155324935913,0.01903972588479519,0,1,2.1143980026245117,-0.003815894713625312,0.1750648021697998,https://wandb.ai/ememchijioke-university-of-klagenfurt/single-uav-rl-baseline/runs/sjth3aqr
2026-05-08T09:31:43.132961,1104,3,3833.2699180552722,1,LAND_B,4,0,1.0,0.13968102633953094,0.17485859990119934,0.11792786419391632,0.24753479659557343,0.029299961403012276,0,1,2.11759090423584,0.008908438496291637,0.17485859990119934,https://wandb.ai/ememchijioke-university-of-klagenfurt/single-uav-rl-baseline/runs/sjth3aqr
2026-05-08T09:31:47.463901,1105,3,3866.802073482955,1,LAND_B,4,0,1.0,0.14053234457969666,0.17530058324337006,0.11865565180778503,0.25303614139556885,0.003966787829995155,0,1,2.118654489517212,0.0005248062079772353,0.17530058324337006,https://wandb.ai/ememchijioke-university-of-klagenfurt/single-uav-rl-baseline/runs/sjth3aqr
2026-05-08T09:31:51.963390,1106,3,3920.572249635765,1,LAND_B,4,0,1.0,0.14074884355068207,0.1799679547548294,0.11582469940185547,0.261033296585083,0.002703063888475299,0,1,2.115802049636841,-0.002290640026330948,0.1799679547548294,https://wandb.ai/ememchijioke-university-of-klagenfurt/single-uav-rl-baseline/runs/sjth3aqr
2026-05-08T09:31:57.077420,1107,3,3892.3664664015473,1,LAND_B,4,0,1.0,0.1400265097618103,0.17958661913871765,0.11521021276712418,0.26224827766418457,0.004859298467636108,0,1,2.1146345138549805,0.01150312926620245,0.17958661913871765,https://wandb.ai/ememchijioke-university-of-klagenfurt/single-uav-rl-baseline/runs/sjth3aqr
2026-05-08T09:32:01.988187,1108,3,3955.8284836869743,1,LAND_B,4,0,1.0,0.13836631178855896,0.17865586280822754,0.11383537203073502,0.2638828754425049,0.0057358103804290295,0,1,2.1133999824523926,0.009946610778570175,0.17865586280822754,https://wandb.ai/ememchijioke-university-of-klagenfurt/single-uav-rl-baseline/runs/sjth3aqr
2026-05-08T09:32:06.421274,1109,3,3809.0963239894,1,LAND_B,4,0,1.0,0.13684578239917755,0.17945191264152527,0.11141885071992874,0.2598806917667389,0.008204873651266098,0,1,2.111215829849243,0.006723092403262854,0.17945191264152527,https://wandb.ai/ememchijioke-university-of-klagenfurt/single-uav-rl-baseline/runs/sjth3aqr
2026-05-08T09:32:11.463639,1110,3,3597.518201698221,1,LAND_B,4,0,1.0,0.14492762088775635,0.1788802295923233,0.12158093601465225,0.2700343430042267,0.019310854375362396,0,1,2.1213278770446777,0.00784027948975563,0.1788802295923233,https://wandb.ai/ememchijioke-university-of-klagenfurt/single-uav-rl-baseline/runs/sjth3aqr
2026-05-08T09:32:15.337579,1111,3,3660.9277656736353,1,LAND_B,4,0,1.0,0.13520249724388123,0.17962822318077087,0.1092660054564476,0.25817248225212097,0.01809375360608101,0,1,2.109264612197876,0.0005520518752746284,0.17962822318077087,https://wandb.ai/ememchijioke-university-of-klagenfurt/single-uav-rl-baseline/runs/sjth3aqr
2026-05-08T09:32:19.598974,1112,3,3864.8674115123376,1,LAND_B,4,0,1.0,0.13638447225093842,0.17935018241405487,0.1109246239066124,0.25720110535621643,0.007285670377314091,0,1,2.1108529567718506,-0.003986888565123081,0.17935018241405487,https://wandb.ai/ememchijioke-university-of-klagenfurt/single-uav-rl-baseline/runs/sjth3aqr
2026-05-08T09:32:24.528827,1113,3,3822.231975273163,1,LAND_B,4,0,1.0,0.14346133172512054,0.17926059663295746,0.1195780485868454,0.26347965002059937,0.035829346626996994,0,1,2.1189539432525635,0.0122012197971344,0.17926059663295746,https://wandb.ai/ememchijioke-university-of-klagenfurt/single-uav-rl-baseline/runs/sjth3aqr
2026-05-08T09:32:29.195112,1114,3,3559.232499721162,1,LAND_B,4,0,1.0,0.13926585018634796,0.17956115305423737,0.11430224031209946,0.2602541446685791,0.001901440555229783,0,1,2.114283323287964,0.002079613506793976,0.17956115305423737,https://wandb.ai/ememchijioke-university-of-klagenfurt/single-uav-rl-baseline/runs/sjth3aqr
2026-05-08T09:32:33.136614,1115,3,3642.5397772750534,1,LAND_B,4,0,1.0,0.14508211612701416,0.17919586598873138,0.1215600073337555,0.2632531523704529,0.02506602182984352,0,1,2.1215128898620605,0.0033842751290649176,0.17919586598873138,https://wandb.ai/ememchijioke-university-of-klagenfurt/single-uav-rl-baseline/runs/sjth3aqr
2026-05-08T09:32:38.055034,1116,3,3876.1251347619755,1,LAND_B,4,0,1.0,0.13471253216266632,0.17939066886901855,0.10883283615112305,0.261410117149353,0.020177826285362244,0,1,2.108765125274658,-0.003838434349745512,0.17939066886901855,https://wandb.ai/ememchijioke-university-of-klagenfurt/single-uav-rl-baseline/runs/sjth3aqr
2026-05-08T09:32:43.749323,1117,3,3752.912794975363,1,LAND_B,4,0,1.0,0.1465054750442505,0.17938664555549622,0.12313251942396164,0.26172935962677,0.013310130685567856,0,1,2.1231236457824707,-0.001478233258239925,0.17938664555549622,https://wandb.ai/ememchijioke-university-of-klagenfurt/single-uav-rl-baseline/runs/sjth3aqr
2026-05-08T09:32:48.280789,1118,3,3620.980109153755,1,LAND_B,4,0,1.0,0.13941515982151031,0.1782776415348053,0.11536549031734467,0.2642006278038025,0.016410253942012787,0,1,2.1153571605682373,0.0013859960017725825,0.1782776415348053,https://wandb.ai/ememchijioke-university-of-klagenfurt/single-uav-rl-baseline/runs/sjth3aqr
2026-05-08T09:32:52.335593,1119,3,3847.6797081027507,1,LAND_B,4,0,1.0,0.13927574455738068,0.17865221202373505,0.1149415597319603,0.26634183526039124,0.01015144307166338,0,1,2.1149368286132812,0.0010424514766782522,0.17865221202373505,https://wandb.ai/ememchijioke-university-of-klagenfurt/single-uav-rl-baseline/runs/sjth3aqr
2026-05-08T09:32:56.732358,1120,3,3477.024462426028,1,LAND_B,4,0,1.0,0.14555765688419342,0.17969460785388947,0.12180231511592865,0.2623717784881592,0.016616584733128548,0,1,2.121495485305786,0.008640090003609657,0.17969460785388947,https://wandb.ai/ememchijioke-university-of-klagenfurt/single-uav-rl-baseline/runs/sjth3aqr
2026-05-08T09:33:01.437626,1121,3,3560.2175347705816,1,LAND_B,4,0,1.0,0.14685331284999847,0.17936904728412628,0.12355747818946838,0.263246089220047,0.00698595168069005,0,1,2.1234405040740967,-0.005375240929424763,0.17936904728412628,https://wandb.ai/ememchijioke-university-of-klagenfurt/single-uav-rl-baseline/runs/sjth3aqr
2026-05-08T09:33:06.173372,1122,3,3631.3305454460874,1,LAND_B,4,0,1.0,0.14139023423194885,0.1793193370103836,0.11704545468091965,0.26496320962905884,0.016265535727143288,0,1,2.1164708137512207,0.011583955958485603,0.1793193370103836,https://wandb.ai/ememchijioke-university-of-klagenfurt/single-uav-rl-baseline/runs/sjth3aqr
2026-05-08T09:33:10.271377,1123,3,3830.7213086705415,1,LAND_B,4,0,1.0,0.1473691463470459,0.17969176173210144,0.12396325170993805,0.26527139544487,0.016485746949911118,0,1,2.1239540576934814,-0.001509565394371748,0.17969176173210144,https://wandb.ai/ememchijioke-university-of-klagenfurt/single-uav-rl-baseline/runs/sjth3aqr
2026-05-08T09:33:14.945034,1124,3,3587.2823196841327,1,LAND_B,4,0,1.0,0.14589336514472961,0.17983293533325195,0.12211295962333679,0.2640873193740845,0.023559968918561935,0,1,2.1217598915100098,0.00927923247218132,0.17983293533325195,https://wandb.ai/ememchijioke-university-of-klagenfurt/single-uav-rl-baseline/runs/sjth3aqr
2026-05-08T09:33:20.738674,1125,3,3742.3974411798076,1,LAND_B,4,0,1.0,0.1462847739458084,0.17987889051437378,0.12255039811134338,0.2659887969493866,0.02280219830572605,0,1,2.122307300567627,0.007715238723903894,0.17987889051437378,https://wandb.ai/ememchijioke-university-of-klagenfurt/single-uav-rl-baseline/runs/sjth3aqr
2026-05-08T09:33:25.488746,1126,3,3678.1918795177708,1,LAND_B,4,0,1.0,0.14001867175102234,0.17933085560798645,0.11537695676088333,0.26354271173477173,0.009099735878407955,0,1,2.1151907444000244,0.0065524522215127945,0.17933085560798645,https://wandb.ai/ememchijioke-university-of-klagenfurt/single-uav-rl-baseline/runs/sjth3aqr
2026-05-08T09:33:30.171593,1127,3,3765.4793970186815,1,LAND_B,4,0,1.0,0.1403099149465561,0.17911496758460999,0.11587792634963989,0.265544593334198,0.02909587323665619,0,1,2.115288019180298,0.011677606962621212,0.17911496758460999,https://wandb.ai/ememchijioke-university-of-klagenfurt/single-uav-rl-baseline/runs/sjth3aqr
2026-05-08T09:33:34.306379,1128,3,3701.082786533621,1,LAND_B,4,0,1.0,0.14546877145767212,0.17938941717147827,0.12189537286758423,0.26670414209365845,0.025295699015259743,0,1,2.121467351913452,0.010206131264567375,0.17938941717147827,https://wandb.ai/ememchijioke-university-of-klagenfurt/single-uav-rl-baseline/runs/sjth3aqr
2026-05-08T09:33:38.257938,1129,3,3906.8397969743824,1,LAND_B,4,0,1.0,0.14957424998283386,0.17953366041183472,0.12667615711688995,0.26003706455230713,0.015027442015707493,0,1,2.126673936843872,0.0007516149198636413,0.17953366041183472,https://wandb.ai/ememchijioke-university-of-klagenfurt/single-uav-rl-baseline/runs/sjth3aqr
2026-05-08T09:33:42.989370,1130,3,4729.7751465937345,1,LAND_B,4,0,1.0,0.13160032033920288,0.17924676835536957,0.10506470501422882,0.26714378595352173,0.010176103562116623,0,1,2.10506272315979,-0.0006456284900195897,0.17924676835536957,https://wandb.ai/ememchijioke-university-of-klagenfurt/single-uav-rl-baseline/runs/sjth3aqr
2026-05-08T09:33:46.818618,1131,3,3909.1465143658124,1,LAND_B,4,0,1.0,0.13551515340805054,0.17991554737091064,0.10944343358278275,0.26577305793762207,0.0094972038641572,0,1,2.1092464923858643,0.006562685593962669,0.17991554737091064,https://wandb.ai/ememchijioke-university-of-klagenfurt/single-uav-rl-baseline/runs/sjth3aqr
2026-05-08T09:33:51.884750,1132,3,3544.00759298969,1,LAND_B,4,0,1.0,0.14388440549373627,0.1793508380651474,0.12002569437026978,0.26533374190330505,0.014810662716627121,0,1,2.11953067779541,0.010889631696045399,0.1793508380651474,https://wandb.ai/ememchijioke-university-of-klagenfurt/single-uav-rl-baseline/runs/sjth3aqr
2026-05-08T09:33:55.697319,1133,3,3735.75297790072,1,LAND_B,4,0,1.0,0.13216693699359894,0.17905549705028534,0.10591660439968109,0.2618273198604584,0.01691870391368866,0,1,2.10591197013855,0.0009908197680488229,0.17905549705028534,https://wandb.ai/ememchijioke-university-of-klagenfurt/single-uav-rl-baseline/runs/sjth3aqr
2026-05-08T09:33:59.474647,1134,3,3703.2903097699473,1,LAND_B,4,0,1.0,0.14093683660030365,0.17851781845092773,0.11703906953334808,0.2698565125465393,0.015302574262022972,0,1,2.1170177459716797,0.002233989769592881,0.17851781845092773,https://wandb.ai/ememchijioke-university-of-klagenfurt/single-uav-rl-baseline/runs/sjth3aqr
2026-05-08T09:34:04.304237,1135,3,3531.778013454694,1,LAND_B,4,0,1.0,0.14257457852363586,0.17948003113269806,0.11836569011211395,0.2673375904560089,0.014672335237264633,0,1,2.1181397438049316,0.007310030981898308,0.17948003113269806,https://wandb.ai/ememchijioke-university-of-klagenfurt/single-uav-rl-baseline/runs/sjth3aqr
2026-05-08T09:34:08.446146,1136,3,4670.744025189479,1,LAND_B,4,0,1.0,0.1385577768087387,0.17933470010757446,0.11359693109989166,0.2680712938308716,0.0077497391030192375,0,1,2.113586902618408,0.0015094856498762965,0.17933470010757446,https://wandb.ai/ememchijioke-university-of-klagenfurt/single-uav-rl-baseline/runs/sjth3aqr
2026-05-08T09:34:13.294826,1137,3,3815.297356206311,1,LAND_B,4,0,1.0,0.1311967372894287,0.17472542822360992,0.10783642530441284,0.25182273983955383,0.015153692103922367,0,1,2.1073355674743652,0.01038128137588501,0.17472542822360992,https://wandb.ai/ememchijioke-university-of-klagenfurt/single-uav-rl-baseline/runs/sjth3aqr
2026-05-08T09:34:18.196933,1138,3,3835.8355269895005,1,LAND_B,4,0,1.0,0.1443977653980255,0.17931221425533295,0.1206660270690918,0.2645695209503174,0.025574564933776855,0,1,2.1202971935272217,0.009427372366189957,0.17931221425533295,https://wandb.ai/ememchijioke-university-of-klagenfurt/single-uav-rl-baseline/runs/sjth3aqr
2026-05-08T09:34:23.137081,1139,3,3683.8720053503907,1,LAND_B,4,0,1.0,0.14114347100257874,0.17981824278831482,0.11640673130750656,0.2692948281764984,0.006649802904576063,0,1,2.116168975830078,0.007436113432049751,0.17981824278831482,https://wandb.ai/ememchijioke-university-of-klagenfurt/single-uav-rl-baseline/runs/sjth3aqr
2026-05-08T09:34:26.781437,1140,3,3603.511430890445,1,LAND_B,4,0,1.0,0.142686665058136,0.17487208545207977,0.12146462500095367,0.25238916277885437,0.010991542600095272,0,1,2.1213231086730957,0.005861708428710699,0.17487208545207977,https://wandb.ai/ememchijioke-university-of-klagenfurt/single-uav-rl-baseline/runs/sjth3aqr
2026-05-08T09:34:30.359555,1141,3,3594.0305588446404,1,LAND_B,4,0,1.0,0.14091818034648895,0.17998266220092773,0.11602029949426651,0.26494842767715454,0.003137751016765833,0,1,2.1158390045166016,0.0064834291115403175,0.17998266220092773,https://wandb.ai/ememchijioke-university-of-klagenfurt/single-uav-rl-baseline/runs/sjth3aqr
2026-05-08T09:34:34.027246,1142,3,3886.8237431179764,1,LAND_B,4,0,1.0,0.13371074199676514,0.17472054064273834,0.1108846515417099,0.24964547157287598,0.008051377721130848,0,1,2.110718250274658,0.006072476506233215,0.17472054064273834,https://wandb.ai/ememchijioke-university-of-klagenfurt/single-uav-rl-baseline/runs/sjth3aqr
2026-05-08T09:34:37.782364,1143,3,4709.302993382442,1,LAND_B,4,0,1.0,0.12968508899211884,0.17970982193946838,0.10229646414518356,0.26830601692199707,0.016328196972608566,0,1,2.1018433570861816,0.009617493487894535,0.17970982193946838,https://wandb.ai/ememchijioke-university-of-klagenfurt/single-uav-rl-baseline/runs/sjth3aqr
2026-05-08T09:34:41.756467,1144,3,3642.2121714299474,1,LAND_B,4,0,1.0,0.12958776950836182,0.17466217279434204,0.10591766238212585,0.253103643655777,0.016011465340852737,0,1,2.105067014694214,0.0133967949077487,0.17466217279434204,https://wandb.ai/ememchijioke-university-of-klagenfurt/single-uav-rl-baseline/runs/sjth3aqr
2026-05-08T09:34:46.242033,1145,3,4715.689764438825,1,LAND_B,4,0,1.0,0.1279820054769516,0.1750478297472,0.10366879403591156,0.25366535782814026,0.011547437869012356,0,1,2.103440046310425,0.006883012130856514,0.1750478297472,https://wandb.ai/ememchijioke-university-of-klagenfurt/single-uav-rl-baseline/runs/sjth3aqr
2026-05-08T09:34:50.772545,1146,3,4241.67788515603,1,LAND_B,4,0,1.0,0.13025620579719543,0.175757497549057,0.10595981776714325,0.25133275985717773,0.011286787688732147,0,1,2.1053414344787598,0.011430882848799229,0.175757497549057,https://wandb.ai/ememchijioke-university-of-klagenfurt/single-uav-rl-baseline/runs/sjth3aqr
2026-05-08T09:34:54.397831,1147,3,3670.4648900042653,1,LAND_B,4,0,1.0,0.1329336315393448,0.17602814733982086,0.10904617607593536,0.24989041686058044,0.015373991802334785,0,1,2.1090199947357178,-0.0023895297199487686,0.17602814733982086,https://wandb.ai/ememchijioke-university-of-klagenfurt/single-uav-rl-baseline/runs/sjth3aqr
2026-05-08T09:34:59.319137,1148,3,3773.8515168806034,1,LAND_B,4,0,1.0,0.13574747741222382,0.17488931119441986,0.11322087794542313,0.24956831336021423,0.02194155380129814,0,1,2.1131751537323,-0.003217371180653572,0.17488931119441986,https://wandb.ai/ememchijioke-university-of-klagenfurt/single-uav-rl-baseline/runs/sjth3aqr
2026-05-08T09:35:04.814223,1149,3,3632.3541845911204,1,LAND_B,4,0,1.0,0.1425783783197403,0.17495040595531464,0.12128903716802597,0.24547962844371796,0.01248802337795496,0,1,2.121274471282959,-0.0018797926604747772,0.17495040595531464,https://wandb.ai/ememchijioke-university-of-klagenfurt/single-uav-rl-baseline/runs/sjth3aqr
2026-05-08T09:35:09.415948,1150,3,3769.4679946528863,1,LAND_B,4,0,1.0,0.1335131973028183,0.17487068474292755,0.11054480075836182,0.25384002923965454,0.007216996978968382,0,1,2.110502004623413,0.003075765445828438,0.17487068474292755,https://wandb.ai/ememchijioke-university-of-klagenfurt/single-uav-rl-baseline/runs/sjth3aqr
2026-05-08T09:35:13.533951,1151,3,3434.0790337100957,1,LAND_B,4,0,1.0,0.14157980680465698,0.1752339005470276,0.11993624269962311,0.24853873252868652,0.006167840678244829,0,1,2.1199347972869873,0.0005886887665838003,0.1752339005470276,https://wandb.ai/ememchijioke-university-of-klagenfurt/single-uav-rl-baseline/runs/sjth3aqr
2026-05-08T09:35:18.249387,1152,3,4248.020197542659,1,LAND_B,4,0,1.0,0.1392916589975357,0.17506307363510132,0.11733584105968475,0.2500515282154083,0.008326610550284386,0,1,2.1172990798950195,-0.0029370225965976715,0.17506307363510132,https://wandb.ai/ememchijioke-university-of-klagenfurt/single-uav-rl-baseline/runs/sjth3aqr
2026-05-08T09:35:22.951384,1153,3,3529.6087053445326,1,LAND_B,4,0,1.0,0.13671308755874634,0.17483295500278473,0.11441370844841003,0.25325989723205566,0.010870245285332203,0,1,2.1143712997436523,-0.00311479764059186,0.17483295500278473,https://wandb.ai/ememchijioke-university-of-klagenfurt/single-uav-rl-baseline/runs/sjth3aqr
2026-05-08T09:35:27.295146,1154,3,3665.9184651993487,1,LAND_B,4,0,1.0,0.1430521160364151,0.1746547669172287,0.1220269426703453,0.25289157032966614,0.0193486250936985,0,1,2.1219546794891357,0.004198816604912281,0.1746547669172287,https://wandb.ai/ememchijioke-university-of-klagenfurt/single-uav-rl-baseline/runs/sjth3aqr
2026-05-08T09:35:33.048116,1155,3,4722.478132873421,1,LAND_B,4,0,1.0,0.12665915489196777,0.1748819500207901,0.1021530032157898,0.24949121475219727,0.010763242840766907,0,1,2.1021461486816406,-0.001183135318569839,0.1748819500207901,https://wandb.ai/ememchijioke-university-of-klagenfurt/single-uav-rl-baseline/runs/sjth3aqr
2026-05-08T09:35:38.288208,1156,3,4125.327179224171,1,LAND_B,4,0,1.0,0.14198420941829681,0.17480230331420898,0.12068194150924683,0.24997255206108093,0.01276345644146204,0,1,2.120509147644043,0.006455694790929556,0.17480230331420898,https://wandb.ai/ememchijioke-university-of-klagenfurt/single-uav-rl-baseline/runs/sjth3aqr
2026-05-08T09:35:42.545998,1157,3,4022.6742410022275,1,LAND_B,4,0,1.0,0.14204484224319458,0.17969252169132233,0.11758332699537277,0.25862839818000793,0.018727313727140427,0,1,2.116927146911621,0.012404894456267357,0.17969252169132233,https://wandb.ai/ememchijioke-university-of-klagenfurt/single-uav-rl-baseline/runs/sjth3aqr
2026-05-08T09:35:47.303057,1158,3,3618.5909445112047,1,LAND_B,4,0,1.0,0.1388956606388092,0.17926716804504395,0.11405578255653381,0.2637788951396942,0.012496261857450008,0,1,2.1138432025909424,0.0069604068994522095,0.17926716804504395,https://wandb.ai/ememchijioke-university-of-klagenfurt/single-uav-rl-baseline/runs/sjth3aqr
2026-05-08T09:35:51.404345,1159,3,3782.3606433593177,1,LAND_B,4,0,1.0,0.1376217156648636,0.17513471841812134,0.11530182510614395,0.250712126493454,0.013524441048502922,0,1,2.115259885787964,-0.0031096155289560556,0.17513471841812134,https://wandb.ai/ememchijioke-university-of-klagenfurt/single-uav-rl-baseline/runs/sjth3aqr
2026-05-08T09:35:55.628071,1160,3,3931.3541313577516,1,LAND_B,4,0,1.0,0.1359095424413681,0.17493198812007904,0.11338695883750916,0.25089046359062195,0.02776266261935234,0,1,2.1133127212524414,0.004102407023310661,0.17493198812007904,https://wandb.ai/ememchijioke-university-of-klagenfurt/single-uav-rl-baseline/runs/sjth3aqr
2026-05-08T09:35:59.783205,1161,3,4720.8801585632455,1,LAND_B,4,0,1.0,0.12187810242176056,0.17502394318580627,0.09605040401220322,0.25303056836128235,0.013278035447001457,0,1,2.0959670543670654,-0.004000435583293438,0.17502394318580627,https://wandb.ai/ememchijioke-university-of-klagenfurt/single-uav-rl-baseline/runs/sjth3aqr
2026-05-08T09:36:03.600267,1162,3,4044.0101648828236,1,LAND_B,4,0,1.0,0.13711263239383698,0.17999045550823212,0.11136157065629959,0.2622133493423462,0.014461074955761433,0,1,2.1111819744110107,0.006322103552520275,0.17999045550823212,https://wandb.ai/ememchijioke-university-of-klagenfurt/single-uav-rl-baseline/runs/sjth3aqr
2026-05-08T09:36:07.383843,1163,3,3797.365962009765,1,LAND_B,4,0,1.0,0.14585265517234802,0.1792077273130417,0.12247094511985779,0.26370590925216675,0.009760517627000809,0,1,2.1223409175872803,-0.0056420438922941685,0.1792077273130417,https://wandb.ai/ememchijioke-university-of-klagenfurt/single-uav-rl-baseline/runs/sjth3aqr
2026-05-08T09:36:11.387361,1164,3,3782.8224189138396,1,LAND_B,4,0,1.0,0.14414756000041962,0.17892442643642426,0.12062111496925354,0.26064643263816833,0.0023208048660308123,0,1,2.1206130981445312,-0.001390710356645286,0.17892442643642426,https://wandb.ai/ememchijioke-university-of-klagenfurt/single-uav-rl-baseline/runs/sjth3aqr
2026-05-08T09:36:15.025239,1165,3,3583.337443760048,1,LAND_B,4,0,1.0,0.143586203455925,0.1789872646331787,0.11990834027528763,0.26367536187171936,0.016063077375292778,0,1,2.1195242404937744,0.009589837864041328,0.1789872646331787,https://wandb.ai/ememchijioke-university-of-klagenfurt/single-uav-rl-baseline/runs/sjth3aqr
2026-05-08T09:36:19.414906,1166,3,3857.143322353549,1,LAND_B,4,0,1.0,0.1374257355928421,0.1785680502653122,0.11275147646665573,0.26718828082084656,0.028994912281632423,0,1,2.112643241882324,0.004939116071909666,0.1785680502653122,https://wandb.ai/ememchijioke-university-of-klagenfurt/single-uav-rl-baseline/runs/sjth3aqr
2026-05-08T09:36:23.860782,1167,3,3691.8097511919063,1,LAND_B,4,0,1.0,0.13272862136363983,0.17858605086803436,0.10696316510438919,0.262919545173645,0.014562446624040604,0,1,2.1068222522735596,0.005488657392561436,0.17858605086803436,https://wandb.ai/ememchijioke-university-of-klagenfurt/single-uav-rl-baseline/runs/sjth3aqr
2026-05-08T09:36:27.850704,1168,3,3674.866582075464,1,LAND_B,4,0,1.0,0.14712879061698914,0.17867183685302734,0.12432869523763657,0.26367121934890747,0.018547482788562775,0,1,2.1243252754211426,0.0009216752951033413,0.17867183685302734,https://wandb.ai/ememchijioke-university-of-klagenfurt/single-uav-rl-baseline/runs/sjth3aqr
2026-05-08T09:36:32.283878,1169,3,3626.8781829985064,1,LAND_B,4,0,1.0,0.13669636845588684,0.17877523601055145,0.11171552538871765,0.26472172141075134,0.005787635687738657,0,1,2.1115574836730957,-0.0059402380138635635,0.17877523601055145,https://wandb.ai/ememchijioke-university-of-klagenfurt/single-uav-rl-baseline/runs/sjth3aqr
2026-05-08T09:36:36.715620,1170,3,3865.2593501360843,1,LAND_B,4,0,1.0,0.14605985581874847,0.1785491406917572,0.12314021587371826,0.2636716663837433,0.00688590295612812,0,1,2.123131036758423,-0.0015032606897875667,0.1785491406917572,https://wandb.ai/ememchijioke-university-of-klagenfurt/single-uav-rl-baseline/runs/sjth3aqr
2026-05-08T09:36:40.333107,1171,3,3916.8507947188564,1,LAND_B,4,0,1.0,0.14180129766464233,0.17872637510299683,0.11793967336416245,0.26583290100097656,0.016435323283076286,0,1,2.11788010597229,0.0037480094470083714,0.17872637510299683,https://wandb.ai/ememchijioke-university-of-klagenfurt/single-uav-rl-baseline/runs/sjth3aqr
2026-05-08T09:36:44.518979,1172,3,3700.263787398844,1,LAND_B,4,0,1.0,0.13274526596069336,0.17842203378677368,0.1071041151881218,0.2628762423992157,0.022031130269169807,0,1,2.1069178581237793,0.006313744466751814,0.17842203378677368,https://wandb.ai/ememchijioke-university-of-klagenfurt/single-uav-rl-baseline/runs/sjth3aqr
2026-05-08T09:36:49.272318,1173,3,3872.834711548925,1,LAND_B,4,0,1.0,0.1365315467119217,0.1782531887292862,0.11188074201345444,0.26468372344970703,0.017859581857919693,0,1,2.111815929412842,0.0038076520431786776,0.1782531887292862,https://wandb.ai/ememchijioke-university-of-klagenfurt/single-uav-rl-baseline/runs/sjth3aqr
2026-05-08T09:36:53.398476,1174,3,3688.359262954123,1,LAND_B,4,0,1.0,0.14189058542251587,0.1783379316329956,0.11830513924360275,0.26518434286117554,0.015555428341031075,0,1,2.1182796955108643,-0.0024533895775675774,0.1783379316329956,https://wandb.ai/ememchijioke-university-of-klagenfurt/single-uav-rl-baseline/runs/sjth3aqr
2026-05-08T09:36:58.128862,1175,3,3882.812491017622,1,LAND_B,4,0,1.0,0.1361597776412964,0.17725853621959686,0.11211871355772018,0.2686789631843567,0.0018573205452412367,0,1,2.1121106147766113,0.0013475349405780435,0.17725853621959686,https://wandb.ai/ememchijioke-university-of-klagenfurt/single-uav-rl-baseline/runs/sjth3aqr
2026-05-08T09:37:01.813924,1176,3,3856.4291155678093,1,LAND_B,4,0,1.0,0.1379232108592987,0.17873120307922363,0.11324403434991837,0.26607415080070496,0.0024045445024967194,0,1,2.113218069076538,0.002424909733235836,0.17873120307922363,https://wandb.ai/ememchijioke-university-of-klagenfurt/single-uav-rl-baseline/runs/sjth3aqr
2026-05-08T09:37:06.558096,1177,3,3652.716337749494,1,LAND_B,4,0,1.0,0.13864506781101227,0.17773346602916718,0.11480401456356049,0.2629862129688263,0.007099526468664408,0,1,2.1147420406341553,0.0037718426901847124,0.17773346602916718,https://wandb.ai/ememchijioke-university-of-klagenfurt/single-uav-rl-baseline/runs/sjth3aqr
2026-05-08T09:37:10.320785,1178,3,4017.501526081689,1,LAND_B,4,0,1.0,0.1387518048286438,0.17692561447620392,0.11547515541315079,0.26775458455085754,0.008273945190012455,0,1,2.115169048309326,0.008402498438954353,0.17692561447620392,https://wandb.ai/ememchijioke-university-of-klagenfurt/single-uav-rl-baseline/runs/sjth3aqr
2026-05-08T09:37:14.228665,1179,3,3925.48574102329,1,LAND_B,4,0,1.0,0.14869754016399384,0.17723135650157928,0.12706799805164337,0.2623913288116455,0.0061425380408763885,0,1,2.127018690109253,-0.0035396015737205744,0.17723135650157928,https://wandb.ai/ememchijioke-university-of-klagenfurt/single-uav-rl-baseline/runs/sjth3aqr
2026-05-08T09:37:18.633577,1180,3,3718.3657538806447,1,LAND_B,4,0,1.0,0.14337901771068573,0.17783649265766144,0.12041189521551132,0.267634779214859,0.007784005254507065,0,1,2.1203243732452393,0.004590162076056004,0.17783649265766144,https://wandb.ai/ememchijioke-university-of-klagenfurt/single-uav-rl-baseline/runs/sjth3aqr
2026-05-08T09:37:23.024935,1181,3,3824.610607917031,1,LAND_B,4,0,1.0,0.13788975775241852,0.17769071459770203,0.11391987651586533,0.26148200035095215,0.0056032175198197365,0,1,2.1139185428619385,0.0005522147403098643,0.17769071459770203,https://wandb.ai/ememchijioke-university-of-klagenfurt/single-uav-rl-baseline/runs/sjth3aqr
2026-05-08T09:37:27.601480,1182,3,3742.599071571513,1,LAND_B,4,0,1.0,0.13908718526363373,0.1780325174331665,0.11513545364141464,0.26525238156318665,0.010543161071836948,0,1,2.1150691509246826,0.003906833007931709,0.1780325174331665,https://wandb.ai/ememchijioke-university-of-klagenfurt/single-uav-rl-baseline/runs/sjth3aqr
2026-05-08T09:37:31.709595,1183,3,4720.66464068015,1,LAND_B,4,0,1.0,0.1317405253648758,0.1770683079957962,0.10684587806463242,0.26400184631347656,0.017640257254242897,0,1,2.10674786567688,0.004575350787490606,0.1770683079957962,https://wandb.ai/ememchijioke-university-of-klagenfurt/single-uav-rl-baseline/runs/sjth3aqr
2026-05-08T09:37:36.047394,1184,3,4231.935423834279,1,LAND_B,4,0,1.0,0.14129462838172913,0.17786844074726105,0.11790114641189575,0.2649823725223541,0.010350054129958153,0,1,2.117807149887085,-0.004706926643848419,0.17786844074726105,https://wandb.ai/ememchijioke-university-of-klagenfurt/single-uav-rl-baseline/runs/sjth3aqr
2026-05-08T09:37:39.928140,1185,3,4108.654347531724,1,LAND_B,4,0,1.0,0.14162807166576385,0.1778993159532547,0.11828020215034485,0.2635011076927185,0.00827175285667181,0,1,2.1182687282562256,-0.0016474175499752164,0.1778993159532547,https://wandb.ai/ememchijioke-university-of-klagenfurt/single-uav-rl-baseline/runs/sjth3aqr
2026-05-08T09:37:44.473582,1186,3,4710.024206414306,1,LAND_B,4,0,1.0,0.12961266934871674,0.1773894876241684,0.10397264361381531,0.2588525712490082,0.00867176428437233,0,1,2.103966236114502,-0.0011540355626493692,0.1773894876241684,https://wandb.ai/ememchijioke-university-of-klagenfurt/single-uav-rl-baseline/runs/sjth3aqr
2026-05-08T09:37:49.293301,1187,3,3980.8315192302734,1,LAND_B,4,0,1.0,0.13161666691303253,0.17689384520053864,0.10681893676519394,0.2653093636035919,0.006242408882826567,0,1,2.1066699028015137,-0.005640716757625341,0.17689384520053864,https://wandb.ai/ememchijioke-university-of-klagenfurt/single-uav-rl-baseline/runs/sjth3aqr
2026-05-08T09:37:54.054134,1188,3,3670.6550483285378,1,LAND_B,4,0,1.0,0.136414036154747,0.17716771364212036,0.11248970031738281,0.267421156167984,0.0069589754566550255,0,1,2.1123437881469727,0.005727616138756275,0.17716771364212036,https://wandb.ai/ememchijioke-university-of-klagenfurt/single-uav-rl-baseline/runs/sjth3aqr
2026-05-08T09:38:00.442412,1189,3,3750.0328917861207,1,LAND_B,4,0,1.0,0.13644656538963318,0.17643529176712036,0.11302793025970459,0.2632342576980591,0.005589935462921858,0,1,2.1128439903259277,0.006445661187171936,0.17643529176712036,https://wandb.ai/ememchijioke-university-of-klagenfurt/single-uav-rl-baseline/runs/sjth3aqr
2026-05-08T09:38:04.598174,1190,3,3936.119981723155,1,LAND_B,4,0,1.0,0.13965687155723572,0.17720109224319458,0.11637882888317108,0.2626487612724304,0.016569919884204865,0,1,2.115795135498047,0.011641238816082478,0.17720109224319458,https://wandb.ai/ememchijioke-university-of-klagenfurt/single-uav-rl-baseline/runs/sjth3aqr
2026-05-08T09:38:09.940377,1191,3,4648.744479437113,1,LAND_B,4,0,1.0,0.12901359796524048,0.17717325687408447,0.10338663309812546,0.26508858799934387,0.018475696444511414,0,1,2.1033217906951904,-0.003661180380731821,0.17717325687408447,https://wandb.ai/ememchijioke-university-of-klagenfurt/single-uav-rl-baseline/runs/sjth3aqr
2026-05-08T09:38:14.643231,1192,3,3964.807517679148,1,LAND_B,4,0,1.0,0.13910742104053497,0.17726817727088928,0.11567413061857224,0.2651766538619995,0.015996502712368965,0,1,2.1156716346740723,-0.0007604765705764294,0.17726817727088928,https://wandb.ai/ememchijioke-university-of-klagenfurt/single-uav-rl-baseline/runs/sjth3aqr
2026-05-08T09:38:17.978285,1193,3,3778.373479324733,1,LAND_B,4,0,1.0,0.1387111246585846,0.17680640518665314,0.1155056431889534,0.2651037573814392,0.01868765614926815,0,1,2.1154897212982178,-0.0019178922520950437,0.17680640518665314,https://wandb.ai/ememchijioke-university-of-klagenfurt/single-uav-rl-baseline/runs/sjth3aqr
2026-05-08T09:38:22.495043,1194,3,4223.623772939806,1,LAND_B,4,0,1.0,0.13690607249736786,0.1774897277355194,0.11286547034978867,0.26518556475639343,0.013606749475002289,0,1,2.1128475666046143,0.002010323340073228,0.1774897277355194,https://wandb.ai/ememchijioke-university-of-klagenfurt/single-uav-rl-baseline/runs/sjth3aqr
2026-05-08T09:38:26.158623,1195,3,3772.7071542648764,1,LAND_B,4,0,1.0,0.14570894837379456,0.1769832819700241,0.12371205538511276,0.2644402086734772,0.01921396516263485,0,1,2.123666763305664,0.0033472466748207808,0.1769832819700241,https://wandb.ai/ememchijioke-university-of-klagenfurt/single-uav-rl-baseline/runs/sjth3aqr
2026-05-08T09:38:29.608556,1196,3,3842.803399160858,1,LAND_B,4,0,1.0,0.13306961953639984,0.1771945357322693,0.10839062184095383,0.2677077651023865,0.02613193914294243,0,1,2.1082165241241455,0.006140860263258219,0.1771945357322693,https://wandb.ai/ememchijioke-university-of-klagenfurt/single-uav-rl-baseline/runs/sjth3aqr
2026-05-08T09:38:33.051314,1197,3,3846.570653140749,1,LAND_B,4,0,1.0,0.13951237499713898,0.17658545076847076,0.11661205440759659,0.2650502920150757,0.0032106549479067326,0,1,2.1165881156921387,0.002362567698583007,0.17658545076847076,https://wandb.ai/ememchijioke-university-of-klagenfurt/single-uav-rl-baseline/runs/sjth3aqr
2026-05-08T09:38:36.812128,1198,3,4048.549574106009,1,LAND_B,4,0,1.0,0.1351456195116043,0.17612148821353912,0.11166850477457047,0.263126939535141,0.004624065477401018,0,1,2.1116490364074707,-0.0020849595312029123,0.17612148821353912,https://wandb.ai/ememchijioke-university-of-klagenfurt/single-uav-rl-baseline/runs/sjth3aqr
2026-05-08T09:38:41.611279,1199,3,3466.2781460915194,1,LAND_B,4,0,1.0,0.14376474916934967,0.17707358300685883,0.12135882675647736,0.2661750912666321,0.013486213982105255,0,1,2.1213490962982178,0.0015366696752607822,0.17707358300685883,https://wandb.ai/ememchijioke-university-of-klagenfurt/single-uav-rl-baseline/runs/sjth3aqr
2026-05-08T09:38:45.216397,1200,3,4692.940171548585,1,LAND_B,4,0,1.0,0.1250409334897995,0.1754072904586792,0.09974455833435059,0.2646554112434387,0.02598555013537407,0,1,2.099741220474243,-0.0008154695387929678,0.1754072904586792,https://wandb.ai/ememchijioke-university-of-klagenfurt/single-uav-rl-baseline/runs/sjth3aqr
2026-05-08T09:38:49.064662,1201,3,4205.709842882401,1,LAND_B,4,0,1.0,0.13830266892910004,0.17658326029777527,0.11516351252794266,0.2679319381713867,0.008914354257285595,0,1,2.114708185195923,0.010230682790279388,0.17658326029777527,https://wandb.ai/ememchijioke-university-of-klagenfurt/single-uav-rl-baseline/runs/sjth3aqr
2026-05-08T09:38:52.822806,1202,3,4152.252331955369,1,LAND_B,4,0,1.0,0.1424582600593567,0.17600105702877045,0.12049147486686707,0.2697780728340149,0.012894215062260628,0,1,2.1201839447021484,0.008603191003203392,0.17600105702877045,https://wandb.ai/ememchijioke-university-of-klagenfurt/single-uav-rl-baseline/runs/sjth3aqr
2026-05-08T09:38:56.450225,1203,3,4054.221248781058,1,LAND_B,4,0,1.0,0.14155448973178864,0.17652054131031036,0.11908937245607376,0.26867085695266724,0.008021772839128971,0,1,2.118953227996826,0.00569269759580493,0.17652054131031036,https://wandb.ai/ememchijioke-university-of-klagenfurt/single-uav-rl-baseline/runs/sjth3aqr
2026-05-08T09:39:01.373964,1204,3,3987.555196151678,1,LAND_B,4,0,1.0,0.1445755958557129,0.17680269479751587,0.12248855829238892,0.2629105746746063,0.022155219689011574,0,1,2.1219348907470703,0.01163313165307045,0.17680269479751587,https://wandb.ai/ememchijioke-university-of-klagenfurt/single-uav-rl-baseline/runs/sjth3aqr
2026-05-08T09:39:05.018570,1205,3,3622.5574433771567,1,LAND_B,4,0,1.0,0.14166247844696045,0.17584137618541718,0.11965092271566391,0.2674267590045929,0.013386108912527561,0,1,2.1196296215057373,-0.0022575566545128822,0.17584137618541718,https://wandb.ai/ememchijioke-university-of-klagenfurt/single-uav-rl-baseline/runs/sjth3aqr
2026-05-08T09:39:08.582979,1206,3,3927.1607288644636,1,LAND_B,4,0,1.0,0.13571207225322723,0.17653533816337585,0.11207189410924911,0.2680445909500122,0.010127412155270576,0,1,2.112056016921997,-0.0018864346202462912,0.17653533816337585,https://wandb.ai/ememchijioke-university-of-klagenfurt/single-uav-rl-baseline/runs/sjth3aqr
2026-05-08T09:39:11.862377,1207,3,3702.8316591669463,1,LAND_B,4,0,1.0,0.13265909254550934,0.1758977174758911,0.1088024452328682,0.26456812024116516,0.013065609149634838,0,1,2.108795166015625,-0.0012585542863234878,0.1758977174758911,https://wandb.ai/ememchijioke-university-of-klagenfurt/single-uav-rl-baseline/runs/sjth3aqr
2026-05-08T09:39:15.472770,1208,3,3930.7397211495977,1,LAND_B,4,0,1.0,0.13481061160564423,0.17659567296504974,0.11093693971633911,0.26978814601898193,0.013828950934112072,0,1,2.1108570098876953,-0.004210528451949358,0.17659567296504974,https://wandb.ai/ememchijioke-university-of-klagenfurt/single-uav-rl-baseline/runs/sjth3aqr
2026-05-08T09:39:20.067197,1209,3,3872.4820135386353,1,LAND_B,4,0,1.0,0.14111703634262085,0.17687347531318665,0.11834055930376053,0.26400336623191833,0.014671910554170609,0,1,2.11822509765625,0.0052262875251472,0.17687347531318665,https://wandb.ai/ememchijioke-university-of-klagenfurt/single-uav-rl-baseline/runs/sjth3aqr
2026-05-08T09:39:24.403072,1210,3,3787.3842399871014,1,LAND_B,4,0,1.0,0.14127549529075623,0.17633719742298126,0.11887555569410324,0.26533207297325134,0.011967167258262634,0,1,2.1187095642089844,0.006279860623180866,0.17633719742298126,https://wandb.ai/ememchijioke-university-of-klagenfurt/single-uav-rl-baseline/runs/sjth3aqr
2026-05-08T09:39:27.716699,1211,3,3492.2035630644327,1,LAND_B,4,0,1.0,0.14070378243923187,0.17591048777103424,0.11847005784511566,0.2751361131668091,0.012375213205814362,0,1,2.11846661567688,0.0009026597253978252,0.17591048777103424,https://wandb.ai/ememchijioke-university-of-klagenfurt/single-uav-rl-baseline/runs/sjth3aqr
2026-05-08T09:39:31.255844,1212,3,3862.7279926954166,1,LAND_B,4,0,1.0,0.13904307782649994,0.1758788377046585,0.1165134385228157,0.2662409842014313,0.03331472724676132,0,1,2.115945816040039,0.011486882343888283,0.1758788377046585,https://wandb.ai/ememchijioke-university-of-klagenfurt/single-uav-rl-baseline/runs/sjth3aqr
2026-05-08T09:39:35.018367,1213,3,3682.846318312724,1,LAND_B,4,0,1.0,0.13904529809951782,0.17594772577285767,0.11647118628025055,0.26557135581970215,0.004616002086549997,0,1,2.1164183616638184,-0.0035073698963969946,0.17594772577285767,https://wandb.ai/ememchijioke-university-of-klagenfurt/single-uav-rl-baseline/runs/sjth3aqr
2026-05-08T09:39:39.935567,1214,3,3909.145557550396,1,LAND_B,4,0,1.0,0.14412975311279297,0.17596504092216492,0.12248549610376358,0.265869140625,0.006341632921248674,0,1,2.122133493423462,0.009279351681470871,0.17596504092216492,https://wandb.ai/ememchijioke-university-of-klagenfurt/single-uav-rl-baseline/runs/sjth3aqr
2026-05-08T09:39:43.307697,1215,3,3684.9544575848754,1,LAND_B,4,0,1.0,0.13272038102149963,0.1758752316236496,0.10889282077550888,0.26973822712898254,0.01608518697321415,0,1,2.1087989807128906,0.0045198253355920315,0.1758752316236496,https://wandb.ai/ememchijioke-university-of-klagenfurt/single-uav-rl-baseline/runs/sjth3aqr
2026-05-08T09:39:48.002303,1216,3,4242.275909901013,1,LAND_B,4,0,1.0,0.1356705278158188,0.1765424609184265,0.1120167225599289,0.2658332288265228,0.018929701298475266,0,1,2.112011194229126,0.0011127489851787686,0.1765424609184265,https://wandb.ai/ememchijioke-university-of-klagenfurt/single-uav-rl-baseline/runs/sjth3aqr
2026-05-08T09:39:52.928432,1217,3,3629.515214795648,1,LAND_B,4,0,1.0,0.1361163854598999,0.1757422685623169,0.11309632658958435,0.26975998282432556,0.0166311152279377,0,1,2.1128883361816406,0.006855831015855074,0.1757422685623169,https://wandb.ai/ememchijioke-university-of-klagenfurt/single-uav-rl-baseline/runs/sjth3aqr
2026-05-08T09:39:57.982885,1218,3,3879.728758135116,1,LAND_B,4,0,1.0,0.144476518034935,0.17635709047317505,0.1226501390337944,0.26783865690231323,0.022763527929782867,0,1,2.122486114501953,0.006341071799397469,0.17635709047317505,https://wandb.ai/ememchijioke-university-of-klagenfurt/single-uav-rl-baseline/runs/sjth3aqr
2026-05-08T09:40:02.840189,1219,3,3641.297562046004,1,LAND_B,4,0,1.0,0.14095298945903778,0.17556247115135193,0.11898764222860336,0.26571351289749146,0.003627039724960923,0,1,2.1189727783203125,0.0018810193287208676,0.17556247115135193,https://wandb.ai/ememchijioke-university-of-klagenfurt/single-uav-rl-baseline/runs/sjth3aqr
2026-05-08T09:40:07.623465,1220,3,3809.62306236567,1,LAND_B,4,0,1.0,0.1396639198064804,0.17547273635864258,0.11751542240381241,0.2652586102485657,0.014904933050274849,0,1,2.1175146102905273,0.0004373087140265852,0.17547273635864258,https://wandb.ai/ememchijioke-university-of-klagenfurt/single-uav-rl-baseline/runs/sjth3aqr
2026-05-08T09:40:12.433942,1221,3,4188.067811029521,1,LAND_B,4,0,1.0,0.13671864569187164,0.1758909970521927,0.1137213483452797,0.2646397650241852,0.02685418911278248,0,1,2.1134603023529053,0.007700996473431587,0.1758909970521927,https://wandb.ai/ememchijioke-university-of-klagenfurt/single-uav-rl-baseline/runs/sjth3aqr
2026-05-08T09:40:17.411179,1222,3,3666.4710935560124,1,LAND_B,4,0,1.0,0.14629746973514557,0.1755020022392273,0.12530919909477234,0.27110883593559265,0.005403344519436359,0,1,2.125134229660034,0.00661961967125535,0.1755020022392273,https://wandb.ai/ememchijioke-university-of-klagenfurt/single-uav-rl-baseline/runs/sjth3aqr
2026-05-08T09:40:21.093718,1223,3,4732.744723590469,1,LAND_B,4,0,1.0,0.1296226680278778,0.1756191998720169,0.10527949780225754,0.26157650351524353,0.018565021455287933,0,1,2.1052606105804443,-0.0019941143691539764,0.1756191998720169,https://wandb.ai/ememchijioke-university-of-klagenfurt/single-uav-rl-baseline/runs/sjth3aqr
2026-05-08T09:40:24.494476,1224,3,4238.357220075427,1,LAND_B,4,0,1.0,0.13784700632095337,0.1761309653520584,0.11491681635379791,0.26468321681022644,0.018988708034157753,0,1,2.114874839782715,0.0031057691667228937,0.1761309653520584,https://wandb.ai/ememchijioke-university-of-klagenfurt/single-uav-rl-baseline/runs/sjth3aqr
2026-05-08T09:40:28.081266,1225,3,3802.949611082672,1,LAND_B,4,0,1.0,0.13510605692863464,0.17655536532402039,0.11132349818944931,0.2690576910972595,0.01745442859828472,0,1,2.1109485626220703,0.009128892794251442,0.17655536532402039,https://wandb.ai/ememchijioke-university-of-klagenfurt/single-uav-rl-baseline/runs/sjth3aqr
2026-05-08T09:40:31.999233,1226,3,4685.464834573356,1,LAND_B,4,0,1.0,0.12785154581069946,0.1764771193265915,0.10245618969202042,0.26310959458351135,0.018397333100438118,0,1,2.1017403602600098,0.012090031988918781,0.1764771193265915,https://wandb.ai/ememchijioke-university-of-klagenfurt/single-uav-rl-baseline/runs/sjth3aqr
2026-05-08T09:40:35.568092,1227,3,4128.799926055241,1,LAND_B,4,0,1.0,0.1445360779762268,0.176766037940979,0.12246491014957428,0.2704256474971771,0.006938622333109379,0,1,2.122058153152466,0.009973048232495785,0.176766037940979,https://wandb.ai/ememchijioke-university-of-klagenfurt/single-uav-rl-baseline/runs/sjth3aqr
2026-05-08T09:40:38.942832,1228,3,4175.691610803149,1,LAND_B,4,0,1.0,0.1359272301197052,0.17747098207473755,0.11168910562992096,0.26633909344673157,0.020491961389780045,0,1,2.1116886138916016,0.00033152010291814804,0.17747098207473755,https://wandb.ai/ememchijioke-university-of-klagenfurt/single-uav-rl-baseline/runs/sjth3aqr
2026-05-08T09:40:42.377390,1229,3,4235.575484075386,1,LAND_B,4,0,1.0,0.14688706398010254,0.17751717567443848,0.12476737052202225,0.2653084695339203,0.019848564639687538,0,1,2.1247317790985107,0.0029801451601088047,0.17751717567443848,https://wandb.ai/ememchijioke-university-of-klagenfurt/single-uav-rl-baseline/runs/sjth3aqr
2026-05-08T09:40:46.812577,1230,3,3797.9620329780264,1,LAND_B,4,0,1.0,0.1431056261062622,0.17641644179821014,0.12099482119083405,0.26132944226264954,0.015586016699671745,0,1,2.1207377910614014,0.007882487028837204,0.17641644179821014,https://wandb.ai/ememchijioke-university-of-klagenfurt/single-uav-rl-baseline/runs/sjth3aqr
2026-05-08T09:40:50.307941,1231,3,3785.5548335805047,1,LAND_B,4,0,1.0,0.14583292603492737,0.17724205553531647,0.12369683384895325,0.27203133702278137,0.021966254338622093,0,1,2.123448610305786,0.007832511328160763,0.17724205553531647,https://wandb.ai/ememchijioke-university-of-klagenfurt/single-uav-rl-baseline/runs/sjth3aqr
2026-05-08T09:40:53.627078,1232,3,4137.377594432063,1,LAND_B,4,0,1.0,0.14479809999465942,0.1772799789905548,0.12245118618011475,0.26379477977752686,0.03213007003068924,0,1,2.1215150356292725,0.015112551860511303,0.1772799789905548,https://wandb.ai/ememchijioke-university-of-klagenfurt/single-uav-rl-baseline/runs/sjth3aqr
2026-05-08T09:40:58.328098,1233,3,3647.663219209956,1,LAND_B,4,0,1.0,0.1353498250246048,0.17725791037082672,0.1111341193318367,0.2652605175971985,0.020479409024119377,0,1,2.110835075378418,0.008147363550961018,0.17725791037082672,https://wandb.ai/ememchijioke-university-of-klagenfurt/single-uav-rl-baseline/runs/sjth3aqr
2026-05-08T09:41:01.843726,1234,3,3820.5729052330175,1,LAND_B,4,0,1.0,0.13954369723796844,0.1770327240228653,0.11635465174913406,0.26628947257995605,0.009970182552933693,0,1,2.116354465484619,-0.00020626402692869306,0.1770327240228653,https://wandb.ai/ememchijioke-university-of-klagenfurt/single-uav-rl-baseline/runs/sjth3aqr
2026-05-08T09:41:06.549258,1235,3,4235.8441881632,1,LAND_B,4,0,1.0,0.13718880712985992,0.17715159058570862,0.11343897134065628,0.26376843452453613,0.03184384107589722,0,1,2.113426685333252,0.0016692965291440487,0.17715159058570862,https://wandb.ai/ememchijioke-university-of-klagenfurt/single-uav-rl-baseline/runs/sjth3aqr
2026-05-08T09:41:11.108935,1236,3,3654.3831620108326,1,LAND_B,4,0,1.0,0.13467101752758026,0.1770426332950592,0.11045684665441513,0.2641870081424713,0.01151923555880785,0,1,2.110379219055176,0.004140356555581093,0.1770426332950592,https://wandb.ai/ememchijioke-university-of-klagenfurt/single-uav-rl-baseline/runs/sjth3aqr
2026-05-08T09:41:15.606462,1237,3,3666.217622745449,1,LAND_B,4,0,1.0,0.13386458158493042,0.17631861567497253,0.10997814685106277,0.2727724611759186,0.011753507889807224,0,1,2.1099159717559814,-0.003697661217302084,0.17631861567497253,https://wandb.ai/ememchijioke-university-of-klagenfurt/single-uav-rl-baseline/runs/sjth3aqr
2026-05-08T09:41:20.145498,1238,3,3755.01864550405,1,LAND_B,4,0,1.0,0.14287713170051575,0.17708219587802887,0.12030050158500671,0.26467710733413696,0.004965187516063452,0,1,2.120216131210327,0.00450477097183466,0.17708219587802887,https://wandb.ai/ememchijioke-university-of-klagenfurt/single-uav-rl-baseline/runs/sjth3aqr
2026-05-08T09:41:25.128929,1239,3,3703.2079689328,1,LAND_B,4,0,1.0,0.13949820399284363,0.17696653306484222,0.1163439005613327,0.26536935567855835,0.022817611694335938,0,1,2.1162705421447754,0.0041307853534817696,0.17696653306484222,https://wandb.ai/ememchijioke-university-of-klagenfurt/single-uav-rl-baseline/runs/sjth3aqr
2026-05-08T09:41:28.671204,1240,3,4687.330633187118,1,LAND_B,4,0,1.0,0.12637630105018616,0.1768937110900879,0.10029121488332748,0.26821839809417725,0.014179431833326817,0,1,2.100228786468506,0.003538029035553336,0.1768937110900879,https://wandb.ai/ememchijioke-university-of-klagenfurt/single-uav-rl-baseline/runs/sjth3aqr
2026-05-08T09:41:32.105337,1241,3,4221.624681881397,1,LAND_B,4,0,1.0,0.13670003414154053,0.1773303598165512,0.11272495985031128,0.2640138864517212,0.009568698704242706,0,1,2.1126394271850586,0.004390436690300703,0.1773303598165512,https://wandb.ai/ememchijioke-university-of-klagenfurt/single-uav-rl-baseline/runs/sjth3aqr
2026-05-08T09:41:35.869056,1242,3,3878.516052781387,1,LAND_B,4,0,1.0,0.14080287516117096,0.17689652740955353,0.11795073747634888,0.26342594623565674,0.025103360414505005,0,1,2.1176939010620117,0.0077795968391001225,0.17689652740955353,https://wandb.ai/ememchijioke-university-of-klagenfurt/single-uav-rl-baseline/runs/sjth3aqr
2026-05-08T09:41:40.367359,1243,3,3823.941750732072,1,LAND_B,4,0,1.0,0.13936878740787506,0.17702984809875488,0.11614672839641571,0.2612088918685913,0.015034731477499008,0,1,2.1160991191864014,-0.003325345693156123,0.17702984809875488,https://wandb.ai/ememchijioke-university-of-klagenfurt/single-uav-rl-baseline/runs/sjth3aqr
2026-05-08T09:41:45.323608,1244,3,3681.8281360181754,1,LAND_B,4,0,1.0,0.13506783545017242,0.17602497339248657,0.11164016276597977,0.26841679215431213,0.005717722699046135,0,1,2.1115307807922363,0.0049407691694796085,0.17602497339248657,https://wandb.ai/ememchijioke-university-of-klagenfurt/single-uav-rl-baseline/runs/sjth3aqr
2026-05-08T09:41:49.394882,1245,3,4697.113823078756,1,LAND_B,4,0,1.0,0.13041214644908905,0.17688189446926117,0.10533992946147919,0.2719298303127289,0.013546071015298367,0,1,2.105335235595703,0.0009947038488462567,0.17688189446926117,https://wandb.ai/ememchijioke-university-of-klagenfurt/single-uav-rl-baseline/runs/sjth3aqr
2026-05-08T09:41:53.377036,1246,3,4222.000522606659,1,LAND_B,4,0,1.0,0.1353488564491272,0.17686112225055695,0.11140771955251694,0.26534995436668396,0.002919859252870083,0,1,2.1112210750579834,0.00644611706957221,0.17686112225055695,https://wandb.ai/ememchijioke-university-of-klagenfurt/single-uav-rl-baseline/runs/sjth3aqr
2026-05-08T09:41:56.627881,1247,3,4174.929134408535,1,LAND_B,4,0,1.0,0.14091096818447113,0.17711950838565826,0.1179342269897461,0.2723854184150696,0.011129723861813545,0,1,2.1179051399230957,0.0026192376390099525,0.17711950838565826,https://wandb.ai/ememchijioke-university-of-klagenfurt/single-uav-rl-baseline/runs/sjth3aqr
2026-05-08T09:41:59.826864,1248,3,3936.9284439654243,1,LAND_B,4,0,1.0,0.13713574409484863,0.17785172164440155,0.1128951758146286,0.26837995648384094,0.00826265849173069,0,1,2.112764358520508,0.005433243699371815,0.17785172164440155,https://wandb.ai/ememchijioke-university-of-klagenfurt/single-uav-rl-baseline/runs/sjth3aqr
2026-05-08T09:42:03.292341,1249,3,3942.640636011193,1,LAND_B,4,0,1.0,0.14729516208171844,0.17739100754261017,0.12532557547092438,0.2643279433250427,0.012209584005177021,0,1,2.1250154972076416,0.00881044752895832,0.17739100754261017,https://wandb.ai/ememchijioke-university-of-klagenfurt/single-uav-rl-baseline/runs/sjth3aqr
2026-05-08T09:42:06.939640,1250,3,4154.356804849268,1,LAND_B,4,0,1.0,0.13850972056388855,0.1766504943370819,0.11536742746829987,0.26764729619026184,0.008824209682643414,0,1,2.1153674125671387,-5.563825470744632e-05,0.1766504943370819,https://wandb.ai/ememchijioke-university-of-klagenfurt/single-uav-rl-baseline/runs/sjth3aqr
2026-05-08T09:42:10.200584,1251,3,3675.2661638362338,1,LAND_B,4,0,1.0,0.14231963455677032,0.17754356563091278,0.11933932453393936,0.2635955214500427,0.00963941216468811,0,1,2.1193020343780518,-0.0029831789433956146,0.17754356563091278,https://wandb.ai/ememchijioke-university-of-klagenfurt/single-uav-rl-baseline/runs/sjth3aqr
2026-05-08T09:42:13.525080,1252,3,4225.547769782045,1,LAND_B,4,0,1.0,0.14526666700839996,0.17714780569076538,0.12308786064386368,0.2685111165046692,0.016242124140262604,0,1,2.1224679946899414,0.01233739871531725,0.17714780569076538,https://wandb.ai/ememchijioke-university-of-klagenfurt/single-uav-rl-baseline/runs/sjth3aqr
2026-05-08T09:42:17.044975,1253,3,4547.861857095626,1,LAND_B,4,0,1.0,0.13588377833366394,0.17721007764339447,0.11181684583425522,0.2612977921962738,0.013346058316528797,0,1,2.111813545227051,0.0008590377983637154,0.17721007764339447,https://wandb.ai/ememchijioke-university-of-klagenfurt/single-uav-rl-baseline/runs/sjth3aqr
2026-05-08T09:42:20.558918,1254,3,4224.956152165114,1,LAND_B,4,0,1.0,0.14463871717453003,0.17717666923999786,0.12232791632413864,0.264178067445755,0.03023017756640911,0,1,2.121851682662964,0.010783570818603039,0.17717666923999786,https://wandb.ai/ememchijioke-university-of-klagenfurt/single-uav-rl-baseline/runs/sjth3aqr
2026-05-08T09:42:24.591567,1255,3,3678.8406327891967,1,LAND_B,4,0,1.0,0.13543549180030823,0.17765791714191437,0.11095953732728958,0.26204022765159607,0.011153128929436207,0,1,2.110644817352295,0.008351312018930912,0.17765791714191437,https://wandb.ai/ememchijioke-university-of-klagenfurt/single-uav-rl-baseline/runs/sjth3aqr
2026-05-08T09:42:29.849382,1256,3,4623.878564874483,1,LAND_B,4,0,1.0,0.12669792771339417,0.1781574785709381,0.09971848130226135,0.2681918442249298,0.007826131768524647,0,1,2.09971022605896,0.0012827902100980282,0.1781574785709381,https://wandb.ai/ememchijioke-university-of-klagenfurt/single-uav-rl-baseline/runs/sjth3aqr
2026-05-08T09:42:33.101785,1257,3,4091.1153213667044,1,LAND_B,4,0,1.0,0.13699692487716675,0.17746604979038239,0.11299189925193787,0.26541274785995483,0.001475152326747775,0,1,2.1129846572875977,-0.0012791900662705302,0.17746604979038239,https://wandb.ai/ememchijioke-university-of-klagenfurt/single-uav-rl-baseline/runs/sjth3aqr
2026-05-08T09:42:37.930908,1258,3,4213.812895697987,1,LAND_B,4,0,1.0,0.14344564080238342,0.17748084664344788,0.12072020769119263,0.2695136070251465,0.01892816461622715,0,1,2.1206977367401123,0.002329174429178238,0.17748084664344788,https://wandb.ai/ememchijioke-university-of-klagenfurt/single-uav-rl-baseline/runs/sjth3aqr
2026-05-08T09:42:42.194155,1259,3,3679.6001050297104,1,LAND_B,4,0,1.0,0.13846264779567719,0.17760293185710907,0.11467209458351135,0.2712416648864746,0.00934775359928608,0,1,2.1146492958068848,0.002286310540512204,0.17760293185710907,https://wandb.ai/ememchijioke-university-of-klagenfurt/single-uav-rl-baseline/runs/sjth3aqr
2026-05-08T09:42:45.609809,1260,3,3794.3000870909113,1,LAND_B,4,0,1.0,0.1442936807870865,0.1780439019203186,0.12136644870042801,0.2666274905204773,0.007177924271672964,0,1,2.1213297843933105,-0.002983015263453126,0.1780439019203186,https://wandb.ai/ememchijioke-university-of-klagenfurt/single-uav-rl-baseline/runs/sjth3aqr
2026-05-08T09:42:50.180746,1261,3,3763.9737107781116,1,LAND_B,4,0,1.0,0.13914717733860016,0.17797932028770447,0.11524392664432526,0.2666383981704712,0.013612782582640648,0,1,2.1150617599487305,0.00647714314982295,0.17797932028770447,https://wandb.ai/ememchijioke-university-of-klagenfurt/single-uav-rl-baseline/runs/sjth3aqr
2026-05-08T09:42:53.757499,1262,3,3935.1986656713602,1,LAND_B,4,0,1.0,0.14476774632930756,0.17812083661556244,0.1218804195523262,0.2692473530769348,0.024030014872550964,0,1,2.1218364238739014,-0.00327443890273571,0.17812083661556244,https://wandb.ai/ememchijioke-university-of-klagenfurt/single-uav-rl-baseline/runs/sjth3aqr
2026-05-08T09:42:57.220341,1263,3,3819.9841991534286,1,LAND_B,4,0,1.0,0.14199338853359222,0.17744052410125732,0.11901716887950897,0.2649160325527191,0.011807388626039028,0,1,2.118860960006714,0.0060957204550504684,0.17744052410125732,https://wandb.ai/ememchijioke-university-of-klagenfurt/single-uav-rl-baseline/runs/sjth3aqr
2026-05-08T09:43:01.624870,1264,3,3925.3996548895643,1,LAND_B,4,0,1.0,0.13741426169872284,0.17794840037822723,0.11316681653261185,0.2665387988090515,0.015558900311589241,0,1,2.1130764484405518,0.004521561320871115,0.17794840037822723,https://wandb.ai/ememchijioke-university-of-klagenfurt/single-uav-rl-baseline/runs/sjth3aqr
2026-05-08T09:43:05.636158,1265,3,3622.825990900634,1,LAND_B,4,0,1.0,0.14121609926223755,0.17680442333221436,0.11850344389677048,0.27010613679885864,0.014197387732565403,0,1,2.1181559562683105,0.009068407118320465,0.17680442333221436,https://wandb.ai/ememchijioke-university-of-klagenfurt/single-uav-rl-baseline/runs/sjth3aqr
2026-05-08T09:43:09.397649,1266,3,3651.362647773743,1,LAND_B,4,0,1.0,0.13723810017108917,0.1780177503824234,0.11290494352579117,0.2637334167957306,0.015734512358903885,0,1,2.1126487255096436,0.007602079771459103,0.1780177503824234,https://wandb.ai/ememchijioke-university-of-klagenfurt/single-uav-rl-baseline/runs/sjth3aqr
2026-05-08T09:43:12.731674,1267,3,3766.861233341257,1,LAND_B,4,0,1.0,0.13549071550369263,0.1780777871608734,0.11073208600282669,0.2676338851451874,0.003379126312211156,0,1,2.1105449199676514,0.006435432005673647,0.1780777871608734,https://wandb.ai/ememchijioke-university-of-klagenfurt/single-uav-rl-baseline/runs/sjth3aqr
2026-05-08T09:43:17.146195,1268,3,4054.9055550181297,1,LAND_B,4,0,1.0,0.14109079539775848,0.17754638195037842,0.1178693026304245,0.25985196232795715,0.022966615855693817,0,1,2.1178159713745117,-0.0035453892778605223,0.17754638195037842,https://wandb.ai/ememchijioke-university-of-klagenfurt/single-uav-rl-baseline/runs/sjth3aqr
2026-05-08T09:43:21.782906,1269,3,3563.922254684875,1,LAND_B,4,0,1.0,0.13568203151226044,0.1775633841753006,0.11132625490427017,0.26963579654693604,0.01890476979315281,0,1,2.1113204956054688,-0.0011322501813992858,0.1775633841753006,https://wandb.ai/ememchijioke-university-of-klagenfurt/single-uav-rl-baseline/runs/sjth3aqr
2026-05-08T09:43:26.036538,1270,3,4651.86394971689,1,LAND_B,4,0,1.0,0.13629084825515747,0.177732452750206,0.11195026338100433,0.2614400088787079,0.01561796572059393,0,1,2.111941337585449,0.001413309364579618,0.177732452750206,https://wandb.ai/ememchijioke-university-of-klagenfurt/single-uav-rl-baseline/runs/sjth3aqr
2026-05-08T09:43:29.945397,1271,3,3963.220327702616,1,LAND_B,4,0,1.0,0.1340171843767166,0.17706143856048584,0.10964552313089371,0.2651262879371643,0.003121532965451479,0,1,2.109579563140869,-0.0038027481641620398,0.17706143856048584,https://wandb.ai/ememchijioke-university-of-klagenfurt/single-uav-rl-baseline/runs/sjth3aqr
2026-05-08T09:43:33.269380,1272,3,3721.944689227723,1,LAND_B,4,0,1.0,0.14379620552062988,0.17783436179161072,0.12090972065925598,0.2657240331172943,0.012963253073394299,0,1,2.1209065914154053,-0.0008694039424881339,0.17783436179161072,https://wandb.ai/ememchijioke-university-of-klagenfurt/single-uav-rl-baseline/runs/sjth3aqr
2026-05-08T09:43:36.652655,1273,3,4106.409215207192,1,LAND_B,4,0,1.0,0.1409178376197815,0.1777903437614441,0.11750105023384094,0.26760607957839966,0.020547524094581604,0,1,2.1175010204315186,8.600627188570797e-05,0.1777903437614441,https://wandb.ai/ememchijioke-university-of-klagenfurt/single-uav-rl-baseline/runs/sjth3aqr
2026-05-08T09:43:40.108802,1274,3,3815.333750846006,1,LAND_B,4,0,1.0,0.14281406998634338,0.17719265818595886,0.12015470117330551,0.26438310742378235,0.013172216713428497,0,1,2.120105028152466,0.0034546104725450277,0.17719265818595886,https://wandb.ai/ememchijioke-university-of-klagenfurt/single-uav-rl-baseline/runs/sjth3aqr
2026-05-08T09:43:43.753767,1275,3,4108.7810805171075,1,LAND_B,4,0,1.0,0.14267687499523163,0.1775137186050415,0.11978445202112198,0.265290230512619,0.03750767558813095,0,1,2.1196625232696533,0.005403346847742796,0.1775137186050415,https://wandb.ai/ememchijioke-university-of-klagenfurt/single-uav-rl-baseline/runs/sjth3aqr
2026-05-08T09:43:47.260845,1276,3,3683.580450140003,1,LAND_B,4,0,1.0,0.14177384972572327,0.17641939222812653,0.11941482871770859,0.266244500875473,0.014270452782511711,0,1,2.119410991668701,-0.0009571211412549019,0.17641939222812653,https://wandb.ai/ememchijioke-university-of-klagenfurt/single-uav-rl-baseline/runs/sjth3aqr
2026-05-08T09:43:52.756026,1277,3,4795.958836738813,1,LAND_B,4,0,1.0,0.12152266502380371,0.1759783923625946,0.09484219551086426,0.2701292335987091,0.007590613793581724,0,1,2.094041347503662,0.012299076654016972,0.1759783923625946,https://wandb.ai/ememchijioke-university-of-klagenfurt/single-uav-rl-baseline/runs/sjth3aqr
2026-05-08T09:43:56.239838,1278,3,4206.434532873589,1,LAND_B,4,0,1.0,0.13464133441448212,0.1765458881855011,0.11076559126377106,0.2641124725341797,0.013435441069304943,0,1,2.1106836795806885,0.004258972126990557,0.1765458881855011,https://wandb.ai/ememchijioke-university-of-klagenfurt/single-uav-rl-baseline/runs/sjth3aqr
2026-05-08T09:44:01.001255,1279,3,3510.871012840581,1,LAND_B,4,0,1.0,0.13466273248195648,0.17591220140457153,0.11122674494981766,0.2666546702384949,0.0045144204050302505,0,1,2.111185073852539,0.0030443703290075064,0.17591220140457153,https://wandb.ai/ememchijioke-university-of-klagenfurt/single-uav-rl-baseline/runs/sjth3aqr
2026-05-08T09:44:04.820927,1280,3,4738.042448907594,1,LAND_B,4,0,1.0,0.12780073285102844,0.176425039768219,0.10243164747953415,0.26448923349380493,0.0025587165728211403,0,1,2.1022939682006836,0.0053091105073690414,0.176425039768219,https://wandb.ai/ememchijioke-university-of-klagenfurt/single-uav-rl-baseline/runs/sjth3aqr
2026-05-08T09:44:09.569943,1281,3,4224.600721081834,1,LAND_B,4,0,1.0,0.13995899260044098,0.17590484023094177,0.11758815497159958,0.26275476813316345,0.009314820170402527,0,1,2.1175830364227295,-0.001097269356250763,0.17590484023094177,https://wandb.ai/ememchijioke-university-of-klagenfurt/single-uav-rl-baseline/runs/sjth3aqr
2026-05-08T09:44:13.827650,1282,3,3803.7505633871565,1,LAND_B,4,0,1.0,0.14057236909866333,0.17592781782150269,0.1183028295636177,0.2705300748348236,0.02340126223862171,0,1,2.1182827949523926,0.002177049173042178,0.17592781782150269,https://wandb.ai/ememchijioke-university-of-klagenfurt/single-uav-rl-baseline/runs/sjth3aqr
2026-05-08T09:44:18.519294,1283,3,3673.7610418099875,1,LAND_B,4,0,1.0,0.144053652882576,0.1763908714056015,0.1221306249499321,0.2701951563358307,0.005180968903005123,0,1,2.1219122409820557,-0.007300363853573799,0.1763908714056015,https://wandb.ai/ememchijioke-university-of-klagenfurt/single-uav-rl-baseline/runs/sjth3aqr
2026-05-08T09:44:21.717772,1284,3,3868.902703116141,1,LAND_B,4,0,1.0,0.13709202408790588,0.17616809904575348,0.11398527771234512,0.26409783959388733,0.01772300899028778,0,1,2.1139771938323975,0.001357360160909593,0.17616809904575348,https://wandb.ai/ememchijioke-university-of-klagenfurt/single-uav-rl-baseline/runs/sjth3aqr
2026-05-08T09:44:25.163674,1285,3,3817.1302296089043,1,LAND_B,4,0,1.0,0.142918199300766,0.1764405369758606,0.12075784802436829,0.26729148626327515,0.013833758421242237,0,1,2.120675802230835,0.004450565669685602,0.1764405369758606,https://wandb.ai/ememchijioke-university-of-klagenfurt/single-uav-rl-baseline/runs/sjth3aqr
2026-05-08T09:44:28.632241,1286,3,4688.5903011489445,1,LAND_B,4,0,1.0,0.12635542452335358,0.17618855834007263,0.10080178081989288,0.2653762698173523,0.012026006355881691,0,1,2.1002092361450195,0.010913636535406113,0.17618855834007263,https://wandb.ai/ememchijioke-university-of-klagenfurt/single-uav-rl-baseline/runs/sjth3aqr
2026-05-08T09:44:32.147663,1287,3,4670.37143243104,1,LAND_B,4,0,1.0,0.1225983202457428,0.17647498846054077,0.09582235664129257,0.27113303542137146,0.01336263120174408,0,1,2.095700740814209,-0.004826181568205357,0.17647498846054077,https://wandb.ai/ememchijioke-university-of-klagenfurt/single-uav-rl-baseline/runs/sjth3aqr
2026-05-08T09:44:35.782926,1288,3,4218.939550844718,1,LAND_B,4,0,1.0,0.1311311572790146,0.1758151352405548,0.10699273645877838,0.2660216987133026,0.020832058042287827,0,1,2.106767177581787,0.006943732965737581,0.1758151352405548,https://wandb.ai/ememchijioke-university-of-klagenfurt/single-uav-rl-baseline/runs/sjth3aqr
2026-05-08T09:44:39.013290,1289,3,3688.05273324334,1,LAND_B,4,0,1.0,0.13388727605342865,0.1764248013496399,0.10993203520774841,0.26762765645980835,0.011229587718844414,0,1,2.109745740890503,-0.006397276651114225,0.1764248013496399,https://wandb.ai/ememchijioke-university-of-klagenfurt/single-uav-rl-baseline/runs/sjth3aqr
2026-05-08T09:44:42.685927,1290,3,4672.034165661218,1,LAND_B,4,0,1.0,0.12777213752269745,0.1752243936061859,0.10328122228384018,0.2706669867038727,0.008956819772720337,0,1,2.103128433227539,0.0056157722137868404,0.1752243936061859,https://wandb.ai/ememchijioke-university-of-klagenfurt/single-uav-rl-baseline/runs/sjth3aqr
2026-05-08T09:44:46.058962,1291,3,3933.6843165324117,1,LAND_B,4,0,1.0,0.13095006346702576,0.17486260831356049,0.10744073241949081,0.26610738039016724,0.01405562087893486,0,1,2.107295513153076,0.005584252532571554,0.17486260831356049,https://wandb.ai/ememchijioke-university-of-klagenfurt/single-uav-rl-baseline/runs/sjth3aqr
2026-05-08T09:44:49.215881,1292,3,3852.5357257343944,1,LAND_B,4,0,1.0,0.13279983401298523,0.17578519880771637,0.10905228555202484,0.26800787448883057,0.024595191702246666,0,1,2.1085901260375977,0.010029228404164314,0.17578519880771637,https://wandb.ai/ememchijioke-university-of-klagenfurt/single-uav-rl-baseline/runs/sjth3aqr
2026-05-08T09:44:52.958613,1293,3,3715.9411401804755,1,LAND_B,4,0,1.0,0.14086942374706268,0.17524538934230804,0.11908956617116928,0.267274409532547,0.02130512334406376,0,1,2.119040012359619,-0.003435285994783044,0.17524538934230804,https://wandb.ai/ememchijioke-university-of-klagenfurt/single-uav-rl-baseline/runs/sjth3aqr
2026-05-08T09:44:56.564418,1294,3,4207.3338818199845,1,LAND_B,4,0,1.0,0.1371868997812271,0.17568737268447876,0.11441881954669952,0.2667314410209656,0.0235204566270113,0,1,2.1144092082977295,0.0014828754356130958,0.17568737268447876,https://wandb.ai/ememchijioke-university-of-klagenfurt/single-uav-rl-baseline/runs/sjth3aqr
2026-05-08T09:44:59.855356,1295,3,3692.296858885183,1,LAND_B,4,0,1.0,0.13531532883644104,0.17568624019622803,0.11216877400875092,0.26444268226623535,0.00599769176915288,0,1,2.1121227741241455,0.003212032839655876,0.17568624019622803,https://wandb.ai/ememchijioke-university-of-klagenfurt/single-uav-rl-baseline/runs/sjth3aqr
2026-05-08T09:45:03.772741,1296,3,4009.6867372645866,1,LAND_B,4,0,1.0,0.1342819780111313,0.17578135430812836,0.11085502803325653,0.266628235578537,0.010966209694743156,0,1,2.110646963119507,0.006788782775402069,0.17578135430812836,https://wandb.ai/ememchijioke-university-of-klagenfurt/single-uav-rl-baseline/runs/sjth3aqr
2026-05-08T09:45:07.067157,1297,3,3591.580750858497,1,LAND_B,4,0,1.0,0.13359399139881134,0.176106795668602,0.10979576408863068,0.27327749133110046,0.012008977122604847,0,1,2.1091485023498535,0.01190435141324997,0.176106795668602,https://wandb.ai/ememchijioke-university-of-klagenfurt/single-uav-rl-baseline/runs/sjth3aqr
2026-05-08T09:45:10.834947,1298,3,4697.868709699167,1,LAND_B,4,0,1.0,0.1230412945151329,0.17561979591846466,0.09706084430217743,0.2657657265663147,0.004715389106422663,0,1,2.0970571041107178,0.0008524456643499434,0.17561979591846466,https://wandb.ai/ememchijioke-university-of-klagenfurt/single-uav-rl-baseline/runs/sjth3aqr
2026-05-08T09:45:14.571924,1299,3,3755.6537639957955,1,LAND_B,4,0,1.0,0.13222497701644897,0.1753654181957245,0.10864390432834625,0.2677355408668518,0.004892384633421898,0,1,2.108443260192871,0.006599751301109791,0.1753654181957245,https://wandb.ai/ememchijioke-university-of-klagenfurt/single-uav-rl-baseline/runs/sjth3aqr
2026-05-08T09:45:18.525185,1300,3,3879.227743974423,1,LAND_B,4,0,1.0,0.14250941574573517,0.17578881978988647,0.12068548798561096,0.26764774322509766,0.024672219529747963,0,1,2.120659828186035,0.002488695550709963,0.17578881978988647,https://wandb.ai/ememchijioke-university-of-klagenfurt/single-uav-rl-baseline/runs/sjth3aqr
2026-05-08T09:45:22.203674,1301,3,4236.432413797003,1,LAND_B,4,0,1.0,0.1340610682964325,0.17535927891731262,0.11087537556886673,0.26455456018447876,0.006550002843141556,0,1,2.1108734607696533,-0.0006510477396659553,0.17535927891731262,https://wandb.ai/ememchijioke-university-of-klagenfurt/single-uav-rl-baseline/runs/sjth3aqr
2026-05-08T09:45:26.338696,1302,3,3878.6566183400296,1,LAND_B,4,0,1.0,0.13468706607818604,0.1756749004125595,0.11141776293516159,0.2639121115207672,0.023778390139341354,0,1,2.111407518386841,-0.0015104407211765647,0.1756749004125595,https://wandb.ai/ememchijioke-university-of-klagenfurt/single-uav-rl-baseline/runs/sjth3aqr
2026-05-08T09:45:31.273110,1303,3,3667.657295106213,1,LAND_B,4,0,1.0,0.1438448578119278,0.1759292483329773,0.12217239290475845,0.26771673560142517,0.012061506509780884,0,1,2.122149705886841,-0.0023544467985630035,0.1759292483329773,https://wandb.ai/ememchijioke-university-of-klagenfurt/single-uav-rl-baseline/runs/sjth3aqr
2026-05-08T09:45:34.912925,1304,3,3582.1855968039526,1,LAND_B,4,0,1.0,0.13944049179553986,0.1755286008119583,0.11721382290124893,0.26306015253067017,0.008357927203178406,0,1,2.1170711517333984,0.005781562998890877,0.1755286008119583,https://wandb.ai/ememchijioke-university-of-klagenfurt/single-uav-rl-baseline/runs/sjth3aqr
2026-05-08T09:45:39.808971,1305,3,3941.0174000707616,1,LAND_B,4,0,1.0,0.14335021376609802,0.17558477818965912,0.12180404365062714,0.2699395418167114,0.016688987612724304,0,1,2.1213345527648926,0.010684222914278507,0.17558477818965912,https://wandb.ai/ememchijioke-university-of-klagenfurt/single-uav-rl-baseline/runs/sjth3aqr
2026-05-08T09:45:44.044612,1306,3,4676.450296039042,1,LAND_B,4,0,1.0,0.1300252079963684,0.17561373114585876,0.10577863454818726,0.2690194547176361,0.02049322985112667,0,1,2.105701208114624,0.004046372603625059,0.17561373114585876,https://wandb.ai/ememchijioke-university-of-klagenfurt/single-uav-rl-baseline/runs/sjth3aqr
2026-05-08T09:45:48.114317,1307,3,3952.8812091171535,1,LAND_B,4,0,1.0,0.14090849459171295,0.17535315454006195,0.11906766146421432,0.2648845613002777,0.007149063982069492,0,1,2.118988037109375,-0.0043537369929254055,0.17535315454006195,https://wandb.ai/ememchijioke-university-of-klagenfurt/single-uav-rl-baseline/runs/sjth3aqr
2026-05-08T09:45:52.834087,1308,3,3836.067754457686,1,LAND_B,4,0,1.0,0.14058257639408112,0.17557945847511292,0.1185377910733223,0.26518362760543823,0.015510736033320427,0,1,2.118537664413452,-0.0001731691008899361,0.17557945847511292,https://wandb.ai/ememchijioke-university-of-klagenfurt/single-uav-rl-baseline/runs/sjth3aqr
2026-05-08T09:45:56.428797,1309,3,3675.6827442182425,1,LAND_B,4,0,1.0,0.13886095583438873,0.17710351943969727,0.1154877170920372,0.2641145586967468,0.01791401393711567,0,1,2.1154870986938477,-0.0003770683251786977,0.17710351943969727,https://wandb.ai/ememchijioke-university-of-klagenfurt/single-uav-rl-baseline/runs/sjth3aqr
2026-05-08T09:46:01.700010,1310,3,4663.621866447427,1,LAND_B,4,0,1.0,0.13404850661754608,0.1759645938873291,0.11044628918170929,0.26802581548690796,0.015533359721302986,0,1,2.110095739364624,0.008792647160589695,0.1759645938873291,https://wandb.ai/ememchijioke-university-of-klagenfurt/single-uav-rl-baseline/runs/sjth3aqr
2026-05-08T09:46:06.558057,1311,3,4226.3365329061635,1,LAND_B,4,0,1.0,0.13980253040790558,0.1762382537126541,0.11718564480543137,0.26877766847610474,0.009153023362159729,0,1,2.1170902252197266,0.004728051368147135,0.1762382537126541,https://wandb.ai/ememchijioke-university-of-klagenfurt/single-uav-rl-baseline/runs/sjth3aqr
2026-05-08T09:46:10.030321,1312,3,4001.0049734045274,1,LAND_B,4,0,1.0,0.14271487295627594,0.17700865864753723,0.12015490233898163,0.2636701166629791,0.006362483371049166,0,1,2.1200971603393555,0.0037248083390295506,0.17700865864753723,https://wandb.ai/ememchijioke-university-of-klagenfurt/single-uav-rl-baseline/runs/sjth3aqr
2026-05-08T09:46:14.832010,1313,3,4228.570995161782,1,LAND_B,4,0,1.0,0.1424940824508667,0.1767866462469101,0.12003488838672638,0.2646152377128601,0.032173190265893936,0,1,2.119903564453125,0.00561331445351243,0.1767866462469101,https://wandb.ai/ememchijioke-university-of-klagenfurt/single-uav-rl-baseline/runs/sjth3aqr
2026-05-08T09:46:18.548953,1314,3,4732.138424185738,1,LAND_B,4,0,1.0,0.1305914670228958,0.17608760297298431,0.10613580793142319,0.26286593079566956,0.019811999052762985,0,1,2.1057002544403076,0.009605479426681995,0.17608760297298431,https://wandb.ai/ememchijioke-university-of-klagenfurt/single-uav-rl-baseline/runs/sjth3aqr
2026-05-08T09:46:22.082904,1315,3,4220.074311055161,1,LAND_B,4,0,1.0,0.1390945464372635,0.17649181187152863,0.11617356538772583,0.2683115601539612,0.02298170141875744,0,1,2.1159584522247314,0.007066407706588507,0.17649181187152863,https://wandb.ai/ememchijioke-university-of-klagenfurt/single-uav-rl-baseline/runs/sjth3aqr
2026-05-08T09:46:27.067825,1316,3,3966.850525007909,1,LAND_B,4,0,1.0,0.14271309971809387,0.17631708085536957,0.12059324979782104,0.268227756023407,0.024718476459383965,0,1,2.1205873489379883,-0.001193050411529839,0.17631708085536957,https://wandb.ai/ememchijioke-university-of-klagenfurt/single-uav-rl-baseline/runs/sjth3aqr
2026-05-08T09:46:31.872228,1317,3,3835.4079559952015,1,LAND_B,4,0,1.0,0.14147672057151794,0.17556913197040558,0.11960337311029434,0.26701000332832336,0.022222135215997696,0,1,2.1192314624786377,0.009424751624464989,0.17556913197040558,https://wandb.ai/ememchijioke-university-of-klagenfurt/single-uav-rl-baseline/runs/sjth3aqr
2026-05-08T09:46:35.873886,1318,3,3636.5446845454226,1,LAND_B,4,0,1.0,0.14294928312301636,0.17517603933811188,0.12158560752868652,0.26977458596229553,0.022147195413708687,0,1,2.1213388442993164,0.007742409594357014,0.17517603933811188,https://wandb.ai/ememchijioke-university-of-klagenfurt/single-uav-rl-baseline/runs/sjth3aqr
2026-05-08T09:46:41.340242,1319,3,4708.045776196061,1,LAND_B,4,0,1.0,0.12117543071508408,0.17546360194683075,0.0948089137673378,0.2663179636001587,0.01603938266634941,0,1,2.094768524169922,0.002767033176496625,0.17546360194683075,https://wandb.ai/ememchijioke-university-of-klagenfurt/single-uav-rl-baseline/runs/sjth3aqr
2026-05-08T09:46:44.994490,1320,3,3997.2248704300832,1,LAND_B,4,0,1.0,0.13012847304344177,0.1756240874528885,0.10589814186096191,0.27143242955207825,0.008364367298781872,0,1,2.105833053588867,0.003712201490998268,0.1756240874528885,https://wandb.ai/ememchijioke-university-of-klagenfurt/single-uav-rl-baseline/runs/sjth3aqr
2026-05-08T09:46:48.625381,1321,3,4110.408098095637,1,LAND_B,4,0,1.0,0.13979537785053253,0.17468538880348206,0.11817292869091034,0.27112287282943726,0.005769473500549793,0,1,2.1181726455688477,-0.0002583262394182384,0.17468538880348206,https://wandb.ai/ememchijioke-university-of-klagenfurt/single-uav-rl-baseline/runs/sjth3aqr
2026-05-08T09:46:53.097788,1322,3,4238.479511753352,1,LAND_B,4,0,1.0,0.1449069082736969,0.17551469802856445,0.1236751452088356,0.27537187933921814,0.017839813604950905,0,1,2.1235649585723877,0.005219386424869299,0.17551469802856445,https://wandb.ai/ememchijioke-university-of-klagenfurt/single-uav-rl-baseline/runs/sjth3aqr
2026-05-08T09:46:56.809136,1323,3,3591.1312136408214,1,LAND_B,4,0,1.0,0.14020392298698425,0.17653235793113708,0.11747314035892487,0.27352869510650635,0.009021316654980183,0,1,2.1169443130493164,0.011133977212011814,0.17653235793113708,https://wandb.ai/ememchijioke-university-of-klagenfurt/single-uav-rl-baseline/runs/sjth3aqr
2026-05-08T09:47:00.684450,1324,3,3804.7119168167087,1,LAND_B,4,0,1.0,0.13486208021640778,0.17674601078033447,0.11089558154344559,0.2679583430290222,0.020363450050354004,0,1,2.110847234725952,0.0032744137570261955,0.17674601078033447,https://wandb.ai/ememchijioke-university-of-klagenfurt/single-uav-rl-baseline/runs/sjth3aqr
2026-05-08T09:47:04.473137,1325,3,3538.584689240763,1,LAND_B,4,0,1.0,0.14704717695713043,0.17691105604171753,0.12532982230186462,0.26879391074180603,0.010621966794133186,0,1,2.1251959800720215,0.005790453404188156,0.17691105604171753,https://wandb.ai/ememchijioke-university-of-klagenfurt/single-uav-rl-baseline/runs/sjth3aqr
2026-05-08T09:47:08.261305,1326,3,3569.5382267262567,1,LAND_B,4,0,1.0,0.14257284998893738,0.17690548300743103,0.12005234509706497,0.2661246359348297,0.014667421579360962,0,1,2.120051860809326,0.0003408385091461241,0.17690548300743103,https://wandb.ai/ememchijioke-university-of-klagenfurt/single-uav-rl-baseline/runs/sjth3aqr
2026-05-08T09:47:11.793642,1327,3,4745.838592753472,1,LAND_B,4,0,1.0,0.1272653192281723,0.17678889632225037,0.10148855298757553,0.2715143859386444,0.01543490868061781,0,1,2.101454019546509,0.002647386398166418,0.17678889632225037,https://wandb.ai/ememchijioke-university-of-klagenfurt/single-uav-rl-baseline/runs/sjth3aqr
2026-05-08T09:47:15.480796,1328,3,4215.676634356364,1,LAND_B,4,0,1.0,0.1357153207063675,0.17701253294944763,0.11174846440553665,0.26545795798301697,0.0026926444843411446,0,1,2.1112828254699707,0.01019077468663454,0.17701253294944763,https://wandb.ai/ememchijioke-university-of-klagenfurt/single-uav-rl-baseline/runs/sjth3aqr
2026-05-08T09:47:19.020595,1329,3,3910.729059654681,1,LAND_B,4,0,1.0,0.14340288937091827,0.1772206723690033,0.12083606421947479,0.26418912410736084,0.01789069175720215,0,1,2.12076735496521,0.004074358381330967,0.1772206723690033,https://wandb.ai/ememchijioke-university-of-klagenfurt/single-uav-rl-baseline/runs/sjth3aqr
2026-05-08T09:47:24.260717,1330,3,4700.220225717279,1,LAND_B,4,0,1.0,0.13389700651168823,0.1772637516260147,0.10935593396425247,0.2648434042930603,0.01668003760278225,0,1,2.1092514991760254,0.004778224043548107,0.1772637516260147,https://wandb.ai/ememchijioke-university-of-klagenfurt/single-uav-rl-baseline/runs/sjth3aqr
2026-05-08T09:47:29.149129,1331,3,3910.6150778403203,1,LAND_B,4,0,1.0,0.14160148799419403,0.17676480114459991,0.11898800730705261,0.2683512270450592,0.03006136417388916,0,1,2.1189849376678467,0.000855291320476681,0.17676480114459991,https://wandb.ai/ememchijioke-university-of-klagenfurt/single-uav-rl-baseline/runs/sjth3aqr
2026-05-08T09:47:32.497199,1332,3,3846.940279963461,1,LAND_B,4,0,1.0,0.14383849501609802,0.17633450031280518,0.12191208451986313,0.26871564984321594,0.02601395919919014,0,1,2.121835947036743,0.004307974129915237,0.17633450031280518,https://wandb.ai/ememchijioke-university-of-klagenfurt/single-uav-rl-baseline/runs/sjth3aqr
2026-05-08T09:47:37.163455,1333,3,3807.5736522044394,1,LAND_B,4,0,1.0,0.1435454785823822,0.17670220136642456,0.12133456766605377,0.2691284716129303,0.0071413819678127766,0,1,2.121333599090576,0.0004846001393161714,0.17670220136642456,https://wandb.ai/ememchijioke-university-of-klagenfurt/single-uav-rl-baseline/runs/sjth3aqr
2026-05-08T09:47:42.062977,1334,3,3733.63992390589,1,LAND_B,4,0,1.0,0.13687171041965485,0.17702887952327728,0.11313892900943756,0.27146852016448975,0.018785830587148666,0,1,2.113072395324707,0.0038795508444309235,0.17702887952327728,https://wandb.ai/ememchijioke-university-of-klagenfurt/single-uav-rl-baseline/runs/sjth3aqr
2026-05-08T09:47:45.716556,1335,3,3714.6418506403693,1,LAND_B,4,0,1.0,0.13551582396030426,0.17725631594657898,0.1113373190164566,0.26881664991378784,0.023235255852341652,0,1,2.1112513542175293,0.0043744673021137714,0.17725631594657898,https://wandb.ai/ememchijioke-university-of-klagenfurt/single-uav-rl-baseline/runs/sjth3aqr
2026-05-08T09:47:49.477217,1336,3,4799.772378240321,1,LAND_B,4,0,1.0,0.12717212736606598,0.17676320672035217,0.10139112174510956,0.2656737267971039,0.022247279062867165,0,1,2.1013784408569336,-0.0016036704182624817,0.17676320672035217,https://wandb.ai/ememchijioke-university-of-klagenfurt/single-uav-rl-baseline/runs/sjth3aqr
2026-05-08T09:47:52.761645,1337,3,4220.029560200459,1,LAND_B,4,0,1.0,0.1391553282737732,0.17698897421360016,0.11591766774654388,0.2648783028125763,0.023351483047008514,0,1,2.1159040927886963,-0.0017736628651618958,0.17698897421360016,https://wandb.ai/ememchijioke-university-of-klagenfurt/single-uav-rl-baseline/runs/sjth3aqr
2026-05-08T09:47:56.548101,1338,3,4033.3130148753994,1,LAND_B,4,0,1.0,0.13743989169597626,0.17796549201011658,0.11318615078926086,0.2682758867740631,0.008309678174555302,0,1,2.1129567623138428,0.007202422711998224,0.17796549201011658,https://wandb.ai/ememchijioke-university-of-klagenfurt/single-uav-rl-baseline/runs/sjth3aqr
2026-05-08T09:47:59.994725,1339,3,3793.4747163102825,1,LAND_B,4,0,1.0,0.13525907695293427,0.17745186388492584,0.11088835448026657,0.2705383002758026,0.002418485702946782,0,1,2.110805034637451,0.004297911189496517,0.17745186388492584,https://wandb.ai/ememchijioke-university-of-klagenfurt/single-uav-rl-baseline/runs/sjth3aqr
2026-05-08T09:48:03.207638,1340,3,3810.5956077996043,1,LAND_B,4,0,1.0,0.1437513530254364,0.17685864865779877,0.12147920578718185,0.26703566312789917,0.009322249330580235,0,1,2.12141752243042,-0.003870714455842972,0.17685864865779877,https://wandb.ai/ememchijioke-university-of-klagenfurt/single-uav-rl-baseline/runs/sjth3aqr
2026-05-08T09:48:07.471836,1341,3,4107.3721586514575,1,LAND_B,4,0,1.0,0.14332354068756104,0.17630630731582642,0.12132182717323303,0.2624792754650116,0.020260563120245934,0,1,2.120635747909546,0.012884188443422318,0.17630630731582642,https://wandb.ai/ememchijioke-university-of-klagenfurt/single-uav-rl-baseline/runs/sjth3aqr
2026-05-08T09:48:11.327980,1342,3,4235.5823724693855,1,LAND_B,4,0,1.0,0.13985779881477356,0.17646554112434387,0.11710348725318909,0.26374655961990356,0.015092328190803528,0,1,2.1170942783355713,0.001468733185902238,0.17646554112434387,https://wandb.ai/ememchijioke-university-of-klagenfurt/single-uav-rl-baseline/runs/sjth3aqr
2026-05-08T09:48:16.801341,1343,3,4696.8184348691675,1,LAND_B,4,0,1.0,0.1339600831270218,0.1763908416032791,0.11004428565502167,0.2668048143386841,0.009770930744707584,0,1,2.1099634170532227,0.004217951092869043,0.1763908416032791,https://wandb.ai/ememchijioke-university-of-klagenfurt/single-uav-rl-baseline/runs/sjth3aqr
2026-05-08T09:48:21.575295,1344,3,3886.648461189462,1,LAND_B,4,0,1.0,0.13086265325546265,0.17677125334739685,0.10597740113735199,0.2668910324573517,0.006322242319583893,0,1,2.1056759357452393,0.007987862452864647,0.17677125334739685,https://wandb.ai/ememchijioke-university-of-klagenfurt/single-uav-rl-baseline/runs/sjth3aqr
2026-05-08T09:48:25.167623,1345,3,3871.9931177123076,1,LAND_B,4,0,1.0,0.1358291357755661,0.17693814635276794,0.11193781346082687,0.2615380585193634,0.016055813059210777,0,1,2.1113929748535156,0.011030822061002254,0.17693814635276794,https://wandb.ai/ememchijioke-university-of-klagenfurt/single-uav-rl-baseline/runs/sjth3aqr
2026-05-08T09:48:28.526563,1346,3,3565.248459652801,1,LAND_B,4,0,1.0,0.1408539116382599,0.17672809958457947,0.11812121421098709,0.26851898431777954,0.010653511621057987,0,1,2.1180849075317383,-0.002928439062088728,0.17672809958457947,https://wandb.ai/ememchijioke-university-of-klagenfurt/single-uav-rl-baseline/runs/sjth3aqr
2026-05-08T09:48:32.109716,1347,3,3602.7861380384384,1,LAND_B,4,0,1.0,0.13358987867832184,0.17732663452625275,0.10893505811691284,0.26379311084747314,0.011552456766366959,0,1,2.108896493911743,-0.002898172475397587,0.17732663452625275,https://wandb.ai/ememchijioke-university-of-klagenfurt/single-uav-rl-baseline/runs/sjth3aqr
2026-05-08T09:48:36.789079,1348,3,4673.774709485131,1,LAND_B,4,0,1.0,0.13078531622886658,0.17649231851100922,0.10608356446027756,0.2719385623931885,0.0062959822826087475,0,1,2.1059885025024414,0.0044899568893015385,0.17649231851100922,https://wandb.ai/ememchijioke-university-of-klagenfurt/single-uav-rl-baseline/runs/sjth3aqr
2026-05-08T09:48:40.407208,1349,3,4203.948128894132,1,LAND_B,4,0,1.0,0.14103323221206665,0.17687499523162842,0.11823961138725281,0.2659582495689392,0.012077881954610348,0,1,2.1176817417144775,0.011472349055111408,0.17687499523162842,https://wandb.ai/ememchijioke-university-of-klagenfurt/single-uav-rl-baseline/runs/sjth3aqr
2026-05-08T09:48:45.783756,1350,3,4698.7771596373605,1,LAND_B,4,0,1.0,0.13183936476707458,0.17648659646511078,0.10738444328308105,0.26701322197914124,0.021934719756245613,0,1,2.1072051525115967,0.006202762480825186,0.17648659646511078,https://wandb.ai/ememchijioke-university-of-klagenfurt/single-uav-rl-baseline/runs/sjth3aqr
2026-05-08T09:48:49.171608,1351,3,3905.549714778885,1,LAND_B,4,0,1.0,0.14227251708507538,0.1763530671596527,0.1200486496090889,0.2591360807418823,0.014772854745388031,0,1,2.120037794113159,0.001614422770217061,0.1763530671596527,https://wandb.ai/ememchijioke-university-of-klagenfurt/single-uav-rl-baseline/runs/sjth3aqr
2026-05-08T09:48:52.705628,1352,3,4033.8072037454886,1,LAND_B,4,0,1.0,0.13421973586082458,0.1766422688961029,0.11018574982881546,0.26953038573265076,0.013228340074419975,0,1,2.1101465225219727,-0.0029400410130620003,0.1766422688961029,https://wandb.ai/ememchijioke-university-of-klagenfurt/single-uav-rl-baseline/runs/sjth3aqr
2026-05-08T09:48:56.878588,1353,3,4682.628274535763,1,LAND_B,4,0,1.0,0.13329118490219116,0.17751635611057281,0.10843317955732346,0.26356565952301025,0.0077880797907710075,0,1,2.108431577682495,0.0005891058826819062,0.17751635611057281,https://wandb.ai/ememchijioke-university-of-klagenfurt/single-uav-rl-baseline/runs/sjth3aqr
2026-05-08T09:49:00.609002,1354,3,4107.302560499797,1,LAND_B,4,0,1.0,0.13536660373210907,0.17667101323604584,0.11156018078327179,0.2650845944881439,0.010759222321212292,0,1,2.111208438873291,0.008851961232721806,0.17667101323604584,https://wandb.ai/ememchijioke-university-of-klagenfurt/single-uav-rl-baseline/runs/sjth3aqr
2026-05-08T09:49:04.167077,1355,3,4182.474963014371,1,LAND_B,4,0,1.0,0.14115862548351288,0.17630772292613983,0.11875558644533157,0.2668341398239136,0.0017699382733553648,0,1,2.1187543869018555,0.0005350154242478311,0.17630772292613983,https://wandb.ai/ememchijioke-university-of-klagenfurt/single-uav-rl-baseline/runs/sjth3aqr
2026-05-08T09:49:08.019226,1356,3,3613.3781941229317,1,LAND_B,4,0,1.0,0.13791142404079437,0.17657388746738434,0.11469961702823639,0.26934900879859924,0.0060243504121899605,0,1,2.114495277404785,0.006843498442322016,0.17657388746738434,https://wandb.ai/ememchijioke-university-of-klagenfurt/single-uav-rl-baseline/runs/sjth3aqr
2026-05-08T09:49:11.595958,1357,3,3778.5429009000914,1,LAND_B,4,0,1.0,0.13499917089939117,0.17666082084178925,0.11112108081579208,0.2646893560886383,0.010406997986137867,0,1,2.1110799312591553,-0.003023918252438307,0.17666082084178925,https://wandb.ai/ememchijioke-university-of-klagenfurt/single-uav-rl-baseline/runs/sjth3aqr
2026-05-08T09:49:15.134630,1358,3,3620.74797486099,1,LAND_B,4,0,1.0,0.14219754934310913,0.17615748941898346,0.12008406221866608,0.261415958404541,0.007790648844093084,0,1,2.120023012161255,0.003828564425930381,0.17615748941898346,https://wandb.ai/ememchijioke-university-of-klagenfurt/single-uav-rl-baseline/runs/sjth3aqr
2026-05-08T09:49:18.628864,1359,3,3916.1434217308956,1,LAND_B,4,0,1.0,0.14625979959964752,0.1762029379606247,0.12484007328748703,0.2667343020439148,0.004704213701188564,0,1,2.124706506729126,0.0057732765562832355,0.1762029379606247,https://wandb.ai/ememchijioke-university-of-klagenfurt/single-uav-rl-baseline/runs/sjth3aqr
2026-05-08T09:49:22.008891,1360,3,3756.7668152981682,1,LAND_B,4,0,1.0,0.1383022964000702,0.17622746527194977,0.11539886891841888,0.26799723505973816,0.015708085149526596,0,1,2.115314245223999,-0.004418588243424892,0.17622746527194977,https://wandb.ai/ememchijioke-university-of-klagenfurt/single-uav-rl-baseline/runs/sjth3aqr
2026-05-08T09:49:25.483188,1361,3,3683.9624213143716,1,LAND_B,4,0,1.0,0.1403333991765976,0.1759404093027115,0.11801066994667053,0.26620832085609436,0.02501729130744934,0,1,2.1176822185516357,0.008798492141067982,0.1759404093027115,https://wandb.ai/ememchijioke-university-of-klagenfurt/single-uav-rl-baseline/runs/sjth3aqr
2026-05-08T09:49:29.134289,1362,3,4639.914375053816,1,LAND_B,4,0,1.0,0.12594196200370789,0.17593275010585785,0.10047683864831924,0.2661610245704651,0.007623861078172922,0,1,2.1004743576049805,-0.0007062788354232907,0.17593275010585785,https://wandb.ai/ememchijioke-university-of-klagenfurt/single-uav-rl-baseline/runs/sjth3aqr
2026-05-08T09:49:32.614924,1363,3,4055.0310971827907,1,LAND_B,4,0,1.0,0.14387328922748566,0.1761724054813385,0.12205443531274796,0.2667217254638672,0.018700452521443367,0,1,2.122035026550293,-0.0021768310107290745,0.1761724054813385,https://wandb.ai/ememchijioke-university-of-klagenfurt/single-uav-rl-baseline/runs/sjth3aqr
2026-05-08T09:49:36.053610,1364,3,3906.4897327963595,1,LAND_B,4,0,1.0,0.13512656092643738,0.17579461634159088,0.11186760663986206,0.2662467360496521,0.010546724312007427,0,1,2.1117913722991943,0.004129327367991209,0.17579461634159088,https://wandb.ai/ememchijioke-university-of-klagenfurt/single-uav-rl-baseline/runs/sjth3aqr
2026-05-08T09:49:39.387930,1365,3,3915.3424621546915,1,LAND_B,4,0,1.0,0.13328135013580322,0.1761861890554428,0.10935988277196884,0.263102650642395,0.007742779329419136,0,1,2.1092448234558105,0.0050152069889009,0.1761861890554428,https://wandb.ai/ememchijioke-university-of-klagenfurt/single-uav-rl-baseline/runs/sjth3aqr
2026-05-08T09:49:42.837176,1366,3,3661.4631962374574,1,LAND_B,4,0,1.0,0.13357479870319366,0.17591260373592377,0.10990680009126663,0.2671657204627991,0.006611744873225689,0,1,2.109905242919922,-0.0005850992165505886,0.17591260373592377,https://wandb.ai/ememchijioke-university-of-klagenfurt/single-uav-rl-baseline/runs/sjth3aqr
2026-05-08T09:49:46.388941,1367,3,3487.3215027310966,1,LAND_B,4,0,1.0,0.1382647305727005,0.17626187205314636,0.11533109098672867,0.2678457498550415,0.026654275134205818,0,1,2.115330457687378,-0.00038152100751176476,0.17626187205314636,https://wandb.ai/ememchijioke-university-of-klagenfurt/single-uav-rl-baseline/runs/sjth3aqr
2026-05-08T09:49:49.787270,1368,3,4068.418978666086,1,LAND_B,4,0,1.0,0.14362256228923798,0.17659036815166473,0.12149632722139359,0.26521289348602295,0.017444942146539688,0,1,2.121366024017334,0.005625322926789522,0.17659036815166473,https://wandb.ai/ememchijioke-university-of-klagenfurt/single-uav-rl-baseline/runs/sjth3aqr
2026-05-08T09:49:53.138297,1369,3,4013.1940287595976,1,LAND_B,4,0,1.0,0.13644692301750183,0.1766263097524643,0.11289893835783005,0.2636607587337494,0.013890387490391731,0,1,2.112502098083496,0.009457712061703205,0.1766263097524643,https://wandb.ai/ememchijioke-university-of-klagenfurt/single-uav-rl-baseline/runs/sjth3aqr
2026-05-08T09:49:57.943227,1370,3,4643.146540648793,1,LAND_B,4,0,1.0,0.1365654468536377,0.17709872126579285,0.11272048205137253,0.26386523246765137,0.017191646620631218,0,1,2.1127092838287354,-0.0015888601774349809,0.17709872126579285,https://wandb.ai/ememchijioke-university-of-klagenfurt/single-uav-rl-baseline/runs/sjth3aqr
2026-05-08T09:50:01.518196,1371,3,3995.5595603572456,1,LAND_B,4,0,1.0,0.1341862678527832,0.1773250550031662,0.10966672003269196,0.2641398310661316,0.021348213776946068,0,1,2.1095776557922363,0.00441894493997097,0.1773250550031662,https://wandb.ai/ememchijioke-university-of-klagenfurt/single-uav-rl-baseline/runs/sjth3aqr
2026-05-08T09:50:05.198677,1372,3,3683.496604292604,1,LAND_B,4,0,1.0,0.13629619777202606,0.17631658911705017,0.1129266619682312,0.2737194895744324,0.011413414031267166,0,1,2.1128387451171875,0.004455151502043009,0.17631658911705017,https://wandb.ai/ememchijioke-university-of-klagenfurt/single-uav-rl-baseline/runs/sjth3aqr
2026-05-08T09:50:09.038256,1373,3,4708.236504434801,1,LAND_B,4,0,1.0,0.12450198084115982,0.17648310959339142,0.09823989868164062,0.2712251543998718,0.020935319364070892,0,1,2.098234176635742,0.0010596269275993109,0.17648310959339142,https://wandb.ai/ememchijioke-university-of-klagenfurt/single-uav-rl-baseline/runs/sjth3aqr
2026-05-08T09:50:12.566331,1374,3,4094.726976446009,1,LAND_B,4,0,1.0,0.12796340882778168,0.17620761692523956,0.10279607027769089,0.26101022958755493,0.025670384988188744,0,1,2.1026947498321533,0.0045628962107002735,0.17620761692523956,https://wandb.ai/ememchijioke-university-of-klagenfurt/single-uav-rl-baseline/runs/sjth3aqr
2026-05-08T09:50:16.192583,1375,3,3887.1749741474305,1,LAND_B,4,0,1.0,0.14371457695960999,0.17598721385002136,0.1219828799366951,0.2684231102466583,0.011920358054339886,0,1,2.1219489574432373,0.0028766754548996687,0.17598721385002136,https://wandb.ai/ememchijioke-university-of-klagenfurt/single-uav-rl-baseline/runs/sjth3aqr
2026-05-08T09:50:20.304286,1376,3,4715.855870375529,1,LAND_B,4,0,1.0,0.12418000400066376,0.17606914043426514,0.0981537476181984,0.27085602283477783,0.01676691696047783,0,1,2.0981481075286865,0.0010523651726543903,0.17606914043426514,https://wandb.ai/ememchijioke-university-of-klagenfurt/single-uav-rl-baseline/runs/sjth3aqr
2026-05-08T09:50:23.936679,1377,3,4221.195043156373,1,LAND_B,4,0,1.0,0.13766787946224213,0.17623186111450195,0.11463485658168793,0.26318269968032837,0.01842687278985977,0,1,2.1142613887786865,0.009245762601494789,0.17623186111450195,https://wandb.ai/ememchijioke-university-of-klagenfurt/single-uav-rl-baseline/runs/sjth3aqr
2026-05-08T09:50:27.349207,1378,3,4040.485621705422,1,LAND_B,4,0,1.0,0.1312684714794159,0.17671652138233185,0.10651753842830658,0.2657059133052826,0.011776751838624477,0,1,2.106482744216919,0.002722456119954586,0.17671652138233185,https://wandb.ai/ememchijioke-university-of-klagenfurt/single-uav-rl-baseline/runs/sjth3aqr
2026-05-08T09:50:31.255747,1379,3,4671.026710225783,1,LAND_B,4,0,1.0,0.13157089054584503,0.17637905478477478,0.10713141411542892,0.265787273645401,0.014884326606988907,0,1,2.107121467590332,0.0014597171684727073,0.17637905478477478,https://wandb.ai/ememchijioke-university-of-klagenfurt/single-uav-rl-baseline/runs/sjth3aqr
2026-05-08T09:50:35.455943,1380,3,4693.695636698203,1,LAND_B,4,0,1.0,0.1236555352807045,0.17693908512592316,0.09680427610874176,0.2633429765701294,0.009355477057397366,0,1,2.0967583656311035,0.0029809449333697557,0.17693908512592316,https://wandb.ai/ememchijioke-university-of-klagenfurt/single-uav-rl-baseline/runs/sjth3aqr
2026-05-08T09:50:38.794787,1381,3,4042.975604101988,1,LAND_B,4,0,1.0,0.14110496640205383,0.1766803115606308,0.11845143139362335,0.26790615916252136,0.021098872646689415,0,1,2.1184425354003906,0.0014521131524816155,0.1766803115606308,https://wandb.ai/ememchijioke-university-of-klagenfurt/single-uav-rl-baseline/runs/sjth3aqr
2026-05-08T09:50:42.183255,1382,3,4231.234846413067,1,LAND_B,4,0,1.0,0.13319328427314758,0.1771751046180725,0.10855624079704285,0.2687619924545288,0.01106228306889534,0,1,2.1085314750671387,0.002318458864465356,0.1771751046180725,https://wandb.ai/ememchijioke-university-of-klagenfurt/single-uav-rl-baseline/runs/sjth3aqr
2026-05-08T09:50:45.710523,1383,3,3805.201877873944,1,LAND_B,4,0,1.0,0.13976235687732697,0.17713773250579834,0.1165473535656929,0.26496437191963196,0.005409374367445707,0,1,2.1165459156036377,0.0005791853182017803,0.17713773250579834,https://wandb.ai/ememchijioke-university-of-klagenfurt/single-uav-rl-baseline/runs/sjth3aqr
2026-05-08T09:50:49.526350,1384,3,3893.0768879124357,1,LAND_B,4,0,1.0,0.134959414601326,0.17747218906879425,0.11050838232040405,0.2652851343154907,0.011383721604943275,0,1,2.110487937927246,0.0021255339961498976,0.17747218906879425,https://wandb.ai/ememchijioke-university-of-klagenfurt/single-uav-rl-baseline/runs/sjth3aqr
2026-05-08T09:50:53.009907,1385,3,3643.5606387417115,1,LAND_B,4,0,1.0,0.14129240810871124,0.17720943689346313,0.11833109706640244,0.26624059677124023,0.0196536835283041,0,1,2.118269205093384,0.0038267956115305424,0.17720943689346313,https://wandb.ai/ememchijioke-university-of-klagenfurt/single-uav-rl-baseline/runs/sjth3aqr
2026-05-08T09:50:56.679989,1386,3,4652.692502155369,1,LAND_B,4,0,1.0,0.1258482038974762,0.17720292508602142,0.09938552230596542,0.2731938660144806,0.009026638232171535,0,1,2.099372625350952,-0.0016008844831958413,0.17720292508602142,https://wandb.ai/ememchijioke-university-of-klagenfurt/single-uav-rl-baseline/runs/sjth3aqr
2026-05-08T09:51:00.084854,1387,3,4078.4209570052076,1,LAND_B,4,0,1.0,0.1404259353876114,0.17739707231521606,0.11717139929533005,0.26635080575942993,0.024845320731401443,0,1,2.117131471633911,0.0030588421504944563,0.17739707231521606,https://wandb.ai/ememchijioke-university-of-klagenfurt/single-uav-rl-baseline/runs/sjth3aqr
2026-05-08T09:51:03.517999,1388,3,3922.2067107313264,1,LAND_B,4,0,1.0,0.14217206835746765,0.1773255169391632,0.11930491030216217,0.26446470618247986,0.022188181057572365,0,1,2.119112253189087,0.006777388043701649,0.1773255169391632,https://wandb.ai/ememchijioke-university-of-klagenfurt/single-uav-rl-baseline/runs/sjth3aqr
2026-05-08T09:51:07.492165,1389,3,4710.392178830931,1,LAND_B,4,0,1.0,0.12890207767486572,0.17745666205883026,0.10303499549627304,0.26766514778137207,0.01859993301331997,0,1,2.102651834487915,0.008877567015588284,0.17745666205883026,https://wandb.ai/ememchijioke-university-of-klagenfurt/single-uav-rl-baseline/runs/sjth3aqr
2026-05-08T09:51:12.437890,1390,3,4218.558663902446,1,LAND_B,4,0,1.0,0.1316862255334854,0.17745530605316162,0.10649853199720383,0.26309892535209656,0.013506913557648659,0,1,2.1064507961273193,0.0031883767805993557,0.17745530605316162,https://wandb.ai/ememchijioke-university-of-klagenfurt/single-uav-rl-baseline/runs/sjth3aqr
2026-05-08T09:51:15.928110,1391,3,3922.10497797482,1,LAND_B,4,0,1.0,0.12939363718032837,0.1778191328048706,0.10337744653224945,0.2645938992500305,0.029125748202204704,0,1,2.1031153202056885,0.0073571717366576195,0.1778191328048706,https://wandb.ai/ememchijioke-university-of-klagenfurt/single-uav-rl-baseline/runs/sjth3aqr
2026-05-08T09:51:19.742751,1392,3,4721.242215129296,1,LAND_B,4,0,1.0,0.1343458890914917,0.17796124517917633,0.10941144824028015,0.2663406431674957,0.009084321558475494,0,1,2.109386920928955,0.002316471189260483,0.17796124517917633,https://wandb.ai/ememchijioke-university-of-klagenfurt/single-uav-rl-baseline/runs/sjth3aqr
2026-05-08T09:51:23.050919,1393,3,3999.1564768271646,1,LAND_B,4,0,1.0,0.1364772915840149,0.1773819923400879,0.11241921782493591,0.2668795585632324,0.00936044380068779,0,1,2.1123034954071045,0.005099487490952015,0.1773819923400879,https://wandb.ai/ememchijioke-university-of-klagenfurt/single-uav-rl-baseline/runs/sjth3aqr
2026-05-08T09:51:26.710106,1394,3,3786.061052836057,1,LAND_B,4,0,1.0,0.14260491728782654,0.17680317163467407,0.12015586346387863,0.26407817006111145,0.03515787422657013,0,1,2.1201558113098145,0.00011505746806506068,0.17680317163467407,https://wandb.ai/ememchijioke-university-of-klagenfurt/single-uav-rl-baseline/runs/sjth3aqr
2026-05-08T09:51:30.450275,1395,3,3887.3729735828906,1,LAND_B,4,0,1.0,0.13678036630153656,0.17708690464496613,0.11298884451389313,0.2679613530635834,0.015081231482326984,0,1,2.1125235557556152,0.010243468917906284,0.17708690464496613,https://wandb.ai/ememchijioke-university-of-klagenfurt/single-uav-rl-baseline/runs/sjth3aqr
2026-05-08T09:51:34.103311,1396,3,3704.7596845651005,1,LAND_B,4,0,1.0,0.13732066750526428,0.1772206872701645,0.11355145275592804,0.26906195282936096,0.01475287415087223,0,1,2.1135504245758057,0.00048356689512729645,0.1772206872701645,https://wandb.ai/ememchijioke-university-of-klagenfurt/single-uav-rl-baseline/runs/sjth3aqr
2026-05-08T09:51:39.040463,1397,3,3637.798325463228,1,LAND_B,4,0,1.0,0.137337788939476,0.17782410979270935,0.11315952241420746,0.2674858272075653,0.011106078512966633,0,1,2.112795829772949,0.009065286256372929,0.17782410979270935,https://wandb.ai/ememchijioke-university-of-klagenfurt/single-uav-rl-baseline/runs/sjth3aqr
2026-05-08T09:51:42.519044,1398,3,4759.604646641608,1,LAND_B,4,0,1.0,0.12764525413513184,0.17762424051761627,0.10133009403944016,0.2628990411758423,0.010417462326586246,0,1,2.1010043621063232,0.008118357509374619,0.17762424051761627,https://wandb.ai/ememchijioke-university-of-klagenfurt/single-uav-rl-baseline/runs/sjth3aqr
2026-05-08T09:51:46.519124,1399,3,4226.318763639859,1,LAND_B,4,0,1.0,0.13362258672714233,0.1775108128786087,0.10884423553943634,0.26884540915489197,0.024234913289546967,0,1,2.108701467514038,0.0055730608291924,0.1775108128786087,https://wandb.ai/ememchijioke-university-of-klagenfurt/single-uav-rl-baseline/runs/sjth3aqr
2026-05-08T09:51:50.712467,1400,3,4730.418027763069,1,LAND_B,4,0,1.0,0.12239613384008408,0.1776886284351349,0.0945795476436615,0.2667387127876282,0.005396071821451187,0,1,2.094571828842163,-0.0012084144400432706,0.1776886284351349,https://wandb.ai/ememchijioke-university-of-klagenfurt/single-uav-rl-baseline/runs/sjth3aqr
2026-05-08T09:51:55.040471,1401,3,3860.5781945124086,1,LAND_B,4,0,1.0,0.13859571516513824,0.178416445851326,0.11427874863147736,0.26400935649871826,0.010676155798137188,0,1,2.114274263381958,0.0010124522959813476,0.178416445851326,https://wandb.ai/ememchijioke-university-of-klagenfurt/single-uav-rl-baseline/runs/sjth3aqr
2026-05-08T09:51:59.307572,1402,3,3816.544125806212,1,LAND_B,4,0,1.0,0.1379222720861435,0.1785467565059662,0.11337089538574219,0.2662436366081238,0.018289167433977127,0,1,2.1131656169891357,0.006819308735430241,0.1785467565059662,https://wandb.ai/ememchijioke-university-of-klagenfurt/single-uav-rl-baseline/runs/sjth3aqr
2026-05-08T09:52:02.663863,1403,3,3878.397332660155,1,LAND_B,4,0,1.0,0.1356787085533142,0.17816780507564545,0.11089862883090973,0.2698451578617096,0.01575893722474575,0,1,2.1108970642089844,0.0005895004142075777,0.17816780507564545,https://wandb.ai/ememchijioke-university-of-klagenfurt/single-uav-rl-baseline/runs/sjth3aqr
2026-05-08T09:52:05.861839,1404,3,4221.298977339571,1,LAND_B,4,0,1.0,0.14213255047798157,0.17864181101322174,0.11839395761489868,0.2649146616458893,0.013955585658550262,0,1,2.118328094482422,-0.003948545083403587,0.17864181101322174,https://wandb.ai/ememchijioke-university-of-klagenfurt/single-uav-rl-baseline/runs/sjth3aqr
2026-05-08T09:52:09.608918,1405,3,3790.560596314269,1,LAND_B,4,0,1.0,0.13733844459056854,0.1781495064496994,0.11293584108352661,0.26390019059181213,0.015915794298052788,0,1,2.1128764152526855,-0.003663117066025734,0.1781495064496994,https://wandb.ai/ememchijioke-university-of-klagenfurt/single-uav-rl-baseline/runs/sjth3aqr
2026-05-08T09:52:13.044724,1406,3,4006.4021504283473,1,LAND_B,4,0,1.0,0.14033254981040955,0.1776510328054428,0.11689115315675735,0.26654163002967834,0.004112584982067347,0,1,2.1168901920318604,-0.00047476327745243907,0.1776510328054428,https://wandb.ai/ememchijioke-university-of-klagenfurt/single-uav-rl-baseline/runs/sjth3aqr
2026-05-08T09:52:18.048216,1407,3,4223.589822541043,1,LAND_B,4,0,1.0,0.1397666186094284,0.17799605429172516,0.11597984284162521,0.26320478320121765,0.01919768936932087,0,1,2.115947961807251,-0.002719148527830839,0.17799605429172516,https://wandb.ai/ememchijioke-university-of-klagenfurt/single-uav-rl-baseline/runs/sjth3aqr
2026-05-08T09:52:22.833056,1408,3,3801.7566010179285,1,LAND_B,4,0,1.0,0.14034102857112885,0.1786380112171173,0.11623971164226532,0.26598483324050903,0.017038490623235703,0,1,2.116137981414795,0.004861942958086729,0.1786380112171173,https://wandb.ai/ememchijioke-university-of-klagenfurt/single-uav-rl-baseline/runs/sjth3aqr
2026-05-08T09:52:26.663390,1409,3,3953.1753785178953,1,LAND_B,4,0,1.0,0.13786953687667847,0.1783028542995453,0.11347543448209763,0.26440802216529846,0.003950273618102074,0,1,2.113464117050171,0.0016022836789488792,0.1783028542995453,https://wandb.ai/ememchijioke-university-of-klagenfurt/single-uav-rl-baseline/runs/sjth3aqr
2026-05-08T09:52:30.153388,1410,3,3603.169086623721,1,LAND_B,4,0,1.0,0.14383305609226227,0.17871110141277313,0.12038484215736389,0.2692251205444336,0.020517803728580475,0,1,2.1203787326812744,-0.0012127551017329097,0.17871110141277313,https://wandb.ai/ememchijioke-university-of-klagenfurt/single-uav-rl-baseline/runs/sjth3aqr
2026-05-08T09:52:34.789621,1411,3,3744.2680882322766,1,LAND_B,4,0,1.0,0.1437571495771408,0.17889517545700073,0.12017349153757095,0.2693392038345337,0.016920235008001328,0,1,2.1201040744781494,-0.004083996172994375,0.17889517545700073,https://wandb.ai/ememchijioke-university-of-klagenfurt/single-uav-rl-baseline/runs/sjth3aqr
2026-05-08T09:52:38.332927,1412,3,3670.131045839688,1,LAND_B,4,0,1.0,0.14348004758358002,0.1788947433233261,0.11984214931726456,0.26841074228286743,0.014049306511878967,0,1,2.119769811630249,0.004163376055657864,0.1788947433233261,https://wandb.ai/ememchijioke-university-of-klagenfurt/single-uav-rl-baseline/runs/sjth3aqr
2026-05-08T09:52:41.757562,1413,3,4128.928151993264,1,LAND_B,4,0,1.0,0.1384906768798828,0.1785360872745514,0.11406905949115753,0.26324281096458435,0.003313135588541627,0,1,2.113832712173462,0.007339141797274351,0.1785360872745514,https://wandb.ai/ememchijioke-university-of-klagenfurt/single-uav-rl-baseline/runs/sjth3aqr
2026-05-08T09:52:45.327250,1414,3,3795.2650874435203,1,LAND_B,4,0,1.0,0.13637256622314453,0.17816555500030518,0.11174803972244263,0.26514869928359985,0.015533911064267159,0,1,2.111729383468628,0.0020420553628355265,0.17816555500030518,https://wandb.ai/ememchijioke-university-of-klagenfurt/single-uav-rl-baseline/runs/sjth3aqr
2026-05-08T09:52:48.900337,1415,3,3594.427710775717,1,LAND_B,4,0,1.0,0.14392901957035065,0.1786154955625534,0.1205618679523468,0.26407745480537415,0.018939407542347908,0,1,2.1205475330352783,-0.0018593515269458294,0.1786154955625534,https://wandb.ai/ememchijioke-university-of-klagenfurt/single-uav-rl-baseline/runs/sjth3aqr
2026-05-08T09:52:53.835667,1416,3,3768.132564644345,1,LAND_B,4,0,1.0,0.1385076344013214,0.17830431461334229,0.1142488569021225,0.2691914737224579,0.0045645651407539845,0,1,2.1141533851623535,-0.004669566173106432,0.17830431461334229,https://wandb.ai/ememchijioke-university-of-klagenfurt/single-uav-rl-baseline/runs/sjth3aqr
2026-05-08T09:52:58.899729,1417,3,4035.401473525864,1,LAND_B,4,0,1.0,0.14174292981624603,0.17852050065994263,0.11800672858953476,0.26737067103385925,0.017432060092687607,0,1,2.1180052757263184,0.0005862863617949188,0.17852050065994263,https://wandb.ai/ememchijioke-university-of-klagenfurt/single-uav-rl-baseline/runs/sjth3aqr
2026-05-08T09:53:03.598019,1418,3,3701.8019765057866,1,LAND_B,4,0,1.0,0.13257314264774323,0.1786218136548996,0.10674383491277695,0.269804984331131,0.008663041517138481,0,1,2.1062657833099365,0.010091071017086506,0.1786218136548996,https://wandb.ai/ememchijioke-university-of-klagenfurt/single-uav-rl-baseline/runs/sjth3aqr
2026-05-08T09:53:08.577954,1419,3,4227.581252058632,1,LAND_B,4,0,1.0,0.14654505252838135,0.17875812947750092,0.1235824003815651,0.2652299404144287,0.01903330534696579,0,1,2.1235806941986084,-0.0006484995828941464,0.17875812947750092,https://wandb.ai/ememchijioke-university-of-klagenfurt/single-uav-rl-baseline/runs/sjth3aqr
2026-05-08T09:53:13.553657,1420,3,3681.260789200734,1,LAND_B,4,0,1.0,0.13656097650527954,0.17916060984134674,0.11127667874097824,0.2651294767856598,0.027053041383624077,0,1,2.110860824584961,0.0096112797036767,0.17916060984134674,https://wandb.ai/ememchijioke-university-of-klagenfurt/single-uav-rl-baseline/runs/sjth3aqr
2026-05-08T09:53:16.894733,1421,3,3917.3685568757437,1,LAND_B,4,0,1.0,0.1366768330335617,0.17951801419258118,0.11116402596235275,0.26922059059143066,0.022181129083037376,0,1,2.11116361618042,0.00030165305361151695,0.17951801419258118,https://wandb.ai/ememchijioke-university-of-klagenfurt/single-uav-rl-baseline/runs/sjth3aqr
2026-05-08T09:53:20.278745,1422,3,3651.3300426433616,1,LAND_B,4,0,1.0,0.13625696301460266,0.17954912781715393,0.11062502861022949,0.262132465839386,0.0187347661703825,0,1,2.110621690750122,0.0008592255180701613,0.17954912781715393,https://wandb.ai/ememchijioke-university-of-klagenfurt/single-uav-rl-baseline/runs/sjth3aqr
2026-05-08T09:53:25.121355,1423,3,3774.8673191851803,1,LAND_B,4,0,1.0,0.14158895611763,0.1788424849510193,0.11760652810335159,0.26459094882011414,0.012637616135179996,0,1,2.1175472736358643,-0.0037327429745346308,0.1788424849510193,https://wandb.ai/ememchijioke-university-of-klagenfurt/single-uav-rl-baseline/runs/sjth3aqr
2026-05-08T09:53:28.588124,1424,3,4681.6214996110475,1,LAND_B,4,0,1.0,0.12364792823791504,0.17914238572120667,0.09500154107809067,0.2653384804725647,0.016779769212007523,0,1,2.0948240756988525,0.005804009269922972,0.17914238572120667,https://wandb.ai/ememchijioke-university-of-klagenfurt/single-uav-rl-baseline/runs/sjth3aqr
2026-05-08T09:53:32.157136,1425,3,4200.403180083415,1,LAND_B,4,0,1.0,0.1380411684513092,0.17890389263629913,0.11326755583286285,0.26554441452026367,0.02658727765083313,0,1,2.1129252910614014,0.008798675611615181,0.17890389263629913,https://wandb.ai/ememchijioke-university-of-klagenfurt/single-uav-rl-baseline/runs/sjth3aqr
2026-05-08T09:53:36.246633,1426,3,3581.7198162618106,1,LAND_B,4,0,1.0,0.14588074386119843,0.17883898317813873,0.12274203449487686,0.2643408477306366,0.014463149011135101,0,1,2.122739791870117,0.0007421898189932108,0.17883898317813873,https://wandb.ai/ememchijioke-university-of-klagenfurt/single-uav-rl-baseline/runs/sjth3aqr
2026-05-08T09:53:39.492256,1427,3,3490.0460905416176,1,LAND_B,4,0,1.0,0.14171715080738068,0.17810609936714172,0.1182505264878273,0.2720716893672943,0.009274429641664028,0,1,2.1181986331939697,-0.0035027998965233564,0.17810609936714172,https://wandb.ai/ememchijioke-university-of-klagenfurt/single-uav-rl-baseline/runs/sjth3aqr
2026-05-08T09:53:43.780038,1428,3,3611.3315497600806,1,LAND_B,4,0,1.0,0.13992449641227722,0.1779111623764038,0.11622699350118637,0.2644098401069641,0.02164643630385399,0,1,2.116220235824585,0.0012532781111076474,0.1779111623764038,https://wandb.ai/ememchijioke-university-of-klagenfurt/single-uav-rl-baseline/runs/sjth3aqr
2026-05-08T09:53:48.927901,1429,3,4710.85918850944,1,LAND_B,4,0,1.0,0.1290893852710724,0.1783117651939392,0.10262230783700943,0.26767808198928833,0.021718323230743408,0,1,2.1023926734924316,0.006861387751996517,0.1783117651939392,https://wandb.ai/ememchijioke-university-of-klagenfurt/single-uav-rl-baseline/runs/sjth3aqr
2026-05-08T09:53:53.894295,1430,3,3821.4373395513226,1,LAND_B,4,0,1.0,0.13644197583198547,0.17771701514720917,0.11214489489793777,0.26214703917503357,0.02116299793124199,0,1,2.111992120742798,-0.005851747468113899,0.17771701514720917,https://wandb.ai/ememchijioke-university-of-klagenfurt/single-uav-rl-baseline/runs/sjth3aqr
2026-05-08T09:53:58.781982,1431,3,3873.081944279116,1,LAND_B,4,0,1.0,0.14118047058582306,0.17766664922237396,0.11789748072624207,0.27140671014785767,0.008506381884217262,0,1,2.117832899093628,-0.0039018939714878798,0.17766664922237396,https://wandb.ai/ememchijioke-university-of-klagenfurt/single-uav-rl-baseline/runs/sjth3aqr
2026-05-08T09:54:03.465644,1432,3,3773.4917537251617,1,LAND_B,4,0,1.0,0.13601210713386536,0.17705300450325012,0.1120809018611908,0.2657179534435272,0.005177891347557306,0,1,2.1119821071624756,0.0047048237174749374,0.17705300450325012,https://wandb.ai/ememchijioke-university-of-klagenfurt/single-uav-rl-baseline/runs/sjth3aqr
2026-05-08T09:54:07.887515,1433,3,3809.8258162005013,1,LAND_B,4,0,1.0,0.14145617187023163,0.1777600198984146,0.11816610395908356,0.2652147710323334,0.007059544790536165,0,1,2.118025541305542,0.0057619004510343075,0.1777600198984146,https://wandb.ai/ememchijioke-university-of-klagenfurt/single-uav-rl-baseline/runs/sjth3aqr
2026-05-08T09:54:11.232976,1434,3,3873.0273351793358,1,LAND_B,4,0,1.0,0.14439427852630615,0.1772884577512741,0.12196804583072662,0.2668672800064087,0.016924910247325897,0,1,2.1219470500946045,0.0022628800943493843,0.1772884577512741,https://wandb.ai/ememchijioke-university-of-klagenfurt/single-uav-rl-baseline/runs/sjth3aqr
2026-05-08T09:54:14.645994,1435,3,3591.080201196158,1,LAND_B,4,0,1.0,0.14159908890724182,0.17763656377792358,0.11841818690299988,0.2677944302558899,0.013242194429039955,0,1,2.1184041500091553,0.0018232617294415832,0.17763656377792358,https://wandb.ai/ememchijioke-university-of-klagenfurt/single-uav-rl-baseline/runs/sjth3aqr
2026-05-08T09:54:19.615968,1436,3,3502.7516577390975,1,LAND_B,4,0,1.0,0.14279043674468994,0.17763490974903107,0.11984127014875412,0.26632073521614075,0.0010280130663886666,0,1,2.119840621948242,-0.0003946609504055232,0.17763490974903107,https://wandb.ai/ememchijioke-university-of-klagenfurt/single-uav-rl-baseline/runs/sjth3aqr
2026-05-08T09:54:22.815935,1437,3,3830.564830032228,1,LAND_B,4,0,1.0,0.13681039214134216,0.17764036357402802,0.1126457080245018,0.27104759216308594,0.00623062951490283,0,1,2.1124460697174072,0.006703529041260481,0.17764036357402802,https://wandb.ai/ememchijioke-university-of-klagenfurt/single-uav-rl-baseline/runs/sjth3aqr
2026-05-08T09:54:26.514509,1438,3,4663.372181076615,1,LAND_B,4,0,1.0,0.1254756897687912,0.17762623727321625,0.09858151525259018,0.2641822397708893,0.019187822937965393,0,1,2.0985801219940186,0.0005248505622148514,0.17762623727321625,https://wandb.ai/ememchijioke-university-of-klagenfurt/single-uav-rl-baseline/runs/sjth3aqr
2026-05-08T09:54:30.040603,1439,3,4045.5863164883826,1,LAND_B,4,0,1.0,0.13240088522434235,0.1774379014968872,0.10739351063966751,0.26939651370048523,0.010210554115474224,0,1,2.1073648929595947,-0.0024790242314338684,0.1774379014968872,https://wandb.ai/ememchijioke-university-of-klagenfurt/single-uav-rl-baseline/runs/sjth3aqr
2026-05-08T09:54:34.442801,1440,3,3742.561080581735,1,LAND_B,4,0,1.0,0.13929881155490875,0.1776892989873886,0.1156223714351654,0.2653978168964386,0.008433514274656773,0,1,2.1153976917266846,0.0072044990956783295,0.1776892989873886,https://wandb.ai/ememchijioke-university-of-klagenfurt/single-uav-rl-baseline/runs/sjth3aqr
2026-05-08T09:54:37.811111,1441,3,3894.5436461438167,1,LAND_B,4,0,1.0,0.1353454291820526,0.1774558275938034,0.11099089682102203,0.2657085657119751,0.008697456680238247,0,1,2.1101913452148438,0.013298348523676395,0.1774558275938034,https://wandb.ai/ememchijioke-university-of-klagenfurt/single-uav-rl-baseline/runs/sjth3aqr
2026-05-08T09:54:41.479243,1442,3,4691.842213821094,1,LAND_B,4,0,1.0,0.13089755177497864,0.1771378070116043,0.10575409978628159,0.2685416340827942,0.011035606265068054,0,1,2.1057255268096924,0.002458215458318591,0.1771378070116043,https://wandb.ai/ememchijioke-university-of-klagenfurt/single-uav-rl-baseline/runs/sjth3aqr
2026-05-08T09:54:45.003004,1443,3,3773.3439140954138,1,LAND_B,4,0,1.0,0.13522692024707794,0.17717790603637695,0.11104004085063934,0.2675875723361969,0.015105439350008965,0,1,2.111013412475586,0.002431797794997692,0.17717790603637695,https://wandb.ai/ememchijioke-university-of-klagenfurt/single-uav-rl-baseline/runs/sjth3aqr
2026-05-08T09:54:48.659331,1444,3,3748.0848403467216,1,LAND_B,4,0,1.0,0.13737045228481293,0.17718712985515594,0.11363445222377777,0.2679959535598755,0.01359852496534586,0,1,2.1136293411254883,0.0010778011055663228,0.17718712985515594,https://wandb.ai/ememchijioke-university-of-klagenfurt/single-uav-rl-baseline/runs/sjth3aqr
2026-05-08T09:54:52.119967,1445,3,3731.138814729483,1,LAND_B,4,0,1.0,0.13778139650821686,0.17664653062820435,0.11449464410543442,0.2670954167842865,0.015331903472542763,0,1,2.114351511001587,0.00572324451059103,0.17664653062820435,https://wandb.ai/ememchijioke-university-of-klagenfurt/single-uav-rl-baseline/runs/sjth3aqr
2026-05-08T09:54:55.300888,1446,3,3990.9444248518353,1,LAND_B,4,0,1.0,0.1462586373090744,0.1770268827676773,0.1243320032954216,0.26875874400138855,0.033844977617263794,0,1,2.12432861328125,-0.0009186114184558392,0.1770268827676773,https://wandb.ai/ememchijioke-university-of-klagenfurt/single-uav-rl-baseline/runs/sjth3aqr
2026-05-08T09:54:58.519483,1447,3,4035.0133740285232,1,LAND_B,4,0,1.0,0.13748466968536377,0.1759934425354004,0.11457325518131256,0.27050063014030457,0.011976229026913643,0,1,2.1145498752593994,0.0023144439328461885,0.1759934425354004,https://wandb.ai/ememchijioke-university-of-klagenfurt/single-uav-rl-baseline/runs/sjth3aqr
2026-05-08T09:55:01.982182,1448,3,3639.407371570489,1,LAND_B,4,0,1.0,0.14092308282852173,0.17704834043979645,0.11799520999193192,0.2666759490966797,0.01091631967574358,0,1,2.117908239364624,0.004529452417045832,0.17704834043979645,https://wandb.ai/ememchijioke-university-of-klagenfurt/single-uav-rl-baseline/runs/sjth3aqr
2026-05-08T09:55:05.991279,1449,3,3693.8251945928587,1,LAND_B,4,0,1.0,0.1433888077735901,0.1770840585231781,0.12090656906366348,0.2669292986392975,0.017631681635975838,0,1,2.1201679706573486,0.013343811966478825,0.1770840585231781,https://wandb.ai/ememchijioke-university-of-klagenfurt/single-uav-rl-baseline/runs/sjth3aqr
2026-05-08T09:55:09.633752,1450,3,3517.7590711625794,1,LAND_B,4,0,1.0,0.13974380493164062,0.1772032082080841,0.11648175120353699,0.26715758442878723,0.017325427383184433,0,1,2.1164326667785645,0.0033812455367296934,0.1772032082080841,https://wandb.ai/ememchijioke-university-of-klagenfurt/single-uav-rl-baseline/runs/sjth3aqr
2026-05-08T09:55:14.978280,1451,3,4672.8310266761855,1,LAND_B,4,0,1.0,0.1304215043783188,0.1769658774137497,0.10529018938541412,0.26757627725601196,0.02320251241326332,0,1,2.105288505554199,-0.0005946049350313842,0.1769658774137497,https://wandb.ai/ememchijioke-university-of-klagenfurt/single-uav-rl-baseline/runs/sjth3aqr
2026-05-08T09:55:19.061393,1452,3,3695.1642392621734,1,LAND_B,4,0,1.0,0.13959181308746338,0.17691148817539215,0.11649247258901596,0.27105748653411865,0.014425002038478851,0,1,2.116412401199341,-0.004318384453654289,0.17691148817539215,https://wandb.ai/ememchijioke-university-of-klagenfurt/single-uav-rl-baseline/runs/sjth3aqr
2026-05-08T09:55:22.611406,1453,3,3984.901086362428,1,LAND_B,4,0,1.0,0.13646365702152252,0.17777614295482635,0.1121302917599678,0.26844310760498047,0.024747533723711967,0,1,2.1120316982269287,-0.004701113328337669,0.17777614295482635,https://wandb.ai/ememchijioke-university-of-klagenfurt/single-uav-rl-baseline/runs/sjth3aqr
2026-05-08T09:55:26.203199,1454,3,4029.175755948101,1,LAND_B,4,0,1.0,0.13917896151542664,0.1767812967300415,0.11608365923166275,0.2680475413799286,0.01698412001132965,0,1,2.115612506866455,0.010448144748806953,0.1767812967300415,https://wandb.ai/ememchijioke-university-of-klagenfurt/single-uav-rl-baseline/runs/sjth3aqr
2026-05-08T09:55:29.782311,1455,3,3844.9064615773905,1,LAND_B,4,0,1.0,0.13376587629318237,0.17669905722141266,0.10959271341562271,0.2654002010822296,0.010812537744641304,0,1,2.1091434955596924,0.009912635199725628,0.17669905722141266,https://wandb.ai/ememchijioke-university-of-klagenfurt/single-uav-rl-baseline/runs/sjth3aqr
2026-05-08T09:55:33.327962,1456,3,3992.933876526511,1,LAND_B,4,0,1.0,0.13647165894508362,0.17718809843063354,0.11254559457302094,0.2666011452674866,0.016335753723978996,0,1,2.1125361919403076,0.001454735524021089,0.17718809843063354,https://wandb.ai/ememchijioke-university-of-klagenfurt/single-uav-rl-baseline/runs/sjth3aqr
2026-05-08T09:55:37.340949,1457,3,4641.67159642326,1,LAND_B,4,0,1.0,0.12947167456150055,0.17758217453956604,0.10365287959575653,0.2665281891822815,0.03086751326918602,0,1,2.1036367416381836,0.0018291121814399958,0.17758217453956604,https://wandb.ai/ememchijioke-university-of-klagenfurt/single-uav-rl-baseline/runs/sjth3aqr
2026-05-08T09:55:41.205436,1458,3,3810.8850328337444,1,LAND_B,4,0,1.0,0.13270430266857147,0.17729802429676056,0.10786772519350052,0.27079617977142334,0.01988035999238491,0,1,2.107327699661255,0.010780149139463902,0.17729802429676056,https://wandb.ai/ememchijioke-university-of-klagenfurt/single-uav-rl-baseline/runs/sjth3aqr
2026-05-08T09:55:45.883819,1459,3,4695.461909790438,1,LAND_B,4,0,1.0,0.13221429288387299,0.17756076157093048,0.10707449913024902,0.2642284333705902,0.0285760797560215,0,1,2.107062578201294,0.0015977791044861078,0.17756076157093048,https://wandb.ai/ememchijioke-university-of-klagenfurt/single-uav-rl-baseline/runs/sjth3aqr
2026-05-08T09:55:49.377386,1460,3,4228.319017547864,1,LAND_B,4,0,1.0,0.1371902972459793,0.17907105386257172,0.11211130768060684,0.2661794126033783,0.007076253183186054,0,1,2.1121091842651367,-0.0006900039734318852,0.17907105386257172,https://wandb.ai/ememchijioke-university-of-klagenfurt/single-uav-rl-baseline/runs/sjth3aqr
2026-05-08T09:55:54.259636,1461,3,3621.2523989209253,1,LAND_B,4,0,1.0,0.13571536540985107,0.17873287200927734,0.11054319143295288,0.2632688581943512,0.024470102041959763,0,1,2.1098594665527344,0.012275820598006248,0.17873287200927734,https://wandb.ai/ememchijioke-university-of-klagenfurt/single-uav-rl-baseline/runs/sjth3aqr
2026-05-08T09:55:59.146893,1462,3,4066.5308120408704,1,LAND_B,4,0,1.0,0.13314288854599,0.17779850959777832,0.10804823786020279,0.26476797461509705,0.012968314811587334,0,1,2.1080214977264404,0.002403806196525693,0.17779850959777832,https://wandb.ai/ememchijioke-university-of-klagenfurt/single-uav-rl-baseline/runs/sjth3aqr
2026-05-08T09:56:03.125600,1463,3,4667.817192686801,1,LAND_B,4,0,1.0,0.1328572779893875,0.17799019813537598,0.10755736380815506,0.2642396092414856,0.008095149882137775,0,1,2.107326030731201,0.007050494197756052,0.17799019813537598,https://wandb.ai/ememchijioke-university-of-klagenfurt/single-uav-rl-baseline/runs/sjth3aqr
2026-05-08T09:56:06.829310,1464,3,3859.963322198193,1,LAND_B,4,0,1.0,0.1358659714460373,0.17809146642684937,0.11118132621049881,0.26814791560173035,0.007572847418487072,0,1,2.111020088195801,0.005985578987747431,0.17809146642684937,https://wandb.ai/ememchijioke-university-of-klagenfurt/single-uav-rl-baseline/runs/sjth3aqr
2026-05-08T09:56:10.225585,1465,3,4224.826532768033,1,LAND_B,4,0,1.0,0.13317692279815674,0.17773467302322388,0.10813608765602112,0.2661130428314209,0.00498252734541893,0,1,2.1074838638305664,0.011858859099447727,0.17773467302322388,https://wandb.ai/ememchijioke-university-of-klagenfurt/single-uav-rl-baseline/runs/sjth3aqr
2026-05-08T09:56:13.718382,1466,3,4138.493034835685,1,LAND_B,4,0,1.0,0.14436447620391846,0.17848345637321472,0.12116702646017075,0.2625422179698944,0.008696143515408039,0,1,2.1206867694854736,0.010777415707707405,0.17848345637321472,https://wandb.ai/ememchijioke-university-of-klagenfurt/single-uav-rl-baseline/runs/sjth3aqr
2026-05-08T09:56:17.262467,1467,3,3840.084765776743,1,LAND_B,4,0,1.0,0.14477932453155518,0.17796272039413452,0.12199535220861435,0.2633020579814911,0.013322392478585243,0,1,2.1216061115264893,0.009737534448504448,0.17796272039413452,https://wandb.ai/ememchijioke-university-of-klagenfurt/single-uav-rl-baseline/runs/sjth3aqr
2026-05-08T09:56:22.223432,1468,3,3615.771668674929,1,LAND_B,4,0,1.0,0.13916902244091034,0.17797785997390747,0.11527129262685776,0.2655830979347229,0.0241542961448431,0,1,2.1150174140930176,0.007646212354302406,0.17797785997390747,https://wandb.ai/ememchijioke-university-of-klagenfurt/single-uav-rl-baseline/runs/sjth3aqr
2026-05-08T09:56:25.942027,1469,3,3763.7931601349774,1,LAND_B,4,0,1.0,0.13292266428470612,0.17771002650260925,0.10784055292606354,0.2687452733516693,0.011485657654702663,0,1,2.107837438583374,-0.0008197276038117707,0.17771002650260925,https://wandb.ai/ememchijioke-university-of-klagenfurt/single-uav-rl-baseline/runs/sjth3aqr
2026-05-08T09:56:29.693030,1470,3,3710.4480988475375,1,LAND_B,4,0,1.0,0.1401410847902298,0.1776563823223114,0.11665765941143036,0.2672847807407379,0.025413841009140015,0,1,2.116156578063965,0.010800907388329506,0.1776563823223114,https://wandb.ai/ememchijioke-university-of-klagenfurt/single-uav-rl-baseline/runs/sjth3aqr
2026-05-08T09:56:33.292020,1471,3,3610.107681314012,1,LAND_B,4,0,1.0,0.14292141795158386,0.17761771380901337,0.1200084313750267,0.2635509669780731,0.010501610115170479,0,1,2.119746446609497,0.00792543776333332,0.17761771380901337,https://wandb.ai/ememchijioke-university-of-klagenfurt/single-uav-rl-baseline/runs/sjth3aqr
2026-05-08T09:56:37.795136,1472,3,3794.974036562594,1,LAND_B,4,0,1.0,0.13373208045959473,0.1777401566505432,0.10881514847278595,0.26716354489326477,0.011986898258328438,0,1,2.108243227005005,0.011141830123960972,0.1777401566505432,https://wandb.ai/ememchijioke-university-of-klagenfurt/single-uav-rl-baseline/runs/sjth3aqr
2026-05-08T09:56:42.745004,1473,3,4014.2753328812814,1,LAND_B,4,0,1.0,0.1409091353416443,0.1781647801399231,0.11724184453487396,0.2674166262149811,0.013723996467888355,0,1,2.117208480834961,0.002796976361423731,0.1781647801399231,https://wandb.ai/ememchijioke-university-of-klagenfurt/single-uav-rl-baseline/runs/sjth3aqr
2026-05-08T09:56:46.316861,1474,3,4025.0578373194344,1,LAND_B,4,0,1.0,0.14204351603984833,0.1773553043603897,0.11913234740495682,0.2681160569190979,0.009117764420807362,0,1,2.1191318035125732,0.0003617294132709503,0.1773553043603897,https://wandb.ai/ememchijioke-university-of-klagenfurt/single-uav-rl-baseline/runs/sjth3aqr
2026-05-08T09:56:49.910891,1475,3,4023.715296315968,1,LAND_B,4,0,1.0,0.14284135401248932,0.17712466418743134,0.1202307716012001,0.2663198709487915,0.028692906722426414,0,1,2.1198647022247314,0.009375068359076977,0.17712466418743134,https://wandb.ai/ememchijioke-university-of-klagenfurt/single-uav-rl-baseline/runs/sjth3aqr
2026-05-08T09:56:53.332167,1476,3,4235.0181339161245,1,LAND_B,4,0,1.0,0.14195646345615387,0.17804990708827972,0.11857422441244125,0.2639831006526947,0.006743562873452902,0,1,2.118570327758789,-0.0009615594171918929,0.17804990708827972,https://wandb.ai/ememchijioke-university-of-klagenfurt/single-uav-rl-baseline/runs/sjth3aqr
2026-05-08T09:56:58.077947,1477,3,3738.156334469375,1,LAND_B,4,0,1.0,0.13759413361549377,0.17816253006458282,0.1132376566529274,0.2707729935646057,0.015399421565234661,0,1,2.112558603286743,0.012382538989186287,0.17816253006458282,https://wandb.ai/ememchijioke-university-of-klagenfurt/single-uav-rl-baseline/runs/sjth3aqr
2026-05-08T09:57:01.684887,1478,3,4240.7853691108385,1,LAND_B,4,0,1.0,0.1339387595653534,0.17803816497325897,0.10885602235794067,0.26620709896087646,0.01883436180651188,0,1,2.108459711074829,0.009280355647206306,0.17803816497325897,https://wandb.ai/ememchijioke-university-of-klagenfurt/single-uav-rl-baseline/runs/sjth3aqr
2026-05-08T09:57:05.657154,1479,3,4680.638037128507,1,LAND_B,4,0,1.0,0.12583917379379272,0.17833232879638672,0.0984862744808197,0.2643948197364807,0.00755536463111639,0,1,2.0978879928588867,0.01083910372108221,0.17833232879638672,https://wandb.ai/ememchijioke-university-of-klagenfurt/single-uav-rl-baseline/runs/sjth3aqr
2026-05-08T09:57:09.049688,1480,3,4203.468468525295,1,LAND_B,4,0,1.0,0.13815900683403015,0.17860105633735657,0.11362123489379883,0.26653897762298584,0.016894502565264702,0,1,2.1135969161987305,-0.002350595546886325,0.17860105633735657,https://wandb.ai/ememchijioke-university-of-klagenfurt/single-uav-rl-baseline/runs/sjth3aqr
2026-05-08T09:57:12.611933,1481,3,4229.1554928069345,1,LAND_B,4,0,1.0,0.13349799811840057,0.17911440134048462,0.1075296550989151,0.264261394739151,0.02030305191874504,0,1,2.1072168350219727,0.008196151815354824,0.17911440134048462,https://wandb.ai/ememchijioke-university-of-klagenfurt/single-uav-rl-baseline/runs/sjth3aqr
2026-05-08T09:57:17.546780,1482,3,4149.321913506372,1,LAND_B,4,0,1.0,0.1402697116136551,0.17997674643993378,0.11523590981960297,0.26382240653038025,0.02882469817996025,0,1,2.1150012016296387,0.007351096253842115,0.17997674643993378,https://wandb.ai/ememchijioke-university-of-klagenfurt/single-uav-rl-baseline/runs/sjth3aqr
2026-05-08T09:57:21.319625,1483,3,4658.866891591036,1,LAND_B,4,0,1.0,0.13180387020111084,0.17893989384174347,0.10554976016283035,0.2637428641319275,0.018997451290488243,0,1,2.105426073074341,0.005108378361910582,0.17893989384174347,https://wandb.ai/ememchijioke-university-of-klagenfurt/single-uav-rl-baseline/runs/sjth3aqr
2026-05-08T09:57:25.154405,1484,3,3969.0294427561485,1,LAND_B,4,0,1.0,0.1298753321170807,0.17890973389148712,0.10315452516078949,0.26803189516067505,0.007149699609726667,0,1,2.103011131286621,0.0054371957667171955,0.17890973389148712,https://wandb.ai/ememchijioke-university-of-klagenfurt/single-uav-rl-baseline/runs/sjth3aqr
2026-05-08T09:57:28.493383,1485,3,4222.384065033997,1,LAND_B,4,0,1.0,0.13655544817447662,0.17888636887073517,0.1114644780755043,0.26488378643989563,0.01444211695343256,0,1,2.111290454864502,0.006226096767932177,0.17888636887073517,https://wandb.ai/ememchijioke-university-of-klagenfurt/single-uav-rl-baseline/runs/sjth3aqr
2026-05-08T09:57:32.247715,1486,3,4714.630837661585,1,LAND_B,4,0,1.0,0.1312263309955597,0.1791020780801773,0.10470534861087799,0.2627709209918976,0.009762687608599663,0,1,2.1045687198638916,0.005347238853573799,0.1791020780801773,https://wandb.ai/ememchijioke-university-of-klagenfurt/single-uav-rl-baseline/runs/sjth3aqr
2026-05-08T09:57:36.126704,1487,3,4205.859354666444,1,LAND_B,4,0,1.0,0.1316055953502655,0.1783878356218338,0.10571365803480148,0.26610541343688965,0.0074723390862345695,0,1,2.105449676513672,0.007466199807822704,0.1783878356218338,https://wandb.ai/ememchijioke-university-of-klagenfurt/single-uav-rl-baseline/runs/sjth3aqr
2026-05-08T09:57:39.896486,1488,3,3740.87639261556,1,LAND_B,4,0,1.0,0.13044187426567078,0.17846807837486267,0.10420097410678864,0.26371824741363525,0.016913481056690216,0,1,2.104200601577759,0.00027806335128843784,0.17846807837486267,https://wandb.ai/ememchijioke-university-of-klagenfurt/single-uav-rl-baseline/runs/sjth3aqr
2026-05-08T09:57:44.840318,1489,3,3745.598030594374,1,LAND_B,4,0,1.0,0.14057907462120056,0.17797863483428955,0.11696925759315491,0.2682367265224457,0.010476280003786087,0,1,2.1166374683380127,0.0088038956746459,0.17797863483428955,https://wandb.ai/ememchijioke-university-of-klagenfurt/single-uav-rl-baseline/runs/sjth3aqr
2026-05-08T09:57:49.485654,1490,3,4676.570169802565,1,LAND_B,4,0,1.0,0.12734855711460114,0.17762933671474457,0.10095217823982239,0.2656899690628052,0.03501345217227936,0,1,2.1000852584838867,0.013201653957366943,0.17762933671474457,https://wandb.ai/ememchijioke-university-of-klagenfurt/single-uav-rl-baseline/runs/sjth3aqr
2026-05-08T09:57:54.166166,1491,3,4148.929016939926,1,LAND_B,4,0,1.0,0.13997948169708252,0.17811176180839539,0.11615853756666183,0.2730947732925415,0.012179342098534107,0,1,2.1155295372009277,0.012071945704519749,0.17811176180839539,https://wandb.ai/ememchijioke-university-of-klagenfurt/single-uav-rl-baseline/runs/sjth3aqr
2026-05-08T09:57:58.585014,1492,3,3774.2553830806496,1,LAND_B,4,0,1.0,0.13218490779399872,0.17888657748699188,0.10606487095355988,0.27046915888786316,0.0018608756363391876,0,1,2.106034517288208,0.0025371063966304064,0.17888657748699188,https://wandb.ai/ememchijioke-university-of-klagenfurt/single-uav-rl-baseline/runs/sjth3aqr
2026-05-08T09:58:03.163094,1493,3,3836.361629434466,1,LAND_B,4,0,1.0,0.1310175061225891,0.17835433781147003,0.105005644261837,0.2711794972419739,0.016174795106053352,0,1,2.104112386703491,0.013667354360222816,0.17835433781147003,https://wandb.ai/ememchijioke-university-of-klagenfurt/single-uav-rl-baseline/runs/sjth3aqr
2026-05-08T09:58:06.754298,1494,3,3872.7557137694885,1,LAND_B,4,0,1.0,0.13608306646347046,0.17866753041744232,0.1110406368970871,0.2655503749847412,0.027742940932512283,0,1,2.110717535018921,0.008464628830552101,0.17866753041744232,https://wandb.ai/ememchijioke-university-of-klagenfurt/single-uav-rl-baseline/runs/sjth3aqr
2026-05-08T09:58:11.701159,1495,3,3886.921116674502,1,LAND_B,4,0,1.0,0.14019626379013062,0.1777806133031845,0.11664120107889175,0.26225459575653076,0.025851024314761162,0,1,2.1164262294769287,0.007078364957123995,0.1777806133031845,https://wandb.ai/ememchijioke-university-of-klagenfurt/single-uav-rl-baseline/runs/sjth3aqr
2026-05-08T09:58:16.511280,1496,3,3735.7080953895525,1,LAND_B,4,0,1.0,0.1386340856552124,0.1786230057477951,0.11418332159519196,0.26695966720581055,0.013809173367917538,0,1,2.114176034927368,0.0012901356676593423,0.1786230057477951,https://wandb.ai/ememchijioke-university-of-klagenfurt/single-uav-rl-baseline/runs/sjth3aqr
2026-05-08T09:58:20.462272,1497,3,3936.348478866334,1,LAND_B,4,0,1.0,0.14127996563911438,0.17758990824222565,0.11806707084178925,0.2639386057853699,0.017139114439487457,0,1,2.117745876312256,0.008702972903847694,0.17758990824222565,https://wandb.ai/ememchijioke-university-of-klagenfurt/single-uav-rl-baseline/runs/sjth3aqr
2026-05-08T09:58:24.200994,1498,3,4219.659349944897,1,LAND_B,4,0,1.0,0.13320104777812958,0.17861513793468475,0.10752758383750916,0.2639722228050232,0.0022689057514071465,0,1,2.107163906097412,-0.008836217224597931,0.17861513793468475,https://wandb.ai/ememchijioke-university-of-klagenfurt/single-uav-rl-baseline/runs/sjth3aqr
2026-05-08T09:58:29.620675,1499,3,4680.1263905661035,1,LAND_B,4,0,1.0,0.12955302000045776,0.17808985710144043,0.10337290912866592,0.27286767959594727,0.015020197257399559,0,1,2.102769613265991,0.011151901446282864,0.17808985710144043,https://wandb.ai/ememchijioke-university-of-klagenfurt/single-uav-rl-baseline/runs/sjth3aqr
2026-05-08T09:58:33.913023,1500,3,3980.9139889734156,1,LAND_B,4,0,1.0,0.1361350119113922,0.1775720715522766,0.1118718609213829,0.2656272351741791,0.0015243224333971739,0,1,2.11177659034729,0.004615935496985912,0.1775720715522766,https://wandb.ai/ememchijioke-university-of-klagenfurt/single-uav-rl-baseline/runs/sjth3aqr
