timestamp,episode,stage,stage_name,reward,success,phase,phase_name,center_error,formation_error,spacing_error,mean_speed,mean_cmd_speed,mean_correction,collision_count,min_pair_dist,min_obstacle_margin,obstacle_collision_count,episode_obstacle_collision_count,obstacle_near_miss_count,episode_near_miss_count,max_spacing_during_danger,max_shape_error_during_danger,obstacle_clear,crashed,formation_safe
2026-07-06T01:18:33.868783,1,4,soft_center_range_marl,-28364.36182292307,0,2,triangle_to_goal_obstacle,0.304354727268219,0.42126432061195374,0.6304044723510742,0.29566049575805664,0.13723497092723846,0.3835859000682831,0,1.3433328866958618,2.4706335163116453,0,0,0,131,0.5293769836425781,0.3689855635166168,1,0,0
2026-07-06T01:18:38.231486,2,4,soft_center_range_marl,-15917.540228053276,0,4,landing,0.7071006894111633,0.09415299445390701,0.10574301083882649,0.2508144676685333,0.1825505495071411,0.17687737941741943,0,1.0011790990829468,3.746361026763916,0,0,0,91,0.5763777097066244,0.3938111364841461,1,0,1
2026-07-06T01:18:42.003486,3,4,soft_center_range_marl,4714.29568439469,1,4,landing,0.8528099060058594,0.16005127131938934,0.19768881797790527,0.16683261096477509,0.14963030815124512,0.18439459800720215,0,0.8379942178726196,3.991760501861572,0,0,0,83,0.2150521675745646,0.17673473060131073,1,0,1
2026-07-06T01:18:45.520189,4,4,soft_center_range_marl,47249.02708599301,1,4,landing,0.8991554379463196,0.18981103599071503,0.23405865828196207,0.1912408471107483,0.1496841460466385,0.1705635040998459,0,0.8002200126647949,4.058389434814453,0,0,0,77,0.06377490361531575,0.07807726413011551,1,0,1
2026-07-06T01:18:49.082156,5,4,soft_center_range_marl,-7175.368294503599,1,4,landing,1.0835500955581665,0.31101083755493164,0.3402160008748372,0.20755089819431305,0.15309099853038788,0.17789186537265778,0,0.6523323655128479,4.271921405792236,0,0,0,72,0.26852162679036456,0.22236482799053192,1,0,0
2026-07-06T01:18:52.416589,6,4,soft_center_range_marl,-3512.641776494904,1,4,landing,1.1217213869094849,0.3311871290206909,0.35506494839986164,0.21187622845172882,0.15266744792461395,0.17331767082214355,0,0.6417040824890137,4.378602752685547,0,0,0,68,0.2764845887819926,0.22851347923278809,1,0,0
2026-07-06T01:18:56.928049,7,4,soft_center_range_marl,-32978.3882712801,0,2,triangle_to_goal_obstacle,1.276423454284668,0.47533118724823,0.39983584483464557,0.0228741317987442,0.14276404678821564,0.15060031414031982,0,0.5867947936058044,4.555882225036621,0,0,0,68,0.3595258792241414,0.33891716599464417,1,0,0
2026-07-06T01:19:00.645364,8,4,soft_center_range_marl,44597.00492992714,1,4,landing,0.8285427689552307,0.1501297950744629,0.18215064207712808,0.17068804800510406,0.14960028231143951,0.1580469161272049,0,0.8575911521911621,3.9666078186035154,0,0,0,80,0.12609757979710898,0.12150639295578003,1,0,1
2026-07-06T01:19:04.416565,9,4,soft_center_range_marl,42942.73875353879,1,4,landing,0.928051233291626,0.20601142942905426,0.24605214595794678,0.18043075501918793,0.15005478262901306,0.16242001950740814,0,0.7904528379440308,4.077562103271484,0,0,0,76,0.11694437265396118,0.09796353429555893,1,0,1
2026-07-06T01:19:08.264833,10,4,soft_center_range_marl,938.4908819889988,1,4,landing,1.0590887069702148,0.2914803922176361,0.3326110641161601,0.20690923929214478,0.15300564467906952,0.1534389704465866,0,0.6966248154640198,4.209904918670654,0,0,0,72,0.23390477895736694,0.19259829819202423,1,0,0
2026-07-06T01:19:11.816081,11,4,soft_center_range_marl,-5895.540944018152,1,4,landing,1.1426411867141724,0.3406437337398529,0.3738407890001933,0.21213369071483612,0.15327860414981842,0.19661106169223785,0,0.6399725675582886,4.374480495452881,0,0,0,69,0.2691991130510966,0.2283293604850769,1,0,0
2026-07-06T01:19:16.529359,12,4,soft_center_range_marl,-36970.645374698994,0,2,triangle_to_goal_obstacle,1.2725811004638672,0.47099971771240234,0.4017658233642578,0.02126530557870865,0.14418058097362518,0.1495024710893631,0,0.5853258967399597,4.554636249542236,0,0,0,66,0.38437654574712116,0.3855586349964142,1,0,0
2026-07-06T01:19:20.563053,13,4,soft_center_range_marl,49686.727837091086,1,4,landing,0.8380582332611084,0.15708760917186737,0.19051446517308554,0.1643487960100174,0.14915728569030762,0.15496860444545746,0,0.8660093545913696,3.9705631828308103,0,0,0,85,0.11314759651819865,0.09962671995162964,1,0,1
2026-07-06T01:19:24.170884,14,4,soft_center_range_marl,47418.10745965665,1,4,landing,0.9158464074134827,0.2026805728673935,0.24263006448745728,0.191087543964386,0.14973336458206177,0.14135919511318207,0,0.7867531180381775,4.049520740509033,0,0,0,75,0.07081274191538493,0.063804991543293,1,0,1
2026-07-06T01:19:27.849748,15,4,soft_center_range_marl,-3190.449965405882,1,4,landing,1.056038498878479,0.2900080382823944,0.32392285267512005,0.20325951278209686,0.1533096879720688,0.13692910969257355,0,0.7001546025276184,4.24605728149414,0,0,0,71,0.2567029595375061,0.21622289717197418,1,0,0
2026-07-06T01:19:31.340376,16,4,soft_center_range_marl,-3618.554008520916,1,4,landing,1.1344859600067139,0.3377896249294281,0.3699387311935425,0.20332743227481842,0.15309299528598785,0.15022504329681396,0,0.6323233842849731,4.361460456848144,0,0,0,69,0.26620203256607056,0.22559981048107147,1,0,0
2026-07-06T01:19:36.055448,17,4,soft_center_range_marl,-35000.01033998512,0,2,triangle_to_goal_obstacle,1.2659156322479248,0.467523455619812,0.39989225069681805,0.022500663995742798,0.1412636935710907,0.16580288112163544,0,0.5927172303199768,4.540676364898681,0,0,0,65,0.3834689458211263,0.35935020446777344,1,0,0
2026-07-06T01:19:39.989837,18,4,soft_center_range_marl,49973.96250624546,1,4,landing,0.8373822569847107,0.1509510725736618,0.18510305881500244,0.15809471905231476,0.14811375737190247,0.1710127592086792,0,0.8770480155944824,3.9549553489685056,0,0,0,82,0.11567032337188721,0.09492912143468857,1,0,1
2026-07-06T01:19:43.734449,19,4,soft_center_range_marl,42079.50303058279,1,4,landing,0.9295340180397034,0.21290284395217896,0.2546899716059367,0.19409842789173126,0.15040524303913116,0.13721232116222382,0,0.7605929374694824,4.0940892791748045,0,0,0,78,0.11657023429870605,0.11150012165307999,1,0,1
2026-07-06T01:19:47.266364,20,4,soft_center_range_marl,-3992.769397975852,1,4,landing,1.0862785577774048,0.3082538843154907,0.3390713532765706,0.19982540607452393,0.15371833741664886,0.15610386431217194,0,0.6797292232513428,4.326448211669922,0,0,0,71,0.25638945897420246,0.215282142162323,1,0,0
2026-07-06T01:19:50.780075,21,4,soft_center_range_marl,-11618.354869706782,1,4,landing,1.1644350290298462,0.3581766188144684,0.37111735343933105,0.20798909664154053,0.15367811918258667,0.2008041888475418,0,0.6087371110916138,4.395101795196533,0,0,0,69,0.30921369791030884,0.2721261978149414,1,0,0
2026-07-06T01:19:55.334076,22,4,soft_center_range_marl,-35677.004054158475,0,2,triangle_to_goal_obstacle,1.2735557556152344,0.4678550660610199,0.40000226100285846,0.009049721993505955,0.1417021006345749,0.1560201793909073,0,0.5976014137268066,4.551826248168945,0,0,0,67,0.37097259362538654,0.35601964592933655,1,0,0
2026-07-06T01:19:59.282042,23,4,soft_center_range_marl,49517.93873691069,1,4,landing,0.8373197317123413,0.14854472875595093,0.18424954017003378,0.16904394328594208,0.14892636239528656,0.1733541041612625,0,0.929719090461731,3.8996288871765135,0,0,0,83,0.12512922286987305,0.09118343144655228,1,0,1
2026-07-06T01:20:03.073577,24,4,soft_center_range_marl,15793.0498297554,1,4,landing,0.9686468243598938,0.23307757079601288,0.27993665138880414,0.1803581863641739,0.15285708010196686,0.14607636630535126,0,0.7184991836547852,4.12873197555542,0,0,0,75,0.18265368541081747,0.13714416325092316,1,0,0
2026-07-06T01:20:06.719653,25,4,soft_center_range_marl,33066.23747627094,1,4,landing,1.020133376121521,0.2572420537471771,0.2982468803723653,0.20447106659412384,0.15196572244167328,0.16789644956588745,0,0.7069637179374695,4.229525814056396,0,0,0,72,0.13460002342859903,0.12274185568094254,1,0,0
2026-07-06T01:20:10.538454,26,4,soft_center_range_marl,-12730.94064420897,1,4,landing,1.1758356094360352,0.371780663728714,0.3775313099225362,0.22120778262615204,0.1542755514383316,0.18183334171772003,0,0.6223954558372498,4.4116318321228025,0,0,0,68,0.32076889276504517,0.28517094254493713,1,0,0
2026-07-06T01:20:14.159567,27,4,soft_center_range_marl,-19391.651444913092,1,4,landing,1.220692753791809,0.4052236080169678,0.39077697197596234,0.2159479260444641,0.15542598068714142,0.15185697376728058,0,0.6134746074676514,4.502621898651123,0,0,0,67,0.35804925362269086,0.3360758125782013,1,0,0
2026-07-06T01:20:18.839136,28,4,soft_center_range_marl,-30201.20508092423,0,3,goal_hover,1.2685964107513428,0.46960464119911194,0.39983532826105755,0.012999697588384151,0.13872168958187103,0.23996210098266602,0,0.5978995561599731,4.544919738769531,0,0,0,67,0.35563941796620685,0.33269163966178894,1,0,0
2026-07-06T01:20:22.919654,29,4,soft_center_range_marl,41310.105543360325,1,4,landing,0.8541508913040161,0.16426225006580353,0.20132456223169962,0.16487528383731842,0.1487068086862564,0.1631936877965927,0,0.873790442943573,3.956829795837402,0,0,0,83,0.13247481981913248,0.10129841417074203,1,0,1
2026-07-06T01:20:26.845560,30,4,soft_center_range_marl,44294.670136126355,1,4,landing,0.9410864114761353,0.20955754816532135,0.24984872341156006,0.19062761962413788,0.15161779522895813,0.14770673215389252,0,0.7816336750984192,4.1092050170898435,0,0,0,76,0.1109347144762675,0.08970121294260025,1,0,1
2026-07-06T01:20:30.478368,31,4,soft_center_range_marl,-3484.282805661116,1,4,landing,1.0846353769302368,0.30982568860054016,0.35384533802668255,0.2015785574913025,0.1527719348669052,0.156687393784523,0,0.6292318105697632,4.303763637542724,0,0,0,72,0.26719391345977783,0.22502104938030243,1,0,0
2026-07-06T01:20:34.221930,32,4,soft_center_range_marl,-15441.479359700206,1,4,landing,1.175058364868164,0.3661681115627289,0.37495678663253784,0.20489899814128876,0.15577025711536407,0.13362519443035126,0,0.6439868807792664,4.389853248596191,0,0,0,70,0.33777135610580444,0.30751121044158936,1,0,0
2026-07-06T01:20:39.031706,33,4,soft_center_range_marl,-30267.10939579239,0,3,goal_hover,1.275471806526184,0.47331860661506653,0.39985883235931396,0.01185623463243246,0.13966065645217896,0.225663423538208,0,0.5905867218971252,4.5509727096557615,0,0,0,68,0.3653676708539327,0.34614524245262146,1,0,0
2026-07-06T01:20:43.052254,34,4,soft_center_range_marl,21160.864328837786,1,4,landing,0.8524928689002991,0.16778402030467987,0.207046111424764,0.16421841084957123,0.1487867683172226,0.1606285125017166,0,0.8842600584030151,3.924112567901611,0,0,0,83,0.16975176334381104,0.12929747998714447,1,0,1
2026-07-06T01:20:47.203431,35,4,soft_center_range_marl,48729.06434740234,1,4,landing,0.9188677072525024,0.2040286511182785,0.24421350161234537,0.20088635385036469,0.15189416706562042,0.18488164246082306,0,0.8414148688316345,4.010860691070556,0,0,0,76,0.06808102130889893,0.04428969323635101,1,0,1
2026-07-06T01:20:51.123637,36,4,soft_center_range_marl,-1905.7178470721929,1,4,landing,1.072398066520691,0.2994372248649597,0.3319394787152608,0.21278953552246094,0.15323100984096527,0.1581890732049942,0,0.6933225989341736,4.248630771636963,0,0,0,71,0.25246485074361164,0.21188004314899445,1,0,0
2026-07-06T01:20:55.167425,37,4,soft_center_range_marl,-14643.682241726334,1,4,landing,1.1621201038360596,0.36564937233924866,0.37451712290445965,0.2019580751657486,0.15390513837337494,0.18884551525115967,0,0.6386115550994873,4.425765285491943,0,0,0,68,0.3481964071591695,0.319599449634552,1,0,0
2026-07-06T01:21:00.247113,38,4,soft_center_range_marl,-31832.86982839206,0,2,triangle_to_goal_obstacle,1.278571605682373,0.4736921787261963,0.3996022939682007,0.02383691631257534,0.14303646981716156,0.15999412536621094,0,0.5968606472015381,4.5561912155151365,0,0,0,66,0.3566674590110779,0.33411499857902527,1,0,0
2026-07-06T01:21:04.233030,39,4,soft_center_range_marl,50581.254351692725,1,4,landing,0.8309797048568726,0.1529858559370041,0.18690778811772665,0.16868562996387482,0.14889661967754364,0.14615070819854736,0,0.8447766900062561,3.957834491729736,0,0,0,83,0.09337590138117473,0.10117513686418533,1,0,1
2026-07-06T01:21:08.194724,40,4,soft_center_range_marl,38308.39653248081,1,4,landing,0.9567956924438477,0.2256118506193161,0.26769808928171795,0.19739554822444916,0.15183554589748383,0.15815775096416473,0,0.7356828451156616,4.172841796875,0,0,0,75,0.11396457751592,0.14521370828151703,1,0,0
2026-07-06T01:21:12.021594,41,4,soft_center_range_marl,-4252.584740988027,1,4,landing,1.091662049293518,0.31082841753959656,0.3407837748527527,0.20274138450622559,0.15345294773578644,0.16388730704784393,0,0.6631156802177429,4.290725479125976,0,0,0,71,0.2639375329017639,0.22272300720214844,1,0,0
2026-07-06T01:21:15.678005,42,4,soft_center_range_marl,-9837.789014169848,1,4,landing,1.137117862701416,0.3474491536617279,0.3648810386657715,0.21292245388031006,0.15484470129013062,0.17427396774291992,0,0.6420367360115051,4.382819900512695,0,0,0,69,0.30984153350194293,0.2713002562522888,1,0,0
2026-07-06T01:21:20.273064,43,4,soft_center_range_marl,-34163.034577599945,0,2,triangle_to_goal_obstacle,1.2680435180664062,0.47580671310424805,0.39944644769032794,0.019517268985509872,0.1421579271554947,0.14942994713783264,0,0.601375937461853,4.549702892303467,0,0,0,69,0.374351700146993,0.3472531735897064,1,0,0
2026-07-06T01:21:24.331391,44,4,soft_center_range_marl,52588.17716975522,1,4,landing,0.8286297917366028,0.14932267367839813,0.18215415875116983,0.17734377086162567,0.14977802336215973,0.1514708399772644,0,0.8543723225593567,3.9569342231750486,0,0,0,82,0.07762618859608968,0.09917955845594406,1,0,1
2026-07-06T01:21:28.044930,45,4,soft_center_range_marl,39035.692017897076,1,4,landing,0.9389854669570923,0.22154076397418976,0.2637622555096944,0.18235516548156738,0.15217725932598114,0.16938082873821259,0,0.7296133041381836,4.150382289886474,0,0,0,75,0.10342291990915935,0.1485004872083664,1,0,0
2026-07-06T01:21:31.751300,46,4,soft_center_range_marl,6538.30293731766,1,4,landing,1.0771307945251465,0.2999630272388458,0.3322788675626119,0.2050793170928955,0.15396203100681305,0.1566430628299713,0,0.7009022235870361,4.2765047645568846,0,0,0,70,0.22978276014328003,0.19089893996715546,1,0,0
2026-07-06T01:21:35.335796,47,4,soft_center_range_marl,-10349.06923773299,1,4,landing,1.1689538955688477,0.36876344680786133,0.3768606185913086,0.21649378538131714,0.1542479395866394,0.1833156794309616,0,0.6238468289375305,4.446158180236816,0,0,0,67,0.321683665116628,0.2831462621688843,1,0,0
2026-07-06T01:21:38.997945,48,4,soft_center_range_marl,-16548.827898285926,1,4,landing,1.2112668752670288,0.3941413462162018,0.3892293373743693,0.22552450001239777,0.15547925233840942,0.17390988767147064,0,0.6090097427368164,4.4907991981506346,0,0,0,67,0.3344951669375102,0.30387428402900696,1,0,0
2026-07-06T01:21:43.640498,49,4,soft_center_range_marl,-32966.010626229276,0,2,triangle_to_goal_obstacle,1.2675790786743164,0.4711470901966095,0.3997502128283183,0.02076123096048832,0.14318931102752686,0.16251716017723083,0,0.6033415198326111,4.545447597503662,0,0,0,66,0.37349021434783936,0.34631025791168213,1,0,0
2026-07-06T01:21:47.662032,50,4,soft_center_range_marl,54831.56621403125,1,4,landing,0.8285270929336548,0.14878065884113312,0.18577412764231363,0.16522274911403656,0.15011318027973175,0.18428902328014374,0,0.8940423727035522,3.9081122970581053,0,0,0,83,0.062171101570129395,0.0552593469619751,1,0,1
2026-07-06T01:21:51.913699,51,4,soft_center_range_marl,39220.392672970345,1,4,landing,0.9275453090667725,0.20511655509471893,0.2466931144396464,0.18718618154525757,0.1515929251909256,0.16323226690292358,0,0.7864618301391602,4.0856430625915525,0,0,0,76,0.13652865091959634,0.10136178135871887,1,0,1
2026-07-06T01:21:56.064312,52,4,soft_center_range_marl,-45.336225749140795,1,4,landing,1.061099648475647,0.2965930104255676,0.3302466869354248,0.19794827699661255,0.1525173932313919,0.15713214874267578,0,0.703312873840332,4.235321292877197,0,0,0,71,0.25100167592366535,0.20941539108753204,1,0,0
2026-07-06T01:22:00.138742,53,4,soft_center_range_marl,-6333.275315473793,1,4,landing,1.163149118423462,0.36533913016319275,0.3900000850359599,0.21285493671894073,0.1544565111398697,0.17408759891986847,0,0.6104215979576111,4.395941982269287,0,0,0,68,0.28426363070805866,0.24476675689220428,1,0,0
2026-07-06T01:22:05.236395,54,4,soft_center_range_marl,-32798.58284889579,0,2,triangle_to_goal_obstacle,1.2706851959228516,0.4753161370754242,0.3994956612586975,0.017687730491161346,0.14523236453533173,0.1642318218946457,0,0.6002286076545715,4.541386852264404,0,0,0,66,0.36800803740819293,0.35127484798431396,1,0,0
2026-07-06T01:22:09.164754,55,4,soft_center_range_marl,13023.596033316671,1,4,landing,0.8692065477371216,0.17635758221149445,0.2154982089996338,0.1668437123298645,0.14912857115268707,0.17301297187805176,0,0.889132559299469,3.9054715728759763,0,0,0,83,0.19209357102711996,0.15639793872833252,1,0,1
2026-07-06T01:22:12.900639,56,4,soft_center_range_marl,47161.10339894214,1,4,landing,0.9082614183425903,0.19258363544940948,0.23281308015187582,0.1943562775850296,0.15155519545078278,0.1767340749502182,0,0.8062754273414612,4.062239894866943,0,0,0,76,0.05427885055541992,0.07358046621084213,1,0,1
2026-07-06T01:22:16.933235,57,4,soft_center_range_marl,-11405.609347108462,1,4,landing,1.0969762802124023,0.32153210043907166,0.3562740484873454,0.19634266197681427,0.15401948988437653,0.16458813846111298,0,0.6421834230422974,4.291646728515625,0,0,0,72,0.30583371718724567,0.2678002119064331,1,0,0
2026-07-06T01:22:20.848450,58,4,soft_center_range_marl,-14749.063930224194,1,4,landing,1.1682580709457397,0.36294493079185486,0.3732151985168457,0.20555458962917328,0.15487779676914215,0.16829757392406464,0,0.6297315359115601,4.415107498168945,0,0,0,68,0.33774809042612713,0.3062790334224701,1,0,0
2026-07-06T01:22:24.745209,59,4,soft_center_range_marl,-13638.880342504997,1,4,landing,1.1754565238952637,0.368443101644516,0.3792320092519124,0.21232151985168457,0.15598762035369873,0.16150148212909698,0,0.5932873487472534,4.428646335601806,0,0,0,68,0.3305865327517192,0.29749974608421326,1,0,0
2026-07-06T01:22:29.718318,60,4,soft_center_range_marl,-34932.1312557384,0,2,triangle_to_goal_obstacle,1.2756538391113281,0.47403979301452637,0.39965277910232544,0.020622016862034798,0.14181572198867798,0.15901999175548553,0,0.5993927121162415,4.554836521148681,0,0,0,68,0.38220645984013873,0.3707853853702545,1,0,0
2026-07-06T01:22:33.928236,61,4,soft_center_range_marl,49753.14023722076,1,4,landing,0.8248071074485779,0.14169085025787354,0.17647608121236166,0.16710062325000763,0.15019594132900238,0.1736394166946411,0,0.9176549315452576,3.9013726806640623,0,0,0,83,0.12080305814743042,0.08914321660995483,1,0,1
2026-07-06T01:22:37.823180,62,4,soft_center_range_marl,44913.55347033593,1,4,landing,0.9247064590454102,0.20506076514720917,0.24682130416234335,0.20079834759235382,0.15132303535938263,0.19587254524230957,0,0.7789051532745361,4.09174467086792,0,0,0,76,0.07954974969228108,0.09863853454589844,1,0,1
2026-07-06T01:22:41.652804,63,4,soft_center_range_marl,-8949.034073396426,1,4,landing,1.06796133518219,0.29804283380508423,0.33003632227579754,0.1971883326768875,0.1536807268857956,0.17780934274196625,0,0.7054476141929626,4.2446725463867185,0,0,0,71,0.26513121525446576,0.2231990545988083,1,0,0
2026-07-06T01:22:45.498532,64,4,soft_center_range_marl,-17035.083553905984,1,4,landing,1.173577070236206,0.37420132756233215,0.3942486643791199,0.21774975955486298,0.15507292747497559,0.17863048613071442,0,0.5992053747177124,4.451342830657959,0,0,0,69,0.35139207045237225,0.3251607418060303,1,0,0
2026-07-06T01:22:49.299882,65,4,soft_center_range_marl,-14237.525944740413,1,4,landing,1.17976975440979,0.3715345859527588,0.3775290052096049,0.22188019752502441,0.1533653885126114,0.17632454633712769,0,0.6170109510421753,4.433403263092041,0,0,0,68,0.32334134976069134,0.28764674067497253,1,0,0
2026-07-06T01:22:54.154679,66,4,soft_center_range_marl,-39192.246694951515,0,2,triangle_to_goal_obstacle,1.2743499279022217,0.4744264781475067,0.40167083342870075,0.012653130106627941,0.14010374248027802,0.15896594524383545,0,0.5902745723724365,4.55049015045166,0,0,0,68,0.3877515991528829,0.3946160078048706,1,0,0
2026-07-06T01:22:58.684514,67,4,soft_center_range_marl,54016.66576526496,1,4,landing,0.8080958724021912,0.13930165767669678,0.17084981997807822,0.1697421669960022,0.1493147760629654,0.15687648952007294,0,0.9450281858444214,3.8509271240234373,0,0,0,83,0.08164723714192708,0.06186898052692413,1,0,1
2026-07-06T01:23:02.949094,68,4,soft_center_range_marl,26693.03642888607,1,4,landing,0.9593020677566528,0.23461908102035522,0.27499030033747357,0.1911749392747879,0.15158767998218536,0.17350710928440094,0,0.7545109987258911,4.143249282836914,0,0,0,75,0.1543592611948649,0.1290547102689743,1,0,0
2026-07-06T01:23:06.593332,69,4,soft_center_range_marl,2638.49582021501,1,4,landing,1.0527145862579346,0.28936442732810974,0.3274569908777873,0.20568685233592987,0.15239571034908295,0.17606230080127716,0,0.7095452547073364,4.239523658752441,0,0,0,71,0.2185106078783671,0.18006986379623413,1,0,0
2026-07-06T01:23:10.186908,70,4,soft_center_range_marl,-5102.419797507573,1,4,landing,1.1428438425064087,0.34322264790534973,0.36230260133743286,0.20688052475452423,0.1547064185142517,0.19114713370800018,0,0.634981095790863,4.410515079498291,0,0,0,68,0.28136340777079266,0.24093174934387207,1,0,0
2026-07-06T01:23:13.789951,71,4,soft_center_range_marl,-16125.895530332673,1,4,landing,1.2132306098937988,0.3943053185939789,0.3873007694880168,0.21285204589366913,0.1547021120786667,0.18873482942581177,0,0.6218462586402893,4.467052230834961,0,0,0,67,0.3366681734720866,0.3050729036331177,1,0,0
2026-07-06T01:23:18.406923,72,4,soft_center_range_marl,-36790.45422795905,0,2,triangle_to_goal_obstacle,1.2726826667785645,0.47590550780296326,0.3994720975557963,0.013938280753791332,0.14070142805576324,0.1738225221633911,0,0.596839189529419,4.552347908020019,0,0,0,66,0.3764651417732239,0.36872828006744385,1,0,0
2026-07-06T01:23:22.437890,73,4,soft_center_range_marl,55345.50245374146,1,4,landing,0.7943084239959717,0.13088782131671906,0.17342283328374228,0.16319523751735687,0.14910751581192017,0.1610131859779358,0,0.906333863735199,3.872021446228027,0,0,0,83,0.06866021951039632,0.054589252918958664,1,0,1
2026-07-06T01:23:26.375178,74,4,soft_center_range_marl,34441.62926450587,1,4,landing,0.9307821989059448,0.21327972412109375,0.25417975584665936,0.1874149590730667,0.14959494769573212,0.18807359039783478,0,0.8019948601722717,4.060215244293213,0,0,0,75,0.13475008805592856,0.09748119115829468,1,0,1
2026-07-06T01:23:30.229742,75,4,soft_center_range_marl,14524.982889193623,1,4,landing,1.0407750606536865,0.2752697765827179,0.3116070032119751,0.20612181723117828,0.15426699817180634,0.16142527759075165,0,0.7151245474815369,4.229234943389892,0,0,0,71,0.18616531292597452,0.15072372555732727,1,0,0
2026-07-06T01:23:33.930761,76,4,soft_center_range_marl,-5194.205646130726,1,4,landing,1.143800139427185,0.34977078437805176,0.36619510253270465,0.21190138161182404,0.15408392250537872,0.190778449177742,0,0.6183723211288452,4.380925903320312,0,0,0,68,0.25904540220896405,0.21803613007068634,1,0,0
2026-07-06T01:23:38.872520,77,4,soft_center_range_marl,-28079.52694778297,0,3,goal_hover,1.272423267364502,0.47675880789756775,0.3993760148684184,0.013282842934131622,0.13933850824832916,0.25190475583076477,0,0.5953131318092346,4.562945137023926,0,0,0,68,0.3540930151939392,0.32771673798561096,1,0,0
2026-07-06T01:23:43.049156,78,4,soft_center_range_marl,29977.948881032633,1,4,landing,0.841228187084198,0.1504548192024231,0.18406436840693155,0.15773595869541168,0.1491369605064392,0.1642499566078186,0,0.8853561282157898,3.927516231536865,0,0,0,83,0.15643159548441568,0.11763257533311844,1,0,1
2026-07-06T01:23:46.726747,79,4,soft_center_range_marl,40655.70472563522,1,4,landing,0.9275869131088257,0.20413945615291595,0.2500397562980652,0.17989890277385712,0.1509772539138794,0.1834288239479065,0,0.801628053188324,4.050711402893066,0,0,0,76,0.12471956014633179,0.09683135151863098,1,0,1
2026-07-06T01:23:50.446096,80,4,soft_center_range_marl,24249.69561777542,1,4,landing,1.039818525314331,0.27738630771636963,0.3170816898345947,0.20218323171138763,0.15227805078029633,0.1821432113647461,0,0.6733859181404114,4.29687572479248,0,0,0,70,0.1565449039141337,0.12879210710525513,1,0,0
2026-07-06T01:23:54.226366,81,4,soft_center_range_marl,-13012.811935803944,1,4,landing,1.1803032159805298,0.37143874168395996,0.38390515247980755,0.21227161586284637,0.15478752553462982,0.1869632452726364,0,0.5809817314147949,4.431833992004394,0,0,0,67,0.32742879788080853,0.29358789324760437,1,0,0
2026-07-06T01:23:58.900902,82,4,soft_center_range_marl,-33512.64535900023,0,2,triangle_to_goal_obstacle,1.2745842933654785,0.4755774438381195,0.4079402685165405,0.013089853338897228,0.1421041041612625,0.18989324569702148,0,0.5888398885726929,4.5578625297546385,0,0,0,66,0.36724380652109784,0.34733811020851135,1,0,0
2026-07-06T01:24:02.802112,83,4,soft_center_range_marl,17171.629978418623,1,4,landing,0.8683423399925232,0.17074330151081085,0.2079768180847168,0.1736072152853012,0.14999762177467346,0.1811273843050003,0,0.8847507238388062,3.9197542762756346,0,0,0,85,0.1899522344271342,0.146057590842247,1,0,1
2026-07-06T01:24:06.491806,84,4,soft_center_range_marl,29031.35195459527,1,4,landing,0.9558714032173157,0.2194390892982483,0.2586555480957031,0.19218993186950684,0.1512300819158554,0.1750105619430542,0,0.7884389162063599,4.060497055053711,0,0,0,74,0.14966028928756714,0.12068743258714676,1,0,1
2026-07-06T01:24:09.979411,85,4,soft_center_range_marl,9465.200190731935,1,4,landing,1.0682789087295532,0.28858688473701477,0.32258762915929157,0.2137611359357834,0.15421201288700104,0.18098799884319305,0,0.7045648694038391,4.20408369064331,0,0,0,71,0.20551574230194092,0.1652185171842575,1,0,0
2026-07-06T01:24:13.478884,86,4,soft_center_range_marl,-2507.461990730575,1,4,landing,1.1589975357055664,0.3527829945087433,0.3726434111595154,0.21395130455493927,0.15469633042812347,0.17770934104919434,0,0.6302827596664429,4.40522123336792,0,0,0,68,0.26908808946609497,0.2258632928133011,1,0,0
2026-07-06T01:24:17.128094,87,4,soft_center_range_marl,-17690.179122209905,1,4,landing,1.2389743328094482,0.40984782576560974,0.39229385058085126,0.20774464309215546,0.155802384018898,0.2007727175951004,0,0.5972768664360046,4.507735023498535,0,0,0,66,0.33972102403640747,0.310406893491745,1,0,0
2026-07-06T01:24:22.098988,88,4,soft_center_range_marl,-34474.6024490884,0,2,triangle_to_goal_obstacle,1.2722749710083008,0.4778572618961334,0.3993070125579834,0.022951534017920494,0.1396767497062683,0.1928158402442932,0,0.6131650805473328,4.557291278839111,0,0,0,65,0.37933284044265747,0.3652639389038086,1,0,0
2026-07-06T01:24:26.241121,89,4,soft_center_range_marl,56733.379410949274,1,4,landing,0.8075821399688721,0.13771440088748932,0.16909064849217734,0.16197876632213593,0.1485636979341507,0.18021313846111298,0,0.9256480932235718,3.877049217224121,0,0,0,83,0.04331517219543457,0.04759307578206062,1,0,1
2026-07-06T01:24:30.376878,90,4,soft_center_range_marl,13836.829747887732,1,4,landing,0.9514578580856323,0.2189643532037735,0.2613859176635742,0.19892261922359467,0.15239490568637848,0.19833701848983765,0,0.7553877234458923,4.101064453125,0,0,0,76,0.18390039602915445,0.14874427020549774,1,0,0
2026-07-06T01:24:34.107292,91,4,soft_center_range_marl,1711.7031865022784,1,4,landing,1.0526493787765503,0.27836838364601135,0.31535182396570843,0.2165464162826538,0.15466754138469696,0.18084092438220978,0,0.6845384240150452,4.260246524810791,0,0,0,71,0.2249830961227417,0.18445324897766113,1,0,0
2026-07-06T01:24:37.786724,92,4,soft_center_range_marl,-6969.139703973632,1,4,landing,1.1540014743804932,0.35330668091773987,0.3730742335319519,0.20699775218963623,0.15527111291885376,0.17650175094604492,0,0.6023500561714172,4.381798992156982,0,0,0,67,0.29226062695185345,0.25130975246429443,1,0,0
2026-07-06T01:24:42.672414,93,4,soft_center_range_marl,-28351.631490848507,0,3,goal_hover,1.272567629814148,0.4764370918273926,0.4053861101468404,0.01646752841770649,0.13912896811962128,0.25755155086517334,0,0.5957766175270081,4.553739795684814,0,0,0,66,0.3453247547149658,0.3153725862503052,1,0,0
2026-07-06T01:24:47.162471,94,4,soft_center_range_marl,43870.78604387341,1,4,landing,0.8389464616775513,0.15378344058990479,0.20000831286112467,0.1675456315279007,0.150770902633667,0.2037850171327591,0,0.8571746349334717,3.927799949645996,0,0,0,82,0.12499986092249553,0.10121998190879822,1,0,1
2026-07-06T01:24:51.014202,95,4,soft_center_range_marl,45761.32477318315,1,4,landing,0.9282791018486023,0.20299078524112701,0.24334428707758585,0.18251192569732666,0.152094766497612,0.16960005462169647,0,0.8202030658721924,4.037027130126953,0,0,0,75,0.11274731159210205,0.08096399903297424,1,0,1
2026-07-06T01:24:54.783264,96,4,soft_center_range_marl,-743.9546557252938,1,4,landing,1.0645009279251099,0.2970219850540161,0.3304481506347656,0.20311613380908966,0.15222525596618652,0.18889088928699493,0,0.7095378637313843,4.22091079711914,0,0,0,72,0.26642435789108276,0.2175651639699936,1,0,0
2026-07-06T01:24:58.580517,97,4,soft_center_range_marl,-8970.686627885705,1,4,landing,1.1661180257797241,0.36148393154144287,0.3724928100903829,0.21028785407543182,0.1545616090297699,0.2037651687860489,0,0.6302936673164368,4.3999340629577635,0,0,0,69,0.2969357967376709,0.2578497529029846,1,0,0
2026-07-06T01:25:03.613328,98,4,soft_center_range_marl,-34155.86303534583,0,2,triangle_to_goal_obstacle,1.2696048021316528,0.4738340377807617,0.3995964527130127,0.02910495549440384,0.14224357903003693,0.189547598361969,0,0.5886117815971375,4.542790184020996,0,0,0,67,0.36724454164505005,0.35010138154029846,1,0,0
2026-07-06T01:25:07.929865,99,4,soft_center_range_marl,53049.19097244406,1,4,landing,0.8244776129722595,0.151468425989151,0.18523605664571127,0.16700370609760284,0.14976759254932404,0.1711263805627823,0,0.8780387043952942,3.9033734893798826,0,0,0,82,0.10020756721496582,0.07535078376531601,1,0,1
2026-07-06T01:25:11.633433,100,4,soft_center_range_marl,8807.23815172007,1,4,landing,0.948549211025238,0.218552827835083,0.2741405169169108,0.1836472600698471,0.15170270204544067,0.18305419385433197,0,0.7896361351013184,4.047185668945312,0,0,0,76,0.19744592905044556,0.15765918791294098,1,0,0
2026-07-06T01:25:15.224924,101,4,soft_center_range_marl,3486.6980933970553,1,4,landing,1.0632123947143555,0.29502788186073303,0.32880961894989014,0.20610399544239044,0.1529630422592163,0.1871427744626999,0,0.706012487411499,4.21146369934082,0,0,0,71,0.22322078545888266,0.18478353321552277,1,0,0
2026-07-06T01:25:18.739170,102,4,soft_center_range_marl,1633.9505738830726,1,4,landing,1.1415822505950928,0.34498491883277893,0.372961163520813,0.21683275699615479,0.15513427555561066,0.19931872189044952,0,0.6228328943252563,4.361468563079834,0,0,0,68,0.24081798394521078,0.20139093697071075,1,0,0
2026-07-06T01:25:23.690039,103,4,soft_center_range_marl,-34097.779428533206,0,2,triangle_to_goal_obstacle,1.272063970565796,0.46791818737983704,0.4014427661895752,0.03717678785324097,0.14340496063232422,0.16216231882572174,0,0.5751433968544006,4.546795139312744,0,0,0,65,0.37190963824590045,0.3590775430202484,1,0,0
2026-07-06T01:25:27.953561,104,4,soft_center_range_marl,53932.64335663633,1,4,landing,0.8184937834739685,0.14577247202396393,0.1789395014444987,0.16883473098278046,0.1491871029138565,0.17431120574474335,0,0.8874924182891846,3.9020683860778806,0,0,0,82,0.07780261834462483,0.05822395905852318,1,0,1
2026-07-06T01:25:31.886171,105,4,soft_center_range_marl,44379.177373396116,1,4,landing,0.9427645206451416,0.2197764366865158,0.2612786293029785,0.19188006222248077,0.15169335901737213,0.17457227408885956,0,0.7953875064849854,4.1044747924804685,0,0,0,76,0.11475018660227458,0.08484955877065659,1,0,0
2026-07-06T01:25:36.022450,106,4,soft_center_range_marl,12813.912714116857,1,4,landing,1.0442838668823242,0.27539297938346863,0.31188414494196576,0.19488637149333954,0.15319474041461945,0.18801657855510712,0,0.6936771273612976,4.2261178588867185,0,0,0,71,0.18778342008590698,0.1485917568206787,1,0,0
2026-07-06T01:25:40.157559,107,4,soft_center_range_marl,1939.1876558961123,1,4,landing,1.1393944025039673,0.34564217925071716,0.37046358982721966,0.22267895936965942,0.1553499847650528,0.1873454451560974,0,0.6096805930137634,4.375254402160644,0,0,0,69,0.23817765712738037,0.19775666296482086,1,0,0
2026-07-06T01:25:44.489767,108,4,soft_center_range_marl,-16764.045662665903,1,4,landing,1.227325677871704,0.40501412749290466,0.390729288260142,0.21836024522781372,0.15535514056682587,0.19726131856441498,0,0.6037654876708984,4.496351490020752,0,0,0,67,0.33285826444625854,0.29989901185035706,1,0,0
2026-07-06T01:25:50.272330,109,4,soft_center_range_marl,-33837.7160955008,0,2,triangle_to_goal_obstacle,1.2712701559066772,0.46959027647972107,0.39982128143310547,0.020637333393096924,0.13906006515026093,0.20904837548732758,0,0.6024423241615295,4.5490853881835935,0,0,0,65,0.3685508171717326,0.35322967171669006,1,0,0
2026-07-06T01:25:54.559082,110,4,soft_center_range_marl,52560.53776275904,1,4,landing,0.8148982524871826,0.13548295199871063,0.17119528849919638,0.16120445728302002,0.1498108059167862,0.19878144562244415,0,0.9160298705101013,3.883399257659912,0,0,0,84,0.08204897244771321,0.08276592940092087,1,0,1
2026-07-06T01:25:58.524791,111,4,soft_center_range_marl,44400.68586931846,1,4,landing,0.9466928243637085,0.21766787767410278,0.2580670515696208,0.18652844429016113,0.15179701149463654,0.181474506855011,0,0.7848007082939148,4.076499710083008,0,0,0,76,0.11319053173065186,0.0885128602385521,1,0,1
2026-07-06T01:26:02.589291,112,4,soft_center_range_marl,-4271.202277043123,1,4,landing,1.0800037384033203,0.3061000108718872,0.33936285972595215,0.20472753047943115,0.15356694161891937,0.19963069260120392,0,0.679462730884552,4.257543334960937,0,0,0,72,0.2779119412104289,0.23601305484771729,1,0,0
2026-07-06T01:26:06.439718,113,4,soft_center_range_marl,-10454.165556613647,1,4,landing,1.1566746234893799,0.35780632495880127,0.3700066606203715,0.21729493141174316,0.15405790507793427,0.19560222327709198,0,0.6421492099761963,4.391184577941894,0,0,0,67,0.3188336491584778,0.2832458019256592,1,0,0
2026-07-06T01:26:10.243381,114,4,soft_center_range_marl,-17162.01166284113,1,4,landing,1.1899439096450806,0.37990355491638184,0.381538728872935,0.20578892529010773,0.155077263712883,0.18713928759098053,0,0.6047337651252747,4.440085659027099,0,0,0,69,0.3462586998939514,0.31803905963897705,1,0,0
2026-07-06T01:26:15.075984,115,4,soft_center_range_marl,-36629.94738891657,0,2,triangle_to_goal_obstacle,1.2770088911056519,0.47045984864234924,0.4007377624511719,0.023606354370713234,0.14124105870723724,0.22253315150737762,0,0.5950098037719727,4.557006130218506,0,0,0,66,0.38782304525375366,0.39560553431510925,1,0,0
2026-07-06T01:26:19.293934,116,4,soft_center_range_marl,56588.570003517554,1,4,landing,0.8096109628677368,0.1415943056344986,0.17312820752461752,0.1728449910879135,0.14984537661075592,0.1833430975675583,0,0.9281300902366638,3.849355945587158,0,0,0,83,0.057867725690205894,0.045313701033592224,1,0,1
2026-07-06T01:26:23.250813,117,4,soft_center_range_marl,1021.5536053292014,1,4,landing,0.9673452973365784,0.23201417922973633,0.27904536326726276,0.18616531789302826,0.1521151214838028,0.187786266207695,0,0.7697285413742065,4.097494850158691,0,0,0,74,0.2211780548095703,0.1834385246038437,1,0,0
2026-07-06T01:26:26.979917,118,4,soft_center_range_marl,16465.7354520928,1,4,landing,1.028948187828064,0.2711598575115204,0.3094428777694702,0.20275922119617462,0.15275073051452637,0.1818581223487854,0,0.6959410309791565,4.253447303771972,0,0,0,71,0.17171833912531534,0.13992631435394287,1,0,0
2026-07-06T01:26:30.788101,119,4,soft_center_range_marl,-4635.743710931281,1,4,landing,1.1380298137664795,0.3389115333557129,0.35948028167088825,0.21534955501556396,0.154243603348732,0.18393312394618988,0,0.6256310343742371,4.382902870178222,0,0,0,67,0.28120962778727215,0.2401975840330124,1,0,0
2026-07-06T01:26:35.707502,120,4,soft_center_range_marl,-31495.584538733754,0,2,triangle_to_goal_obstacle,1.267638921737671,0.4694831669330597,0.39983415603637695,0.015798108652234077,0.14089180529117584,0.20833809673786163,0,0.590208888053894,4.540113697052002,0,0,0,66,0.3576238950093587,0.3352276086807251,1,0,0
2026-07-06T01:26:39.780766,121,4,soft_center_range_marl,49952.0932596941,1,4,landing,0.8260920643806458,0.15016981959342957,0.1850019892056783,0.17543645203113556,0.15009117126464844,0.18473364412784576,0,0.9070093035697937,3.8373758888244627,0,0,0,85,0.11889714002609253,0.09095358103513718,1,0,1
2026-07-06T01:26:43.561347,122,4,soft_center_range_marl,34612.78478378538,1,4,landing,0.92097407579422,0.20783613622188568,0.24764551719029745,0.18730543553829193,0.1507992297410965,0.19903665781021118,0,0.8351173400878906,4.017815361022949,0,0,0,76,0.15019603570302328,0.10349384695291519,1,0,1
2026-07-06T01:26:47.218055,123,4,soft_center_range_marl,-1885.9310520976783,1,4,landing,1.0740402936935425,0.30319729447364807,0.3347701032956441,0.20483088493347168,0.1544925719499588,0.19926489889621735,0,0.6413385272026062,4.300769577026367,0,0,0,71,0.24492683013280234,0.2054508924484253,1,0,0
2026-07-06T01:26:50.974408,124,4,soft_center_range_marl,-8660.633184829667,1,4,landing,1.1218502521514893,0.3371048867702484,0.3577134609222412,0.20614217221736908,0.15352223813533783,0.21410351991653442,0,0.6465101838111877,4.344565639495849,0,0,0,67,0.3057105342547099,0.2652154266834259,1,0,0
2026-07-06T01:26:54.773505,125,4,soft_center_range_marl,-16008.800934966448,1,4,landing,1.200859546661377,0.3873046934604645,0.4003285964330037,0.2218308299779892,0.15597356855869293,0.2206507921218872,0,0.6101130247116089,4.44100357055664,0,0,0,68,0.3324389060338338,0.30039259791374207,1,0,0
2026-07-06T01:26:59.813860,126,4,soft_center_range_marl,-32469.042194376278,0,2,triangle_to_goal_obstacle,1.2722426652908325,0.4715507924556732,0.39972907304763794,0.03248436748981476,0.14483951032161713,0.20881308615207672,0,0.5976217985153198,4.553546199798584,0,0,0,67,0.3619641462961833,0.33085957169532776,1,0,0
2026-07-06T01:27:03.988202,127,4,soft_center_range_marl,29219.872874424997,1,4,landing,0.8574014902114868,0.17266350984573364,0.21090408166249594,0.1685401052236557,0.1506354659795761,0.17680971324443817,0,0.8656659722328186,3.9589364624023435,0,0,0,83,0.15572965145111084,0.11975803226232529,1,0,1
2026-07-06T01:27:07.975555,128,4,soft_center_range_marl,50207.501190432165,1,4,landing,0.9176115393638611,0.19567714631557465,0.23272947470347086,0.18907463550567627,0.15133343636989594,0.22098971903324127,0,0.817306637763977,4.006711254119873,0,0,0,76,0.05327161153157552,0.036605048924684525,1,0,1
2026-07-06T01:27:12.010975,129,4,soft_center_range_marl,-8044.401121788644,1,4,landing,1.0960177183151245,0.3146750032901764,0.3427906036376953,0.20516414940357208,0.1549520045518875,0.18458347022533417,0,0.668789803981781,4.305834064483642,0,0,0,70,0.3040398359298706,0.26595234870910645,1,0,0
2026-07-06T01:27:15.835809,130,4,soft_center_range_marl,-9650.537288358624,1,4,landing,1.130988597869873,0.34697556495666504,0.36479876438776654,0.21347999572753906,0.15364666283130646,0.20597119629383087,0,0.6250556707382202,4.386476764678955,0,0,0,69,0.3181496262550354,0.27847835421562195,1,0,0
2026-07-06T01:27:19.509734,131,4,soft_center_range_marl,-11296.974168084127,1,4,landing,1.1717609167099,0.37125346064567566,0.37697484095891315,0.21707721054553986,0.15495289862155914,0.19880838692188263,0,0.6272755861282349,4.402627239227295,0,0,0,66,0.30862486362457275,0.2707521617412567,1,0,0
2026-07-06T01:27:24.414445,132,4,soft_center_range_marl,-29136.621863975048,0,3,goal_hover,1.2696647644042969,0.4709327518939972,0.39977169036865234,0.020258018746972084,0.13897846639156342,0.28644052147865295,0,0.5958529710769653,4.545344123840332,0,0,0,66,0.34810425837834674,0.3190282881259918,1,0,0
2026-07-06T01:27:28.764750,133,4,soft_center_range_marl,52772.144757751455,1,4,landing,0.8253751397132874,0.1413298100233078,0.17411287625630698,0.1714216023683548,0.14989887177944183,0.20851266384124756,0,0.9343854188919067,3.8595893478393553,0,0,0,84,0.09504461288452148,0.07429412752389908,1,0,1
2026-07-06T01:27:32.756490,134,4,soft_center_range_marl,20801.491280498034,1,4,landing,0.9571816921234131,0.22815938293933868,0.28473957379659015,0.1885315328836441,0.1515888124704361,0.21025794744491577,0,0.7837437391281128,4.066079387664795,0,0,0,78,0.1609692176183065,0.1203925833106041,1,0,0
2026-07-06T01:27:36.644647,135,4,soft_center_range_marl,11212.610775525329,1,4,landing,1.033037781715393,0.2709340453147888,0.3076140681902568,0.19954240322113037,0.15327821671962738,0.19356656074523926,0,0.7124108076095581,4.187166938781738,0,0,0,71,0.1853235363960266,0.14768008887767792,1,0,0
2026-07-06T01:27:40.359879,136,4,soft_center_range_marl,2478.9554396787844,1,4,landing,1.102602243423462,0.31647989153862,0.35774511098861694,0.20833881199359894,0.15411277115345,0.20243020355701447,0,0.640166163444519,4.315912971496582,0,0,0,68,0.23037548859914145,0.1881115883588791,1,0,0
2026-07-06T01:27:44.168201,137,4,soft_center_range_marl,-14127.388242648743,1,4,landing,1.2043288946151733,0.39168110489845276,0.38591450452804565,0.22402501106262207,0.1552777886390686,0.234231635928154,0,0.6187898516654968,4.465371856689453,0,0,0,66,0.32698361078898114,0.2883267104625702,1,0,0
2026-07-06T01:27:49.167980,138,4,soft_center_range_marl,-34314.09066667939,0,2,triangle_to_goal_obstacle,1.271259069442749,0.4658238887786865,0.3999425967534383,0.024359777569770813,0.13969068229198456,0.19304966926574707,0,0.6103118658065796,4.544091472625732,0,0,0,67,0.36972395579020184,0.3530149459838867,1,0,0
2026-07-06T01:27:53.445731,139,4,soft_center_range_marl,49301.02526118042,1,4,landing,0.8294636011123657,0.1786542683839798,0.1932625969250997,0.17064268887043,0.14868152141571045,0.22282105684280396,0,0.8172466158866882,3.9958231544494627,0,0,0,83,0.08055679003397624,0.10851835459470749,1,0,1
2026-07-06T01:27:57.477173,140,4,soft_center_range_marl,46610.31918464157,1,4,landing,0.9145402908325195,0.20600181818008423,0.24578271309534708,0.18275059759616852,0.15081048011779785,0.22297154366970062,0,0.7515136003494263,4.078596839904785,0,0,0,75,0.06582073370615642,0.09006192535161972,1,0,1
2026-07-06T01:28:01.584899,141,4,soft_center_range_marl,-3280.600435879205,1,4,landing,1.0576105117797852,0.29290327429771423,0.32702300945917767,0.2003335803747177,0.15412144362926483,0.20821870863437653,0,0.6925649046897888,4.250756034851074,0,0,0,71,0.24822483460108438,0.20895813405513763,1,0,0
2026-07-06T01:28:05.558362,142,4,soft_center_range_marl,1657.4270666401867,1,4,landing,1.0983914136886597,0.31716641783714294,0.34476858377456665,0.21121017634868622,0.15518318116664886,0.2086566686630249,0,0.6430613398551941,4.335057029724121,0,0,0,69,0.23732940355936685,0.1967809647321701,1,0,0
2026-07-06T01:28:09.281853,143,4,soft_center_range_marl,-4420.669980804456,1,4,landing,1.1689802408218384,0.36387860774993896,0.37412742773691815,0.22399942576885223,0.15512770414352417,0.1909705549478531,0,0.628372311592102,4.425513038635254,0,0,0,67,0.26525946458180744,0.22322547435760498,1,0,0
2026-07-06T01:28:14.490689,144,4,soft_center_range_marl,-33860.44112336642,0,2,triangle_to_goal_obstacle,1.2718974351882935,0.4698793590068817,0.4035203258196513,0.022918911650776863,0.14048515260219574,0.20273523032665253,0,0.5895227789878845,4.544460544586181,0,0,0,64,0.3671250343322754,0.3512023687362671,1,0,0
2026-07-06T01:28:18.946294,145,4,soft_center_range_marl,49231.24735837094,1,4,landing,0.7940248250961304,0.15170583128929138,0.164341668287913,0.171746626496315,0.14808586239814758,0.20730125904083252,0,0.8583417534828186,3.9388697242736814,0,0,0,83,0.09446215629577637,0.11547655612230301,1,0,1
2026-07-06T01:28:23.313502,146,4,soft_center_range_marl,45462.58098201302,1,4,landing,0.9161928296089172,0.20560045540332794,0.24349602063496908,0.18431855738162994,0.15092837810516357,0.23999924957752228,0,0.817207396030426,4.060924777984619,0,0,0,76,0.09218279520670573,0.08330211788415909,1,0,1
2026-07-06T01:28:27.130688,147,4,soft_center_range_marl,-575.70129614506,1,4,landing,1.0470184087753296,0.28466665744781494,0.3225390712420146,0.20228417217731476,0.15351618826389313,0.20851445198059082,0,0.6456194519996643,4.29689956665039,0,0,0,71,0.22508768240610758,0.18579603731632233,1,0,0
2026-07-06T01:28:30.721098,148,4,soft_center_range_marl,6643.856452373015,1,4,landing,1.1082823276519775,0.31370779871940613,0.34437115987141925,0.21270804107189178,0.15540143847465515,0.21092896163463593,0,0.6415770649909973,4.348412761688232,0,0,0,69,0.21946799755096436,0.17918753623962402,1,0,0
2026-07-06T01:28:34.375329,149,4,soft_center_range_marl,-1178.0558267193996,1,4,landing,1.1671769618988037,0.3621937334537506,0.37295955419540405,0.2285822480916977,0.1554960161447525,0.1971643716096878,0,0.636762261390686,4.421294937133789,0,0,0,65,0.2505270640055339,0.20948421955108643,1,0,0
2026-07-06T01:28:38.152381,150,4,soft_center_range_marl,-15500.473534912682,1,4,landing,1.2328448295593262,0.4100476801395416,0.39223963022232056,0.21594218909740448,0.1557675302028656,0.1974041908979416,0,0.6271255612373352,4.509691963195801,0,0,0,67,0.3247301975886027,0.28825798630714417,1,0,0
2026-07-06T01:28:43.582079,151,4,soft_center_range_marl,-33492.05331215367,0,2,triangle_to_goal_obstacle,1.2689361572265625,0.47137609124183655,0.4050203561782837,0.023761853575706482,0.140297532081604,0.2138247936964035,0,0.5891709327697754,4.546398887634277,0,0,0,67,0.3603668411572774,0.3406943380832672,1,0,0
2026-07-06T01:28:47.767117,152,4,soft_center_range_marl,56238.9281996024,1,4,landing,0.7994135022163391,0.12528425455093384,0.15316283702850342,0.1535666137933731,0.1493150144815445,0.18451650440692902,0,0.9436737298965454,3.8537633514404295,0,0,0,82,0.04873387018839518,0.06787814944982529,1,0,1
2026-07-06T01:28:52.321828,153,4,soft_center_range_marl,33978.16120980387,1,4,landing,0.9228352904319763,0.209401473402977,0.25380100806554157,0.17200560867786407,0.15094728767871857,0.2258080244064331,0,0.7897652387619019,4.068104991912842,0,0,0,76,0.13673174381256104,0.11997544765472412,1,0,1
2026-07-06T01:28:56.630577,154,4,soft_center_range_marl,14350.713855972675,1,4,landing,1.0015456676483154,0.25488796830177307,0.29589877525965375,0.2049081176519394,0.15370911359786987,0.22066424787044525,0,0.701492190361023,4.219293842315674,0,0,0,71,0.17740352948506674,0.13920630514621735,1,0,0
2026-07-06T01:29:00.656526,155,4,soft_center_range_marl,-6531.637425292694,1,4,landing,1.1445623636245728,0.34964004158973694,0.3660982648531596,0.20673124492168427,0.15473715960979462,0.213942289352417,0,0.6228708624839783,4.386592636108398,0,0,0,68,0.26470057169596356,0.22321300208568573,1,0,0
2026-07-06T01:29:04.622843,156,4,soft_center_range_marl,-9841.23487725903,1,4,landing,1.18605375289917,0.3809657096862793,0.3818843762079875,0.2119358330965042,0.15615998208522797,0.2209426909685135,0,0.6330158710479736,4.429089317321777,0,0,0,67,0.30924636125564575,0.27016112208366394,1,0,0
2026-07-06T01:29:09.705412,157,4,soft_center_range_marl,-35347.62905270858,0,2,triangle_to_goal_obstacle,1.2710853815078735,0.46867135167121887,0.3998517592748006,0.0237884521484375,0.14103418588638306,0.2056124210357666,0,0.6017478108406067,4.540144214630127,0,0,0,66,0.37879621982574463,0.3571228086948395,1,0,0
2026-07-06T01:29:14.045797,158,4,soft_center_range_marl,52788.808647314945,1,4,landing,0.8221376538276672,0.14524780213832855,0.17828619480133057,0.15879593789577484,0.14900416135787964,0.1992437094449997,0,0.8987011313438416,3.9225037193298338,0,0,0,82,0.08996923764546712,0.07404779642820358,1,0,1
2026-07-06T01:29:18.164394,159,4,soft_center_range_marl,43980.439569299204,1,4,landing,0.9172132015228271,0.20218290388584137,0.24151388804117838,0.18607552349567413,0.15123076736927032,0.2181847095489502,0,0.7823246717453003,4.079794178009033,0,0,0,76,0.09935426712036133,0.11769562214612961,1,0,1
2026-07-06T01:29:22.210485,160,4,soft_center_range_marl,3230.6936608858796,1,4,landing,1.0454109907150269,0.2841366231441498,0.3204920490582784,0.19858044385910034,0.155320942401886,0.20466113090515137,0,0.6945246458053589,4.251466999053955,0,0,0,71,0.23282605409622192,0.19362173974514008,1,0,0
2026-07-06T01:29:25.958082,161,4,soft_center_range_marl,2348.8950094339275,1,4,landing,1.1058104038238525,0.32271742820739746,0.3566196759541829,0.20416593551635742,0.15363635122776031,0.21104271709918976,0,0.62030029296875,4.361648330688476,0,0,0,71,0.20905490716298422,0.17080830037593842,1,0,0
2026-07-06T01:29:29.761469,162,4,soft_center_range_marl,-4880.23722992826,1,4,landing,1.184637427330017,0.37452444434165955,0.37861595551172894,0.22884224355220795,0.15496845543384552,0.21758536994457245,0,0.6125313639640808,4.4553125,0,0,0,67,0.2643415927886963,0.22386693954467773,1,0,0
2026-07-06T01:29:34.661308,163,4,soft_center_range_marl,-31106.38434577148,0,2,triangle_to_goal_obstacle,1.2731236219406128,0.46894505620002747,0.39984554052352905,0.02098059095442295,0.1376006156206131,0.22767765820026398,0,0.6039020419120789,4.544125804901123,0,0,0,65,0.35788164536158246,0.3348751962184906,1,0,0
2026-07-06T01:29:38.849242,164,4,soft_center_range_marl,50856.44702713616,1,4,landing,0.8171511292457581,0.1430233269929886,0.17426937818527222,0.17193187773227692,0.15038152039051056,0.21874617040157318,0,0.880092203617096,3.9218804931640623,0,0,0,83,0.12217015027999878,0.09670563787221909,1,0,1
2026-07-06T01:29:42.820255,165,4,soft_center_range_marl,48503.13857177882,1,4,landing,0.910972535610199,0.20113307237625122,0.24123607079188028,0.17925328016281128,0.15050576627254486,0.19928644597530365,0,0.8134370446205139,4.021390686035156,0,0,0,78,0.07091283798217773,0.05627850070595741,1,0,1
2026-07-06T01:29:46.660580,166,4,soft_center_range_marl,10468.193445335013,1,4,landing,1.0355693101882935,0.2709371745586395,0.3096126914024353,0.20152437686920166,0.1537906527519226,0.22004376351833344,0,0.6884625554084778,4.252156982421875,0,0,0,73,0.19497249523798624,0.15310820937156677,1,0,0
2026-07-06T01:29:50.329004,167,4,soft_center_range_marl,-6415.08827794787,1,4,landing,1.1363075971603394,0.3438069522380829,0.36267513036727905,0.20440830290317535,0.1540776640176773,0.20376889407634735,0,0.6371085047721863,4.37258602142334,0,0,0,68,0.2866721550623576,0.24197404086589813,1,0,0
2026-07-06T01:29:55.281149,168,4,soft_center_range_marl,-34866.51016376714,0,2,triangle_to_goal_obstacle,1.2759307622909546,0.4715374708175659,0.3997234304745992,0.017422378063201904,0.1433766931295395,0.20174364745616913,0,0.5912119746208191,4.5454561805725096,0,0,0,68,0.366604745388031,0.3490751087665558,1,0,0
2026-07-06T01:29:59.382823,169,4,soft_center_range_marl,25809.4102554169,1,4,landing,0.8411130905151367,0.15557362139225006,0.18805315097173056,0.1684519499540329,0.1501476913690567,0.2070610523223877,0,0.9159506559371948,3.908897647857666,0,0,0,83,0.1583060622215271,0.11292155832052231,1,0,1
2026-07-06T01:30:03.121444,170,4,soft_center_range_marl,49261.60194065196,1,4,landing,0.9026434421539307,0.19407840073108673,0.233070969581604,0.19124329090118408,0.15287834405899048,0.21829406917095184,0,0.8523009419441223,3.9922659492492674,0,0,0,76,0.0475990374883016,0.04293394088745117,1,0,1
2026-07-06T01:30:06.946213,171,4,soft_center_range_marl,18320.33630555093,1,4,landing,1.026349425315857,0.26967838406562805,0.3144880334536235,0.2027563452720642,0.15365205705165863,0.19536423683166504,0,0.6538901925086975,4.257542858123779,0,0,0,73,0.15603852272033691,0.12485292553901672,1,0,0
2026-07-06T01:30:10.796351,172,4,soft_center_range_marl,45.232715170324354,1,4,landing,1.1205140352249146,0.3338489234447479,0.36339038610458374,0.2193409651517868,0.15503446757793427,0.20482905209064484,0,0.636520266532898,4.350685367584228,0,0,0,68,0.23569226264953613,0.19624604284763336,1,0,0
2026-07-06T01:30:14.720994,173,4,soft_center_range_marl,-13815.747129217942,1,4,landing,1.2050073146820068,0.39580264687538147,0.38815923531850177,0.22233764827251434,0.15442921221256256,0.21117110550403595,0,0.6025377511978149,4.485000381469726,0,0,0,65,0.33105504512786865,0.2982806861400604,1,0,0
2026-07-06T01:30:19.802350,174,4,soft_center_range_marl,-33318.88722972311,0,2,triangle_to_goal_obstacle,1.2733103036880493,0.474247545003891,0.4008954366048177,0.022836053743958473,0.1409822255373001,0.20943491160869598,0,0.5913528203964233,4.558455715179443,0,0,0,65,0.3602251410484314,0.33834370970726013,1,0,0
2026-07-06T01:30:24.045010,175,4,soft_center_range_marl,56265.13875774403,1,4,landing,0.8101195693016052,0.1390014886856079,0.1697851618131002,0.16572587192058563,0.15080086886882782,0.20071817934513092,0,0.9275773763656616,3.853586444854736,0,0,0,84,0.06367293993631999,0.0457492358982563,1,0,1
2026-07-06T01:30:28.075708,176,4,soft_center_range_marl,44627.97006858683,1,4,landing,0.9318435192108154,0.20676378905773163,0.24546120564142862,0.19247901439666748,0.15220455825328827,0.2154827117919922,0,0.8317695260047913,4.0054028129577635,0,0,0,77,0.10543537139892578,0.08187062293291092,1,0,1
2026-07-06T01:30:31.933398,177,4,soft_center_range_marl,-10744.066226106315,1,4,landing,1.0833897590637207,0.30685627460479736,0.3368277947107951,0.20557205379009247,0.1549777239561081,0.20608823001384735,0,0.6661328077316284,4.2689974403381346,0,0,0,71,0.28765203555425006,0.2476993352174759,1,0,0
2026-07-06T01:30:35.743483,178,4,soft_center_range_marl,-152.04622239460878,1,4,landing,1.092232346534729,0.3158459961414337,0.344437579313914,0.20347826182842255,0.1531635969877243,0.23261623084545135,0,0.6512621641159058,4.311706790924072,0,0,0,70,0.24290321270624796,0.19611527025699615,1,0,0
2026-07-06T01:30:40.520233,179,4,soft_center_range_marl,-34804.00196930758,0,2,triangle_to_goal_obstacle,1.2739337682724,0.4725610911846161,0.3996686339378357,0.02570977993309498,0.14098112285137177,0.21031375229358673,0,0.6010532379150391,4.554411659240722,0,0,0,67,0.3611701726913452,0.34152379631996155,1,0,0
2026-07-06T01:30:44.557488,180,4,soft_center_range_marl,49056.20541638488,1,4,landing,0.8192594647407532,0.1404646784067154,0.17019152641296387,0.16949205100536346,0.15033704042434692,0.21684463322162628,0,0.8748890161514282,3.923293361663818,0,0,0,81,0.12220658858617146,0.10978204756975174,1,0,1
2026-07-06T01:30:48.640994,181,4,soft_center_range_marl,45155.718184349826,1,4,landing,0.9198674559593201,0.19812482595443726,0.2369177540143331,0.17710213363170624,0.15146608650684357,0.2265920639038086,0,0.7971546053886414,4.087819347381592,0,0,0,75,0.07599298159281413,0.10363832861185074,1,0,1
2026-07-06T01:30:52.734393,182,4,soft_center_range_marl,11066.597203111905,1,4,landing,1.041845679283142,0.27954426407814026,0.31605525811513263,0.20642657577991486,0.15355651080608368,0.22745417058467865,0,0.6983514428138733,4.232171783447265,0,0,0,71,0.18935348590215048,0.15372325479984283,1,0,0
2026-07-06T01:30:56.365160,183,4,soft_center_range_marl,1029.2647810478043,1,4,landing,1.126795768737793,0.3349083662033081,0.35871551434199017,0.21996767818927765,0.15577970445156097,0.22794799506664276,0,0.6305830478668213,4.375299224853515,0,0,0,68,0.23308145999908447,0.1886124163866043,1,0,0
2026-07-06T01:31:00.361209,184,4,soft_center_range_marl,-4515.832647390103,1,4,landing,1.2006607055664062,0.3875398635864258,0.3846052686373393,0.2193729281425476,0.15647368133068085,0.2134561687707901,0,0.6206604838371277,4.486356506347656,0,0,0,65,0.27024950583775836,0.22833199799060822,1,0,0
2026-07-06T01:31:06.471554,185,4,soft_center_range_marl,-35578.07938015587,0,2,triangle_to_goal_obstacle,1.269728660583496,0.4748387634754181,0.3995184103647868,0.029319563880562782,0.14124369621276855,0.19644884765148163,0,0.5855390429496765,4.550492057800293,0,0,0,65,0.384922722975413,0.3652454912662506,1,0,0
2026-07-06T01:31:11.166565,186,4,soft_center_range_marl,54575.53713837346,1,4,landing,0.776405394077301,0.11414182931184769,0.1418835719426473,0.1640937775373459,0.14873336255550385,0.19560174643993378,0,0.9808409214019775,3.7507388687133787,0,0,0,86,0.08276410897572835,0.07444433122873306,1,0,1
2026-07-06T01:31:15.337212,187,4,soft_center_range_marl,18272.738508789032,1,4,landing,0.9460585117340088,0.2194785326719284,0.26001880566279095,0.17933757603168488,0.15201526880264282,0.22012554109096527,0,0.7757541537284851,4.102231273651123,0,0,0,78,0.1685375769933065,0.1316910982131958,1,0,0
2026-07-06T01:31:19.480529,188,4,soft_center_range_marl,4840.047691891799,1,4,landing,1.0250136852264404,0.26181402802467346,0.31487659613291424,0.19070392847061157,0.15299804508686066,0.2061123102903366,0,0.6884207725524902,4.204441795349121,0,0,0,71,0.20446846882502237,0.16742324829101562,1,0,0
2026-07-06T01:31:23.882948,189,4,soft_center_range_marl,7422.610260840991,1,4,landing,1.096562147140503,0.310463547706604,0.34120696783065796,0.21748755872249603,0.15581639111042023,0.2025415152311325,0,0.6200495958328247,4.36982084274292,0,0,0,69,0.2117244005203247,0.17651478946208954,1,0,0
2026-07-06T01:31:28.339922,190,4,soft_center_range_marl,-8489.89468673788,1,4,landing,1.2036525011062622,0.38487425446510315,0.3832383354504903,0.21481068432331085,0.15642644464969635,0.20456521213054657,0,0.6324886679649353,4.448662052154541,0,0,0,67,0.31340720256169635,0.26604124903678894,1,0,0
2026-07-06T01:31:32.297997,191,4,soft_center_range_marl,-16923.44292151506,1,4,landing,1.2411609888076782,0.41067349910736084,0.3923830986022949,0.19749154150485992,0.1562955230474472,0.20151297748088837,0,0.6027921438217163,4.588006267547607,0,0,0,66,0.34006690979003906,0.3087975084781647,1,0,0
2026-07-06T01:31:37.795171,192,4,soft_center_range_marl,-37364.75117504248,0,2,triangle_to_goal_obstacle,1.270377278327942,0.4762979745864868,0.39940881729125977,0.029354572296142578,0.14303533732891083,0.18522906303405762,0,0.5971808433532715,4.549361953735351,0,0,0,68,0.3844233552614848,0.36581361293792725,1,0,0
2026-07-06T01:31:42.825976,193,4,soft_center_range_marl,45129.89142295771,1,4,landing,0.7988340854644775,0.1457795947790146,0.15734549363454184,0.1666378229856491,0.14903146028518677,0.22497540712356567,0,0.8765668869018555,3.933079490661621,0,0,0,83,0.11249156792958577,0.12341656535863876,1,0,1
2026-07-06T01:31:47.300187,194,4,soft_center_range_marl,45289.79713670835,1,4,landing,0.9264151453971863,0.20653076469898224,0.2450811266899109,0.19669578969478607,0.15312223136425018,0.20079223811626434,0,0.7656612396240234,4.112927684783935,0,0,0,75,0.10761527220408122,0.09660249203443527,1,0,1
2026-07-06T01:31:51.503018,195,4,soft_center_range_marl,4453.607024781418,1,4,landing,1.0397858619689941,0.2828984558582306,0.31756025552749634,0.19956426322460175,0.15336352586746216,0.20978470146656036,0,0.7164581418037415,4.238085041046142,0,0,0,73,0.22655526796976724,0.18667976558208466,1,0,0
2026-07-06T01:31:55.653340,196,4,soft_center_range_marl,-1432.3761527843963,1,4,landing,1.0892536640167236,0.31066450476646423,0.3407263159751892,0.21296264231204987,0.15508000552654266,0.21222500503063202,0,0.6278022527694702,4.342264900207519,0,0,0,69,0.22758456071217856,0.18893341720104218,1,0,0
2026-07-06T01:31:59.462247,197,4,soft_center_range_marl,-3632.7381305132876,1,4,landing,1.1583666801452637,0.35198161005973816,0.367245614528656,0.2201111763715744,0.15523219108581543,0.24493902921676636,0,0.6101645231246948,4.415275821685791,0,0,0,67,0.2722274263699849,0.22946465015411377,1,0,0
2026-07-06T01:32:03.684480,198,4,soft_center_range_marl,-13514.037791824301,1,4,landing,1.225229263305664,0.39976203441619873,0.40714919567108154,0.22475339472293854,0.15570448338985443,0.23740005493164062,0,0.589884877204895,4.4917919731140135,0,0,0,66,0.3336719473203023,0.30134889483451843,1,0,0
2026-07-06T01:32:08.963024,199,4,soft_center_range_marl,-36409.969545078304,0,2,triangle_to_goal_obstacle,1.270214557647705,0.4728093147277832,0.39964449405670166,0.0184671301394701,0.14200043678283691,0.19413898885250092,0,0.5964549779891968,4.5557444190979,0,0,0,65,0.38701889912287396,0.3883838951587677,1,0,0
2026-07-06T01:32:13.464089,200,4,soft_center_range_marl,49873.78768939416,1,4,landing,0.8222768902778625,0.1486818790435791,0.17937803268432617,0.16904938220977783,0.1506158709526062,0.21612559258937836,0,0.8562302589416504,3.941253910064697,0,0,0,83,0.1158454418182373,0.09942717105150223,1,0,1
2026-07-06T01:32:17.887059,201,4,soft_center_range_marl,22296.06441046784,1,4,landing,0.9317660927772522,0.2132282853126526,0.26030510663986206,0.1966560333967209,0.1519525796175003,0.21032319962978363,0,0.7435312867164612,4.120976696014404,0,0,0,75,0.15989532073338827,0.11768246442079544,1,0,0
2026-07-06T01:32:21.794136,202,4,soft_center_range_marl,13196.542741409576,1,4,landing,1.0137895345687866,0.2623383104801178,0.3018363316853841,0.2083682268857956,0.15350638329982758,0.24202285706996918,0,0.6821766495704651,4.2537925338745115,0,0,0,72,0.1889078418413798,0.16855370998382568,1,0,0
2026-07-06T01:32:25.600669,203,4,soft_center_range_marl,-2619.9905353330523,1,4,landing,1.1282447576522827,0.3307015597820282,0.35581378142038983,0.2177235335111618,0.15636856853961945,0.2352486103773117,0,0.6376849412918091,4.378896484375,0,0,0,69,0.2509300510088603,0.2103842943906784,1,0,0
2026-07-06T01:32:29.706274,204,4,soft_center_range_marl,-10964.047852497384,1,4,landing,1.1737735271453857,0.36444714665412903,0.37375142176946,0.2114827185869217,0.15554682910442352,0.22425109148025513,0,0.6306776404380798,4.436126480102539,0,0,0,67,0.3135753075281779,0.27628016471862793,1,0,0
2026-07-06T01:32:34.845376,205,4,soft_center_range_marl,-31570.426161982115,0,2,triangle_to_goal_obstacle,1.2751309871673584,0.47157952189445496,0.39972307284673053,0.01695619337260723,0.14232869446277618,0.20068727433681488,0,0.5938118696212769,4.5460593795776365,0,0,0,66,0.34765201807022095,0.3210153579711914,1,0,0
2026-07-06T01:32:39.467798,206,4,soft_center_range_marl,47730.66787205895,1,4,landing,0.8569862246513367,0.166878342628479,0.2027739683787028,0.17414836585521698,0.15128009021282196,0.2146109938621521,0,0.8834027647972107,3.8729398345947263,0,0,0,83,0.13129411141077676,0.09726130217313766,1,0,1
2026-07-06T01:32:43.695898,207,4,soft_center_range_marl,48014.566935298826,1,4,landing,0.9066530466079712,0.19767551124095917,0.23667953411738077,0.17811112105846405,0.15204046666622162,0.22400067746639252,0,0.8502121567726135,3.9770448303222654,0,0,0,77,0.07344579696655273,0.05997469648718834,1,0,1
2026-07-06T01:32:47.931374,208,4,soft_center_range_marl,-28.907469188720825,1,4,landing,1.038723111152649,0.2831219732761383,0.3190440535545349,0.19757235050201416,0.15337128937244415,0.21449851989746094,0,0.7128158807754517,4.223357925415039,0,0,0,72,0.23372960090637207,0.188023641705513,1,0,0
2026-07-06T01:32:52.130474,209,4,soft_center_range_marl,1116.1939835880253,1,4,landing,1.0943400859832764,0.31233933568000793,0.348677396774292,0.21941472589969635,0.15450821816921234,0.2141539603471756,0,0.6798108816146851,4.27188325881958,0,0,0,70,0.2325249711672465,0.18559996783733368,1,0,0
2026-07-06T01:32:56.334686,210,4,soft_center_range_marl,-5751.931774259832,1,4,landing,1.187060832977295,0.3756023347377777,0.37903153896331787,0.2189442366361618,0.15601873397827148,0.2117909938097,0,0.6343325972557068,4.467586288452148,0,0,0,66,0.27265461285909015,0.2322947233915329,1,0,0
2026-07-06T01:33:00.718896,211,4,soft_center_range_marl,-14499.06550528662,1,4,landing,1.2406550645828247,0.40868696570396423,0.39736709992090863,0.22869960963726044,0.15711386501789093,0.22446735203266144,0,0.5870997905731201,4.469902286529541,0,0,0,66,0.3258633216222127,0.29233410954475403,1,0,0
2026-07-06T01:33:05.960642,212,4,soft_center_range_marl,-39750.73977861007,0,2,triangle_to_goal_obstacle,1.270580530166626,0.4746025800704956,0.3995349605878194,0.022788094356656075,0.14143170416355133,0.20283423364162445,0,0.5955516695976257,4.549398193359375,0,0,0,66,0.4049241344134013,0.40068602561950684,1,0,0
2026-07-06T01:33:10.412179,213,4,soft_center_range_marl,55237.9438787545,1,4,landing,0.7893409132957458,0.13092495501041412,0.15722634394963583,0.16086669266223907,0.14893175661563873,0.2307559698820114,0,0.9149498343467712,3.876054058074951,0,0,0,85,0.05441669623057047,0.0537341944873333,1,0,1
2026-07-06T01:33:14.522374,214,4,soft_center_range_marl,51112.66109802252,1,4,landing,0.8776852488517761,0.17219983041286469,0.20966285467147827,0.18081164360046387,0.15141016244888306,0.2364974021911621,0,0.8605089783668518,3.9551169967651365,0,0,0,78,0.052146196365356445,0.036982983350753784,1,0,1
2026-07-06T01:33:18.725370,215,4,soft_center_range_marl,1556.1325533449626,1,4,landing,1.0314594507217407,0.2714688777923584,0.307549516359965,0.20032604038715363,0.15415342152118683,0.2017781287431717,0,0.7358086109161377,4.194254169464111,0,0,0,73,0.23119517167409262,0.1921570748090744,1,0,0
2026-07-06T01:33:22.838222,216,4,soft_center_range_marl,-12324.409862196793,1,4,landing,1.1426117420196533,0.34929513931274414,0.3706657886505127,0.20079755783081055,0.1561073511838913,0.21589680016040802,0,0.6243076920509338,4.401310691833496,0,0,0,70,0.31901373465855914,0.2771669328212738,1,0,0
2026-07-06T01:33:26.704473,217,4,soft_center_range_marl,-11593.700332839255,1,4,landing,1.148564338684082,0.35560575127601624,0.36878442764282227,0.2108762115240097,0.1558372527360916,0.22500133514404297,0,0.6364396214485168,4.376120815277099,0,0,0,68,0.30801427364349365,0.27100515365600586,1,0,0
2026-07-06T01:33:30.697257,218,4,soft_center_range_marl,-17865.951339235427,1,4,landing,1.2240257263183594,0.40101158618927,0.38929571708043414,0.2064749151468277,0.15826235711574554,0.1936582326889038,0,0.6108852624893188,4.480873355865478,0,0,0,67,0.3501558502515157,0.3251267969608307,1,0,0
2026-07-06T01:33:36.010393,219,4,soft_center_range_marl,-33184.28376011938,0,2,triangle_to_goal_obstacle,1.2753019332885742,0.47481533885002136,0.40089009205500287,0.02525234781205654,0.14061486721038818,0.203011617064476,0,0.5882164239883423,4.554975757598877,0,0,0,66,0.3731214602788289,0.3630726635456085,1,0,0
2026-07-06T01:33:40.481164,220,4,soft_center_range_marl,51490.48736459542,1,4,landing,0.8317661285400391,0.1516522765159607,0.19054687023162842,0.17368710041046143,0.15138301253318787,0.21134062111377716,0,0.8884962797164917,3.8931214904785154,0,0,0,83,0.1175771951675415,0.08753476291894913,1,0,1
2026-07-06T01:33:44.798379,221,4,soft_center_range_marl,45974.22910882946,1,4,landing,0.9126283526420593,0.19035597145557404,0.2293094793955485,0.1826813817024231,0.15318386256694794,0.22731538116931915,0,0.8658162355422974,3.989222297668457,0,0,0,78,0.0976960261662801,0.07308536767959595,1,0,1
2026-07-06T01:33:48.775855,222,4,soft_center_range_marl,9323.205738213554,1,4,landing,1.0245050191879272,0.26801690459251404,0.30585165818532306,0.1980212926864624,0.1541549116373062,0.2043222188949585,0,0.7163900136947632,4.1904332733154295,0,0,0,72,0.1877901554107666,0.14917327463626862,1,0,0
2026-07-06T01:33:52.669069,223,4,soft_center_range_marl,3354.038767840352,1,4,landing,1.090105652809143,0.30798715353012085,0.33816524346669513,0.21733693778514862,0.15550370514392853,0.20265157520771027,0,0.6992517113685608,4.285402545928955,0,0,0,70,0.2134902278582255,0.17649607360363007,1,0,0
2026-07-06T01:33:56.675527,224,4,soft_center_range_marl,-9552.562161165642,1,4,landing,1.1793853044509888,0.3698233664035797,0.3985066016515096,0.2175220400094986,0.1567944586277008,0.19595623016357422,0,0.5764222145080566,4.4390647506713865,0,0,0,66,0.2879897554715474,0.2431991696357727,1,0,0
2026-07-06T01:34:00.862952,225,4,soft_center_range_marl,-16480.40397585314,1,4,landing,1.2322317361831665,0.4113737642765045,0.3924758831659953,0.22240571677684784,0.15666784346103668,0.19777321815490723,0,0.6125801801681519,4.462713966369629,0,0,0,66,0.33963586886723834,0.3103298544883728,1,0,0
2026-07-06T01:34:06.181982,226,4,soft_center_range_marl,-40203.10079407941,0,2,triangle_to_goal_obstacle,1.267364740371704,0.47070586681365967,0.4046173691749573,0.016021309420466423,0.1430090218782425,0.19514866173267365,0,0.5839056372642517,4.542254695892334,0,0,0,66,0.4005913933118184,0.3964739739894867,1,0,0
2026-07-06T01:34:10.512389,227,4,soft_center_range_marl,54941.35939612762,1,4,landing,0.7823679447174072,0.1263735145330429,0.15489091475804648,0.16441065073013306,0.15082985162734985,0.24158966541290283,0,0.9459486603736877,3.8446476554870603,0,0,0,83,0.07114664713541667,0.08031734824180603,1,0,1
2026-07-06T01:34:14.729130,228,4,soft_center_range_marl,21038.96371574,1,4,landing,0.9324276447296143,0.2120904177427292,0.2522198756535848,0.18101608753204346,0.1520550698041916,0.22903592884540558,0,0.7439298629760742,4.122354755401611,0,0,0,76,0.1603575348854065,0.12236484885215759,1,0,1
2026-07-06T01:34:18.568893,229,4,soft_center_range_marl,22199.955468869466,1,4,landing,1.000393033027649,0.256865531206131,0.29686198631922406,0.20374763011932373,0.15335504710674286,0.21352805197238922,0,0.7355111241340637,4.1966564750671385,0,0,0,72,0.14674419164657593,0.12047749757766724,1,0,0
2026-07-06T01:34:22.579704,230,4,soft_center_range_marl,1808.71977280021,1,4,landing,1.0822999477386475,0.3067331314086914,0.3380512197812398,0.20262055099010468,0.154876247048378,0.21868424117565155,0,0.653387725353241,4.325494537353515,0,0,0,68,0.2220308780670166,0.18264026939868927,1,0,0
2026-07-06T01:34:26.671617,231,4,soft_center_range_marl,-5183.811821554084,1,4,landing,1.1686559915542603,0.3675050735473633,0.3755024274190267,0.21900610625743866,0.15539920330047607,0.22158324718475342,0,0.6267000436782837,4.417864093780517,0,0,0,67,0.2711774706840515,0.22989100217819214,1,0,0
2026-07-06T01:34:31.157469,232,4,soft_center_range_marl,-16750.18594281062,1,4,landing,1.2131425142288208,0.3936719000339508,0.38680944840113324,0.22144363820552826,0.1578696221113205,0.21641375124454498,0,0.6045831441879272,4.450361499786377,0,0,0,66,0.35089842478434247,0.31791818141937256,1,0,0
2026-07-06T01:34:36.443359,233,4,soft_center_range_marl,-35937.47219579642,0,2,triangle_to_goal_obstacle,1.2674769163131714,0.4679403007030487,0.4061853289604187,0.013576400466263294,0.1412067860364914,0.23148894309997559,0,0.5908700227737427,4.54341007232666,0,0,0,67,0.39377617835998535,0.37900516390800476,1,0,0
2026-07-06T01:34:40.923547,234,4,soft_center_range_marl,51802.788345790475,1,4,landing,0.825282096862793,0.14478911459445953,0.1791666547457377,0.167448952794075,0.15073905885219574,0.22986674308776855,0,0.9412676095962524,3.8571531867980955,0,0,0,83,0.10982290903727214,0.07798225432634354,1,0,1
2026-07-06T01:34:45.093869,235,4,soft_center_range_marl,48915.83293810078,1,4,landing,0.8966214656829834,0.18707275390625,0.2308502991994222,0.18993063271045685,0.15311099588871002,0.23370783030986786,0,0.8198490738868713,3.989668617248535,0,0,0,77,0.0767907698949178,0.05813329294323921,1,0,1
2026-07-06T01:34:48.899354,236,4,soft_center_range_marl,16286.672714612763,1,4,landing,1.0258100032806396,0.2706446647644043,0.3075091441472371,0.20846311748027802,0.15380652248859406,0.20828169584274292,0,0.6983413100242615,4.210394630432129,0,0,0,74,0.17025079329808554,0.13628341257572174,1,0,0
2026-07-06T01:34:52.582494,237,4,soft_center_range_marl,13163.26130963991,1,4,landing,1.0840847492218018,0.3007924556732178,0.3332912524541219,0.2157191038131714,0.1555379182100296,0.22350166738033295,0,0.6742286086082458,4.311097869873047,0,0,0,68,0.19114096959431967,0.15751641988754272,1,0,0
2026-07-06T01:34:56.408034,238,4,soft_center_range_marl,-9583.690900721876,1,4,landing,1.2038019895553589,0.38722601532936096,0.3845031261444092,0.22163189947605133,0.15696586668491364,0.23541957139968872,0,0.6045350432395935,4.469413051605224,0,0,0,67,0.3126761317253113,0.26899874210357666,1,0,0
2026-07-06T01:35:01.370891,239,4,soft_center_range_marl,-33315.65573961629,0,2,triangle_to_goal_obstacle,1.2711812257766724,0.47388485074043274,0.4064994653065999,0.027505019679665565,0.1431512087583542,0.20435453951358795,0,0.5934852361679077,4.546897182464599,0,0,0,65,0.3646992047627767,0.34749677777290344,1,0,0
2026-07-06T01:35:05.625073,240,4,soft_center_range_marl,47050.04646207406,1,4,landing,0.832414448261261,0.16459810733795166,0.19080203771591187,0.1751309037208557,0.15096591413021088,0.2284468561410904,0,0.8364267945289612,3.9883577919006346,0,0,0,81,0.10245277484258015,0.1361435055732727,1,0,1
2026-07-06T01:35:09.658817,241,4,soft_center_range_marl,39853.70922035813,1,4,landing,0.9373573064804077,0.2240878939628601,0.2648245096206665,0.1944299191236496,0.1527993083000183,0.22383476793766022,0,0.7121199369430542,4.141383419036865,0,0,0,75,0.10192044576009114,0.1398865431547165,1,0,0
2026-07-06T01:35:13.680473,242,4,soft_center_range_marl,4546.921346039698,1,4,landing,1.0415958166122437,0.27327170968055725,0.31935171286265057,0.19980673491954803,0.15446273982524872,0.21829839050769806,0,0.7063230276107788,4.210078010559082,0,0,0,72,0.22892451286315918,0.19087626039981842,1,0,0
2026-07-06T01:35:17.574131,243,4,soft_center_range_marl,-1163.2477444281571,1,4,landing,1.09200918674469,0.3108768165111542,0.3409272829691569,0.21421001851558685,0.15580767393112183,0.2128911018371582,0,0.6671411991119385,4.336539039611816,0,0,0,67,0.25236499309539795,0.2042807936668396,1,0,0
2026-07-06T01:35:21.500373,244,4,soft_center_range_marl,-16082.492032455266,1,4,landing,1.1987615823745728,0.38678550720214844,0.40449003378550213,0.21538607776165009,0.1576652079820633,0.21692503988742828,0,0.6023450493812561,4.4545090293884275,0,0,0,67,0.3433755040168762,0.3004854619503021,1,0,0
2026-07-06T01:35:26.501989,245,4,soft_center_range_marl,-26673.02054349975,0,3,goal_hover,1.2689306735992432,0.47733426094055176,0.406699279944102,0.027030527591705322,0.1400315910577774,0.2845612168312073,0,0.5883750319480896,4.553450832366943,0,0,0,67,0.3467497229576111,0.31951388716697693,1,0,0
2026-07-06T01:35:30.636184,246,4,soft_center_range_marl,52818.66687382353,1,4,landing,0.8301680088043213,0.1512822061777115,0.19352281093597412,0.1640087515115738,0.15103775262832642,0.20767374336719513,0,0.8909993767738342,3.8366310691833494,0,0,0,84,0.09221688906351726,0.0709691122174263,1,0,1
2026-07-06T01:35:34.507380,247,4,soft_center_range_marl,22557.173851008254,1,4,landing,0.9170337915420532,0.2009161114692688,0.23999385039011636,0.19206185638904572,0.1527046412229538,0.22054575383663177,0,0.8368094563484192,3.9997007942199705,0,0,0,76,0.15688260396321616,0.11541920900344849,1,0,1
2026-07-06T01:35:38.216652,248,4,soft_center_range_marl,25821.97063914571,1,4,landing,1.0193389654159546,0.26581934094429016,0.3178696235020955,0.2108391970396042,0.15483255684375763,0.2108953446149826,0,0.7211908102035522,4.139333972930908,0,0,0,72,0.15190682808558145,0.11594591289758682,1,0,0
2026-07-06T01:35:41.890956,249,4,soft_center_range_marl,-3355.833029323673,1,4,landing,1.133636474609375,0.345157265663147,0.36326903104782104,0.22484131157398224,0.15655960142612457,0.21154962480068207,0,0.6516425609588623,4.341123352050781,0,0,0,69,0.25281864404678345,0.20855896174907684,1,0,0
2026-07-06T01:35:45.595099,250,4,soft_center_range_marl,-14038.389773289811,1,4,landing,1.1937633752822876,0.3847961723804474,0.3833433787027995,0.21777625381946564,0.15715409815311432,0.23318715393543243,0,0.61695796251297,4.443905601501465,0,0,0,68,0.3273921608924866,0.2903563976287842,1,0,0
2026-07-06T01:35:50.413912,251,4,soft_center_range_marl,-33687.79873201654,0,2,triangle_to_goal_obstacle,1.2716187238693237,0.4707449674606323,0.3997514247894287,0.03197348490357399,0.14186899363994598,0.20311467349529266,0,0.5967770218849182,4.551886329650879,0,0,0,68,0.36722298463185626,0.3517162799835205,1,0,0
2026-07-06T01:35:54.458101,252,4,soft_center_range_marl,58149.78270518321,1,4,landing,0.8074824213981628,0.14071150124073029,0.18617498874664307,0.1672704964876175,0.1505099982023239,0.24705053865909576,0,0.9050465226173401,3.8606436347961424,0,0,0,84,0.031291445096333824,0.025416674092411995,1,0,1
2026-07-06T01:35:58.343555,253,4,soft_center_range_marl,48946.53204114403,1,4,landing,0.8909968733787537,0.1780736893415451,0.21470236778259277,0.18321222066879272,0.15336692333221436,0.23102694749832153,0,0.8550763726234436,3.9833157157897947,0,0,0,76,0.07417444388071696,0.053053971379995346,1,0,1
2026-07-06T01:36:02.106404,254,4,soft_center_range_marl,8740.656756180262,1,4,landing,1.0330277681350708,0.2707802951335907,0.31886722644170123,0.20184093713760376,0.15473604202270508,0.23641900718212128,0,0.7122085690498352,4.194902191162109,0,0,0,72,0.20189563433329263,0.16075626015663147,1,0,0
2026-07-06T01:36:05.809982,255,4,soft_center_range_marl,4770.631468086975,1,4,landing,1.0830243825912476,0.30183348059654236,0.33861351013183594,0.2066856473684311,0.15573976933956146,0.21798710525035858,0,0.6886922717094421,4.232621440887451,0,0,0,69,0.23219048976898193,0.18879394233226776,1,0,0
2026-07-06T01:36:09.643694,256,4,soft_center_range_marl,-12590.063179170234,1,4,landing,1.2000142335891724,0.3911857604980469,0.3857531150182088,0.21542119979858398,0.15642958879470825,0.221685528755188,0,0.6126554608345032,4.465440521240234,0,0,0,67,0.32554678122202557,0.29089048504829407,1,0,0
2026-07-06T01:36:14.528477,257,4,soft_center_range_marl,-33751.56600443631,0,2,triangle_to_goal_obstacle,1.2685860395431519,0.4792984426021576,0.39914141098658246,0.020089564844965935,0.14241787791252136,0.2200278639793396,0,0.6027369499206543,4.553366432189941,0,0,0,68,0.3722710609436035,0.34956100583076477,1,0,0
2026-07-06T01:36:18.726503,258,4,soft_center_range_marl,55088.861174930804,1,4,landing,0.8197644352912903,0.1429193615913391,0.1850786010424296,0.16773246228694916,0.15115289390087128,0.21742922067642212,0,0.8990219235420227,3.8877484893798826,0,0,0,85,0.07577991485595703,0.060634661465883255,1,0,1
2026-07-06T01:36:22.760116,259,4,soft_center_range_marl,2376.5917435475635,1,4,landing,0.9759438633918762,0.24074333906173706,0.28431151310602826,0.18340468406677246,0.15343832969665527,0.23312623798847198,0,0.7542800307273865,4.094650039672851,0,0,0,77,0.23943382501602173,0.19437040388584137,1,0,0
2026-07-06T01:36:26.594164,260,4,soft_center_range_marl,38215.38129348891,1,4,landing,0.9925816655158997,0.24751748144626617,0.28588571151097614,0.2045011967420578,0.1537787914276123,0.21803897619247437,0,0.7465915083885193,4.1074912643432615,0,0,0,73,0.12761874993642172,0.09849438816308975,1,0,0
2026-07-06T01:36:30.638521,261,4,soft_center_range_marl,-7460.073522335819,1,4,landing,1.1353178024291992,0.34512659907341003,0.3625691731770833,0.20871686935424805,0.15630902349948883,0.24370639026165009,0,0.6607441902160645,4.3540685272216795,0,0,0,70,0.28261369466781616,0.237843856215477,1,0,0
2026-07-06T01:36:34.705331,262,4,soft_center_range_marl,-18066.751781126524,1,4,landing,1.1846959590911865,0.37926730513572693,0.38073597351710003,0.21301718056201935,0.15622590482234955,0.22596989572048187,0,0.611737072467804,4.408560047149658,0,0,0,69,0.34700361887613934,0.31759771704673767,1,0,0
2026-07-06T01:36:38.687222,263,4,soft_center_range_marl,-14316.161072954663,1,4,landing,1.2077419757843018,0.39565742015838623,0.4015638828277588,0.21373803913593292,0.15716122090816498,0.21274340152740479,0,0.6001179814338684,4.4799606895446775,0,0,0,68,0.33413219451904297,0.3021022379398346,1,0,0
2026-07-06T01:36:43.831728,264,4,soft_center_range_marl,-32301.339025813977,0,2,triangle_to_goal_obstacle,1.2741978168487549,0.47161397337913513,0.4060651858647664,0.02122410200536251,0.14376570284366608,0.21426568925380707,0,0.589939296245575,4.557036647796631,0,0,0,67,0.354015052318573,0.33069908618927,1,0,0
2026-07-06T01:36:48.178629,265,4,soft_center_range_marl,50712.93795183507,1,4,landing,0.8135714530944824,0.14358744025230408,0.1780575712521871,0.1671782284975052,0.1511450558900833,0.22953642904758453,0,0.9255698919296265,3.823765525817871,0,0,0,84,0.1156305472056071,0.08405154943466187,1,0,1
2026-07-06T01:36:52.293826,266,4,soft_center_range_marl,45448.73720074703,1,4,landing,0.9234433770179749,0.20869261026382446,0.25402383009592694,0.18082956969738007,0.15209472179412842,0.23291827738285065,0,0.7805109620094299,4.041782627105713,0,0,0,76,0.1043863296508789,0.08070274442434311,1,0,1
2026-07-06T01:36:56.251481,267,4,soft_center_range_marl,20441.370786142834,1,4,landing,1.015010952949524,0.25976869463920593,0.29797933499018353,0.19386591017246246,0.1543617844581604,0.20774902403354645,0,0.7567590475082397,4.125907192230224,0,0,0,73,0.1673089861869812,0.1317819505929947,1,0,0
2026-07-06T01:37:00.326738,268,4,soft_center_range_marl,-9171.814430269833,1,4,landing,1.1305456161499023,0.34082064032554626,0.3602415720621745,0.20480875670909882,0.15532733500003815,0.239374577999115,0,0.6444916129112244,4.3304598426818846,0,0,0,69,0.30871349573135376,0.26724937558174133,1,0,0
2026-07-06T01:37:04.400393,269,4,soft_center_range_marl,-7644.380463866566,1,4,landing,1.1660865545272827,0.3610001504421234,0.37751950820287067,0.20997746288776398,0.15665464103221893,0.22261826694011688,0,0.6173965334892273,4.387711772918701,0,0,0,66,0.30212920904159546,0.25890621542930603,1,0,0
2026-07-06T01:37:08.427451,270,4,soft_center_range_marl,-16260.47535371953,1,4,landing,1.2203463315963745,0.40161287784576416,0.38930116097132367,0.2084883451461792,0.15621545910835266,0.2213037759065628,0,0.6100772619247437,4.46719575881958,0,0,0,67,0.3528060515721639,0.322048544883728,1,0,0
2026-07-06T01:37:13.238128,271,4,soft_center_range_marl,-35382.967194063065,0,2,triangle_to_goal_obstacle,1.2702548503875732,0.47449836134910583,0.39953402678171795,0.022957587614655495,0.14563016593456268,0.1976708173751831,0,0.5938405394554138,4.547459373474121,0,0,0,66,0.3795439799626668,0.35685405135154724,1,0,0
2026-07-06T01:37:17.644799,272,4,soft_center_range_marl,53540.236423397546,1,4,landing,0.8081777691841125,0.1410239338874817,0.16665097077687582,0.1676403284072876,0.1506870687007904,0.23133786022663116,0,0.8933724164962769,3.9243319129943846,0,0,0,82,0.07658751805623372,0.09843659400939941,1,0,1
2026-07-06T01:37:21.628264,273,4,soft_center_range_marl,14489.331173788089,1,4,landing,0.936363697052002,0.212749645113945,0.25114379326502484,0.19605571031570435,0.15401898324489594,0.21868717670440674,0,0.7834923267364502,4.037830123901367,0,0,0,77,0.1891335646311442,0.14993275701999664,1,0,1
2026-07-06T01:37:25.337376,274,4,soft_center_range_marl,22029.209398097682,1,4,landing,1.0106624364852905,0.2545301914215088,0.29312507311503094,0.20718735456466675,0.15476985275745392,0.23949213325977325,0,0.7417726516723633,4.181680450439453,0,0,0,73,0.15932166576385498,0.11451754719018936,1,0,0
2026-07-06T01:37:29.049658,275,4,soft_center_range_marl,-849.7082029705371,1,4,landing,1.1263102293014526,0.33319568634033203,0.35490792989730835,0.20630355179309845,0.15501122176647186,0.2330646514892578,0,0.6707499027252197,4.342255363464355,0,0,0,68,0.25571592648824054,0.2155439406633377,1,0,0
2026-07-06T01:43:43.724191,251,4,soft_center_range_marl,-38376.33571754212,0,2,triangle_to_goal_obstacle,0.431812584400177,0.5396388173103333,0.7708795468012491,0.321076363325119,0.12787379324436188,0.4754961431026459,0,1.2549742460250854,2.3104736900329588,0,0,0,130,0.6385910511016846,0.45312952995300293,1,0,0
2026-07-06T01:43:48.200450,252,4,soft_center_range_marl,-37585.920252800024,0,4,landing,0.682020902633667,0.0777670368552208,0.06861170132954915,0.2491210252046585,0.17823578417301178,0.25808677077293396,0,1.0675773620605469,3.663947353363037,0,0,0,93,0.7889999548594157,0.5561020970344543,1,0,1
2026-07-06T01:43:52.129672,253,4,soft_center_range_marl,2988.352029723227,1,4,landing,0.8426153659820557,0.16087032854557037,0.20383568604787192,0.15764693915843964,0.15175192058086395,0.24776406586170197,0,0.8711124062538147,3.932931671142578,0,0,0,84,0.23787498474121094,0.19816051423549652,1,0,1
2026-07-06T01:43:55.736813,254,4,soft_center_range_marl,51189.69058305584,1,4,landing,0.8879770636558533,0.18195341527462006,0.21903045972188315,0.1763906031847,0.15216752886772156,0.24011671543121338,0,0.8387219905853271,4.009621868133545,0,0,0,78,0.06489761670430501,0.04445870593190193,1,0,1
2026-07-06T01:43:59.211075,255,4,soft_center_range_marl,4486.337439390846,1,4,landing,1.0139864683151245,0.26039785146713257,0.29764558871587116,0.20268060266971588,0.15360534191131592,0.24240101873874664,0,0.7448332905769348,4.132992038726806,0,0,0,73,0.21769668658574423,0.17803382873535156,1,0,0
2026-07-06T01:44:02.590407,256,4,soft_center_range_marl,2883.327797466338,1,4,landing,1.0759855508804321,0.30233442783355713,0.3339604338010152,0.21093173325061798,0.15533526241779327,0.2408429980278015,0,0.6885530352592468,4.268553981781006,0,0,0,71,0.22212268908818564,0.1845424324274063,1,0,0
2026-07-06T01:44:05.885667,257,4,soft_center_range_marl,11654.428012147619,1,4,landing,1.1140587329864502,0.31768473982810974,0.34832270940144855,0.2236986607313156,0.15627063810825348,0.22716349363327026,0,0.6675832867622375,4.3146703338623045,0,0,0,69,0.202192485332489,0.16475114226341248,1,0,0
2026-07-06T01:44:09.402765,258,4,soft_center_range_marl,-16581.787101742797,1,4,landing,1.2324122190475464,0.405679315328598,0.39913326501846313,0.21280241012573242,0.15705613791942596,0.22571007907390594,0,0.5950051546096802,4.490486392974853,0,0,0,65,0.3461552659670512,0.31671571731567383,1,0,0
2026-07-06T01:44:14.439393,259,4,soft_center_range_marl,-33748.33981444991,0,2,triangle_to_goal_obstacle,1.2686716318130493,0.4772900342941284,0.40149106582005817,0.02033568173646927,0.14135906100273132,0.22224973142147064,0,0.584158182144165,4.550042400360107,0,0,0,66,0.37338097890218097,0.35360440611839294,1,0,0
2026-07-06T01:44:18.447339,260,4,soft_center_range_marl,58044.350209838594,1,4,landing,0.8047181963920593,0.1352459192276001,0.16447619597117105,0.1654372215270996,0.15072210133075714,0.23775352537631989,0,0.9057705402374268,3.8833072280883787,0,0,0,84,0.03924266497294108,0.031071603298187256,1,0,1
2026-07-06T01:44:22.161699,261,4,soft_center_range_marl,45794.93302232404,1,4,landing,0.9236347079277039,0.20299160480499268,0.24426551659901938,0.17824558913707733,0.15239453315734863,0.2121894508600235,0,0.7871155738830566,4.050581703186035,0,0,0,77,0.07885452111562093,0.08328261971473694,1,0,1
2026-07-06T01:44:25.739067,262,4,soft_center_range_marl,43249.34962326074,1,4,landing,0.9978947639465332,0.2522411346435547,0.29284511009852093,0.208954319357872,0.1537504494190216,0.24429799616336823,0,0.7184690833091736,4.191675434112549,0,0,0,72,0.10223674774169922,0.07862138003110886,1,0,0
2026-07-06T01:44:29.520008,263,4,soft_center_range_marl,-5015.642529778772,1,4,landing,1.1215380430221558,0.3355424404144287,0.35661057631174725,0.2100999802350998,0.15517657995224,0.2419576644897461,0,0.6478373408317566,4.322555313110351,0,0,0,70,0.26355961958567303,0.21667969226837158,1,0,0
2026-07-06T01:44:34.456931,264,4,soft_center_range_marl,-32864.82806812273,0,2,triangle_to_goal_obstacle,1.266196846961975,0.47459617257118225,0.39952679475148517,0.02062663435935974,0.14049528539180756,0.23601114749908447,0,0.5934826731681824,4.548246154785156,0,0,0,67,0.36213741699854535,0.3400894105434418,1,0,0
2026-07-06T01:44:38.527038,265,4,soft_center_range_marl,55013.74860520551,1,4,landing,0.8129603862762451,0.14075465500354767,0.1718976100285848,0.16443605720996857,0.15047746896743774,0.24576447904109955,0,0.906655490398407,3.800267467498779,0,0,0,84,0.04678535461425781,0.06534293293952942,1,0,1
2026-07-06T01:44:42.334925,266,4,soft_center_range_marl,16920.591930715756,1,4,landing,0.9551326036453247,0.22174082696437836,0.26250507434209186,0.18762676417827606,0.15355262160301208,0.2484644055366516,0,0.7786752581596375,3.998854885101318,0,0,0,77,0.1707000732421875,0.1354209929704666,1,0,0
2026-07-06T01:44:46.050516,267,4,soft_center_range_marl,20738.40193309923,1,4,landing,1.0115984678268433,0.26315203309059143,0.30155207713445026,0.19271768629550934,0.15330356359481812,0.23413504660129547,0,0.733021080493927,4.159921894073486,0,0,0,72,0.15663963556289673,0.11949103325605392,1,0,0
2026-07-06T01:44:49.654875,268,4,soft_center_range_marl,-385.3284594275897,1,4,landing,1.1042424440383911,0.3223530948162079,0.34794116020202637,0.22306446731090546,0.15500156581401825,0.250828355550766,0,0.661430835723877,4.2930710411071775,0,0,0,69,0.24124290545781454,0.19936080276966095,1,0,0
2026-07-06T01:44:53.259192,269,4,soft_center_range_marl,-14348.37833999189,1,4,landing,1.2204434871673584,0.39822813868522644,0.388136625289917,0.21601825952529907,0.15623408555984497,0.21791571378707886,0,0.6142565011978149,4.481791267395019,0,0,0,69,0.32423176368077594,0.2871462404727936,1,0,0
2026-07-06T01:44:57.911330,270,4,soft_center_range_marl,-32415.411792492156,0,2,triangle_to_goal_obstacle,1.2724671363830566,0.47904738783836365,0.39968591928482056,0.016109416261315346,0.14097963273525238,0.22745925188064575,0,0.5926132202148438,4.5610811805725096,0,0,0,66,0.3755724827448527,0.3397776186466217,1,0,0
2026-07-06T01:45:01.819902,271,4,soft_center_range_marl,58298.041284568404,1,4,landing,0.8218240737915039,0.14394114911556244,0.1753679315249125,0.17317406833171844,0.15089315176010132,0.25847819447517395,0,0.9133303165435791,3.868727931976318,0,0,0,85,0.03591616948445638,0.02788119949400425,1,0,1
2026-07-06T01:45:05.505217,272,4,soft_center_range_marl,45893.50865656349,1,4,landing,0.9355230927467346,0.21207241714000702,0.2521134614944458,0.18162943422794342,0.15264026820659637,0.2652352750301361,0,0.7808428406715393,4.079120407104492,0,0,0,78,0.0950254996617635,0.07068100571632385,1,0,1
2026-07-06T01:45:09.027087,273,4,soft_center_range_marl,7082.089075516161,1,4,landing,1.0234811305999756,0.26865851879119873,0.30492804447809857,0.20548950135707855,0.15414917469024658,0.24768094718456268,0,0.7380529642105103,4.138520965576172,0,0,0,73,0.20462908347447714,0.16816020011901855,1,0,0
2026-07-06T01:45:12.527360,274,4,soft_center_range_marl,2346.257554747255,1,4,landing,1.0979726314544678,0.3112003803253174,0.3404161334037781,0.20455484092235565,0.15557383000850677,0.22250477969646454,0,0.6733298897743225,4.284941921234131,0,0,0,68,0.24119446674982706,0.20250512659549713,1,0,0
2026-07-06T01:45:16.041922,275,4,soft_center_range_marl,-2785.751788981559,1,4,landing,1.1715267896652222,0.3666152060031891,0.3746272722880046,0.21796798706054688,0.1548103243112564,0.24234206974506378,0,0.6167217493057251,4.384401569366455,0,0,0,67,0.287522812684377,0.24620942771434784,1,0,0
2026-07-06T01:45:20.741528,276,4,soft_center_range_marl,-28493.77256071939,0,3,goal_hover,1.2715957164764404,0.4735596477985382,0.4055733283360799,0.019397474825382233,0.13971351087093353,0.3177841901779175,0,0.578953742980957,4.547656307220459,0,0,0,68,0.347406804561615,0.3173387944698334,1,0,0
2026-07-06T01:45:24.732166,277,4,soft_center_range_marl,54151.58903760235,1,4,landing,0.8180363774299622,0.1381075382232666,0.17017813523610434,0.16377951204776764,0.1507493108510971,0.242131307721138,0,0.931742250919342,3.8144757843017576,0,0,0,85,0.09953117370605469,0.07738293707370758,1,0,1
2026-07-06T01:45:28.616002,278,4,soft_center_range_marl,44304.98148737292,1,4,landing,0.9139978289604187,0.1995600461959839,0.23793296019236246,0.18393029272556305,0.1516483873128891,0.24542860686779022,0,0.8425979614257812,3.9702351188659666,0,0,0,77,0.110901673634847,0.08047553896903992,1,0,1
2026-07-06T01:45:32.350177,279,4,soft_center_range_marl,26310.009157792916,1,4,landing,1.0060756206512451,0.257609099149704,0.29398516813913983,0.1984238624572754,0.15234260261058807,0.238481804728508,0,0.7560703754425049,4.0758421516418455,0,0,0,73,0.14649391174316406,0.11553403735160828,1,0,0
2026-07-06T01:45:36.081551,280,4,soft_center_range_marl,5870.249577721359,1,4,landing,1.0955121517181396,0.31252893805503845,0.34422767162323,0.21718710660934448,0.15437455475330353,0.23237256705760956,0,0.6521960496902466,4.311876068115234,0,0,0,69,0.21464431285858154,0.17249242961406708,1,0,0
2026-07-06T01:45:40.057539,281,4,soft_center_range_marl,-7431.762861682473,1,4,landing,1.1829991340637207,0.3683116137981415,0.3754805127779643,0.22505120933055878,0.15553836524486542,0.2312118262052536,0,0.6377224922180176,4.368859539031982,0,0,0,67,0.28437966108322144,0.2353312224149704,1,0,0
2026-07-06T01:45:43.764375,282,4,soft_center_range_marl,-11989.662642618709,1,4,landing,1.2249996662139893,0.39830705523490906,0.3880301316579183,0.22105135023593903,0.1577071249485016,0.2435663491487503,0,0.587817370891571,4.440952548980713,0,0,0,66,0.3312140901883443,0.2902892231941223,1,0,0
2026-07-06T01:45:48.533079,283,4,soft_center_range_marl,-30091.145270190398,0,3,goal_hover,1.268568992614746,0.46978482604026794,0.404929240544637,0.025423966348171234,0.13934876024723053,0.31686869263648987,0,0.5941779613494873,4.544654140472412,0,0,0,66,0.35576824347178143,0.32832226157188416,1,0,0
2026-07-06T01:45:52.624490,284,4,soft_center_range_marl,31191.488517997765,1,4,landing,0.826458215713501,0.1423177868127823,0.17784770329793295,0.17020772397518158,0.15002848207950592,0.24932901561260223,0,0.9041239023208618,3.8927629089355467,0,0,0,84,0.1499810814857483,0.1126750186085701,1,0,1
2026-07-06T01:45:56.583381,285,4,soft_center_range_marl,48043.26887271156,1,4,landing,0.9043624401092529,0.18952278792858124,0.22704450289408365,0.17875520884990692,0.1530274897813797,0.243191659450531,0,0.8129425048828125,4.032627830505371,0,0,0,77,0.0711592435836792,0.06495804339647293,1,0,1
2026-07-06T01:46:00.364373,286,4,soft_center_range_marl,21870.54191436655,1,4,landing,1.0202556848526,0.2634302079677582,0.3062187631924947,0.1867312639951706,0.15356728434562683,0.2340589016675949,0,0.7045226097106934,4.188220272064209,0,0,0,73,0.16968550284703574,0.1362357884645462,1,0,0
2026-07-06T01:46:03.973602,287,4,soft_center_range_marl,-3327.167734203932,1,4,landing,1.1090167760849,0.3255401849746704,0.3510519663492839,0.20429086685180664,0.15582554042339325,0.23984135687351227,0,0.6552724242210388,4.299739608764648,0,0,0,68,0.26250123977661133,0.22091583907604218,1,0,0
2026-07-06T01:46:07.580803,288,4,soft_center_range_marl,-11636.21116192645,1,4,landing,1.199965476989746,0.38766321539878845,0.3844079375267029,0.21559345722198486,0.15635620057582855,0.26394081115722656,0,0.6312963962554932,4.413420448303222,0,0,0,69,0.30796120564142865,0.27004292607307434,1,0,0
2026-07-06T01:46:12.259504,289,4,soft_center_range_marl,-30233.583530992386,0,3,goal_hover,1.2729350328445435,0.4758617579936981,0.4020231366157532,0.02210613526403904,0.1399368792772293,0.3292580544948578,0,0.5920607447624207,4.561488399505615,0,0,0,67,0.36299677689870197,0.34333765506744385,1,0,0
2026-07-06T01:46:16.335280,290,4,soft_center_range_marl,15277.040588139645,1,4,landing,0.8611498475074768,0.16841040551662445,0.20365645488103232,0.15636350214481354,0.14995451271533966,0.2602722644805908,0,0.8306401968002319,3.9867656326293943,0,0,0,81,0.18793203433354697,0.15039926767349243,1,0,1
2026-07-06T01:46:20.138763,291,4,soft_center_range_marl,50601.30315520996,1,4,landing,0.8993706107139587,0.19491808116436005,0.23290868600209555,0.19278614223003387,0.15258003771305084,0.23996762931346893,0,0.8164356350898743,4.013059864044189,0,0,0,78,0.045712828636169434,0.04324356094002724,1,0,1
2026-07-06T01:46:23.833330,292,4,soft_center_range_marl,10367.518737383574,1,4,landing,1.0452429056167603,0.286300927400589,0.3206428686777751,0.20777924358844757,0.15366357564926147,0.2546338737010956,0,0.6876716017723083,4.23016429901123,0,0,0,73,0.21273895104726157,0.16631430387496948,1,0,0
2026-07-06T01:46:27.534397,293,4,soft_center_range_marl,595.7542969027465,1,4,landing,1.1123862266540527,0.326872318983078,0.3512835701306661,0.2237420529127121,0.15554238855838776,0.21904373168945312,0,0.6635300517082214,4.304137001037597,0,0,0,71,0.24497705698013306,0.202306866645813,1,0,0
2026-07-06T01:46:31.212037,294,4,soft_center_range_marl,-7294.425399590006,1,4,landing,1.1678835153579712,0.36308351159095764,0.3726846178372701,0.21612705290317535,0.15598438680171967,0.2385469228029251,0,0.6184736490249634,4.366732368469238,0,0,0,67,0.2967605193456014,0.25642767548561096,1,0,0
2026-07-06T01:46:36.210334,295,4,soft_center_range_marl,-29108.24941820386,0,3,goal_hover,1.265830397605896,0.4722900092601776,0.40961754322052,0.017221102491021156,0.14007817208766937,0.29663458466529846,0,0.5804973840713501,4.5451438522338865,0,0,0,65,0.35201166073481244,0.3206610381603241,1,0,0
2026-07-06T01:46:40.420619,296,4,soft_center_range_marl,56302.746987374165,1,4,landing,0.7921571135520935,0.13100719451904297,0.16182202100753784,0.15574894845485687,0.14961114525794983,0.23716767132282257,0,0.9459183812141418,3.7973039245605467,0,0,0,84,0.07138033707936604,0.05319411680102348,1,0,1
2026-07-06T01:46:44.479436,297,4,soft_center_range_marl,35271.863836840355,1,4,landing,0.9350491762161255,0.2149612158536911,0.2608814636866252,0.1845504641532898,0.1516922414302826,0.22634537518024445,0,0.8130487203598022,4.003007659912109,0,0,0,77,0.13705915212631226,0.10494876652956009,1,0,0
2026-07-06T01:46:48.341164,298,4,soft_center_range_marl,19811.61392295843,1,4,landing,1.017669677734375,0.2651461660861969,0.3025856415430705,0.20087598264217377,0.15462356805801392,0.22427678108215332,0,0.7306543588638306,4.084338436126709,0,0,0,73,0.15754385789235434,0.11957690119743347,1,0,0
2026-07-06T01:46:52.283738,299,4,soft_center_range_marl,-8607.065755991754,1,4,landing,1.1507567167282104,0.34753331542015076,0.36409930388132733,0.2015036791563034,0.15591154992580414,0.2430252581834793,0,0.6525918841362,4.353412399291992,0,0,0,69,0.29542529582977295,0.25217169523239136,1,0,0
2026-07-06T01:46:56.239312,300,4,soft_center_range_marl,-17415.662148520416,1,4,landing,1.1964796781539917,0.3874363899230957,0.3844759662946065,0.21216551959514618,0.15713156759738922,0.27083778381347656,0,0.6364102959632874,4.378963241577148,0,0,0,67,0.3608952760696411,0.32319486141204834,1,0,0
2026-07-06T01:47:01.295256,301,4,soft_center_range_marl,-34464.44739327056,0,2,triangle_to_goal_obstacle,1.2699874639511108,0.4773592948913574,0.3993348876635234,0.020334629341959953,0.1435731202363968,0.22505362331867218,0,0.5985718965530396,4.552240142822265,0,0,0,67,0.3719632426897685,0.36066579818725586,1,0,0
2026-07-06T01:47:05.530948,302,4,soft_center_range_marl,56066.18352915011,1,4,landing,0.8057003617286682,0.13926899433135986,0.1776575247446696,0.16210485994815826,0.14960481226444244,0.25231918692588806,0,0.9320477843284607,3.8257782554626463,0,0,0,84,0.07301648457845052,0.04754623770713806,1,0,1
2026-07-06T01:47:09.647191,303,4,soft_center_range_marl,42489.165460399156,1,4,landing,0.9191014766693115,0.20440377295017242,0.24444148937861124,0.18250875174999237,0.15114246308803558,0.2363167554140091,0,0.8305496573448181,4.008992919921875,0,0,0,77,0.13183613618214926,0.09425856918096542,1,0,1
2026-07-06T01:47:13.656692,304,4,soft_center_range_marl,762.372422050199,1,4,landing,1.056960940361023,0.2870872914791107,0.32392611106236774,0.20261526107788086,0.15524178743362427,0.24780313670635223,0,0.7145058512687683,4.202770957946777,0,0,0,73,0.24989221493403116,0.209790900349617,1,0,0
2026-07-06T01:47:17.787088,305,4,soft_center_range_marl,-4295.181311579445,1,4,landing,1.1047062873840332,0.3257341980934143,0.351094384988149,0.20234890282154083,0.1548141986131668,0.27865907549858093,0,0.6497714519500732,4.319203147888183,0,0,0,71,0.26177916924158734,0.2194012850522995,1,0,0
2026-07-06T01:47:21.873384,306,4,soft_center_range_marl,-7868.776928893168,1,4,landing,1.1675894260406494,0.3662450611591339,0.3941941459973653,0.2207901030778885,0.15658381581306458,0.25156599283218384,0,0.6192099452018738,4.394116172790527,0,0,0,69,0.29182374477386475,0.2533816993236542,1,0,0
2026-07-06T01:47:25.839247,307,4,soft_center_range_marl,-11393.997456966066,1,4,landing,1.2066969871520996,0.39571306109428406,0.3893672823905945,0.2286255806684494,0.15667426586151123,0.257796049118042,0,0.5932048559188843,4.446115741729736,0,0,0,68,0.32384268442789715,0.27439215779304504,1,0,0
2026-07-06T01:47:31.074035,308,4,soft_center_range_marl,-34251.41094980027,0,2,triangle_to_goal_obstacle,1.269999384880066,0.46957358717918396,0.3998141686121623,0.02682463265955448,0.14195933938026428,0.23509365320205688,0,0.605812668800354,4.545212516784668,0,0,0,66,0.3613253633181254,0.3413543999195099,1,0,0
2026-07-06T01:47:35.693169,309,4,soft_center_range_marl,55120.69152962879,1,4,landing,0.8135567307472229,0.1421305537223816,0.17947083711624146,0.15469853579998016,0.1507064253091812,0.24382157623767853,0,0.9029533267021179,3.8661978340148924,0,0,0,84,0.07993678251902263,0.054614752531051636,1,0,1
2026-07-06T01:47:39.793414,310,4,soft_center_range_marl,49678.88181245533,1,4,landing,0.8969155550003052,0.18456511199474335,0.22710915406545004,0.19014205038547516,0.15264572203159332,0.2471311092376709,0,0.811847984790802,4.0216381645202635,0,0,0,79,0.0647046168645223,0.04667755961418152,1,0,1
2026-07-06T01:47:43.884353,311,4,soft_center_range_marl,5210.944433563868,1,4,landing,1.0315756797790527,0.26682984828948975,0.31126344203948975,0.19891273975372314,0.1539531946182251,0.25480714440345764,0,0.714055597782135,4.1851961708068846,0,0,0,73,0.21759384870529175,0.17557071149349213,1,0,0
2026-07-06T01:47:47.662875,312,4,soft_center_range_marl,10057.09379823683,1,4,landing,1.080472707748413,0.3059336245059967,0.3359854022661845,0.2130546122789383,0.15443941950798035,0.25138795375823975,0,0.686347484588623,4.280427703857422,0,0,0,69,0.20239275693893433,0.1571887731552124,1,0,0
2026-07-06T01:47:51.357367,313,4,soft_center_range_marl,-6772.2228576034995,1,4,landing,1.181778073310852,0.3693861663341522,0.37651968002319336,0.22646582126617432,0.1571231633424759,0.27230167388916016,0,0.6459429264068604,4.403501758575439,0,0,0,67,0.30624957879384357,0.2588914632797241,1,0,0
2026-07-06T01:47:56.295239,314,4,soft_center_range_marl,-32674.713292615153,0,2,triangle_to_goal_obstacle,1.2670459747314453,0.4759252965450287,0.399434228738149,0.021452194079756737,0.14469468593597412,0.24843768775463104,0,0.6017634272575378,4.545690307617187,0,0,0,66,0.3571430842081706,0.33553728461265564,1,0,0
2026-07-06T01:48:00.575995,315,4,soft_center_range_marl,55524.111036827635,1,4,landing,0.8078964352607727,0.13858331739902496,0.16876143217086792,0.16416259109973907,0.15042543411254883,0.266487181186676,0,0.9387061595916748,3.836125144958496,0,0,0,85,0.07753900686899821,0.05832968279719353,1,0,1
2026-07-06T01:48:04.570318,316,4,soft_center_range_marl,26533.957372311368,1,4,landing,0.932583212852478,0.2136283963918686,0.25340914726257324,0.18315260112285614,0.15238384902477264,0.26189443469047546,0,0.807511031627655,3.972484836578369,0,0,0,78,0.14080015818277994,0.12753017246723175,1,0,1
2026-07-06T01:48:08.563409,317,4,soft_center_range_marl,12801.468125826394,1,4,landing,1.015594482421875,0.2644032835960388,0.3019764224688212,0.19945774972438812,0.15376365184783936,0.23369090259075165,0,0.7269236445426941,4.164122829437256,0,0,0,73,0.1984777251879374,0.156949982047081,1,0,0
2026-07-06T01:48:12.243526,318,4,soft_center_range_marl,8644.87409717857,1,4,landing,1.104559063911438,0.315282940864563,0.34332460165023804,0.2233007699251175,0.15613487362861633,0.23005972802639008,0,0.6898592710494995,4.274913558959961,0,0,0,71,0.21680480241775513,0.17344962060451508,1,0,0
2026-07-06T01:48:16.110587,319,4,soft_center_range_marl,-10538.441706640064,1,4,landing,1.1899617910385132,0.3717324733734131,0.3827190399169922,0.22128604352474213,0.15644852817058563,0.23591233789920807,0,0.6140062212944031,4.383854637145996,0,0,0,67,0.3025163610776265,0.26535046100616455,1,0,0
2026-07-06T01:48:21.357895,320,4,soft_center_range_marl,-36398.551122515324,0,2,triangle_to_goal_obstacle,1.270602822303772,0.46681690216064453,0.39989636341730755,0.020663389936089516,0.14883239567279816,0.26069942116737366,0,0.5869870781898499,4.538980731964111,0,0,0,67,0.377510925134023,0.3715524971485138,1,0,0
2026-07-06T01:48:25.836221,321,4,soft_center_range_marl,56757.48550991351,1,4,landing,0.7855663299560547,0.1263151913881302,0.1545474330584208,0.16381101310253143,0.15072126686573029,0.24862079322338104,0,0.9499828219413757,3.761266002655029,0,0,0,86,0.05885008970896403,0.05047607421875,1,0,1
2026-07-06T01:48:29.878776,322,4,soft_center_range_marl,23155.55690217244,1,4,landing,0.9284136295318604,0.2135702222585678,0.25264161825180054,0.17378412187099457,0.15208055078983307,0.24427412450313568,0,0.8183860182762146,4.015952358245849,0,0,0,79,0.1665273904800415,0.12546634674072266,1,0,1
2026-07-06T01:48:34.119731,323,4,soft_center_range_marl,31051.893576213577,1,4,landing,1.0159105062484741,0.26689040660858154,0.3039062221844991,0.21170078217983246,0.15338216722011566,0.26585516333580017,0,0.7496994733810425,4.159863243103027,0,0,0,73,0.14731699228286743,0.10288819670677185,1,0,0
2026-07-06T01:48:37.934203,324,4,soft_center_range_marl,-6860.559163734934,1,4,landing,1.1399896144866943,0.3436170518398285,0.3660688598950704,0.2203875333070755,0.15715037286281586,0.24734385311603546,0,0.6528140306472778,4.338433990478515,0,0,0,70,0.2750541766484578,0.22769038379192352,1,0,0
2026-07-06T01:48:42.009591,325,4,soft_center_range_marl,-1886.0849577541858,1,4,landing,1.1398950815200806,0.3493483066558838,0.3746020992596944,0.21915829181671143,0.1551259309053421,0.26760581135749817,0,0.6364885568618774,4.321185836791992,0,0,0,68,0.26807663838068646,0.21862733364105225,1,0,0
2026-07-06T01:48:47.254781,326,4,soft_center_range_marl,-34305.7152639486,0,2,triangle_to_goal_obstacle,1.2723811864852905,0.4726506173610687,0.39964012304941815,0.020741743966937065,0.14436258375644684,0.24870876967906952,0,0.6024864315986633,4.546757946014404,0,0,0,68,0.37068047126134235,0.3487910032272339,1,0,0
2026-07-06T01:48:51.822142,327,4,soft_center_range_marl,23451.207968450217,1,4,landing,0.8414225578308105,0.15539582073688507,0.18860477209091187,0.1664288192987442,0.15095321834087372,0.24589867889881134,0,0.8576744794845581,3.9402997589111326,0,0,0,84,0.16749993960062662,0.12247902154922485,1,0,1
2026-07-06T01:48:56.428322,328,4,soft_center_range_marl,49439.65167923363,1,4,landing,0.9118232727050781,0.20139937102794647,0.2472478151321411,0.17841941118240356,0.15228550136089325,0.24977649748325348,0,0.8069697618484497,4.026475200653076,0,0,0,77,0.05834829807281494,0.04652716591954231,1,0,1
2026-07-06T01:49:00.491681,329,4,soft_center_range_marl,18955.832107539005,1,4,landing,1.0111624002456665,0.25944945216178894,0.29933645327885944,0.2024458795785904,0.1541503518819809,0.2668357789516449,0,0.6663649082183838,4.2349069213867185,0,0,0,72,0.1588215430577596,0.12869597971439362,1,0,0
2026-07-06T01:49:04.355914,330,5,single_center_range_marl,118.54557566548465,1,4,landing,1.094422459602356,0.30810022354125977,0.33746294180552167,0.2165919542312622,0.1559910923242569,0.2528817057609558,0,0.6900066137313843,4.251591453552246,0,0,0,70,0.22695297002792358,0.1838676482439041,1,0,0
2026-07-06T01:49:09.529789,331,5,single_center_range_marl,-168031.07084727372,0,2,triangle_to_goal_obstacle,1.4677261114120483,2.0180346965789795,1.5834566354751587,0.344844251871109,0.09376875311136246,0.5541543364524841,0,1.244428038597107,0.06200889706611634,0,0,1,630,1.5834566354751587,2.0180346965789795,0,0,0
2026-07-06T01:49:14.613396,332,5,single_center_range_marl,-390416.49650257936,0,2,triangle_to_goal_obstacle,0.7591841220855713,2.4905354976654053,2.271959662437439,0.06678082793951035,0.09262677282094955,0.46185359358787537,0,1.207624077796936,0.062236050367355356,0,0,1,720,2.271959662437439,2.4905354976654053,0,0,0
2026-07-06T01:49:19.656286,333,5,single_center_range_marl,-443307.36355588376,0,2,triangle_to_goal_obstacle,0.45721712708473206,2.691822052001953,2.570707321166992,0.0861797109246254,0.09024157375097275,0.47759222984313965,0,1.2053122520446777,0.06222409963607789,0,0,1,763,2.570707321166992,2.691822052001953,0,0,0
2026-07-06T01:49:24.609637,334,5,single_center_range_marl,-465964.15832481673,0,2,triangle_to_goal_obstacle,0.40648964047431946,2.72560715675354,2.619595487912496,0.0289669930934906,0.09387186914682388,0.4341931641101837,0,1.1982094049453735,0.06213347077369691,0,0,1,792,2.625615119934082,2.728520631790161,0,0,0
2026-07-06T01:49:29.762127,335,5,single_center_range_marl,-456147.56151859043,0,2,triangle_to_goal_obstacle,0.40377193689346313,2.727428674697876,2.622015595436096,0.018505588173866272,0.09648557752370834,0.43294012546539307,0,1.2006281614303589,0.06203700065612794,0,0,1,829,2.6234222650527954,2.72786808013916,0,0,0
2026-07-06T01:49:35.166604,336,5,single_center_range_marl,-477929.641416202,0,2,triangle_to_goal_obstacle,0.4014091491699219,2.728264570236206,2.6243732372919717,0.032268255949020386,0.09694383293390274,0.4366905689239502,0,1.2036117315292358,0.06131334066390992,0,0,1,853,2.6286481618881226,2.7283599376678467,0,0,0
2026-07-06T01:49:40.453069,337,5,single_center_range_marl,-485548.00469801197,0,2,triangle_to_goal_obstacle,0.4057448208332062,2.725447416305542,2.619779904683431,0.014286036603152752,0.10017208009958267,0.422121524810791,0,1.1967768669128418,0.060945013761520395,0,0,1,871,2.6227813561757407,2.7264974117279053,0,0,0
2026-07-06T01:49:45.552847,338,5,single_center_range_marl,-348492.3959167731,0,0,takeoff,0.7037672996520996,1.0425714254379272,1.4941304524739583,0.026559308171272278,0.08550847321748734,0.4455125033855438,0,1.1916029453277588,0.2998685932159424,0,0,1,384,1.5463080803553264,1.0771325826644897,0,0,0
2026-07-06T01:49:50.807617,339,5,single_center_range_marl,-283510.8940232668,0,2,triangle_to_goal_obstacle,1.201554298400879,2.195519208908081,1.8330683310826619,0.028269244357943535,0.09386098384857178,0.4597576856613159,0,1.1927703619003296,0.06202832818031312,0,0,1,760,1.8330683310826619,2.195519208908081,0,0,0
2026-07-06T01:49:56.053410,340,5,single_center_range_marl,-382564.9255324593,0,2,triangle_to_goal_obstacle,0.7004618048667908,2.5295746326446533,2.3301316102345786,0.06329236924648285,0.09139895439147949,0.46161866188049316,0,1.207780122756958,0.062121877670288095,0,0,1,794,2.3301316102345786,2.5295746326446533,0,0,0
2026-07-06T01:50:01.048872,341,5,single_center_range_marl,-436991.2937938457,0,2,triangle_to_goal_obstacle,0.4228992462158203,2.714635133743286,2.6066529353459678,0.059246331453323364,0.09007064253091812,0.48215922713279724,0,1.2106558084487915,0.0620123839378357,0,0,1,822,2.6066529353459678,2.714635133743286,0,0,0
2026-07-06T01:50:05.992069,342,5,single_center_range_marl,-478853.8374558659,0,2,triangle_to_goal_obstacle,0.40021681785583496,2.7294743061065674,2.6269323428471885,0.010581724345684052,0.0921708419919014,0.46680402755737305,0,1.205649495124817,0.061581859588623056,0,0,1,850,2.6296297311782837,2.731220245361328,0,0,0
2026-07-06T01:50:10.907090,343,5,single_center_range_marl,-477475.3547071533,0,2,triangle_to_goal_obstacle,0.40252116322517395,2.7276690006256104,2.6249705950419107,0.013382515870034695,0.0929512083530426,0.4614894390106201,0,1.2076025009155273,0.0614526665210724,0,0,1,865,2.625026742617289,2.7278623580932617,0,0,0
2026-07-06T01:50:15.730877,344,5,single_center_range_marl,-131522.2399635434,0,1,start_hover,0.3332394063472748,0.38051876425743103,0.5372846523920695,0.056996334344148636,0.09121455997228622,0.2689904570579529,0,1.229754090309143,1.6650339460372925,0,0,0,0,0.8790332873662313,0.6238705515861511,1,0,0
2026-07-06T01:50:20.653053,345,5,single_center_range_marl,-275149.48523108626,0,2,triangle_to_goal_obstacle,1.2042081356048584,2.193699598312378,1.8314015865325928,0.03924903646111488,0.09335275739431381,0.46114417910575867,0,1.2080140113830566,0.06205479264259339,0,0,1,739,1.8314015865325928,2.193699598312378,0,0,0
2026-07-06T01:50:25.636755,346,5,single_center_range_marl,-384664.44997005654,0,2,triangle_to_goal_obstacle,0.6831559538841248,2.541208028793335,2.3461835781733194,0.07969867438077927,0.08910133689641953,0.5029763579368591,0,1.2044342756271362,0.06217403173446656,0,0,1,773,2.3461835781733194,2.541208028793335,0,0,0
2026-07-06T01:50:30.992687,347,5,single_center_range_marl,-435523.6275307647,0,2,triangle_to_goal_obstacle,0.42043447494506836,2.716501235961914,2.607193032900492,0.06326127797365189,0.0931764766573906,0.47253403067588806,0,1.1941536664962769,0.06216458439826966,0,0,1,803,2.607193032900492,2.716501235961914,0,0,0
2026-07-06T01:50:36.479719,348,5,single_center_range_marl,-466752.6257339006,0,2,triangle_to_goal_obstacle,0.4010724127292633,2.729189157485962,2.6248481273651123,0.01585858128964901,0.0929505005478859,0.4654954969882965,0,1.1985008716583252,0.06194047093391419,0,0,1,836,2.6271076997121177,2.729602813720703,0,0,0
2026-07-06T01:50:42.290057,349,5,single_center_range_marl,-473660.59826174774,0,2,triangle_to_goal_obstacle,0.4028964638710022,2.7275149822235107,2.6259339650472007,0.017096487805247307,0.09260217100381851,0.45410385727882385,0,1.2108159065246582,0.06153489112854005,0,0,1,855,2.625996192296346,2.727642297744751,0,0,0
2026-07-06T01:50:47.793368,350,5,single_center_range_marl,-493009.2688194277,0,2,triangle_to_goal_obstacle,0.4044415056705475,2.726137399673462,2.622154116630554,0.011759777553379536,0.09434172511100769,0.44998446106910706,0,1.2061668634414673,0.061008492708206186,0,0,1,875,2.6267298062642417,2.729503631591797,0,0,0
2026-07-06T01:50:53.313872,351,5,single_center_range_marl,-359012.54712824244,0,0,takeoff,0.7135443687438965,1.06148099899292,1.520018219947815,0.03314844146370888,0.0784231498837471,0.4587160348892212,0,1.1990851163864136,0.26177013874053956,0,0,1,475,1.581813931465149,1.1013814210891724,0,0,0
2026-07-06T01:50:58.850119,352,5,single_center_range_marl,-281345.57132796576,0,2,triangle_to_goal_obstacle,1.2169272899627686,2.184997797012329,1.8181751569112141,0.03103252686560154,0.09537413716316223,0.4547620117664337,0,1.2071616649627686,0.061631122827529916,0,0,1,764,1.8181751569112141,2.184997797012329,0,0,0
2026-07-06T01:51:04.130480,353,5,single_center_range_marl,-384150.80111242726,0,2,triangle_to_goal_obstacle,0.6917216181755066,2.5354535579681396,2.338788469632467,0.08061398565769196,0.09547296166419983,0.5045364499092102,0,1.2075165510177612,0.06205613374710084,0,0,1,794,2.338788469632467,2.5354535579681396,0,0,0
2026-07-06T01:51:09.264017,354,5,single_center_range_marl,-444350.0183858022,0,2,triangle_to_goal_obstacle,0.41234737634658813,2.721583366394043,2.6137760877609253,0.03591486066579819,0.09113983064889908,0.4878106117248535,0,1.2018834352493286,0.061993846893310556,0,0,1,825,2.6137760877609253,2.721583366394043,0,0,0
2026-07-06T01:51:14.370318,355,5,single_center_range_marl,-481582.91361880867,0,2,triangle_to_goal_obstacle,0.4060259759426117,2.725451707839966,2.619224270184835,0.014306891709566116,0.09219047427177429,0.4595041275024414,0,1.1986836194992065,0.06152907967567445,0,0,1,848,2.626627802848816,2.728637456893921,0,0,0
2026-07-06T01:51:19.385730,356,5,single_center_range_marl,-483942.43097386434,0,2,triangle_to_goal_obstacle,0.4039067327976227,2.726686716079712,2.6245064735412598,0.020046992227435112,0.09521714597940445,0.47102680802345276,0,1.2102913856506348,0.06111533403396607,0,0,1,870,2.625586748123169,2.7268142700195312,0,0,0
2026-07-06T01:51:24.473930,357,5,single_center_range_marl,-294160.0436413126,0,0,takeoff,0.6357154846191406,0.9412811398506165,1.3430594603220622,0.0368819460272789,0.08346781134605408,0.4690234959125519,0,1.1975183486938477,0.5197320079803467,0,0,0,0,1.4146968921025593,0.989582359790802,1,0,0
2026-07-06T01:51:29.732321,358,5,single_center_range_marl,-282172.91312975984,0,2,triangle_to_goal_obstacle,1.188714861869812,2.2039129734039307,1.843881328900655,0.03505871072411537,0.09821072965860367,0.47812333703041077,0,1.1985403299331665,0.061743119955062875,0,0,1,758,1.843881328900655,2.2039129734039307,0,0,0
2026-07-06T01:51:34.671269,359,5,single_center_range_marl,-385728.82212119206,0,2,triangle_to_goal_obstacle,0.6953142285346985,2.533005952835083,2.3327565590540567,0.06942152976989746,0.08953386545181274,0.5063907504081726,0,1.2011419534683228,0.06207115411758424,0,0,1,791,2.3327565590540567,2.533005952835083,0,0,0
2026-07-06T01:51:39.637953,360,5,single_center_range_marl,-439469.28627495124,0,2,triangle_to_goal_obstacle,0.42577919363975525,2.712552070617676,2.6019882361094155,0.0651860162615776,0.09078750759363174,0.504426896572113,0,1.1919190883636475,0.061756829023361215,0,0,1,824,2.6019882361094155,2.712552070617676,0,0,0
2026-07-06T01:51:44.488149,361,5,single_center_range_marl,-482468.8248402671,0,2,triangle_to_goal_obstacle,0.40457016229629517,2.7266197204589844,2.6208046674728394,0.01877097226679325,0.0932542085647583,0.4624038636684418,0,1.1992324590682983,0.06172872543334962,0,0,1,851,2.626405676205953,2.729177713394165,0,0,0
2026-07-06T01:51:49.668197,362,5,single_center_range_marl,-482106.65333429544,0,2,triangle_to_goal_obstacle,0.4065777659416199,2.7247273921966553,2.617838184038798,0.018907761201262474,0.09291673451662064,0.47347620129585266,0,1.2002161741256714,0.061102787256240854,0,0,1,870,2.620037833849589,2.7256252765655518,0,0,0
2026-07-06T01:51:54.746774,363,5,single_center_range_marl,-497160.59185197717,0,2,triangle_to_goal_obstacle,0.40662476420402527,2.724468231201172,2.619478185971578,0.01000798400491476,0.09385780245065689,0.4761783182621002,0,1.1928459405899048,0.0604617989063263,0,0,1,883,2.627015988032023,2.730172872543335,0,0,0
2026-07-06T01:51:59.749085,364,5,single_center_range_marl,-393006.0023420549,0,0,takeoff,0.7170431613922119,1.0628763437271118,1.5222537517547607,0.024284036830067635,0.08525284379720688,0.45518758893013,0,1.198456048965454,0.25639305472373963,0,0,1,609,1.6181262334187825,1.1261128187179565,0,0,0
2026-07-06T01:52:04.809481,365,5,single_center_range_marl,-279911.8670510807,0,2,triangle_to_goal_obstacle,1.2180473804473877,2.1842410564422607,1.8171733617782593,0.037530142813920975,0.09295666217803955,0.4934040606021881,0,1.2074178457260132,0.06181744694709779,0,0,1,758,1.8171733617782593,2.1842410564422607,0,0,0
2026-07-06T01:52:09.818488,366,5,single_center_range_marl,-394070.5226599742,0,2,triangle_to_goal_obstacle,0.6604458093643188,2.5562798976898193,2.3688347736994424,0.06695718318223953,0.08992403745651245,0.5151271224021912,0,1.205044150352478,0.062021265029907235,0,0,1,800,2.3688347736994424,2.5562798976898193,0,0,0
2026-07-06T01:52:14.858188,367,5,single_center_range_marl,-449958.1717047334,0,2,triangle_to_goal_obstacle,0.41531112790107727,2.7196476459503174,2.611511985460917,0.04180976375937462,0.08790399879217148,0.513470470905304,0,1.2035421133041382,0.06193805694580079,0,0,1,831,2.611511985460917,2.7196476459503174,0,0,0
2026-07-06T01:52:19.750431,368,5,single_center_range_marl,-481711.2445853379,0,2,triangle_to_goal_obstacle,0.40188121795654297,2.728311777114868,2.6280115445454917,0.02751770429313183,0.0930451974272728,0.46368375420570374,0,1.2132148742675781,0.061621168851852426,0,0,1,849,2.6327370405197144,2.732447385787964,0,0,0
2026-07-06T01:52:24.736167,369,5,single_center_range_marl,-474642.72932486015,0,2,triangle_to_goal_obstacle,0.4085550606250763,2.723712205886841,2.617117762565613,0.022036923095583916,0.09149789810180664,0.513958215713501,0,1.197034239768982,0.06126747488975526,0,0,1,873,2.617117762565613,2.723712205886841,0,0,0
2026-07-06T01:52:29.742491,370,5,single_center_range_marl,-205233.69820997166,0,1,start_hover,0.43054282665252686,0.55915766954422,0.7856181462605795,0.04792524501681328,0.08979851007461548,0.32058238983154297,0,1.2074487209320068,1.2991050577163696,0,0,0,0,1.0645337104797363,0.7489820122718811,1,0,0
2026-07-06T01:52:34.829095,371,5,single_center_range_marl,-279540.5706133995,0,2,triangle_to_goal_obstacle,1.1929305791854858,2.2010412216186523,1.839210033416748,0.03519327938556671,0.09125865250825882,0.4721328914165497,0,1.1999483108520508,0.061816940307617196,0,0,1,745,1.839210033416748,2.2010412216186523,0,0,0
2026-07-06T01:52:39.792342,372,5,single_center_range_marl,-384576.16067844257,0,2,triangle_to_goal_obstacle,0.6480636596679688,2.564570665359497,2.380892515182495,0.08275970071554184,0.08930514007806778,0.49718236923217773,0,1.2048346996307373,0.06218017101287843,0,0,1,776,2.380892515182495,2.564570665359497,0,0,0
2026-07-06T01:52:44.693635,373,5,single_center_range_marl,-443530.8420465955,0,2,triangle_to_goal_obstacle,0.4090443253517151,2.723785400390625,2.618159770965576,0.019121374934911728,0.09102831035852432,0.49929115176200867,0,1.2048449516296387,0.06191010236740113,0,0,1,811,2.619548519452413,2.725008249282837,0,0,0
2026-07-06T01:52:49.611650,374,5,single_center_range_marl,-468897.8335165862,0,2,triangle_to_goal_obstacle,0.40152788162231445,2.728820562362671,2.624976555506388,0.012486666440963745,0.09182149171829224,0.4854828417301178,0,1.2030079364776611,0.061894396543502816,0,0,1,839,2.6279844840367637,2.7290947437286377,0,0,0
2026-07-06T01:52:54.574664,375,5,single_center_range_marl,-478703.54343309335,0,2,triangle_to_goal_obstacle,0.40838634967803955,2.7237579822540283,2.6170461972554526,0.017280880361795425,0.0937546119093895,0.4906395673751831,0,1.197516918182373,0.06124801397323609,0,0,1,860,2.6262155771255493,2.7289392948150635,0,0,0
2026-07-06T01:52:59.727149,376,5,single_center_range_marl,-492614.6052933734,0,2,triangle_to_goal_obstacle,0.40349915623664856,2.7264328002929688,2.621249278386434,0.010877578519284725,0.09504643827676773,0.47204795479774475,0,1.196772813796997,0.06062115192413331,0,0,1,880,2.6278400818506875,2.7299327850341797,0,0,0
2026-07-06T01:53:04.686074,377,5,single_center_range_marl,-363358.5601765349,0,0,takeoff,0.7261525988578796,1.0713080167770386,1.5350219408671062,0.03189406171441078,0.08896774053573608,0.4837189018726349,0,1.1973328590393066,0.2347220277786255,0,0,1,496,1.589071234067281,1.1070512533187866,0,0,0
2026-07-06T01:53:09.661040,378,5,single_center_range_marl,-281667.57351713855,0,2,triangle_to_goal_obstacle,1.2105791568756104,2.1893246173858643,1.8218674262364705,0.03669749200344086,0.09630817174911499,0.4977360665798187,0,1.1999560594558716,0.06175173282623292,0,0,1,765,1.8218674262364705,2.1893246173858643,0,0,0
2026-07-06T01:53:14.517983,379,5,single_center_range_marl,-385205.2480979741,0,2,triangle_to_goal_obstacle,0.6924958825111389,2.5349221229553223,2.335766633351644,0.058451008051633835,0.09110332280397415,0.4962667226791382,0,1.1977906227111816,0.062125245332717904,0,0,1,790,2.335766633351644,2.5349221229553223,0,0,0
2026-07-06T01:53:19.415003,380,5,single_center_range_marl,-442856.1151538002,0,2,triangle_to_goal_obstacle,0.4172525107860565,2.7184131145477295,2.609455704689026,0.04912392422556877,0.08878201246261597,0.516840934753418,0,1.2030080556869507,0.06196860432624818,0,0,1,826,2.609455704689026,2.7184131145477295,0,0,0
2026-07-06T01:53:24.345360,381,5,single_center_range_marl,-477637.2764222461,0,2,triangle_to_goal_obstacle,0.405407577753067,2.7260940074920654,2.6218448082605996,0.016508884727954865,0.08905164152383804,0.5122437477111816,0,1.2055069208145142,0.06190148949623109,0,0,1,847,2.627327084541321,2.730008840560913,0,0,0
2026-07-06T01:53:29.221195,382,5,single_center_range_marl,-482624.87595038785,0,2,triangle_to_goal_obstacle,0.4064171612262726,2.72517466545105,2.618855277697245,0.017444025725126266,0.09295555204153061,0.49158918857574463,0,1.201151728630066,0.061416605710983285,0,0,1,871,2.6240259806315103,2.7270848751068115,0,0,0
2026-07-06T01:53:34.076461,383,5,single_center_range_marl,-289163.4484966511,0,0,takeoff,0.6132881045341492,0.8998947143554688,1.2831677595774333,0.04996975138783455,0.08864418417215347,0.46234574913978577,0,1.204378366470337,0.6044011211395264,0,0,0,0,1.3889774084091187,0.971394956111908,1,0,0
2026-07-06T01:53:38.981211,384,5,single_center_range_marl,-277168.57250476663,0,2,triangle_to_goal_obstacle,1.1847511529922485,2.206491708755493,1.8479524850845337,0.03160736709833145,0.08920177817344666,0.5172030329704285,0,1.1972471475601196,0.061892876625061044,0,0,1,753,1.8479524850845337,2.206491708755493,0,0,0
2026-07-06T01:53:43.863847,385,5,single_center_range_marl,-385932.33446381503,0,2,triangle_to_goal_obstacle,0.6604591012001038,2.556340456008911,2.367504835128784,0.07893607765436172,0.08751931041479111,0.5328020453453064,0,1.1983888149261475,0.062194803953170785,0,0,1,786,2.367504835128784,2.556340456008911,0,0,0
2026-07-06T01:53:48.710076,386,5,single_center_range_marl,-440242.2647045855,0,2,triangle_to_goal_obstacle,0.41357532143592834,2.7207906246185303,2.613875150680542,0.043038640171289444,0.0865754783153534,0.5307543873786926,0,1.2053534984588623,0.06205944180488587,0,0,1,809,2.613875150680542,2.7207906246185303,0,0,0
2026-07-06T01:53:53.578636,387,5,single_center_range_marl,-467379.0596069056,0,2,triangle_to_goal_obstacle,0.40369901061058044,2.7272632122039795,2.6248393058776855,0.03545497730374336,0.09079726785421371,0.48151782155036926,0,1.208878517150879,0.06173334479331971,0,0,1,837,2.6274141470591226,2.7292473316192627,0,0,0
2026-07-06T01:53:58.456527,388,5,single_center_range_marl,-476284.52888326644,0,2,triangle_to_goal_obstacle,0.39886289834976196,2.730412244796753,2.626522421836853,0.025234544649720192,0.09040161967277527,0.5057298541069031,0,1.200788140296936,0.06164125561714173,0,0,1,858,2.626833915710449,2.7304370403289795,0,0,0
2026-07-06T01:54:03.471047,389,5,single_center_range_marl,-484343.0190935459,0,2,triangle_to_goal_obstacle,0.403653085231781,2.726710081100464,2.6207989851633706,0.016949208453297615,0.09074125438928604,0.505973756313324,0,1.1997134685516357,0.06105102062225343,0,0,1,875,2.623543461163839,2.727693557739258,0,0,0
2026-07-06T01:54:08.431970,390,5,single_center_range_marl,-187457.94483901863,0,1,start_hover,0.4148270785808563,0.5369367003440857,0.7606976826985677,0.03787296637892723,0.0885535404086113,0.2921851873397827,0,1.2253968715667725,1.3484236097335816,0,0,0,0,0.9936322371164957,0.7018207907676697,1,0,0
2026-07-06T01:54:13.348021,391,5,single_center_range_marl,-275773.798259973,0,2,triangle_to_goal_obstacle,1.19835364818573,2.197467088699341,1.8350515762964885,0.03783430531620979,0.08838406950235367,0.5030222535133362,0,1.2029629945755005,0.061940172910690316,0,0,1,747,1.8350515762964885,2.197467088699341,0,0,0
2026-07-06T01:54:18.364510,392,5,single_center_range_marl,-381104.34858249826,0,2,triangle_to_goal_obstacle,0.6818748712539673,2.542055130004883,2.347311576207479,0.0608326680958271,0.08706748485565186,0.526369571685791,0,1.2040326595306396,0.06212852358818055,0,0,1,779,2.347311576207479,2.542055130004883,0,0,0
2026-07-06T01:54:23.405388,393,5,single_center_range_marl,-438608.0696190057,0,2,triangle_to_goal_obstacle,0.4081362783908844,2.7245397567749023,2.61757230758667,0.025260023772716522,0.08891939371824265,0.4968569278717041,0,1.2002530097961426,0.06214455723762513,0,0,1,807,2.61757230758667,2.7245397567749023,0,0,0
2026-07-06T01:54:28.547904,394,5,single_center_range_marl,-459234.7290940278,0,2,triangle_to_goal_obstacle,0.3989907205104828,2.7306346893310547,2.6283814509709678,0.02636624686419964,0.09096930176019669,0.49176785349845886,0,1.1938122510910034,0.06192464590072633,0,0,1,834,2.630013386408488,2.7316033840179443,0,0,0
2026-07-06T01:54:33.594027,395,5,single_center_range_marl,-479261.9079824628,0,2,triangle_to_goal_obstacle,0.3998453915119171,2.7293593883514404,2.626410643259684,0.024215226992964745,0.08992698043584824,0.4944484233856201,0,1.204704761505127,0.06133214592933656,0,0,1,855,2.628159284591675,2.7301127910614014,0,0,0
2026-07-06T01:54:38.616022,396,5,single_center_range_marl,-483602.7737881734,0,2,triangle_to_goal_obstacle,0.4018876850605011,2.7282116413116455,2.6285199721654258,0.02000490017235279,0.09476820379495621,0.4743584096431732,0,1.181028962135315,0.061257550716400155,0,0,1,872,2.6316921710968018,2.730375051498413,0,0,0
2026-07-06T01:54:43.615683,397,5,single_center_range_marl,-306170.66866700794,0,0,takeoff,0.6765196323394775,0.9919052124023438,1.4213427702585857,0.03125004842877388,0.09196487814188004,0.45406052470207214,0,1.2109804153442383,0.40316123723983766,0,0,0,0,1.4637128114700317,1.0224168300628662,1,0,0
2026-07-06T01:54:48.899377,398,5,single_center_range_marl,-280787.80064345704,0,2,triangle_to_goal_obstacle,1.18827486038208,2.204275131225586,1.8461971282958984,0.03785448893904686,0.09032217413187027,0.5096802711486816,0,1.192314863204956,0.061960229873657235,0,0,1,753,1.8461971282958984,2.204275131225586,0,0,0
2026-07-06T01:54:54.005026,399,5,single_center_range_marl,-387718.8748135141,0,2,triangle_to_goal_obstacle,0.6576783061027527,2.558096170425415,2.3735151290893555,0.07631365209817886,0.09113147109746933,0.514942467212677,0,1.2107114791870117,0.06201962590217591,0,0,1,795,2.3735151290893555,2.558096170425415,0,0,0
2026-07-06T01:54:59.057855,400,5,single_center_range_marl,-441854.7747736988,0,2,triangle_to_goal_obstacle,0.41271254420280457,2.7214725017547607,2.6157254775365195,0.03594914451241493,0.09217748790979385,0.5315197110176086,0,1.1903964281082153,0.06201011896133424,0,0,1,822,2.6157254775365195,2.7214725017547607,0,0,0
2026-07-06T01:55:04.105836,401,5,single_center_range_marl,-469960.4053015628,0,2,triangle_to_goal_obstacle,0.40181082487106323,2.728461503982544,2.627915382385254,0.01822648011147976,0.08843990415334702,0.5035192966461182,0,1.2123589515686035,0.061848262548446664,0,0,1,842,2.6289467414220176,2.730313539505005,0,0,0
2026-07-06T01:55:09.140522,402,5,single_center_range_marl,-483095.2015353831,0,2,triangle_to_goal_obstacle,0.4002510905265808,2.7288243770599365,2.6269256273905435,0.017228901386260986,0.0899297297000885,0.5045878887176514,0,1.2082328796386719,0.060840377807617196,0,0,1,867,2.6269256273905435,2.7288787364959717,0,0,0
2026-07-06T01:55:14.729971,403,5,single_center_range_marl,-266553.41061198624,0,0,takeoff,0.5612407326698303,0.8303406238555908,1.1803762912750244,0.03517017140984535,0.07505166530609131,0.4523300230503082,0,1.203070878982544,0.7607774829864502,0,0,0,0,1.2787479956944783,0.8954151272773743,1,0,0
2026-07-06T01:55:20.333602,404,5,single_center_range_marl,-277838.07829326193,0,2,triangle_to_goal_obstacle,1.1945083141326904,2.200176954269409,1.8383270104726155,0.02602250687777996,0.09256083518266678,0.49970975518226624,0,1.1986713409423828,0.061928043365478525,0,0,1,753,1.8383270104726155,2.200176954269409,0,0,0
2026-07-06T01:55:26.300914,405,5,single_center_range_marl,-388377.97080493695,0,2,triangle_to_goal_obstacle,0.6380118131637573,2.5712239742279053,2.392469644546509,0.0680818259716034,0.0869193896651268,0.5031792521476746,0,1.2087323665618896,0.06208608508110047,0,0,1,784,2.392469644546509,2.5712239742279053,0,0,0
2026-07-06T01:55:31.995762,406,5,single_center_range_marl,-441673.9118522001,0,2,triangle_to_goal_obstacle,0.40269461274147034,2.728088617324829,2.627049724260966,0.01946023665368557,0.09192083030939102,0.5173216462135315,0,1.1854149103164673,0.061968514919281015,0,0,1,813,2.627049724260966,2.728088617324829,0,0,0
2026-07-06T01:55:37.309298,407,5,single_center_range_marl,-460138.72657910944,0,2,triangle_to_goal_obstacle,0.40036728978157043,2.7295637130737305,2.6268714666366577,0.022631211206316948,0.08640644699335098,0.5171765685081482,0,1.1935003995895386,0.06200493335723878,0,0,1,831,2.629589041074117,2.7303760051727295,0,0,0
2026-07-06T01:55:42.520675,408,5,single_center_range_marl,-470459.1727476852,0,2,triangle_to_goal_obstacle,0.40098294615745544,2.728837728500366,2.629906972249349,0.014685179106891155,0.08856787532567978,0.4891488552093506,0,1.2162179946899414,0.0614204502105713,0,0,1,852,2.629906972249349,2.729569435119629,0,0,0
2026-07-06T01:55:47.479533,409,5,single_center_range_marl,-490090.4719862714,0,2,triangle_to_goal_obstacle,0.403656929731369,2.7265090942382812,2.6257285674413047,0.026910508051514626,0.0891861692070961,0.4752696752548218,0,1.2142986059188843,0.06061468482017518,0,0,1,872,2.6274622281392417,2.727708578109741,0,0,0
2026-07-06T01:55:52.363500,410,5,single_center_range_marl,-143257.61770498854,0,1,start_hover,0.359813392162323,0.44106602668762207,0.6168446938196818,0.040188174694776535,0.08647140860557556,0.25788459181785583,0,1.2119556665420532,1.5468728637695313,0,0,0,0,0.9008752107620239,0.636750340461731,1,0,0
2026-07-06T01:55:57.251001,411,5,single_center_range_marl,-271393.0209155266,0,2,triangle_to_goal_obstacle,1.1999683380126953,2.1966536045074463,1.8343592087427776,0.03491394966840744,0.09067580848932266,0.5122634768486023,0,1.194219708442688,0.062134305238723764,0,0,1,740,1.8343592087427776,2.1966536045074463,0,0,0
2026-07-06T01:56:02.186521,412,5,single_center_range_marl,-387205.70696617593,0,2,triangle_to_goal_obstacle,0.6571075320243835,2.5585615634918213,2.374135454495748,0.07327783852815628,0.09030564874410629,0.5322219729423523,0,1.2111366987228394,0.062082568407058725,0,0,1,774,2.374135454495748,2.5585615634918213,0,0,0
2026-07-06T01:56:07.194758,413,5,single_center_range_marl,-441759.1220692737,0,2,triangle_to_goal_obstacle,0.41155460476875305,2.7223398685455322,2.6167653799057007,0.04944762587547302,0.08940616250038147,0.5131931900978088,0,1.2069321870803833,0.06219024419784547,0,0,1,804,2.6167653799057007,2.7223398685455322,0,0,0
2026-07-06T01:56:12.130501,414,5,single_center_range_marl,-462743.7651165317,0,2,triangle_to_goal_obstacle,0.4045749306678772,2.7267863750457764,2.622577349344889,0.01641794666647911,0.08784842491149902,0.5201074481010437,0,1.1940417289733887,0.06199158191680909,0,0,1,835,2.625986893971761,2.728675603866577,0,0,0
2026-07-06T01:56:17.035379,415,5,single_center_range_marl,-468199.57587924186,0,2,triangle_to_goal_obstacle,0.40370064973831177,2.727125883102417,2.6218533913294473,0.011944656260311604,0.08873050659894943,0.5048510432243347,0,1.1982311010360718,0.06162590742111207,0,0,1,845,2.6249175866444907,2.728229284286499,0,0,0
2026-07-06T01:56:22.110361,416,5,single_center_range_marl,-488421.01531111804,0,2,triangle_to_goal_obstacle,0.4021095037460327,2.7275123596191406,2.622230847676595,0.021803535521030426,0.09415874630212784,0.4931391179561615,0,1.2008652687072754,0.06103883147239686,0,0,1,871,2.626553932825724,2.7293701171875,0,0,0
2026-07-06T01:56:27.165213,417,5,single_center_range_marl,-174645.42688460287,0,1,start_hover,0.38849958777427673,0.5185202956199646,0.7245725393295288,0.04287215694785118,0.08353181928396225,0.2711449861526489,0,1.2022491693496704,1.4018675184249878,0,0,0,0,0.9769514799118042,0.6910098195075989,1,0,0
2026-07-06T01:56:32.257577,418,5,single_center_range_marl,-280259.8018845778,0,2,triangle_to_goal_obstacle,1.191903829574585,2.201975107192993,1.8436398108800252,0.04020501300692558,0.09189637750387192,0.49864593148231506,0,1.2079094648361206,0.06203410983085633,0,0,1,749,1.8436398108800252,2.201975107192993,0,0,0
2026-07-06T01:56:37.401786,419,5,single_center_range_marl,-390141.65905710286,0,2,triangle_to_goal_obstacle,0.6627312898635864,2.554760217666626,2.3663276831309,0.06761186569929123,0.08586559444665909,0.5152981877326965,0,1.2043697834014893,0.06215632915496827,0,0,1,779,2.3663276831309,2.554760217666626,0,0,0
2026-07-06T01:56:42.826567,420,5,single_center_range_marl,-440307.70870212547,0,2,triangle_to_goal_obstacle,0.4084782302379608,2.724074602127075,2.6175182263056436,0.03590719774365425,0.09328716993331909,0.5052050352096558,0,1.1974912881851196,0.06177223682403565,0,0,1,812,2.6175182263056436,2.724074602127075,0,0,0
2026-07-06T01:56:47.802663,421,5,single_center_range_marl,-463837.06841532135,0,2,triangle_to_goal_obstacle,0.40250933170318604,2.728285789489746,2.6256773471832275,0.02368798851966858,0.08970927447080612,0.48726359009742737,0,1.2070376873016357,0.06204579234123231,0,0,1,835,2.6310062805811563,2.731018304824829,0,0,0
2026-07-06T01:56:52.810559,422,5,single_center_range_marl,-477331.2520168072,0,2,triangle_to_goal_obstacle,0.39929136633872986,2.729797124862671,2.625699520111084,0.010063194669783115,0.08924590796232224,0.4995393753051758,0,1.1986804008483887,0.061407694816589364,0,0,1,858,2.625983556111654,2.729797124862671,0,0,0
2026-07-06T01:56:57.729078,423,5,single_center_range_marl,-487447.8890316704,0,2,triangle_to_goal_obstacle,0.3962363302707672,2.731914758682251,2.630297859509786,0.017703872174024582,0.09115185588598251,0.47858670353889465,0,1.2049185037612915,0.06123266577720643,0,0,1,875,2.631284793217977,2.7319729328155518,0,0,0
2026-07-06T01:57:02.661014,424,5,single_center_range_marl,-319299.2190664134,0,0,takeoff,0.6935891509056091,1.0268486738204956,1.4698968728383381,0.04742567241191864,0.08320767432451248,0.45864593982696533,0,1.1953213214874268,0.33388806343078614,0,0,0,189,1.5105961561203003,1.0517305135726929,1,0,0
2026-07-06T01:57:07.927112,425,5,single_center_range_marl,-290715.515597845,0,2,triangle_to_goal_obstacle,1.183236837387085,2.207580327987671,1.8491817712783813,0.03135465830564499,0.09074145555496216,0.4743475914001465,0,1.2006698846817017,0.06192732810974122,0,0,1,773,1.8491817712783813,2.207580327987671,0,0,0
2026-07-06T01:57:12.823924,426,5,single_center_range_marl,-387694.68663171475,0,2,triangle_to_goal_obstacle,0.6664780378341675,2.5523478984832764,2.36251699924469,0.07947417348623276,0.09142900258302689,0.5029239058494568,0,1.203757643699646,0.06211985111236573,0,0,1,793,2.36251699924469,2.5523478984832764,0,0,0
2026-07-06T01:57:17.683300,427,5,single_center_range_marl,-444623.483508364,0,2,triangle_to_goal_obstacle,0.4183703064918518,2.7174084186553955,2.60714582602183,0.050450649112463,0.08750048279762268,0.49775412678718567,0,1.1989110708236694,0.061930874586105356,0,0,1,824,2.60714582602183,2.7174084186553955,0,0,0
2026-07-06T01:57:22.717764,428,5,single_center_range_marl,-480053.36643719504,0,2,triangle_to_goal_obstacle,0.4031507074832916,2.7276957035064697,2.6229093869527182,0.02836543880403042,0.09153876453638077,0.47447410225868225,0,1.2019634246826172,0.06183658003807069,0,0,1,851,2.631237268447876,2.7314655780792236,0,0,0
2026-07-06T01:57:27.676982,429,5,single_center_range_marl,-483761.80880040745,0,2,triangle_to_goal_obstacle,0.4066905677318573,2.7247962951660156,2.621136744817098,0.014110741205513477,0.09004569053649902,0.4818204939365387,0,1.2088024616241455,0.061227688789367685,0,0,1,871,2.6213253339131675,2.725010633468628,0,0,0
2026-07-06T01:57:33.010481,430,5,single_center_range_marl,-178144.58684261667,0,1,start_hover,0.40091121196746826,0.5229990482330322,0.732990543047587,0.03936662897467613,0.0853813961148262,0.26037028431892395,0,1.206872582435608,1.382686266899109,0,0,0,0,0.9833972056706747,0.6941008567810059,1,0,0
2026-07-06T01:57:37.993533,431,5,single_center_range_marl,-279176.5288816724,0,2,triangle_to_goal_obstacle,1.191615343093872,2.2019243240356445,1.8407991329828899,0.02707674168050289,0.08959951251745224,0.47876015305519104,0,1.2007030248641968,0.06181768536567689,0,0,1,748,1.8407991329828899,2.2019243240356445,0,0,0
2026-07-06T01:57:43.166641,432,5,single_center_range_marl,-387564.48756370816,0,2,triangle_to_goal_obstacle,0.646766722202301,2.5654714107513428,2.3835219542185464,0.07819364219903946,0.09092742204666138,0.5229545831680298,0,1.2078602313995361,0.06209323763847352,0,0,1,782,2.3835219542185464,2.5654714107513428,0,0,0
2026-07-06T01:57:48.164744,433,5,single_center_range_marl,-443027.1346890705,0,2,triangle_to_goal_obstacle,0.4083401560783386,2.724531412124634,2.6177810033162436,0.01361197978258133,0.08959802240133286,0.4788578450679779,0,1.198930263519287,0.06215230584144593,0,0,1,810,2.6177810033162436,2.724531412124634,0,0,0
2026-07-06T01:57:53.436941,434,5,single_center_range_marl,-464815.64290178573,0,2,triangle_to_goal_obstacle,0.40039747953414917,2.7295892238616943,2.625934680302938,0.02223665826022625,0.08838364481925964,0.47545793652534485,0,1.1968324184417725,0.06195045471191407,0,0,1,836,2.6316943963368735,2.731586456298828,0,0,0
2026-07-06T01:57:59.055246,435,5,single_center_range_marl,-481414.2805915567,0,2,triangle_to_goal_obstacle,0.4042428135871887,2.726740837097168,2.62118931611379,0.02385614812374115,0.08895260095596313,0.4730185270309448,0,1.1985410451889038,0.06159527063369752,0,0,1,862,2.626437505086263,2.7283878326416016,0,0,0
2026-07-06T01:58:04.692121,436,5,single_center_range_marl,-490220.7031927929,0,2,triangle_to_goal_obstacle,0.40260183811187744,2.727398633956909,2.6230963468551636,0.02248377539217472,0.08928579092025757,0.4670385420322418,0,1.1953829526901245,0.061001757383346566,0,0,1,880,2.6241605281829834,2.7283334732055664,0,0,0
2026-07-06T01:58:09.947118,437,5,single_center_range_marl,-357749.172612579,0,0,takeoff,0.7276286482810974,1.0762461423873901,1.543979247411092,0.020281003788113594,0.0840635672211647,0.4655674397945404,0,1.1913251876831055,0.22554142236709596,0,0,1,449,1.5832384427388508,1.1025413274765015,0,0,0
2026-07-06T01:58:15.554375,438,5,single_center_range_marl,-287816.67027760536,0,2,triangle_to_goal_obstacle,1.1863936185836792,2.2056469917297363,1.8503305912017822,0.03698432445526123,0.09603625535964966,0.4934817850589752,0,1.1847257614135742,0.062012741565704355,0,0,1,763,1.8503305912017822,2.2056469917297363,0,0,0
2026-07-06T01:58:21.172449,439,5,single_center_range_marl,-397010.0291640376,0,2,triangle_to_goal_obstacle,0.6693297028541565,2.550295829772949,2.3632121880849204,0.07845427840948105,0.09281622618436813,0.491774320602417,0,1.2139074802398682,0.06190148949623109,0,0,1,804,2.3632121880849204,2.550295829772949,0,0,0
2026-07-06T01:58:26.508016,440,5,single_center_range_marl,-447932.44828129094,0,2,triangle_to_goal_obstacle,0.40846875309944153,2.7242202758789062,2.618984659512838,0.021334491670131683,0.09045759588479996,0.45386824011802673,0,1.2053459882736206,0.06201193690299989,0,0,1,825,2.618984659512838,2.7242202758789062,0,0,0
2026-07-06T01:58:31.743827,441,5,single_center_range_marl,-482699.0691323037,0,2,triangle_to_goal_obstacle,0.39796963334083557,2.7312095165252686,2.6281532843907676,0.024525709450244904,0.09259644895792007,0.46414756774902344,0,1.2019790410995483,0.06182647705078126,0,0,1,857,2.6312937339146933,2.7330284118652344,0,0,0
2026-07-06T01:58:36.904716,442,5,single_center_range_marl,-486821.93158810836,0,2,triangle_to_goal_obstacle,0.4017277956008911,2.7281181812286377,2.6238030989964805,0.013730118982493877,0.092174232006073,0.4735170304775238,0,1.20266854763031,0.061247984170913705,0,0,1,872,2.6256821552912393,2.7288529872894287,0,0,0
2026-07-06T01:58:42.046258,443,5,single_center_range_marl,-318179.20185861853,0,0,takeoff,0.6923326849937439,1.0300730466842651,1.4750768740971882,0.04290280118584633,0.0776381716132164,0.44980478286743164,0,1.204346776008606,0.3299032545089722,0,0,0,187,1.4928817749023438,1.0423887968063354,1,0,0
2026-07-06T01:58:47.245334,444,5,single_center_range_marl,-288116.25428412546,0,2,triangle_to_goal_obstacle,1.1733243465423584,2.2141740322113037,1.8610165119171143,0.027027830481529236,0.09616228938102722,0.4525667726993561,0,1.2060370445251465,0.061741182804107675,0,0,1,769,1.8610165119171143,2.2141740322113037,0,0,0
2026-07-06T01:58:52.371876,445,5,single_center_range_marl,-391476.19889643404,0,2,triangle_to_goal_obstacle,0.6826291680335999,2.5415337085723877,2.3459834655125937,0.06984201073646545,0.08901745080947876,0.4932541847229004,0,1.2026876211166382,0.06215981602668763,0,0,1,800,2.3459834655125937,2.5415337085723877,0,0,0
2026-07-06T01:58:57.461407,446,5,single_center_range_marl,-445197.71366826113,0,2,triangle_to_goal_obstacle,0.41561490297317505,2.7194929122924805,2.6130897601445517,0.044355690479278564,0.0899382010102272,0.49235475063323975,0,1.208424687385559,0.062106499671936044,0,0,1,823,2.6130897601445517,2.7194929122924805,0,0,0
2026-07-06T01:59:03.314529,447,5,single_center_range_marl,-486816.6892939027,0,2,triangle_to_goal_obstacle,0.40079137682914734,2.729104995727539,2.625268340110779,0.03057805262506008,0.08856818079948425,0.4746619760990143,0,1.1966441869735718,0.06158773064613343,0,0,1,853,2.6328980922698975,2.7327616214752197,0,0,0
2026-07-06T01:59:09.567584,448,5,single_center_range_marl,-478762.7772919306,0,2,triangle_to_goal_obstacle,0.41628366708755493,2.718366861343384,2.609702746073405,0.04264311119914055,0.08893930912017822,0.4860183298587799,0,1.2038474082946777,0.061055699586868295,0,0,1,876,2.609702746073405,2.718366861343384,0,0,0
2026-07-06T01:59:15.179827,449,5,single_center_range_marl,-323955.7830046848,0,0,takeoff,0.6940930485725403,1.0318301916122437,1.4790807167689006,0.04435077682137489,0.07876519113779068,0.44073066115379333,0,1.1886287927627563,0.32549859046936036,0,0,0,304,1.5223490397135417,1.0592340230941772,1,0,0
2026-07-06T01:59:21.162371,450,5,single_center_range_marl,-288974.1913383306,0,2,triangle_to_goal_obstacle,1.1853407621383667,2.20632266998291,1.8507707118988037,0.03604697808623314,0.09101883322000504,0.4801079332828522,0,1.209749460220337,0.06208691954612733,0,0,1,767,1.8507707118988037,2.20632266998291,0,0,0
2026-07-06T01:59:27.081650,451,5,single_center_range_marl,-390055.53714141436,0,2,triangle_to_goal_obstacle,0.6633589267730713,2.5544309616088867,2.366511662801107,0.06940548121929169,0.09213542193174362,0.4890892505645752,0,1.2065277099609375,0.062192747592926034,0,0,1,790,2.366511662801107,2.5544309616088867,0,0,0
2026-07-06T01:59:32.789107,452,5,single_center_range_marl,-449254.58115648275,0,2,triangle_to_goal_obstacle,0.4077926278114319,2.724668264389038,2.6182744105656943,0.03728625923395157,0.08733519166707993,0.48008739948272705,0,1.1979321241378784,0.062034318447113046,0,0,1,829,2.6182744105656943,2.724668264389038,0,0,0
2026-07-06T01:59:38.349455,453,5,single_center_range_marl,-476384.4951026443,0,2,triangle_to_goal_obstacle,0.4053061604499817,2.7262961864471436,2.6205034653345742,0.016935909166932106,0.08870746940374374,0.48189878463745117,0,1.198616862297058,0.06195513367652894,0,0,1,845,2.625869552294413,2.7300150394439697,0,0,0
2026-07-06T01:59:43.973741,454,5,single_center_range_marl,-482589.120965451,0,2,triangle_to_goal_obstacle,0.40142253041267395,2.728618621826172,2.627091328303019,0.018835606053471565,0.09046963602304459,0.4814779758453369,0,1.2095086574554443,0.061504522562026986,0,0,1,870,2.627091328303019,2.728618621826172,0,0,0
2026-07-06T01:59:49.803619,455,5,single_center_range_marl,-495810.3013264144,0,2,triangle_to_goal_obstacle,0.4052313268184662,2.725911855697632,2.619666576385498,0.023877287283539772,0.08809465914964676,0.4667869806289673,0,1.2003812789916992,0.06133637785911561,0,0,1,887,2.6204679807027182,2.725911855697632,0,0,0
2026-07-06T01:59:55.025427,456,5,single_center_range_marl,-375281.3921764357,0,0,takeoff,0.7311893701553345,1.0839871168136597,1.5543369054794312,0.02487536519765854,0.08144083619117737,0.4338652193546295,0,1.2033556699752808,0.21013099908828736,0,0,1,551,1.5996897617975872,1.1143536567687988,0,0,0
2026-07-06T02:00:00.294578,457,5,single_center_range_marl,-285941.7438521838,0,2,triangle_to_goal_obstacle,1.192398190498352,2.2017436027526855,1.8428748448689778,0.03327252343297005,0.09478000551462173,0.4651940166950226,0,1.2069427967071533,0.06211845040321351,0,0,1,769,1.8428748448689778,2.2017436027526855,0,0,0
2026-07-06T02:00:05.336326,458,5,single_center_range_marl,-393919.32394784153,0,2,triangle_to_goal_obstacle,0.6410642266273499,2.569190263748169,2.387235403060913,0.06707948446273804,0.08957591652870178,0.4796541929244995,0,1.1961243152618408,0.062057594060897836,0,0,1,799,2.387235403060913,2.569190263748169,0,0,0
2026-07-06T02:00:10.418795,459,5,single_center_range_marl,-448009.9867918595,0,2,triangle_to_goal_obstacle,0.4162670075893402,2.7187387943267822,2.608929753303528,0.053567249327898026,0.09496092796325684,0.4271366596221924,0,1.2003883123397827,0.06158051848411561,0,0,1,826,2.608929753303528,2.7187387943267822,0,0,0
2026-07-06T02:00:15.660266,460,5,single_center_range_marl,-479902.0755910665,0,2,triangle_to_goal_obstacle,0.4052039682865143,2.725907564163208,2.619554360707601,0.014047992415726185,0.09624288231134415,0.44314876198768616,0,1.2000985145568848,0.06167216062545777,0,0,1,851,2.6254152059555054,2.728029251098633,0,0,0
2026-07-06T02:00:20.939493,461,5,single_center_range_marl,-481311.3738248785,0,2,triangle_to_goal_obstacle,0.4078841805458069,2.7244904041290283,2.6179107427597046,0.009602186270058155,0.09085673093795776,0.45299848914146423,0,1.1982887983322144,0.06170312523841859,0,0,1,868,2.619993487993876,2.725330352783203,0,0,0
2026-07-06T02:00:26.253643,462,5,single_center_range_marl,-298095.9856861477,0,0,takeoff,0.6821249723434448,1.0132689476013184,1.4490551153818767,0.033542126417160034,0.07844606041908264,0.3995840549468994,0,1.1982264518737793,0.3653510904312134,0,0,0,0,1.4759291013081868,1.0303455591201782,1,0,0
2026-07-06T02:00:31.382170,463,5,single_center_range_marl,-283059.9136121522,0,2,triangle_to_goal_obstacle,1.1853541135787964,2.2063393592834473,1.8495598236719768,0.03411490097641945,0.09363307803869247,0.5178806185722351,0,1.1911534070968628,0.062095234394073495,0,0,1,760,1.8495598236719768,2.2063393592834473,0,0,0
2026-07-06T02:00:36.595306,464,5,single_center_range_marl,-392618.11107263586,0,2,triangle_to_goal_obstacle,0.6379683017730713,2.57135272026062,2.390554587046305,0.07169879227876663,0.08869519084692001,0.5206993222236633,0,1.1956939697265625,0.06218672752380372,0,0,1,796,2.390554587046305,2.57135272026062,0,0,0
2026-07-06T02:00:41.971370,465,5,single_center_range_marl,-451482.3022725471,0,2,triangle_to_goal_obstacle,0.42843830585479736,2.710855484008789,2.599354942639669,0.05157441273331642,0.0895826444029808,0.47600260376930237,0,1.2062550783157349,0.06204683542251588,0,0,1,828,2.599354942639669,2.710855484008789,0,0,0
2026-07-06T02:00:47.526220,466,5,single_center_range_marl,-472467.0124263817,0,2,triangle_to_goal_obstacle,0.4080073833465576,2.724510908126831,2.619780739148458,0.03650215268135071,0.09014096111059189,0.4633760154247284,0,1.2062984704971313,0.06197620391845704,0,0,1,844,2.6278372208277383,2.729294538497925,0,0,0
2026-07-06T02:00:54.295290,467,5,single_center_range_marl,-486341.4301061464,0,2,triangle_to_goal_obstacle,0.40333035588264465,2.7272520065307617,2.622269550959269,0.024228109046816826,0.09019142389297485,0.46534010767936707,0,1.197448968887329,0.06154260993003846,0,0,1,871,2.6250915924708047,2.727832078933716,0,0,0
2026-07-06T02:06:54.030388,451,5,medium_center_range_marl,-28164.678826162675,0,2,triangle_to_goal_obstacle,3.1187424659729004,0.3754606246948242,0.5204149087270101,0.31976449489593506,0.11570361256599426,0.4781557619571686,0,1.2056097984313965,-4.8726797103881836e-05,1,1,1,73,0.5204149087270101,0.3754606246948242,0,1,0
2026-07-06T02:06:58.825638,452,5,medium_center_range_marl,-275981.4296257478,0,2,triangle_to_goal_obstacle,0.8627941012382507,1.7335920333862305,2.292949994405111,0.018594123423099518,0.10337996482849121,0.3968483507633209,0,1.4153881072998047,0.06167462468147278,0,0,1,594,2.3168253898620605,1.736700415611267,0,0,0
2026-07-06T02:07:03.714558,453,5,medium_center_range_marl,-293618.68761867937,0,2,triangle_to_goal_obstacle,0.6987411975860596,1.8429231643676758,2.447097063064575,0.026150433346629143,0.10252807289361954,0.3645925521850586,0,0.9938111305236816,0.0617348849773407,0,0,1,672,2.447097063064575,1.8429231643676758,0,0,0
2026-07-06T02:07:08.895226,454,5,medium_center_range_marl,-303925.35588489135,0,2,triangle_to_goal_obstacle,0.5582306385040283,1.9375778436660767,2.6849021116892495,0.038404010236263275,0.10011753439903259,0.3861803114414215,0,0.6877965927124023,0.06203290820121765,0,0,1,720,2.6849021116892495,1.9375778436660767,0,0,0
2026-07-06T02:07:14.083063,455,5,medium_center_range_marl,-347584.4483200675,0,2,triangle_to_goal_obstacle,0.47414547204971313,1.9930921792984009,2.792579789956411,0.05050061270594597,0.09879940003156662,0.38468828797340393,0,0.6099751591682434,0.06199023127555847,0,0,1,766,2.792579789956411,1.9930921792984009,0,0,0
2026-07-06T02:07:19.184656,456,5,medium_center_range_marl,-374908.2965590152,0,2,triangle_to_goal_obstacle,0.4241859018802643,2.0266427993774414,2.845463812351227,0.05320627614855766,0.09854980558156967,0.4309748411178589,0,0.5971675515174866,0.06197082996368408,0,0,1,793,2.845463812351227,2.0266427993774414,0,0,0
2026-07-06T02:07:24.468277,457,5,medium_center_range_marl,-383673.7870205237,0,2,triangle_to_goal_obstacle,0.4241541028022766,2.0258076190948486,2.8426087896029153,0.026367001235485077,0.10478349775075912,0.3766680955886841,0,0.6072933077812195,0.06173372268676758,0,0,1,800,2.8434015909830728,2.0258076190948486,0,0,0
2026-07-06T02:07:29.680017,458,5,medium_center_range_marl,-184584.8713610543,0,0,takeoff,0.8971917629241943,1.3383516073226929,0.969407320022583,0.027248555794358253,0.09167805314064026,0.3942110240459442,0,1.208094835281372,0.6924862265586853,0,0,0,0,0.9698441823323568,1.3383516073226929,1,0,0
2026-07-06T02:07:34.579000,459,5,medium_center_range_marl,-221441.72343767394,0,2,triangle_to_goal_obstacle,0.9212307333946228,1.695094108581543,2.2200640042622886,0.029586710035800934,0.10211635380983353,0.4139317572116852,0,1.3663733005523682,0.06199359893798828,0,0,1,673,2.2200640042622886,1.695094108581543,0,0,0
2026-07-06T02:07:39.542567,460,5,medium_center_range_marl,-294821.55076427106,0,2,triangle_to_goal_obstacle,0.7016746997833252,1.8411160707473755,2.4417315324147544,0.024944603443145752,0.10062343627214432,0.38672712445259094,0,1.0046753883361816,0.06207680702209473,0,0,1,712,2.4417315324147544,1.8411160707473755,0,0,0
2026-07-06T02:07:44.507176,461,5,medium_center_range_marl,-321176.2495361581,0,2,triangle_to_goal_obstacle,0.5594398379325867,1.9367108345031738,2.675740122795105,0.04258931800723076,0.10145553201436996,0.3830955922603607,0,0.7137008905410767,0.0620265007019043,0,0,1,756,2.675740122795105,1.9367108345031738,0,0,0
2026-07-06T02:07:49.553089,462,5,medium_center_range_marl,-357687.5003187168,0,2,triangle_to_goal_obstacle,0.47729718685150146,1.9911490678787231,2.7875616550445557,0.04789765551686287,0.0992806926369667,0.3969661295413971,0,0.6166224479675293,0.061823636293411255,0,0,1,787,2.7875616550445557,1.9911490678787231,0,0,0
2026-07-06T02:07:54.948840,463,5,medium_center_range_marl,-375076.5310257475,0,2,triangle_to_goal_obstacle,0.45785245299339294,2.0038535594940186,2.809778928756714,0.04519367218017578,0.10026334971189499,0.4099489152431488,0,0.605339527130127,0.06133466958999634,0,0,1,817,2.809778928756714,2.0038535594940186,0,0,0
2026-07-06T02:07:57.611876,464,5,medium_center_range_marl,-56200.102616648815,0,2,triangle_to_goal_obstacle,2.766270160675049,0.4424791634082794,0.5578990578651428,0.6089608073234558,0.13224999606609344,0.37564241886138916,0,0.7421382069587708,0.029916763305664062,0,0,1,233,0.5578990578651428,0.5314293503761292,0,1,0
2026-07-06T02:08:03.359810,465,5,medium_center_range_marl,-415511.60533395264,0,2,triangle_to_goal_obstacle,0.4270445704460144,2.02377986907959,2.8409403761227927,0.012882211245596409,0.10084984451532364,0.3835006058216095,0,0.6013970971107483,0.06084480881690979,0,0,1,826,2.858745296796163,2.0363214015960693,0,0,0
2026-07-06T02:08:08.785537,466,5,medium_center_range_marl,-294757.844516478,0,0,takeoff,1.0444554090499878,1.5801963806152344,1.3156280914942424,0.05613340809941292,0.06670138239860535,0.42857643961906433,0,1.2065984010696411,0.18315786123275757,0,0,1,384,1.3365074793497722,1.595333456993103,0,0,0
2026-07-06T02:08:13.960428,467,5,medium_center_range_marl,-226574.0731145496,0,2,triangle_to_goal_obstacle,0.9136743545532227,1.7003083229064941,2.223540743192037,0.023990100249648094,0.1003255620598793,0.4002532958984375,0,1.3551143407821655,0.06196761131286621,0,0,1,684,2.223540743192037,1.7003083229064941,0,0,0
2026-07-06T02:08:18.955864,468,5,medium_center_range_marl,-309036.3847199942,0,2,triangle_to_goal_obstacle,0.6824484467506409,1.854296326637268,2.4822160601615906,0.02743692137300968,0.10029857605695724,0.40073361992836,0,0.9372283816337585,0.06198066473007202,0,0,1,724,2.4822160601615906,1.854296326637268,0,0,0
2026-07-06T02:08:24.163125,469,5,medium_center_range_marl,-329223.1178507519,0,2,triangle_to_goal_obstacle,0.574615478515625,1.92605721950531,2.653013527393341,0.03724387660622597,0.09908601641654968,0.37946537137031555,0,0.7367365956306458,0.062034010887145996,0,0,1,763,2.653013527393341,1.92605721950531,0,0,0
2026-07-06T02:08:29.645486,470,5,medium_center_range_marl,-359302.4134386624,0,2,triangle_to_goal_obstacle,0.4991444945335388,1.9766169786453247,2.7612629334131875,0.04753385856747627,0.1009250208735466,0.38820281624794006,0,0.6290289163589478,0.061508387327194214,0,0,1,781,2.7612629334131875,1.9766169786453247,0,0,0
2026-07-06T02:08:35.481539,471,5,medium_center_range_marl,-378476.05096448056,0,2,triangle_to_goal_obstacle,0.46823716163635254,1.9962102174758911,2.8005153139432273,0.04778185114264488,0.10239846259355545,0.37814199924468994,0,0.6033294796943665,0.061344683170318604,0,0,1,820,2.8005153139432273,1.9962102174758911,0,0,0
2026-07-06T02:08:41.756688,472,5,medium_center_range_marl,-69868.64535683044,0,1,start_hover,0.5190064311027527,0.7722601294517517,0.39858879645665485,0.04182929918169975,0.09005352854728699,0.20473884046077728,0,0.9350871443748474,1.9193453788757324,0,0,0,0,0.0,0.0,1,0,0
2026-07-06T02:08:47.627558,473,5,medium_center_range_marl,-211215.31100391093,0,2,triangle_to_goal_obstacle,0.9145696759223938,1.699571967124939,2.2294445037841797,0.025294264778494835,0.10072371363639832,0.41633906960487366,0,1.3763065338134766,0.061992794275283813,0,0,1,643,2.2294445037841797,1.699571967124939,0,0,0
2026-07-06T02:08:53.081470,474,5,medium_center_range_marl,-294360.00323469564,0,2,triangle_to_goal_obstacle,0.6988422870635986,1.8434314727783203,2.446761151154836,0.016269104555249214,0.09928726404905319,0.4066227376461029,0,0.9978296160697937,0.061931073665618896,0,0,1,689,2.446761151154836,1.8434314727783203,0,0,0
2026-07-06T02:08:58.590070,475,5,medium_center_range_marl,-314394.04620549624,0,2,triangle_to_goal_obstacle,0.564486563205719,1.9322658777236938,2.6716286142667136,0.027743883430957794,0.10633191466331482,0.38281896710395813,0,0.7090628743171692,0.062077730894088745,0,0,1,732,2.6716286142667136,1.9322658777236938,0,0,0
2026-07-06T02:09:04.014614,476,5,medium_center_range_marl,-347144.7144900393,0,2,triangle_to_goal_obstacle,0.5071032047271729,1.971422791481018,2.7515684366226196,0.04415254667401314,0.09929478913545609,0.3848055303096771,0,0.6352018117904663,0.0616777241230011,0,0,1,774,2.7515684366226196,1.971422791481018,0,0,0
2026-07-06T02:09:09.409630,477,5,medium_center_range_marl,-376750.11456627265,0,2,triangle_to_goal_obstacle,0.4391501545906067,2.0162365436553955,2.8299734592437744,0.04683997854590416,0.10338094830513,0.376188725233078,0,0.5982608795166016,0.06164857745170593,0,0,1,796,2.8299734592437744,2.0162365436553955,0,0,0
2026-07-06T02:09:14.823902,478,5,medium_center_range_marl,-388625.18176583963,0,2,triangle_to_goal_obstacle,0.4215303957462311,2.0276668071746826,2.848740518093109,0.0261129979044199,0.10173778980970383,0.3987886607646942,0,0.5932068228721619,0.06111302971839905,0,0,1,816,2.8488856156667075,2.0276668071746826,0,0,0
2026-07-06T02:09:20.236202,479,5,medium_center_range_marl,-85087.15348450218,0,1,start_hover,0.6730075478553772,1.0171786546707153,0.5395203034083048,0.029786506667733192,0.09067428112030029,0.18881835043430328,0,1.1710351705551147,1.3983322381973267,0,0,0,0,0.0,0.0,1,0,0
2026-07-06T02:09:26.066139,480,5,medium_center_range_marl,-220271.17422154066,0,2,triangle_to_goal_obstacle,0.8916407227516174,1.7144266366958618,2.243981639544169,0.02030078135430813,0.10259109735488892,0.3997403383255005,0,1.3505769968032837,0.06208488345146179,0,0,1,639,2.243981639544169,1.7144266366958618,0,0,0
2026-07-06T02:09:31.999968,481,5,medium_center_range_marl,-285554.9753143655,0,2,triangle_to_goal_obstacle,0.6804329752922058,1.8560749292373657,2.4802714188893638,0.026232557371258736,0.10165506601333618,0.3906306326389313,0,0.9491748809814453,0.06205254793167114,0,0,1,704,2.4802714188893638,1.8560749292373657,0,0,0
2026-07-06T02:09:37.635715,482,5,medium_center_range_marl,-321332.24944240367,0,2,triangle_to_goal_obstacle,0.5627626180648804,1.9339041709899902,2.6720696687698364,0.055261775851249695,0.09966465830802917,0.3924752175807953,0,0.7155531644821167,0.06200486421585083,0,0,1,747,2.6720696687698364,1.9339041709899902,0,0,0
2026-07-06T02:09:43.290600,483,5,medium_center_range_marl,-357021.7125896569,0,2,triangle_to_goal_obstacle,0.48828214406967163,1.984000563621521,2.777533253033956,0.04654093459248543,0.10082217305898666,0.3829623758792877,0,0.6147199869155884,0.061962127685546875,0,0,1,782,2.777533253033956,1.984000563621521,0,0,0
2026-07-06T02:09:48.945308,484,5,medium_center_range_marl,-371745.58492927736,0,2,triangle_to_goal_obstacle,0.46360039710998535,1.9992033243179321,2.800951659679413,0.05345912277698517,0.10416164249181747,0.385986328125,0,0.6170975565910339,0.06148654222488403,0,0,1,806,2.800951659679413,1.9992033243179321,0,0,0
2026-07-06T02:09:54.704274,485,5,medium_center_range_marl,-388444.7184399955,0,2,triangle_to_goal_obstacle,0.4335767328739166,2.019343137741089,2.83688215414683,0.03814803063869476,0.10070457309484482,0.3809143602848053,0,0.5925804376602173,0.0610012412071228,0,0,1,830,2.83688215414683,2.019343137741089,0,0,0
2026-07-06T02:10:00.531638,486,5,medium_center_range_marl,-253074.40110182884,0,0,takeoff,1.0452523231506348,1.5758692026138306,1.3060418367385864,0.024750808253884315,0.06985440105199814,0.4281191825866699,0,1.1991358995437622,0.1884283423423767,0,0,1,207,1.3130165735880535,1.5797334909439087,0,0,0
2026-07-06T02:10:06.063133,487,5,medium_center_range_marl,-224128.07903011734,0,2,triangle_to_goal_obstacle,0.9328933954238892,1.687448501586914,2.19943634668986,0.021087326109409332,0.10211479663848877,0.38829076290130615,0,1.3402578830718994,0.061977505683898926,0,0,1,684,2.19943634668986,1.6874628067016602,0,0,0
2026-07-06T02:10:12.578778,488,5,medium_center_range_marl,-310174.6633336006,0,2,triangle_to_goal_obstacle,0.6927869319915771,1.8471684455871582,2.4585948983828225,0.03152409940958023,0.10181950777769089,0.38812658190727234,0,0.976186215877533,0.06195572018623352,0,0,1,733,2.4585948983828225,1.8471684455871582,0,0,0
2026-07-06T02:10:18.977251,489,5,medium_center_range_marl,-327666.30713132897,0,2,triangle_to_goal_obstacle,0.5630462765693665,1.934255599975586,2.6685858964920044,0.04395052418112755,0.10064520686864853,0.3805520534515381,0,0.723265528678894,0.06191572546958923,0,0,1,750,2.6685858964920044,1.934255599975586,0,0,0
2026-07-06T02:10:25.105477,490,5,medium_center_range_marl,-361245.7856783625,0,2,triangle_to_goal_obstacle,0.48324641585350037,1.9867454767227173,2.781373302141825,0.04353944584727287,0.10093411058187485,0.35213330388069153,0,0.6182864904403687,0.06194072961807251,0,0,1,793,2.781373302141825,1.9867454767227173,0,0,0
2026-07-06T02:10:30.830544,491,5,medium_center_range_marl,-383403.7741599986,0,2,triangle_to_goal_obstacle,0.4393874406814575,2.016026258468628,2.8275248209635415,0.05321012809872627,0.10117420554161072,0.39559245109558105,0,0.6064598560333252,0.06116420030593872,0,0,1,818,2.8275248209635415,2.016026258468628,0,0,0
2026-07-06T02:10:36.516561,492,5,medium_center_range_marl,-76805.60585470597,0,1,start_hover,0.58549964427948,0.8893068432807922,0.39982736110687256,0.045346807688474655,0.08728918433189392,0.17923231422901154,0,1.1425299644470215,1.677366852760315,0,0,0,0,0.0,0.0,1,0,0
2026-07-06T02:10:42.269929,493,5,medium_center_range_marl,-214836.66154919495,0,2,triangle_to_goal_obstacle,0.9321393370628357,1.6879421472549438,2.195512851079305,0.02217925898730755,0.10166614502668381,0.3643261194229126,0,1.3265974521636963,0.06194615364074707,0,0,1,643,2.1962250073750815,1.6881641149520874,0,0,0
2026-07-06T02:10:48.552664,494,5,medium_center_range_marl,-291156.0419292032,0,2,triangle_to_goal_obstacle,0.6750680804252625,1.8587299585342407,2.487833638985952,0.02107730321586132,0.10248160362243652,0.3776679039001465,0,0.9426577687263489,0.06183239817619324,0,0,1,702,2.487833638985952,1.8587299585342407,0,0,0
2026-07-06T02:10:55.214884,495,5,medium_center_range_marl,-312462.6992686795,0,2,triangle_to_goal_obstacle,0.587787389755249,1.9171018600463867,2.635523021221161,0.035117048770189285,0.09872894734144211,0.39556434750556946,0,0.7510392069816589,0.06209886074066162,0,0,1,741,2.635523021221161,1.9171018600463867,0,0,0
2026-07-06T02:11:00.929044,496,5,medium_center_range_marl,-353062.25115847896,0,2,triangle_to_goal_obstacle,0.49212175607681274,1.9815974235534668,2.7744058767954507,0.04257598891854286,0.10423284024000168,0.3886944353580475,0,0.6123538017272949,0.061890482902526855,0,0,1,779,2.7744058767954507,1.9815974235534668,0,0,0
2026-07-06T02:11:06.948534,497,5,medium_center_range_marl,-373744.28226930246,0,2,triangle_to_goal_obstacle,0.4331812858581543,2.0192577838897705,2.8337011535962424,0.045065220445394516,0.10470519214868546,0.38368332386016846,0,0.6066843867301941,0.06132018566131592,0,0,1,791,2.8337011535962424,2.0192577838897705,0,0,0
2026-07-06T02:11:13.104991,498,5,medium_center_range_marl,-390441.5378057939,0,2,triangle_to_goal_obstacle,0.4205552637577057,2.028191566467285,2.8471175034840903,0.012742633931338787,0.10108088701963425,0.3722325563430786,0,0.601475715637207,0.06093469262123108,0,0,1,826,2.8489120602607727,2.02872633934021,0,0,0
2026-07-06T02:11:18.846196,499,5,medium_center_range_marl,-183600.04743024652,0,1,start_hover,0.8442655205726624,1.2100669145584106,0.7906881173451742,0.027648070827126503,0.08934250473976135,0.20971006155014038,0,1.1926190853118896,0.9372973442077637,0,0,0,0,0.8397954702377319,1.2417305707931519,1,0,0
2026-07-06T02:11:25.029015,500,5,medium_center_range_marl,-224849.41600570176,0,2,triangle_to_goal_obstacle,0.8959831595420837,1.712141990661621,2.2305058240890503,0.013167058117687702,0.10307708382606506,0.3826281726360321,0,1.3262661695480347,0.06198793649673462,0,0,1,653,2.2305058240890503,1.712141990661621,0,0,0
2026-07-06T02:11:30.699502,501,5,medium_center_range_marl,-299058.9040434386,0,2,triangle_to_goal_obstacle,0.6919165849685669,1.8478097915649414,2.4614229003588357,0.043784189969301224,0.10092288255691528,0.3898702561855316,0,0.97108393907547,0.06196010112762451,0,0,1,702,2.4614229003588357,1.8478097915649414,0,0,0
2026-07-06T02:11:36.451116,502,5,medium_center_range_marl,-321599.1180337056,0,2,triangle_to_goal_obstacle,0.5687786340713501,1.9303542375564575,2.661921799182892,0.039035916328430176,0.09985583275556564,0.3868863880634308,0,0.7260039448738098,0.06191980838775635,0,0,1,752,2.661921799182892,1.9303542375564575,0,0,0
2026-07-06T02:11:42.080386,503,5,medium_center_range_marl,-352432.3076977422,0,2,triangle_to_goal_obstacle,0.5233566761016846,1.960415244102478,2.731013755003611,0.04190812632441521,0.10188284516334534,0.3751908540725708,0,0.6505282521247864,0.061573177576065063,0,0,1,788,2.731013755003611,1.960415244102478,0,0,0
2026-07-06T02:11:47.668570,504,5,medium_center_range_marl,-374570.92938307364,0,2,triangle_to_goal_obstacle,0.4570545554161072,2.0037472248077393,2.8098002672195435,0.040528979152441025,0.1032249704003334,0.3718952238559723,0,0.6066793203353882,0.06139802932739258,0,0,1,816,2.8098002672195435,2.0037472248077393,0,0,0
2026-07-06T02:11:53.106773,505,5,medium_center_range_marl,-182729.39320083603,0,0,takeoff,0.8737410306930542,1.3089429140090942,0.9259812434514364,0.027559904381632805,0.07985963672399521,0.3973938524723053,0,1.206944227218628,0.7595438957214355,0,0,0,0,0.9361381133397421,1.3155962228775024,1,0,0
2026-07-06T02:11:58.572619,506,5,medium_center_range_marl,-229548.74189394183,0,2,triangle_to_goal_obstacle,0.8980394601821899,1.710882544517517,2.255032459894816,0.011984634213149548,0.10298188775777817,0.39402469992637634,0,1.4034478664398193,0.06199684739112854,0,0,1,670,2.255032459894816,1.710882544517517,0,0,0
2026-07-06T02:12:04.094440,507,5,medium_center_range_marl,-293304.70061321,0,2,triangle_to_goal_obstacle,0.6857091188430786,1.8516449928283691,2.473967750867208,0.03279168903827667,0.1035623550415039,0.37215685844421387,0,0.9523330926895142,0.062110722064971924,0,0,1,711,2.473967750867208,1.8516449928283691,0,0,0
2026-07-06T02:12:09.545900,508,5,medium_center_range_marl,-324021.0878645999,0,2,triangle_to_goal_obstacle,0.571868360042572,1.9284261465072632,2.6599941849708557,0.04746850207448006,0.1004936471581459,0.3826626241207123,0,0.7253504395484924,0.06202876567840576,0,0,1,751,2.6599941849708557,1.9284261465072632,0,0,0
2026-07-06T02:12:14.891055,509,5,medium_center_range_marl,-358489.4390425676,0,2,triangle_to_goal_obstacle,0.4960498809814453,1.9779807329177856,2.768920640150706,0.05154849588871002,0.10219977051019669,0.3749667704105377,0,0.6176429390907288,0.06177201867103577,0,0,1,781,2.768920640150706,1.9779807329177856,0,0,0
2026-07-06T02:12:20.502347,510,5,medium_center_range_marl,-374068.0133344978,0,2,triangle_to_goal_obstacle,0.45479974150657654,2.0061628818511963,2.8132766683896384,0.05944828316569328,0.10127130150794983,0.3803607225418091,0,0.6030083298683167,0.06133925914764404,0,0,1,812,2.8132766683896384,2.0061628818511963,0,0,0
2026-07-06T02:12:25.971007,511,5,medium_center_range_marl,-390267.88777653116,0,2,triangle_to_goal_obstacle,0.42591869831085205,2.024366617202759,2.838982939720154,0.03447717800736427,0.10373818129301071,0.36608847975730896,0,0.6090365648269653,0.060922324657440186,0,0,1,837,2.838982939720154,2.024366617202759,0,0,0
2026-07-06T02:12:31.190039,512,5,medium_center_range_marl,-266180.6115111315,0,0,takeoff,1.0517628192901611,1.5738357305526733,1.3061583836873372,0.043181318789720535,0.08799756318330765,0.4026961624622345,0,1.1946377754211426,0.18546533584594727,0,0,1,281,1.3175746202468872,1.5830963850021362,0,0,0
2026-07-06T02:12:36.555293,513,5,medium_center_range_marl,-240983.18972323142,0,2,triangle_to_goal_obstacle,0.8858312368392944,1.7184410095214844,2.2746144930521646,0.012809805572032928,0.10385183244943619,0.38989290595054626,0,1.4244391918182373,0.062017977237701416,0,0,1,689,2.2746144930521646,1.7184410095214844,0,0,0
2026-07-06T02:12:42.185902,514,5,medium_center_range_marl,-299575.6871120192,0,2,triangle_to_goal_obstacle,0.6823643445968628,1.854538083076477,2.4717899163564048,0.037154920399188995,0.10113897174596786,0.3670606315135956,0,0.9690556526184082,0.061981648206710815,0,0,1,725,2.4717899163564048,1.854538083076477,0,0,0
2026-07-06T02:12:47.899410,515,5,medium_center_range_marl,-334920.9158812559,0,2,triangle_to_goal_obstacle,0.5599970817565918,1.9358634948730469,2.6768176356951394,0.036398451775312424,0.09895358234643936,0.37793275713920593,0,0.7084208130836487,0.06200316548347473,0,0,1,775,2.6768176356951394,1.9358634948730469,0,0,0
2026-07-06T02:12:53.517496,516,5,medium_center_range_marl,-371513.190972703,0,2,triangle_to_goal_obstacle,0.4463060796260834,2.011803388595581,2.8203839461008706,0.04242388904094696,0.1017058789730072,0.3659955561161041,0,0.6078181266784668,0.061494797468185425,0,0,1,798,2.8203839461008706,2.011803388595581,0,0,0
2026-07-06T02:12:59.449267,517,5,medium_center_range_marl,-382939.4686115965,0,2,triangle_to_goal_obstacle,0.4520573914051056,2.0070409774780273,2.8155635794003806,0.045384373515844345,0.10080025345087051,0.3889838755130768,0,0.6035981774330139,0.0612102746963501,0,0,1,818,2.8155635794003806,2.0070409774780273,0,0,0
2026-07-06T02:13:04.797336,518,5,medium_center_range_marl,-70326.27501405,0,1,start_hover,0.5147006511688232,0.748640239238739,0.397052526473999,0.05365106835961342,0.08894076943397522,0.15479718148708344,0,0.8946161270141602,1.9591588973999023,0,0,0,0,0.0,0.0,1,0,0
2026-07-06T02:13:10.290997,519,5,medium_center_range_marl,-215340.20720821165,0,2,triangle_to_goal_obstacle,0.9222790002822876,1.6940218210220337,2.2216627995173135,0.014506641775369644,0.10565108060836792,0.38795122504234314,0,1.374949336051941,0.06211373209953308,0,0,1,644,2.2216627995173135,1.6940218210220337,0,0,0
2026-07-06T02:13:15.679286,520,5,medium_center_range_marl,-292878.80664988694,0,2,triangle_to_goal_obstacle,0.7090830206871033,1.836526870727539,2.4317357937494912,0.022581517696380615,0.09961763769388199,0.3798816204071045,0,1.01073157787323,0.061915844678878784,0,0,1,684,2.4317357937494912,1.836526870727539,0,0,0
2026-07-06T02:13:21.102872,521,5,medium_center_range_marl,-301772.8800930888,0,2,triangle_to_goal_obstacle,0.5823066830635071,1.9213155508041382,2.642297406991323,0.02459275722503662,0.09985419362783432,0.37396302819252014,0,0.7482665181159973,0.061997056007385254,0,0,1,723,2.642297406991323,1.9213155508041382,0,0,0
2026-07-06T02:13:26.379116,522,5,medium_center_range_marl,-346147.84174363676,0,2,triangle_to_goal_obstacle,0.48667067289352417,1.984641194343567,2.7766497135162354,0.045528337359428406,0.09991475939750671,0.3714522421360016,0,0.6228127479553223,0.061789482831954956,0,0,1,762,2.7766497135162354,1.984641194343567,0,0,0
2026-07-06T02:13:32.321395,523,5,medium_center_range_marl,-375377.891561533,0,2,triangle_to_goal_obstacle,0.4452206790447235,2.0114622116088867,2.82361501455307,0.054163623601198196,0.10545024275779724,0.36531758308410645,0,0.6005334258079529,0.06149768829345703,0,0,1,795,2.82361501455307,2.0114622116088867,0,0,0
2026-07-06T02:13:37.920520,524,5,medium_center_range_marl,-61950.160383146365,0,1,start_hover,0.40094831585884094,0.5480331778526306,0.3745201826095581,0.05774640664458275,0.08847558498382568,0.16684745252132416,0,0.6276592016220093,2.37388277053833,0,0,0,0,0.0,0.0,1,0,0
2026-07-06T02:13:43.842626,525,5,medium_center_range_marl,-205729.13503276385,0,2,triangle_to_goal_obstacle,0.9193499088287354,1.6965923309326172,2.225486636161804,0.015092957764863968,0.10378628969192505,0.3839910924434662,0,1.377627968788147,0.061899274587631226,0,0,1,612,2.225486636161804,1.6965923309326172,0,0,0
2026-07-06T02:13:49.631428,526,5,medium_center_range_marl,-290381.27474320575,0,2,triangle_to_goal_obstacle,0.6932372450828552,1.8469702005386353,2.4588506619135537,0.03534100577235222,0.10093957930803299,0.3599018156528473,0,0.9762743711471558,0.06187796592712402,0,0,1,685,2.4588506619135537,1.8469702005386353,0,0,0
2026-07-06T02:13:55.251311,527,5,medium_center_range_marl,-309167.6190634056,0,2,triangle_to_goal_obstacle,0.5650588274002075,1.932015299797058,2.6665608088175454,0.03348860517144203,0.10393854230642319,0.3630448579788208,0,0.7256820201873779,0.0620693564414978,0,0,1,734,2.6665608088175454,1.932015299797058,0,0,0
2026-07-06T02:14:00.691279,528,5,medium_center_range_marl,-353661.05917174334,0,2,triangle_to_goal_obstacle,0.49399587512016296,1.9800466299057007,2.768049736817678,0.053691934794187546,0.10039521008729935,0.39456772804260254,0,0.6270977854728699,0.06173160672187805,0,0,1,762,2.768049736817678,1.9800466299057007,0,0,0
2026-07-06T02:14:06.101968,529,5,medium_center_range_marl,-369458.7101194496,0,2,triangle_to_goal_obstacle,0.47820159792900085,1.9903478622436523,2.7884393334388733,0.05327760800719261,0.10491267591714859,0.3363889455795288,0,0.6109796166419983,0.06182873249053955,0,0,1,798,2.7884393334388733,1.9903478622436523,0,0,0
2026-07-06T02:14:11.936469,530,5,medium_center_range_marl,-380652.0803427301,0,2,triangle_to_goal_obstacle,0.4650856554508209,1.9986027479171753,2.8035517930984497,0.04829265549778938,0.10341352224349976,0.3741966187953949,0,0.6046322584152222,0.06134521961212158,0,0,1,808,2.8035517930984497,1.9986027479171753,0,0,0
2026-07-06T02:14:17.489456,531,5,medium_center_range_marl,-76403.19073644678,0,1,start_hover,0.568000078201294,0.8799433708190918,0.3999252716700236,0.03275757655501366,0.08773104101419449,0.187937393784523,0,1.1240986585617065,1.7088918685913086,0,0,0,0,0.0,0.0,1,0,0
2026-07-06T02:14:23.711504,532,5,medium_center_range_marl,-222363.16206096104,0,2,triangle_to_goal_obstacle,0.9230074286460876,1.692824363708496,2.220557371775309,0.029995383694767952,0.11125648021697998,0.3958273231983185,0,1.3688273429870605,0.06202816963195801,0,0,1,658,2.220557371775309,1.692824363708496,0,0,0
2026-07-06T02:14:29.964355,533,5,medium_center_range_marl,-297407.5026903775,0,2,triangle_to_goal_obstacle,0.7022106647491455,1.8409833908081055,2.44389138619105,0.018052013590931892,0.10121030360460281,0.37533971667289734,0,0.9970194697380066,0.062002032995224,0,0,1,711,2.44389138619105,1.8409833908081055,0,0,0
2026-07-06T02:14:35.634594,534,5,medium_center_range_marl,-317472.3992169129,0,2,triangle_to_goal_obstacle,0.5958048701286316,1.9126263856887817,2.6219213604927063,0.03536394611001015,0.10297992825508118,0.3610475957393646,0,0.768937885761261,0.06208759546279907,0,0,1,758,2.6219213604927063,1.9126263856887817,0,0,0
2026-07-06T02:14:41.522975,535,5,medium_center_range_marl,-357243.37537165737,0,2,triangle_to_goal_obstacle,0.5143617987632751,1.9655488729476929,2.7375022371610007,0.03977768123149872,0.10599115490913391,0.3520781993865967,0,0.6582167744636536,0.06177997589111328,0,0,1,779,2.7375022371610007,1.9655488729476929,0,0,0
2026-07-06T02:14:47.204883,536,5,medium_center_range_marl,-373289.39904281526,0,2,triangle_to_goal_obstacle,0.48367512226104736,1.9868406057357788,2.7844443718592324,0.032651398330926895,0.103615902364254,0.37770357728004456,0,0.6038719415664673,0.0612676739692688,0,0,1,806,2.7844443718592324,1.9868406057357788,0,0,0
2026-07-06T02:14:52.671863,537,5,medium_center_range_marl,-68303.8520346699,0,1,start_hover,0.45956480503082275,0.6875393986701965,0.39248329401016235,0.044877488166093826,0.08871813863515854,0.2087719440460205,0,0.797090470790863,2.1060855388641357,0,0,0,0,0.0,0.0,1,0,0
2026-07-06T02:14:58.147245,538,5,medium_center_range_marl,-219528.95116575775,0,2,triangle_to_goal_obstacle,0.8899050951004028,1.7158981561660767,2.272870898246765,0.019237549975514412,0.1045156791806221,0.3945542573928833,0,1.4293771982192993,0.06197074055671692,0,0,1,612,2.272870898246765,1.7158981561660767,0,0,0
2026-07-06T02:15:03.664744,539,5,medium_center_range_marl,-287534.6488796661,0,2,triangle_to_goal_obstacle,0.7031858563423157,1.8401037454605103,2.439221978187561,0.02136797271668911,0.1029188260436058,0.36736658215522766,0,1.0065640211105347,0.061892926692962646,0,0,1,688,2.439221978187561,1.8401037454605103,0,0,0
2026-07-06T02:15:09.181191,540,5,medium_center_range_marl,-298041.00396060926,0,2,triangle_to_goal_obstacle,0.5807688236236572,1.9221080541610718,2.6451109051704407,0.033699166029691696,0.09837818145751953,0.36958280205726624,0,0.7420695424079895,0.06191736459732056,0,0,1,729,2.6451109051704407,1.9221080541610718,0,0,0
2026-07-06T02:15:14.638082,541,5,medium_center_range_marl,-350808.4463602457,0,2,triangle_to_goal_obstacle,0.5042663216590881,1.972831130027771,2.7572154998779297,0.041749436408281326,0.10129406303167343,0.36760997772216797,0,0.630300760269165,0.06201815605163574,0,0,1,771,2.7572154998779297,1.972831130027771,0,0,0
2026-07-06T02:15:20.140003,542,5,medium_center_range_marl,-371787.9431290657,0,2,triangle_to_goal_obstacle,0.44286251068115234,2.013859748840332,2.8241962790489197,0.04663027822971344,0.10104956477880478,0.3877425193786621,0,0.6068457961082458,0.061689794063568115,0,0,1,795,2.8241962790489197,2.013859748840332,0,0,0
2026-07-06T02:15:25.713696,543,5,medium_center_range_marl,-378756.53767214314,0,2,triangle_to_goal_obstacle,0.4625597298145294,2.000441789627075,2.8036563992500305,0.03811294212937355,0.10112813115119934,0.3835188150405884,0,0.6090572476387024,0.06111842393875122,0,0,1,828,2.8036563992500305,2.000441789627075,0,0,0
2026-07-06T02:15:31.251812,544,5,medium_center_range_marl,-198783.7503173825,0,0,takeoff,0.8952319622039795,1.340287208557129,0.9710621436436971,0.020347410812973976,0.08200115710496902,0.3761538565158844,0,1.208910584449768,0.6911500096321106,0,0,0,0,0.9861394564310709,1.349247932434082,1,0,0
2026-07-06T02:15:37.109648,545,5,medium_center_range_marl,-229946.44242122307,0,2,triangle_to_goal_obstacle,0.8951424956321716,1.7121219635009766,2.2654829025268555,0.03273029997944832,0.10391952842473984,0.398504376411438,0,1.4255867004394531,0.062081485986709595,0,0,1,655,2.2654829025268555,1.7121219635009766,0,0,0
2026-07-06T02:15:42.743921,546,5,medium_center_range_marl,-297624.52966522984,0,2,triangle_to_goal_obstacle,0.7004347443580627,1.8425439596176147,2.446124792098999,0.044123876839876175,0.1010424792766571,0.37374797463417053,0,0.9932513236999512,0.06199035048484802,0,0,1,707,2.446124792098999,1.8425439596176147,0,0,0
2026-07-06T02:15:48.100900,547,5,medium_center_range_marl,-330530.6751396583,0,2,triangle_to_goal_obstacle,0.5803515911102295,1.9217824935913086,2.6457141439119973,0.029254021123051643,0.10242581367492676,0.375189870595932,0,0.742651641368866,0.062124401330947876,0,0,1,761,2.6457141439119973,1.9217824935913086,0,0,0
2026-07-06T02:15:53.775227,548,5,medium_center_range_marl,-356390.2827954726,0,2,triangle_to_goal_obstacle,0.5254287719726562,1.958776831626892,2.7313080628712973,0.03965625911951065,0.10246282070875168,0.358254075050354,0,0.6433496475219727,0.06172862648963928,0,0,1,776,2.7313080628712973,1.958776831626892,0,0,0
2026-07-06T02:15:58.980095,549,5,medium_center_range_marl,-372926.3432891173,0,2,triangle_to_goal_obstacle,0.46484580636024475,1.9992471933364868,2.802195926507314,0.046257033944129944,0.09971082210540771,0.3864966928958893,0,0.6067944169044495,0.061257362365722656,0,0,1,821,2.802195926507314,1.9992471933364868,0,0,0
2026-07-06T02:16:04.682268,550,5,medium_center_range_marl,-385760.4650968373,0,2,triangle_to_goal_obstacle,0.43404877185821533,2.018380641937256,2.8346952199935913,0.04693874344229698,0.10275519639253616,0.39486798644065857,0,0.5951763391494751,0.06038805842399597,0,0,1,831,2.8346952199935913,2.018380641937256,0,0,0
2026-07-06T02:16:10.420138,551,5,medium_center_range_marl,-291073.4700909537,0,0,takeoff,1.044650673866272,1.5757125616073608,1.3066602945327759,0.029354296624660492,0.07233816385269165,0.4208315312862396,0,1.2019554376602173,0.1894834339618683,0,0,1,373,1.3373640378316243,1.5968780517578125,0,0,0
2026-07-06T02:16:16.117144,552,5,medium_center_range_marl,-232053.41990467865,0,2,triangle_to_goal_obstacle,0.9101542234420776,1.7022690773010254,2.2483673890431723,0.026667766273021698,0.10222328454256058,0.3866754472255707,0,1.4184858798980713,0.06200835108757019,0,0,1,690,2.2483673890431723,1.7022690773010254,0,0,0
2026-07-06T02:16:21.932768,553,5,medium_center_range_marl,-306550.6370092621,0,2,triangle_to_goal_obstacle,0.7020424604415894,1.840934157371521,2.4467103083928428,0.025709738954901695,0.10176943987607956,0.389716237783432,0,0.9853554964065552,0.06200900673866272,0,0,1,721,2.4467103083928428,1.840934157371521,0,0,0
2026-07-06T02:16:27.946633,554,5,medium_center_range_marl,-327145.9863317893,0,2,triangle_to_goal_obstacle,0.5745798349380493,1.9260486364364624,2.654163936773936,0.028675908222794533,0.10111244767904282,0.3804674446582794,0,0.7337645888328552,0.06201171875,0,0,1,754,2.654163936773936,1.9260486364364624,0,0,0
2026-07-06T02:16:33.801029,555,5,medium_center_range_marl,-356279.6034122166,0,2,triangle_to_goal_obstacle,0.5147714018821716,1.9664148092269897,2.7408254146575928,0.05302576348185539,0.10362083464860916,0.38227593898773193,0,0.6467680931091309,0.06159743666648865,0,0,1,780,2.7408254146575928,1.9664148092269897,0,0,0
2026-07-06T02:16:39.644966,556,5,medium_center_range_marl,-369292.7001316059,0,2,triangle_to_goal_obstacle,0.49433404207229614,1.97776460647583,2.7700449228286743,0.04005999490618706,0.10760102421045303,0.3566921055316925,0,0.61534583568573,0.0604478120803833,0,0,1,819,2.7700449228286743,1.97776460647583,0,0,0
2026-07-06T02:16:45.250392,557,5,medium_center_range_marl,-230765.87302524986,0,0,takeoff,1.0225815773010254,1.531158447265625,1.2417004903157551,0.018132034689188004,0.08045151084661484,0.4093038737773895,0,1.2008671760559082,0.27774375677108765,0,0,1,89,1.2417004903157551,1.531158447265625,0,0,0
2026-07-06T02:16:51.294312,558,5,medium_center_range_marl,-236230.3563301205,0,2,triangle_to_goal_obstacle,0.9286215305328369,1.6896902322769165,2.219907363255819,0.022118188440799713,0.10371126979589462,0.3983322083950043,0,1.385779619216919,0.06211140751838684,0,0,1,689,2.219907363255819,1.6896902322769165,0,0,0
2026-07-06T02:16:57.049029,559,5,medium_center_range_marl,-311400.3735637113,0,2,triangle_to_goal_obstacle,0.6917511224746704,1.8477935791015625,2.4581395188967385,0.031412143260240555,0.10305390506982803,0.36169496178627014,0,0.9823970198631287,0.06210821866989136,0,0,1,727,2.4581395188967385,1.8477935791015625,0,0,0
2026-07-06T02:17:02.863796,560,5,medium_center_range_marl,-332735.0280684023,0,2,triangle_to_goal_obstacle,0.5999805927276611,1.9099191427230835,2.610453188419342,0.032139670103788376,0.10369417816400528,0.3938364088535309,0,0.7918458580970764,0.06207913160324097,0,0,1,768,2.610453188419342,1.9099191427230835,0,0,0
2026-07-06T02:17:08.491162,561,5,medium_center_range_marl,-355048.67185290734,0,2,triangle_to_goal_obstacle,0.5165582895278931,1.9647449254989624,2.738076865673065,0.04387457296252251,0.10235011577606201,0.36917272210121155,0,0.649450957775116,0.06148001551628113,0,0,1,797,2.738076865673065,1.9647449254989624,0,0,0
2026-07-06T02:17:14.145929,562,5,medium_center_range_marl,-375584.590087059,0,2,triangle_to_goal_obstacle,0.4889892339706421,1.9822584390640259,2.775513748327891,0.04743902385234833,0.10231731086969376,0.3715991973876953,0,0.6166643500328064,0.06120842695236206,0,0,1,820,2.775513748327891,1.9822584390640259,0,0,0
2026-07-06T02:17:19.791424,563,5,medium_center_range_marl,-381048.1821872851,0,2,triangle_to_goal_obstacle,0.46129438281059265,2.0014803409576416,2.804969767729441,0.05437535420060158,0.10138803720474243,0.3608621060848236,0,0.6097987294197083,0.060872882604599,0,0,1,825,2.804969767729441,2.0014803409576416,0,0,0
2026-07-06T02:17:25.259805,564,5,medium_center_range_marl,-282675.7915037437,0,0,takeoff,1.0495537519454956,1.5731953382492065,1.304661234219869,0.03472110256552696,0.0817088708281517,0.4033076763153076,0,1.20602285861969,0.18855175375938416,0,0,1,351,1.3366951545079548,1.59445059299469,0,0,0
2026-07-06T02:17:30.986449,565,5,medium_center_range_marl,-238189.7246621448,0,2,triangle_to_goal_obstacle,0.9200286865234375,1.695409893989563,2.2450760205586753,0.032447971403598785,0.10291624069213867,0.4044075310230255,0,1.431506633758545,0.06210002303123474,0,0,1,685,2.2450760205586753,1.695409893989563,0,0,0
2026-07-06T02:17:36.252214,566,5,medium_center_range_marl,-306638.13279955817,0,2,triangle_to_goal_obstacle,0.7187535762786865,1.8306001424789429,2.4083069562911987,0.04457058012485504,0.10353565216064453,0.38495349884033203,0,1.0512253046035767,0.06203022599220276,0,0,1,723,2.4083069562911987,1.8306001424789429,0,0,0
2026-07-06T02:17:41.692638,567,5,medium_center_range_marl,-329941.4649510044,0,2,triangle_to_goal_obstacle,0.5817226767539978,1.9215646982192993,2.6427401105562844,0.031294677406549454,0.1010231003165245,0.3619985580444336,0,0.7468845248222351,0.061732709407806396,0,0,1,766,2.6427401105562844,1.9215646982192993,0,0,0
2026-07-06T02:17:47.280100,568,5,medium_center_range_marl,-362943.8795773858,0,2,triangle_to_goal_obstacle,0.48396947979927063,1.985312819480896,2.782388230164846,0.05348868668079376,0.10709509998559952,0.3902958929538727,0,0.6096078753471375,0.06120806932449341,0,0,1,798,2.782388230164846,1.985312819480896,0,0,0
2026-07-06T02:17:53.069163,569,5,medium_center_range_marl,-57245.11272542177,0,1,start_hover,0.336203932762146,0.41587701439857483,0.31624404589335126,0.06129217520356178,0.08928513526916504,0.17299717664718628,0,0.595870852470398,2.6188061237335205,0,0,0,0,0.0,0.0,1,0,0
2026-07-06T02:17:59.165190,570,5,medium_center_range_marl,-202564.52560487873,0,2,triangle_to_goal_obstacle,0.89225172996521,1.7140579223632812,2.2515801588694253,0.01658802106976509,0.10203447937965393,0.38884130120277405,0,1.3759443759918213,0.06195276975631714,0,0,1,610,2.2515801588694253,1.7140579223632812,0,0,0
2026-07-06T02:18:04.823308,571,5,medium_center_range_marl,-308191.74915930734,0,2,triangle_to_goal_obstacle,0.6777632832527161,1.8568004369735718,2.4828600883483887,0.030259303748607635,0.10275468230247498,0.3669348657131195,0,0.9490644931793213,0.061940163373947144,0,0,1,661,2.4828600883483887,1.8568004369735718,0,0,0
2026-07-06T02:18:10.914281,572,5,medium_center_range_marl,-318101.1068494968,0,2,triangle_to_goal_obstacle,0.5726134777069092,1.9278935194015503,2.657063444455465,0.049183472990989685,0.09965366870164871,0.39295366406440735,0,0.730406641960144,0.06200167536735535,0,0,1,731,2.657063444455465,1.9278935194015503,0,0,0
2026-07-06T02:18:16.979533,573,5,medium_center_range_marl,-335883.898597469,0,2,triangle_to_goal_obstacle,0.5367043018341064,1.9513667821884155,2.7153162161509194,0.04054906964302063,0.10457756370306015,0.3314730226993561,0,0.6594486236572266,0.06195107102394104,0,0,1,768,2.7153162161509194,1.9513667821884155,0,0,0
2026-07-06T02:18:22.590525,574,5,medium_center_range_marl,-365611.5662591577,0,2,triangle_to_goal_obstacle,0.4809722602367401,1.988559365272522,2.7827833890914917,0.052765343338251114,0.09970778226852417,0.3866320848464966,0,0.6192232370376587,0.06175649166107178,0,0,1,796,2.7827833890914917,1.988559365272522,0,0,0
2026-07-06T02:18:28.502664,575,5,medium_center_range_marl,-382316.7896623091,0,2,triangle_to_goal_obstacle,0.4556558132171631,2.0048463344573975,2.8145114183425903,0.04916276037693024,0.1018175259232521,0.3814117908477783,0,0.597070574760437,0.06126469373703003,0,0,1,811,2.8145114183425903,2.0048463344573975,0,0,0
2026-07-06T02:18:34.054019,576,5,medium_center_range_marl,-387422.22626871004,0,2,triangle_to_goal_obstacle,0.442524790763855,2.0138423442840576,2.826926589012146,0.04663288593292236,0.10277107357978821,0.3618241250514984,0,0.5962706804275513,0.06081515550613403,0,0,1,832,2.826926589012146,2.0138423442840576,0,0,0
2026-07-06T02:18:39.648040,577,5,medium_center_range_marl,-282752.89722344675,0,0,takeoff,1.0519288778305054,1.5753751993179321,1.308002193768819,0.024918535724282265,0.08342695236206055,0.391582727432251,0,1.2037900686264038,0.1830262541770935,0,0,1,343,1.3383084932963054,1.5952857732772827,0,0,0
2026-07-06T02:18:45.121362,578,5,medium_center_range_marl,-236492.61932265337,0,2,triangle_to_goal_obstacle,0.9047800302505493,1.7058194875717163,2.2436482906341553,0.017173565924167633,0.1005878746509552,0.3869169056415558,0,1.3876826763153076,0.062015920877456665,0,0,1,690,2.2436482906341553,1.7058194875717163,0,0,0
2026-07-06T02:18:50.637478,579,5,medium_center_range_marl,-313435.78592964896,0,2,triangle_to_goal_obstacle,0.694560706615448,1.8459514379501343,2.4568131367365518,0.032446399331092834,0.10185497999191284,0.36084476113319397,0,0.9792393445968628,0.06208223104476929,0,0,1,728,2.4568131367365518,1.8459514379501343,0,0,0
2026-07-06T02:18:56.175910,580,5,medium_center_range_marl,-325152.29423948657,0,2,triangle_to_goal_obstacle,0.6158708930015564,1.8990774154663086,2.5889127055803933,0.045863356441259384,0.10241756588220596,0.3798060715198517,0,0.8074780106544495,0.06178179383277893,0,0,1,761,2.5889127055803933,1.8990774154663086,0,0,0
2026-07-06T02:19:01.512568,581,5,medium_center_range_marl,-350428.0607517672,0,2,triangle_to_goal_obstacle,0.5188547968864441,1.9626131057739258,2.735285222530365,0.055611997842788696,0.10149327665567398,0.35742196440696716,0,0.6543788313865662,0.061603844165802,0,0,1,791,2.735285222530365,1.9626131057739258,0,0,0
2026-07-06T02:19:07.374464,582,5,medium_center_range_marl,-373727.83724408905,0,2,triangle_to_goal_obstacle,0.4666929841041565,1.9976199865341187,2.7988328536351523,0.03595888987183571,0.1009436845779419,0.38445064425468445,0,0.6142634153366089,0.06138342618942261,0,0,1,807,2.7988328536351523,1.9976199865341187,0,0,0
2026-07-06T02:19:13.066433,583,5,medium_center_range_marl,-384198.52802556875,0,2,triangle_to_goal_obstacle,0.45769238471984863,2.0038230419158936,2.810908834139506,0.04829275608062744,0.10185731202363968,0.3529544770717621,0,0.6001039743423462,0.060775697231292725,0,0,1,835,2.810908834139506,2.0038230419158936,0,0,0
2026-07-06T02:19:18.652925,584,5,medium_center_range_marl,-278693.7469171712,0,0,takeoff,1.0440572500228882,1.5757827758789062,1.3073724508285522,0.020991375669836998,0.07275456935167313,0.40985143184661865,0,1.2070077657699585,0.18915748596191406,0,0,1,334,1.3369396527608235,1.5957523584365845,0,0,0
2026-07-06T02:19:24.290162,585,5,medium_center_range_marl,-240729.56146070015,0,2,triangle_to_goal_obstacle,0.9075774550437927,1.7042628526687622,2.247782548268636,0.016014063730835915,0.10010304301977158,0.38065043091773987,0,1.4065325260162354,0.06195425987243652,0,0,1,692,2.247782548268636,1.7042628526687622,0,0,0
2026-07-06T02:19:30.127571,586,5,medium_center_range_marl,-308285.307405511,0,2,triangle_to_goal_obstacle,0.7008699774742126,1.8412984609603882,2.439476490020752,0.029467254877090454,0.1097562313079834,0.3705117404460907,0,1.014873743057251,0.062087804079055786,0,0,1,725,2.439476490020752,1.8412984609603882,0,0,0
2026-07-06T02:19:36.126456,587,5,medium_center_range_marl,-335220.2139000266,0,2,triangle_to_goal_obstacle,0.5775851011276245,1.9240707159042358,2.6504579981168113,0.03242170065641403,0.10228567570447922,0.3442641496658325,0,0.7375381588935852,0.06190347671508789,0,0,1,773,2.6504579981168113,1.9240707159042358,0,0,0
2026-07-06T02:19:42.236615,588,5,medium_center_range_marl,-351088.68997316825,0,2,triangle_to_goal_obstacle,0.5344942212104797,1.9525880813598633,2.712022125720978,0.06075451150536537,0.10175177454948425,0.35606884956359863,0,0.678209125995636,0.061655640602111816,0,0,1,803,2.712022125720978,1.9525880813598633,0,0,0
2026-07-06T02:19:48.213567,589,5,medium_center_range_marl,-373803.3523302765,0,2,triangle_to_goal_obstacle,0.4846573770046234,1.9855842590332031,2.781255384286245,0.03825967386364937,0.10279658436775208,0.3637031316757202,0,0.6144254803657532,0.061129093170166016,0,0,1,819,2.781255384286245,1.9855842590332031,0,0,0
2026-07-06T02:19:53.939968,590,5,medium_center_range_marl,-76457.07784383754,0,1,start_hover,0.5880444049835205,0.9079621434211731,0.3999631404876709,0.05103980377316475,0.08910641074180603,0.18226592242717743,0,1.1648391485214233,1.6467937231063843,0,0,0,0,0.0,0.0,1,0,0
2026-07-06T02:19:59.820269,591,5,medium_center_range_marl,-224403.00929614535,0,2,triangle_to_goal_obstacle,0.8968321681022644,1.7108488082885742,2.244950453440348,0.03377680480480194,0.10514494776725769,0.3892040252685547,0,1.3687763214111328,0.062143951654434204,0,0,1,660,2.244950453440348,1.7108488082885742,0,0,0
2026-07-06T02:20:05.836682,592,5,medium_center_range_marl,-294580.91772337724,0,2,triangle_to_goal_obstacle,0.687345027923584,1.8515809774398804,2.4662946263949075,0.02111774869263172,0.1049581989645958,0.35719504952430725,0,0.9720966219902039,0.06208637356758118,0,0,1,703,2.4662946263949075,1.8515809774398804,0,0,0
2026-07-06T02:20:11.552101,593,5,medium_center_range_marl,-314296.02387874114,0,2,triangle_to_goal_obstacle,0.613100528717041,1.9007648229599,2.593730390071869,0.04291335865855217,0.1026882603764534,0.3724590837955475,0,0.8031834959983826,0.06183260679244995,0,0,1,737,2.593730390071869,1.9007648229599,0,0,0
2026-07-06T02:23:59.661876,551,4,soft_center_range_marl,-53597.83173026194,0,2,triangle_to_goal_obstacle,0.47377991676330566,0.6214984059333801,0.8858075141906738,0.30076637864112854,0.12911097705364227,0.4885789453983307,0,1.2382466793060303,2.1515638923645017,0,0,0,132,0.8356057405471802,0.5948438048362732,1,0,0
2026-07-06T02:24:04.367095,552,4,soft_center_range_marl,-54127.841902874774,0,4,landing,0.7176573276519775,0.059621457010507584,0.048514207204182945,0.2507023513317108,0.1703730672597885,0.2557838559150696,0,1.1208680868148804,3.5784428215026853,0,0,0,97,0.9757625659306844,0.68415766954422,1,0,1
2026-07-06T02:24:08.526032,553,4,soft_center_range_marl,49007.45831247153,1,4,landing,0.7997991442680359,0.13463321328163147,0.16902325550715128,0.15800684690475464,0.15012222528457642,0.23683463037014008,0,0.9339615106582642,3.835439453125,0,0,0,87,0.1252319018046061,0.09760066121816635,1,0,1
2026-07-06T02:24:12.523154,554,4,soft_center_range_marl,49487.50090751527,1,4,landing,0.8468675017356873,0.15720193088054657,0.18877325455347696,0.1726159304380417,0.1520140916109085,0.23241031169891357,0,0.8640696406364441,3.95706392288208,0,0,0,80,0.05612504482269287,0.07538054138422012,1,0,1
2026-07-06T02:24:16.546121,555,4,soft_center_range_marl,1540.708305273942,1,4,landing,1.0195083618164062,0.2649640142917633,0.3030344843864441,0.1966652274131775,0.1542254388332367,0.21143896877765656,0,0.7149531245231628,4.181226024627685,0,0,0,75,0.2246419390042623,0.17493827641010284,1,0,0
2026-07-06T02:24:20.245414,556,4,soft_center_range_marl,10183.09389737897,1,4,landing,1.0431894063949585,0.2791324257850647,0.31388898690541583,0.20262975990772247,0.1532467007637024,0.21737994253635406,0,0.724403440952301,4.220237979888916,0,0,0,71,0.19730456670125326,0.15507298707962036,1,0,0
2026-07-06T02:24:23.920943,557,4,soft_center_range_marl,-8415.64249019163,1,4,landing,1.1457668542861938,0.34877029061317444,0.3730195959409078,0.2114509791135788,0.1557324379682541,0.20658965408802032,0,0.6104797720909119,4.389465579986572,0,0,0,68,0.2743379871050517,0.2354171872138977,1,0,0
2026-07-06T02:24:27.772195,558,4,soft_center_range_marl,-17457.348886614465,1,4,landing,1.2275218963623047,0.4009951055049896,0.40371598800023395,0.2222035974264145,0.1573575884103775,0.2112395167350769,0,0.6028723120689392,4.448060760498047,0,0,0,67,0.347586731115977,0.30955198407173157,1,0,0
2026-07-06T02:24:32.849997,559,4,soft_center_range_marl,-33848.57954167241,0,2,triangle_to_goal_obstacle,1.273217797279358,0.47024884819984436,0.3998002807299296,0.020290551707148552,0.14135342836380005,0.20523719489574432,0,0.605397641658783,4.55410982131958,0,0,0,68,0.36430996656417847,0.34598198533058167,1,0,0
2026-07-06T02:24:37.170402,560,4,soft_center_range_marl,55105.39458161111,1,4,landing,0.7909142374992371,0.13248999416828156,0.15896356105804443,0.1593661904335022,0.14944832026958466,0.21344846487045288,0,0.9044373035430908,3.8896243667602537,0,0,0,84,0.053485353787740074,0.06767890602350235,1,0,1
2026-07-06T02:24:41.164629,561,4,soft_center_range_marl,42473.76633594032,1,4,landing,0.9198009967803955,0.20589075982570648,0.24608677625656128,0.1864299774169922,0.152337908744812,0.2198110967874527,0,0.7825540900230408,4.064211616516113,0,0,0,77,0.12715397278467813,0.09675097465515137,1,0,1
2026-07-06T02:24:44.962650,562,4,soft_center_range_marl,21730.753763549557,1,4,landing,1.0104990005493164,0.26125478744506836,0.30027981599171955,0.1903754025697708,0.1547580510377884,0.2032880038022995,0,0.7169774174690247,4.199041137695312,0,0,0,74,0.14746612310409546,0.1113666519522667,1,0,0
2026-07-06T02:24:48.686844,563,4,soft_center_range_marl,12093.933354692927,1,4,landing,1.0811160802841187,0.2967338263988495,0.33523062864939374,0.20476050674915314,0.15511417388916016,0.20376330614089966,0,0.6624453663825989,4.314726600646972,0,0,0,71,0.17912214994430542,0.14069795608520508,1,0,0
2026-07-06T02:24:52.440868,564,4,soft_center_range_marl,-6654.360409408453,1,4,landing,1.1807504892349243,0.3704890012741089,0.3914085030555725,0.2159091681241989,0.15652932226657867,0.21107251942157745,0,0.60722416639328,4.387740383148193,0,0,0,66,0.2896190285682678,0.24067099392414093,1,0,0
2026-07-06T02:24:56.168950,565,4,soft_center_range_marl,-15992.560231650776,1,4,landing,1.236116647720337,0.4152073860168457,0.3940652012825012,0.21891696751117706,0.15680532157421112,0.204156756401062,0,0.5859848260879517,4.481928119659424,0,0,0,67,0.33032097419102985,0.2933754026889801,1,0,0
2026-07-06T02:25:01.482344,566,4,soft_center_range_marl,-28599.41670985484,0,3,goal_hover,1.2703255414962769,0.4699842035770416,0.3998154401779175,0.015003698877990246,0.13899444043636322,0.2673393189907074,0,0.5990626811981201,4.54352689743042,0,0,0,66,0.34828607241312665,0.3217976987361908,1,0,0
2026-07-06T02:25:06.104382,567,4,soft_center_range_marl,58516.599933606165,1,4,landing,0.7852086424827576,0.12545517086982727,0.15265222390492758,0.16470910608768463,0.15024107694625854,0.22196020185947418,0,0.9372996091842651,3.8423612213134763,0,0,0,84,0.03952852884928385,0.027754580602049828,1,0,1
2026-07-06T02:25:10.205041,568,4,soft_center_range_marl,48108.76093482178,1,4,landing,0.8731004595756531,0.1769813895225525,0.21250150601069132,0.17544050514698029,0.15194478631019592,0.2255576252937317,0,0.8194380402565002,3.9991185760498045,0,0,0,79,0.07266585032145183,0.0692872628569603,1,0,1
2026-07-06T02:25:14.075190,569,4,soft_center_range_marl,1916.3641909822325,1,4,landing,1.0104713439941406,0.2605839967727661,0.2981886665026347,0.19324254989624023,0.1540921926498413,0.21115072071552277,0,0.7315952181816101,4.15543867111206,0,0,0,72,0.2137888471285502,0.175912544131279,1,0,0
2026-07-06T02:25:17.880788,570,4,soft_center_range_marl,18842.754397452245,1,4,landing,1.0560399293899536,0.2824539840221405,0.32353659470876056,0.2068997025489807,0.15439924597740173,0.20183660089969635,0,0.6769949197769165,4.228823432922363,0,0,0,71,0.16501118739446005,0.12186969071626663,1,0,0
2026-07-06T02:25:21.746532,571,4,soft_center_range_marl,-11584.50910779944,1,4,landing,1.188926339149475,0.37450072169303894,0.38148220380147296,0.2116512656211853,0.15657946467399597,0.20678259432315826,0,0.6291528344154358,4.440448532104492,0,0,0,68,0.3101496696472168,0.2740161120891571,1,0,0
2026-07-06T02:25:25.729173,572,4,soft_center_range_marl,-10181.43310311409,1,4,landing,1.1902117729187012,0.3739830553531647,0.37811561425526935,0.21018493175506592,0.15668898820877075,0.21693579852581024,0,0.5931052565574646,4.411092052459717,0,0,0,69,0.28087522586186725,0.24134379625320435,1,0,0
2026-07-06T02:25:30.997250,573,4,soft_center_range_marl,-36133.31856855219,0,2,triangle_to_goal_obstacle,1.2672315835952759,0.47206899523735046,0.3997000455856323,0.025873159989714622,0.14031241834163666,0.18972885608673096,0,0.5933067202568054,4.542820701599121,0,0,0,68,0.3831706643104553,0.35937538743019104,1,0,0
2026-07-06T02:25:35.787779,574,4,soft_center_range_marl,57596.027870196885,1,4,landing,0.7706370949745178,0.11755397170782089,0.14119811852773032,0.16230536997318268,0.14847737550735474,0.23489397764205933,0,0.9463622570037842,3.839790115356445,0,0,0,85,0.06847349802652995,0.07395168393850327,1,0,1
2026-07-06T02:25:40.560119,575,4,soft_center_range_marl,42616.55844781299,1,4,landing,0.9178364872932434,0.20232021808624268,0.24208706617355347,0.17410127818584442,0.15166442096233368,0.23214919865131378,0,0.8158085346221924,4.047647247314453,0,0,0,78,0.1278556783994039,0.09472054243087769,1,0,1
2026-07-06T02:25:44.470495,576,4,soft_center_range_marl,43297.44528354732,1,4,landing,0.9904255867004395,0.24711208045482635,0.28728501001993817,0.19937686622142792,0.15315572917461395,0.22900445759296417,0,0.7659699320793152,4.104677925109863,0,0,0,74,0.10810232162475586,0.0741589292883873,1,0,0
2026-07-06T02:25:48.460478,577,4,soft_center_range_marl,-3606.42367567733,1,4,landing,1.0974984169006348,0.3163377046585083,0.34420212109883624,0.21452343463897705,0.15426290035247803,0.22104597091674805,0,0.6838311553001404,4.277369270324707,0,0,0,71,0.2536410888036092,0.2079746127128601,1,0,0
2026-07-06T02:25:52.535044,578,4,soft_center_range_marl,-8021.140240855049,1,4,landing,1.136116862297058,0.3425796329975128,0.3614780306816101,0.20507968962192535,0.15610764920711517,0.20136773586273193,0,0.6552268266677856,4.3056042289733885,0,0,0,69,0.26805466413497925,0.2263191193342209,1,0,0
2026-07-06T02:25:56.417747,579,4,soft_center_range_marl,-7694.146352704802,1,4,landing,1.1588255167007446,0.362322598695755,0.37258201837539673,0.21425457298755646,0.15500681102275848,0.238125279545784,0,0.6409716010093689,4.35871244430542,0,0,0,66,0.284239927927653,0.245155468583107,1,0,0
2026-07-06T02:26:00.581110,580,4,soft_center_range_marl,-17210.903373620342,1,4,landing,1.2606605291366577,0.42323049902915955,0.3954624931017558,0.2222750186920166,0.15601883828639984,0.21124596893787384,0,0.6049368381500244,4.48870397567749,0,0,0,65,0.35688791672388714,0.319330632686615,1,0,0
2026-07-06T02:26:06.061153,581,4,soft_center_range_marl,-39097.73183035267,0,2,triangle_to_goal_obstacle,1.2717000246047974,0.47560906410217285,0.40030886729558307,0.016152391210198402,0.13810314238071442,0.1890278309583664,0,0.5940735340118408,4.548586139678955,0,0,0,67,0.39253342151641846,0.4049815237522125,1,0,0
2026-07-06T02:26:10.497269,582,4,soft_center_range_marl,54258.59862817458,1,4,landing,0.7995061874389648,0.13687758147716522,0.16474491357803345,0.1648358404636383,0.15019087493419647,0.2276015281677246,0,0.9003978371620178,3.9009926414489744,0,0,0,84,0.0600281556447347,0.06770414859056473,1,0,1
2026-07-06T02:26:14.598054,583,4,soft_center_range_marl,-1640.0580653947386,1,4,landing,0.9607195854187012,0.22618091106414795,0.2739291787147522,0.18578819930553436,0.15353238582611084,0.21986974775791168,0,0.7638811469078064,4.084377536773681,0,0,0,77,0.23320215940475464,0.18269813060760498,1,0,0
2026-07-06T02:26:18.683892,584,4,soft_center_range_marl,45437.799661312834,1,4,landing,0.9890977740287781,0.24580742418766022,0.29325807094573975,0.20199792087078094,0.15343895554542542,0.19679491221904755,0,0.7349276542663574,4.124896774291992,0,0,0,74,0.06593012809753418,0.058968111872673035,1,0,0
2026-07-06T02:26:22.637799,585,4,soft_center_range_marl,2729.926056381517,1,4,landing,1.0991160869598389,0.31347712874412537,0.341802716255188,0.21876418590545654,0.15396957099437714,0.22213204205036163,0,0.6607697010040283,4.3042614555358885,0,0,0,71,0.22513437271118164,0.18395650386810303,1,0,0
2026-07-06T02:26:26.790852,586,4,soft_center_range_marl,-6077.294997795625,1,4,landing,1.151611089706421,0.35516035556793213,0.36906222502390545,0.21439476311206818,0.15629151463508606,0.23097984492778778,0,0.6449251770973206,4.371573219299316,0,0,0,67,0.26142563422520954,0.22162508964538574,1,0,0
2026-07-06T02:26:31.097488,587,4,soft_center_range_marl,-14099.844426083117,1,4,landing,1.2196598052978516,0.4018639028072357,0.38965141773223877,0.2235986441373825,0.15590977668762207,0.2199028581380844,0,0.6047713756561279,4.4689438438415525,0,0,0,68,0.32314157485961914,0.28839609026908875,1,0,0
2026-07-06T02:26:36.583042,588,4,soft_center_range_marl,-33443.640732685904,0,2,triangle_to_goal_obstacle,1.2748199701309204,0.4766082763671875,0.39940200249354046,0.021984459832310677,0.1393718719482422,0.17393173277378082,0,0.6067191958427429,4.557426223754883,0,0,0,67,0.3707349896430969,0.34142351150512695,1,0,0
2026-07-06T02:26:41.013401,589,4,soft_center_range_marl,58259.83949167686,1,4,landing,0.782800018787384,0.1262006312608719,0.1544947624206543,0.16770602762699127,0.14864011108875275,0.2343779355287552,0,0.9437023401260376,3.8576490974426267,0,0,0,84,0.03352220853169759,0.05476869270205498,1,0,1
2026-07-06T02:26:45.104795,590,4,soft_center_range_marl,50074.08548745684,1,4,landing,0.8836625814437866,0.17771053314208984,0.21396942933400473,0.18523822724819183,0.15196603536605835,0.21808259189128876,0,0.8490506410598755,3.971429119110107,0,0,0,79,0.06151115894317627,0.04771576449275017,1,0,1
2026-07-06T02:26:49.093647,591,4,soft_center_range_marl,2459.762036466942,1,4,landing,1.0209534168243408,0.2659597098827362,0.3089784582455953,0.19393771886825562,0.15445229411125183,0.21328262984752655,0,0.7162607908248901,4.169870624542236,0,0,0,73,0.23052052656809488,0.1926029920578003,1,0,0
2026-07-06T02:26:52.993654,592,4,soft_center_range_marl,-2596.3868369390148,1,4,landing,1.085869312286377,0.30945631861686707,0.33844014008839923,0.210829496383667,0.1536330133676529,0.2266349047422409,0,0.6733340620994568,4.259268531799316,0,0,0,72,0.24195748567581177,0.19967041909694672,1,0,0
2026-07-06T02:26:56.785514,593,4,soft_center_range_marl,-9642.186353205036,1,4,landing,1.15555739402771,0.3589896857738495,0.37093180418014526,0.21183300018310547,0.15549308061599731,0.1964414119720459,0,0.6518833637237549,4.333242664337158,0,0,0,69,0.29983540376027423,0.2548176944255829,1,0,0
2026-07-06T02:27:00.821834,594,4,soft_center_range_marl,-13675.705163996337,1,4,landing,1.1683311462402344,0.3683943748474121,0.3782804210980733,0.21016788482666016,0.15536858141422272,0.2181219458580017,0,0.6214438080787659,4.3721506690979,0,0,0,67,0.3262545665105184,0.28395578265190125,1,0,0
2026-07-06T02:27:04.844250,595,4,soft_center_range_marl,-18087.875826106712,1,4,landing,1.2376784086227417,0.4095127284526825,0.39199477434158325,0.22733168303966522,0.15607821941375732,0.23037855327129364,0,0.6127954125404358,4.4609177207946775,0,0,0,67,0.3421666423479716,0.3129914104938507,1,0,0
2026-07-06T02:27:09.904094,596,4,soft_center_range_marl,-37805.94529527195,0,2,triangle_to_goal_obstacle,1.2705851793289185,0.46913397312164307,0.39984333515167236,0.019113263115286827,0.13761448860168457,0.17886556684970856,0,0.6007790565490723,4.553293952941894,0,0,0,66,0.37868491808573407,0.3731323182582855,1,0,0
2026-07-06T02:27:14.273793,597,4,soft_center_range_marl,39229.2543645661,1,4,landing,0.7731860876083374,0.1503283828496933,0.1537410020828247,0.16865764558315277,0.14600186049938202,0.2379767894744873,0,0.8745965957641602,3.91482759475708,0,0,0,84,0.1394486427307129,0.1603071093559265,1,0,1
2026-07-06T02:27:18.306599,598,4,soft_center_range_marl,50218.59159592239,1,4,landing,0.8937270641326904,0.18306446075439453,0.21978221337000528,0.1929040551185608,0.152651846408844,0.22323428094387054,0,0.84893399477005,3.9925053215026853,0,0,0,80,0.05669530232747396,0.04288977384567261,1,0,1
2026-07-06T02:27:22.597760,599,4,soft_center_range_marl,25193.526247901584,1,4,landing,0.9932940006256104,0.24663563072681427,0.28717611233393353,0.19467605650424957,0.15404634177684784,0.21620936691761017,0,0.72376549243927,4.207638988494873,0,0,0,73,0.14541898171106973,0.12745113670825958,1,0,0
2026-07-06T02:27:26.268001,600,4,soft_center_range_marl,5655.167743921629,1,4,landing,1.0903573036193848,0.30659979581832886,0.337463915348053,0.21472497284412384,0.15493066608905792,0.21655331552028656,0,0.6921100616455078,4.2512242889404295,0,0,0,70,0.21200595299402872,0.16961342096328735,1,0,0
2026-07-06T02:27:29.834909,601,4,soft_center_range_marl,5510.172846534813,1,4,landing,1.1280032396316528,0.3368840217590332,0.357926607131958,0.2135869711637497,0.15477688610553741,0.20702986419200897,0,0.6655949950218201,4.285112152099609,0,0,0,69,0.21207829316457114,0.17108334600925446,1,0,0
2026-07-06T02:27:33.438247,602,4,soft_center_range_marl,-12417.01116529487,1,4,landing,1.1938743591308594,0.3787873685359955,0.3804854154586792,0.22616159915924072,0.15544933080673218,0.20318813621997833,0,0.631641685962677,4.438300857543945,0,0,0,66,0.3062266906102498,0.2678646743297577,1,0,0
2026-07-06T02:27:37.111371,603,4,soft_center_range_marl,-16018.09559934627,1,4,landing,1.2447720766067505,0.4162868559360504,0.3938554922739665,0.22134573757648468,0.1574668437242508,0.21297259628772736,0,0.6177181005477905,4.445431480407715,0,0,0,66,0.3476809461911519,0.3088018596172333,1,0,0
2026-07-06T02:27:40.796635,604,4,soft_center_range_marl,-16932.30384872337,1,4,landing,1.2279362678527832,0.4067956507205963,0.39103172222773236,0.21435248851776123,0.15646611154079437,0.19557051360607147,0,0.6010193824768066,4.4292686080932615,0,0,0,66,0.3602508107821147,0.32661911845207214,1,0,0
2026-07-06T02:27:45.522578,605,4,soft_center_range_marl,-29627.88804647047,0,3,goal_hover,1.2711946964263916,0.4769437313079834,0.4057500163714091,0.02413964457809925,0.13987262547016144,0.24000513553619385,0,0.5954535603523254,4.554206619262695,0,0,0,65,0.3583308657010396,0.3281952440738678,1,0,0
2026-07-06T02:27:49.571918,606,4,soft_center_range_marl,56208.30438759777,1,4,landing,0.788523256778717,0.12025899440050125,0.1478885014851888,0.16190870106220245,0.15074972808361053,0.21695615351200104,0,0.9564640522003174,3.7763431167602537,0,0,0,86,0.04646905263264974,0.052263081073760986,1,0,1
2026-07-06T02:27:53.379941,607,4,soft_center_range_marl,17552.98745419916,1,4,landing,0.9220498204231262,0.20435579121112823,0.24485119183858237,0.18759973347187042,0.1520761102437973,0.20034247636795044,0,0.8108903765678406,3.9612486457824705,0,0,0,77,0.1560665170351664,0.12436434626579285,1,0,1
2026-07-06T02:27:57.025227,608,4,soft_center_range_marl,22413.37054627626,1,4,landing,0.9968675374984741,0.2448478788137436,0.2837688128153483,0.20992998778820038,0.15383411943912506,0.18726177513599396,0,0.7503472566604614,4.143304119110107,0,0,0,73,0.1625150442123413,0.11958897113800049,1,0,0
2026-07-06T02:28:00.636412,609,4,soft_center_range_marl,21625.64800535945,1,4,landing,1.0755976438522339,0.29567262530326843,0.32920020818710327,0.21036364138126373,0.15331850945949554,0.19884377717971802,0,0.7095779180526733,4.193780193328857,0,0,0,70,0.1576921542485555,0.11065847426652908,1,0,0
2026-07-06T02:28:04.228030,610,4,soft_center_range_marl,-13494.51743384957,1,4,landing,1.1909223794937134,0.3849612772464752,0.404548982779185,0.20794431865215302,0.15559698641300201,0.20209459960460663,0,0.6069305539131165,4.382694969177246,0,0,0,68,0.318140168984731,0.28258979320526123,1,0,0
2026-07-06T02:28:08.908048,611,4,soft_center_range_marl,-38796.18312856717,0,2,triangle_to_goal_obstacle,1.2694265842437744,0.4727562963962555,0.4061564604441325,0.02680562250316143,0.13950514793395996,0.16749078035354614,0,0.5921109318733215,4.548856029510498,0,0,0,67,0.3882851203282674,0.39376914501190186,1,0,0
2026-07-06T02:28:12.889473,612,4,soft_center_range_marl,55687.713852164496,1,4,landing,0.777776837348938,0.12239257246255875,0.14639705419540405,0.1597280502319336,0.1486629843711853,0.2230769842863083,0,0.9145461916923523,3.8507115936279295,0,0,0,84,0.07210393746693929,0.0754205659031868,1,0,1
2026-07-06T02:28:16.694665,613,4,soft_center_range_marl,50412.084204347404,1,4,landing,0.8759941458702087,0.17845724523067474,0.22071572144826254,0.1691662073135376,0.15014110505580902,0.22449558973312378,0,0.8660642504692078,3.9661381340026853,0,0,0,78,0.05798804759979248,0.04455365613102913,1,0,1
2026-07-06T02:28:20.300181,614,4,soft_center_range_marl,22342.781320755785,1,4,landing,1.007146954536438,0.26145997643470764,0.3003791769345601,0.19971533119678497,0.1525769978761673,0.22357594966888428,0,0.7055790424346924,4.203406105041504,0,0,0,73,0.16460655132929483,0.13288255035877228,1,0,0
2026-07-06T02:28:23.814726,615,4,soft_center_range_marl,10940.971885187144,1,4,landing,1.0702464580535889,0.2988256514072418,0.3351455529530843,0.20752841234207153,0.15514318645000458,0.20733068883419037,0,0.6471517086029053,4.283384571075439,0,0,0,70,0.18389163414637247,0.14710308611392975,1,0,0
2026-07-06T02:28:27.283145,616,4,soft_center_range_marl,-825.1231301982584,1,4,landing,1.1331017017364502,0.33496013283729553,0.36287269989649457,0.2186276912689209,0.15580205619335175,0.18430489301681519,0,0.6580906510353088,4.287054786682129,0,0,0,68,0.23754252990086874,0.18937885761260986,1,0,0
2026-07-06T02:28:30.798752,617,4,soft_center_range_marl,-11853.977344614272,1,4,landing,1.20106041431427,0.3901945650577545,0.39676856994628906,0.22540748119354248,0.15548597276210785,0.20557594299316406,0,0.589404821395874,4.4206955528259275,0,0,0,66,0.29733606179555255,0.25947728753089905,1,0,0
2026-07-06T02:28:35.460617,618,4,soft_center_range_marl,-32848.37778006751,0,3,goal_hover,1.272692084312439,0.4708743095397949,0.39977359771728516,0.022636929526925087,0.14000765979290009,0.24462737143039703,0,0.6016287803649902,4.548333415985107,0,0,0,66,0.3719857732454936,0.36037030816078186,1,0,0
2026-07-06T02:28:39.500851,619,4,soft_center_range_marl,58731.96492952925,1,4,landing,0.7737708687782288,0.11979934573173523,0.14882622162501016,0.16261787712574005,0.14948134124279022,0.2209639996290207,0,0.9826318621635437,3.8006765937805174,0,0,0,85,0.04015652338663737,0.037774957716464996,1,0,1
2026-07-06T02:28:43.257195,620,4,soft_center_range_marl,22185.58916693304,1,4,landing,0.9284048080444336,0.20659630000591278,0.250428040822347,0.18967288732528687,0.15301966667175293,0.21524657309055328,0,0.8201106786727905,4.029003868103027,0,0,0,78,0.15386492013931274,0.11587009578943253,1,0,1
2026-07-06T02:28:46.971463,621,4,soft_center_range_marl,22315.652528932937,1,4,landing,1.004602074623108,0.2535336911678314,0.2915765047073364,0.2044357806444168,0.15457464754581451,0.21096523106098175,0,0.7277622818946838,4.151898155212402,0,0,0,74,0.15665670235951742,0.11948009580373764,1,0,0
2026-07-06T02:28:50.556609,622,4,soft_center_range_marl,37607.669663185676,1,4,landing,1.0523954629898071,0.2838536500930786,0.32823793093363446,0.19826342165470123,0.15338478982448578,0.17633479833602905,0,0.6941812634468079,4.2183053588867185,0,0,0,70,0.12223275502522786,0.09527047723531723,1,0,0
2026-07-06T02:28:54.166746,623,4,soft_center_range_marl,-12865.368671402992,1,4,landing,1.1966536045074463,0.3832224905490875,0.3888961871465047,0.2223919779062271,0.15566889941692352,0.19825558364391327,0,0.6175951361656189,4.4196579551696775,0,0,0,67,0.32405249277750653,0.29037895798683167,1,0,0
2026-07-06T02:28:58.840527,624,4,soft_center_range_marl,-35956.19971578186,0,2,triangle_to_goal_obstacle,1.2670001983642578,0.47323933243751526,0.39962995052337646,0.021258316934108734,0.13967235386371613,0.1809500902891159,0,0.6074397563934326,4.548371086120605,0,0,0,66,0.38653671741485596,0.3812304735183716,1,0,0
2026-07-06T02:29:03.004982,625,4,soft_center_range_marl,43812.072754283974,1,4,landing,0.7595364451408386,0.12379302829504013,0.13900931676228842,0.16503554582595825,0.14637993276119232,0.22851882874965668,0,0.9320831298828125,3.8557589149475096,0,0,0,85,0.1369598706563314,0.12859632074832916,1,0,1
2026-07-06T02:29:06.964476,626,4,soft_center_range_marl,24813.833458885863,1,4,landing,0.9231643676757812,0.20332056283950806,0.24468588829040527,0.19368351995944977,0.15369953215122223,0.2284286767244339,0,0.7796033024787903,4.108272323608398,0,0,0,77,0.14051491022109985,0.14083297550678253,1,0,1
2026-07-06T02:29:10.693972,627,4,soft_center_range_marl,38077.64406768886,1,4,landing,0.9882544279098511,0.24594970047473907,0.2845314343770345,0.20115262269973755,0.15337328612804413,0.19719623029232025,0,0.7628506422042847,4.1463205909729,0,0,0,73,0.13497686386108398,0.0962681770324707,1,0,0
2026-07-06T02:29:14.315405,628,4,soft_center_range_marl,8403.378664435613,1,4,landing,1.0887483358383179,0.3067176342010498,0.337096373240153,0.2157912254333496,0.15457689762115479,0.18974749743938446,0,0.681861162185669,4.300272712707519,0,0,0,69,0.2084084947903951,0.17161734402179718,1,0,0
2026-07-06T02:29:17.915039,629,4,soft_center_range_marl,5158.512982281272,1,4,landing,1.1201412677764893,0.3218957483768463,0.34835827350616455,0.22263626754283905,0.15511931478977203,0.18991456925868988,0,0.6698763370513916,4.321651229858398,0,0,0,66,0.23559778928756714,0.19730786979198456,1,0,0
2026-07-06T02:29:21.634764,630,5,soft_center_plus_range_marl,-6434.990962430409,1,4,landing,1.1831963062286377,0.36929142475128174,0.3765523433685303,0.21971769630908966,0.15567879378795624,0.17596156895160675,0,0.6107926964759827,4.417139301300049,0,0,0,65,0.28762030601501465,0.23889370262622833,1,0,0
2026-07-06T02:29:25.276903,631,5,soft_center_plus_range_marl,-45143.10648924083,0,2,triangle_to_goal_obstacle,2.897946834564209,0.4946501553058624,0.6923562288284302,0.37185391783714294,0.12506334483623505,0.5143170952796936,0,1.182228446006775,-9.775698184966153e-05,1,1,1,81,0.6923562288284302,0.4946501553058624,0,1,0
2026-07-06T02:29:30.385772,632,5,soft_center_plus_range_marl,-76508.60944842348,0,2,triangle_to_goal_obstacle,0.23228713870048523,0.2144443541765213,0.2967511812845866,0.021366305649280548,0.15044979751110077,0.32809409499168396,0,1.2169965505599976,2.98998571395874,0,0,0,143,1.0289072593053181,0.7257795333862305,1,0,0
2026-07-06T02:29:35.527663,633,5,soft_center_plus_range_marl,-12211.669637477626,0,4,landing,0.7090663909912109,0.09807542711496353,0.11790970961252849,0.21318519115447998,0.1644079089164734,0.21019800007343292,0,1.0140334367752075,3.6966476535797117,0,0,0,119,0.5155663092931112,0.3714659512042999,1,0,1
2026-07-06T02:29:39.876805,634,5,soft_center_plus_range_marl,35017.63173425608,1,4,landing,0.8292564153671265,0.14975430071353912,0.18362784385681152,0.16080836951732635,0.1555117517709732,0.21609079837799072,0,0.9072323441505432,3.8885281181335447,0,0,0,108,0.1749338706334432,0.13051623106002808,1,0,1
2026-07-06T02:29:43.977639,635,5,soft_center_plus_range_marl,43077.15433219793,1,4,landing,0.8867118954658508,0.1843358427286148,0.2222802440325419,0.18216943740844727,0.15728306770324707,0.22098331153392792,0,0.8632702231407166,3.9413635826110838,0,0,0,100,0.11950516700744629,0.09198630601167679,1,0,1
2026-07-06T02:29:46.163497,636,5,soft_center_plus_range_marl,7647.610927126265,0,2,triangle_to_goal_obstacle,2.990994453430176,0.08104686439037323,0.08031423886617024,0.7007301449775696,0.1658906787633896,0.34434974193573,0,1.0379523038864136,0.030420610904693612,0,0,1,68,0.12637261549631754,0.09240853041410446,0,1,0
2026-07-06T02:29:49.996180,637,5,soft_center_plus_range_marl,39493.88590034211,1,4,landing,0.9777124524116516,0.2333812564611435,0.27348711093266803,0.20228677988052368,0.1597464233636856,0.20129625499248505,0,0.7980496883392334,4.083282241821289,0,0,0,91,0.10394589106241862,0.08468475192785263,1,0,0
2026-07-06T02:29:53.970489,638,5,soft_center_plus_range_marl,-26905.1880808441,1,4,landing,1.1794449090957642,0.37474262714385986,0.3793221314748128,0.19447243213653564,0.16141493618488312,0.20092105865478516,0,0.6369538903236389,4.4144065475463865,0,0,0,82,0.35003966093063354,0.32389941811561584,1,0,0
2026-07-06T02:29:57.766958,639,5,soft_center_plus_range_marl,-17492.487663351305,1,4,landing,1.1569099426269531,0.3536602258682251,0.36825811862945557,0.20543193817138672,0.16272996366024017,0.20521695911884308,0,0.6467524766921997,4.359885463714599,0,0,0,86,0.3062930504480998,0.2578955888748169,1,0,0
2026-07-06T02:29:59.822712,640,5,soft_center_plus_range_marl,-26891.548703409142,0,2,triangle_to_goal_obstacle,2.8913261890411377,0.2920304238796234,0.23089540004730225,0.6482216119766235,0.16904032230377197,0.2908189296722412,0,0.6959556341171265,0.032104352712631234,0,0,1,92,0.3392678697903951,0.2920304238796234,0,1,0
2026-07-06T02:30:03.419874,641,5,soft_center_plus_range_marl,-5598.091945891905,1,4,landing,1.1456290483474731,0.3462137281894684,0.36396809418996173,0.215762659907341,0.16144974529743195,0.20032978057861328,0,0.6483150720596313,4.38114143371582,0,0,0,83,0.23056272665659586,0.1911366730928421,1,0,0
2026-07-06T02:30:07.198013,642,5,soft_center_plus_range_marl,-10005.00854630295,1,4,landing,1.1416029930114746,0.34146127104759216,0.3629484971364339,0.1947416216135025,0.1616867035627365,0.21317553520202637,0,0.6478371620178223,4.321042308807373,0,0,0,84,0.2551460266113281,0.20427747070789337,1,0,0
2026-07-06T02:30:10.975647,643,5,soft_center_plus_range_marl,-10499.305757174407,1,4,landing,1.1515594720840454,0.3517909049987793,0.36737151940663654,0.21049456298351288,0.1611161231994629,0.20157180726528168,0,0.6683186292648315,4.298522720336914,0,0,0,84,0.25866955518722534,0.2183670997619629,1,0,0
2026-07-06T02:30:13.064934,644,5,soft_center_plus_range_marl,-21970.959066191037,0,2,triangle_to_goal_obstacle,2.910740375518799,0.23792724311351776,0.2065638303756714,0.7329940795898438,0.18078382313251495,0.2909834086894989,0,0.7453831434249878,0.021698782444000253,0,0,1,81,0.29469748338063556,0.23792724311351776,0,1,0
2026-07-06T02:30:14.962818,645,5,soft_center_plus_range_marl,-10398.70943527297,0,2,triangle_to_goal_obstacle,3.1535022258758545,0.1339486688375473,0.17460880676905313,0.690739631652832,0.15745395421981812,0.3408344089984894,0,0.9070855975151062,0.03141582965850831,0,0,1,55,0.21531665325164795,0.1681102067232132,0,1,0
2026-07-06T02:30:16.917827,646,5,soft_center_plus_range_marl,5164.082554431696,0,2,triangle_to_goal_obstacle,2.750675916671753,0.2397320717573166,0.20858712991078696,0.7010045647621155,0.16506057977676392,0.3245823383331299,0,1.0689467191696167,0.025266180038452157,0,0,1,84,0.20858712991078696,0.2397320717573166,0,1,0
2026-07-06T02:30:20.487797,647,5,soft_center_plus_range_marl,37645.87796148711,1,4,landing,1.1031612157821655,0.31300976872444153,0.34289151430130005,0.21525852382183075,0.16241955757141113,0.21053992211818695,0,0.6837456226348877,4.205667743682861,0,0,0,83,0.07213298479715984,0.08800321072340012,1,0,0
2026-07-06T02:30:22.457369,648,5,soft_center_plus_range_marl,-15861.516394336348,0,2,triangle_to_goal_obstacle,3.082951307296753,0.19127000868320465,0.17700769503911337,0.6715213656425476,0.159577414393425,0.2918436825275421,0,0.8115221858024597,0.028753975629806527,0,0,1,65,0.2559111714363098,0.2070036381483078,0,1,0
2026-07-06T02:30:24.517278,649,5,soft_center_plus_range_marl,-12374.346078825507,0,2,triangle_to_goal_obstacle,2.650857448577881,0.26249971985816956,0.2820958097775777,0.7532555460929871,0.17283768951892853,0.2963574230670929,0,0.8792827725410461,0.021549025774002084,0,0,1,96,0.2820958097775777,0.26249971985816956,0,1,0
2026-07-06T02:30:28.088730,650,5,soft_center_plus_range_marl,34782.6673522266,1,4,landing,1.0973215103149414,0.31260812282562256,0.34269795815149945,0.21253423392772675,0.1617337465286255,0.20064836740493774,0,0.6855403780937195,4.200958976745605,0,0,0,80,0.11462008953094482,0.09956473112106323,1,0,0
2026-07-06T02:30:31.782195,651,5,soft_center_plus_range_marl,-2674.1754563788004,1,4,landing,1.1428457498550415,0.3401181697845459,0.36019325256347656,0.2098866105079651,0.16151933372020721,0.21084606647491455,0,0.6498246192932129,4.282790431976318,0,0,0,81,0.23031661907831827,0.165275439620018,1,0,0
2026-07-06T02:30:35.527482,652,5,soft_center_plus_range_marl,-13258.224671813236,1,4,landing,1.1544225215911865,0.34768423438072205,0.36551066239674884,0.21250933408737183,0.16202116012573242,0.21758341789245605,0,0.662613570690155,4.272612342834472,0,0,0,84,0.2681235472361247,0.22485379874706268,1,0,0
2026-07-06T02:30:39.330011,653,5,soft_center_plus_range_marl,-16291.44722992838,1,4,landing,1.1478853225708008,0.34674957394599915,0.36426957448323566,0.20484274625778198,0.1616176962852478,0.2028898000717163,0,0.6609374284744263,4.3279526329040525,0,0,0,84,0.29651759068171185,0.2586379647254944,1,0,0
2026-07-06T02:30:43.140329,654,5,soft_center_plus_range_marl,-17433.62166262215,1,4,landing,1.1817278861999512,0.3721825182437897,0.37771254777908325,0.2150314599275589,0.16185490787029266,0.19203703105449677,0,0.6262037754058838,4.37403751373291,0,0,0,86,0.3171987334887187,0.2711489200592041,1,0,0
2026-07-06T02:30:46.984138,655,5,soft_center_plus_range_marl,-23200.706955089438,1,4,landing,1.1810942888259888,0.3683095872402191,0.37650102376937866,0.20434415340423584,0.16176541149616241,0.1971215009689331,0,0.6334088444709778,4.366228351593017,0,0,0,83,0.33541013797124225,0.3021683096885681,1,0,0
2026-07-06T02:30:49.039142,656,5,soft_center_plus_range_marl,-23350.710184342497,0,2,triangle_to_goal_obstacle,2.9739081859588623,0.24685871601104736,0.2093425194422404,0.6802644729614258,0.1624692678451538,0.2805992662906647,0,0.7442930936813354,0.025466004610061654,0,0,1,81,0.32282455762227374,0.25969600677490234,0,1,0
2026-07-06T02:30:50.976276,657,5,soft_center_plus_range_marl,-9328.104330119055,0,2,triangle_to_goal_obstacle,3.077012777328491,0.1189417913556099,0.1487803856531779,0.6994644999504089,0.1655057668685913,0.32261720299720764,0,0.9472543001174927,0.02811125874519349,0,0,1,63,0.20290913184483847,0.15364708006381989,0,1,0
2026-07-06T02:30:54.585394,658,5,soft_center_plus_range_marl,37977.40906296467,1,4,landing,1.1241151094436646,0.33149659633636475,0.35487059752146405,0.22609548270702362,0.162841796875,0.2075759917497635,0,0.6609132289886475,4.26931453704834,0,0,0,83,0.0910876989364624,0.07079077512025833,1,0,0
2026-07-06T02:30:56.510865,659,5,soft_center_plus_range_marl,-18195.03568993801,0,2,triangle_to_goal_obstacle,3.1721031665802,0.22973354160785675,0.2904318571090698,0.7248340249061584,0.1661144644021988,0.33911824226379395,0,0.7365844249725342,0.037758002281188974,0,0,1,55,0.3147549827893575,0.2500227689743042,0,1,0
2026-07-06T02:31:00.068284,660,5,soft_center_plus_range_marl,-509.6412794781231,1,4,landing,1.1703435182571411,0.35345855355262756,0.3683921694755554,0.2245420217514038,0.16324760019779205,0.21046705543994904,0,0.645975649356842,4.325534114837646,0,0,0,83,0.2111244002978007,0.1675858497619629,1,0,0
2026-07-06T02:31:03.727978,661,5,soft_center_plus_range_marl,7415.873660463244,1,4,landing,1.143018126487732,0.333622545003891,0.3568003972371419,0.20988889038562775,0.16094191372394562,0.2135915756225586,0,0.6621326208114624,4.231553802490234,0,0,0,84,0.18298596143722534,0.15360862016677856,1,0,0
2026-07-06T02:31:07.465316,662,5,soft_center_plus_range_marl,-13061.869810044223,1,4,landing,1.1623872518539429,0.35324999690055847,0.3680212100346883,0.21325910091400146,0.16159580647945404,0.21188409626483917,0,0.6589321494102478,4.317939529418945,0,0,0,84,0.2810048262278239,0.2413812279701233,1,0,0
2026-07-06T02:31:11.088327,663,5,soft_center_plus_range_marl,-8077.365993751775,1,4,landing,1.157322883605957,0.3525508940219879,0.3676408727963765,0.22142095863819122,0.16083495318889618,0.2434719204902649,0,0.6169635057449341,4.305873641967773,0,0,0,85,0.25077428420384723,0.20673257112503052,1,0,0
2026-07-06T02:31:14.983974,664,5,soft_center_plus_range_marl,-24837.447583705292,1,4,landing,1.1994214057922363,0.3844081461429596,0.3830483953158061,0.21522720158100128,0.16186602413654327,0.20366288721561432,0,0.623787522315979,4.387684116363525,0,0,0,85,0.34377918640772503,0.31279221177101135,1,0,0
2026-07-06T02:31:18.835177,665,5,soft_center_plus_range_marl,-20534.936359164385,1,4,landing,1.1748929023742676,0.36842235922813416,0.3827196756998698,0.20933091640472412,0.1605912744998932,0.22741486132144928,0,0.6279765963554382,4.346845874786377,0,0,0,85,0.31739646196365356,0.28077778220176697,1,0,0
2026-07-06T02:31:22.616118,666,5,soft_center_plus_range_marl,-16402.448417486026,1,4,landing,1.1708296537399292,0.3681451976299286,0.3757673700650533,0.20971016585826874,0.16104815900325775,0.21675336360931396,0,0.6337500810623169,4.345448741912842,0,0,0,84,0.3021722038586934,0.2586323916912079,1,0,0
2026-07-06T02:31:26.410823,667,5,soft_center_plus_range_marl,-13400.70180317344,1,4,landing,1.172619342803955,0.36200737953186035,0.3723146120707194,0.20490938425064087,0.1622876077890396,0.21563346683979034,0,0.6229091286659241,4.342364559173584,0,0,0,85,0.2901358405749003,0.24605035781860352,1,0,0
2026-07-06T02:31:30.193078,668,5,soft_center_plus_range_marl,-16828.223366278366,1,4,landing,1.1507776975631714,0.3488069474697113,0.3651275634765625,0.21527127921581268,0.16092568635940552,0.20884108543395996,0,0.6366393566131592,4.304683456420898,0,0,0,84,0.3004554907480876,0.26199769973754883,1,0,0
2026-07-06T02:31:33.984664,669,5,soft_center_plus_range_marl,-14442.569411434193,1,4,landing,1.15044105052948,0.35575053095817566,0.3684181173642476,0.21510088443756104,0.16018866002559662,0.21912018954753876,0,0.6242544054985046,4.308661231994629,0,0,0,88,0.2703719933827718,0.219399094581604,1,0,0
2026-07-06T02:31:36.095593,670,5,soft_center_plus_range_marl,-23011.062896938332,0,2,triangle_to_goal_obstacle,2.815246820449829,0.2833791673183441,0.20478244622548422,0.6887001395225525,0.16831596195697784,0.3023934066295624,0,0.7333124876022339,0.027141848802566537,0,0,1,88,0.2894989848136902,0.2833791673183441,0,1,0
2026-07-06T02:31:38.108122,671,5,soft_center_plus_range_marl,-14134.565557924358,0,2,triangle_to_goal_obstacle,2.877065896987915,0.23360024392604828,0.17822829882303873,0.6860845685005188,0.1680140644311905,0.33890071511268616,0,0.8254059553146362,0.02603075861930848,0,0,1,81,0.23341264327367148,0.23360024392604828,0,1,0
2026-07-06T02:31:41.648495,672,5,soft_center_plus_range_marl,34084.560938113405,1,4,landing,1.1333357095718384,0.3305594027042389,0.3550236423810323,0.21370208263397217,0.16098570823669434,0.2301035076379776,0,0.6566797494888306,4.2374422645568846,0,0,0,85,0.12013101577758789,0.09501951187849045,1,0,0
2026-07-06T02:31:43.543112,673,5,soft_center_plus_range_marl,-15832.659210555157,0,2,triangle_to_goal_obstacle,3.004182815551758,0.16325846314430237,0.13122902313868204,0.6853306889533997,0.1635766178369522,0.323744535446167,0,0.8823509812355042,0.02561087369918824,0,0,1,77,0.24136342604955038,0.190566286444664,0,1,0
2026-07-06T02:31:47.006579,674,5,soft_center_plus_range_marl,30950.108161020857,1,4,landing,1.126560091972351,0.3238183557987213,0.3498101035753886,0.22560358047485352,0.16357271373271942,0.18321187794208527,0,0.6788399815559387,4.268885383605957,0,0,0,83,0.13542779286702475,0.09650854021310806,1,0,0
2026-07-06T02:31:50.515013,675,5,soft_center_plus_range_marl,-3170.105221327842,1,4,landing,1.1350432634353638,0.33668577671051025,0.3592967987060547,0.21439512073993683,0.1631232351064682,0.19020336866378784,0,0.655930757522583,4.2364256477355955,0,0,0,86,0.21870831648508707,0.1703113317489624,1,0,0
2026-07-06T02:31:54.034524,676,5,soft_center_plus_range_marl,-9427.526298572167,1,4,landing,1.1111515760421753,0.31964245438575745,0.34914469718933105,0.2225487232208252,0.16084201633930206,0.22548846900463104,0,0.6266456246376038,4.138641128540039,0,0,0,124,0.24922102689743042,0.23458369076251984,1,0,0
2026-07-06T02:31:55.897218,677,5,soft_center_plus_range_marl,-18499.311914625065,0,2,triangle_to_goal_obstacle,3.1701784133911133,0.19598747789859772,0.25252793232599896,0.7264520525932312,0.16769379377365112,0.3481769561767578,0,0.7995191216468811,0.01912991166114808,0,0,1,60,0.3004222512245178,0.2361568957567215,0,1,0
2026-07-06T02:31:59.356869,678,5,soft_center_plus_range_marl,1658.6452284993893,1,4,landing,1.1490485668182373,0.3464833199977875,0.36446640888849896,0.22653734683990479,0.16247309744358063,0.214701846241951,0,0.6651928424835205,4.304770717620849,0,0,0,83,0.21540544430414835,0.17229032516479492,1,0,0
2026-07-06T02:32:02.939784,679,5,soft_center_plus_range_marl,-2338.5248493861745,1,4,landing,1.1294021606445312,0.32623377442359924,0.3518940607706706,0.2107391357421875,0.16319037973880768,0.2188965529203415,0,0.6758107542991638,4.249979267120361,0,0,0,85,0.21744946638743082,0.16575594246387482,1,0,0
2026-07-06T02:32:04.867353,680,5,soft_center_plus_range_marl,-12084.017721209453,0,2,triangle_to_goal_obstacle,3.0748393535614014,0.17370814085006714,0.1857564647992452,0.7780788540840149,0.15410421788692474,0.3308510482311249,0,0.8355425000190735,0.01634998083114625,0,0,1,60,0.2357254425684611,0.18462705612182617,0,1,0
2026-07-06T02:32:08.584893,681,5,soft_center_plus_range_marl,14013.43894722918,1,4,landing,1.1184561252593994,0.31738314032554626,0.3456079363822937,0.22139032185077667,0.16253215074539185,0.21598343551158905,0,0.6764542460441589,4.245336303710937,0,0,0,84,0.16428699096043906,0.12320888042449951,1,0,0
2026-07-06T02:32:12.240881,682,5,soft_center_plus_range_marl,1521.611788936319,1,4,landing,1.1413724422454834,0.3388921320438385,0.3596814076105754,0.21606101095676422,0.1609959751367569,0.209924578666687,0,0.6568552255630493,4.254409561157226,0,0,0,86,0.20820335547129312,0.15797370672225952,1,0,0
2026-07-06T02:32:15.889488,683,5,soft_center_plus_range_marl,-6508.473243775921,1,4,landing,1.1447776556015015,0.3413039445877075,0.36080596844355267,0.21405796706676483,0.1623397171497345,0.21685566008090973,0,0.6572919487953186,4.300174007415771,0,0,0,83,0.2343921661376953,0.18520797789096832,1,0,0
2026-07-06T02:32:19.549891,684,5,soft_center_plus_range_marl,-4162.218883788334,1,4,landing,1.1286053657531738,0.32716166973114014,0.3521699706713359,0.21954798698425293,0.1610543578863144,0.2153225988149643,0,0.6535903215408325,4.2540695762634275,0,0,0,86,0.21798821290334067,0.17223197221755981,1,0,0
2026-07-06T02:32:23.105854,685,5,soft_center_plus_range_marl,-7128.191929895107,1,4,landing,1.1428512334823608,0.34260818362236023,0.3619149724642436,0.20925875008106232,0.16099728643894196,0.21781252324581146,0,0.6726973652839661,4.302149543762207,0,0,0,86,0.23262383540471396,0.18039505183696747,1,0,0
2026-07-06T02:32:26.777763,686,5,soft_center_plus_range_marl,19841.256461648154,1,4,landing,1.1212540864944458,0.3208172023296356,0.3471018075942993,0.21684686839580536,0.16236552596092224,0.20342707633972168,0,0.6703153848648071,4.258046875,0,0,0,87,0.15071056286493936,0.11665359139442444,1,0,0
2026-07-06T02:32:28.736225,687,5,soft_center_plus_range_marl,-13281.579172139556,0,2,triangle_to_goal_obstacle,2.9996304512023926,0.16980205476284027,0.15418489774068198,0.7699249386787415,0.17348094284534454,0.3193396031856537,0,0.860459566116333,0.026759485006332406,0,0,1,67,0.22832886377970377,0.1709582805633545,0,1,0
2026-07-06T02:32:32.211943,688,5,soft_center_plus_range_marl,283.4476571216028,1,4,landing,1.1688742637634277,0.35137662291526794,0.3672293821970622,0.21717727184295654,0.16282080113887787,0.2125164270401001,0,0.6268832683563232,4.3003904914855955,0,0,0,85,0.20223726828893027,0.15981002151966095,1,0,0
2026-07-06T02:32:35.741960,689,5,soft_center_plus_range_marl,5054.765982220404,1,4,landing,1.1430777311325073,0.33822083473205566,0.358618160088857,0.22168171405792236,0.16261596977710724,0.23130007088184357,0,0.6589471697807312,4.314898738861084,0,0,0,85,0.18332509199778238,0.14949284493923187,1,0,0
2026-07-06T02:32:39.359678,690,5,soft_center_plus_range_marl,-11275.487008356637,1,4,landing,1.1554481983184814,0.34793248772621155,0.3646680514017741,0.20863871276378632,0.16077719628810883,0.2179076224565506,0,0.6470882892608643,4.341889152526855,0,0,0,84,0.2668731212615967,0.20834386348724365,1,0,0
2026-07-06T02:32:43.066965,691,5,soft_center_plus_range_marl,-15056.60439584041,1,4,landing,1.1746236085891724,0.36839738488197327,0.3794071674346924,0.21697287261486053,0.16174350678920746,0.2272990345954895,0,0.609886109828949,4.341789493560791,0,0,0,83,0.3020774523417155,0.2538295090198517,1,0,0
2026-07-06T02:32:45.145779,692,5,soft_center_plus_range_marl,-16644.54825760307,0,2,triangle_to_goal_obstacle,2.9619743824005127,0.21132294833660126,0.15577425559361777,0.6802776455879211,0.16839022934436798,0.31730833649635315,0,0.815589964389801,0.0289805030822754,0,0,1,75,0.2554617126782735,0.21132294833660126,0,1,0
2026-07-06T02:32:48.803466,693,5,soft_center_plus_range_marl,-3967.911711984647,1,4,landing,1.1285674571990967,0.32826653122901917,0.35301119089126587,0.20930714905261993,0.1619090586900711,0.2143675535917282,0,0.6642030477523804,4.2396934127807615,0,0,0,86,0.2285683552424113,0.1807682365179062,1,0,0
2026-07-06T02:32:52.297441,694,5,soft_center_plus_range_marl,2078.1438030339687,1,4,landing,1.1227389574050903,0.32345762848854065,0.3498092492421468,0.21383820474147797,0.16203711926937103,0.23653332889080048,0,0.6656318306922913,4.24968505859375,0,0,0,83,0.2025699019432068,0.15418396890163422,1,0,0
2026-07-06T02:32:55.846338,695,5,soft_center_plus_range_marl,-7850.0736138387865,1,4,landing,1.1502785682678223,0.3429832458496094,0.361836314201355,0.22156459093093872,0.16136890649795532,0.22609925270080566,0,0.6670210957527161,4.336046466827392,0,0,0,86,0.23856598138809204,0.19437600672245026,1,0,0
2026-07-06T02:32:59.708996,696,5,soft_center_plus_range_marl,-16739.482664483883,1,4,landing,1.1449576616287231,0.3424513041973114,0.3617447018623352,0.2153000831604004,0.16173994541168213,0.21981973946094513,0,0.6462953686714172,4.265825519561767,0,0,0,85,0.30886441469192505,0.2701323926448822,1,0,0
2026-07-06T02:33:03.547082,697,5,soft_center_plus_range_marl,-22452.04200814667,1,4,landing,1.1727564334869385,0.3663344383239746,0.3749910195668538,0.21697957813739777,0.16189174354076385,0.22635233402252197,0,0.6487325429916382,4.367272624969482,0,0,0,86,0.32678157091140747,0.2770884335041046,1,0,0
2026-07-06T02:33:05.514033,698,5,soft_center_plus_range_marl,-15094.349821043977,0,2,triangle_to_goal_obstacle,3.156069278717041,0.18068720400333405,0.24343963464101157,0.7844050526618958,0.16673767566680908,0.3276088237762451,0,0.8460584878921509,0.032552549839019784,0,0,1,61,0.2691209316253662,0.2068764716386795,0,1,0
2026-07-06T02:33:09.165519,699,5,soft_center_plus_range_marl,-3785.2883057485087,1,4,landing,1.1335147619247437,0.33440694212913513,0.3573208451271057,0.21716201305389404,0.16267985105514526,0.22305452823638916,0,0.6413341164588928,4.252274761199951,0,0,0,86,0.21508347988128662,0.1769302636384964,1,0,0
2026-07-06T02:33:11.211513,700,5,soft_center_plus_range_marl,-11596.909511260932,0,2,triangle_to_goal_obstacle,2.599921226501465,0.28180935978889465,0.31340640783309937,0.7517330050468445,0.17550408840179443,0.37534239888191223,0,0.8836134076118469,0.02514241099357606,0,0,1,106,0.31340640783309937,0.28180935978889465,0,1,0
2026-07-06T02:33:14.751095,701,5,soft_center_plus_range_marl,37182.851015401226,1,4,landing,1.1055048704147339,0.30904844403266907,0.34418485562006634,0.2143566757440567,0.16209416091442108,0.21756196022033691,0,0.6590449213981628,4.201435813903808,0,0,0,83,0.09126428763071696,0.07022996991872787,1,0,0
2026-07-06T02:33:18.490694,702,5,soft_center_plus_range_marl,-10606.248635945572,1,4,landing,1.1784783601760864,0.3735525608062744,0.37849483887354535,0.21507759392261505,0.16196472942829132,0.20715756714344025,0,0.6451900005340576,4.375022182464599,0,0,0,83,0.2625059088071187,0.21684248745441437,1,0,0
2026-07-06T02:33:20.524039,703,5,soft_center_plus_range_marl,-18170.897531971845,0,2,triangle_to_goal_obstacle,3.023008346557617,0.23666667938232422,0.20703689257303873,0.6520516276359558,0.16935069859027863,0.33395013213157654,0,0.7503154277801514,0.03040019631385804,0,0,1,71,0.28251532713572186,0.23666667938232422,0,1,0
2026-07-06T02:33:22.408353,704,5,soft_center_plus_range_marl,-89.40732849084816,0,2,triangle_to_goal_obstacle,2.873509645462036,0.15087132155895233,0.12549557288487753,0.7174741625785828,0.16742998361587524,0.357472687959671,0,0.9957457184791565,0.02428931951522828,0,0,1,77,0.14622581005096436,0.15087132155895233,0,1,0
2026-07-06T02:33:24.241746,705,5,soft_center_plus_range_marl,5506.872105288661,0,2,triangle_to_goal_obstacle,2.875908851623535,0.15919215977191925,0.1287399927775065,0.7123704552650452,0.1676747351884842,0.39901408553123474,0,1.0424253940582275,0.024028668403625497,0,0,1,71,0.1287399927775065,0.15919215977191925,0,1,0
2026-07-06T02:33:26.081714,706,5,soft_center_plus_range_marl,9322.344040182637,0,2,triangle_to_goal_obstacle,2.895890235900879,0.15448923408985138,0.11004519462585449,0.7274205684661865,0.1601921170949936,0.40579304099082947,0,1.1877052783966064,0.029145786762237558,0,0,1,59,0.11011811097462972,0.15448923408985138,0,1,0
2026-07-06T02:33:29.474808,707,5,soft_center_plus_range_marl,19021.951955047745,1,4,landing,1.0727167129516602,0.2950500547885895,0.32860753933588666,0.20867741107940674,0.16073103249073029,0.21332506835460663,0,0.6991694569587708,4.190116653442383,0,0,0,83,0.19932615756988525,0.1529296636581421,1,0,0
2026-07-06T02:33:31.381766,708,5,soft_center_plus_range_marl,-22374.068325351047,0,2,triangle_to_goal_obstacle,3.022467613220215,0.23447762429714203,0.23077438275019327,0.6763672828674316,0.1724442094564438,0.3206072449684143,0,0.7267152070999146,0.029615739583969125,0,0,1,73,0.31607834498087567,0.2598443329334259,0,1,0
2026-07-06T02:33:34.842991,709,5,soft_center_plus_range_marl,-9332.702955502396,1,4,landing,1.1306136846542358,0.3287273347377777,0.35321585337320965,0.20951275527477264,0.16196231544017792,0.23718060553073883,0,0.6583994030952454,4.264376411437988,0,0,0,86,0.24278424183527628,0.20072603225708008,1,0,0
2026-07-06T02:33:38.547068,710,6,center_bridge_1_range_marl,18726.54084859118,1,4,landing,1.1171512603759766,0.3264121115207672,0.35117679834365845,0.211886927485466,0.1614590436220169,0.23326808214187622,0,0.6782172918319702,4.290459880828857,0,0,0,85,0.16761155923207602,0.12249666452407837,1,0,0
2026-07-06T02:33:42.132439,711,6,center_bridge_1_range_marl,-51443.04140321135,0,2,triangle_to_goal_obstacle,3.005800485610962,0.5242855548858643,0.735391100247701,0.3467012345790863,0.11731904000043869,0.5075566172599792,0,1.18634831905365,-0.002041240930557242,1,1,1,59,0.735391100247701,0.5242855548858643,0,1,0
2026-07-06T02:33:47.109141,712,6,center_bridge_1_range_marl,-317802.231950575,0,2,triangle_to_goal_obstacle,0.8526579737663269,1.7177025079727173,2.2695544560750327,0.03027837723493576,0.1222567930817604,0.41569963097572327,0,1.4320456981658936,0.06214235186576844,0,0,1,566,2.2887844244639077,1.7186692953109741,0,0,0
2026-07-06T02:33:52.069048,713,6,center_bridge_1_range_marl,-316974.5865839153,0,2,triangle_to_goal_obstacle,0.6692157983779907,1.8443676233291626,2.461505035559336,0.024452438578009605,0.11118150502443314,0.39485490322113037,0,0.9487103819847107,0.06200451612472535,0,0,1,664,2.461505035559336,1.8443676233291626,0,0,0
2026-07-06T02:33:57.054032,714,6,center_bridge_1_range_marl,-338404.77782820625,0,2,triangle_to_goal_obstacle,0.5619879364967346,1.9117168188095093,2.627762178579966,0.03272688016295433,0.1150192841887474,0.41496291756629944,0,0.7373401522636414,0.06076563358306886,0,0,1,738,2.627762178579966,1.9117168188095093,0,0,0
2026-07-06T02:33:59.139452,715,6,center_bridge_1_range_marl,-34620.92079781757,0,2,triangle_to_goal_obstacle,3.6325550079345703,0.16274793446063995,0.19136188427607217,0.5838794112205505,0.1257183998823166,0.3576677739620209,0,0.8166713118553162,0.027004907131195077,0,0,1,96,0.37016048034032184,0.4963492453098297,0,1,0
2026-07-06T02:34:01.349473,716,6,center_bridge_1_range_marl,-30528.01680874664,0,2,triangle_to_goal_obstacle,3.1949942111968994,0.13756825029850006,0.11690711975097656,0.5878499150276184,0.12339330464601517,0.3566831350326538,0,1.0782907009124756,0.033682594299316415,0,0,1,137,0.3400857249895732,0.4362452030181885,0,1,0
2026-07-06T02:34:03.245385,717,6,center_bridge_1_range_marl,-22311.942399235617,0,2,triangle_to_goal_obstacle,3.5649521350860596,0.1208144798874855,0.09373255570729573,0.6272323727607727,0.1282612830400467,0.38407468795776367,0,0.9856714010238647,0.024213204383850107,0,0,1,70,0.2913320064544678,0.36113008856773376,0,1,0
2026-07-06T02:34:05.154478,718,6,center_bridge_1_range_marl,-16158.027785670281,0,2,triangle_to_goal_obstacle,3.4140617847442627,0.11277461051940918,0.11784470081329346,0.6226632595062256,0.136923685669899,0.39955103397369385,0,1.1593831777572632,0.027382621765136728,0,0,1,69,0.26605840524037677,0.2690039873123169,0,1,0
2026-07-06T02:34:07.147518,719,6,center_bridge_1_range_marl,-22494.60873096512,0,2,triangle_to_goal_obstacle,3.146146774291992,0.25150150060653687,0.3492407401402791,0.6214051842689514,0.13177579641342163,0.4036368131637573,0,1.1583218574523926,0.033978084325790414,0,0,1,96,0.3492407401402791,0.254673033952713,0,1,0
2026-07-06T02:34:09.011908,720,6,center_bridge_1_range_marl,-22292.99801131557,0,2,triangle_to_goal_obstacle,3.2887394428253174,0.2763063311576843,0.37832915782928467,0.6402692198753357,0.13492852449417114,0.43315398693084717,0,1.1752837896347046,0.03153274416923524,0,0,1,68,0.37832915782928467,0.29441165924072266,0,1,0
2026-07-06T02:34:10.896087,721,6,center_bridge_1_range_marl,-25077.44536053824,0,2,triangle_to_goal_obstacle,3.114142656326294,0.40396347641944885,0.5700892607371012,0.6596124172210693,0.14036063849925995,0.4560035169124603,0,1.144228219985962,0.02688164472579957,0,0,1,74,0.5700892607371012,0.40396347641944885,0,1,0
2026-07-06T02:34:12.889964,722,6,center_bridge_1_range_marl,-44067.252526790406,0,2,triangle_to_goal_obstacle,2.668485403060913,0.6705195307731628,0.9473284880320231,0.6969354748725891,0.13440391421318054,0.4810110330581665,0,1.2206370830535889,0.02624205708503724,0,0,1,106,0.9473284880320231,0.6705195307731628,0,1,0
2026-07-06T02:34:14.708071,723,6,center_bridge_1_range_marl,-39394.52538725042,0,2,triangle_to_goal_obstacle,2.956059217453003,0.5970783233642578,0.8495292663574219,0.7134268283843994,0.13763725757598877,0.4864276945590973,0,1.150315284729004,0.026004472970962533,0,0,1,67,0.8495292663574219,0.5970783233642578,0,1,0
2026-07-06T02:34:16.507763,724,6,center_bridge_1_range_marl,-34079.47285877629,0,2,triangle_to_goal_obstacle,3.032153367996216,0.5209879279136658,0.7379355827967325,0.6877967715263367,0.14176957309246063,0.4841173589229584,0,1.1528295278549194,0.030218044519424447,0,0,1,63,0.7379355827967325,0.5209879279136658,0,1,0
2026-07-06T02:34:18.348487,725,6,center_bridge_1_range_marl,-33655.432376605946,0,2,triangle_to_goal_obstacle,2.963599681854248,0.5365954041481018,0.7620112101236979,0.7141168713569641,0.1386822611093521,0.49790629744529724,0,1.1479218006134033,0.02404532790184022,0,0,1,62,0.7620112101236979,0.5365954041481018,0,1,0
2026-07-06T02:34:20.205309,726,6,center_bridge_1_range_marl,-36404.34486283644,0,2,triangle_to_goal_obstacle,2.9083030223846436,0.5627415180206299,0.7983392079671224,0.7042622566223145,0.1414816826581955,0.48259758949279785,0,1.154432773590088,0.02517498493194581,0,0,1,67,0.7983392079671224,0.5627415180206299,0,1,0
2026-07-06T02:34:22.102815,727,6,center_bridge_1_range_marl,-33435.416453576225,0,2,triangle_to_goal_obstacle,2.860692262649536,0.547872006893158,0.7715426286061605,0.6736521124839783,0.1409280151128769,0.4860735833644867,0,1.1691668033599854,0.03321729063987733,0,0,1,74,0.7715426286061605,0.547872006893158,0,1,0
2026-07-06T02:34:23.996637,728,6,center_bridge_1_range_marl,-39071.3188927117,0,2,triangle_to_goal_obstacle,2.7500851154327393,0.6108574271202087,0.8602325916290283,0.6759510636329651,0.13378570973873138,0.4700593054294586,0,1.2165658473968506,0.0336995816230774,0,0,1,86,0.8602325916290283,0.6108574271202087,0,1,0
2026-07-06T02:34:25.828340,729,6,center_bridge_1_range_marl,-32245.484403509483,0,2,triangle_to_goal_obstacle,2.9037585258483887,0.49742308259010315,0.6979639530181885,0.7055941224098206,0.13703975081443787,0.47462737560272217,0,1.1712162494659424,0.028388450145721444,0,0,1,64,0.6979639530181885,0.49742308259010315,0,1,0
2026-07-06T02:34:27.798655,730,6,center_bridge_1_range_marl,-32277.64813844184,0,2,triangle_to_goal_obstacle,2.792184829711914,0.541182816028595,0.7595356305440267,0.6850798726081848,0.13388735055923462,0.46173474192619324,0,1.2192144393920898,0.030735830068588266,0,0,1,77,0.7595356305440267,0.541182816028595,0,1,0
2026-07-06T02:34:29.673416,731,6,center_bridge_1_range_marl,-27156.923175570373,0,2,triangle_to_goal_obstacle,2.8736767768859863,0.4433390200138092,0.6098796526590983,0.682919979095459,0.1422748565673828,0.4691922962665558,0,1.196062445640564,0.03225980162620545,0,0,1,64,0.6098796526590983,0.4433390200138092,0,1,0
2026-07-06T02:34:31.487214,732,6,center_bridge_1_range_marl,-27655.919931107434,0,2,triangle_to_goal_obstacle,2.9187941551208496,0.44166722893714905,0.6156759262084961,0.6925208568572998,0.13939814269542694,0.472979336977005,0,1.1724523305892944,0.030218461751937875,0,0,1,61,0.6156759262084961,0.44166722893714905,0,1,0
2026-07-06T02:34:33.334828,733,6,center_bridge_1_range_marl,-30013.79015910569,0,2,triangle_to_goal_obstacle,2.76975417137146,0.48026952147483826,0.6784664392471313,0.7077859044075012,0.14238129556179047,0.48523297905921936,0,1.2474125623703003,0.026949594020843515,0,0,1,75,0.6784664392471313,0.48026952147483826,0,1,0
2026-07-06T02:34:35.154216,734,6,center_bridge_1_range_marl,-25760.94949762019,0,2,triangle_to_goal_obstacle,2.7806975841522217,0.44959402084350586,0.6401780843734741,0.7174330353736877,0.13536201417446136,0.47566691040992737,0,1.2652159929275513,0.02823139190673829,0,0,1,72,0.6401780843734741,0.44959402084350586,0,1,0
2026-07-06T02:34:37.037414,735,6,center_bridge_1_range_marl,-30866.82846637893,0,2,triangle_to_goal_obstacle,2.6623857021331787,0.5011131763458252,0.7460571527481079,0.6745852828025818,0.135752871632576,0.4530685842037201,0,1.3591290712356567,0.03433118224143983,0,0,1,81,0.7460571527481079,0.5011131763458252,0,1,0
2026-07-06T02:34:38.839811,736,6,center_bridge_1_range_marl,-22363.38740999645,0,2,triangle_to_goal_obstacle,2.8447206020355225,0.3820505142211914,0.5412245988845825,0.6935207843780518,0.13899311423301697,0.4734720289707184,0,1.2631510496139526,0.030969957113266,0,0,1,61,0.5412245988845825,0.3820505142211914,0,1,0
2026-07-06T02:34:40.672011,737,6,center_bridge_1_range_marl,-22342.4477302441,0,2,triangle_to_goal_obstacle,2.746687412261963,0.42291077971458435,0.5706117550532023,0.7192440629005432,0.15068651735782623,0.48675787448883057,0,1.3239843845367432,0.027836630344390878,0,0,1,67,0.5706117550532023,0.42291077971458435,0,1,0
2026-07-06T02:34:42.562888,738,6,center_bridge_1_range_marl,-21402.903699215676,0,2,triangle_to_goal_obstacle,2.5966925621032715,0.5261959433555603,0.6963568131128947,0.7159772515296936,0.13721680641174316,0.45312413573265076,0,1.4782973527908325,0.027753273248672494,0,0,1,85,0.6963568131128947,0.5261959433555603,0,1,0
2026-07-06T02:34:44.353412,739,6,center_bridge_1_range_marl,-20358.844051519067,0,2,triangle_to_goal_obstacle,2.826093912124634,0.3757340610027313,0.5193721850713094,0.7223760485649109,0.13969941437244415,0.45304515957832336,0,1.2898539304733276,0.028763214349746713,0,0,1,60,0.5193721850713094,0.3757340610027313,0,1,0
2026-07-06T02:34:46.384848,740,6,center_bridge_1_range_marl,-32477.315460817623,0,2,triangle_to_goal_obstacle,2.3287200927734375,0.7063127160072327,0.911929726600647,0.6830900311470032,0.14213481545448303,0.4666982889175415,0,1.6495634317398071,0.03368947863578797,0,0,1,103,0.911929726600647,0.7063127160072327,0,1,0
2026-07-06T02:34:48.178694,741,6,center_bridge_1_range_marl,-17777.71953766997,0,2,triangle_to_goal_obstacle,2.753779888153076,0.42011138796806335,0.5320677757263184,0.7276274561882019,0.14314384758472443,0.4391351044178009,0,1.3662965297698975,0.026190528869628915,0,0,1,64,0.5320677757263184,0.42011138796806335,0,1,0
2026-07-06T02:34:50.006114,742,6,center_bridge_1_range_marl,-14254.439002646006,0,2,triangle_to_goal_obstacle,2.8190550804138184,0.3804360330104828,0.46170298258463544,0.6741035580635071,0.14478884637355804,0.4322078227996826,0,1.3210675716400146,0.03457359433174134,0,0,1,64,0.46170298258463544,0.3804360330104828,0,1,0
2026-07-06T02:34:51.826907,743,6,center_bridge_1_range_marl,-18723.147136545784,0,2,triangle_to_goal_obstacle,2.803711414337158,0.38490065932273865,0.513803243637085,0.7355920672416687,0.13670222461223602,0.42515501379966736,0,1.2884407043457031,0.02609838008880616,0,0,1,62,0.513803243637085,0.38490065932273865,0,1,0
2026-07-06T02:34:53.604234,744,6,center_bridge_1_range_marl,-18832.98661148405,0,2,triangle_to_goal_obstacle,2.8028502464294434,0.39056339859962463,0.5241641998291016,0.7023728489875793,0.14417994022369385,0.4526582956314087,0,1.308047890663147,0.030861625671386728,0,0,1,63,0.5241641998291016,0.39056339859962463,0,1,0
2026-07-06T02:34:55.458825,745,6,center_bridge_1_range_marl,-20586.021402031634,0,2,triangle_to_goal_obstacle,2.7307944297790527,0.43091702461242676,0.5663696130116781,0.712554931640625,0.15127737820148468,0.44531285762786865,0,1.3360275030136108,0.027772406339645395,0,0,1,69,0.5663696130116781,0.43091702461242676,0,1,0
2026-07-06T02:34:57.297462,746,6,center_bridge_1_range_marl,-18433.62118596018,0,2,triangle_to_goal_obstacle,2.7459797859191895,0.4275745451450348,0.5719592571258545,0.7097454071044922,0.137727752327919,0.4520295560359955,0,1.3559694290161133,0.029122809171676645,0,0,1,69,0.5719592571258545,0.4275745451450348,0,1,0
2026-07-06T02:34:59.124359,747,6,center_bridge_1_range_marl,-20569.530610429305,0,2,triangle_to_goal_obstacle,2.74721622467041,0.4313884675502777,0.5709503491719564,0.6746652722358704,0.14422117173671722,0.4401954710483551,0,1.3476409912109375,0.03515953779220582,0,0,1,64,0.5709503491719564,0.4313884675502777,0,1,0
2026-07-06T02:35:01.026033,748,6,center_bridge_1_range_marl,-20301.466307119175,0,2,triangle_to_goal_obstacle,2.7304189205169678,0.43667373061180115,0.5606820980707804,0.7107436656951904,0.14187030494213104,0.45137083530426025,0,1.3803564310073853,0.027546653747558603,0,0,1,66,0.5606820980707804,0.43667373061180115,0,1,0
2026-07-06T02:35:02.931814,749,6,center_bridge_1_range_marl,-17284.830061883455,0,2,triangle_to_goal_obstacle,2.6676108837127686,0.48070797324180603,0.5983436107635498,0.7294405102729797,0.1329466551542282,0.431365042924881,0,1.4480878114700317,0.027816960811615,0,0,1,76,0.5983436107635498,0.48070797324180603,0,1,0
2026-07-06T02:35:04.740941,750,6,center_bridge_1_range_marl,-19166.11065472936,0,2,triangle_to_goal_obstacle,2.8212459087371826,0.37573036551475525,0.5016798973083496,0.7236709594726562,0.141826793551445,0.4270149767398834,0,1.2890503406524658,0.025385597944259652,0,0,1,59,0.5016798973083496,0.37573036551475525,0,1,0
2026-07-06T02:35:06.688286,751,6,center_bridge_1_range_marl,-24726.274144637777,0,2,triangle_to_goal_obstacle,2.525777578353882,0.5716643929481506,0.7292415698369344,0.7253982424736023,0.13674433529376984,0.44119107723236084,0,1.5628669261932373,0.02633980870246888,0,0,1,85,0.7292415698369344,0.5716643929481506,0,1,0
2026-07-06T02:35:08.591906,752,6,center_bridge_1_range_marl,-18783.258185892664,0,2,triangle_to_goal_obstacle,2.6864631175994873,0.4699408710002899,0.5729983250300089,0.6897798180580139,0.14190416038036346,0.43849948048591614,0,1.4297689199447632,0.0352252221107483,0,0,1,71,0.5729983250300089,0.4699408710002899,0,1,0
2026-07-06T02:35:10.476256,753,6,center_bridge_1_range_marl,-19809.50272601328,0,2,triangle_to_goal_obstacle,2.8094043731689453,0.3873962461948395,0.5031798283259074,0.7070158123970032,0.14216594398021698,0.44669196009635925,0,1.3231556415557861,0.031340906620025644,0,0,1,62,0.5031798283259074,0.3873962461948395,0,1,0
2026-07-06T02:35:12.271716,754,6,center_bridge_1_range_marl,-11807.158912629871,0,2,triangle_to_goal_obstacle,2.830671548843384,0.3737277686595917,0.48041196664174396,0.7148928046226501,0.13865892589092255,0.4423004388809204,0,1.305619239807129,0.02989060640335084,0,0,1,65,0.48041196664174396,0.3737277686595917,0,1,0
2026-07-06T02:35:14.125880,755,6,center_bridge_1_range_marl,-20718.96279305284,0,2,triangle_to_goal_obstacle,2.723133087158203,0.44129180908203125,0.5816909074783325,0.6976162791252136,0.1409451812505722,0.43484213948249817,0,1.362688422203064,0.02967346668243409,0,0,1,68,0.5816909074783325,0.44129180908203125,0,1,0
2026-07-06T02:35:16.026838,756,6,center_bridge_1_range_marl,-24348.59438632575,0,2,triangle_to_goal_obstacle,2.756804943084717,0.41857168078422546,0.5655215183893839,0.7302446961402893,0.13832604885101318,0.4506860077381134,0,1.338957667350769,0.024751583337783822,0,0,1,63,0.5655215183893839,0.41857168078422546,0,1,0
2026-07-06T02:35:17.820508,757,6,center_bridge_1_range_marl,-18210.364997592962,0,2,triangle_to_goal_obstacle,2.7986550331115723,0.39069628715515137,0.533778707186381,0.743105411529541,0.1267586201429367,0.450740247964859,0,1.3122035264968872,0.021240631341934213,0,0,1,64,0.533778707186381,0.39069628715515137,0,1,0
2026-07-06T02:35:19.732093,758,6,center_bridge_1_range_marl,-12908.704455635605,0,2,triangle_to_goal_obstacle,2.7569642066955566,0.41828012466430664,0.5132114489873251,0.7241004109382629,0.1408190131187439,0.44896745681762695,0,1.3761968612670898,0.02645842194557191,0,0,1,64,0.5132114489873251,0.41828012466430664,0,1,0
2026-07-06T02:35:21.567355,759,6,center_bridge_1_range_marl,-21795.60763279665,0,2,triangle_to_goal_obstacle,2.793131113052368,0.3962823450565338,0.5445398886998495,0.71770840883255,0.1474510282278061,0.4468495845794678,0,1.294326663017273,0.029332706928253183,0,0,1,63,0.5445398886998495,0.3962823450565338,0,1,0
2026-07-06T02:35:23.375390,760,6,center_bridge_1_range_marl,-21107.15919650873,0,2,triangle_to_goal_obstacle,2.725054979324341,0.4437258243560791,0.6011042992273966,0.665881872177124,0.14242415130138397,0.44931530952453613,0,1.3526833057403564,0.03574077248573304,0,0,1,73,0.6011042992273966,0.4437258243560791,0,1,0
2026-07-06T02:35:25.271964,761,6,center_bridge_1_range_marl,-18081.909481985243,0,2,triangle_to_goal_obstacle,2.591144323348999,0.5289444923400879,0.6705131133397421,0.7373207211494446,0.13541577756404877,0.4359704554080963,0,1.5038255453109741,0.02601368188858033,0,0,1,84,0.6705131133397421,0.5289444923400879,0,1,0
2026-07-06T02:35:27.073582,762,6,center_bridge_1_range_marl,-20975.03416211553,0,2,triangle_to_goal_obstacle,2.7588305473327637,0.41714954376220703,0.5639377037684122,0.7006127834320068,0.14452390372753143,0.4393659830093384,0,1.3126782178878784,0.03015256881713868,0,0,1,69,0.5639377037684122,0.41714954376220703,0,1,0
2026-07-06T02:35:28.990455,763,6,center_bridge_1_range_marl,-15015.91011157128,0,2,triangle_to_goal_obstacle,2.699988603591919,0.452935129404068,0.5380110740661621,0.7225632667541504,0.1444263905286789,0.4175499677658081,0,1.4228713512420654,0.02682552695274354,0,0,1,72,0.5380110740661621,0.452935129404068,0,1,0
2026-07-06T02:35:30.894982,764,6,center_bridge_1_range_marl,-16039.542639924304,0,2,triangle_to_goal_obstacle,2.795888662338257,0.39483198523521423,0.5229818820953369,0.6917741298675537,0.13742786645889282,0.41804608702659607,0,1.311334490776062,0.03104845643043519,0,0,1,67,0.5229818820953369,0.39483198523521423,0,1,0
2026-07-06T02:35:32.767283,765,6,center_bridge_1_range_marl,-23810.13076564287,0,2,triangle_to_goal_obstacle,2.7035701274871826,0.4553317129611969,0.6094263394673666,0.7003878951072693,0.14063160121440887,0.44807949662208557,0,1.3865914344787598,0.029815415143966684,0,0,1,70,0.6094263394673666,0.4553317129611969,0,1,0
2026-07-06T02:35:34.638225,766,6,center_bridge_1_range_marl,-16520.103284370023,0,2,triangle_to_goal_obstacle,2.818997859954834,0.3804044723510742,0.4947119951248169,0.7039618492126465,0.13945110142230988,0.41742873191833496,0,1.3109277486801147,0.030172536373138437,0,0,1,63,0.4947119951248169,0.3804044723510742,0,1,0
2026-07-06T02:35:36.472752,767,6,center_bridge_1_range_marl,-18606.871003441025,0,2,triangle_to_goal_obstacle,2.761629819869995,0.42027756571769714,0.5490239461263021,0.7043386101722717,0.13854174315929413,0.42477378249168396,0,1.3463027477264404,0.03156183123588563,0,0,1,65,0.5490239461263021,0.42027756571769714,0,1,0
2026-07-06T02:35:38.314535,768,6,center_bridge_1_range_marl,-20968.37102565479,0,2,triangle_to_goal_obstacle,2.796339511871338,0.39491215348243713,0.5427450736363729,0.6958075165748596,0.14351046085357666,0.43091312050819397,0,1.301113486289978,0.029993394613266,0,0,1,63,0.5427450736363729,0.39491215348243713,0,1,0
2026-07-06T02:35:40.176973,769,6,center_bridge_1_range_marl,-23919.652799929438,0,2,triangle_to_goal_obstacle,2.6383702754974365,0.500333309173584,0.6502224604288737,0.7001771926879883,0.14014552533626556,0.46419283747673035,0,1.4548112154006958,0.0303462839126587,0,0,1,77,0.6502224604288737,0.500333309173584,0,1,0
2026-07-06T02:35:42.096913,770,6,center_bridge_1_range_marl,-24314.92114704259,0,2,triangle_to_goal_obstacle,2.6039950847625732,0.5221027731895447,0.6840531826019287,0.7134068608283997,0.13583064079284668,0.4484335482120514,0,1.471175193786621,0.027908573150634775,0,0,1,80,0.6840531826019287,0.5221027731895447,0,1,0
2026-07-06T02:35:43.941523,771,6,center_bridge_1_range_marl,-18306.502324803172,0,2,triangle_to_goal_obstacle,2.727710485458374,0.44022664427757263,0.5688222646713257,0.6820776462554932,0.1418692171573639,0.4430411756038666,0,1.3721691370010376,0.03356198430061341,0,0,1,70,0.5688222646713257,0.44022664427757263,0,1,0
2026-07-06T02:35:45.832531,772,6,center_bridge_1_range_marl,-23620.41921391133,0,2,triangle_to_goal_obstacle,2.559641122817993,0.5522386431694031,0.6939975817998251,0.7048346996307373,0.13947884738445282,0.44012752175331116,0,1.5340449810028076,0.03277189493179322,0,0,1,83,0.6939975817998251,0.5522386431694031,0,1,0
2026-07-06T02:35:47.709733,773,6,center_bridge_1_range_marl,-23966.05452743268,0,2,triangle_to_goal_obstacle,2.638676404953003,0.4992696940898895,0.6416216293970743,0.7203502058982849,0.1357746571302414,0.42450273036956787,0,1.4510228633880615,0.02828882098197938,0,0,1,75,0.6416216293970743,0.4992696940898895,0,1,0
2026-07-06T02:35:49.513785,774,6,center_bridge_1_range_marl,-17130.120582795586,0,2,triangle_to_goal_obstacle,2.7802650928497314,0.40569278597831726,0.5189875364303589,0.7218933701515198,0.13837887346744537,0.4428376257419586,0,1.3438690900802612,0.02801389455795289,0,0,1,63,0.5189875364303589,0.40569278597831726,0,1,0
2026-07-06T02:35:51.309669,775,6,center_bridge_1_range_marl,-15965.632558182104,0,2,triangle_to_goal_obstacle,2.8049721717834473,0.3870866298675537,0.49428629875183105,0.7258654236793518,0.14072827994823456,0.4413354694843292,0,1.3298739194869995,0.028317192792892465,0,0,1,61,0.49428629875183105,0.3870866298675537,0,1,0
2026-07-06T02:35:53.101966,776,6,center_bridge_1_range_marl,-17978.77944165159,0,2,triangle_to_goal_obstacle,2.8203744888305664,0.37663349509239197,0.4978470007578532,0.7344704270362854,0.14039431512355804,0.4606969356536865,0,1.2946323156356812,0.025314429998397836,0,0,1,64,0.4978470007578532,0.37663349509239197,0,1,0
2026-07-06T02:35:54.975449,777,6,center_bridge_1_range_marl,-27453.86462275689,0,2,triangle_to_goal_obstacle,2.583266496658325,0.5380067229270935,0.7286044756571451,0.6839985847473145,0.13706272840499878,0.4471277892589569,0,1.4782202243804932,0.032668033838272104,0,0,1,81,0.7286044756571451,0.5380067229270935,0,1,0
2026-07-06T02:35:56.817334,778,6,center_bridge_1_range_marl,-23285.32622581564,0,2,triangle_to_goal_obstacle,2.657416582107544,0.4848571717739105,0.6283042033513387,0.7103120684623718,0.1384965032339096,0.4445062577724457,0,1.4213273525238037,0.02829826831817628,0,0,1,77,0.6283042033513387,0.4848571717739105,0,1,0
2026-07-06T02:35:58.654010,779,6,center_bridge_1_range_marl,-18701.774074789337,0,2,triangle_to_goal_obstacle,2.7375001907348633,0.4337135851383209,0.5581425428390503,0.7208809852600098,0.13867242634296417,0.45004141330718994,0,1.3792202472686768,0.02858517527580262,0,0,1,69,0.5581425428390503,0.4337135851383209,0,1,0
2026-07-06T02:36:00.458566,780,6,center_bridge_1_range_marl,-16648.317583026954,0,2,triangle_to_goal_obstacle,2.76808762550354,0.41768208146095276,0.5275107622146606,0.6895906925201416,0.1366260051727295,0.45440688729286194,0,1.3670378923416138,0.03328267693519593,0,0,1,65,0.5275107622146606,0.41768208146095276,0,1,0
2026-07-06T02:36:02.337107,781,6,center_bridge_1_range_marl,-21798.160155096957,0,2,triangle_to_goal_obstacle,2.6817057132720947,0.467577189207077,0.614128589630127,0.7387585639953613,0.13640056550502777,0.43046990036964417,0,1.4089577198028564,0.02543721556663514,0,0,1,73,0.614128589630127,0.467577189207077,0,1,0
2026-07-06T02:36:04.261787,782,6,center_bridge_1_range_marl,-27019.965314795172,0,2,triangle_to_goal_obstacle,2.5018045902252197,0.589533805847168,0.7641125917434692,0.7260987162590027,0.13306878507137299,0.43047142028808594,0,1.5785362720489502,0.02734665036201478,0,0,1,90,0.7641125917434692,0.589533805847168,0,1,0
2026-07-06T02:36:06.057874,783,6,center_bridge_1_range_marl,-15911.265955943582,0,2,triangle_to_goal_obstacle,2.811589241027832,0.3892245590686798,0.4977424144744873,0.6789827346801758,0.1338190883398056,0.3923501968383789,0,1.3327853679656982,0.03496397495269776,0,0,1,63,0.4977424144744873,0.3892245590686798,0,1,0
2026-07-06T02:36:07.894097,784,6,center_bridge_1_range_marl,-18139.79795117575,0,2,triangle_to_goal_obstacle,2.7474286556243896,0.4220358431339264,0.547443668047587,0.7177236676216125,0.13974858820438385,0.4173910915851593,0,1.3559620380401611,0.026187429428100595,0,0,1,70,0.547443668047587,0.4220358431339264,0,1,0
2026-07-06T02:36:09.933149,785,6,center_bridge_1_range_marl,-34133.97437169907,0,2,triangle_to_goal_obstacle,2.358262062072754,0.6900343894958496,0.8896814584732056,0.701657235622406,0.13457973301410675,0.43741706013679504,0,1.6394089460372925,0.03205732464790345,0,0,1,100,0.8896814584732056,0.6900343894958496,0,1,0
2026-07-06T02:36:11.764785,786,6,center_bridge_1_range_marl,-19714.151683706154,0,2,triangle_to_goal_obstacle,2.7767159938812256,0.4063945710659027,0.5259554386138916,0.7076579928398132,0.14036372303962708,0.4443659782409668,0,1.3368600606918335,0.026650855541229257,0,0,1,62,0.5259554386138916,0.4063945710659027,0,1,0
2026-07-06T02:36:13.751058,787,6,center_bridge_1_range_marl,-28728.832473423918,0,2,triangle_to_goal_obstacle,2.4900670051574707,0.6015320420265198,0.7895914316177368,0.7102254033088684,0.1369887739419937,0.43289914727211,0,1.5821425914764404,0.03248242497444154,0,0,1,93,0.7895914316177368,0.6015320420265198,0,1,0
2026-07-06T02:36:15.581898,788,6,center_bridge_1_range_marl,-19862.910772941897,0,2,triangle_to_goal_obstacle,2.7838728427886963,0.40020832419395447,0.5292654037475586,0.7371909618377686,0.13165974617004395,0.4338622987270355,0,1.3330832719802856,0.025413910150527963,0,0,1,61,0.5292654037475586,0.40020832419395447,0,1,0
2026-07-06T02:36:17.440556,789,6,center_bridge_1_range_marl,-19592.437899833676,0,2,triangle_to_goal_obstacle,2.6690938472747803,0.48024260997772217,0.5964920520782471,0.6924498081207275,0.1412924975156784,0.4297870695590973,0,1.4337265491485596,0.033615300655365,0,0,1,75,0.5964920520782471,0.48024260997772217,0,1,0
2026-07-06T02:36:19.344446,790,6,center_bridge_1_range_marl,-19832.839939816666,0,2,triangle_to_goal_obstacle,2.698061227798462,0.4554538428783417,0.5562921365102133,0.7043296694755554,0.1458890289068222,0.429317444562912,0,1.4114761352539062,0.02815444231033326,0,0,1,67,0.5562921365102133,0.4554538428783417,0,1,0
2026-07-06T02:36:21.262189,791,6,center_bridge_1_range_marl,-19107.519272177058,0,2,triangle_to_goal_obstacle,2.651012420654297,0.4878131151199341,0.5904989639918009,0.6915877461433411,0.14545877277851105,0.41528400778770447,0,1.4603487253189087,0.031197497844696054,0,0,1,73,0.5904989639918009,0.4878131151199341,0,1,0
2026-07-06T02:36:23.113594,792,6,center_bridge_1_range_marl,-22851.707452454546,0,2,triangle_to_goal_obstacle,2.689903736114502,0.46640124917030334,0.5928211609522501,0.7127582430839539,0.13809143006801605,0.44833633303642273,0,1.4174137115478516,0.029579768180847177,0,0,1,66,0.5928211609522501,0.46640124917030334,0,1,0
2026-07-06T02:36:25.019383,793,6,center_bridge_1_range_marl,-26141.624875760124,0,2,triangle_to_goal_obstacle,2.607006311416626,0.5180657505989075,0.6621986230214437,0.6818249225616455,0.15012480318546295,0.44254520535469055,0,1.4645166397094727,0.032314190864563,0,0,1,79,0.6621986230214437,0.5180657505989075,0,1,0
2026-07-06T02:36:26.843499,794,6,center_bridge_1_range_marl,-19256.982136697254,0,2,triangle_to_goal_obstacle,2.780799150466919,0.40734896063804626,0.5317805210749308,0.6926403641700745,0.14051002264022827,0.45014670491218567,0,1.3366341590881348,0.03313786745071412,0,0,1,65,0.5317805210749308,0.40734896063804626,0,1,0
2026-07-06T02:36:28.795512,795,6,center_bridge_1_range_marl,-30583.38858118044,0,2,triangle_to_goal_obstacle,2.4203941822052,0.6430143713951111,0.8386182387669882,0.7276164889335632,0.13651947677135468,0.46344757080078125,0,1.659999966621399,0.026055554151535043,0,0,1,93,0.8386182387669882,0.6430143713951111,0,1,0
2026-07-06T02:36:30.645886,796,6,center_bridge_1_range_marl,-22222.212724707075,0,2,triangle_to_goal_obstacle,2.6966159343719482,0.45615220069885254,0.6027477979660034,0.7081872820854187,0.14324189722537994,0.4333747625350952,0,1.376020908355713,0.026365855932235727,0,0,1,73,0.6027477979660034,0.45615220069885254,0,1,0
2026-07-06T02:36:32.510153,797,6,center_bridge_1_range_marl,-21558.30599053234,0,2,triangle_to_goal_obstacle,2.6719179153442383,0.47832879424095154,0.6041328112284342,0.7153080105781555,0.13021574914455414,0.4055285155773163,0,1.4441936016082764,0.029010543823242196,0,0,1,71,0.6041328112284342,0.47832879424095154,0,1,0
2026-07-06T02:36:34.429714,798,6,center_bridge_1_range_marl,-20494.095400177503,0,2,triangle_to_goal_obstacle,2.6215522289276123,0.5115801692008972,0.622729221979777,0.6852710247039795,0.14796723425388336,0.4542132616043091,0,1.4857033491134644,0.03445080876350404,0,0,1,79,0.622729221979777,0.5115801692008972,0,1,0
2026-07-06T02:36:36.247567,799,6,center_bridge_1_range_marl,-19385.7749233804,0,2,triangle_to_goal_obstacle,2.7655105590820312,0.41392287611961365,0.5034230550130209,0.7077592015266418,0.14326153695583344,0.4433397352695465,0,1.3662699460983276,0.02938045024871827,0,0,1,66,0.5034230550130209,0.41392287611961365,0,1,0
2026-07-06T02:36:38.180886,800,6,center_bridge_1_range_marl,-23958.07512229713,0,2,triangle_to_goal_obstacle,2.6479809284210205,0.4927949905395508,0.6433993180592855,0.7109348773956299,0.14153975248336792,0.4656200408935547,0,1.4389492273330688,0.03012065052986146,0,0,1,76,0.6433993180592855,0.4927949905395508,0,1,0
2026-07-06T02:36:40.024846,801,6,center_bridge_1_range_marl,-14985.349287984522,0,2,triangle_to_goal_obstacle,2.7969837188720703,0.39186978340148926,0.4792331059773763,0.6935403943061829,0.14692847430706024,0.43721136450767517,0,1.3248989582061768,0.03180734276771546,0,0,1,62,0.4792331059773763,0.39186978340148926,0,1,0
2026-07-06T02:36:41.829384,802,6,center_bridge_1_range_marl,-14004.907254700922,0,2,triangle_to_goal_obstacle,2.810396909713745,0.3834436237812042,0.4943426052729289,0.7028927803039551,0.14699189364910126,0.4392939805984497,0,1.310433030128479,0.030491153001785287,0,0,1,64,0.4943426052729289,0.3834436237812042,0,1,0
2026-07-06T02:36:43.666672,803,6,center_bridge_1_range_marl,-16656.528642971967,0,2,triangle_to_goal_obstacle,2.8370652198791504,0.3684903085231781,0.4820760091145833,0.7020072340965271,0.143446147441864,0.4631509482860565,0,1.310454249382019,0.03184277772903443,0,0,1,64,0.4820760091145833,0.3684903085231781,0,1,0
2026-07-06T02:36:45.565631,804,6,center_bridge_1_range_marl,-22234.28770257508,0,2,triangle_to_goal_obstacle,2.6421163082122803,0.4993167817592621,0.6292530298233032,0.7087607383728027,0.13461829721927643,0.41120442748069763,0,1.4666314125061035,0.03097371220588685,0,0,1,75,0.6292530298233032,0.4993167817592621,0,1,0
2026-07-06T02:36:47.402617,805,6,center_bridge_1_range_marl,-19024.03009667555,0,2,triangle_to_goal_obstacle,2.803877830505371,0.3872261047363281,0.5029935439427694,0.7325515747070312,0.13252201676368713,0.4226827919483185,0,1.3196558952331543,0.025641689300537118,0,0,1,61,0.5029935439427694,0.3872261047363281,0,1,0
2026-07-06T02:36:49.350789,806,6,center_bridge_1_range_marl,-24281.608856544994,0,2,triangle_to_goal_obstacle,2.4965004920959473,0.5917856693267822,0.7379419406255087,0.7217409610748291,0.13846595585346222,0.4447188079357147,0,1.5743099451065063,0.02612684130668641,0,0,1,91,0.7379419406255087,0.5917856693267822,0,1,0
2026-07-06T02:36:51.191901,807,6,center_bridge_1_range_marl,-16240.704923653175,0,2,triangle_to_goal_obstacle,2.7760446071624756,0.40683189034461975,0.5141976674397787,0.7138978838920593,0.14209628105163574,0.4321901500225067,0,1.3489969968795776,0.029638270139694223,0,0,1,64,0.5141976674397787,0.40683189034461975,0,1,0
2026-07-06T02:36:53.123256,808,6,center_bridge_1_range_marl,-23492.503611377135,0,2,triangle_to_goal_obstacle,2.6341006755828857,0.4987003803253174,0.6385323603947958,0.7364066243171692,0.1431841105222702,0.4455205500125885,0,1.4538198709487915,0.0249863362312317,0,0,1,75,0.6385323603947958,0.4987003803253174,0,1,0
2026-07-06T02:36:55.010868,809,6,center_bridge_1_range_marl,-17012.769843573715,0,2,triangle_to_goal_obstacle,2.651733875274658,0.4893616735935211,0.6029735803604126,0.7314317226409912,0.1369154155254364,0.41594481468200684,0,1.461323857307434,0.0271550214290619,0,0,1,77,0.6029735803604126,0.4893616735935211,0,1,0
2026-07-06T02:36:56.999956,810,6,center_bridge_1_range_marl,-23096.375271214412,0,2,triangle_to_goal_obstacle,2.4454145431518555,0.6324980854988098,0.7862672011057535,0.6903401017189026,0.13703854382038116,0.4145747721195221,0,1.5568619966506958,0.03378472685813905,0,0,1,98,0.7862672011057535,0.6324980854988098,0,1,0
2026-07-06T02:36:58.942576,811,6,center_bridge_1_range_marl,-25182.57506711161,0,2,triangle_to_goal_obstacle,2.5254745483398438,0.5758600234985352,0.7423446973164877,0.6952128410339355,0.14037689566612244,0.41478800773620605,0,1.5709506273269653,0.03025187015533448,0,0,1,87,0.7423446973164877,0.5758600234985352,0,1,0
2026-07-06T02:37:00.846975,812,6,center_bridge_1_range_marl,-17812.66031233671,0,2,triangle_to_goal_obstacle,2.6930243968963623,0.4648456871509552,0.585675319035848,0.699845552444458,0.14039073884487152,0.40910804271698,0,1.417580008506775,0.03340596914291383,0,0,1,71,0.585675319035848,0.4648456871509552,0,1,0
2026-07-06T02:37:02.699580,813,6,center_bridge_1_range_marl,-18539.334562544354,0,2,triangle_to_goal_obstacle,2.7868752479553223,0.404323011636734,0.5264646609624227,0.7055230140686035,0.13679777085781097,0.40612220764160156,0,1.3464993238449097,0.03213889360427857,0,0,1,64,0.5264646609624227,0.404323011636734,0,1,0
2026-07-06T02:37:04.561752,814,6,center_bridge_1_range_marl,-21049.57160272062,0,2,triangle_to_goal_obstacle,2.8020150661468506,0.3904876708984375,0.5225499868392944,0.692600429058075,0.1511297971010208,0.4283803403377533,0,1.29843008518219,0.03394726872444154,0,0,1,63,0.5225499868392944,0.3904876708984375,0,1,0
2026-07-06T02:37:06.367397,815,6,center_bridge_1_range_marl,-14590.436257856578,0,2,triangle_to_goal_obstacle,2.8126933574676514,0.37910065054893494,0.4703887303670247,0.7295818328857422,0.14372967183589935,0.39667582511901855,0,1.3253459930419922,0.025466868877410898,0,0,1,65,0.4703887303670247,0.37910065054893494,0,1,0
2026-07-06T02:37:08.196340,816,6,center_bridge_1_range_marl,-16286.527029054665,0,2,triangle_to_goal_obstacle,2.8037209510803223,0.38649383187294006,0.4926450252532959,0.7298676371574402,0.13404084742069244,0.4066261053085327,0,1.3164516687393188,0.02585114002227784,0,0,1,64,0.4926450252532959,0.38649383187294006,0,1,0
2026-07-06T02:37:10.001776,817,6,center_bridge_1_range_marl,-15746.569033575375,0,2,triangle_to_goal_obstacle,2.836479425430298,0.3712289333343506,0.4883614381154378,0.690546989440918,0.13952811062335968,0.4146749675273895,0,1.3148952722549438,0.033339182138443,0,0,1,62,0.4883614381154378,0.3712289333343506,0,1,0
2026-07-06T02:37:11.919095,818,6,center_bridge_1_range_marl,-20923.187845708282,0,2,triangle_to_goal_obstacle,2.7842986583709717,0.4083041846752167,0.5455425580342611,0.6756553053855896,0.13942129909992218,0.4180186688899994,0,1.336919903755188,0.03416059374809266,0,0,1,66,0.5455425580342611,0.4083041846752167,0,1,0
2026-07-06T02:37:13.841283,819,6,center_bridge_1_range_marl,-22248.698149247622,0,2,triangle_to_goal_obstacle,2.7277350425720215,0.4402194917201996,0.5922082662582397,0.7376644015312195,0.14034469425678253,0.4200901985168457,0,1.361818552017212,0.026547083854675302,0,0,1,68,0.5922082662582397,0.4402194917201996,0,1,0
2026-07-06T02:37:15.645312,820,6,center_bridge_1_range_marl,-20900.212573496243,0,2,triangle_to_goal_obstacle,2.748521566390991,0.4284123182296753,0.5622765223185221,0.6880738139152527,0.14391379058361053,0.42326465249061584,0,1.3494378328323364,0.03327546477317811,0,0,1,65,0.5622765223185221,0.4284123182296753,0,1,0
2026-07-06T02:37:17.558910,821,6,center_bridge_1_range_marl,-25145.276982251293,0,2,triangle_to_goal_obstacle,2.5278189182281494,0.5662724375724792,0.7356214125951132,0.7276738286018372,0.14529313147068024,0.42268458008766174,0,1.535283088684082,0.024855653047561654,0,0,1,88,0.7356214125951132,0.5662724375724792,0,1,0
2026-07-06T02:37:19.404647,822,6,center_bridge_1_range_marl,-26131.33121321723,0,2,triangle_to_goal_obstacle,2.6975626945495605,0.4558638334274292,0.6114187240600586,0.740429699420929,0.14211620390415192,0.43187060952186584,0,1.3753169775009155,0.02391276717185975,0,0,1,66,0.6114187240600586,0.4558638334274292,0,1,0
2026-07-06T02:37:21.315501,823,6,center_bridge_1_range_marl,-19138.552005286372,0,2,triangle_to_goal_obstacle,2.7448248863220215,0.4282858371734619,0.5467600425084432,0.7167448401451111,0.1395217478275299,0.4120762348175049,0,1.379224419593811,0.02679188013076783,0,0,1,68,0.5467600425084432,0.4282858371734619,0,1,0
2026-07-06T02:37:23.214620,824,6,center_bridge_1_range_marl,-23321.61746033242,0,2,triangle_to_goal_obstacle,2.732175350189209,0.43860960006713867,0.5751118262608846,0.6816924214363098,0.14482657611370087,0.4443000555038452,0,1.3685338497161865,0.03367952466011048,0,0,1,65,0.5751118262608846,0.43860960006713867,0,1,0
2026-07-06T02:37:25.076346,825,6,center_bridge_1_range_marl,-25875.59296986831,0,2,triangle_to_goal_obstacle,2.660841941833496,0.48789191246032715,0.642995556195577,0.6977978348731995,0.13234351575374603,0.4202514886856079,0,1.4330079555511475,0.030037531852722177,0,0,1,77,0.642995556195577,0.48789191246032715,0,1,0
2026-07-06T02:37:26.897205,826,6,center_bridge_1_range_marl,-20003.059142166352,0,2,triangle_to_goal_obstacle,2.7626585960388184,0.4189145565032959,0.5605784257253011,0.711669385433197,0.14186851680278778,0.4542638957500458,0,1.3408783674240112,0.029629418849945077,0,0,1,68,0.5605784257253011,0.4189145565032959,0,1,0
2026-07-06T02:37:28.712641,827,6,center_bridge_1_range_marl,-18896.694286351925,0,2,triangle_to_goal_obstacle,2.76961350440979,0.41227805614471436,0.5162287553151449,0.7002319693565369,0.14503680169582367,0.4282877445220947,0,1.3565999269485474,0.03265912294387818,0,0,1,62,0.5162287553151449,0.41227805614471436,0,1,0
2026-07-06T02:37:30.617934,828,6,center_bridge_1_range_marl,-28653.137077153522,0,2,triangle_to_goal_obstacle,2.6133177280426025,0.5178602337837219,0.6975900332132975,0.6706712245941162,0.1422363966703415,0.43798530101776123,0,1.4476737976074219,0.03473008632659913,0,0,1,77,0.6975900332132975,0.5178602337837219,0,1,0
2026-07-06T02:37:32.504344,829,6,center_bridge_1_range_marl,-21268.591997729705,0,2,triangle_to_goal_obstacle,2.7525556087493896,0.42576298117637634,0.5362573862075806,0.6891462802886963,0.14008229970932007,0.36612987518310547,0,1.3616918325424194,0.03430087327957154,0,0,1,61,0.5362573862075806,0.42576298117637634,0,1,0
2026-07-06T02:37:34.430432,830,6,center_bridge_1_range_marl,-26364.649172974456,0,2,triangle_to_goal_obstacle,2.5113582611083984,0.5835536122322083,0.7532658576965332,0.7101926803588867,0.13977892696857452,0.4355115592479706,0,1.5664423704147339,0.027856299877166757,0,0,1,88,0.7532658576965332,0.5835536122322083,0,1,0
2026-07-06T02:37:36.279246,831,6,center_bridge_1_range_marl,-19609.541924367215,0,2,triangle_to_goal_obstacle,2.7050068378448486,0.4552009105682373,0.5768992900848389,0.7345418930053711,0.1407383233308792,0.41168633103370667,0,1.4181876182556152,0.027883002758026132,0,0,1,70,0.5768992900848389,0.4552009105682373,0,1,0
2026-07-06T02:37:38.128293,832,6,center_bridge_1_range_marl,-20350.08066682926,0,2,triangle_to_goal_obstacle,2.724782705307007,0.44124796986579895,0.5336502393086752,0.6894575953483582,0.1482207030057907,0.4222445487976074,0,1.3954483270645142,0.03371275424957276,0,0,1,66,0.5336502393086752,0.44124796986579895,0,1,0
2026-07-06T02:37:39.984662,833,6,center_bridge_1_range_marl,-18590.298969965974,0,2,triangle_to_goal_obstacle,2.726397752761841,0.4427974224090576,0.560168186823527,0.6906242370605469,0.14622114598751068,0.43963178992271423,0,1.3850345611572266,0.03439621090888978,0,0,1,65,0.560168186823527,0.4427974224090576,0,1,0
2026-07-06T02:37:42.036051,834,6,center_bridge_1_range_marl,-34663.33263948513,0,2,triangle_to_goal_obstacle,2.197147846221924,0.7942567467689514,1.0546222925186157,0.722654402256012,0.13962385058403015,0.4444836676120758,0,1.7143536806106567,0.028780022859573373,0,0,1,125,1.0546222925186157,0.7942567467689514,0,1,0
2026-07-06T02:37:43.907175,835,6,center_bridge_1_range_marl,-22707.806427978132,0,2,triangle_to_goal_obstacle,2.653270959854126,0.49316099286079407,0.6161686579386393,0.6818298697471619,0.1342865377664566,0.37995532155036926,0,1.4615951776504517,0.033564279079437265,0,0,1,76,0.6161686579386393,0.49316099286079407,0,1,0
2026-07-06T02:37:45.817962,836,6,center_bridge_1_range_marl,-26250.799099362917,0,2,triangle_to_goal_obstacle,2.4805550575256348,0.6043775677680969,0.7640962998072306,0.7370813488960266,0.13568024337291718,0.41963550448417664,0,1.594170331954956,0.026851812601089486,0,0,1,93,0.7640962998072306,0.6043775677680969,0,1,0
2026-07-06T02:37:47.688102,837,6,center_bridge_1_range_marl,-26567.095573166414,0,2,triangle_to_goal_obstacle,2.7251710891723633,0.4416235685348511,0.6153827905654907,0.7137511372566223,0.1416294127702713,0.445328950881958,0,1.3509891033172607,0.029114673137664804,0,0,1,67,0.6153827905654907,0.4416235685348511,0,1,0
2026-07-06T02:37:49.810485,838,6,center_bridge_1_range_marl,-42002.8475718369,0,2,triangle_to_goal_obstacle,2.1089272499084473,0.8512139320373535,1.1502525409062703,0.75111323595047,0.13965897262096405,0.46989354491233826,0,1.7684266567230225,0.025521824359893808,0,0,1,131,1.1502525409062703,0.8512139320373535,0,1,0
2026-07-06T02:37:51.618750,839,6,center_bridge_1_range_marl,-18455.228645079776,0,2,triangle_to_goal_obstacle,2.8539788722991943,0.35683369636535645,0.47547662258148193,0.7060950398445129,0.13996295630931854,0.41491374373435974,0,1.2892789840698242,0.028564343452453622,0,0,1,61,0.47547662258148193,0.35683369636535645,0,1,0
2026-07-06T02:37:53.443449,840,6,center_bridge_1_range_marl,-15551.991581437236,0,2,triangle_to_goal_obstacle,2.7868807315826416,0.40345504879951477,0.5061595439910889,0.6988767981529236,0.13954515755176544,0.4158364534378052,0,1.3514907360076904,0.03162539958953858,0,0,1,65,0.5061595439910889,0.40345504879951477,0,1,0
2026-07-06T02:37:55.422687,841,6,center_bridge_1_range_marl,-32991.224108399576,0,2,triangle_to_goal_obstacle,2.4261350631713867,0.6449474692344666,0.8513825734456381,0.6828926205635071,0.13976259529590607,0.4445359408855438,0,1.641107201576233,0.033965656757354745,0,0,1,98,0.8513825734456381,0.6449474692344666,0,1,0
2026-07-06T02:37:57.290514,842,6,center_bridge_1_range_marl,-20914.610513781096,0,2,triangle_to_goal_obstacle,2.7657086849212646,0.41268405318260193,0.5368702411651611,0.7347831130027771,0.1328430026769638,0.42378199100494385,0,1.3457638025283813,0.024805465936660775,0,0,1,64,0.5368702411651611,0.41268405318260193,0,1,0
2026-07-06T02:37:59.300812,843,6,center_bridge_1_range_marl,-26285.29226889799,0,2,triangle_to_goal_obstacle,2.6544065475463867,0.487337201833725,0.6441698869069418,0.7205522060394287,0.14178918302059174,0.4363659620285034,0,1.4271920919418335,0.027849177122116098,0,0,1,75,0.6441698869069418,0.487337201833725,0,1,0
2026-07-06T02:38:01.296477,844,6,center_bridge_1_range_marl,-24007.491715521446,0,2,triangle_to_goal_obstacle,2.7545745372772217,0.423564076423645,0.5721027851104736,0.7105104923248291,0.14640052616596222,0.4494095742702484,0,1.3380775451660156,0.03055951952934266,0,0,1,65,0.5721027851104736,0.423564076423645,0,1,0
2026-07-06T02:38:03.098761,845,6,center_bridge_1_range_marl,-20661.445617218622,0,2,triangle_to_goal_obstacle,2.795149087905884,0.3967599868774414,0.5438198248545328,0.7188622355461121,0.13836880028247833,0.4600127041339874,0,1.30802321434021,0.02603400707244874,0,0,1,64,0.5438198248545328,0.3967599868774414,0,1,0
2026-07-06T02:38:04.920112,846,6,center_bridge_1_range_marl,-17624.91087677312,0,2,triangle_to_goal_obstacle,2.8108885288238525,0.38678982853889465,0.5086160898208618,0.6925153136253357,0.14207984507083893,0.44004952907562256,0,1.3182379007339478,0.03284058928489686,0,0,1,62,0.5086160898208618,0.38678982853889465,0,1,0
2026-07-06T02:38:06.779791,847,6,center_bridge_1_range_marl,-21329.301611487834,0,2,triangle_to_goal_obstacle,2.7973439693450928,0.3984870910644531,0.5464606285095215,0.6829860806465149,0.1412322074174881,0.4500863552093506,0,1.3129256963729858,0.033307323455810556,0,0,1,63,0.5464606285095215,0.3984870910644531,0,1,0
2026-07-06T02:38:08.744660,848,6,center_bridge_1_range_marl,-31332.46360163384,0,2,triangle_to_goal_obstacle,2.4257097244262695,0.6459283232688904,0.8391069571177164,0.6878194212913513,0.13823218643665314,0.4309934079647064,0,1.6518173217773438,0.034589449167251596,0,0,1,97,0.8391069571177164,0.6459283232688904,0,1,0
2026-07-06T02:38:10.687154,849,6,center_bridge_1_range_marl,-32796.00898840757,0,2,triangle_to_goal_obstacle,2.498673677444458,0.5946412682533264,0.8019305070241293,0.7003371119499207,0.13816401362419128,0.4393445551395416,0,1.5479520559310913,0.031043330430984506,0,0,1,88,0.8019305070241293,0.5946412682533264,0,1,0
2026-07-06T02:38:12.737845,850,6,center_bridge_1_range_marl,-41865.98320213173,0,2,triangle_to_goal_obstacle,2.2490477561950684,0.7565423846244812,1.0357866287231445,0.7452753186225891,0.14209340512752533,0.45738422870635986,0,1.7957983016967773,0.02462978124618531,0,0,1,111,1.0357866287231445,0.7565423846244812,0,1,0
2026-07-06T02:38:14.694139,851,6,center_bridge_1_range_marl,-32802.5927803525,0,2,triangle_to_goal_obstacle,2.463150978088379,0.6151699423789978,0.8113987048467001,0.7053530812263489,0.14537356793880463,0.4733309745788574,0,1.5949079990386963,0.031038442850112924,0,0,1,88,0.8113987048467001,0.6151699423789978,0,1,0
2026-07-06T02:38:16.547660,852,6,center_bridge_1_range_marl,-25919.517186154386,0,2,triangle_to_goal_obstacle,2.644338369369507,0.4948950707912445,0.6734075546264648,0.7327569127082825,0.13729797303676605,0.4406905174255371,0,1.4333243370056152,0.02505240797996522,0,0,1,76,0.6734075546264648,0.4948950707912445,0,1,0
2026-07-06T02:38:18.491558,853,6,center_bridge_1_range_marl,-32768.89540326568,0,2,triangle_to_goal_obstacle,2.4744632244110107,0.6089379191398621,0.8226922353108724,0.7161495685577393,0.13869304955005646,0.4608301818370819,0,1.5754036903381348,0.02843443512916566,0,0,1,90,0.8226922353108724,0.6089379191398621,0,1,0
2026-07-06T02:38:20.464326,854,6,center_bridge_1_range_marl,-23329.068282425724,0,2,triangle_to_goal_obstacle,2.631645917892456,0.5045601725578308,0.6628159284591675,0.7094359993934631,0.14299547672271729,0.4294154644012451,0,1.444491982460022,0.03041092514991761,0,0,1,75,0.6628159284591675,0.5045601725578308,0,1,0
2026-07-06T02:38:22.360874,855,6,center_bridge_1_range_marl,-23976.92665513695,0,2,triangle_to_goal_obstacle,2.707771062850952,0.45350658893585205,0.6148864030838013,0.7214111685752869,0.14033521711826324,0.46582961082458496,0,1.3758074045181274,0.027940998077392587,0,0,1,67,0.6148864030838013,0.45350658893585205,0,1,0
2026-07-06T02:38:24.283470,856,6,center_bridge_1_range_marl,-22957.05752210877,0,2,triangle_to_goal_obstacle,2.806720495223999,0.39489635825157166,0.5573780139287313,0.6786849498748779,0.14181308448314667,0.4445817470550537,0,1.2970035076141357,0.034170875549316415,0,0,1,63,0.5573780139287313,0.39489635825157166,0,1,0
2026-07-06T02:38:26.194103,857,6,center_bridge_1_range_marl,-23460.872243215934,0,2,triangle_to_goal_obstacle,2.783831834793091,0.40231403708457947,0.5452277263005575,0.7333745360374451,0.1410180926322937,0.442304402589798,0,1.3200311660766602,0.026170710325241098,0,0,1,65,0.5452277263005575,0.40231403708457947,0,1,0
2026-07-06T02:38:28.111783,858,6,center_bridge_1_range_marl,-21940.853996694037,0,2,triangle_to_goal_obstacle,2.7389416694641113,0.431367963552475,0.5675023794174194,0.7108229994773865,0.14889472723007202,0.44851481914520264,0,1.3561407327651978,0.030670145750045785,0,0,1,66,0.5675023794174194,0.431367963552475,0,1,0
2026-07-06T02:38:30.066479,859,6,center_bridge_1_range_marl,-20287.567977632607,0,2,triangle_to_goal_obstacle,2.6725471019744873,0.4764351546764374,0.5966890652974447,0.7055962681770325,0.14165477454662323,0.4360365867614746,0,1.4373255968093872,0.03019694447517396,0,0,1,74,0.5966890652974447,0.4764351546764374,0,1,0
2026-07-06T02:38:32.005950,860,6,center_bridge_1_range_marl,-23670.89781337206,0,2,triangle_to_goal_obstacle,2.75547194480896,0.42295631766319275,0.5650491714477539,0.7038843035697937,0.14270760118961334,0.4319061040878296,0,1.343808650970459,0.030358860492706308,0,0,1,65,0.5650491714477539,0.42295631766319275,0,1,0
2026-07-06T02:38:34.062811,861,6,center_bridge_1_range_marl,-33626.14125977979,0,2,triangle_to_goal_obstacle,2.4030609130859375,0.6597539782524109,0.8815569480260214,0.6921359896659851,0.1418897658586502,0.4441058337688446,0,1.6565440893173218,0.03412942051887513,0,0,1,102,0.8815569480260214,0.6597539782524109,0,1,0
2026-07-06T02:38:36.008340,862,6,center_bridge_1_range_marl,-21599.591220355098,0,2,triangle_to_goal_obstacle,2.545170307159424,0.5635213851928711,0.7121112744013468,0.7013106942176819,0.1435091346502304,0.4388640820980072,0,1.5636327266693115,0.03230188250541688,0,0,1,88,0.7121112744013468,0.5635213851928711,0,1,0
2026-07-06T02:38:37.803248,863,6,center_bridge_1_range_marl,-23047.561279186193,0,2,triangle_to_goal_obstacle,2.823420286178589,0.3840196132659912,0.5413881540298462,0.69400954246521,0.14326812326908112,0.4675160348415375,0,1.288578748703003,0.03264970541000367,0,0,1,63,0.5413881540298462,0.3840196132659912,0,1,0
2026-07-06T02:38:39.636743,864,6,center_bridge_1_range_marl,-17221.32093738498,0,2,triangle_to_goal_obstacle,2.906386137008667,0.32244619727134705,0.4171924988428752,0.7132859230041504,0.13230571150779724,0.3995985984802246,0,1.2779234647750854,0.02797303557395936,0,0,1,48,0.4171924988428752,0.32244619727134705,0,1,0
2026-07-06T02:38:41.443892,865,6,center_bridge_1_range_marl,-19591.892525527583,0,2,triangle_to_goal_obstacle,2.8231945037841797,0.3822946548461914,0.5195342302322388,0.6885207295417786,0.1423133760690689,0.43809327483177185,0,1.300001859664917,0.034542510509490976,0,0,1,65,0.5195342302322388,0.3822946548461914,0,1,0
2026-07-06T02:38:43.347701,866,6,center_bridge_1_range_marl,-26694.969238414345,0,2,triangle_to_goal_obstacle,2.7571425437927246,0.4252208471298218,0.6124502420425415,0.7263148427009583,0.14282159507274628,0.44429388642311096,0,1.3147175312042236,0.027676472663879403,0,0,1,67,0.6124502420425415,0.4252208471298218,0,1,0
2026-07-06T02:38:45.266100,867,6,center_bridge_1_range_marl,-25965.15657190698,0,2,triangle_to_goal_obstacle,2.689560651779175,0.465736985206604,0.6122339566548666,0.6992321014404297,0.14511311054229736,0.4452723264694214,0,1.3974523544311523,0.03213728427886964,0,0,1,66,0.6122339566548666,0.465736985206604,0,1,0
2026-07-06T02:38:47.213325,868,6,center_bridge_1_range_marl,-27545.37274604093,0,2,triangle_to_goal_obstacle,2.5202133655548096,0.5764481425285339,0.7453627983729044,0.7402055263519287,0.13950170576572418,0.45892930030822754,0,1.5663769245147705,0.02482310891151429,0,0,1,84,0.7453627983729044,0.5764481425285339,0,1,0
2026-07-06T02:38:49.212570,869,6,center_bridge_1_range_marl,-26135.222352958845,0,2,triangle_to_goal_obstacle,2.5244698524475098,0.5784018635749817,0.7512112855911255,0.7065613865852356,0.14090512692928314,0.4290575683116913,0,1.5677669048309326,0.03243089675903321,0,0,1,86,0.7512112855911255,0.5784018635749817,0,1,0
2026-07-06T02:38:51.034527,870,6,center_bridge_1_range_marl,-23195.61255180608,0,2,triangle_to_goal_obstacle,2.7889950275421143,0.4037795960903168,0.5534135897954305,0.6856265068054199,0.14777396619319916,0.455847829580307,0,1.307897925376892,0.034523138999938974,0,0,1,66,0.5534135897954305,0.4037795960903168,0,1,0
2026-07-06T02:38:52.975786,871,6,center_bridge_1_range_marl,-26721.144483680782,0,2,triangle_to_goal_obstacle,2.6822381019592285,0.4717654287815094,0.6371555725733439,0.7227056622505188,0.14547452330589294,0.458491712808609,0,1.3877594470977783,0.03005690336227418,0,0,1,67,0.6371555725733439,0.4717654287815094,0,1,0
2026-07-06T02:38:54.880622,872,6,center_bridge_1_range_marl,-22341.17886758782,0,2,triangle_to_goal_obstacle,2.7418034076690674,0.4275161027908325,0.5757273435592651,0.7386074066162109,0.14245016872882843,0.4572916030883789,0,1.3314361572265625,0.02678350567817689,0,0,1,68,0.5757273435592651,0.4275161027908325,0,1,0
2026-07-06T02:38:56.850684,873,6,center_bridge_1_range_marl,-23290.192573910128,0,2,triangle_to_goal_obstacle,2.6446850299835205,0.4984792470932007,0.6431656281153361,0.6968538165092468,0.1408759504556656,0.4302634000778198,0,1.442232370376587,0.03369713783264161,0,0,1,77,0.6431656281153361,0.4984792470932007,0,1,0
2026-07-06T02:38:58.770408,874,6,center_bridge_1_range_marl,-23149.045049039007,0,2,triangle_to_goal_obstacle,2.7301242351531982,0.4356619417667389,0.5832961002985636,0.734677255153656,0.14767217636108398,0.4482691287994385,0,1.35370934009552,0.026676068305969247,0,0,1,66,0.5832961002985636,0.4356619417667389,0,1,0
2026-07-06T02:39:00.692437,875,6,center_bridge_1_range_marl,-19064.33735039914,0,2,triangle_to_goal_obstacle,2.768054723739624,0.4117598235607147,0.5122677087783813,0.7171878814697266,0.14519928395748138,0.4448048174381256,0,1.3669179677963257,0.027928391695022592,0,0,1,65,0.5122677087783813,0.4117598235607147,0,1,0
2026-07-06T02:39:02.629960,876,6,center_bridge_1_range_marl,-25753.004747797873,0,2,triangle_to_goal_obstacle,2.6894009113311768,0.46811461448669434,0.6557240883509318,0.6819127202033997,0.14529134333133698,0.44909563660621643,0,1.3763480186462402,0.03446877956390382,0,0,1,71,0.6557240883509318,0.46811461448669434,0,1,0
2026-07-06T02:39:04.575997,877,6,center_bridge_1_range_marl,-24584.530324382584,0,2,triangle_to_goal_obstacle,2.6605563163757324,0.4876338243484497,0.6587196985880533,0.7089179158210754,0.1407403200864792,0.45117834210395813,0,1.4182064533233643,0.03093672752380372,0,0,1,75,0.6587196985880533,0.4876338243484497,0,1,0
2026-07-06T02:39:06.458071,878,6,center_bridge_1_range_marl,-21556.856782007937,0,2,triangle_to_goal_obstacle,2.754326343536377,0.4191358983516693,0.5608239968617758,0.7370791435241699,0.14451827108860016,0.4396376311779022,0,1.3446701765060425,0.025230268239974984,0,0,1,66,0.5608239968617758,0.4191358983516693,0,1,0
2026-07-06T02:39:08.316834,879,6,center_bridge_1_range_marl,-18438.050383233156,0,2,triangle_to_goal_obstacle,2.813929319381714,0.3812137544155121,0.4909826914469401,0.6942002177238464,0.1498555839061737,0.425081729888916,0,1.3026334047317505,0.031892398595809945,0,0,1,60,0.4909826914469401,0.3812137544155121,0,1,0
2026-07-06T02:39:10.186017,880,6,center_bridge_1_range_marl,-21227.65723973124,0,2,triangle_to_goal_obstacle,2.8116650581359863,0.38751283288002014,0.5205204089482626,0.6882152557373047,0.14647658169269562,0.4428500831127167,0,1.3015183210372925,0.03375546097755433,0,0,1,60,0.5205204089482626,0.38751283288002014,0,1,0
2026-07-06T02:39:12.128203,881,6,center_bridge_1_range_marl,-22293.489009873436,0,2,triangle_to_goal_obstacle,2.6554317474365234,0.4864966869354248,0.6223570505777994,0.7305988669395447,0.14146189391613007,0.4341415464878082,0,1.444420576095581,0.026153782606124887,0,0,1,74,0.6223570505777994,0.4864966869354248,0,1,0
2026-07-06T02:39:13.990982,882,6,center_bridge_1_range_marl,-19056.055982655118,0,2,triangle_to_goal_obstacle,2.7796382904052734,0.40075406432151794,0.5210098822911581,0.7464323043823242,0.1381385326385498,0.4488085210323334,0,1.3298060894012451,0.02431298255920411,0,0,1,66,0.5210098822911581,0.40075406432151794,0,1,0
2026-07-06T02:39:15.872017,883,6,center_bridge_1_range_marl,-20966.39312607817,0,2,triangle_to_goal_obstacle,2.7789063453674316,0.40787139534950256,0.5337683359781901,0.7166498303413391,0.1455158144235611,0.421773225069046,0,1.3395644426345825,0.031292656660079965,0,0,1,65,0.5337683359781901,0.40787139534950256,0,1,0
2026-07-06T02:39:17.832528,884,6,center_bridge_1_range_marl,-22617.578233528857,0,2,triangle_to_goal_obstacle,2.544009208679199,0.5672895908355713,0.7175699869791666,0.6753783226013184,0.14173102378845215,0.44800230860710144,0,1.5517641305923462,0.03528378367424012,0,0,1,87,0.7175699869791666,0.5672895908355713,0,1,0
2026-07-06T02:39:19.726778,885,6,center_bridge_1_range_marl,-17701.659345674496,0,2,triangle_to_goal_obstacle,2.7622616291046143,0.4183138906955719,0.544548233350118,0.7100446820259094,0.14356069266796112,0.44219067692756653,0,1.3493696451187134,0.030374536514282235,0,0,1,66,0.544548233350118,0.4183138906955719,0,1,0
2026-07-06T02:39:21.602392,886,6,center_bridge_1_range_marl,-17388.10307865315,0,2,triangle_to_goal_obstacle,2.8442506790161133,0.3645120859146118,0.49251635869344074,0.6994578242301941,0.14325471222400665,0.4421384036540985,0,1.2795823812484741,0.029352555274963388,0,0,1,64,0.49251635869344074,0.3645120859146118,0,1,0
2026-07-06T02:39:23.459185,887,6,center_bridge_1_range_marl,-24126.386539373387,0,2,triangle_to_goal_obstacle,2.5966458320617676,0.5263181328773499,0.6836886405944824,0.7334370613098145,0.1429360955953598,0.44368812441825867,0,1.4807929992675781,0.02753619313240052,0,0,1,82,0.6836886405944824,0.5263181328773499,0,1,0
2026-07-06T02:39:25.246939,888,6,center_bridge_1_range_marl,-19434.246181789626,0,2,triangle_to_goal_obstacle,2.797852039337158,0.39315328001976013,0.5303712288538615,0.73295658826828,0.1423310935497284,0.4396078586578369,0,1.308986783027649,0.025334755182266244,0,0,1,66,0.5303712288538615,0.39315328001976013,0,1,0
2026-07-06T02:39:27.064644,889,6,center_bridge_1_range_marl,-18032.41029053044,0,2,triangle_to_goal_obstacle,2.7779455184936523,0.40710020065307617,0.542841911315918,0.7156715393066406,0.14438104629516602,0.4383591115474701,0,1.3246914148330688,0.028342435359954843,0,0,1,65,0.542841911315918,0.40710020065307617,0,1,0
2026-07-06T02:39:28.928394,890,6,center_bridge_1_range_marl,-22538.43351221537,0,2,triangle_to_goal_obstacle,2.793628692626953,0.40066513419151306,0.5453516244888306,0.6851339340209961,0.14371493458747864,0.4162827432155609,0,1.3235100507736206,0.03258387207984925,0,0,1,66,0.5453516244888306,0.40066513419151306,0,1,0
2026-07-06T02:39:30.739545,891,6,center_bridge_1_range_marl,-18758.0942032565,0,2,triangle_to_goal_obstacle,2.7396581172943115,0.43190112709999084,0.5529642899831136,0.7290374636650085,0.14616824686527252,0.44909223914146423,0,1.3788620233535767,0.02854005455970765,0,0,1,65,0.5529642899831136,0.43190112709999084,0,1,0
2026-07-06T02:39:32.545963,892,6,center_bridge_1_range_marl,-16148.288953371017,0,2,triangle_to_goal_obstacle,2.8365166187286377,0.366555780172348,0.48807652791341144,0.7176890969276428,0.13890691101551056,0.4393242597579956,0,1.2876518964767456,0.028595963716506967,0,0,1,63,0.48807652791341144,0.366555780172348,0,1,0
2026-07-06T02:39:34.361956,893,6,center_bridge_1_range_marl,-22709.784173079068,0,2,triangle_to_goal_obstacle,2.7975897789001465,0.3957052230834961,0.5465966463088989,0.7209823131561279,0.14581425487995148,0.44469746947288513,0,1.3039062023162842,0.02989150047302247,0,0,1,63,0.5465966463088989,0.3957052230834961,0,1,0
2026-07-06T02:39:36.294717,894,6,center_bridge_1_range_marl,-22515.755984186053,0,2,triangle_to_goal_obstacle,2.6597001552581787,0.4890035092830658,0.6599273284276327,0.6975857615470886,0.14134643971920013,0.4661535918712616,0,1.4197845458984375,0.03274066209793092,0,0,1,80,0.6599273284276327,0.4890035092830658,0,1,0
2026-07-06T02:39:38.193335,895,6,center_bridge_1_range_marl,-19931.883837444675,0,2,triangle_to_goal_obstacle,2.7017605304718018,0.45727214217185974,0.5916327238082886,0.7190303802490234,0.14321283996105194,0.44175267219543457,0,1.4000730514526367,0.02957118511199952,0,0,1,76,0.5916327238082886,0.45727214217185974,0,1,0
2026-07-06T02:39:39.915424,896,6,center_bridge_1_range_marl,-14593.770692292921,0,2,triangle_to_goal_obstacle,2.9904353618621826,0.27330002188682556,0.3640933434168498,0.7374529838562012,0.13824953138828278,0.42163845896720886,0,1.1957085132598877,0.019159207344055185,0,0,1,47,0.3640933434168498,0.27330002188682556,0,1,0
2026-07-06T02:39:41.815418,897,6,center_bridge_1_range_marl,-16080.549567256712,0,2,triangle_to_goal_obstacle,2.872596263885498,0.3482847213745117,0.4804201126098633,0.7077437043190002,0.14118999242782593,0.4513585865497589,0,1.2657607793807983,0.02977837085723878,0,0,1,60,0.4804201126098633,0.3482847213745117,0,1,0
2026-07-06T02:39:43.756224,898,6,center_bridge_1_range_marl,-34573.535926342796,0,2,triangle_to_goal_obstacle,2.4021155834198,0.658388614654541,0.8963756958643595,0.7172001004219055,0.14339902997016907,0.47136005759239197,0,1.636053204536438,0.029822120666503915,0,0,1,101,0.8963756958643595,0.658388614654541,0,1,0
2026-07-06T02:39:45.761890,899,6,center_bridge_1_range_marl,-33556.22916814561,0,2,triangle_to_goal_obstacle,2.4451701641082764,0.6313876509666443,0.8413825035095215,0.7028740048408508,0.14462222158908844,0.4643806517124176,0,1.6173570156097412,0.032727102041244516,0,0,1,95,0.8413825035095215,0.6313876509666443,0,1,0
2026-07-06T02:39:47.571081,900,6,center_bridge_1_range_marl,-18699.215865011938,0,2,triangle_to_goal_obstacle,2.748138666152954,0.42601123452186584,0.539940357208252,0.695518970489502,0.1459624022245407,0.4348698556423187,0,1.3556288480758667,0.030867973566055307,0,0,1,71,0.539940357208252,0.42601123452186584,0,1,0
2026-07-06T02:39:49.356190,901,6,center_bridge_1_range_marl,-14421.295466739663,0,2,triangle_to_goal_obstacle,2.837528944015503,0.36742404103279114,0.4754318793614705,0.7106547355651855,0.1394360363483429,0.42435944080352783,0,1.2992209196090698,0.028195003271102914,0,0,1,67,0.4754318793614705,0.36742404103279114,0,1,0
2026-07-06T02:39:51.172436,902,6,center_bridge_1_range_marl,-15741.590111168245,0,2,triangle_to_goal_obstacle,2.803905963897705,0.3887542486190796,0.4829799334208171,0.7384507060050964,0.1431126445531845,0.4361180067062378,0,1.3307349681854248,0.02608482003211976,0,0,1,63,0.4829799334208171,0.3887542486190796,0,1,0
2026-07-06T02:39:53.010682,903,6,center_bridge_1_range_marl,-20238.408028461577,0,2,triangle_to_goal_obstacle,2.8191280364990234,0.38146641850471497,0.5317225456237793,0.7260279059410095,0.13976426422595978,0.4405813217163086,0,1.3065096139907837,0.027491400241851816,0,0,1,64,0.5317225456237793,0.38146641850471497,0,1,0
2026-07-06T02:39:54.960835,904,6,center_bridge_1_range_marl,-28654.01914901521,0,2,triangle_to_goal_obstacle,2.5854990482330322,0.5371790528297424,0.7224617401758829,0.7139471173286438,0.1419106125831604,0.4628789722919464,0,1.4831297397613525,0.03027103304862977,0,0,1,82,0.7224617401758829,0.5371790528297424,0,1,0
2026-07-06T02:39:56.716353,905,6,center_bridge_1_range_marl,-14302.421058806252,0,2,triangle_to_goal_obstacle,2.9117074012756348,0.320087194442749,0.4311797221501668,0.715676486492157,0.13575927913188934,0.44131478667259216,0,1.2387328147888184,0.029803851842880258,0,0,1,58,0.4311797221501668,0.320087194442749,0,1,0
2026-07-06T02:39:58.509191,906,6,center_bridge_1_range_marl,-17248.957784838443,0,2,triangle_to_goal_obstacle,2.845078468322754,0.3596091568470001,0.477117379506429,0.7207360863685608,0.1350041627883911,0.4202052652835846,0,1.2858786582946777,0.02543799042701722,0,0,1,59,0.477117379506429,0.3596091568470001,0,1,0
2026-07-06T02:40:00.260719,907,6,center_bridge_1_range_marl,-11490.898535608228,0,2,triangle_to_goal_obstacle,2.9511334896087646,0.29107192158699036,0.3788299560546875,0.7161968350410461,0.12588444352149963,0.39051517844200134,0,1.2453968524932861,0.026445279121398935,0,0,1,55,0.3788299560546875,0.29107192158699036,0,1,0
2026-07-06T02:40:02.070807,908,6,center_bridge_1_range_marl,-13421.69176902468,0,2,triangle_to_goal_obstacle,2.856482982635498,0.353076696395874,0.4496643543243408,0.7135356068611145,0.1447659283876419,0.4305729866027832,0,1.2974669933319092,0.02840570569038392,0,0,1,61,0.4496643543243408,0.353076696395874,0,1,0
2026-07-06T02:40:03.884851,909,6,center_bridge_1_range_marl,-19680.111224982382,0,2,triangle_to_goal_obstacle,2.760881185531616,0.4202800691127777,0.5688764254252116,0.6771648526191711,0.14509953558444977,0.43025460839271545,0,1.3440178632736206,0.03331462502479554,0,0,1,69,0.5688764254252116,0.4202800691127777,0,1,0
2026-07-06T02:40:05.711432,910,6,center_bridge_1_range_marl,-22650.26333796471,0,2,triangle_to_goal_obstacle,2.7090446949005127,0.45577260851860046,0.6100896596908569,0.7060990929603577,0.14079491794109344,0.4369427263736725,0,1.3808642625808716,0.031719515323638925,0,0,1,72,0.6100896596908569,0.45577260851860046,0,1,0
2026-07-06T02:40:07.521083,911,6,center_bridge_1_range_marl,-21603.059197249262,0,2,triangle_to_goal_obstacle,2.8060128688812256,0.3890283405780792,0.5284493764241537,0.707686722278595,0.1467009037733078,0.44486626982688904,0,1.3032573461532593,0.030520508289337167,0,0,1,65,0.5284493764241537,0.3890283405780792,0,1,0
2026-07-06T02:40:09.316531,912,6,center_bridge_1_range_marl,-11656.576927006827,0,2,triangle_to_goal_obstacle,2.8838250637054443,0.3378959000110626,0.4298226435979207,0.7046859860420227,0.1439860314130783,0.44332218170166016,0,1.2704527378082275,0.03063286304473878,0,0,1,61,0.4298226435979207,0.3378959000110626,0,1,0
2026-07-06T02:40:11.204371,913,6,center_bridge_1_range_marl,-20567.817948376793,0,2,triangle_to_goal_obstacle,2.705296516418457,0.4538830816745758,0.5912189483642578,0.7359190583229065,0.14002461731433868,0.4570659399032593,0,1.3932331800460815,0.025488386154174814,0,0,1,73,0.5912189483642578,0.4538830816745758,0,1,0
2026-07-06T02:40:13.022486,914,6,center_bridge_1_range_marl,-16427.93833362776,0,2,triangle_to_goal_obstacle,2.7860169410705566,0.40358614921569824,0.5151811043421427,0.6895521283149719,0.1443718820810318,0.4213780462741852,0,1.330300211906433,0.03276626229286195,0,0,1,66,0.5151811043421427,0.40358614921569824,0,1,0
2026-07-06T02:40:14.876474,915,6,center_bridge_1_range_marl,-21407.059726241532,0,2,triangle_to_goal_obstacle,2.674264907836914,0.47607889771461487,0.5960260629653931,0.7216224074363708,0.14055997133255005,0.4276287853717804,0,1.4432587623596191,0.027260044813156137,0,0,1,75,0.5960260629653931,0.47607889771461487,0,1,0
2026-07-06T02:40:16.767192,916,6,center_bridge_1_range_marl,-24970.802976131337,0,2,triangle_to_goal_obstacle,2.614290475845337,0.5201048254966736,0.678877075513204,0.6857594847679138,0.14003242552280426,0.4675542414188385,0,1.4773417711257935,0.03307918667793275,0,0,1,77,0.678877075513204,0.5201048254966736,0,1,0
2026-07-06T02:40:18.545768,917,6,center_bridge_1_range_marl,-15121.365647492123,0,2,triangle_to_goal_obstacle,2.785494565963745,0.3990578353404999,0.48769672711690265,0.7424138188362122,0.14391565322875977,0.4230116605758667,0,1.3551191091537476,0.0244639015197754,0,0,1,62,0.48769672711690265,0.3990578353404999,0,1,0
2026-07-06T02:40:20.456638,918,6,center_bridge_1_range_marl,-14505.798161603423,0,2,triangle_to_goal_obstacle,2.832054615020752,0.3734370172023773,0.47406284014383954,0.7041371464729309,0.13985662162303925,0.4432711601257324,0,1.323750376701355,0.03221292257308961,0,0,1,61,0.47406284014383954,0.3734370172023773,0,1,0
2026-07-06T02:40:22.323736,919,6,center_bridge_1_range_marl,-15387.048997673055,0,2,triangle_to_goal_obstacle,2.8304765224456787,0.37322375178337097,0.48315378030141193,0.7109901309013367,0.14034853875637054,0.42536795139312744,0,1.3103430271148682,0.028311977386474618,0,0,1,64,0.48315378030141193,0.37322375178337097,0,1,0
2026-07-06T02:40:24.115036,920,6,center_bridge_1_range_marl,-14468.046447177836,0,2,triangle_to_goal_obstacle,2.8577897548675537,0.3565084934234619,0.45222898324330646,0.6738083958625793,0.14576677978038788,0.41039547324180603,0,1.2942770719528198,0.03453431487083436,0,0,1,61,0.45222898324330646,0.3565084934234619,0,1,0
2026-07-06T02:40:25.923057,921,6,center_bridge_1_range_marl,-14523.076115497253,0,2,triangle_to_goal_obstacle,2.8316054344177246,0.3701595366001129,0.4648823340733846,0.7163631916046143,0.14564329385757446,0.42965707182884216,0,1.3078348636627197,0.028113374710083017,0,0,1,61,0.4648823340733846,0.3701595366001129,0,1,0
2026-07-06T02:40:27.732261,922,6,center_bridge_1_range_marl,-16346.250467540169,0,2,triangle_to_goal_obstacle,2.7798023223876953,0.4059498608112335,0.513315478960673,0.7296292781829834,0.14687375724315643,0.4291280508041382,0,1.3433152437210083,0.028587291240692148,0,0,1,65,0.513315478960673,0.4059498608112335,0,1,0
2026-07-06T02:40:29.546145,923,6,center_bridge_1_range_marl,-16436.729807081283,0,2,triangle_to_goal_obstacle,2.790832996368408,0.39574193954467773,0.5134474039077759,0.7456927299499512,0.1467422991991043,0.4447629451751709,0,1.3252612352371216,0.025709489583969125,0,0,1,65,0.5134474039077759,0.39574193954467773,0,1,0
2026-07-06T02:40:31.378463,924,6,center_bridge_1_range_marl,-23838.788937223762,0,2,triangle_to_goal_obstacle,2.7760982513427734,0.4121077060699463,0.5742808183034261,0.6976272463798523,0.1462525576353073,0.4540124833583832,0,1.320917010307312,0.03338072657585145,0,0,1,65,0.5742808183034261,0.4121077060699463,0,1,0
2026-07-06T02:40:33.222461,925,6,center_bridge_1_range_marl,-16400.580671785727,0,2,triangle_to_goal_obstacle,2.8324761390686035,0.37030482292175293,0.49109141031901044,0.7340977787971497,0.14520986378192902,0.435394287109375,0,1.2916241884231567,0.027141103744506845,0,0,1,64,0.49109141031901044,0.37030482292175293,0,1,0
2026-07-06T02:40:35.128579,926,6,center_bridge_1_range_marl,-25057.275030026478,0,2,triangle_to_goal_obstacle,2.5603625774383545,0.5547420978546143,0.7409873008728027,0.6931708455085754,0.14284582436084747,0.45092907547950745,0,1.5011143684387207,0.03176809310913087,0,0,1,89,0.7409873008728027,0.5547420978546143,0,1,0
2026-07-06T02:40:36.926547,927,6,center_bridge_1_range_marl,-15805.073250485111,0,2,triangle_to_goal_obstacle,2.7822656631469727,0.4030884802341461,0.5066641569137573,0.7255630493164062,0.14526528120040894,0.44883835315704346,0,1.345204472541809,0.028549293279647836,0,0,1,63,0.5066641569137573,0.4030884802341461,0,1,0
2026-07-06T02:40:38.735336,928,6,center_bridge_1_range_marl,-18045.67254691162,0,2,triangle_to_goal_obstacle,2.794116973876953,0.40011635422706604,0.543138345082601,0.678889274597168,0.14848743379116058,0.45430120825767517,0,1.3124126195907593,0.034166107177734384,0,0,1,65,0.543138345082601,0.40011635422706604,0,1,0
2026-07-06T02:40:40.571080,929,6,center_bridge_1_range_marl,-14872.572717640574,0,2,triangle_to_goal_obstacle,2.7958343029022217,0.3916884958744049,0.5002612670262655,0.7255558967590332,0.14518065750598907,0.45608699321746826,0,1.3216006755828857,0.026920626163482675,0,0,1,69,0.5002612670262655,0.3916884958744049,0,1,0
2026-07-06T02:40:42.404618,930,6,center_bridge_1_range_marl,-21427.01867300708,0,2,triangle_to_goal_obstacle,2.780827283859253,0.40908244252204895,0.5467387437820435,0.6916777491569519,0.14253443479537964,0.4404934346675873,0,1.3278446197509766,0.0330984389781952,0,0,1,63,0.5467387437820435,0.40908244252204895,0,1,0
2026-07-06T02:40:44.256616,931,6,center_bridge_1_range_marl,-16580.36467105413,0,2,triangle_to_goal_obstacle,2.852571487426758,0.3597547113895416,0.4853248993555705,0.6826174855232239,0.1466178447008133,0.44637051224708557,0,1.2809648513793945,0.033657113313674936,0,0,1,64,0.4853248993555705,0.3597547113895416,0,1,0
2026-07-06T02:40:46.158437,932,6,center_bridge_1_range_marl,-24661.98253388705,0,2,triangle_to_goal_obstacle,2.7192938327789307,0.4419808089733124,0.5805479685465494,0.7328159213066101,0.1416638046503067,0.4443093240261078,0,1.3672946691513062,0.026328752040863046,0,0,1,66,0.5805479685465494,0.4419808089733124,0,1,0
2026-07-06T02:40:48.093744,933,6,center_bridge_1_range_marl,-25149.389346867065,0,2,triangle_to_goal_obstacle,2.5620357990264893,0.5525347590446472,0.7068546215693156,0.7093286514282227,0.14000825583934784,0.4761148989200592,0,1.529512643814087,0.030118981599807748,0,0,1,87,0.7068546215693156,0.5525347590446472,0,1,0
2026-07-06T02:40:49.893419,934,6,center_bridge_1_range_marl,-17307.823703495396,0,2,triangle_to_goal_obstacle,2.8241958618164062,0.3754488527774811,0.48574570814768475,0.7232814431190491,0.14510595798492432,0.4404468536376953,0,1.3117988109588623,0.028235325813293466,0,0,1,61,0.48574570814768475,0.3754488527774811,0,1,0
2026-07-06T02:40:51.734752,935,6,center_bridge_1_range_marl,-9630.51613278389,0,2,triangle_to_goal_obstacle,2.786665916442871,0.39674124121665955,0.5036473671595255,0.7265722751617432,0.14527709782123566,0.44636106491088867,0,1.3378841876983643,0.024676153659820566,0,0,1,70,0.5036473671595255,0.39674124121665955,0,1,0
2026-07-06T02:40:53.618162,936,6,center_bridge_1_range_marl,-28752.25971795641,0,2,triangle_to_goal_obstacle,2.618645668029785,0.5179845690727234,0.7069528500239054,0.6905858516693115,0.14417549967765808,0.46063968539237976,0,1.444419503211975,0.03508327364921571,0,0,1,78,0.7069528500239054,0.5179845690727234,0,1,0
2026-07-06T02:40:55.495446,937,6,center_bridge_1_range_marl,-18111.618236830287,0,2,triangle_to_goal_obstacle,2.6949102878570557,0.46483826637268066,0.5806455612182617,0.693621814250946,0.14436453580856323,0.4603467285633087,0,1.4241687059402466,0.03180880308151246,0,0,1,75,0.5806455612182617,0.46483826637268066,0,1,0
2026-07-06T02:40:57.285517,938,6,center_bridge_1_range_marl,-19778.057204358673,0,2,triangle_to_goal_obstacle,2.8094704151153564,0.38372060656547546,0.5024279753367106,0.7232641577720642,0.14826759696006775,0.4433232247829437,0,1.3078504800796509,0.027504602670669565,0,0,1,61,0.5024279753367106,0.38372060656547546,0,1,0
2026-07-06T02:40:59.068170,939,6,center_bridge_1_range_marl,-16135.693954577524,0,2,triangle_to_goal_obstacle,2.864720344543457,0.3528330326080322,0.47199753920237225,0.6838027834892273,0.14680229127407074,0.4563799798488617,0,1.2693047523498535,0.03239906787872315,0,0,1,59,0.47199753920237225,0.3528330326080322,0,1,0
2026-07-06T02:41:00.877674,940,6,center_bridge_1_range_marl,-23249.599406369125,0,2,triangle_to_goal_obstacle,2.770805597305298,0.41062629222869873,0.5547720193862915,0.7284550070762634,0.1489265412092209,0.4770052433013916,0,1.3212616443634033,0.02844203472137452,0,0,1,63,0.5547720193862915,0.41062629222869873,0,1,0
2026-07-06T02:41:02.752872,941,6,center_bridge_1_range_marl,-27831.48159990195,0,2,triangle_to_goal_obstacle,2.653782367706299,0.4918603003025055,0.662125825881958,0.6938640475273132,0.1460558921098709,0.45101475715637207,0,1.416495680809021,0.03375906705856324,0,0,1,71,0.662125825881958,0.4918603003025055,0,1,0
2026-07-06T02:41:04.611580,942,6,center_bridge_1_range_marl,-26184.364015123007,0,2,triangle_to_goal_obstacle,2.6931936740875244,0.46955606341362,0.6536650657653809,0.6891493797302246,0.14048467576503754,0.45753201842308044,0,1.3696264028549194,0.034171918630599984,0,0,1,73,0.6536650657653809,0.46955606341362,0,1,0
2026-07-06T02:41:06.427329,943,6,center_bridge_1_range_marl,-21901.792246460554,0,2,triangle_to_goal_obstacle,2.7650935649871826,0.41908326745033264,0.5665970245997111,0.7012295126914978,0.1443147212266922,0.4610619843006134,0,1.334433674812317,0.03245226502418519,0,0,1,65,0.5665970245997111,0.41908326745033264,0,1,0
2026-07-06T02:41:08.269434,944,6,center_bridge_1_range_marl,-19301.309516874906,0,2,triangle_to_goal_obstacle,2.6868937015533447,0.46513333916664124,0.5833629369735718,0.7167933583259583,0.14736726880073547,0.46972811222076416,0,1.4211686849594116,0.028365830183029184,0,0,1,74,0.5833629369735718,0.46513333916664124,0,1,0
2026-07-06T02:41:10.088946,945,6,center_bridge_1_range_marl,-19176.68551265924,0,2,triangle_to_goal_obstacle,2.7651753425598145,0.41087964177131653,0.524547259012858,0.7384014129638672,0.1403896063566208,0.43309953808784485,0,1.354341745376587,0.025869081020355233,0,0,1,65,0.524547259012858,0.41087964177131653,0,1,0
2026-07-06T02:41:11.943328,946,6,center_bridge_1_range_marl,-16082.987299425606,0,2,triangle_to_goal_obstacle,2.71749210357666,0.4462569057941437,0.5419228076934814,0.7339090704917908,0.1393592804670334,0.4304974377155304,0,1.4215195178985596,0.026286998987197885,0,0,1,72,0.5419228076934814,0.4462569057941437,0,1,0
2026-07-06T02:41:13.787971,947,6,center_bridge_1_range_marl,-20884.85832858405,0,2,triangle_to_goal_obstacle,2.715860605239868,0.44950470328330994,0.5841873089472452,0.7046403884887695,0.14340989291667938,0.4423430860042572,0,1.3912849426269531,0.029981920719146737,0,0,1,72,0.5841873089472452,0.44950470328330994,0,1,0
2026-07-06T02:41:15.588069,948,6,center_bridge_1_range_marl,-22167.141141531218,0,2,triangle_to_goal_obstacle,2.7732393741607666,0.41451892256736755,0.5422560373942057,0.7004635334014893,0.14268477261066437,0.4342176020145416,0,1.348616361618042,0.033582249879837045,0,0,1,63,0.5422560373942057,0.41451892256736755,0,1,0
2026-07-06T02:41:17.420687,949,6,center_bridge_1_range_marl,-19087.94741514037,0,2,triangle_to_goal_obstacle,2.7542495727539062,0.4179600775241852,0.5517692168553671,0.7238275408744812,0.1446315199136734,0.44619330763816833,0,1.3516207933425903,0.023778001070022592,0,0,1,69,0.5517692168553671,0.4179600775241852,0,1,0
2026-07-06T02:41:19.197520,950,6,center_bridge_1_range_marl,-20328.698242560087,0,2,triangle_to_goal_obstacle,2.808274507522583,0.3830791711807251,0.4912091890970866,0.7329462170600891,0.14644040167331696,0.4294534921646118,0,1.3159418106079102,0.02430612802505494,0,0,1,61,0.4912091890970866,0.3830791711807251,0,1,0
2026-07-06T02:41:21.080223,951,6,center_bridge_1_range_marl,-16360.78470759836,0,2,triangle_to_goal_obstacle,2.7812399864196777,0.40221676230430603,0.5185246070226034,0.7266623973846436,0.13920362293720245,0.4349939823150635,0,1.3384959697723389,0.025399128198623666,0,0,1,70,0.5185246070226034,0.40221676230430603,0,1,0
2026-07-06T02:41:22.935209,952,6,center_bridge_1_range_marl,-19571.985348052884,0,2,triangle_to_goal_obstacle,2.7306642532348633,0.43961742520332336,0.5853235324223837,0.7133631706237793,0.14404375851154327,0.444629430770874,0,1.3684476613998413,0.02993444561958314,0,0,1,75,0.5853235324223837,0.43961742520332336,0,1,0
2026-07-06T02:41:24.791994,953,6,center_bridge_1_range_marl,-16923.98900675819,0,2,triangle_to_goal_obstacle,2.7299420833587646,0.43383410573005676,0.5413594643274943,0.7280053496360779,0.15039803087711334,0.44488391280174255,0,1.3799477815628052,0.02584246754646302,0,0,1,72,0.5413594643274943,0.43383410573005676,0,1,0
2026-07-06T02:41:26.753683,954,6,center_bridge_1_range_marl,-26723.71342572206,0,2,triangle_to_goal_obstacle,2.3982183933258057,0.6622931957244873,0.8594603141148885,0.6952645182609558,0.14827971160411835,0.4827539920806885,0,1.6565728187561035,0.033756831884384164,0,0,1,106,0.8594603141148885,0.6622931957244873,0,1,0
2026-07-06T02:41:28.571307,955,6,center_bridge_1_range_marl,-21311.017098366676,0,2,triangle_to_goal_obstacle,2.726731538772583,0.4432700574398041,0.5820478598276774,0.693393886089325,0.1486547738313675,0.43250975012779236,0,1.374603033065796,0.0337751603126526,0,0,1,66,0.5820478598276774,0.4432700574398041,0,1,0
2026-07-06T02:41:30.359971,956,6,center_bridge_1_range_marl,-17776.80961890959,0,2,triangle_to_goal_obstacle,2.8077001571655273,0.3915269672870636,0.5313723087310791,0.7112245559692383,0.14239896833896637,0.446732759475708,0,1.3187222480773926,0.030507842302322397,0,0,1,62,0.5313723087310791,0.3915269672870636,0,1,0
2026-07-06T02:41:32.212644,957,6,center_bridge_1_range_marl,-23532.746372830254,0,2,triangle_to_goal_obstacle,2.7088139057159424,0.44943371415138245,0.5927513440450033,0.7390516400337219,0.145048126578331,0.463113397359848,0,1.3715206384658813,0.025027374029159555,0,0,1,73,0.5927513440450033,0.44943371415138245,0,1,0
2026-07-06T02:41:33.987816,958,6,center_bridge_1_range_marl,-20280.63346977201,0,2,triangle_to_goal_obstacle,2.8745622634887695,0.35459932684898376,0.4924517472585042,0.6977541446685791,0.14434237778186798,0.42878231406211853,0,1.2501577138900757,0.03241531014442445,0,0,1,59,0.4924517472585042,0.35459932684898376,0,1,0
2026-07-06T02:41:35.760371,959,6,center_bridge_1_range_marl,-16621.229706026865,0,2,triangle_to_goal_obstacle,2.8148891925811768,0.3861006796360016,0.5004719495773315,0.6868354678153992,0.14812670648097992,0.4266637861728668,0,1.3179595470428467,0.03570098638534547,0,0,1,63,0.5004719495773315,0.3861006796360016,0,1,0
2026-07-06T02:41:37.587295,960,6,center_bridge_1_range_marl,-20290.965889986444,0,2,triangle_to_goal_obstacle,2.826686382293701,0.3810029923915863,0.5289415915807089,0.7218405604362488,0.14613741636276245,0.443920373916626,0,1.2717599868774414,0.027802774906158456,0,0,1,63,0.5289415915807089,0.3810029923915863,0,1,0
2026-07-06T02:41:39.388321,961,6,center_bridge_1_range_marl,-17670.639802221536,0,2,triangle_to_goal_obstacle,2.8195807933807373,0.37986311316490173,0.4950780471165975,0.7182968258857727,0.1451854109764099,0.4323999881744385,0,1.307969093322754,0.0301631784439087,0,0,1,60,0.4950780471165975,0.37986311316490173,0,1,0
2026-07-06T02:41:41.225359,962,6,center_bridge_1_range_marl,-17656.14853072892,0,2,triangle_to_goal_obstacle,2.7217459678649902,0.44437894225120544,0.5679605404535929,0.719271183013916,0.1429198533296585,0.42188096046447754,0,1.3912907838821411,0.02976695656776429,0,0,1,73,0.5679605404535929,0.44437894225120544,0,1,0
2026-07-06T02:41:43.036868,963,6,center_bridge_1_range_marl,-15989.800716103122,0,2,triangle_to_goal_obstacle,2.845604181289673,0.36396780610084534,0.4719560941060384,0.7060976028442383,0.14362283051013947,0.4186464250087738,0,1.2990446090698242,0.029762784242630014,0,0,1,63,0.4719560941060384,0.36396780610084534,0,1,0
2026-07-06T02:41:44.830729,964,6,center_bridge_1_range_marl,-18723.43660487025,0,2,triangle_to_goal_obstacle,2.7979679107666016,0.3937797546386719,0.5202689170837402,0.7211501598358154,0.1480812281370163,0.4518297016620636,0,1.3279869556427002,0.029660383462905893,0,0,1,62,0.5202689170837402,0.3937797546386719,0,1,0
2026-07-06T02:41:46.640738,965,6,center_bridge_1_range_marl,-19317.72268020187,0,2,triangle_to_goal_obstacle,2.800191879272461,0.3910050690174103,0.5043051242828369,0.7282885909080505,0.14525265991687775,0.4425238072872162,0,1.3202451467514038,0.02560753583908082,0,0,1,61,0.5043051242828369,0.3910050690174103,0,1,0
2026-07-06T02:41:48.405356,966,6,center_bridge_1_range_marl,-16018.360479450905,0,2,triangle_to_goal_obstacle,2.861725091934204,0.35402628779411316,0.47395503520965576,0.6880044341087341,0.14357978105545044,0.4410429894924164,0,1.2932277917861938,0.03327975630760194,0,0,1,59,0.47395503520965576,0.35402628779411316,0,1,0
2026-07-06T02:41:50.237474,967,6,center_bridge_1_range_marl,-18971.943438379873,0,2,triangle_to_goal_obstacle,2.7002780437469482,0.4553505480289459,0.5722067753473917,0.7176945209503174,0.14881953597068787,0.4408152103424072,0,1.4091063737869263,0.028406689167022714,0,0,1,74,0.5722067753473917,0.4553505480289459,0,1,0
2026-07-06T02:41:52.127299,968,6,center_bridge_1_range_marl,-21940.814464984793,0,2,triangle_to_goal_obstacle,2.7870006561279297,0.40228286385536194,0.5487637917200724,0.6874246597290039,0.14825867116451263,0.4559253752231598,0,1.3131663799285889,0.03322208881378175,0,0,1,68,0.5487637917200724,0.40228286385536194,0,1,0
2026-07-06T02:41:54.331769,969,6,center_bridge_1_range_marl,-37420.235623865956,0,2,triangle_to_goal_obstacle,2.0896763801574707,0.870004415512085,1.1400609016418457,0.7061012387275696,0.1489909142255783,0.49925699830055237,0,1.6625328063964844,0.03300572395324708,0,0,1,133,1.1400609016418457,0.870004415512085,0,1,0
2026-07-06T02:41:56.230722,970,6,center_bridge_1_range_marl,-13455.75908636551,0,2,triangle_to_goal_obstacle,2.8680171966552734,0.34673213958740234,0.4387359619140625,0.7186680436134338,0.14585287868976593,0.41744551062583923,0,1.2859282493591309,0.028203020095825204,0,0,1,64,0.4387359619140625,0.34673213958740234,0,1,0
2026-07-06T02:41:58.119886,971,6,center_bridge_1_range_marl,-15771.006771275868,0,2,triangle_to_goal_obstacle,2.79409122467041,0.39817413687705994,0.502055803934733,0.7024030089378357,0.14578349888324738,0.42461562156677246,0,1.3384630680084229,0.032120237350463876,0,0,1,65,0.502055803934733,0.39817413687705994,0,1,0
2026-07-06T02:42:00.064052,972,6,center_bridge_1_range_marl,-22951.42529549823,0,2,triangle_to_goal_obstacle,2.6844699382781982,0.4658069908618927,0.6109851996103922,0.7213770747184753,0.14921338856220245,0.45874497294425964,0,1.398966670036316,0.027293304204940805,0,0,1,78,0.6109851996103922,0.4658069908618927,0,1,0
2026-07-06T02:42:01.958974,973,6,center_bridge_1_range_marl,-19675.140582429598,0,2,triangle_to_goal_obstacle,2.7364237308502197,0.43658551573753357,0.5607491731643677,0.7010858654975891,0.14791171252727509,0.4507375955581665,0,1.3675248622894287,0.033311972618103036,0,0,1,71,0.5607491731643677,0.43658551573753357,0,1,0
2026-07-06T02:42:03.803903,974,6,center_bridge_1_range_marl,-14608.984820652244,0,2,triangle_to_goal_obstacle,2.8196747303009033,0.3788180351257324,0.465368390083313,0.7068979144096375,0.15016867220401764,0.4310457706451416,0,1.3355567455291748,0.03175450325012208,0,0,1,65,0.465368390083313,0.3788180351257324,0,1,0
2026-07-06T02:42:05.643925,975,6,center_bridge_1_range_marl,-19771.017957339125,0,2,triangle_to_goal_obstacle,2.7917845249176025,0.40220603346824646,0.5221200386683146,0.695756733417511,0.14569610357284546,0.4339698851108551,0,1.338218092918396,0.03402690052986146,0,0,1,63,0.5221200386683146,0.40220603346824646,0,1,0
2026-07-06T02:42:07.557612,976,6,center_bridge_1_range_marl,-20663.18972139024,0,2,triangle_to_goal_obstacle,2.727511167526245,0.4354330003261566,0.5633489290873209,0.737405002117157,0.1513643115758896,0.4554799497127533,0,1.3606196641921997,0.02799127459526063,0,0,1,67,0.5633489290873209,0.4354330003261566,0,1,0
2026-07-06T02:42:09.481123,977,6,center_bridge_1_range_marl,-20012.338793861876,0,2,triangle_to_goal_obstacle,2.689548969268799,0.46768617630004883,0.6191201607386271,0.6766360402107239,0.1479799598455429,0.4714658260345459,0,1.3955649137496948,0.03509206533432008,0,0,1,81,0.6191201607386271,0.46768617630004883,0,1,0
2026-07-06T02:42:11.400517,978,6,center_bridge_1_range_marl,-22602.800408619914,0,2,triangle_to_goal_obstacle,2.709775924682617,0.4539898931980133,0.5858227411905924,0.7218660712242126,0.1382524073123932,0.45765963196754456,0,1.4053338766098022,0.027741143703460702,0,0,1,73,0.5858227411905924,0.4539898931980133,0,1,0
2026-07-06T02:42:13.324400,979,6,center_bridge_1_range_marl,-17543.40385947741,0,2,triangle_to_goal_obstacle,2.7617204189300537,0.4208119809627533,0.5426291227340698,0.7053081393241882,0.14193440973758698,0.4487675726413727,0,1.3564831018447876,0.031020740270614633,0,0,1,73,0.5426291227340698,0.4208119809627533,0,1,0
2026-07-06T02:42:15.195160,980,6,center_bridge_1_range_marl,-15781.276770468769,0,2,triangle_to_goal_obstacle,2.864143133163452,0.3497791588306427,0.4498663743336995,0.7183621525764465,0.14995591342449188,0.42494097352027893,0,1.2842572927474976,0.030429521799087533,0,0,1,60,0.4498663743336995,0.3497791588306427,0,1,0
2026-07-06T02:42:17.093165,981,6,center_bridge_1_range_marl,-20242.1004365471,0,2,triangle_to_goal_obstacle,2.7343575954437256,0.431196928024292,0.5488975445429484,0.7217590808868408,0.1475251168012619,0.45597323775291443,0,1.3695069551467896,0.02739087700843812,0,0,1,69,0.5488975445429484,0.431196928024292,0,1,0
2026-07-06T02:42:18.909243,982,6,center_bridge_1_range_marl,-19604.27282786261,0,2,triangle_to_goal_obstacle,2.7831268310546875,0.40419110655784607,0.5529458920160929,0.7292118072509766,0.1450265496969223,0.43769073486328125,0,1.3134759664535522,0.02852598786354066,0,0,1,64,0.5529458920160929,0.40419110655784607,0,1,0
2026-07-06T02:42:20.721676,983,6,center_bridge_1_range_marl,-16186.798208335094,0,2,triangle_to_goal_obstacle,2.8568530082702637,0.3527206480503082,0.46741044521331787,0.7152636647224426,0.14959432184696198,0.43609490990638733,0,1.2702170610427856,0.029351929426193246,0,0,1,65,0.46741044521331787,0.3527206480503082,0,1,0
2026-07-06T02:42:22.504871,984,6,center_bridge_1_range_marl,-15576.134914338014,0,2,triangle_to_goal_obstacle,2.845571756362915,0.36211463809013367,0.482752521832784,0.7227153182029724,0.1456872671842575,0.43847325444221497,0,1.278926134109497,0.027904847860336313,0,0,1,64,0.482752521832784,0.36211463809013367,0,1,0
2026-07-06T02:42:24.295692,985,6,center_bridge_1_range_marl,-18236.22421225739,0,2,triangle_to_goal_obstacle,2.8580169677734375,0.35485443472862244,0.4902523358662923,0.7176804542541504,0.14514780044555664,0.44890785217285156,0,1.272525668144226,0.027922013998031625,0,0,1,62,0.4902523358662923,0.35485443472862244,0,1,0
2026-07-06T02:42:26.144228,986,6,center_bridge_1_range_marl,-13410.49183399646,0,2,triangle_to_goal_obstacle,2.8476312160491943,0.3597129285335541,0.4700862169265747,0.7322006225585938,0.14470602571964264,0.43967577815055847,0,1.3058092594146729,0.026462951898574838,0,0,1,64,0.4700862169265747,0.3597129285335541,0,1,0
2026-07-06T02:42:27.959873,987,6,center_bridge_1_range_marl,-12662.116201928966,0,2,triangle_to_goal_obstacle,2.8390724658966064,0.3642479479312897,0.46228528022766113,0.7273642420768738,0.13868798315525055,0.43723559379577637,0,1.3110429048538208,0.024940351247787484,0,0,1,64,0.46228528022766113,0.3642479479312897,0,1,0
2026-07-06T02:42:29.827159,988,6,center_bridge_1_range_marl,-13888.346442603499,0,2,triangle_to_goal_obstacle,2.7373788356781006,0.43735647201538086,0.5511568387349447,0.6838021278381348,0.14133362472057343,0.41997411847114563,0,1.3791043758392334,0.033148655891418466,0,0,1,75,0.5511568387349447,0.43735647201538086,0,1,0
2026-07-06T02:42:31.702737,989,6,center_bridge_1_range_marl,-2736.027490518507,0,2,triangle_to_goal_obstacle,2.8924319744110107,0.3293215036392212,0.38790734608968097,0.6898798942565918,0.14943456649780273,0.42693546414375305,0,1.2845239639282227,0.03220794558525086,0,0,1,64,0.38790734608968097,0.3293215036392212,0,1,0
2026-07-06T02:42:33.514212,990,6,center_bridge_1_range_marl,-10204.182377335168,0,2,triangle_to_goal_obstacle,2.873647451400757,0.3435925543308258,0.41596706708272296,0.6827378273010254,0.15064918994903564,0.42432475090026855,0,1.2825628519058228,0.03372795343399049,0,0,1,63,0.41596706708272296,0.3435925543308258,0,1,0
2026-07-06T02:42:35.483916,991,6,center_bridge_1_range_marl,-16862.777448209858,0,2,triangle_to_goal_obstacle,2.678112506866455,0.47001099586486816,0.5707149902979533,0.7312321662902832,0.14582359790802002,0.4322226941585541,0,1.441066026687622,0.02589718461036683,0,0,1,77,0.5707149902979533,0.47001099586486816,0,1,0
2026-07-06T02:42:37.326454,992,6,center_bridge_1_range_marl,-17225.434301111036,0,2,triangle_to_goal_obstacle,2.847476005554199,0.36587247252464294,0.47521694501241046,0.6946532726287842,0.14130930602550507,0.41382503509521484,0,1.3084150552749634,0.033980677127838144,0,0,1,61,0.47521694501241046,0.36587247252464294,0,1,0
2026-07-06T02:42:39.272578,993,6,center_bridge_1_range_marl,-15027.169931000142,0,2,triangle_to_goal_obstacle,2.7530205249786377,0.42501404881477356,0.5438712437947592,0.7107672691345215,0.14153516292572021,0.4578489363193512,0,1.3710622787475586,0.030531237125396737,0,0,1,70,0.5438712437947592,0.42501404881477356,0,1,0
2026-07-06T02:42:41.200757,994,6,center_bridge_1_range_marl,-11340.462904742362,0,2,triangle_to_goal_obstacle,2.805635452270508,0.385903924703598,0.4729603131612142,0.7336211800575256,0.14600668847560883,0.4189002811908722,0,1.3420358896255493,0.026894280910491952,0,0,1,66,0.4729603131612142,0.385903924703598,0,1,0
2026-07-06T02:42:43.179831,995,6,center_bridge_1_range_marl,-18071.365956851987,0,2,triangle_to_goal_obstacle,2.7567906379699707,0.42037609219551086,0.5354379415512085,0.6964687705039978,0.14719469845294952,0.4584216773509979,0,1.3643181324005127,0.031033495664596566,0,0,1,70,0.5354379415512085,0.42037609219551086,0,1,0
2026-07-06T02:42:45.207633,996,6,center_bridge_1_range_marl,-18768.079371621592,0,2,triangle_to_goal_obstacle,2.788109064102173,0.4023384153842926,0.5284950733184814,0.7034178376197815,0.1383625864982605,0.43456244468688965,0,1.344913363456726,0.029358038902282724,0,0,1,72,0.5284950733184814,0.4023384153842926,0,1,0
2026-07-06T02:42:47.110699,997,6,center_bridge_1_range_marl,-5846.708004749,0,2,triangle_to_goal_obstacle,2.8742542266845703,0.3388286530971527,0.40864328543345135,0.6931679844856262,0.15376628935337067,0.42599937319755554,0,1.284354567527771,0.031681874990463266,0,0,1,62,0.40864328543345135,0.3388286530971527,0,1,0
2026-07-06T02:42:48.944551,998,6,center_bridge_1_range_marl,-8405.351691336804,0,2,triangle_to_goal_obstacle,2.823740243911743,0.3755238354206085,0.45566777388254803,0.7083253860473633,0.14860807359218597,0.4453860819339752,0,1.3163470029830933,0.030135700702667245,0,0,1,67,0.45566777388254803,0.3755238354206085,0,1,0
2026-07-06T02:42:50.860810,999,6,center_bridge_1_range_marl,-11228.378113133713,0,2,triangle_to_goal_obstacle,2.8506550788879395,0.3565422594547272,0.4259634812672933,0.7149025797843933,0.1480109840631485,0.43950316309928894,0,1.307719349861145,0.02857146620750428,0,0,1,61,0.4259634812672933,0.3565422594547272,0,1,0
2026-07-06T02:42:52.722753,1000,6,center_bridge_1_range_marl,-17412.63725045415,0,2,triangle_to_goal_obstacle,2.794720411300659,0.39968791604042053,0.5376136700312296,0.6809660792350769,0.14313742518424988,0.44170641899108887,0,1.3102049827575684,0.0345409905910492,0,0,1,71,0.5376136700312296,0.39968791604042053,0,1,0
2026-07-06T02:42:54.783073,1001,6,center_bridge_1_range_marl,-17349.890968454096,0,2,triangle_to_goal_obstacle,2.795936107635498,0.39730104804039,0.5273749033610026,0.7006965279579163,0.1382034420967102,0.44182297587394714,0,1.3243262767791748,0.02999068260192872,0,0,1,69,0.5273749033610026,0.39730104804039,0,1,0
2026-07-06T02:42:56.834671,1002,6,center_bridge_1_range_marl,-14693.835580976827,0,2,triangle_to_goal_obstacle,2.7985222339630127,0.3955802917480469,0.49312126636505127,0.6784265637397766,0.14579980075359344,0.4355383813381195,0,1.3420460224151611,0.0343232548236847,0,0,1,71,0.49312126636505127,0.3955802917480469,0,1,0
2026-07-06T02:42:58.961812,1003,6,center_bridge_1_range_marl,-21308.441169699105,0,2,triangle_to_goal_obstacle,2.8086185455322266,0.39050257205963135,0.5046666463216146,0.6773582100868225,0.14570210874080658,0.42565619945526123,0,1.3209898471832275,0.03449914813041688,0,0,1,62,0.5046666463216146,0.39050257205963135,0,1,0
2026-07-06T02:43:00.826674,1004,6,center_bridge_1_range_marl,-18404.506645489077,0,2,triangle_to_goal_obstacle,2.8202736377716064,0.3804565966129303,0.5025720993677775,0.7143020629882812,0.1489618718624115,0.43212974071502686,0,1.3022346496582031,0.03142149209976197,0,0,1,62,0.5025720993677775,0.3804565966129303,0,1,0
2026-07-06T02:43:02.765941,1005,6,center_bridge_1_range_marl,-21186.99342500451,0,2,triangle_to_goal_obstacle,2.6863677501678467,0.4721898138523102,0.6102625528971354,0.682344913482666,0.1430225521326065,0.44637247920036316,0,1.4219703674316406,0.034909645318984994,0,0,1,76,0.6102625528971354,0.4721898138523102,0,1,0
2026-07-06T02:43:04.827197,1006,6,center_bridge_1_range_marl,-15427.049977086212,0,2,triangle_to_goal_obstacle,2.817556142807007,0.37958502769470215,0.5073573986689249,0.7358555197715759,0.14506714046001434,0.45039284229278564,0,1.3054375648498535,0.025037983655929574,0,0,1,68,0.5073573986689249,0.37958502769470215,0,1,0
2026-07-06T02:43:06.865644,1007,6,center_bridge_1_range_marl,-14353.257040179837,0,2,triangle_to_goal_obstacle,2.934758186340332,0.30904820561408997,0.4128866195678711,0.6881815791130066,0.13772471249103546,0.42476728558540344,0,1.2353886365890503,0.03141723036766053,0,0,1,59,0.4128866195678711,0.30904820561408997,0,1,0
2026-07-06T02:43:08.873360,1008,6,center_bridge_1_range_marl,-15253.997993238645,0,2,triangle_to_goal_obstacle,2.8357362747192383,0.3673536777496338,0.47356390953063965,0.7202245593070984,0.1438179612159729,0.4252719581127167,0,1.3120760917663574,0.02742941141128541,0,0,1,63,0.47356390953063965,0.3673536777496338,0,1,0
2026-07-06T02:43:11.419255,1009,6,center_bridge_1_range_marl,-21324.485369089583,0,2,triangle_to_goal_obstacle,2.7634191513061523,0.41409027576446533,0.5470583041508993,0.7393091320991516,0.1460990607738495,0.4405524432659149,0,1.3486584424972534,0.025199720859527597,0,0,1,65,0.5470583041508993,0.41409027576446533,0,1,0
2026-07-06T02:43:16.136526,1010,6,center_bridge_1_range_marl,-15302.266444065473,0,2,triangle_to_goal_obstacle,2.782646656036377,0.4034607410430908,0.4901916980743408,0.7208196520805359,0.14334794878959656,0.43424978852272034,0,1.359864354133606,0.030041733980178842,0,0,1,68,0.4901916980743408,0.4034607410430908,0,1,0
2026-07-06T02:43:18.361673,1011,6,center_bridge_1_range_marl,-13460.222435654185,0,2,triangle_to_goal_obstacle,3.0050933361053467,0.2617436945438385,0.34544213612874347,0.6985630989074707,0.1360665261745453,0.4528745114803314,0,1.2083704471588135,0.02986965537071229,0,0,1,44,0.34544213612874347,0.2617436945438385,0,1,0
2026-07-06T02:43:20.378857,1012,6,center_bridge_1_range_marl,-17205.39082697805,0,2,triangle_to_goal_obstacle,2.8206465244293213,0.3750983476638794,0.5030419826507568,0.736778736114502,0.14118187129497528,0.4546228349208832,0,1.287670612335205,0.02581856608390809,0,0,1,64,0.5030419826507568,0.3750983476638794,0,1,0
2026-07-06T02:43:22.361278,1013,6,center_bridge_1_range_marl,-13684.918328036878,0,2,triangle_to_goal_obstacle,2.9135003089904785,0.32225289940834045,0.4335193634033203,0.7010980248451233,0.14065061509609222,0.44596219062805176,0,1.2458070516586304,0.031005064249038705,0,0,1,59,0.4335193634033203,0.32225289940834045,0,1,0
2026-07-06T02:43:24.368574,1014,6,center_bridge_1_range_marl,-16083.124595014695,0,2,triangle_to_goal_obstacle,2.8654215335845947,0.3487168252468109,0.4554078181584676,0.6913784146308899,0.14994733035564423,0.4399813115596771,0,1.2687749862670898,0.032069543600082406,0,0,1,62,0.4554078181584676,0.3487168252468109,0,1,0
2026-07-06T02:43:26.252370,1015,6,center_bridge_1_range_marl,-4162.234780732971,0,2,triangle_to_goal_obstacle,2.9077813625335693,0.31738415360450745,0.3780217965443929,0.7348024845123291,0.13631591200828552,0.413536936044693,0,1.277100682258606,0.025065133571624765,0,0,1,59,0.3780217965443929,0.31738415360450745,0,1,0
2026-07-06T02:43:27.949362,1016,6,center_bridge_1_range_marl,-11966.962834108552,0,2,triangle_to_goal_obstacle,3.002960681915283,0.2643779516220093,0.3509700298309326,0.7401848435401917,0.14197184145450592,0.4242132008075714,0,1.1886537075042725,0.02250919699668885,0,0,1,47,0.3509700298309326,0.2643779516220093,0,1,0
2026-07-06T02:43:29.712728,1017,6,center_bridge_1_range_marl,-16952.240118175716,0,2,triangle_to_goal_obstacle,2.80537486076355,0.3914473056793213,0.5040209293365479,0.7099604606628418,0.1433621048927307,0.4340536296367645,0,1.3236340284347534,0.0319143033027649,0,0,1,64,0.5040209293365479,0.3914473056793213,0,1,0
2026-07-06T02:43:31.467371,1018,6,center_bridge_1_range_marl,-14219.405371755453,0,2,triangle_to_goal_obstacle,2.8218095302581787,0.3763676881790161,0.48314086596171063,0.7320842146873474,0.14584624767303467,0.43188679218292236,0,1.3233709335327148,0.027195552587509164,0,0,1,64,0.48314086596171063,0.3763676881790161,0,1,0
2026-07-06T02:43:33.327665,1019,6,center_bridge_1_range_marl,-16410.726676287995,0,2,triangle_to_goal_obstacle,2.7787909507751465,0.4021177291870117,0.5191760460535685,0.7218651175498962,0.14261050522327423,0.43431606888771057,0,1.3327112197875977,0.025028446912765512,0,0,1,73,0.5191760460535685,0.4021177291870117,0,1,0
2026-07-06T02:43:35.196416,1020,6,center_bridge_1_range_marl,-15456.072127978325,0,2,triangle_to_goal_obstacle,2.6921944618225098,0.4610447883605957,0.5478059450785319,0.725931704044342,0.1454220861196518,0.44888293743133545,0,1.4264143705368042,0.02895177364349366,0,0,1,76,0.5478059450785319,0.4610447883605957,0,1,0
2026-07-06T02:43:37.166726,1021,6,center_bridge_1_range_marl,-21836.630305720144,0,2,triangle_to_goal_obstacle,2.5541069507598877,0.5556522011756897,0.6971031824747721,0.722372829914093,0.1414746642112732,0.4681558609008789,0,1.5501773357391357,0.026326934099197397,0,0,1,89,0.6971031824747721,0.5556522011756897,0,1,0
2026-07-06T02:43:38.972431,1022,6,center_bridge_1_range_marl,-12277.454616956928,0,2,triangle_to_goal_obstacle,2.8491997718811035,0.3632620871067047,0.4458570082982381,0.7065823674201965,0.14161570370197296,0.406266450881958,0,1.3158587217330933,0.03265220880508424,0,0,1,65,0.4458570082982381,0.3632620871067047,0,1,0
2026-07-06T02:43:40.901273,1023,6,center_bridge_1_range_marl,-22171.181969913403,0,2,triangle_to_goal_obstacle,2.607990264892578,0.5236895680427551,0.6825557947158813,0.7025494575500488,0.13679559528827667,0.4613916575908661,0,1.4908506870269775,0.03300029993057252,0,0,1,86,0.6825557947158813,0.5236895680427551,0,1,0
2026-07-06T08:57:10.418743,1001,5,soft_center_plus_range_marl,-38554.20718243355,0,2,triangle_to_goal_obstacle,2.9061837196350098,0.47101542353630066,0.6589680910110474,0.3681325614452362,0.12444377690553665,0.504794180393219,0,1.1806832551956177,-0.0008005702495574862,1,1,1,81,0.6589680910110474,0.47101542353630066,0,1,0
2026-07-06T08:57:19.496304,1002,5,soft_center_plus_range_marl,-89265.38475564808,0,2,triangle_to_goal_obstacle,0.24770958721637726,0.21169550716876984,0.2893589337666829,0.02219284139573574,0.15380603075027466,0.3341197073459625,0,1.2092034816741943,3.026468048095703,0,0,0,146,1.1701451539993286,0.817520797252655,1,0,0
2026-07-06T08:57:27.278711,1003,5,soft_center_plus_range_marl,8922.533014214503,1,4,landing,0.7614933252334595,0.11828082799911499,0.14393063386281332,0.152983620762825,0.14925812184810638,0.2485865354537964,0,0.9790480136871338,3.7862837409973142,0,0,0,119,0.38495083649953205,0.2821293771266937,1,0,1
2026-07-06T08:57:34.207438,1004,5,soft_center_plus_range_marl,21376.906730379065,1,4,landing,0.8702573776245117,0.17184537649154663,0.2087575395901998,0.15992119908332825,0.15639038383960724,0.22397761046886444,0,0.8534494042396545,3.958092460632324,0,0,0,103,0.16670489311218262,0.1242401972413063,1,0,1
2026-07-06T08:57:40.839855,1005,5,soft_center_plus_range_marl,41249.334697209786,1,4,landing,0.9478269219398499,0.21738092601299286,0.2577690879503886,0.19563333690166473,0.15803469717502594,0.23393122851848602,0,0.7911227941513062,3.9940216636657713,0,0,0,96,0.10759985446929932,0.08452159911394119,1,0,1
2026-07-06T08:57:47.719729,1006,5,soft_center_plus_range_marl,8030.103126220772,1,4,landing,1.0276581048965454,0.270609974861145,0.307911217212677,0.20639438927173615,0.1595057100057602,0.22324375808238983,0,0.7448890805244446,4.147662887573242,0,0,0,90,0.1990932027498881,0.14892055094242096,1,0,0
2026-07-06T08:57:52.799358,1007,5,soft_center_plus_range_marl,-2596.892153274992,1,4,landing,1.116609811782837,0.32545706629753113,0.35118963321050006,0.21606595814228058,0.16066916286945343,0.21957044303417206,0,0.649757444858551,4.241532096862793,0,0,0,87,0.21676655610402426,0.1637180894613266,1,0,0
2026-07-06T08:57:58.409160,1008,5,soft_center_plus_range_marl,-2086.959521381147,1,4,landing,1.1260486841201782,0.3279664218425751,0.3525227705637614,0.21374976634979248,0.16129758954048157,0.21675725281238556,0,0.6786362528800964,4.287474403381347,0,0,0,83,0.2134789228439331,0.17445771396160126,1,0,0
2026-07-06T08:58:04.869340,1009,5,soft_center_plus_range_marl,-10623.71489381502,1,4,landing,1.1321423053741455,0.3357836902141571,0.36502544085184735,0.22994430363178253,0.16088561713695526,0.23226256668567657,0,0.6370673179626465,4.261708030700683,0,0,0,83,0.24404539664586386,0.19260519742965698,1,0,0
2026-07-06T08:58:11.402328,1010,5,soft_center_plus_range_marl,-19833.69761239591,1,4,landing,1.1485402584075928,0.34248971939086914,0.3611921469370524,0.2047734260559082,0.1621561497449875,0.1947040557861328,0,0.6359443664550781,4.328099498748779,0,0,0,83,0.3208418885866801,0.2857040464878082,1,0,0
2026-07-06T08:58:17.542416,1011,5,soft_center_plus_range_marl,-18003.96553443765,1,4,landing,1.1497303247451782,0.3482634723186493,0.36548391977945965,0.21093858778476715,0.1616107076406479,0.21208395063877106,0,0.6634342670440674,4.310351142883301,0,0,0,85,0.31706442435582477,0.28008949756622314,1,0,0
2026-07-06T08:58:20.624862,1012,5,soft_center_plus_range_marl,-23393.786489631086,0,2,triangle_to_goal_obstacle,3.0303866863250732,0.23970341682434082,0.23273207743962607,0.6625812649726868,0.16674424707889557,0.2934853136539459,0,0.7280408143997192,0.028394261598587045,0,0,1,75,0.325597087542216,0.26068833470344543,0,1,0
2026-07-06T08:58:26.971528,1013,5,soft_center_plus_range_marl,-19577.24757412369,1,4,landing,1.1506208181381226,0.3507082462310791,0.36814427375793457,0.2062852829694748,0.16246522963047028,0.21413855254650116,0,0.6479354500770569,4.194962272644043,0,0,0,112,0.2818107008934021,0.3271365463733673,1,0,0
2026-07-06T08:58:30.146242,1014,5,soft_center_plus_range_marl,-15325.093301328452,0,2,triangle_to_goal_obstacle,3.229606866836548,0.18450646102428436,0.2503429452578227,0.722187340259552,0.16292744874954224,0.3666226863861084,0,0.8179750442504883,0.025524089336395273,0,0,1,53,0.27728575468063354,0.2167167216539383,0,1,0
2026-07-06T08:58:33.811246,1015,5,soft_center_plus_range_marl,-1390.1518569099999,0,2,triangle_to_goal_obstacle,2.8453621864318848,0.17086398601531982,0.14983503023783365,0.6858933568000793,0.1690007895231247,0.32813704013824463,0,1.0150408744812012,0.025532702207565316,0,0,1,83,0.15679991245269775,0.17086398601531982,0,1,0
2026-07-06T08:58:40.297015,1016,5,soft_center_plus_range_marl,35475.85711362883,1,4,landing,1.1233813762664795,0.32391688227653503,0.3495374321937561,0.2086271196603775,0.16215293109416962,0.23478738963603973,0,0.6848483681678772,4.300016174316406,0,0,0,82,0.11743481953938802,0.0843728706240654,1,0,0
2026-07-06T08:58:46.424481,1017,5,soft_center_plus_range_marl,-9067.015111175057,1,4,landing,1.117638349533081,0.32192859053611755,0.3517809708913167,0.21868295967578888,0.16097114980220795,0.2224157601594925,0,0.6302782297134399,4.137219676971435,0,0,0,113,0.22961250940958658,0.25504329800605774,1,0,0
2026-07-06T08:58:50.340892,1018,5,soft_center_plus_range_marl,-17972.363775335027,0,2,triangle_to_goal_obstacle,2.9173293113708496,0.23177333176136017,0.16238407293955484,0.6929451823234558,0.1612413376569748,0.2676717936992645,0,0.7985513210296631,0.022098342180252084,0,0,1,82,0.271517018477122,0.23177333176136017,0,1,0
2026-07-06T08:58:56.999483,1019,5,soft_center_plus_range_marl,169.16177145580605,1,4,landing,1.1508053541183472,0.3387526571750641,0.359017809232076,0.2170572727918625,0.16228599846363068,0.23341535031795502,0,0.6460617780685425,4.3194382286071775,0,0,0,83,0.21773803234100342,0.16481053829193115,1,0,0
2026-07-06T08:59:02.447170,1020,5,soft_center_plus_range_marl,29870.568626021985,1,4,landing,1.1248146295547485,0.3254694640636444,0.35068557659784955,0.21299757063388824,0.16257202625274658,0.2072916030883789,0,0.6777111887931824,4.25703311920166,0,0,0,85,0.13653111457824707,0.09822819381952286,1,0,0
2026-07-06T08:59:08.755647,1021,5,soft_center_plus_range_marl,-15407.68966087131,1,4,landing,1.1516717672348022,0.3473053276538849,0.36455519994099933,0.2096244841814041,0.16239647567272186,0.21275173127651215,0,0.6674653887748718,4.2896459197998045,0,0,0,83,0.29009127616882324,0.24884706735610962,1,0,0
2026-07-06T08:59:12.145554,1022,5,soft_center_plus_range_marl,-15355.827080136725,0,2,triangle_to_goal_obstacle,3.150096893310547,0.18140250444412231,0.23214483261108398,0.6891743540763855,0.16216833889484406,0.32520759105682373,0,0.8178486227989197,0.027048776149749765,0,0,1,60,0.27177590131759644,0.2124469131231308,0,1,0
2026-07-06T08:59:18.718155,1023,5,soft_center_plus_range_marl,10060.300515146448,1,4,landing,1.12934410572052,0.3264431059360504,0.35376612345377606,0.21214275062084198,0.16181717813014984,0.21170610189437866,0,0.6440659165382385,4.2480833625793455,0,0,0,84,0.1772581934928894,0.1349654644727707,1,0,0
2026-07-06T08:59:25.465557,1024,5,soft_center_plus_range_marl,-20427.8970757937,1,4,landing,1.178302526473999,0.3627091944217682,0.3733551502227783,0.20904898643493652,0.16357523202896118,0.21258431673049927,0,0.6566664576530457,4.337950477600097,0,0,0,84,0.32442498207092285,0.2884003818035126,1,0,0
2026-07-06T08:59:32.147086,1025,5,soft_center_plus_range_marl,-19451.433975717366,1,4,landing,1.1642950773239136,0.36097896099090576,0.37202080090840656,0.20926028490066528,0.16295649111270905,0.217460036277771,0,0.6416725516319275,4.32926155090332,0,0,0,85,0.3113941748936971,0.27291738986968994,1,0,0
2026-07-06T08:59:36.122954,1026,5,soft_center_plus_range_marl,-20874.31080808406,0,2,triangle_to_goal_obstacle,2.930464267730713,0.2677803337574005,0.20682921012242636,0.6564982533454895,0.1622251719236374,0.27499157190322876,0,0.7349076867103577,0.03129468321800233,0,0,1,75,0.2869340976079305,0.2677803337574005,0,1,0
2026-07-06T08:59:43.102480,1027,5,soft_center_plus_range_marl,-10326.268127289395,1,4,landing,1.1596307754516602,0.35556674003601074,0.3696069121360779,0.20035189390182495,0.16212861239910126,0.21499842405319214,0,0.6461879014968872,4.302285919189453,0,0,0,82,0.2736753225326538,0.22987200319766998,1,0,0
2026-07-06T08:59:46.398470,1028,5,soft_center_plus_range_marl,-17776.67183560237,0,2,triangle_to_goal_obstacle,3.2008626461029053,0.19972668588161469,0.2712505062421163,0.759972870349884,0.16111025214195251,0.32531583309173584,0,0.7905671000480652,0.02982024312019349,0,0,1,55,0.2890022397041321,0.22844268381595612,0,1,0
2026-07-06T08:59:51.800614,1029,5,soft_center_plus_range_marl,8995.786698346574,1,4,landing,1.13303542137146,0.3336453437805176,0.35650906960169476,0.21040277183055878,0.16221337020397186,0.22145326435565948,0,0.626679003238678,4.257753620147705,0,0,0,85,0.18385684490203857,0.13650600612163544,1,0,0
2026-07-06T08:59:55.736012,1030,5,soft_center_plus_range_marl,-18413.58434724704,0,2,triangle_to_goal_obstacle,2.831113576889038,0.2779962718486786,0.22044134140014648,0.6477603912353516,0.162020742893219,0.28088995814323425,0,0.7720397710800171,0.029523441791534433,0,0,1,86,0.25364694992701214,0.2779962718486786,0,1,0
2026-07-06T08:59:59.066407,1031,5,soft_center_plus_range_marl,-9055.135152882978,0,2,triangle_to_goal_obstacle,3.0769474506378174,0.1521289199590683,0.16979479789733887,0.7968125343322754,0.16053660213947296,0.31948384642601013,0,0.8764024972915649,0.029850164651870736,0,0,1,55,0.19608396291732788,0.15369130671024323,0,1,0
2026-07-06T09:00:02.310783,1032,5,soft_center_plus_range_marl,5881.258270970315,0,2,triangle_to_goal_obstacle,2.7909293174743652,0.1990479975938797,0.18412689367930093,0.7897093296051025,0.1641111522912979,0.33774828910827637,0,1.0118911266326904,0.01745958089828492,0,0,1,71,0.18412689367930093,0.1990479975938797,0,1,0
2026-07-06T09:00:09.414686,1033,5,soft_center_plus_range_marl,35705.59636591873,1,4,landing,1.0953993797302246,0.3027336001396179,0.33383593956629437,0.21280038356781006,0.16178278625011444,0.2097969800233841,0,0.6688864827156067,4.196465740203857,0,0,0,81,0.08324507872263591,0.10002221912145615,1,0,0
2026-07-06T09:00:17.653037,1034,5,soft_center_plus_range_marl,-10328.453003576178,1,4,landing,1.1500219106674194,0.349202960729599,0.36600842078526813,0.20600134134292603,0.16160254180431366,0.22418014705181122,0,0.6229349970817566,4.2840635871887205,0,0,0,84,0.2553176283836365,0.2099246382713318,1,0,0
2026-07-06T09:00:22.321510,1035,5,soft_center_plus_range_marl,-23225.7795818725,0,2,triangle_to_goal_obstacle,3.0063960552215576,0.24250443279743195,0.22716673215230307,0.6767414212226868,0.16076193749904633,0.27553892135620117,0,0.7274984121322632,0.026143739223480233,0,0,1,76,0.3220052719116211,0.25729164481163025,0,1,0
2026-07-06T09:00:31.135850,1036,5,soft_center_plus_range_marl,-3247.13798236406,1,4,landing,1.156478762626648,0.34696757793426514,0.36475380261739093,0.2131752222776413,0.1627698540687561,0.2300601750612259,0,0.6492648124694824,4.306040534973144,0,0,0,82,0.22970406214396158,0.19032470881938934,1,0,0
2026-07-06T09:00:35.707080,1037,5,soft_center_plus_range_marl,-15646.814805719298,0,2,triangle_to_goal_obstacle,2.937593936920166,0.22330564260482788,0.14963283141454062,0.6814945340156555,0.16440671682357788,0.28662529587745667,0,0.813149631023407,0.027520725727081308,0,0,1,73,0.23480669657389322,0.22330564260482788,0,1,0
2026-07-06T09:00:39.271535,1038,5,soft_center_plus_range_marl,-6885.547922691915,0,2,triangle_to_goal_obstacle,3.0993945598602295,0.13127785921096802,0.15567076206207275,0.7238753437995911,0.15922434628009796,0.33444535732269287,0,0.9253122806549072,0.03292996644973756,0,0,1,55,0.18121705452601114,0.14094938337802887,0,1,0
2026-07-06T09:00:45.971099,1039,5,soft_center_plus_range_marl,34972.97764427617,1,4,landing,1.1016303300857544,0.30642619729042053,0.33839579423268634,0.2145259827375412,0.1628643423318863,0.21576310694217682,0,0.6578298211097717,4.16851879119873,0,0,0,85,0.10610544681549072,0.09718761593103409,1,0,0
2026-07-06T09:00:54.526579,1040,5,soft_center_plus_range_marl,-16309.187767158466,1,4,landing,1.1544967889785767,0.3562886714935303,0.37015589078267414,0.2101905345916748,0.1623782366514206,0.20425765216350555,0,0.6425901651382446,4.293607959747314,0,0,0,85,0.3089153567949931,0.2628457248210907,1,0,0
2026-07-06T09:00:59.434467,1041,5,soft_center_plus_range_marl,-26175.573927339996,0,2,triangle_to_goal_obstacle,2.693084955215454,0.3447221517562866,0.31149717171986896,0.7780354619026184,0.17441968619823456,0.30103984475135803,0,0.6934448480606079,0.021513829231262216,0,0,1,104,0.31149717171986896,0.3447221517562866,0,1,0
2026-07-06T09:01:03.905838,1042,5,soft_center_plus_range_marl,-7203.098811248543,0,2,triangle_to_goal_obstacle,2.9344732761383057,0.15766789019107819,0.14332022269566855,0.7862758636474609,0.16628821194171906,0.3057718575000763,0,0.8844245076179504,0.027297089099884042,0,0,1,64,0.18668639659881592,0.15766789019107819,0,1,0
2026-07-06T09:01:12.832103,1043,5,soft_center_plus_range_marl,29234.2241937975,1,4,landing,1.1000853776931763,0.31172651052474976,0.3427290717760722,0.20671968162059784,0.1613052636384964,0.22268371284008026,0,0.6174789071083069,4.1620004272460935,0,0,0,83,0.12801881631215414,0.12470540404319763,1,0,0
2026-07-06T09:01:17.477467,1044,5,soft_center_plus_range_marl,-15116.699925128565,0,2,triangle_to_goal_obstacle,3.004606008529663,0.20271621644496918,0.150716503461202,0.6775350570678711,0.16029275953769684,0.291751503944397,0,0.8322454690933228,0.029790023565292367,0,0,1,68,0.23824854691823324,0.20271621644496918,0,1,0
2026-07-06T09:01:27.313635,1045,5,soft_center_plus_range_marl,14371.498948648397,1,4,landing,1.1206881999969482,0.32539182901382446,0.3504783709843953,0.21304459869861603,0.16214562952518463,0.18979482352733612,0,0.6759589314460754,4.294148693084717,0,0,0,82,0.17353194952011108,0.12520833313465118,1,0,0
2026-07-06T09:01:33.030745,1046,5,soft_center_plus_range_marl,-16752.252020996755,0,2,triangle_to_goal_obstacle,2.6907753944396973,0.2722778022289276,0.2794269323348999,0.7487247586250305,0.16307060420513153,0.3126353919506073,0,0.8546668291091919,0.023171732425689706,0,0,1,101,0.2794269323348999,0.2722778022289276,0,1,0
2026-07-06T09:01:42.848011,1047,5,soft_center_plus_range_marl,14879.057127300874,1,4,landing,1.1357797384262085,0.329211562871933,0.354045311609904,0.21530599892139435,0.16262517869472504,0.2519470751285553,0,0.6609848737716675,4.248527297973633,0,0,0,81,0.16989415884017944,0.13044586777687073,1,0,0
2026-07-06T09:01:48.771514,1048,5,soft_center_plus_range_marl,-11052.362103571118,0,2,triangle_to_goal_obstacle,2.931917428970337,0.22057421505451202,0.15408100684483847,0.712961733341217,0.1604388803243637,0.28649628162384033,0,0.8298162817955017,0.022908607721328744,0,0,1,70,0.21089545885721842,0.22057421505451202,0,1,0
2026-07-06T09:01:59.172922,1049,5,soft_center_plus_range_marl,32696.130147106363,1,4,landing,1.1239562034606934,0.3198404610157013,0.34704981247584027,0.2206914871931076,0.1619652956724167,0.22909915447235107,0,0.6468079090118408,4.234696636199951,0,0,0,83,0.1254770557085673,0.11589127779006958,1,0,0
2026-07-06T09:02:09.555340,1050,5,soft_center_plus_range_marl,-9397.921562554722,1,4,landing,1.1628952026367188,0.35877835750579834,0.3723337650299072,0.21534740924835205,0.16232402622699738,0.22965574264526367,0,0.634030818939209,4.340102920532226,0,0,0,87,0.252610723177592,0.20341242849826813,1,0,0
2026-07-06T09:02:15.021051,1051,5,soft_center_plus_range_marl,-13421.727536109403,0,2,triangle_to_goal_obstacle,3.093384265899658,0.18948854506015778,0.23037527004877725,0.7463520169258118,0.16411559283733368,0.3283642530441284,0,0.7899748682975769,0.03743113040924073,0,0,1,57,0.25777941942214966,0.2007618397474289,0,1,0
2026-07-06T09:02:24.922318,1052,5,soft_center_plus_range_marl,1679.2219934493473,1,4,landing,1.1563563346862793,0.3495223820209503,0.36546645561854046,0.2141760140657425,0.16189871728420258,0.22151024639606476,0,0.6548347473144531,4.293280372619629,0,0,0,83,0.2075666586558024,0.1588374674320221,1,0,0
2026-07-06T09:02:35.450549,1053,5,soft_center_plus_range_marl,-307.15831658779916,1,4,landing,1.1317938566207886,0.3281315863132477,0.3528834382692973,0.20874492824077606,0.16200868785381317,0.22398138046264648,0,0.6533275842666626,4.2170140838623045,0,0,0,86,0.2071859041849772,0.17291581630706787,1,0,0
2026-07-06T09:02:45.885100,1054,5,soft_center_plus_range_marl,-14342.388662345604,1,4,landing,1.1617772579193115,0.3541194498538971,0.3689466913541158,0.20922376215457916,0.16186778247356415,0.19734878838062286,0,0.6285740733146667,4.300796279907226,0,0,0,83,0.2813870708147685,0.2397134155035019,1,0,0
2026-07-06T09:02:56.049203,1055,5,soft_center_plus_range_marl,-8711.42970952809,1,4,landing,1.1452622413635254,0.3422508239746094,0.3610237042109172,0.20813822746276855,0.16092151403427124,0.23242390155792236,0,0.6479981541633606,4.311086902618408,0,0,0,84,0.25358714660008747,0.21169663965702057,1,0,0
2026-07-06T09:03:07.373318,1056,5,soft_center_plus_range_marl,-21160.02774810938,1,4,landing,1.148155689239502,0.34313949942588806,0.3620750308036804,0.20949812233448029,0.1619337797164917,0.21786415576934814,0,0.633851945400238,4.287144908905029,0,0,0,89,0.3253137270609538,0.2667139768600464,1,0,0
2026-07-06T09:03:12.998124,1057,5,soft_center_plus_range_marl,-24244.051761377166,0,2,triangle_to_goal_obstacle,3.088068723678589,0.24356664717197418,0.2638651927312215,0.6704880595207214,0.16047804057598114,0.2710202634334564,0,0.6980028748512268,0.027580747604370126,0,0,1,72,0.35508708159128827,0.2881902754306793,0,1,0
2026-07-06T09:03:23.061912,1058,5,soft_center_plus_range_marl,-12476.4668843653,1,4,landing,1.1113053560256958,0.3234441876411438,0.352569321791331,0.21475577354431152,0.16269497573375702,0.2106485366821289,0,0.6541787385940552,4.1333654022216795,0,0,0,96,0.48478492101033527,0.3729839622974396,1,0,0
2026-07-06T09:03:33.962089,1059,5,soft_center_plus_range_marl,-15938.969857339936,1,4,landing,1.1496554613113403,0.3439624309539795,0.3677806456883748,0.21162788569927216,0.16148154437541962,0.19649942219257355,0,0.6419756412506104,4.310558090209961,0,0,0,83,0.29488839705785114,0.25248071551322937,1,0,0
2026-07-06T09:03:39.182758,1060,5,soft_center_plus_range_marl,-21021.472883238246,0,2,triangle_to_goal_obstacle,3.1489129066467285,0.2402210682630539,0.28987954060236615,0.7382609248161316,0.1620074063539505,0.2973749041557312,0,0.6951701045036316,0.025977054834365854,0,0,1,58,0.3220190604527791,0.2627548575401306,0,1,0
2026-07-06T09:03:44.587613,1061,5,soft_center_plus_range_marl,-15872.80724486781,0,2,triangle_to_goal_obstacle,2.9249064922332764,0.23636102676391602,0.16003338495890299,0.7216120362281799,0.16246967017650604,0.2927480936050415,0,0.799251914024353,0.02415973901748658,0,0,1,73,0.2431146502494812,0.23636102676391602,0,1,0
2026-07-06T09:03:50.289617,1062,5,soft_center_plus_range_marl,-12901.754289710414,0,2,triangle_to_goal_obstacle,2.767849922180176,0.22267626225948334,0.20053021113077799,0.7513869404792786,0.17348265647888184,0.2813807725906372,0,0.8693970441818237,0.022601733207702646,0,0,1,81,0.20053021113077799,0.22267626225948334,0,1,0
2026-07-06T09:03:59.598113,1063,5,soft_center_plus_range_marl,30896.688792459863,1,4,landing,1.0980632305145264,0.3061963617801666,0.3378793994585673,0.2091791033744812,0.16205380856990814,0.22399300336837769,0,0.6500752568244934,4.146847972869873,0,0,0,84,0.11921397844950359,0.13860780000686646,1,0,0
2026-07-06T09:04:09.888081,1064,5,soft_center_plus_range_marl,-13303.386904026029,1,4,landing,1.1576619148254395,0.3492930829524994,0.3689965804417928,0.20209062099456787,0.16181795299053192,0.2117135375738144,0,0.6449518799781799,4.298541793823242,0,0,0,81,0.2772377133369446,0.23206758499145508,1,0,0
2026-07-06T09:04:15.736998,1065,5,soft_center_plus_range_marl,-12375.825627746091,0,2,triangle_to_goal_obstacle,2.9611897468566895,0.19044165313243866,0.1240999698638916,0.6894707083702087,0.16064904630184174,0.2775143086910248,0,0.8625587224960327,0.024415740966796884,0,0,1,76,0.22763297955195108,0.19044165313243866,0,1,0
2026-07-06T09:04:24.737014,1066,5,soft_center_plus_range_marl,400.5505130724139,1,4,landing,1.141206979751587,0.33278974890708923,0.3551992177963257,0.20169246196746826,0.16242150962352753,0.20895861089229584,0,0.651879072189331,4.283556232452392,0,0,0,84,0.21300464868545532,0.16389025747776031,1,0,0
2026-07-06T09:04:33.319069,1067,5,soft_center_plus_range_marl,-9761.478747880983,1,4,landing,1.1482499837875366,0.3491305410861969,0.3660115599632263,0.2061682939529419,0.16250737011432648,0.21556048095226288,0,0.6359440088272095,4.289495239257812,0,0,0,84,0.2653764883677165,0.22404535114765167,1,0,0
2026-07-06T09:04:42.382215,1068,5,soft_center_plus_range_marl,-12567.278732441,1,4,landing,1.1544784307479858,0.35532453656196594,0.36880654096603394,0.20643265545368195,0.16178496181964874,0.2099940925836563,0,0.6384884119033813,4.3254296875,0,0,0,86,0.28020081917444867,0.23803158104419708,1,0,0
2026-07-06T09:04:51.606687,1069,5,soft_center_plus_range_marl,-17419.041550278445,1,4,landing,1.1895349025726318,0.37852516770362854,0.3808941642443339,0.20566512644290924,0.16224797070026398,0.22426104545593262,0,0.6209614276885986,4.3637778854370115,0,0,0,86,0.3015184203783671,0.2616525888442993,1,0,0
2026-07-06T09:05:00.240657,1070,5,soft_center_plus_range_marl,-23245.093776420425,1,4,landing,1.1869298219680786,0.3771737813949585,0.38027870655059814,0.21406377851963043,0.16280360519886017,0.21294324100017548,0,0.6486107707023621,4.366106281280517,0,0,0,85,0.334381639957428,0.3001321256160736,1,0,0
2026-07-06T09:05:05.119714,1071,5,soft_center_plus_range_marl,-20202.66713460459,0,2,triangle_to_goal_obstacle,3.1502389907836914,0.24267713725566864,0.2855769991874695,0.7161872982978821,0.16234906017780304,0.32299360632896423,0,0.6976872086524963,0.03021309733390809,0,0,1,58,0.3209392229715983,0.26334401965141296,0,1,0
2026-07-06T09:05:13.721340,1072,5,soft_center_plus_range_marl,-12798.07624108153,1,4,landing,1.1737391948699951,0.35959672927856445,0.38226260741551715,0.21467220783233643,0.16232390701770782,0.18521170318126678,0,0.61553955078125,4.345641384124756,0,0,0,85,0.2729729215304057,0.21794123947620392,1,0,0
2026-07-06T09:05:23.044883,1073,5,soft_center_plus_range_marl,-18946.959828855415,1,4,landing,1.1832613945007324,0.37664902210235596,0.3798481027285258,0.2051672488451004,0.16204822063446045,0.1962084174156189,0,0.6374187469482422,4.373394737243652,0,0,0,86,0.3170224626859029,0.2774544358253479,1,0,0
2026-07-06T09:05:27.878370,1074,5,soft_center_plus_range_marl,-23667.881929112118,0,2,triangle_to_goal_obstacle,3.0199711322784424,0.2733032703399658,0.26518885294596356,0.6587185859680176,0.16558010876178741,0.2867831587791443,0,0.6758760213851929,0.029564896821975717,0,0,1,74,0.3397484024365743,0.2760457992553711,0,1,0
2026-07-06T09:05:36.848283,1075,5,soft_center_plus_range_marl,-17245.89154395632,1,4,landing,1.1821107864379883,0.3690396845340729,0.37609100341796875,0.20681963860988617,0.1629277914762497,0.21350310742855072,0,0.6325947046279907,4.377437839508056,0,0,0,84,0.30827365318934125,0.2693522572517395,1,0,0
2026-07-06T09:05:42.051454,1076,5,soft_center_plus_range_marl,-25848.2739695198,0,2,triangle_to_goal_obstacle,2.6719183921813965,0.3582836091518402,0.3232391079266866,0.7501538395881653,0.17688493430614471,0.30869945883750916,0,0.6869422793388367,0.02343715190887452,0,0,1,105,0.3232391079266866,0.3582836091518402,0,1,0
2026-07-06T09:05:46.555903,1077,5,soft_center_plus_range_marl,-15678.389596016365,0,2,triangle_to_goal_obstacle,2.9194891452789307,0.21078550815582275,0.14098779360453287,0.7079827189445496,0.16084928810596466,0.2729959189891815,0,0.8341782093048096,0.027467200756073007,0,0,1,77,0.24004820982615152,0.21078550815582275,0,1,0
2026-07-06T09:05:50.631787,1078,5,soft_center_plus_range_marl,-8311.382165627678,0,2,triangle_to_goal_obstacle,3.050555944442749,0.15763495862483978,0.12103031078974406,0.7335832118988037,0.15583962202072144,0.3214077651500702,0,0.9088440537452698,0.021204898357391366,0,0,1,60,0.1914199392000834,0.15763495862483978,0,1,0
2026-07-06T09:05:54.986056,1079,5,soft_center_plus_range_marl,5253.012794779874,0,2,triangle_to_goal_obstacle,2.84409499168396,0.18589352071285248,0.15937471389770508,0.7494478225708008,0.16133631765842438,0.3029535710811615,0,1.0326051712036133,0.02195678114891053,0,0,1,72,0.15937471389770508,0.18589352071285248,0,1,0
2026-07-06T09:05:59.150447,1080,5,soft_center_plus_range_marl,7353.793456945801,0,2,triangle_to_goal_obstacle,2.88826584815979,0.1056269034743309,0.07924572626749675,0.8023075461387634,0.15579800307750702,0.35067155957221985,0,1.0788114070892334,0.029527822732925424,0,0,1,59,0.08059600989023845,0.10713386535644531,0,1,0
2026-07-06T09:06:03.284436,1081,5,soft_center_plus_range_marl,8862.933026815164,0,2,triangle_to_goal_obstacle,2.9771196842193604,0.11935514956712723,0.11524275938669841,0.7390243411064148,0.15826977789402008,0.39752188324928284,0,1.1536741256713867,0.030251721143722543,0,0,1,52,0.11537559827168782,0.11935514956712723,0,1,0
2026-07-06T09:06:11.304060,1082,5,soft_center_plus_range_marl,5852.137887949717,1,4,landing,1.0813785791397095,0.3081917464733124,0.33875687917073566,0.21630005538463593,0.16180826723575592,0.18901152908802032,0,0.7079622149467468,4.209604988098144,0,0,0,81,0.2960703372955322,0.2131725698709488,1,0,0
2026-07-06T09:06:23.068633,1083,5,soft_center_plus_range_marl,-46235.08012693974,0,2,triangle_to_goal_obstacle,1.2703883647918701,0.4708200693130493,0.39976708094278973,0.012998209334909916,0.15094321966171265,0.19535164535045624,0,0.5967630743980408,4.537299404144287,0,0,0,84,0.3857077360153198,0.3881232440471649,1,0,0
2026-07-06T09:06:32.941180,1084,5,soft_center_plus_range_marl,46067.131842100585,1,4,landing,0.813607931137085,0.14427848160266876,0.17088598012924194,0.17006230354309082,0.15374521911144257,0.21485428512096405,0,0.8749452233314514,3.925877819061279,0,0,0,107,0.09787201881408691,0.134749636054039,1,0,1
2026-07-06T09:06:42.322228,1085,5,soft_center_plus_range_marl,44687.43680611412,1,4,landing,0.914524257183075,0.19323007762432098,0.23095754782358804,0.17783379554748535,0.15894801914691925,0.19379647076129913,0,0.8108636736869812,4.032528648376465,0,0,0,99,0.11156197388966878,0.08901787549257278,1,0,1
2026-07-06T09:06:51.388593,1086,5,soft_center_plus_range_marl,7204.623871066306,1,4,landing,1.0222948789596558,0.26137951016426086,0.30025508006413776,0.19478310644626617,0.15939830243587494,0.2114725559949875,0,0.7456320524215698,4.158952007293701,0,0,0,93,0.19479207197825113,0.15254950523376465,1,0,0
2026-07-06T09:07:00.197100,1087,5,soft_center_plus_range_marl,-12903.160581276206,1,4,landing,1.090337872505188,0.3074205815792084,0.3378765980402629,0.19771689176559448,0.1610279530286789,0.2166670560836792,0,0.7063732743263245,4.2747018432617185,0,0,0,89,0.2654403845469157,0.21794836223125458,1,0,0
2026-07-06T09:07:09.791264,1088,5,soft_center_plus_range_marl,-22912.493214827162,1,4,landing,1.1730140447616577,0.3637794554233551,0.3737626870473226,0.2095244973897934,0.1627281904220581,0.2331690788269043,0,0.6159793138504028,4.395468006134033,0,0,0,87,0.31941362222035724,0.2844131588935852,1,0,0
2026-07-06T09:07:14.935613,1089,5,soft_center_plus_range_marl,-22788.54282141131,0,2,triangle_to_goal_obstacle,3.0269076824188232,0.2317792922258377,0.21422811349232992,0.6917385458946228,0.15948259830474854,0.2740028500556946,0,0.7504616975784302,0.021847436428070077,0,0,1,77,0.31742628415425617,0.24853606522083282,0,1,0
2026-07-06T09:07:19.724357,1090,5,soft_center_plus_range_marl,-14787.758128244026,0,2,triangle_to_goal_obstacle,2.9313597679138184,0.21193040907382965,0.13768806060155234,0.6544851660728455,0.15766459703445435,0.3007562458515167,0,0.834419310092926,0.029365906715393075,0,0,1,76,0.24345622460047403,0.21193040907382965,0,1,0
2026-07-06T09:07:28.214568,1091,5,soft_center_plus_range_marl,27429.37670636488,1,4,landing,1.1246695518493652,0.3307376801967621,0.35526249806086224,0.22217607498168945,0.16257019340991974,0.1964675337076187,0,0.6516487002372742,4.21803165435791,0,0,0,85,0.14816304047902426,0.12069526314735413,1,0,0
2026-07-06T09:07:37.179107,1092,5,soft_center_plus_range_marl,-20287.645096026517,1,4,landing,1.1689445972442627,0.3633747398853302,0.37495940923690796,0.19891990721225739,0.16206176578998566,0.19619227945804596,0,0.6322798132896423,4.331959018707275,0,0,0,85,0.3243536154429118,0.28893256187438965,1,0,0
2026-07-06T09:07:42.192993,1093,5,soft_center_plus_range_marl,-20425.050065950058,0,2,triangle_to_goal_obstacle,2.9566447734832764,0.22161103785037994,0.16321655114491782,0.6899386048316956,0.1566387563943863,0.2896644175052643,0,0.7958245277404785,0.023575941324234018,0,0,1,80,0.2714010675748189,0.22161103785037994,0,1,0
2026-07-06T09:07:47.149814,1094,5,soft_center_plus_range_marl,-9656.503680526992,0,2,triangle_to_goal_obstacle,2.931741714477539,0.18431957066059113,0.13326340913772583,0.7068182826042175,0.16004236042499542,0.278732568025589,0,0.9026742577552795,0.023067036867141733,0,0,1,74,0.19120562076568604,0.18431957066059113,0,1,0
2026-07-06T09:07:55.190412,1095,5,soft_center_plus_range_marl,13133.43528330775,1,4,landing,1.1077616214752197,0.31027713418006897,0.34147806962331134,0.217939555644989,0.16400368511676788,0.20749302208423615,0,0.6716693043708801,4.1843297576904295,0,0,0,84,0.16165031989415488,0.13598473370075226,1,0,0
2026-07-06T09:07:59.900676,1096,5,soft_center_plus_range_marl,-14179.645064503049,0,2,triangle_to_goal_obstacle,2.984257221221924,0.1665092259645462,0.13279306888580322,0.7009735703468323,0.15536069869995117,0.33524981141090393,0,0.8790236711502075,0.02863381266593934,0,0,1,75,0.2438571055730184,0.18572624027729034,0,1,0
2026-07-06T09:08:04.451950,1097,5,soft_center_plus_range_marl,-4513.554722934834,0,2,triangle_to_goal_obstacle,2.9296751022338867,0.14155985414981842,0.09623803695042928,0.677497923374176,0.16083039343357086,0.3270437717437744,0,0.9879276156425476,0.029205659627914438,0,0,1,75,0.17513869206110635,0.14155985414981842,0,1,0
2026-07-06T09:08:13.080737,1098,5,soft_center_plus_range_marl,38958.4466046903,1,4,landing,1.1029491424560547,0.30846843123435974,0.3378109137217204,0.20236779749393463,0.16181617975234985,0.21496199071407318,0,0.6960417032241821,4.279064903259277,0,0,0,81,0.08647263050079346,0.06271792203187943,1,0,0
2026-07-06T09:08:21.786558,1099,5,soft_center_plus_range_marl,-13927.420947894256,1,4,landing,1.1692492961883545,0.36516812443733215,0.37456679344177246,0.201266810297966,0.16155606508255005,0.2043028026819229,0,0.6485139727592468,4.304384479522705,0,0,0,86,0.27708731094996136,0.2310582399368286,1,0,0
2026-07-06T09:08:26.231333,1100,5,soft_center_plus_range_marl,-16440.60496047945,0,2,triangle_to_goal_obstacle,3.124925136566162,0.1726217418909073,0.23020988702774048,0.7081351280212402,0.16388098895549774,0.3597981929779053,0,0.8413278460502625,0.028904566764831552,0,0,1,63,0.27115670839945477,0.21061761677265167,0,1,0
2026-07-06T09:08:30.833063,1101,5,soft_center_plus_range_marl,-12406.47906579311,0,2,triangle_to_goal_obstacle,2.9668941497802734,0.1709076166152954,0.10828934113184611,0.6756999492645264,0.15987370908260345,0.3242800831794739,0,0.8965633511543274,0.029942879676818857,0,0,1,73,0.22532051801681519,0.1709076166152954,0,1,0
2026-07-06T09:08:35.609348,1102,5,soft_center_plus_range_marl,5953.103929309527,0,2,triangle_to_goal_obstacle,2.8879921436309814,0.16309165954589844,0.13261385758717856,0.706974983215332,0.1589783877134323,0.319866806268692,0,1.035048007965088,0.02468840241432191,0,0,1,72,0.13261385758717856,0.16309165954589844,0,1,0
2026-07-06T09:08:40.194830,1103,5,soft_center_plus_range_marl,5231.095807398635,0,2,triangle_to_goal_obstacle,2.5081732273101807,0.329221248626709,0.2989561955134074,0.7392780184745789,0.17283709347248077,0.38900265097618103,0,1.1674458980560303,0.028437683582305917,0,0,1,102,0.2989561955134074,0.329221248626709,0,1,0
2026-07-06T09:08:48.630378,1104,5,soft_center_plus_range_marl,30777.66508671276,1,4,landing,1.0680043697357178,0.28789544105529785,0.32251975933710736,0.21747714281082153,0.16199837625026703,0.21765254437923431,0,0.7137338519096375,4.183537254333496,0,0,0,82,0.13786303997039795,0.10164741426706314,1,0,0
2026-07-06T09:08:53.202160,1105,5,soft_center_plus_range_marl,-21515.255541176062,0,2,triangle_to_goal_obstacle,3.1283342838287354,0.26205509901046753,0.3112439513206482,0.6796829700469971,0.16228510439395905,0.3869473934173584,0,0.6587865352630615,0.03416604757308961,0,0,1,57,0.3452167510986328,0.2796482741832733,0,1,0
2026-07-06T09:09:02.172795,1106,5,soft_center_plus_range_marl,-30483.050088087024,1,4,landing,1.1749529838562012,0.36817511916160583,0.37760353088378906,0.20843422412872314,0.16315579414367676,0.19640173017978668,0,0.6250513195991516,4.225222835540771,0,0,0,144,0.4633195598920186,0.4193263053894043,1,0,0
2026-07-06T09:09:13.928633,1107,5,soft_center_plus_range_marl,-41269.30651469869,0,3,goal_hover,1.2708630561828613,0.4788886308670044,0.3992127974828084,0.016228074207901955,0.1508374661207199,0.2654538154602051,0,0.6087636351585388,4.547904262542724,0,0,0,83,0.37574740250905353,0.35200485587120056,1,0,0
2026-07-06T09:09:19.972822,1108,5,soft_center_plus_range_marl,10442.89673032823,0,2,triangle_to_goal_obstacle,2.4999070167541504,0.41523900628089905,0.3814813693364461,0.6798141598701477,0.1601768583059311,0.4242078959941864,0,1.1721888780593872,0.022524932622909555,0,0,1,135,0.3814813693364461,0.41523900628089905,0,1,0
2026-07-06T09:09:25.725202,1109,5,soft_center_plus_range_marl,10.217947471024672,0,2,triangle_to_goal_obstacle,2.3513243198394775,0.45243367552757263,0.5350364049275717,0.7340078353881836,0.1757812649011612,0.4416468143463135,0,1.4638735055923462,0.021908888816833505,0,0,1,129,0.5350364049275717,0.45243367552757263,0,1,0
2026-07-06T09:09:31.000438,1110,5,soft_center_plus_range_marl,-10772.36056419633,0,2,triangle_to_goal_obstacle,2.5771050453186035,0.31826266646385193,0.4438358147939046,0.6942499279975891,0.17167317867279053,0.4466405212879181,0,1.253230094909668,0.026822129487991342,0,0,1,90,0.4438358147939046,0.31826266646385193,0,1,0
2026-07-06T09:09:40.779035,1111,5,soft_center_plus_range_marl,-30698.90274865374,1,4,landing,1.0328022241592407,0.28806325793266296,0.32285962502161664,0.18003691732883453,0.15885794162750244,0.1978059560060501,0,0.7237023115158081,4.141099224090576,0,0,0,94,0.6581396261850992,0.4692954123020172,1,0,0
2026-07-06T09:09:45.798104,1112,5,soft_center_plus_range_marl,-36676.614331499426,0,2,triangle_to_goal_obstacle,2.9920151233673096,0.39281365275382996,0.36562379201253253,0.6288517117500305,0.15719644725322723,0.3087906837463379,0,0.5968758463859558,0.028117398023605356,0,0,1,93,0.4295813838640849,0.3984582722187042,0,1,0
2026-07-06T09:09:57.530280,1113,5,soft_center_plus_range_marl,-54139.862115883145,0,2,triangle_to_goal_obstacle,1.2731680870056152,0.46844494342803955,0.39986666043599445,0.013882136903703213,0.1540018916130066,0.20505398511886597,0,0.5856170058250427,4.538510570526123,0,0,0,88,0.4168686668078105,0.4389984607696533,1,0,0
2026-07-06T09:10:07.719765,1114,5,soft_center_plus_range_marl,26753.28263213539,1,4,landing,0.8033197522163391,0.14124611020088196,0.17369802792867026,0.16053728759288788,0.15385790169239044,0.20942723751068115,0,0.8810175657272339,3.7615110969543455,0,0,0,143,0.2190394401550293,0.2048909217119217,1,0,1
2026-07-06T09:10:17.164768,1115,5,soft_center_plus_range_marl,-10829.922789378066,1,4,landing,0.9755861759185791,0.2423207312822342,0.285239319006602,0.17667250335216522,0.15925060212612152,0.20989413559436798,0,0.7274669408798218,4.167742500305176,0,0,0,95,0.2570369243621826,0.20045554637908936,1,0,0
2026-07-06T09:10:26.193037,1116,5,soft_center_plus_range_marl,-3132.4711882564507,1,4,landing,1.0267494916915894,0.27337339520454407,0.3124869465827942,0.1946668177843094,0.16008883714675903,0.21934743225574493,0,0.6943978071212769,4.257827053070068,0,0,0,89,0.22693725426991782,0.175195574760437,1,0,0
2026-07-06T09:10:35.152950,1117,5,soft_center_plus_range_marl,15874.812033042645,1,4,landing,1.0752578973770142,0.2990609407424927,0.3322885036468506,0.2053753286600113,0.16194601356983185,0.19060523808002472,0,0.67240309715271,4.291326293945312,0,0,0,88,0.1736805240313212,0.13008446991443634,1,0,0
2026-07-06T09:10:39.684575,1118,5,soft_center_plus_range_marl,-21995.6594565131,0,2,triangle_to_goal_obstacle,3.085859537124634,0.24173539876937866,0.28097190459569293,0.6923597455024719,0.1754462718963623,0.3673633635044098,0,0.7378731369972229,0.036226013898849496,0,0,1,67,0.34329867362976074,0.270111620426178,0,1,0
2026-07-06T09:10:48.485878,1119,5,soft_center_plus_range_marl,-9820.72560624127,1,4,landing,1.1577472686767578,0.3504151403903961,0.3659854729970296,0.21525907516479492,0.1634589582681656,0.19575171172618866,0,0.6422847509384155,4.360331306457519,0,0,0,84,0.2618708610534668,0.20516057312488556,1,0,0
2026-07-06T09:10:58.151007,1120,5,soft_center_plus_range_marl,-24775.626929739294,1,4,landing,1.1797093152999878,0.36869359016418457,0.3762504458427429,0.19963975250720978,0.16308380663394928,0.20678146183490753,0,0.6516801714897156,4.352350482940674,0,0,0,86,0.3464240034421285,0.3152655363082886,1,0,0
2026-07-06T09:11:07.058882,1121,5,soft_center_plus_range_marl,-21207.83841125602,1,4,landing,1.176615595817566,0.3708951473236084,0.37733157475789386,0.2151436060667038,0.16152994334697723,0.18412096798419952,0,0.6559374928474426,4.355320224761963,0,0,0,86,0.33074408769607544,0.2971239387989044,1,0,0
2026-07-06T09:11:11.894098,1122,5,soft_center_plus_range_marl,-23304.507813266806,0,2,triangle_to_goal_obstacle,3.068830728530884,0.27060356736183167,0.2694161335627238,0.6511252522468567,0.16225440800189972,0.31407323479652405,0,0.6770132184028625,0.030901471376419076,0,0,1,69,0.3417876561482747,0.2820642590522766,0,1,0
2026-07-06T09:11:20.646764,1123,5,soft_center_plus_range_marl,-22967.587867506656,1,4,landing,1.1887224912643433,0.37420955300331116,0.3789135813713074,0.19493858516216278,0.16305989027023315,0.17211167514324188,0,0.6579442024230957,4.364809761047363,0,0,0,84,0.3431007464726766,0.3071536421775818,1,0,0
2026-07-06T09:11:25.442714,1124,5,soft_center_plus_range_marl,-18116.881630015327,0,2,triangle_to_goal_obstacle,2.9294304847717285,0.23835420608520508,0.174387256304423,0.6698277592658997,0.16088749468326569,0.3148611783981323,0,0.7822365760803223,0.028829017877578744,0,0,1,76,0.25752051671346027,0.23835420608520508,0,1,0
2026-07-06T09:11:34.281806,1125,5,soft_center_plus_range_marl,-4698.989261874757,1,4,landing,1.127787709236145,0.33252033591270447,0.3561816414197286,0.20086169242858887,0.1617819219827652,0.18565507233142853,0,0.6862073540687561,4.260910758972168,0,0,0,85,0.22334396839141846,0.17828430235385895,1,0,0
2026-07-06T09:11:46.649527,1126,5,soft_center_plus_range_marl,-93669.70034323928,0,2,triangle_to_goal_obstacle,1.2229112386703491,0.4431747496128082,0.3990514278411865,0.06976368278265,0.15184198319911957,0.21645517647266388,0,0.604049563407898,4.41204906463623,0,0,0,231,1.3208391865094502,1.0135071277618408,1,0,0
2026-07-06T09:11:58.703508,1127,5,soft_center_plus_range_marl,-72650.82643320713,0,2,triangle_to_goal_obstacle,0.8834483623504639,0.4882476329803467,0.38375572363535565,0.029873689636588097,0.15267707407474518,0.245746448636055,0,0.597923994064331,3.64865852355957,0,0,0,87,0.39746300379435223,0.7772228121757507,1,0,0
2026-07-06T09:12:05.053722,1128,5,soft_center_plus_range_marl,3977.664503813705,0,2,triangle_to_goal_obstacle,2.535571336746216,0.3330470323562622,0.41453735033671063,0.6630892157554626,0.16604286432266235,0.41934478282928467,0,1.3025544881820679,0.027329871654510507,0,0,1,133,0.41453735033671063,0.3330470323562622,0,1,0
2026-07-06T09:12:11.309163,1129,5,soft_center_plus_range_marl,-22775.284980495784,0,2,triangle_to_goal_obstacle,2.39597487449646,0.44956085085868835,0.6546656290690104,0.7157022356987,0.17146754264831543,0.4477872848510742,0,1.3028372526168823,0.029431829452514657,0,0,1,123,0.6546656290690104,0.44956085085868835,0,1,0
2026-07-06T09:12:16.877649,1130,5,soft_center_plus_range_marl,-45480.79366201431,0,2,triangle_to_goal_obstacle,2.203143835067749,0.6443637013435364,0.9482178290685018,0.7596481442451477,0.18186669051647186,0.5010969638824463,0,1.328891396522522,0.028457740545272836,0,0,1,128,0.9482178290685018,0.6443637013435364,0,1,0
2026-07-06T09:12:21.898320,1131,5,soft_center_plus_range_marl,-41411.26768828258,0,2,triangle_to_goal_obstacle,2.5563831329345703,0.5912351012229919,0.8381240367889404,0.7087567448616028,0.16323646903038025,0.5004482865333557,0,1.1555829048156738,0.02661074161529542,0,0,1,79,0.8381240367889404,0.5912351012229919,0,1,0
2026-07-06T09:12:33.384100,1132,5,soft_center_plus_range_marl,-262636.0085483702,0,1,start_hover,0.9773498177528381,1.4132213592529297,2.0456182956695557,0.06242172047495842,0.12305565923452377,0.29514825344085693,0,1.2137835025787354,0.6291635727882385,0,0,0,0,2.0456182956695557,1.4132213592529297,1,0,0
2026-07-06T09:12:41.898614,1133,5,soft_center_plus_range_marl,-136342.59548961537,0,2,triangle_to_goal_obstacle,1.653249740600586,1.3690377473831177,2.0169105927149453,0.44520440697669983,0.1633683443069458,0.49511218070983887,0,1.3286200761795044,0.037698874473571786,0,0,1,181,2.0169105927149453,1.3690377473831177,0,1,0
2026-07-06T09:12:54.186822,1134,5,soft_center_plus_range_marl,-77606.57485495559,0,0,takeoff,0.2299666404724121,0.40540096163749695,0.5661906401316324,0.04078298434615135,0.07345062494277954,0.383921355009079,0,1.2141430377960205,1.8970246410369873,0,0,0,0,0.0,0.0,1,0,0
2026-07-06T09:13:03.299277,1135,5,soft_center_plus_range_marl,-98106.62718979566,0,2,triangle_to_goal_obstacle,1.9076248407363892,1.0262250900268555,1.5100594758987427,0.5405697822570801,0.17474281787872314,0.5923396944999695,0,1.331745982170105,0.03925130724906922,0,0,1,192,1.5100594758987427,1.0262250900268555,0,1,0
2026-07-06T09:13:10.868182,1136,5,soft_center_plus_range_marl,-98364.38673528486,0,2,triangle_to_goal_obstacle,1.8045518398284912,1.1273185014724731,1.6734811464945476,0.651954710483551,0.17585088312625885,0.5669683218002319,0,1.3741297721862793,0.031241068840026864,0,0,1,158,1.6734811464945476,1.1273185014724731,0,1,0
2026-07-06T09:13:22.788254,1137,5,soft_center_plus_range_marl,-208078.93343413653,0,0,takeoff,0.47571808099746704,0.7664762139320374,1.0857290029525757,0.14122448861598969,0.1218889132142067,0.4134967029094696,0,1.1986383199691772,1.190421233177185,0,0,0,0,1.231447656949361,0.8635992407798767,1,0,0
2026-07-06T09:13:34.855162,1138,5,soft_center_plus_range_marl,-143659.1858546131,0,2,triangle_to_goal_obstacle,0.2262558490037918,0.21210826933383942,0.2905279000600179,0.015430447645485401,0.14996550977230072,0.32978489995002747,0,1.2101589441299438,2.9961307144165037,0,0,0,164,1.5979058742523193,1.1093831062316895,1,0,0
2026-07-06T09:13:41.498137,1139,5,soft_center_plus_range_marl,-875.7111289531222,0,2,triangle_to_goal_obstacle,2.522965908050537,0.3438774645328522,0.47619787851969403,0.6288909316062927,0.1702958196401596,0.4759993851184845,0,1.2759075164794922,0.028752336502075204,0,0,1,135,0.47619787851969403,0.3438774645328522,0,1,0
2026-07-06T09:13:47.948830,1140,5,soft_center_plus_range_marl,-30665.889236130562,0,2,triangle_to_goal_obstacle,2.3259072303771973,0.528075635433197,0.7780353625615438,0.7278463840484619,0.17851102352142334,0.4667946398258209,0,1.3408406972885132,0.01871998071670533,0,0,1,131,0.7780353625615438,0.528075635433197,0,1,0
2026-07-06T09:13:58.543371,1141,5,soft_center_plus_range_marl,-51576.31598765773,1,4,landing,0.9090449810028076,0.2187223881483078,0.2592332164446513,0.15750448405742645,0.1579669713973999,0.20085777342319489,0,0.804317831993103,4.038089046478271,0,0,0,104,0.8877209822336832,0.6265109181404114,1,0,1
2026-07-06T09:14:11.013964,1142,5,soft_center_plus_range_marl,-47345.769981410725,0,2,triangle_to_goal_obstacle,1.1726598739624023,0.402446985244751,0.3905566732088725,0.06852804869413376,0.15134494006633759,0.21802763640880585,0,0.6079459190368652,4.49595380783081,0,0,0,98,0.4122435251871745,0.42029449343681335,1,0,0
2026-07-06T09:14:21.290006,1143,5,soft_center_plus_range_marl,22764.449656921308,1,4,landing,0.8931504487991333,0.1839621514081955,0.2205479939778646,0.17572833597660065,0.1589459478855133,0.20151937007904053,0,0.830132246017456,3.986077556610107,0,0,0,102,0.16416823863983154,0.12031972408294678,1,0,1
2026-07-06T09:14:30.407979,1144,5,soft_center_plus_range_marl,40309.328005892676,1,4,landing,0.9507133960723877,0.21806985139846802,0.2590068181355794,0.17931850254535675,0.16067279875278473,0.1986588090658188,0,0.8130821585655212,4.071643123626709,0,0,0,97,0.12639347712198892,0.10163363069295883,1,0,1
2026-07-06T09:14:40.308587,1145,5,soft_center_plus_range_marl,-11505.855965474417,1,4,landing,1.0595239400863647,0.2896134555339813,0.32355644305547077,0.202249214053154,0.16227373480796814,0.181962251663208,0,0.7175925374031067,4.2029526329040525,0,0,0,91,0.24880854288736978,0.20369921624660492,1,0,0
2026-07-06T09:14:49.964971,1146,5,soft_center_plus_range_marl,-14160.82947423547,1,4,landing,1.0932815074920654,0.31702128052711487,0.34447697798411053,0.1975957304239273,0.16113871335983276,0.17475973069667816,0,0.6719997525215149,4.261310348510742,0,0,0,88,0.3004480004310608,0.23214785754680634,1,0,0
2026-07-06T09:15:00.372652,1147,5,soft_center_plus_range_marl,-14346.151602149806,1,4,landing,1.1266112327575684,0.33690476417541504,0.3576781352361043,0.20617914199829102,0.16225630044937134,0.17934103310108185,0,0.6655347943305969,4.300078639984131,0,0,0,87,0.27992069721221924,0.23566420376300812,1,0,0
2026-07-06T09:15:06.292669,1148,5,soft_center_plus_range_marl,-23277.670458618282,0,2,triangle_to_goal_obstacle,3.0379810333251953,0.24522912502288818,0.24287150303522745,0.6591324210166931,0.16070052981376648,0.2818589210510254,0,0.7183626890182495,0.02883256435394288,0,0,1,76,0.3367372353871663,0.2615688741207123,0,1,0
2026-07-06T09:15:16.805095,1149,5,soft_center_plus_range_marl,-15032.8771510648,1,4,landing,1.1713120937347412,0.3597539961338043,0.3717276056607564,0.21071429550647736,0.16362504661083221,0.1885099858045578,0,0.6601175665855408,4.3220980262756346,0,0,0,84,0.2934471368789673,0.2520560026168823,1,0,0
2026-07-06T09:15:22.479780,1150,5,soft_center_plus_range_marl,-21473.98669225862,0,2,triangle_to_goal_obstacle,2.9480795860290527,0.26868733763694763,0.2149972120920817,0.682861328125,0.161023810505867,0.3042208254337311,0,0.7178958654403687,0.02393061876296998,0,0,1,76,0.3010718027750651,0.26868733763694763,0,1,0
2026-07-06T09:15:32.751245,1151,5,soft_center_plus_range_marl,10709.919914489352,1,4,landing,1.13343346118927,0.3392939567565918,0.36004934708277386,0.2196810394525528,0.1625005453824997,0.16865146160125732,0,0.6768386363983154,4.302500019073486,0,0,0,84,0.17628284295399985,0.12918397784233093,1,0,0
2026-07-06T09:15:37.535581,1152,5,soft_center_plus_range_marl,-23201.366525039666,0,2,triangle_to_goal_obstacle,2.9001657962799072,0.24636268615722656,0.23054192463556925,0.7584061026573181,0.1800103783607483,0.3072531521320343,0,0.7276436686515808,0.02211005449295045,0,0,1,84,0.31629733244578045,0.24636268615722656,0,1,0
2026-07-06T09:15:47.248235,1153,5,soft_center_plus_range_marl,-8287.725141116287,1,4,landing,1.1395612955093384,0.33576515316963196,0.3578048348426819,0.21599189937114716,0.1622510552406311,0.16881327331066132,0,0.653587818145752,4.268874416351318,0,0,0,84,0.25151793162027997,0.20676326751708984,1,0,0
2026-07-06T09:15:52.586520,1154,5,soft_center_plus_range_marl,-11483.547813711411,0,2,triangle_to_goal_obstacle,2.8499369621276855,0.21079818904399872,0.1608615517616272,0.7495656609535217,0.16625137627124786,0.3239191472530365,0,0.8613134026527405,0.020097235441207895,0,0,1,80,0.2109892169634501,0.21079818904399872,0,1,0
2026-07-06T09:15:57.651947,1155,5,soft_center_plus_range_marl,-5596.836095381549,0,2,triangle_to_goal_obstacle,3.1078438758850098,0.12356221675872803,0.14171441396077475,0.7279289364814758,0.14780180156230927,0.373882532119751,0,0.9375097751617432,0.023831198215484628,0,0,1,55,0.16896055142084757,0.13348864018917084,0,1,0
2026-07-06T09:16:02.353702,1156,5,soft_center_plus_range_marl,6194.944333192221,0,2,triangle_to_goal_obstacle,2.7925148010253906,0.20160317420959473,0.18480857213338217,0.7196295857429504,0.16064263880252838,0.3416851758956909,0,1.0135306119918823,0.021937201023101816,0,0,1,76,0.18480857213338217,0.20160317420959473,0,1,0
2026-07-06T09:16:07.197131,1157,5,soft_center_plus_range_marl,6722.3059629368,0,2,triangle_to_goal_obstacle,2.801506757736206,0.20275767147541046,0.16978788375854492,0.7598244547843933,0.15884850919246674,0.34574928879737854,0,1.0821558237075806,0.01936847925186158,0,0,1,71,0.16978788375854492,0.20275767147541046,0,1,0
2026-07-06T09:16:12.497939,1158,5,soft_center_plus_range_marl,2939.0187805668284,0,2,triangle_to_goal_obstacle,2.7332746982574463,0.2594689726829529,0.25176918506622314,0.7524983882904053,0.16389931738376617,0.3973863422870636,0,1.2510433197021484,0.026146212816238412,0,0,1,65,0.25176918506622314,0.2594689726829529,0,1,0
2026-07-06T09:16:22.237354,1159,5,soft_center_plus_range_marl,-1091.4567030884305,1,4,landing,1.089639663696289,0.3106677234172821,0.3399423559506734,0.21508173644542694,0.16265243291854858,0.16538101434707642,0,0.6964403986930847,4.240368137359619,0,0,0,82,0.3188340663909912,0.2311258167028427,1,0,0
2026-07-06T09:16:26.807300,1160,5,soft_center_plus_range_marl,-29800.73819912901,0,2,triangle_to_goal_obstacle,3.0916759967803955,0.3185044229030609,0.3310347994168599,0.6518394947052002,0.1652141809463501,0.3103850185871124,0,0.6198316812515259,0.029788354635238656,0,0,1,74,0.3981226086616516,0.3512115478515625,0,1,0
2026-07-06T09:16:31.433634,1161,5,soft_center_plus_range_marl,-25165.979976061702,0,2,triangle_to_goal_obstacle,3.078368902206421,0.28828415274620056,0.2961352268854777,0.7106344103813171,0.16059176623821259,0.31838786602020264,0,0.6540030241012573,0.023907641172409066,0,0,1,69,0.36264699697494507,0.3143633306026459,0,1,0
2026-07-06T09:16:35.888224,1162,5,soft_center_plus_range_marl,-22596.641692592733,0,2,triangle_to_goal_obstacle,2.9641730785369873,0.28660848736763,0.23813082774480185,0.6888311505317688,0.16440589725971222,0.29849421977996826,0,0.7001597285270691,0.029012093544006357,0,0,1,70,0.30210620164871216,0.28660848736763,0,1,0
2026-07-06T09:16:40.658154,1163,5,soft_center_plus_range_marl,-15077.042140680607,0,2,triangle_to_goal_obstacle,2.8660295009613037,0.27586403489112854,0.2079654335975647,0.720806896686554,0.16395901143550873,0.3177788257598877,0,0.7670727372169495,0.02267355680465699,0,0,1,70,0.2300648291905721,0.27586403489112854,0,1,0
2026-07-06T09:16:45.312342,1164,5,soft_center_plus_range_marl,-3862.7759207857853,0,2,triangle_to_goal_obstacle,2.8546576499938965,0.1973298341035843,0.1623211900393168,0.7646849751472473,0.16637979447841644,0.3205646574497223,0,0.9176031947135925,0.020352581739425668,0,0,1,70,0.1623211900393168,0.1973298341035843,0,1,0
2026-07-06T09:16:49.701020,1165,5,soft_center_plus_range_marl,7999.913470704147,0,2,triangle_to_goal_obstacle,2.9771409034729004,0.1030813455581665,0.07979011535644531,0.7696927189826965,0.15444700419902802,0.3704915940761566,0,1.1285645961761475,0.031405279636383066,0,0,1,55,0.0819626251856486,0.10327613353729248,0,1,0
2026-07-06T09:16:54.114105,1166,5,soft_center_plus_range_marl,7139.32375859951,0,2,triangle_to_goal_obstacle,2.8152787685394287,0.19114406406879425,0.1717522939046224,0.7456011772155762,0.1651320904493332,0.3584103286266327,0,1.2117438316345215,0.021794865131378183,0,0,1,71,0.1717522939046224,0.19114406406879425,0,1,0
2026-07-06T09:16:58.572003,1167,5,soft_center_plus_range_marl,4316.349629834063,0,2,triangle_to_goal_obstacle,2.787616491317749,0.23586100339889526,0.2201693852742513,0.7398281097412109,0.1498727947473526,0.381838321685791,0,1.2326878309249878,0.02665419340133668,0,0,1,63,0.2201693852742513,0.23586100339889526,0,1,0
2026-07-06T09:17:02.937852,1168,5,soft_center_plus_range_marl,-9509.596894039802,0,2,triangle_to_goal_obstacle,2.6623525619506836,0.293705552816391,0.3928249677022298,0.7583933472633362,0.16310547292232513,0.39269861578941345,0,1.2299952507019043,0.022952059507370004,0,0,1,73,0.3928249677022298,0.293705552816391,0,1,0
2026-07-06T09:17:10.966564,1169,5,soft_center_plus_range_marl,793.6767315258085,1,4,landing,1.0934295654296875,0.3122781813144684,0.3417480985323588,0.22029834985733032,0.16284339129924774,0.167027547955513,0,0.7055855393409729,4.249732265472412,0,0,0,82,0.31894413630167645,0.22892062366008759,1,0,0
2026-07-06T09:17:15.431106,1170,5,soft_center_plus_range_marl,-23645.186726763226,0,2,triangle_to_goal_obstacle,3.157792329788208,0.304277628660202,0.3526657223701477,0.6632735133171082,0.16879898309707642,0.38593706488609314,0,0.6506814360618591,0.037750998735427865,0,0,1,61,0.38888349135716754,0.3160501718521118,0,1,0
2026-07-06T09:17:20.279434,1171,5,soft_center_plus_range_marl,-22943.318033489668,0,2,triangle_to_goal_obstacle,3.046199083328247,0.2471899539232254,0.2446562647819519,0.7043773531913757,0.16456232964992523,0.2889775037765503,0,0.7091655731201172,0.025072911977767953,0,0,1,73,0.33246968189875287,0.26962608098983765,0,1,0
2026-07-06T09:17:25.364255,1172,5,soft_center_plus_range_marl,-18700.182184418183,0,2,triangle_to_goal_obstacle,3.107408285140991,0.21998995542526245,0.23842507600784302,0.7202510237693787,0.15984880924224854,0.3596712052822113,0,0.74774169921875,0.027477661371231088,0,0,1,59,0.29756391048431396,0.23729145526885986,0,1,0
2026-07-06T09:17:34.776419,1173,5,soft_center_plus_range_marl,-7554.608643249285,1,4,landing,1.1335538625717163,0.3289641737937927,0.35340750217437744,0.21676309406757355,0.16312123835086823,0.170022115111351,0,0.6800859570503235,4.238734016418457,0,0,0,83,0.25464993715286255,0.20983672142028809,1,0,0
2026-07-06T09:17:43.792908,1174,5,soft_center_plus_range_marl,-4676.991748389701,1,4,landing,1.153810739517212,0.34237149357795715,0.3614603877067566,0.20635147392749786,0.1631171554327011,0.1854126900434494,0,0.6459366083145142,4.3061535453796385,0,0,0,87,0.22167148192723593,0.1720609813928604,1,0,0
2026-07-06T09:17:48.857936,1175,5,soft_center_plus_range_marl,-14568.567758677078,0,2,triangle_to_goal_obstacle,3.12650990486145,0.17670075595378876,0.23766648769378662,0.6846623420715332,0.1600755900144577,0.43388625979423523,0,0.826679527759552,0.0338560438156128,0,0,1,60,0.26960694789886475,0.2042541354894638,0,1,0
2026-07-06T09:17:57.810622,1176,5,soft_center_plus_range_marl,8493.396498365166,1,4,landing,1.14141047000885,0.33948814868927,0.3598894476890564,0.2080993503332138,0.16334454715251923,0.18077027797698975,0,0.6498775482177734,4.228906879425049,0,0,0,84,0.17629947264989218,0.151630237698555,1,0,0
2026-07-06T09:18:07.734003,1177,5,soft_center_plus_range_marl,-12581.928115859511,1,4,landing,1.1545448303222656,0.3499627411365509,0.36616621414820355,0.197087362408638,0.16278564929962158,0.18318593502044678,0,0.6591601371765137,4.314044723510742,0,0,0,86,0.2767326235771179,0.22306807339191437,1,0,0
2026-07-06T09:18:13.520186,1178,5,soft_center_plus_range_marl,-21211.748448605842,0,2,triangle_to_goal_obstacle,2.9306228160858154,0.23229801654815674,0.19138920307159424,0.6828082203865051,0.16734753549098969,0.3344489634037018,0,0.7680439949035645,0.0275045132637024,0,0,1,79,0.2949724594751994,0.23410481214523315,0,1,0
2026-07-06T09:18:18.351362,1179,5,soft_center_plus_range_marl,-8976.998375275416,0,2,triangle_to_goal_obstacle,2.902492046356201,0.17273859679698944,0.11981290578842163,0.6979830265045166,0.16351284086704254,0.32950273156166077,0,0.9375266432762146,0.025248358249664316,0,0,1,77,0.19561060269673666,0.17273859679698944,0,1,0
2026-07-06T09:18:22.933687,1180,5,soft_center_plus_range_marl,5939.610381641582,0,2,triangle_to_goal_obstacle,2.9290077686309814,0.14807571470737457,0.11597943305969238,0.6992829442024231,0.15989337861537933,0.36538782715797424,0,1.0185227394104004,0.02723787188529969,0,0,1,67,0.11597943305969238,0.14807571470737457,0,1,0
2026-07-06T09:18:29.261726,1181,5,soft_center_plus_range_marl,6368.733952808667,0,2,triangle_to_goal_obstacle,2.7998058795928955,0.22030611336231232,0.18910932540893555,0.7435405254364014,0.16125287115573883,0.33673104643821716,0,1.0698344707489014,0.01912553071975709,0,0,1,70,0.18910932540893555,0.22030611336231232,0,1,0
2026-07-06T09:18:34.167800,1182,5,soft_center_plus_range_marl,7425.690710866591,0,2,triangle_to_goal_obstacle,2.7848052978515625,0.21437764167785645,0.15429333845774332,0.6936798095703125,0.16066484153270721,0.3612896203994751,0,1.1780918836593628,0.030760625600814828,0,0,1,72,0.15429333845774332,0.21437764167785645,0,1,0
2026-07-06T09:18:43.104307,1183,5,soft_center_plus_range_marl,7830.22747786962,1,4,landing,1.0878695249557495,0.31292179226875305,0.3418385585149129,0.21775071322917938,0.16194956004619598,0.17713946104049683,0,0.6563041806221008,4.182224521636963,0,0,0,84,0.2915185292561849,0.21467618644237518,1,0,0
2026-07-06T09:18:56.540499,1184,5,soft_center_plus_range_marl,-49336.495511925925,0,2,triangle_to_goal_obstacle,1.2698324918746948,0.4699520170688629,0.39981532096862793,0.021727601066231728,0.15300112962722778,0.17208898067474365,0,0.6028909087181091,4.530504474639892,0,0,0,83,0.3945215741793315,0.41743984818458557,1,0,0
2026-07-06T09:19:07.590728,1185,5,soft_center_plus_range_marl,42312.03411692982,1,4,landing,0.8071118593215942,0.13204894959926605,0.16516361633936563,0.1545848846435547,0.15641069412231445,0.19498030841350555,0,0.9447011947631836,3.7806923484802244,0,0,0,111,0.1324512561162313,0.10194221884012222,1,0,1
2026-07-06T09:19:18.015034,1186,5,soft_center_plus_range_marl,42488.64572355146,1,4,landing,0.9064037203788757,0.1934933215379715,0.23623615503311157,0.18607990443706512,0.1586178094148636,0.1877468228340149,0,0.8200900554656982,3.873324165344238,0,0,0,100,0.11571963628133138,0.10373932123184204,1,0,1
2026-07-06T09:19:27.949383,1187,5,soft_center_plus_range_marl,-2066.371484780798,1,4,landing,1.0221596956253052,0.2601623833179474,0.2998951276143392,0.20317643880844116,0.16076521575450897,0.18757688999176025,0,0.7776188850402832,4.107788333892822,0,0,0,94,0.21846121549606323,0.16916777193546295,1,0,0
2026-07-06T09:19:38.044005,1188,5,soft_center_plus_range_marl,-10172.314952950963,1,4,landing,1.076019287109375,0.298740416765213,0.3306009570757548,0.20481657981872559,0.16207918524742126,0.17311131954193115,0,0.7072246074676514,4.1797216033935545,0,0,0,91,0.24492504199345908,0.19682268798351288,1,0,0
2026-07-06T09:19:48.422257,1189,5,soft_center_plus_range_marl,-14610.527144675823,1,4,landing,1.1340069770812988,0.3344818651676178,0.35662275552749634,0.202265664935112,0.16246676445007324,0.15899837017059326,0,0.6564915180206299,4.318102130889892,0,0,0,90,0.272208571434021,0.22453665733337402,1,0,0
2026-07-06T09:19:53.837519,1190,5,soft_center_plus_range_marl,-23733.090870757133,0,2,triangle_to_goal_obstacle,3.101789712905884,0.23360984027385712,0.26161686579386395,0.6378350853919983,0.16171245276927948,0.3265897333621979,0,0.7177751660346985,0.03115333080291749,0,0,1,73,0.34261830647786456,0.28381022810935974,0,1,0
2026-07-06T09:19:59.234862,1191,5,soft_center_plus_range_marl,-16429.151084031833,0,2,triangle_to_goal_obstacle,3.0636091232299805,0.16637878119945526,0.19245465596516928,0.7511410117149353,0.16966886818408966,0.3251943588256836,0,0.8539761900901794,0.02609298586845399,0,0,1,67,0.2592764695485433,0.19596605002880096,0,1,0
2026-07-06T09:20:09.377577,1192,5,soft_center_plus_range_marl,9763.446398764816,1,4,landing,1.1300387382507324,0.3277222216129303,0.3518586754798889,0.20761603116989136,0.16179464757442474,0.16898345947265625,0,0.6611162424087524,4.237672576904297,0,0,0,84,0.16867274045944214,0.14312221109867096,1,0,0
2026-07-06T09:20:15.554364,1193,5,soft_center_plus_range_marl,-22830.847902185324,0,2,triangle_to_goal_obstacle,2.6944193840026855,0.29159581661224365,0.2773122191429138,0.7879263758659363,0.16928009688854218,0.3457055389881134,0,0.7920934557914734,0.022338429689407358,0,0,1,104,0.2773122191429138,0.29159581661224365,0,1,0
2026-07-06T09:20:24.652373,1194,5,soft_center_plus_range_marl,19734.806489068153,1,4,landing,1.1319992542266846,0.3313731253147125,0.35471977790196735,0.20963551104068756,0.1625291109085083,0.15790916979312897,0,0.6523559093475342,4.263244400024414,0,0,0,83,0.16290108362833658,0.1214909628033638,1,0,0
2026-07-06T09:20:34.496051,1195,5,soft_center_plus_range_marl,-18534.822319293187,1,4,landing,1.1886601448059082,0.3753545582294464,0.37946263949076336,0.21082018315792084,0.1631556898355484,0.1684342622756958,0,0.6231411695480347,4.3390233612060545,0,0,0,84,0.3049256006876628,0.26473286747932434,1,0,0
2026-07-06T09:20:44.585956,1196,5,soft_center_plus_range_marl,-15430.652033225157,1,4,landing,1.1512234210968018,0.3467928171157837,0.36440491676330566,0.21578089892864227,0.16376127302646637,0.17654208838939667,0,0.6696962714195251,4.314183483123779,0,0,0,87,0.2810259262720744,0.22815929353237152,1,0,0
2026-07-06T09:20:54.553255,1197,5,soft_center_plus_range_marl,-27149.409065720323,1,4,landing,1.1812033653259277,0.37155982851982117,0.3776352604230245,0.20869024097919464,0.16361753642559052,0.17847484350204468,0,0.6355960965156555,4.359958896636963,0,0,0,82,0.3694082895914714,0.35107287764549255,1,0,0
2026-07-06T09:21:04.827315,1198,5,soft_center_plus_range_marl,-11767.130225624494,1,4,landing,1.149587869644165,0.35295310616493225,0.36766962210337323,0.21454168856143951,0.16174881160259247,0.17706547677516937,0,0.6445179581642151,4.334865341186523,0,0,0,86,0.2750568191210429,0.23472534120082855,1,0,0
2026-07-06T09:21:10.179143,1199,5,soft_center_plus_range_marl,-27289.10715376582,0,2,triangle_to_goal_obstacle,2.699014663696289,0.39572393894195557,0.3357980052630107,0.76460862159729,0.16438375413417816,0.3350769579410553,0,0.6403250098228455,0.020133951902389535,0,0,1,101,0.3357980052630107,0.39572393894195557,0,1,0
2026-07-06T09:21:15.177937,1200,5,soft_center_plus_range_marl,-16904.53805564779,0,2,triangle_to_goal_obstacle,2.938561201095581,0.264719694852829,0.1826004981994629,0.7151684761047363,0.16003063321113586,0.32105275988578796,0,0.7577184438705444,0.022740492820739755,0,0,1,70,0.2366262674331665,0.264719694852829,0,1,0
2026-07-06T09:21:20.283229,1201,5,soft_center_plus_range_marl,-4933.837387214608,0,2,triangle_to_goal_obstacle,2.8599071502685547,0.21967081725597382,0.1879170536994934,0.7484338283538818,0.16331732273101807,0.31781354546546936,0,0.8831455111503601,0.019434908628463754,0,0,1,70,0.1879170536994934,0.21967081725597382,0,1,0
2026-07-06T09:21:29.416859,1202,5,soft_center_plus_range_marl,32991.95519247642,1,4,landing,1.0986723899841309,0.30249324440956116,0.33480987946192425,0.2033625692129135,0.1633446365594864,0.17597655951976776,0,0.6707801818847656,4.16740156173706,0,0,0,83,0.10757029056549072,0.12407403439283371,1,0,0
2026-07-06T09:21:34.758050,1203,5,soft_center_plus_range_marl,-14817.516500869933,0,2,triangle_to_goal_obstacle,2.932490825653076,0.21326102316379547,0.13932013511657715,0.6936743259429932,0.16183222830295563,0.29306092858314514,0,0.8353919982910156,0.023906002044677743,0,0,1,75,0.24021510283152261,0.21326102316379547,0,1,0
2026-07-06T09:21:44.039821,1204,5,soft_center_plus_range_marl,34721.434709014,1,4,landing,1.1061068773269653,0.31221291422843933,0.34270888566970825,0.2147597074508667,0.16250626742839813,0.1773902028799057,0,0.6702857613563538,4.161333332061767,0,0,0,83,0.11006160577138265,0.10844531655311584,1,0,0
2026-07-06T09:21:54.054967,1205,5,soft_center_plus_range_marl,-13414.472208175395,1,4,landing,1.1641377210617065,0.36216506361961365,0.37256407737731934,0.21003758907318115,0.16204141080379486,0.19653891026973724,0,0.6481751203536987,4.309763202667236,0,0,0,84,0.283500611782074,0.23315434157848358,1,0,0
2026-07-06T09:22:09.005018,1206,5,soft_center_plus_range_marl,-53634.91785841197,0,2,triangle_to_goal_obstacle,1.2802914381027222,0.4809149205684662,0.39899273713429767,0.03272688761353493,0.15136577188968658,0.1687445491552353,0,0.6053481101989746,4.57801176071167,0,0,0,163,0.5590327580769857,0.485682874917984,1,0,0
2026-07-06T09:22:23.788627,1207,5,soft_center_plus_range_marl,-44479.288876345956,0,2,triangle_to_goal_obstacle,0.8754054307937622,0.5104196071624756,0.4110405445098877,0.021037688478827477,0.15455330908298492,0.23629595339298248,0,0.5965157747268677,3.612868556976318,0,0,0,96,0.39603322744369507,0.47895488142967224,1,0,0
2026-07-06T09:22:36.433413,1208,5,soft_center_plus_range_marl,27964.56269595694,1,4,landing,0.8078669309616089,0.20880545675754547,0.18512473503748575,0.1756218671798706,0.15069590508937836,0.20972998440265656,0,0.7969169020652771,3.8630921936035154,0,0,0,104,0.14019580682118735,0.1664409041404724,1,0,1
2026-07-06T09:22:48.136641,1209,5,soft_center_plus_range_marl,29164.161565978065,1,4,landing,0.9177687168121338,0.21773190796375275,0.24892038106918335,0.18050499260425568,0.1592320054769516,0.19485463201999664,0,0.7442594766616821,4.0484702682495115,0,0,0,96,0.14533011118570963,0.16148610413074493,1,0,1
2026-07-06T09:23:00.136737,1210,5,soft_center_plus_range_marl,-785.2063730467544,1,4,landing,1.0235518217086792,0.26660725474357605,0.30660082896550495,0.17947685718536377,0.16021980345249176,0.19776661694049835,0,0.7108322978019714,4.233752021789551,0,0,0,94,0.21822398900985718,0.1748734712600708,1,0,0
2026-07-06T09:23:11.423979,1211,5,soft_center_plus_range_marl,-2181.857659090012,1,4,landing,1.066227912902832,0.2919650673866272,0.32576535145441693,0.19885504245758057,0.16081732511520386,0.18810291588306427,0,0.6841657161712646,4.273200759887695,0,0,0,88,0.22247389952341715,0.17109036445617676,1,0,0
2026-07-06T09:23:22.130193,1212,5,soft_center_plus_range_marl,291.3672024896832,1,4,landing,1.102536916732788,0.3159470558166504,0.34504934151967365,0.21504728496074677,0.1623726189136505,0.19102716445922852,0,0.6673328876495361,4.330313930511474,0,0,0,86,0.21510551373163858,0.16409291326999664,1,0,0
