timestamp,episode,stage,reward,success,completed_agents,phase_changes,phase_label,mean_phase,centroid_error,formation_error,triangle_spacing_error,spacing_uav0_uav1,spacing_uav0_uav2,spacing_uav1_uav2,max_agent_formation_error,min_obstacle_distance,mean_obstacle_distance,obstacle_collision_count,obstacle_proximity_penalty,mean_dist_to_target,max_dist_to_target,mean_speed,max_speed,mean_attitude_error,smoothness_cost,collision_count,min_pair_dist,crashed,landed,centroid_x,centroid_y,centroid_z,uav0_x,uav1_x,uav2_x,uav0_y,uav1_y,uav2_y,uav0_z,uav1_z,uav2_z,wandb_url
2026-05-30T11:14:36.791112,1,1,2642.54966737584,0,0,0,TAKEOFF_TRIANGLE_A,0.0,0.045304637402296066,0.009519845247268677,0.013017316659291586,0.7492289543151855,0.7260262966156006,0.7356927990913391,0.014059901237487793,0.8510960340499878,1.2858967781066895,0,0.0,0.0465916283428669,0.04809897392988205,0.15171337127685547,0.15532176196575165,0.011222150176763535,0.1731838434934616,0,0.7260262966156006,0,0,0.0013907054672017694,-0.003293852088972926,0.9548366665840149,0.42753544449806213,-0.21479274332523346,-0.20857058465480804,0.00861040037125349,-0.3770785331726074,0.3585865795612335,0.9554322361946106,0.9538300633430481,0.9552476406097412,https://wandb.ai/ememchijioke-university-of-klagenfurt/marl-uav-v0-7-compact-triangle-obstacle/runs/e2tvkqh5
2026-05-30T11:14:38.769209,2,1,2642.7694348851487,0,0,0,TAKEOFF_TRIANGLE_A,0.0,0.04427064582705498,0.00818530935794115,0.01181246836980184,0.747036337852478,0.736391007900238,0.7311352491378784,0.012210709042847157,0.8462209701538086,1.2831168174743652,0,0.0,0.04511519894003868,0.045355718582868576,0.14944759011268616,0.15232345461845398,0.010575306601822376,0.14941446483135223,0,0.7311352491378784,0,0,0.002427751896902919,0.003966381307691336,0.955974280834198,0.43265408277511597,-0.21424652636051178,-0.21112430095672607,0.009328697808086872,-0.36427876353263855,0.36684921383857727,0.9558926224708557,0.9564787149429321,0.9555513262748718,https://wandb.ai/ememchijioke-university-of-klagenfurt/marl-uav-v0-7-compact-triangle-obstacle/runs/e2tvkqh5
2026-05-30T11:14:40.942516,3,1,2642.5949161038907,0,0,0,TAKEOFF_TRIANGLE_A,0.0,0.04391355440020561,0.008333312347531319,0.009416818618774414,0.7466930747032166,0.7445022463798523,0.7305542230606079,0.01210697740316391,0.8457170128822327,1.2842050790786743,0,0.0,0.04478571191430092,0.04567788168787956,0.15604321658611298,0.1613551378250122,0.008383672684431076,0.12711162865161896,0,0.7305542230606079,0,0,0.0031354029197245836,-0.0013121863594278693,0.9562181830406189,0.43644723296165466,-0.21165046095848083,-0.21539056301116943,0.00239655957557261,-0.36843881011009216,0.36210569739341736,0.956753134727478,0.9557197690010071,0.9561815857887268,https://wandb.ai/ememchijioke-university-of-klagenfurt/marl-uav-v0-7-compact-triangle-obstacle/runs/e2tvkqh5
2026-05-30T11:14:42.946519,4,1,2642.5470906927703,0,0,0,TAKEOFF_TRIANGLE_A,0.0,0.04351021721959114,0.006528351455926895,0.01009213924407959,0.7429518699645996,0.7438563108444214,0.7329154014587402,0.009436876513063908,0.8466164469718933,1.2825487852096558,0,0.0,0.04409587383270264,0.04589185118675232,0.160414457321167,0.1637319177389145,0.015048840083181858,0.16266566514968872,0,0.7329154014587402,0,0,0.004859770182520151,0.0001378158776788041,0.9567622542381287,0.4360610842704773,-0.20916511118412018,-0.21231666207313538,0.001377515378408134,-0.3669348359107971,0.36597076058387756,0.9577916264533997,0.9552007913589478,0.9572942852973938,https://wandb.ai/ememchijioke-university-of-klagenfurt/marl-uav-v0-7-compact-triangle-obstacle/runs/e2tvkqh5
2026-05-30T11:14:44.693089,5,1,2642.6541228049273,0,0,0,TAKEOFF_TRIANGLE_A,0.0,0.04389979690313339,0.004379966761916876,0.009297053019205729,0.7422008514404297,0.7388946413993835,0.7410133481025696,0.005732032470405102,0.8536640405654907,1.2864288091659546,0,0.0,0.04411127045750618,0.0460953451693058,0.15523087978363037,0.15837056934833527,0.013077151961624622,0.04906432703137398,0,0.7388946413993835,0,0,0.002050648210570216,-0.00275884079746902,0.9562349915504456,0.42951586842536926,-0.21263237297534943,-0.21073155105113983,-0.0016561440424993634,-0.3738107681274414,0.3671903908252716,0.9569312930107117,0.9539808630943298,0.9577929377555847,https://wandb.ai/ememchijioke-university-of-klagenfurt/marl-uav-v0-7-compact-triangle-obstacle/runs/e2tvkqh5
2026-05-30T11:15:13.967693,1,1,12231.728091014602,0,0,0,MOVE_TRIANGLE_OBSTACLE,1.0,0.14180390536785126,0.0037040654569864273,0.004606564839680989,0.7410321235656738,0.7492769956588745,0.7541288137435913,0.00478108087554574,0.3442822992801666,0.5622783899307251,1,0.08508676942437887,0.1418500393629074,0.1439717710018158,0.397104412317276,0.40612900257110596,0.023355454206466675,0.10919961333274841,0,0.7410321235656738,1,0,1.1073585748672485,-0.017284343019127846,1.0054386854171753,1.5358176231384277,0.8940085172653198,0.8922494649887085,-0.021713389083743095,-0.39213159680366516,0.3619919419288635,1.0063703060150146,1.0060750246047974,1.0038703680038452,https://wandb.ai/ememchijioke-university-of-klagenfurt/marl-uav-v0-7-compact-triangle-obstacle/runs/f23wgnom
2026-05-30T11:15:20.666970,2,1,11797.135547781527,0,0,0,MOVE_TRIANGLE_OBSTACLE,1.0,0.09408451616764069,0.004394411109387875,0.0032092134157816568,0.7509436011314392,0.7470337152481079,0.7557177543640137,0.0055730026215314865,0.34810641407966614,0.5624264478683472,1,0.08452171366661787,0.09412369877099991,0.09897976368665695,0.4066073000431061,0.41600653529167175,0.01913219504058361,0.11240204423666,0,0.7470337152481079,1,0,1.099094271659851,-0.014041642658412457,1.0048216581344604,1.5302162170410156,0.8794675469398499,0.8875992298126221,-0.016093390062451363,-0.3908499777317047,0.3648184537887573,1.0058499574661255,1.0057613849639893,1.0028536319732666,https://wandb.ai/ememchijioke-university-of-klagenfurt/marl-uav-v0-7-compact-triangle-obstacle/runs/f23wgnom
2026-05-30T11:15:27.084226,3,1,11655.008096526446,0,0,0,MOVE_TRIANGLE_OBSTACLE,1.0,0.0746675506234169,0.005871026311069727,0.005337278048197429,0.7509311437606812,0.7572792172431946,0.7578014731407166,0.007080929819494486,0.34832432866096497,0.5654307007789612,1,0.0826173322275281,0.07487212866544724,0.07801581174135208,0.3982886075973511,0.41273003816604614,0.015854807570576668,0.11927759647369385,0,0.7509311437606812,1,0,1.1033707857131958,-0.016799381002783775,1.0042431354522705,1.5380126237869263,0.8853036761283875,0.8867959380149841,-0.021859442815184593,-0.3931654691696167,0.36462676525115967,1.0058575868606567,1.005151391029358,1.0017204284667969,https://wandb.ai/ememchijioke-university-of-klagenfurt/marl-uav-v0-7-compact-triangle-obstacle/runs/f23wgnom
2026-05-30T11:15:33.972008,4,1,11527.261070070019,0,0,0,MOVE_TRIANGLE_OBSTACLE,1.0,0.05916183814406395,0.008832472376525402,0.006788849830627441,0.7403583526611328,0.760594367980957,0.7498694658279419,0.013120478950440884,0.3488180935382843,0.5663014054298401,1,0.08097489969804883,0.05987630784511566,0.0618293322622776,0.3957473933696747,0.4151253402233124,0.015329794026911259,0.10335934162139893,0,0.7403583526611328,1,0,1.104488730430603,-0.019691476598381996,1.0055562257766724,1.5377593040466309,0.8886167407035828,0.8870898485183716,-0.032306525856256485,-0.3883163630962372,0.36154845356941223,1.0070762634277344,1.0058788061141968,1.0037137269973755,https://wandb.ai/ememchijioke-university-of-klagenfurt/marl-uav-v0-7-compact-triangle-obstacle/runs/f23wgnom
2026-05-30T11:15:40.713954,5,1,11453.52903831548,0,0,0,MOVE_TRIANGLE_OBSTACLE,1.0,0.053476933389902115,0.0061362553387880325,0.005955437819163005,0.7518097758293152,0.7522264122962952,0.7638301253318787,0.008206449449062347,0.3487838804721832,0.5661551356315613,1,0.0830286331474781,0.0537690669298172,0.05795107036828995,0.3929177522659302,0.41342607140541077,0.022194981575012207,0.10102632641792297,0,0.7518097758293152,1,0,1.1018558740615845,-0.017576029524207115,1.006035327911377,1.533724069595337,0.884251058101654,0.8875922560691833,-0.01973547972738743,-0.3984073996543884,0.3654147982597351,1.008500099182129,1.0052882432937622,1.0043177604675293,https://wandb.ai/ememchijioke-university-of-klagenfurt/marl-uav-v0-7-compact-triangle-obstacle/runs/f23wgnom
2026-05-30T11:15:46.866644,6,1,11394.886497219337,0,0,0,MOVE_TRIANGLE_OBSTACLE,1.0,0.046462737023830414,0.0060944086872041225,0.012161016464233398,0.7346667051315308,0.7391729950904846,0.7396772503852844,0.0070446934551000595,0.3483066260814667,0.5589653849601746,1,0.08464729879051447,0.04666246101260185,0.05222662538290024,0.3878748416900635,0.4167769253253937,0.01616526208817959,0.14247186481952667,0,0.7346667051315308,1,0,1.100626826286316,-0.015503883361816406,1.006097435951233,1.525546669960022,0.8890085220336914,0.8873255848884583,-0.017520146444439888,-0.3843303322792053,0.35533884167671204,1.0085397958755493,1.0063782930374146,1.0033743381500244,https://wandb.ai/ememchijioke-university-of-klagenfurt/marl-uav-v0-7-compact-triangle-obstacle/runs/f23wgnom
2026-05-30T11:15:53.234234,7,1,11383.614077509344,0,0,0,MOVE_TRIANGLE_OBSTACLE,1.0,0.04641561210155487,0.009194957092404366,0.01658785343170166,0.7331433892250061,0.7329313158988953,0.7341617345809937,0.00996137410402298,0.3491027057170868,0.5584361553192139,1,0.08480944391340017,0.046887874603271484,0.052142251282930374,0.40088438987731934,0.41506779193878174,0.022493571043014526,0.1285122036933899,0,0.7329313158988953,1,0,1.101655125617981,-0.01802664063870907,1.0060296058654785,1.5246306657791138,0.893359363079071,0.8869752883911133,-0.014206877909600735,-0.38700351119041443,0.3471304774284363,1.008923888206482,1.0046336650848389,1.0045315027236938,https://wandb.ai/ememchijioke-university-of-klagenfurt/marl-uav-v0-7-compact-triangle-obstacle/runs/f23wgnom
2026-05-30T11:15:59.634216,8,1,11391.072040674522,0,0,0,MOVE_TRIANGLE_OBSTACLE,1.0,0.03580363094806671,0.0051370649598538876,0.0042441487312316895,0.7448552250862122,0.7545837163925171,0.7530039548873901,0.006622570566833019,0.3449051082134247,0.5631393790245056,1,0.083952478133142,0.03603735566139221,0.040511664003133774,0.3778604567050934,0.39705586433410645,0.01064369734376669,0.15101955831050873,0,0.7448552250862122,1,0,1.1131776571273804,-0.017256805673241615,1.0058380365371704,1.5453935861587524,0.9022558331489563,0.8918832540512085,-0.01776505447924137,-0.39346858859062195,0.3594632148742676,1.0091428756713867,1.0036649703979492,1.0047062635421753,https://wandb.ai/ememchijioke-university-of-klagenfurt/marl-uav-v0-7-compact-triangle-obstacle/runs/f23wgnom
2026-05-30T11:16:06.513604,9,1,11378.402859060177,0,0,0,MOVE_TRIANGLE_OBSTACLE,1.0,0.04084290191531181,0.003658051835373044,0.004180332024892171,0.746435821056366,0.7476471066474915,0.7433760762214661,0.0037756972014904022,0.3429584205150604,0.5638802647590637,1,0.08484265767037868,0.040964916348457336,0.04356369376182556,0.39399003982543945,0.4116835296154022,0.01573839597404003,0.12871654331684113,0,0.7433760762214661,1,0,1.110153317451477,-0.022077927365899086,1.0059250593185425,1.5421520471572876,0.8945587873458862,0.8937492370605469,-0.022417820990085602,-0.39359575510025024,0.34977978467941284,1.0087207555770874,1.0046817064285278,1.004372477531433,https://wandb.ai/ememchijioke-university-of-klagenfurt/marl-uav-v0-7-compact-triangle-obstacle/runs/f23wgnom
2026-05-30T11:16:13.401688,10,1,11379.561869215699,0,0,0,MOVE_TRIANGLE_OBSTACLE,1.0,0.03748524188995361,0.006620863918215036,0.008197983105977377,0.7356293797492981,0.7458407282829285,0.7439359426498413,0.009157306514680386,0.34502631425857544,0.560943603515625,1,0.08463441766798496,0.037576138973236084,0.04419185221195221,0.3860025405883789,0.389048308134079,0.012467061169445515,0.17334352433681488,0,0.7356293797492981,1,0,1.1124587059020996,-0.01956574060022831,1.0052410364151,1.5395101308822632,0.9060291647911072,0.8918367624282837,-0.01820276863873005,-0.3921460807323456,0.3516516387462616,1.0074509382247925,1.0031083822250366,1.0051639080047607,https://wandb.ai/ememchijioke-university-of-klagenfurt/marl-uav-v0-7-compact-triangle-obstacle/runs/f23wgnom
2026-05-30T11:16:20.332289,11,1,11379.702884041493,0,0,0,MOVE_TRIANGLE_OBSTACLE,1.0,0.04210297763347626,0.00475034536793828,0.006240785121917725,0.7416336536407471,0.7447817325592041,0.7448622584342957,0.005538846366107464,0.3468928933143616,0.5636498332023621,1,0.08368602301925421,0.042173366993665695,0.04748250171542168,0.38145241141319275,0.3851000964641571,0.013620895333588123,0.15226471424102783,0,0.7416336536407471,1,0,1.1089221239089966,-0.022694498300552368,1.0052114725112915,1.5376849174499512,0.8988496661186218,0.8902319073677063,-0.019831690937280655,-0.39652934670448303,0.3482775390148163,1.0062469244003296,1.0032610893249512,1.0061262845993042,https://wandb.ai/ememchijioke-university-of-klagenfurt/marl-uav-v0-7-compact-triangle-obstacle/runs/f23wgnom
2026-05-30T11:16:27.107554,12,1,11351.183802418205,0,0,0,MOVE_TRIANGLE_OBSTACLE,1.0,0.039837546646595,0.005114303436130285,0.009726464748382568,0.7420762777328491,0.7379356026649475,0.7408087253570557,0.006469623185694218,0.3428301215171814,0.5587184429168701,1,0.08701195474714041,0.04009571298956871,0.0424434058368206,0.3883763253688812,0.3962322473526001,0.01772705838084221,0.06777554750442505,0,0.7379356026649475,1,0,1.1085338592529297,-0.01762378215789795,1.0043106079101562,1.5356082916259766,0.8956215977668762,0.8943716883659363,-0.014150958508253098,-0.3897605836391449,0.35104018449783325,1.0055148601531982,1.0021021366119385,1.0053149461746216,https://wandb.ai/ememchijioke-university-of-klagenfurt/marl-uav-v0-7-compact-triangle-obstacle/runs/f23wgnom
2026-05-30T11:16:33.985011,13,1,11385.173913496832,0,0,0,MOVE_TRIANGLE_OBSTACLE,1.0,0.041477542370557785,0.00816661212593317,0.007827858130137125,0.738240659236908,0.7584124803543091,0.7466882467269897,0.011760295368731022,0.34451746940612793,0.5667456984519958,1,0.08235086966305971,0.04212638735771179,0.047766342759132385,0.398308128118515,0.40487226843833923,0.023419314995408058,0.11948499083518982,0,0.738240659236908,1,0,1.1108092069625854,-0.024237900972366333,1.005592703819275,1.543068766593933,0.8964863419532776,0.8928722739219666,-0.03563002869486809,-0.391879141330719,0.3547954559326172,1.007441520690918,1.0033178329467773,1.0060186386108398,https://wandb.ai/ememchijioke-university-of-klagenfurt/marl-uav-v0-7-compact-triangle-obstacle/runs/f23wgnom
2026-05-30T11:16:40.949347,14,1,11385.12149104255,0,0,0,MOVE_TRIANGLE_OBSTACLE,1.0,0.041923750191926956,0.007352189626544714,0.008556882540384928,0.7383995056152344,0.7548455595970154,0.7407754063606262,0.01040638331323862,0.3451211154460907,0.5643221735954285,1,0.08280630595982075,0.04259129986166954,0.04653771221637726,0.3827458620071411,0.39615514874458313,0.01642097719013691,0.10278206318616867,0,0.7383995056152344,1,0,1.1084141731262207,-0.02156245708465576,1.0051289796829224,1.540510892868042,0.893168032169342,0.8915637135505676,-0.0316782183945179,-0.38689130544662476,0.35388216376304626,1.0063812732696533,1.0042136907577515,1.0047919750213623,https://wandb.ai/ememchijioke-university-of-klagenfurt/marl-uav-v0-7-compact-triangle-obstacle/runs/f23wgnom
2026-05-30T11:16:48.003239,15,1,11378.694150665355,0,0,0,MOVE_TRIANGLE_OBSTACLE,1.0,0.037340134382247925,0.011897017247974873,0.012153228123982748,0.726141095161438,0.7579021453857422,0.754698634147644,0.015896914526820183,0.34493884444236755,0.5627053380012512,1,0.08301265211775899,0.038275301456451416,0.04975880682468414,0.39884480834007263,0.4136194586753845,0.009992439299821854,0.09422925859689713,0,0.726141095161438,1,0,1.1115466356277466,-0.017097175121307373,1.0069819688796997,1.5373409986495972,0.9037891626358032,0.8935096859931946,-0.032131653279066086,-0.3868900537490845,0.36773017048835754,1.0099802017211914,1.003701090812683,1.007264494895935,https://wandb.ai/ememchijioke-university-of-klagenfurt/marl-uav-v0-7-compact-triangle-obstacle/runs/f23wgnom
2026-05-30T11:16:54.325567,16,1,11328.660828794265,0,0,0,MOVE_TRIANGLE_OBSTACLE,1.0,0.040439289063215256,0.008041859604418278,0.009343147277832031,0.7297073602676392,0.7499584555625916,0.7423047423362732,0.011669636704027653,0.3489239811897278,0.5653647780418396,1,0.08128064358606935,0.04075465351343155,0.050417475402355194,0.371260404586792,0.39228373765945435,0.011704201810061932,0.10545375943183899,0,0.7297073602676392,1,0,1.104137897491455,-0.02400096319615841,1.0066403150558472,1.5307114124298096,0.8929802775382996,0.8887220025062561,-0.03501875326037407,-0.3896336555480957,0.3526495099067688,1.0083860158920288,1.0039057731628418,1.0076290369033813,https://wandb.ai/ememchijioke-university-of-klagenfurt/marl-uav-v0-7-compact-triangle-obstacle/runs/f23wgnom
2026-05-30T11:17:01.128718,17,1,11347.02889736156,0,0,0,MOVE_TRIANGLE_OBSTACLE,1.0,0.04231870174407959,0.007897988893091679,0.007591346899668376,0.7377136945724487,0.7596852779388428,0.7491975426673889,0.009605621919035912,0.34694790840148926,0.5688731074333191,1,0.08086360478773713,0.04278722405433655,0.047532882541418076,0.408020943403244,0.4152250587940216,0.00956385862082243,0.18491847813129425,0,0.7377136945724487,1,0,1.111875057220459,-0.0267788078635931,1.0064616203308105,1.544001579284668,0.9004508256912231,0.8911728858947754,-0.03607318922877312,-0.3966951370239258,0.35243189334869385,1.007628083229065,1.003665804862976,1.008090853691101,https://wandb.ai/ememchijioke-university-of-klagenfurt/marl-uav-v0-7-compact-triangle-obstacle/runs/f23wgnom
2026-05-30T11:17:08.166115,18,1,11378.100397496619,0,0,0,MOVE_TRIANGLE_OBSTACLE,1.0,0.04009988531470299,0.009709618985652924,0.0112762451171875,0.735018789768219,0.759017288684845,0.7401697635650635,0.012438717298209667,0.34766796231269836,0.5647311806678772,1,0.08099020831286907,0.04101167619228363,0.04591045156121254,0.38388922810554504,0.3975276052951813,0.011255401186645031,0.10924629122018814,0,0.735018789768219,1,0,1.1101857423782349,-0.020512938499450684,1.0066190958023071,1.5426890850067139,0.8973932266235352,0.8904748558998108,-0.03262614831328392,-0.3845181167125702,0.35560545325279236,1.007932424545288,1.0036982297897339,1.0082268714904785,https://wandb.ai/ememchijioke-university-of-klagenfurt/marl-uav-v0-7-compact-triangle-obstacle/runs/f23wgnom
2026-05-30T11:17:14.733240,19,1,11317.683229063228,0,0,0,MOVE_TRIANGLE_OBSTACLE,1.0,0.04491882771253586,0.008355538360774517,0.0040744344393412275,0.7429493069648743,0.7530818581581116,0.7520907521247864,0.010950369760394096,0.34949275851249695,0.5698820352554321,1,0.08064861549064517,0.04544415697455406,0.051584042608737946,0.38500475883483887,0.3976466953754425,0.008143252693116665,0.16453559696674347,0,0.7429493069648743,1,0,1.1003175973892212,-0.026516368612647057,1.0064301490783691,1.5312726497650146,0.8812658786773682,0.8884141445159912,-0.037340473383665085,-0.3971245586872101,0.35491591691970825,1.0077855587005615,1.0032793283462524,1.0082253217697144,https://wandb.ai/ememchijioke-university-of-klagenfurt/marl-uav-v0-7-compact-triangle-obstacle/runs/f23wgnom
2026-05-30T11:17:21.584807,20,1,11376.500442969407,0,0,0,MOVE_TRIANGLE_OBSTACLE,1.0,0.042462900280952454,0.004606094677001238,0.004833499590555827,0.7393686175346375,0.751106858253479,0.7472377419471741,0.00597349600866437,0.34574970602989197,0.5656530857086182,1,0.08281776821240783,0.04260870814323425,0.046244509518146515,0.39604032039642334,0.402476966381073,0.015316561795771122,0.11540625244379044,0,0.7393686175346375,1,0,1.1092156171798706,-0.023296445608139038,1.0071004629135132,1.5390695333480835,0.8962790369987488,0.89229816198349,-0.028821315616369247,-0.3941437900066376,0.35307577252388,1.0093669891357422,1.0042864084243774,1.007648229598999,https://wandb.ai/ememchijioke-university-of-klagenfurt/marl-uav-v0-7-compact-triangle-obstacle/runs/f23wgnom
2026-05-30T11:17:28.215461,21,1,11326.95253856457,0,0,0,MOVE_TRIANGLE_OBSTACLE,1.0,0.044078271836042404,0.007159998640418053,0.006774028142293294,0.7358443140983582,0.7467185258865356,0.7528849244117737,0.010299517773091793,0.3498667776584625,0.5665098428726196,1,0.08177643176168203,0.04426293075084686,0.05309908092021942,0.3651253283023834,0.3824249804019928,0.017959246411919594,0.07128120213747025,0,0.7358443140983582,1,0,1.0990734100341797,-0.02281958796083927,1.007654070854187,1.5247091054916382,0.8846068978309631,0.8879042267799377,-0.031831033527851105,-0.39474987983703613,0.3581221401691437,1.0100678205490112,1.0049797296524048,1.0079145431518555,https://wandb.ai/ememchijioke-university-of-klagenfurt/marl-uav-v0-7-compact-triangle-obstacle/runs/f23wgnom
2026-05-30T11:17:34.912412,22,1,11371.217014998672,0,0,0,MOVE_TRIANGLE_OBSTACLE,1.0,0.05100465565919876,0.014387518167495728,0.01081011692682902,0.7247490286827087,0.7548844218254089,0.7522949576377869,0.021149655804038048,0.3482941687107086,0.5699266791343689,1,0.08016268676146865,0.051863253116607666,0.06870536506175995,0.3735989034175873,0.39136412739753723,0.02191833220422268,0.14891988039016724,0,0.7247490286827087,1,0,1.1026183366775513,-0.028508732095360756,1.008733868598938,1.526952862739563,0.8901384472846985,0.8907634615898132,-0.048643097281455994,-0.3945777118206024,0.3576945960521698,1.0118672847747803,1.0042643547058105,1.0100698471069336,https://wandb.ai/ememchijioke-university-of-klagenfurt/marl-uav-v0-7-compact-triangle-obstacle/runs/f23wgnom
2026-05-30T11:17:41.805259,23,1,11381.583623464343,0,0,0,MOVE_TRIANGLE_OBSTACLE,1.0,0.047085508704185486,0.014259467832744122,0.01302117109298706,0.7202873229980469,0.7463145852088928,0.7556654214859009,0.02074824646115303,0.34303924441337585,0.5655410289764404,1,0.08403342543169856,0.04751022532582283,0.06676596403121948,0.3880747854709625,0.4136967957019806,0.00921543501317501,0.10500737279653549,0,0.7202873229980469,1,0,1.105424404144287,-0.025785604491829872,1.0080041885375977,1.5241316556930542,0.8960974216461182,0.8960442543029785,-0.04262789338827133,-0.39518633484840393,0.3604574203491211,1.012397289276123,1.0029411315917969,1.0086740255355835,https://wandb.ai/ememchijioke-university-of-klagenfurt/marl-uav-v0-7-compact-triangle-obstacle/runs/f23wgnom
2026-05-30T11:17:48.292268,24,1,11314.33872493791,0,0,0,MOVE_TRIANGLE_OBSTACLE,1.0,0.041653186082839966,0.010889559052884579,0.007577637831370036,0.7399241924285889,0.7589714527130127,0.7536856532096863,0.015732286497950554,0.34716448187828064,0.5699962973594666,1,0.08088533394038677,0.04262257739901543,0.05205309018492699,0.3903965950012207,0.3950013816356659,0.009733070619404316,0.1263704001903534,0,0.7399241924285889,1,0,1.104113221168518,-0.02577551268041134,1.0073376893997192,1.5357515811920166,0.885811984539032,0.8907759189605713,-0.04125392436981201,-0.39486849308013916,0.3587958812713623,1.0096266269683838,1.004823088645935,1.0075634717941284,https://wandb.ai/ememchijioke-university-of-klagenfurt/marl-uav-v0-7-compact-triangle-obstacle/runs/f23wgnom
2026-05-30T11:17:54.391956,25,1,11373.360804358565,0,0,0,MOVE_TRIANGLE_OBSTACLE,1.0,0.05070817098021507,0.014018423855304718,0.013785779476165771,0.7232657074928284,0.7561909556388855,0.7584320902824402,0.020029185339808464,0.34862494468688965,0.5703202486038208,1,0.08026927197352052,0.0514768548309803,0.06824487447738647,0.38444650173187256,0.4078481197357178,0.014823132194578648,0.10117793083190918,0,0.7232657074928284,1,0,1.1032073497772217,-0.029408782720565796,1.0065113306045532,1.526352882385254,0.8940462470054626,0.8892229199409485,-0.04813763499259949,-0.39924678206443787,0.35915806889533997,1.0083589553833008,1.0034632682800293,1.0077120065689087,https://wandb.ai/ememchijioke-university-of-klagenfurt/marl-uav-v0-7-compact-triangle-obstacle/runs/f23wgnom
2026-05-30T11:18:00.550803,26,1,11318.268523777722,0,0,0,MOVE_TRIANGLE_OBSTACLE,1.0,0.04616964980959892,0.017295435070991516,0.014681537946065268,0.7238630652427673,0.7619950175285339,0.7559126615524292,0.025695733726024628,0.34918057918548584,0.5718913674354553,1,0.07907474646344781,0.04757064953446388,0.06792083382606506,0.38417598605155945,0.38899528980255127,0.020079171285033226,0.10814402252435684,0,0.7238630652427673,1,0,1.1013963222503662,-0.029873749241232872,1.006463646888733,1.5272338390350342,0.888205885887146,0.8887494206428528,-0.05517514422535896,-0.3951723873615265,0.3607262969017029,1.008131980895996,1.0033507347106934,1.0079084634780884,https://wandb.ai/ememchijioke-university-of-klagenfurt/marl-uav-v0-7-compact-triangle-obstacle/runs/f23wgnom
2026-05-30T11:18:07.489568,27,1,11372.064227833922,0,0,0,MOVE_TRIANGLE_OBSTACLE,1.0,0.046423982828855515,0.015367630869150162,0.01698605219523112,0.7293968796730042,0.7632290124893188,0.7671260237693787,0.02221844531595707,0.3446755111217499,0.5713079571723938,1,0.08151100529357791,0.048096079379320145,0.06445018947124481,0.37229815125465393,0.3899337649345398,0.016630401834845543,0.13558143377304077,0,0.7293968796730042,1,0,1.1075046062469482,-0.02784266136586666,1.0069321393966675,1.5338937044143677,0.894402027130127,0.8942182064056396,-0.04969356209039688,-0.4004742503166199,0.3666398227214813,1.0087093114852905,1.0039044618606567,1.0081827640533447,https://wandb.ai/ememchijioke-university-of-klagenfurt/marl-uav-v0-7-compact-triangle-obstacle/runs/f23wgnom
2026-05-30T11:18:14.545754,28,1,11295.929084161833,0,0,0,MOVE_TRIANGLE_OBSTACLE,1.0,0.04942914471030235,0.020022211596369743,0.020831366380055744,0.7186012864112854,0.7541707754135132,0.7769246101379395,0.026796862483024597,0.3493875563144684,0.5720776915550232,1,0.08054874558001757,0.051196467131376266,0.07482445240020752,0.39916160702705383,0.4062311053276062,0.014747180044651031,0.11895721405744553,0,0.7186012864112854,1,0,1.0968272686004639,-0.029240259900689125,1.0073308944702148,1.5134097337722778,0.88801509141922,0.8890569806098938,-0.05228805914521217,-0.406173437833786,0.37074071168899536,1.0099459886550903,1.0040723085403442,1.00797438621521,https://wandb.ai/ememchijioke-university-of-klagenfurt/marl-uav-v0-7-compact-triangle-obstacle/runs/f23wgnom
2026-05-30T11:18:21.526515,29,1,11416.14959259202,0,0,0,MOVE_TRIANGLE_OBSTACLE,1.0,0.05625968798995018,0.017304057255387306,0.018369972705841064,0.7237544655799866,0.7668699026107788,0.761994481086731,0.024772027507424355,0.34603482484817505,0.5752422213554382,1,0.07951351348310709,0.05772433802485466,0.07643469423055649,0.38093864917755127,0.39673346281051636,0.013056110590696335,0.09958925098180771,0,0.7237544655799866,1,0,1.108912467956543,-0.03548843786120415,1.007012963294983,1.5354965925216675,0.8989728093147278,0.8922678828239441,-0.05986815690994263,-0.4042733311653137,0.3576761782169342,1.0097723007202148,1.0032094717025757,1.0080572366714478,https://wandb.ai/ememchijioke-university-of-klagenfurt/marl-uav-v0-7-compact-triangle-obstacle/runs/f23wgnom
2026-05-30T11:18:28.638338,30,1,11316.55680016726,0,0,0,MOVE_TRIANGLE_OBSTACLE,1.0,0.051419537514448166,0.018941886723041534,0.018694599469502766,0.7205181121826172,0.7590019702911377,0.7675999402999878,0.027644135057926178,0.3484342098236084,0.5751240849494934,1,0.07940169423818588,0.05257624387741089,0.07703579217195511,0.39232107996940613,0.41727718710899353,0.010506261140108109,0.10913573950529099,0,0.7205181121826172,1,0,1.0990138053894043,-0.03506876155734062,1.006794810295105,1.520005226135254,0.8873778581619263,0.889658510684967,-0.0610634982585907,-0.4058612883090973,0.3617185056209564,1.0094996690750122,1.002906322479248,1.0079785585403442,https://wandb.ai/ememchijioke-university-of-klagenfurt/marl-uav-v0-7-compact-triangle-obstacle/runs/f23wgnom
2026-05-30T11:18:35.926929,31,1,11287.810014204013,0,0,0,MOVE_TRIANGLE_OBSTACLE,1.0,0.052302394062280655,0.017693830654025078,0.016401747862497967,0.7275959253311157,0.7575747966766357,0.7692263722419739,0.025770407170057297,0.3488045036792755,0.5745346546173096,1,0.07984976842999458,0.05359029769897461,0.07482559233903885,0.3965948522090912,0.408067524433136,0.021929195150732994,0.09165686368942261,0,0.7275959253311157,1,0,1.09524667263031,-0.03198167681694031,1.0072025060653687,1.5181206464767456,0.8790629506111145,0.8885564208030701,-0.05650423467159271,-0.40430328249931335,0.36486247181892395,1.0106635093688965,1.0045899152755737,1.0063539743423462,https://wandb.ai/ememchijioke-university-of-klagenfurt/marl-uav-v0-7-compact-triangle-obstacle/runs/f23wgnom
2026-05-30T11:18:42.954064,32,1,11347.70421977288,0,0,0,MOVE_TRIANGLE_OBSTACLE,1.0,0.05101388320326805,0.016301358118653297,0.013987024625142416,0.728491485118866,0.7677832245826721,0.7526693344116211,0.023942627012729645,0.34955209493637085,0.5744888782501221,1,0.07782519655302167,0.05257687345147133,0.06880685687065125,0.38934841752052307,0.4000049829483032,0.01601531356573105,0.11393868923187256,0,0.728491485118866,1,0,1.105552077293396,-0.03271925449371338,1.0073225498199463,1.5361478328704834,0.8925154209136963,0.8879929184913635,-0.056200604885816574,-0.397298127412796,0.35534095764160156,1.011961579322815,1.0024951696395874,1.0075109004974365,https://wandb.ai/ememchijioke-university-of-klagenfurt/marl-uav-v0-7-compact-triangle-obstacle/runs/f23wgnom
2026-05-30T11:18:50.398299,33,1,11349.198595322749,0,0,0,MOVE_TRIANGLE_OBSTACLE,1.0,0.05439233034849167,0.018080011010169983,0.016736010710398357,0.7195055484771729,0.7650913596153259,0.754622220993042,0.026342248544096947,0.34807825088500977,0.5761372447013855,1,0.07823652680963278,0.055451586842536926,0.07751262187957764,0.38689863681793213,0.38885048031806946,0.012208879925310612,0.06274179369211197,0,0.7195055484771729,1,0,1.1061327457427979,-0.03835023567080498,1.0073384046554565,1.5317795276641846,0.8970119953155518,0.8896066546440125,-0.06408733129501343,-0.4027695953845978,0.3518062233924866,1.010883092880249,1.003616452217102,1.007515549659729,https://wandb.ai/ememchijioke-university-of-klagenfurt/marl-uav-v0-7-compact-triangle-obstacle/runs/f23wgnom
2026-05-30T11:18:57.282522,34,1,11287.931062656848,0,0,0,MOVE_TRIANGLE_OBSTACLE,1.0,0.04815969616174698,0.01694256067276001,0.013805429140726725,0.7159632444381714,0.7566624879837036,0.749282956123352,0.025044109672307968,0.34931716322898865,0.5715382099151611,1,0.07900633476674557,0.04878632351756096,0.0713932141661644,0.3716072738170624,0.37672150135040283,0.012088526040315628,0.11493142694234848,0,0.7159632444381714,1,0,1.1018873453140259,-0.03327369689941406,1.0069671869277954,1.524020791053772,0.8936262130737305,0.8880149722099304,-0.05679386109113693,-0.3961399495601654,0.35311272740364075,1.0104496479034424,1.003359317779541,1.0070927143096924,https://wandb.ai/ememchijioke-university-of-klagenfurt/marl-uav-v0-7-compact-triangle-obstacle/runs/f23wgnom
2026-05-30T11:19:04.202339,35,1,11292.751527635071,0,0,0,MOVE_TRIANGLE_OBSTACLE,1.0,0.051756445318460464,0.01575525291264057,0.010869026184082031,0.7279305458068848,0.7529683709144592,0.7575692534446716,0.02273339219391346,0.34798863530158997,0.5730581283569336,1,0.08027829835191369,0.05247553065419197,0.07188492268323898,0.3751789629459381,0.3926374912261963,0.012255962938070297,0.13969071209430695,0,0.7279305458068848,1,0,1.0968085527420044,-0.033016692847013474,1.0072563886642456,1.5204811096191406,0.8804302215576172,0.889514148235321,-0.05443452298641205,-0.4010604918003082,0.35644492506980896,1.0115046501159668,1.003251552581787,1.007012963294983,https://wandb.ai/ememchijioke-university-of-klagenfurt/marl-uav-v0-7-compact-triangle-obstacle/runs/f23wgnom
2026-05-30T11:19:11.032799,36,1,11352.293140040725,0,0,0,MOVE_TRIANGLE_OBSTACLE,1.0,0.053968653082847595,0.015451976098120213,0.013156513373057047,0.720697820186615,0.759903073310852,0.7497357130050659,0.02191389724612236,0.3486773371696472,0.5746675133705139,1,0.07843025121837854,0.05464378371834755,0.07352367788553238,0.3835254907608032,0.4180969297885895,0.020445311442017555,0.07172486931085587,0,0.720697820186615,1,0,1.106366515159607,-0.03806860372424126,1.0068639516830444,1.5316107273101807,0.8979917168617249,0.8894970417022705,-0.059099383652210236,-0.40237876772880554,0.3472723364830017,1.0107765197753906,1.001207709312439,1.0086075067520142,https://wandb.ai/ememchijioke-university-of-klagenfurt/marl-uav-v0-7-compact-triangle-obstacle/runs/f23wgnom
2026-05-30T11:19:17.871272,37,1,11288.244459006277,0,0,0,MOVE_TRIANGLE_OBSTACLE,1.0,0.05251884087920189,0.019574498757719994,0.016429682572682697,0.7182152271270752,0.7607449889183044,0.7567592859268188,0.028919830918312073,0.34800204634666443,0.5762708783149719,1,0.07859389623627067,0.05338335409760475,0.07938793301582336,0.3990366458892822,0.4181910455226898,0.013077798299491405,0.11608455330133438,0,0.7182152271270752,1,0,1.1014057397842407,-0.038849133998155594,1.007225513458252,1.5242764949798584,0.890053391456604,0.8898870944976807,-0.06649851053953171,-0.40339264273643494,0.35334375500679016,1.0118128061294556,1.0019896030426025,1.0078740119934082,https://wandb.ai/ememchijioke-university-of-klagenfurt/marl-uav-v0-7-compact-triangle-obstacle/runs/f23wgnom
2026-05-30T11:19:24.656855,38,1,11411.632295398,0,0,0,MOVE_TRIANGLE_OBSTACLE,1.0,0.05687331035733223,0.019709767773747444,0.018609821796417236,0.713039755821228,0.7646018862724304,0.7542673349380493,0.027529174461960793,0.3446859121322632,0.575454831123352,1,0.0795436268672347,0.05788503959774971,0.08194367587566376,0.38721969723701477,0.39457741379737854,0.014265689067542553,0.09370867162942886,0,0.713039755821228,1,0,1.1123324632644653,-0.0399433970451355,1.0080981254577637,1.5353871583938599,0.9075631499290466,0.8940470218658447,-0.06608223915100098,-0.4039333462715149,0.3501853942871094,1.013234257698059,1.0023115873336792,1.0087485313415527,https://wandb.ai/ememchijioke-university-of-klagenfurt/marl-uav-v0-7-compact-triangle-obstacle/runs/f23wgnom
2026-05-30T11:19:31.372524,39,1,11349.25156886275,0,0,0,MOVE_TRIANGLE_OBSTACLE,1.0,0.05327039211988449,0.020104816183447838,0.017686128616333008,0.7209814786911011,0.7711684107780457,0.7528714537620544,0.029430553317070007,0.34648439288139343,0.5777279138565063,1,0.0781221950892359,0.054741621017456055,0.07864490151405334,0.3821276128292084,0.3965376019477844,0.01571774296462536,0.12047358602285385,0,0.7209814786911011,1,0,1.1097360849380493,-0.04010686278343201,1.0074266195297241,1.5384852886199951,0.8989031910896301,0.8918197154998779,-0.06925990432500839,-0.40193867683410645,0.3508780002593994,1.0112597942352295,1.0026673078536987,1.0083526372909546,https://wandb.ai/ememchijioke-university-of-klagenfurt/marl-uav-v0-7-compact-triangle-obstacle/runs/f23wgnom
2026-05-30T11:19:38.375253,40,1,11348.880466070723,0,0,0,MOVE_TRIANGLE_OBSTACLE,1.0,0.05217885971069336,0.017793111503124237,0.015630642573038738,0.7361180186271667,0.7681866884231567,0.7648232579231262,0.025137050077319145,0.34457212686538696,0.5775092244148254,1,0.07994601782411337,0.05395231023430824,0.07146947830915451,0.38304591178894043,0.39291244745254517,0.018344400450587273,0.13753901422023773,0,0.7361180186271667,1,0,1.1069872379302979,-0.03586632013320923,1.0081419944763184,1.5381784439086914,0.8880389332771301,0.8947444558143616,-0.06070505455136299,-0.4058297574520111,0.3589358627796173,1.011814832687378,1.0030205249786377,1.00959050655365,https://wandb.ai/ememchijioke-university-of-klagenfurt/marl-uav-v0-7-compact-triangle-obstacle/runs/f23wgnom
2026-05-30T11:19:45.808046,41,1,11352.506521900621,0,0,0,MOVE_TRIANGLE_OBSTACLE,1.0,0.05462564155459404,0.022533731535077095,0.023655494054158527,0.7147207260131836,0.7724606394767761,0.7632265686988831,0.031754568219184875,0.3465733528137207,0.5796965956687927,1,0.07788569061085582,0.056244608014822006,0.0839524120092392,0.3767186403274536,0.3868062198162079,0.014296644367277622,0.12961529195308685,0,0.7147207260131836,1,0,1.110713243484497,-0.0425252728164196,1.0082188844680786,1.535461664199829,0.9041355848312378,0.8925426602363586,-0.0736163929104805,-0.4085325598716736,0.354573130607605,1.011975884437561,1.0027995109558105,1.009881615638733,https://wandb.ai/ememchijioke-university-of-klagenfurt/marl-uav-v0-7-compact-triangle-obstacle/runs/f23wgnom
2026-05-30T11:19:52.731021,42,1,11352.42080954678,0,0,0,MOVE_TRIANGLE_OBSTACLE,1.0,0.05172940343618393,0.020525338128209114,0.018753031889597576,0.7238103747367859,0.771318793296814,0.7587506771087646,0.030102301388978958,0.3467999994754791,0.5767906904220581,1,0.07834498514421284,0.053710002452135086,0.07680077850818634,0.3747355043888092,0.38796377182006836,0.020852958783507347,0.050926417112350464,0,0.7238103747367859,1,0,1.107879638671875,-0.03612310811877251,1.0081466436386108,1.5365502834320068,0.8948543667793274,0.8922344446182251,-0.06589070707559586,-0.4005950391292572,0.35811641812324524,1.0124211311340332,1.002379298210144,1.0096392631530762,https://wandb.ai/ememchijioke-university-of-klagenfurt/marl-uav-v0-7-compact-triangle-obstacle/runs/f23wgnom
2026-05-30T11:19:58.372463,43,1,11352.59312357173,0,0,0,MOVE_TRIANGLE_OBSTACLE,1.0,0.05415830388665199,0.02095744200050831,0.018817802270253498,0.714596688747406,0.7641783356666565,0.75687175989151,0.030838795006275177,0.344764769077301,0.5758844017982483,1,0.07965832995250821,0.05525202676653862,0.08253017067909241,0.3938514292240143,0.4068988859653473,0.010503078810870647,0.09448643773794174,0,0.714596688747406,1,0,1.1076292991638184,-0.039366643875837326,1.0077818632125854,1.5303579568862915,0.898554801940918,0.8939751386642456,-0.06912638247013092,-0.4029059112071991,0.35393238067626953,1.011319637298584,1.0032931566238403,1.0087326765060425,https://wandb.ai/ememchijioke-university-of-klagenfurt/marl-uav-v0-7-compact-triangle-obstacle/runs/f23wgnom
2026-05-30T11:20:05.202984,44,1,11350.258116395431,0,0,0,MOVE_TRIANGLE_OBSTACLE,1.0,0.048800624907016754,0.02302318997681141,0.016244669755299885,0.7257171273231506,0.7744259834289551,0.7499748468399048,0.0343177430331707,0.3430641293525696,0.5750694870948792,1,0.07979864301159978,0.05168137326836586,0.0763411819934845,0.39187517762184143,0.395385205745697,0.01164308562874794,0.08222740143537521,0,0.7257171273231506,1,0,1.1102758646011353,-0.03444572165608406,1.0075942277908325,1.5422965288162231,0.892951250076294,0.8955796957015991,-0.0684637650847435,-0.3924139142036438,0.3575405180454254,1.0116435289382935,1.0031378269195557,1.0080012083053589,https://wandb.ai/ememchijioke-university-of-klagenfurt/marl-uav-v0-7-compact-triangle-obstacle/runs/f23wgnom
2026-05-30T11:20:12.157889,45,1,11282.010708495902,0,0,0,MOVE_TRIANGLE_OBSTACLE,1.0,0.05501112341880798,0.025982564315199852,0.02473551034927368,0.7165441513061523,0.7714595198631287,0.7692911624908447,0.03852635994553566,0.3485523462295532,0.580338180065155,1,0.0773386019282043,0.057216182351112366,0.08998401463031769,0.40846315026283264,0.42569082975387573,0.01578792743384838,0.1578020304441452,0,0.7165441513061523,1,0,1.0991697311401367,-0.04019765183329582,1.007341742515564,1.522438883781433,0.8854474425315857,0.8896228671073914,-0.07793013751506805,-0.40596216917037964,0.3632993698120117,1.0112448930740356,1.0027365684509277,1.008043885231018,https://wandb.ai/ememchijioke-university-of-klagenfurt/marl-uav-v0-7-compact-triangle-obstacle/runs/f23wgnom
2026-05-30T11:20:18.832766,46,1,11341.143352120882,0,0,0,MOVE_TRIANGLE_OBSTACLE,1.0,0.055319976061582565,0.023108400404453278,0.02126866579055786,0.7124741673469543,0.7692715525627136,0.7570086121559143,0.03388628363609314,0.34517940878868103,0.5780869126319885,1,0.0787311487365514,0.05664260685443878,0.08655203133821487,0.3777446746826172,0.38625696301460266,0.010893016122281551,0.11116960644721985,0,0.7124741673469543,1,0,1.1090730428695679,-0.042218755930662155,1.0076144933700562,1.5327810049057007,0.9006952047348022,0.8937429189682007,-0.07540836185216904,-0.4041009545326233,0.35285305976867676,1.010286808013916,1.0033485889434814,1.0092082023620605,https://wandb.ai/ememchijioke-university-of-klagenfurt/marl-uav-v0-7-compact-triangle-obstacle/runs/f23wgnom
2026-05-30T11:20:25.120774,47,1,11289.159184408756,0,0,0,MOVE_TRIANGLE_OBSTACLE,1.0,0.056238871067762375,0.024308359250426292,0.02173928419748942,0.7150585651397705,0.7663167119026184,0.7639597058296204,0.03597458451986313,0.34915000200271606,0.5797486901283264,1,0.0772787812165916,0.057726550847291946,0.08946653455495834,0.3763774335384369,0.38988563418388367,0.015498079359531403,0.14691118896007538,0,0.7150585651397705,1,0,1.098908543586731,-0.041559457778930664,1.0077358484268188,1.5208618640899658,0.8863268494606018,0.8895371556282043,-0.07649170607328415,-0.4060553014278412,0.35786864161491394,1.0107624530792236,1.0028935670852661,1.0095512866973877,https://wandb.ai/ememchijioke-university-of-klagenfurt/marl-uav-v0-7-compact-triangle-obstacle/runs/f23wgnom
2026-05-30T11:20:31.664324,48,1,11355.559757451978,0,0,0,MOVE_TRIANGLE_OBSTACLE,1.0,0.05523211136460304,0.022216646000742912,0.01718058188756307,0.7179749608039856,0.7675268054008484,0.7519899010658264,0.03306705132126808,0.34398922324180603,0.5776038765907288,1,0.07934696017764509,0.056651171296834946,0.0847243070602417,0.38791951537132263,0.39899808168411255,0.012189165689051151,0.12891118228435516,0,0.7179749608039856,1,0,1.1085205078125,-0.04147258400917053,1.0084742307662964,1.5346111059188843,0.8953866958618164,0.8955637216567993,-0.07422073930501938,-0.4010825455188751,0.3508855402469635,1.0108625888824463,1.004415512084961,1.0101447105407715,https://wandb.ai/ememchijioke-university-of-klagenfurt/marl-uav-v0-7-compact-triangle-obstacle/runs/f23wgnom
2026-05-30T11:20:38.532622,49,1,11354.892812027396,0,0,0,MOVE_TRIANGLE_OBSTACLE,1.0,0.05541506037116051,0.02546900324523449,0.023750801881154377,0.7196840643882751,0.7798792719841003,0.7610571980476379,0.037568751722574234,0.3488514721393585,0.5811946988105774,1,0.07619298459030688,0.05819246172904968,0.08726208657026291,0.3842026889324188,0.38935616612434387,0.01636444963514805,0.08836361020803452,0,0.7196840643882751,1,0,1.107352375984192,-0.04061160609126091,1.008858561515808,1.536874771118164,0.8944931626319885,0.8906893730163574,-0.07803589105606079,-0.40240371227264404,0.3586047887802124,1.012115240097046,1.0033694505691528,1.0110907554626465,https://wandb.ai/ememchijioke-university-of-klagenfurt/marl-uav-v0-7-compact-triangle-obstacle/runs/f23wgnom
2026-05-30T11:20:45.354736,50,1,11343.254158354783,0,0,0,MOVE_TRIANGLE_OBSTACLE,1.0,0.05523135885596275,0.026637248694896698,0.024247248967488606,0.721872866153717,0.7768158912658691,0.7677987217903137,0.039089132100343704,0.34515827894210815,0.5801634788513184,1,0.07844557333737612,0.058328524231910706,0.08862263709306717,0.36950623989105225,0.377532035112381,0.020648298785090446,0.06844788044691086,0,0.721872866153717,1,0,1.1059037446975708,-0.03916032239794731,1.0081020593643188,1.5335420370101929,0.8892861008644104,0.8948831558227539,-0.0780617967247963,-0.4035763740539551,0.36415719985961914,1.0111117362976074,1.0024536848068237,1.0107405185699463,https://wandb.ai/ememchijioke-university-of-klagenfurt/marl-uav-v0-7-compact-triangle-obstacle/runs/f23wgnom
2026-05-30T11:20:51.075116,51,1,11350.523551026754,0,0,0,MOVE_TRIANGLE_OBSTACLE,1.0,0.05559670925140381,0.026243308559060097,0.018641928831736248,0.723378598690033,0.7778351902961731,0.7485308051109314,0.03877071663737297,0.3474555015563965,0.5797865390777588,1,0.07678442657925189,0.05883464589715004,0.08702625334262848,0.3919847011566162,0.4003268778324127,0.01392611488699913,0.1401156336069107,0,0.723378598690033,1,0,1.10662043094635,-0.0403343141078949,1.0081793069839478,1.5390340089797974,0.8885563611984253,0.8922708034515381,-0.07892344892024994,-0.395272821187973,0.3531933128833771,1.0110466480255127,1.0021907091140747,1.0113004446029663,https://wandb.ai/ememchijioke-university-of-klagenfurt/marl-uav-v0-7-compact-triangle-obstacle/runs/f23wgnom
2026-05-30T11:20:57.513792,52,1,11350.566948437388,0,0,0,MOVE_TRIANGLE_OBSTACLE,1.0,0.055596478283405304,0.022865047678351402,0.021220823129018147,0.7289701104164124,0.7741971611976624,0.7684354186058044,0.03300051391124725,0.34704530239105225,0.580305814743042,1,0.07794202631339431,0.05825101211667061,0.08233699947595596,0.3865152895450592,0.4115971028804779,0.021341683343052864,0.13011015951633453,0,0.7289701104164124,1,0,1.1046116352081299,-0.038366783410310745,1.0082165002822876,1.5342451333999634,0.886807918548584,0.8927819132804871,-0.07123245298862457,-0.40611687302589417,0.3622489869594574,1.0111740827560425,1.0025179386138916,1.0109578371047974,https://wandb.ai/ememchijioke-university-of-klagenfurt/marl-uav-v0-7-compact-triangle-obstacle/runs/f23wgnom
2026-05-30T11:21:04.320100,53,1,11412.35731466751,0,0,0,MOVE_TRIANGLE_OBSTACLE,1.0,0.05473237484693527,0.023649847134947777,0.02300139268239339,0.715985894203186,0.7787186503410339,0.7562714219093323,0.03344212844967842,0.3478829860687256,0.5776121616363525,1,0.07697322615422308,0.057240407913923264,0.08216588944196701,0.3775794506072998,0.38691624999046326,0.022467784583568573,0.09411585330963135,0,0.715985894203186,1,0,1.1130653619766235,-0.03756788372993469,1.00826895236969,1.5420273542404175,0.9057621359825134,0.8914068341255188,-0.07079970836639404,-0.3989986479282379,0.3570947051048279,1.011866807937622,1.002495288848877,1.0104446411132812,https://wandb.ai/ememchijioke-university-of-klagenfurt/marl-uav-v0-7-compact-triangle-obstacle/runs/f23wgnom
2026-05-30T11:21:10.795300,54,1,11351.111355663736,0,0,0,MOVE_TRIANGLE_OBSTACLE,1.0,0.055441856384277344,0.020927585661411285,0.022865931193033855,0.7218554615974426,0.7695818543434143,0.7708714008331299,0.029505666345357895,0.3469405472278595,0.5797936916351318,1,0.07833199971355498,0.05728308856487274,0.08192245662212372,0.39072635769844055,0.39999106526374817,0.01873341016471386,0.0788651630282402,0,0.7218554615974426,1,0,1.1070616245269775,-0.0405297577381134,1.0081664323806763,1.5319563150405884,0.8963191509246826,0.8929093480110168,-0.06946267932653427,-0.41147053241729736,0.359343945980072,1.0108877420425415,1.002441644668579,1.0111699104309082,https://wandb.ai/ememchijioke-university-of-klagenfurt/marl-uav-v0-7-compact-triangle-obstacle/runs/f23wgnom
2026-05-30T11:21:17.604471,55,1,11412.171182265005,0,0,0,MOVE_TRIANGLE_OBSTACLE,1.0,0.052386462688446045,0.026106029748916626,0.02383647362391154,0.7114909291267395,0.778558611869812,0.7544417381286621,0.03795142471790314,0.3445320725440979,0.5753180980682373,1,0.07866327185183764,0.05530795827507973,0.08440140634775162,0.38998594880104065,0.4058430790901184,0.013287156820297241,0.1058851107954979,0,0.7114909291267395,1,0,1.1143351793289185,-0.03549952432513237,1.0080920457839966,1.5415575504302979,0.9064429402351379,0.8950052261352539,-0.07321150600910187,-0.39380547404289246,0.3605184257030487,1.011317253112793,1.0030533075332642,1.0099058151245117,https://wandb.ai/ememchijioke-university-of-klagenfurt/marl-uav-v0-7-compact-triangle-obstacle/runs/f23wgnom
2026-05-30T11:21:24.219778,56,1,11356.878327569451,0,0,0,MOVE_TRIANGLE_OBSTACLE,1.0,0.051676977425813675,0.023390816524624825,0.023078938325246174,0.7240779995918274,0.7773227691650391,0.7659920454025269,0.03464602679014206,0.34484824538230896,0.5785765051841736,1,0.07884546765126288,0.054439183324575424,0.0808165967464447,0.4044593274593353,0.4250582456588745,0.018907977268099785,0.08150415867567062,0,0.7240779995918274,1,0,1.108981728553772,-0.03732540085911751,1.0071443319320679,1.5383864641189575,0.8945435881614685,0.8940152525901794,-0.07184004038572311,-0.4030534029006958,0.3629172444343567,1.0100994110107422,1.0028191804885864,1.0085142850875854,https://wandb.ai/ememchijioke-university-of-klagenfurt/marl-uav-v0-7-compact-triangle-obstacle/runs/f23wgnom
2026-05-30T11:21:31.174968,57,1,11284.643840705174,0,0,0,MOVE_TRIANGLE_OBSTACLE,1.0,0.05176959186792374,0.027494950219988823,0.021094560623168945,0.7209976315498352,0.7738736271858215,0.7604076862335205,0.040320999920368195,0.34416595101356506,0.5793424844741821,1,0.07896623248234391,0.05424950644373894,0.08789829909801483,0.3948926627635956,0.4093584716320038,0.024701232090592384,0.08105842769145966,0,0.7209976315498352,1,0,1.104019284248352,-0.04002739116549492,1.0074249505996704,1.531497836112976,0.8854504823684692,0.8951094746589661,-0.0801413282752037,-0.4001273214817047,0.36018648743629456,1.010633945465088,1.0023043155670166,1.0093367099761963,https://wandb.ai/ememchijioke-university-of-klagenfurt/marl-uav-v0-7-compact-triangle-obstacle/runs/f23wgnom
2026-05-30T11:21:37.651823,58,1,11352.248117213454,0,0,0,MOVE_TRIANGLE_OBSTACLE,1.0,0.055351365357637405,0.026077240705490112,0.022460222244262695,0.719218373298645,0.7784773111343384,0.7581217288970947,0.038770709186792374,0.3470577895641327,0.5799424052238464,1,0.07720701559446752,0.05815032497048378,0.0881868526339531,0.3656238615512848,0.37771672010421753,0.02286834828555584,0.08521003276109695,0,0.719218373298645,1,0,1.1067250967025757,-0.040232669562101364,1.0074621438980103,1.5359792709350586,0.8924523591995239,0.8917438387870789,-0.0788814052939415,-0.39995479583740234,0.35813820362091064,1.0104432106018066,1.0026919841766357,1.009251356124878,https://wandb.ai/ememchijioke-university-of-klagenfurt/marl-uav-v0-7-compact-triangle-obstacle/runs/f23wgnom
2026-05-30T11:21:43.510067,59,1,11290.514420984338,0,0,0,MOVE_TRIANGLE_OBSTACLE,1.0,0.05133691057562828,0.021835632622241974,0.018680771191914875,0.7247558236122131,0.7680193185806274,0.7627788186073303,0.03219299763441086,0.3439500629901886,0.5786818861961365,1,0.07975315768271685,0.052737921476364136,0.08050917088985443,0.389200359582901,0.3949476182460785,0.02019711583852768,0.09414681047201157,0,0.7247558236122131,1,0,1.104956030845642,-0.040143031626939774,1.0077643394470215,1.5317248106002808,0.8883417844772339,0.8948015570640564,-0.07200178503990173,-0.4055822491645813,0.3571549355983734,1.0110762119293213,1.0037732124328613,1.0084434747695923,https://wandb.ai/ememchijioke-university-of-klagenfurt/marl-uav-v0-7-compact-triangle-obstacle/runs/f23wgnom
2026-05-30T11:21:49.794176,60,1,11300.758862284481,0,0,0,MOVE_TRIANGLE_OBSTACLE,1.0,0.05340960621833801,0.020928651094436646,0.01758420467376709,0.724202036857605,0.7622095346450806,0.7647451162338257,0.030465075746178627,0.34387555718421936,0.5783706307411194,1,0.0803143959492445,0.054436955600976944,0.08161282539367676,0.39938297867774963,0.40834036469459534,0.01685156486928463,0.05881310626864433,0,0.724202036857605,1,0,1.1025387048721313,-0.04093475267291069,1.0075677633285522,1.526540756225586,0.8859698176383972,0.8951056003570557,-0.07065007090568542,-0.40841174125671387,0.3562575578689575,1.010591983795166,1.0032069683074951,1.0089044570922852,https://wandb.ai/ememchijioke-university-of-klagenfurt/marl-uav-v0-7-compact-triangle-obstacle/runs/f23wgnom
2026-05-30T11:21:56.603840,61,1,11346.20324713362,0,0,0,MOVE_TRIANGLE_OBSTACLE,1.0,0.052510540932416916,0.02261124551296234,0.01946711540222168,0.7182411551475525,0.771414577960968,0.7447720766067505,0.03353448957204819,0.3457636833190918,0.5762469172477722,1,0.07827417715452611,0.054504673928022385,0.08116158097982407,0.390552282333374,0.4088634252548218,0.020239323377609253,0.10847430676221848,0,0.7182411551475525,1,0,1.1096071004867554,-0.03894858434796333,1.007582187652588,1.538702130317688,0.896844744682312,0.8932744860649109,-0.07236836105585098,-0.3946055769920349,0.350128173828125,1.0102016925811768,1.0029457807540894,1.0095993280410767,https://wandb.ai/ememchijioke-university-of-klagenfurt/marl-uav-v0-7-compact-triangle-obstacle/runs/f23wgnom
2026-05-30T11:22:02.900240,62,1,11284.488182068912,0,0,0,MOVE_TRIANGLE_OBSTACLE,1.0,0.054273635149002075,0.026537461206316948,0.01658882697423299,0.7150234580039978,0.7641891837120056,0.7493992447853088,0.038923513144254684,0.347729355096817,0.5756517052650452,1,0.07817505765706301,0.05662279203534126,0.0885491594672203,0.3768858015537262,0.38892629742622375,0.025287287309765816,0.11203338950872421,0,0.7150234580039978,1,0,1.096981406211853,-0.03707055374979973,1.0069962739944458,1.5206704139709473,0.8799892067909241,0.8902846574783325,-0.0752757340669632,-0.3926208019256592,0.3566848635673523,1.0109429359436035,1.002098560333252,1.0079474449157715,https://wandb.ai/ememchijioke-university-of-klagenfurt/marl-uav-v0-7-compact-triangle-obstacle/runs/f23wgnom
2026-05-30T11:22:09.447396,63,1,11349.410596777294,0,0,0,MOVE_TRIANGLE_OBSTACLE,1.0,0.058381449431180954,0.024887489154934883,0.020324031511942547,0.716443657875061,0.767859160900116,0.7404434084892273,0.036895688623189926,0.3444470465183258,0.5780358910560608,1,0.07863372913561761,0.060475144535303116,0.0906972587108612,0.40359315276145935,0.4068167805671692,0.017059044912457466,0.1163700595498085,0,0.716443657875061,1,0,1.1062724590301514,-0.0440002977848053,1.0069997310638428,1.5338423252105713,0.8905156850814819,0.8944595456123352,-0.08066785335540771,-0.39586567878723145,0.34453263878822327,1.0102976560592651,1.001771092414856,1.0089304447174072,https://wandb.ai/ememchijioke-university-of-klagenfurt/marl-uav-v0-7-compact-triangle-obstacle/runs/f23wgnom
2026-05-30T11:22:15.527372,64,1,11354.487598618494,0,0,0,MOVE_TRIANGLE_OBSTACLE,1.0,0.054534438997507095,0.026684245094656944,0.02372489372889201,0.7194219827651978,0.7851579189300537,0.7554387450218201,0.03933051601052284,0.34680280089378357,0.5822282433509827,1,0.07656330638565123,0.05728231370449066,0.08847379684448242,0.3980732858181,0.4187585115432739,0.016811063513159752,0.08696339279413223,0,0.7194219827651978,1,0,1.112305998802185,-0.043756674975156784,1.0074057579040527,1.5448088645935059,0.8999842405319214,0.8921248912811279,-0.08292537182569504,-0.40185537934303284,0.3535107374191284,1.0099431276321411,1.0026723146438599,1.0096018314361572,https://wandb.ai/ememchijioke-university-of-klagenfurt/marl-uav-v0-7-compact-triangle-obstacle/runs/f23wgnom
2026-05-30T11:22:22.466563,65,1,11354.65173843867,0,0,0,MOVE_TRIANGLE_OBSTACLE,1.0,0.052369918674230576,0.025362923741340637,0.017596761385599773,0.7256327867507935,0.7761268615722656,0.7477037906646729,0.03759459778666496,0.3452386260032654,0.576735258102417,1,0.0784065518528223,0.05589735880494118,0.08180110901594162,0.3738701343536377,0.38450074195861816,0.021345412358641624,0.1690283566713333,0,0.7256327867507935,1,0,1.1068319082260132,-0.036189306527376175,1.0071743726730347,1.5396678447723389,0.8873487114906311,0.89347904920578,-0.07356885820627213,-0.39132702350616455,0.35632795095443726,1.010016918182373,1.0027779340744019,1.0087279081344604,https://wandb.ai/ememchijioke-university-of-klagenfurt/marl-uav-v0-7-compact-triangle-obstacle/runs/f23wgnom
2026-05-30T11:22:30.009646,66,1,11350.39198481263,0,0,0,MOVE_TRIANGLE_OBSTACLE,1.0,0.051408734172582626,0.024459363892674446,0.021997451782226562,0.7132834196090698,0.774225652217865,0.7449498772621155,0.03608275577425957,0.3442783057689667,0.5761223435401917,1,0.07873205887153745,0.05331329628825188,0.08346045017242432,0.3912692070007324,0.4099636673927307,0.018491514027118683,0.13353033363819122,0,0.7132834196090698,1,0,1.1123080253601074,-0.03993496298789978,1.006608486175537,1.5404512882232666,0.9022607803344727,0.8942118883132935,-0.07589247077703476,-0.3943992257118225,0.3504868149757385,1.0089696645736694,1.0026756525039673,1.008180022239685,https://wandb.ai/ememchijioke-university-of-klagenfurt/marl-uav-v0-7-compact-triangle-obstacle/runs/f23wgnom
2026-05-30T11:22:36.586724,67,1,11294.8097293297,0,0,0,MOVE_TRIANGLE_OBSTACLE,1.0,0.05748509615659714,0.02446025423705578,0.016962110996246338,0.7234153151512146,0.7688724994659424,0.7554291486740112,0.03577578440308571,0.347833514213562,0.5809797048568726,1,0.07737842062488198,0.05931288003921509,0.08882130682468414,0.3999650478363037,0.4040508270263672,0.02856294997036457,0.10924077033996582,0,0.7234153151512146,1,0,1.099135160446167,-0.043608684092760086,1.0066181421279907,1.5268995761871338,0.8802561163902283,0.8902496695518494,-0.07922352850437164,-0.4034716784954071,0.3518691658973694,1.0091660022735596,1.0024503469467163,1.0082383155822754,https://wandb.ai/ememchijioke-university-of-klagenfurt/marl-uav-v0-7-compact-triangle-obstacle/runs/f23wgnom
2026-05-30T11:22:43.779069,68,1,11356.789791893432,0,0,0,MOVE_TRIANGLE_OBSTACLE,1.0,0.05571916699409485,0.02170312963426113,0.017286221186319988,0.7220665216445923,0.7696442604064941,0.7542809247970581,0.03232700750231743,0.34689804911613464,0.5776868462562561,1,0.07815617462620139,0.05759325623512268,0.08274953067302704,0.3965291678905487,0.4176567494869232,0.01795017719268799,0.12899725139141083,0,0.7220665216445923,1,0,1.104891300201416,-0.03896882012486458,1.0075207948684692,1.5329558849334717,0.8901747465133667,0.8915432691574097,-0.07112789154052734,-0.4000209867954254,0.3542424142360687,1.01018226146698,1.0037147998809814,1.0086653232574463,https://wandb.ai/ememchijioke-university-of-klagenfurt/marl-uav-v0-7-compact-triangle-obstacle/runs/f23wgnom
2026-05-30T11:22:50.170361,69,1,11296.972485392907,0,0,0,MOVE_TRIANGLE_OBSTACLE,1.0,0.05600361526012421,0.018891768530011177,0.01881931225458781,0.7174921035766602,0.7615150809288025,0.7375650405883789,0.02819942682981491,0.3480401635169983,0.5784644484519958,1,0.07736003655008972,0.05674109235405922,0.08215252310037613,0.3750104606151581,0.3903712332248688,0.012920687906444073,0.12536464631557465,0,0.7174921035766602,1,0,1.1050704717636108,-0.04607940837740898,1.0075136423110962,1.5317294597625732,0.8931289911270142,0.8903527855873108,-0.07391894608736038,-0.4009322226047516,0.3366129398345947,1.0105146169662476,1.0036869049072266,1.008339285850525,https://wandb.ai/ememchijioke-university-of-klagenfurt/marl-uav-v0-7-compact-triangle-obstacle/runs/f23wgnom
2026-05-30T11:22:56.830168,70,1,11356.187541658654,0,0,0,MOVE_TRIANGLE_OBSTACLE,1.0,0.05660274252295494,0.02322530932724476,0.02061547835667928,0.7201972603797913,0.7695038914680481,0.737460196018219,0.034724291414022446,0.3443206548690796,0.5777970552444458,1,0.07863727258518338,0.058806490153074265,0.08611196279525757,0.35935643315315247,0.37583059072494507,0.013442239724099636,0.10416310280561447,0,0.7201972603797913,1,0,1.1081680059432983,-0.04317276552319527,1.0074864625930786,1.5385349988937378,0.891807496547699,0.8941613435745239,-0.07776422798633575,-0.39459967613220215,0.3428455889225006,1.0104985237121582,1.0039476156234741,1.008013367652893,https://wandb.ai/ememchijioke-university-of-klagenfurt/marl-uav-v0-7-compact-triangle-obstacle/runs/f23wgnom
2026-05-30T11:23:03.707383,71,1,11291.774040200225,0,0,0,MOVE_TRIANGLE_OBSTACLE,1.0,0.0546635240316391,0.019084230065345764,0.015196919441223145,0.7201225161552429,0.757632851600647,0.7419195771217346,0.02826370671391487,0.3498898148536682,0.575011670589447,1,0.0777850616723299,0.05591048300266266,0.07945659011602402,0.3761279582977295,0.38137564063072205,0.01927533932030201,0.15933506190776825,0,0.7201225161552429,1,0,1.0975667238235474,-0.03815628960728645,1.0074214935302734,1.5228424072265625,0.8825913071632385,0.8872664570808411,-0.0657554641366005,-0.3953065574169159,0.34659314155578613,1.0112690925598145,1.0041229724884033,1.006872534751892,https://wandb.ai/ememchijioke-university-of-klagenfurt/marl-uav-v0-7-compact-triangle-obstacle/runs/f23wgnom
2026-05-30T11:23:11.031528,72,1,11351.659599577411,0,0,0,MOVE_TRIANGLE_OBSTACLE,1.0,0.05567806959152222,0.02750801481306553,0.02334040403366089,0.7134909629821777,0.7810095548629761,0.7474973797798157,0.04081273078918457,0.3485478460788727,0.5799614787101746,1,0.07598295714706182,0.058436766266822815,0.09069666266441345,0.3943850100040436,0.405914306640625,0.019406363368034363,0.11060824990272522,0,0.7134909629821777,1,0,1.1082819700241089,-0.042074788361787796,1.0073469877243042,1.538313865661621,0.8969722986221313,0.8895596265792847,-0.0828242227435112,-0.39542362093925476,0.35202348232269287,1.009618878364563,1.003966212272644,1.0084558725357056,https://wandb.ai/ememchijioke-university-of-klagenfurt/marl-uav-v0-7-compact-triangle-obstacle/runs/f23wgnom
2026-05-30T11:23:17.820706,73,1,11350.635267394471,0,0,0,MOVE_TRIANGLE_OBSTACLE,1.0,0.05464419350028038,0.0225518811494112,0.01997705300649007,0.7282114624977112,0.7794130444526672,0.7587295770645142,0.033501677215099335,0.34321290254592896,0.5819938778877258,1,0.07881722738966346,0.056721970438957214,0.08301293104887009,0.3957674503326416,0.4100528359413147,0.011933687143027782,0.154459610581398,0,0.7282114624977112,1,0,1.1129230260849,-0.04436080530285835,1.0072336196899414,1.546241044998169,0.8969062566757202,0.8956218361854553,-0.07756372541189194,-0.4071129858493805,0.35159429907798767,1.0102200508117676,1.0029044151306152,1.0085763931274414,https://wandb.ai/ememchijioke-university-of-klagenfurt/marl-uav-v0-7-compact-triangle-obstacle/runs/f23wgnom
2026-05-30T11:23:24.231226,74,1,11350.574191114221,0,0,0,MOVE_TRIANGLE_OBSTACLE,1.0,0.05421708896756172,0.01941036991775036,0.016725003719329834,0.7243730425834656,0.7685373425483704,0.7439892888069153,0.028885655105113983,0.3448089063167572,0.5774369835853577,1,0.07884293515235186,0.05571620166301727,0.0784478411078453,0.3694731295108795,0.38886332511901855,0.01829828880727291,0.09497229009866714,0,0.7243730425834656,1,0,1.110102653503418,-0.04166973754763603,1.007354736328125,1.540826439857483,0.8953800797462463,0.8941013216972351,-0.07048402726650238,-0.3992474377155304,0.3447222411632538,1.009250521659851,1.0037811994552612,1.0090323686599731,https://wandb.ai/ememchijioke-university-of-klagenfurt/marl-uav-v0-7-compact-triangle-obstacle/runs/f23wgnom
2026-05-30T11:23:30.931825,75,1,11412.269199147104,0,0,0,MOVE_TRIANGLE_OBSTACLE,1.0,0.055929865688085556,0.022765472531318665,0.022018710772196453,0.7092807292938232,0.7690879106521606,0.756248950958252,0.03232691064476967,0.34453871846199036,0.575311005115509,1,0.07937832246534526,0.05745093151926994,0.08501551300287247,0.39810511469841003,0.4142361879348755,0.028277462348341942,0.057627078145742416,0,0.7092807292938232,1,0,1.112573504447937,-0.039008963853120804,1.0072108507156372,1.5353038311004639,0.9079676866531372,0.8944489359855652,-0.07044524699449539,-0.4013436436653137,0.3547619879245758,1.0091962814331055,1.0033048391342163,1.0091313123703003,https://wandb.ai/ememchijioke-university-of-klagenfurt/marl-uav-v0-7-compact-triangle-obstacle/runs/f23wgnom
2026-05-30T11:23:37.758504,76,1,11351.724658265979,0,0,0,MOVE_TRIANGLE_OBSTACLE,1.0,0.05156819149851799,0.024493450298905373,0.023070534070332844,0.7076249718666077,0.7735089063644409,0.7466723322868347,0.034712500870227814,0.34649038314819336,0.57647705078125,1,0.07764497864991426,0.05301152542233467,0.08352762460708618,0.39173629879951477,0.3989987075328827,0.022566279396414757,0.1688394546508789,0,0.7076249718666077,1,0,1.11358642578125,-0.041008997708559036,1.0072492361068726,1.5391464233398438,0.9088706374168396,0.8927422761917114,-0.07540437579154968,-0.3970426023006439,0.3494199812412262,1.0087329149246216,1.002865195274353,1.0101497173309326,https://wandb.ai/ememchijioke-university-of-klagenfurt/marl-uav-v0-7-compact-triangle-obstacle/runs/f23wgnom
2026-05-30T11:23:44.513712,77,1,11350.455131353932,0,0,0,MOVE_TRIANGLE_OBSTACLE,1.0,0.05740174278616905,0.022327439859509468,0.017381211121877033,0.7263655662536621,0.7780696153640747,0.7495604157447815,0.03313828632235527,0.34687188267707825,0.5824875831604004,1,0.07683835993520916,0.05940168723464012,0.08475461602210999,0.3772446811199188,0.3785366714000702,0.012113918550312519,0.14713244140148163,0,0.7263655662536621,1,0,1.110404133796692,-0.045941244810819626,1.007461667060852,1.5443025827407837,0.8950092196464539,0.8919004797935486,-0.07875503599643707,-0.4042987525463104,0.3452300727367401,1.009952187538147,1.003146767616272,1.0092859268188477,https://wandb.ai/ememchijioke-university-of-klagenfurt/marl-uav-v0-7-compact-triangle-obstacle/runs/f23wgnom
2026-05-30T11:23:51.083058,78,1,11294.23897261491,0,0,0,MOVE_TRIANGLE_OBSTACLE,1.0,0.05635188892483711,0.02591562084853649,0.017177859942118328,0.7246323823928833,0.7735211849212646,0.7473552227020264,0.038149427622556686,0.34543222188949585,0.581882655620575,1,0.0777586936019361,0.05857757851481438,0.08984362334012985,0.36474907398223877,0.37170174717903137,0.00872546061873436,0.09788212925195694,0,0.7246323823928833,1,0,1.1043896675109863,-0.046112608164548874,1.007067322731018,1.5358258485794067,0.88397616147995,0.8933670520782471,-0.08421408385038376,-0.40070104598999023,0.34657731652259827,1.0083298683166504,1.0038503408432007,1.0090217590332031,https://wandb.ai/ememchijioke-university-of-klagenfurt/marl-uav-v0-7-compact-triangle-obstacle/runs/f23wgnom
2026-05-30T11:23:58.149841,79,1,11292.295002976016,0,0,0,MOVE_TRIANGLE_OBSTACLE,1.0,0.05048428103327751,0.020216861739754677,0.015179336071014404,0.7164352536201477,0.761120617389679,0.749147355556488,0.030130209401249886,0.3480798602104187,0.5744181275367737,1,0.07852938352152705,0.051569003611803055,0.07791560888290405,0.38296929001808167,0.3975343704223633,0.019915273413062096,0.10811958461999893,0,0.7164352536201477,1,0,1.1023246049880981,-0.03683099150657654,1.0076227188110352,1.5260812044143677,0.8904145956039429,0.8904780149459839,-0.06625674664974213,-0.3966837227344513,0.3524474799633026,1.0093475580215454,1.0043047666549683,1.0092159509658813,https://wandb.ai/ememchijioke-university-of-klagenfurt/marl-uav-v0-7-compact-triangle-obstacle/runs/f23wgnom
2026-05-30T11:24:03.958856,80,1,11351.228973053081,0,0,0,MOVE_TRIANGLE_OBSTACLE,1.0,0.05426386371254921,0.020979447290301323,0.020028690497080486,0.709295928478241,0.7646387815475464,0.745256781578064,0.030283471569418907,0.34614473581314087,0.5756130814552307,1,0.07855063141323626,0.055053237825632095,0.08252754807472229,0.3910057544708252,0.39498502016067505,0.010489162988960743,0.11594303697347641,0,0.709295928478241,1,0,1.1102832555770874,-0.04190972447395325,1.0071637630462646,1.5335370302200317,0.9048395752906799,0.8924729228019714,-0.07138676941394806,-0.3997400999069214,0.3453976809978485,1.0088013410568237,1.0038752555847168,1.0088145732879639,https://wandb.ai/ememchijioke-university-of-klagenfurt/marl-uav-v0-7-compact-triangle-obstacle/runs/f23wgnom
2026-05-30T11:24:10.691829,81,1,11350.955429596772,0,0,0,MOVE_TRIANGLE_OBSTACLE,1.0,0.05721048638224602,0.02173270843923092,0.021593352158864338,0.7079571485519409,0.7658384442329407,0.7431012392044067,0.03126164898276329,0.34767287969589233,0.5775535702705383,1,0.0773802271578461,0.05797779560089111,0.08642714470624924,0.38426271080970764,0.3929204046726227,0.011337187141180038,0.1150810644030571,0,0.7079571485519409,1,0,1.1093050241470337,-0.04490353539586067,1.0072778463363647,1.532887578010559,0.9043411016464233,0.890686571598053,-0.07540706545114517,-0.40113160014152527,0.34182804822921753,1.0096532106399536,1.0036407709121704,1.0085396766662598,https://wandb.ai/ememchijioke-university-of-klagenfurt/marl-uav-v0-7-compact-triangle-obstacle/runs/f23wgnom
2026-05-30T11:24:17.426909,82,1,11356.323952368846,0,0,0,MOVE_TRIANGLE_OBSTACLE,1.0,0.05730944126844406,0.024204185232520103,0.020270466804504395,0.7067026495933533,0.7668191194534302,0.7493050694465637,0.03570355474948883,0.3453581631183624,0.5776349902153015,1,0.07852111267857254,0.05832858756184578,0.09076670557260513,0.3890082836151123,0.3921750485897064,0.02706579864025116,0.13155263662338257,0,0.7067026495933533,1,0,1.1084280014038086,-0.04437240958213806,1.0070774555206299,1.5303982496261597,0.9015951156616211,0.893290638923645,-0.07911718636751175,-0.4016209840774536,0.3476209342479706,1.0088285207748413,1.0036715269088745,1.0087323188781738,https://wandb.ai/ememchijioke-university-of-klagenfurt/marl-uav-v0-7-compact-triangle-obstacle/runs/f23wgnom
2026-05-30T11:24:24.776423,83,1,11287.957791912819,0,0,0,MOVE_TRIANGLE_OBSTACLE,1.0,0.05068063735961914,0.027107054367661476,0.022497038046518963,0.7118218541145325,0.7773325443267822,0.7519804239273071,0.040315765887498856,0.3493972718715668,0.5786415934562683,1,0.07611025753431022,0.05297689512372017,0.08706949651241302,0.393637090921402,0.40463191270828247,0.009597915224730968,0.14119970798492432,0,0.7118218541145325,1,0,1.1052263975143433,-0.03952328488230705,1.0077084302902222,1.5323413610458374,0.8944141268730164,0.8889237642288208,-0.0796658992767334,-0.3954243063926697,0.3565203547477722,1.010076642036438,1.0040909051895142,1.0089575052261353,https://wandb.ai/ememchijioke-university-of-klagenfurt/marl-uav-v0-7-compact-triangle-obstacle/runs/f23wgnom
2026-05-30T11:24:31.824470,84,1,11290.438261482823,0,0,0,MOVE_TRIANGLE_OBSTACLE,1.0,0.05309118703007698,0.02435208112001419,0.025638898213704426,0.7210457921028137,0.7765173316001892,0.7714451551437378,0.03604577109217644,0.3481961786746979,0.5819641947746277,1,0.07707614870741963,0.05538901686668396,0.08567178249359131,0.40210458636283875,0.4148671329021454,0.010099909268319607,0.0640237107872963,0,0.7210457921028137,1,0,1.1037615537643433,-0.04152008891105652,1.0074455738067627,1.5305124521255493,0.8904854655265808,0.8902869820594788,-0.07732284814119339,-0.4093329906463623,0.36209556460380554,1.0100730657577515,1.0036064386367798,1.0086572170257568,https://wandb.ai/ememchijioke-university-of-klagenfurt/marl-uav-v0-7-compact-triangle-obstacle/runs/f23wgnom
2026-05-30T11:24:38.660406,85,1,11354.337629792322,0,0,0,MOVE_TRIANGLE_OBSTACLE,1.0,0.05093594640493393,0.021612366661429405,0.018938124179840088,0.716737687587738,0.7708948254585266,0.7526572346687317,0.03168501332402229,0.3474404513835907,0.5750642418861389,1,0.07806405960582197,0.052793603390455246,0.07806829363107681,0.4055807888507843,0.41633015871047974,0.013348087668418884,0.10516321659088135,0,0.716737687587738,1,0,1.108339786529541,-0.03560669347643852,1.0074148178100586,1.5352848768234253,0.8986483216285706,0.8910861015319824,-0.06702135503292084,-0.3961980938911438,0.35639938712120056,1.0101944208145142,1.0031598806381226,1.008890151977539,https://wandb.ai/ememchijioke-university-of-klagenfurt/marl-uav-v0-7-compact-triangle-obstacle/runs/f23wgnom
2026-05-30T11:24:45.825210,86,1,11350.527080669546,0,0,0,MOVE_TRIANGLE_OBSTACLE,1.0,0.05230993404984474,0.020961826667189598,0.02064138650894165,0.7224950790405273,0.7710246443748474,0.7633945941925049,0.03088970109820366,0.34376832842826843,0.5777854919433594,1,0.07971473038196564,0.0540507473051548,0.07947251945734024,0.39157912135124207,0.40174850821495056,0.005005427170544863,0.12151766568422318,0,0.7224950790405273,1,0,1.1098636388778687,-0.03885925933718681,1.0078097581863403,1.5369563102722168,0.8972865343093872,0.8953480124473572,-0.06944727897644043,-0.40525078773498535,0.35812029242515564,1.0109869241714478,1.0033893585205078,1.0090529918670654,https://wandb.ai/ememchijioke-university-of-klagenfurt/marl-uav-v0-7-compact-triangle-obstacle/runs/f23wgnom
2026-05-30T11:24:52.557754,87,1,11351.65738128343,0,0,0,MOVE_TRIANGLE_OBSTACLE,1.0,0.05087781324982643,0.021344415843486786,0.017842888832092285,0.7262500524520874,0.7759084701538086,0.7538702487945557,0.031716249883174896,0.34259188175201416,0.5784200429916382,1,0.07958232169039547,0.05281665921211243,0.07772853970527649,0.4035448729991913,0.4154071509838104,0.010623698122799397,0.1496342271566391,0,0.7262500524520874,1,0,1.113907814025879,-0.040324240922927856,1.0075474977493286,1.5461652278900146,0.8990749716758728,0.8964830636978149,-0.07184164226055145,-0.4014887809753418,0.3523577153682709,1.0102821588516235,1.0034857988357544,1.0088744163513184,https://wandb.ai/ememchijioke-university-of-klagenfurt/marl-uav-v0-7-compact-triangle-obstacle/runs/f23wgnom
2026-05-30T11:24:59.315020,88,1,11355.077911679899,0,0,0,MOVE_TRIANGLE_OBSTACLE,1.0,0.05299816280603409,0.025461891666054726,0.021143535772959392,0.7096182107925415,0.7720977067947388,0.7490488886833191,0.03760181739926338,0.3463330566883087,0.5760686993598938,1,0.0779754095710814,0.054966289550065994,0.08661673963069916,0.38694271445274353,0.403348833322525,0.01499928068369627,0.08736706525087357,0,0.7096182107925415,1,0,1.1087417602539062,-0.03880886361002922,1.0077155828475952,1.5337657928466797,0.8998143076896667,0.8926450610160828,-0.07596710324287415,-0.39472252130508423,0.354263037443161,1.010614037513733,1.0029665231704712,1.009566068649292,https://wandb.ai/ememchijioke-university-of-klagenfurt/marl-uav-v0-7-compact-triangle-obstacle/runs/f23wgnom
2026-05-30T11:25:05.541272,89,1,11345.474160938424,0,0,0,MOVE_TRIANGLE_OBSTACLE,1.0,0.05563698336482048,0.021088002249598503,0.020599385102589924,0.7216582298278809,0.7745105028152466,0.758945882320404,0.030820177868008614,0.34805572032928467,0.5804895758628845,1,0.07703257957473397,0.057360634207725525,0.08214563876390457,0.3888057768344879,0.3977794647216797,0.0160997211933136,0.18213076889514923,0,0.7216582298278809,1,0,1.1086825132369995,-0.042283862829208374,1.0077601671218872,1.5377349853515625,0.8977383375167847,0.890574038028717,-0.07298551499843597,-0.4063783288002014,0.35251227021217346,1.0102888345718384,1.0036430358886719,1.009348750114441,https://wandb.ai/ememchijioke-university-of-klagenfurt/marl-uav-v0-7-compact-triangle-obstacle/runs/f23wgnom
2026-05-30T11:25:12.864715,90,1,11352.718068232047,0,0,0,MOVE_TRIANGLE_OBSTACLE,1.0,0.04967033863067627,0.021428072825074196,0.019710580507914226,0.7173542380332947,0.7742155194282532,0.7522704601287842,0.03062453866004944,0.3489815592765808,0.575761079788208,1,0.07702766102738678,0.051619160920381546,0.07554453611373901,0.39871594309806824,0.4237295687198639,0.01962488330900669,0.10356856137514114,0,0.7173542380332947,1,0,1.1101707220077515,-0.035450488328933716,1.0081229209899902,1.538822054862976,0.9021644592285156,0.8895254135131836,-0.0658595934510231,-0.39631760120391846,0.3558257222175598,1.011488914489746,1.0036324262619019,1.0092473030090332,https://wandb.ai/ememchijioke-university-of-klagenfurt/marl-uav-v0-7-compact-triangle-obstacle/runs/f23wgnom
2026-05-30T11:25:20.284976,91,1,11344.581885196098,0,0,0,MOVE_TRIANGLE_OBSTACLE,1.0,0.05187176913022995,0.019794607535004616,0.01757746934890747,0.7261318564414978,0.7714104056358337,0.7574538588523865,0.02926018461585045,0.34427499771118164,0.5778693556785583,1,0.07928301440551877,0.05354752019047737,0.07662748545408249,0.3925198018550873,0.4068193733692169,0.016674058511853218,0.09394043684005737,0,0.7261318564414978,1,0,1.110801339149475,-0.038964349776506424,1.0083848237991333,1.5406904220581055,0.8965156674385071,0.8951979279518127,-0.06808062642812729,-0.40312013030052185,0.35430771112442017,1.011281132698059,1.0038660764694214,1.0100075006484985,https://wandb.ai/ememchijioke-university-of-klagenfurt/marl-uav-v0-7-compact-triangle-obstacle/runs/f23wgnom
2026-05-30T11:25:26.731967,92,1,11350.478645419207,0,0,0,MOVE_TRIANGLE_OBSTACLE,1.0,0.055797018110752106,0.019965561106801033,0.021094063917795818,0.7274562120437622,0.7738868594169617,0.766851544380188,0.029088063165545464,0.34632402658462524,0.5815464854240417,1,0.07803837326355278,0.05759136751294136,0.08062609285116196,0.38597047328948975,0.40091410279273987,0.016153432428836823,0.10964757204055786,0,0.7274562120437622,1,0,1.108721137046814,-0.042454492300748825,1.0081437826156616,1.538257360458374,0.8952507376670837,0.8926553726196289,-0.07133085280656815,-0.41142719984054565,0.355394572019577,1.0116159915924072,1.003283143043518,1.00953209400177,https://wandb.ai/ememchijioke-university-of-klagenfurt/marl-uav-v0-7-compact-triangle-obstacle/runs/f23wgnom
2026-05-30T11:25:33.666682,93,1,11288.743275312589,0,0,0,MOVE_TRIANGLE_OBSTACLE,1.0,0.0550946369767189,0.02107258141040802,0.019006848335266113,0.721261739730835,0.7647796273231506,0.7635026574134827,0.030924884602427483,0.34750527143478394,0.5801114439964294,1,0.07810273766517639,0.05618065968155861,0.08376184850931168,0.3852100670337677,0.4029786288738251,0.013423244468867779,0.17222540080547333,0,0.721261739730835,1,0,1.1020087003707886,-0.04250842332839966,1.0085464715957642,1.5261390209197998,0.8882603049278259,0.8916265368461609,-0.07264677435159683,-0.40917134284973145,0.3542928397655487,1.0122309923171997,1.003260850906372,1.0101476907730103,https://wandb.ai/ememchijioke-university-of-klagenfurt/marl-uav-v0-7-compact-triangle-obstacle/runs/f23wgnom
2026-05-30T11:25:40.779722,94,1,11358.10896910049,0,0,0,MOVE_TRIANGLE_OBSTACLE,1.0,0.055536385625600815,0.023389143869280815,0.021652638912200928,0.711605429649353,0.7730298042297363,0.7535335421562195,0.03344961255788803,0.3454464077949524,0.5799520611763,1,0.07793011725880206,0.056768715381622314,0.08675997704267502,0.3933734893798828,0.40493571758270264,0.021476252004504204,0.12054487317800522,0,0.711605429649353,1,0,1.1132975816726685,-0.04558563232421875,1.0079748630523682,1.538896083831787,0.9069616198539734,0.8940352201461792,-0.07865450531244278,-0.40574532747268677,0.3476429283618927,1.0104148387908936,1.0031564235687256,1.0103533267974854,https://wandb.ai/ememchijioke-university-of-klagenfurt/marl-uav-v0-7-compact-triangle-obstacle/runs/f23wgnom
2026-05-30T11:25:47.432964,95,1,11360.217144167802,0,0,0,MOVE_TRIANGLE_OBSTACLE,1.0,0.052739329636096954,0.02285580150783062,0.02338645855585734,0.7164016962051392,0.775102436542511,0.7614586353302002,0.032659437507390976,0.34841009974479675,0.5787391066551208,1,0.07702882750891149,0.0548149049282074,0.08158152550458908,0.3927011489868164,0.4149753749370575,0.016864441335201263,0.1448412984609604,0,0.7164016962051392,1,0,1.1097668409347534,-0.03925628587603569,1.0082745552062988,1.5364737510681152,0.9017111659049988,0.8911156058311462,-0.07167266309261322,-0.4037211537361145,0.35762497782707214,1.0105046033859253,1.0033166408538818,1.0110026597976685,https://wandb.ai/ememchijioke-university-of-klagenfurt/marl-uav-v0-7-compact-triangle-obstacle/runs/f23wgnom
2026-05-30T11:25:54.363951,96,1,11346.810503737846,0,0,0,MOVE_TRIANGLE_OBSTACLE,1.0,0.05416291952133179,0.02125501073896885,0.020826220512390137,0.7229055166244507,0.7760201096534729,0.7593640685081482,0.03082970716059208,0.3445149064064026,0.5810679793357849,1,0.07841949118301272,0.055776577442884445,0.08150142431259155,0.38774099946022034,0.40722939372062683,0.0149769252166152,0.086894690990448,0,0.7229055166244507,1,0,1.1137337684631348,-0.04422781988978386,1.0078405141830444,1.543773889541626,0.9025026559829712,0.894924521446228,-0.07491591572761536,-0.4085289537906647,0.35076141357421875,1.0107917785644531,1.0026707649230957,1.0100589990615845,https://wandb.ai/ememchijioke-university-of-klagenfurt/marl-uav-v0-7-compact-triangle-obstacle/runs/f23wgnom
2026-05-30T11:26:01.589327,97,1,11349.956432797579,0,0,0,MOVE_TRIANGLE_OBSTACLE,1.0,0.056989267468452454,0.024437034502625465,0.027588268121083576,0.7168592214584351,0.779757022857666,0.7698670029640198,0.034671179950237274,0.34570860862731934,0.5837993621826172,1,0.0775515753775835,0.0590960793197155,0.08895114809274673,0.3781832754611969,0.3933151364326477,0.024616891518235207,0.07575526088476181,0,0.7168592214584351,1,0,1.1125558614730835,-0.04686303809285164,1.0079306364059448,1.5394811630249023,0.9048168063163757,0.8933694362640381,-0.0812976285815239,-0.4145253002643585,0.3552338182926178,1.010556697845459,1.0036581754684448,1.009576678276062,https://wandb.ai/ememchijioke-university-of-klagenfurt/marl-uav-v0-7-compact-triangle-obstacle/runs/f23wgnom
2026-05-30T11:26:08.741007,98,1,11367.47157543807,0,0,0,MOVE_TRIANGLE_OBSTACLE,1.0,0.05837562307715416,0.02509881556034088,0.020265599091847736,0.7043777704238892,0.7640022039413452,0.7488276362419128,0.03703839331865311,0.3439435362815857,0.5780048966407776,1,0.07909416686743498,0.05920025706291199,0.09381041675806046,0.3725145757198334,0.375118613243103,0.018452337011694908,0.11742601543664932,0,0.7043777704238892,1,0,1.1092064380645752,-0.04610689356923103,1.0084422826766968,1.5291942358016968,0.9022834300994873,0.896141767501831,-0.081666499376297,-0.4027070999145508,0.3460529148578644,1.0111089944839478,1.0031224489212036,1.011095404624939,https://wandb.ai/ememchijioke-university-of-klagenfurt/marl-uav-v0-7-compact-triangle-obstacle/runs/f23wgnom
2026-05-30T11:26:15.871202,99,1,11329.665769043642,0,0,0,MOVE_TRIANGLE_OBSTACLE,1.0,0.05380009487271309,0.018901243805885315,0.009448687235514322,0.7250634431838989,0.7514803409576416,0.7519291639328003,0.0262280385941267,0.3429645597934723,0.5756295919418335,1,0.081371134147048,0.05458500608801842,0.07850101590156555,0.3986387252807617,0.4012291431427002,0.02005368284881115,0.13534210622310638,0,0.7250634431838989,1,0,1.1019185781478882,-0.04066155478358269,1.0089186429977417,1.5248372554779053,0.8836584687232971,0.8972598910331726,-0.065648153424263,-0.4040493965148926,0.3477128744125366,1.0125840902328491,1.0030262470245361,1.0111454725265503,https://wandb.ai/ememchijioke-university-of-klagenfurt/marl-uav-v0-7-compact-triangle-obstacle/runs/f23wgnom
2026-05-30T11:26:22.330944,100,1,11391.293682421076,0,0,0,MOVE_TRIANGLE_OBSTACLE,1.0,0.051373083144426346,0.023896271362900734,0.021114468574523926,0.7218936681747437,0.7763419151306152,0.7588951587677002,0.035148002207279205,0.34495261311531067,0.5783539414405823,1,0.07848159689456224,0.053862351924180984,0.08147583156824112,0.3870578706264496,0.3903138339519501,0.01715225540101528,0.1340811550617218,0,0.7218936681747437,1,0,1.1107300519943237,-0.038151632994413376,1.008760929107666,1.5402822494506836,0.8967987895011902,0.8951090574264526,-0.07307381182909012,-0.400112509727478,0.3587314188480377,1.0127135515213013,1.0024558305740356,1.0111135244369507,https://wandb.ai/ememchijioke-university-of-klagenfurt/marl-uav-v0-7-compact-triangle-obstacle/runs/f23wgnom
2026-05-30T11:26:29.242405,101,1,11386.171572335623,0,0,0,MOVE_TRIANGLE_OBSTACLE,1.0,0.05448147654533386,0.02231961488723755,0.01971622308095296,0.7113279700279236,0.7645755410194397,0.7559010982513428,0.03250807896256447,0.34545305371284485,0.5764020681381226,1,0.07902830722741783,0.05560143664479256,0.08481878787279129,0.3807018995285034,0.3859313726425171,0.018640251830220222,0.15405546128749847,0,0.7113279700279236,1,0,1.1083225011825562,-0.040190648287534714,1.0089473724365234,1.530070424079895,0.9006297588348389,0.8942672610282898,-0.07134388387203217,-0.4025302827358246,0.3533022105693817,1.013208270072937,1.0028408765792847,1.0107929706573486,https://wandb.ai/ememchijioke-university-of-klagenfurt/marl-uav-v0-7-compact-triangle-obstacle/runs/f23wgnom
2026-05-30T11:26:36.407278,102,1,11325.123471695186,0,0,0,MOVE_TRIANGLE_OBSTACLE,1.0,0.05523936450481415,0.017081355676054955,0.015993197758992512,0.7269361019134521,0.7609562277793884,0.7639594674110413,0.024418417364358902,0.349476158618927,0.5798776745796204,1,0.0777456690557301,0.05605602264404297,0.07765211164951324,0.39910688996315,0.4155426621437073,0.012357081286609173,0.13032956421375275,0,0.7269361019134521,1,0,1.1007859706878662,-0.041617732495069504,1.0089062452316284,1.5258610248565674,0.8870314359664917,0.8894655108451843,-0.06510257720947266,-0.41183555126190186,0.3520849347114563,1.013430118560791,1.0029839277267456,1.010304570198059,https://wandb.ai/ememchijioke-university-of-klagenfurt/marl-uav-v0-7-compact-triangle-obstacle/runs/f23wgnom
2026-05-30T11:26:43.456105,103,1,11296.13947329027,0,0,0,MOVE_TRIANGLE_OBSTACLE,1.0,0.04931895434856415,0.023688919842243195,0.0184787114461263,0.7234001755714417,0.7680600881576538,0.7607762217521667,0.034287188202142715,0.3446217477321625,0.5773023962974548,1,0.07942241593264043,0.051288019865751266,0.08011355251073837,0.3907698094844818,0.39475852251052856,0.011954915709793568,0.1342700868844986,0,0.7234001755714417,1,0,1.1048897504806519,-0.03721168637275696,1.0089330673217773,1.5313996076583862,0.8875079154968262,0.8957613706588745,-0.07107758522033691,-0.400615930557251,0.360058456659317,1.0129989385604858,1.0022399425506592,1.0115605592727661,https://wandb.ai/ememchijioke-university-of-klagenfurt/marl-uav-v0-7-compact-triangle-obstacle/runs/f23wgnom
2026-05-30T11:26:49.339488,104,1,11236.247490639633,0,0,0,MOVE_TRIANGLE_OBSTACLE,1.0,0.051052212715148926,0.020463623106479645,0.014604747295379639,0.7213658094406128,0.7595549821853638,0.7443749308586121,0.029788779094815254,0.34884026646614075,0.5779532790184021,1,0.07745933951810002,0.05205594375729561,0.07900765538215637,0.3665126860141754,0.37281909584999084,0.012535039335489273,0.08213656395673752,0,0.7213658094406128,1,0,1.1004761457443237,-0.04190307855606079,1.0096383094787598,1.5263938903808594,0.8840893507003784,0.8909448385238647,-0.07119131833314896,-0.399410605430603,0.344892680644989,1.013230800628662,1.0039798021316528,1.011704444885254,https://wandb.ai/ememchijioke-university-of-klagenfurt/marl-uav-v0-7-compact-triangle-obstacle/runs/f23wgnom
2026-05-30T11:26:56.285303,105,1,11365.753175027776,0,0,0,MOVE_TRIANGLE_OBSTACLE,1.0,0.05443054810166359,0.020092634484171867,0.018873910109202068,0.7176840901374817,0.7651844620704651,0.7591213583946228,0.02909514680504799,0.3443828821182251,0.5779509544372559,1,0.07944246288388968,0.05544288828969002,0.08149130642414093,0.39379236102104187,0.41760748624801636,0.01522111613303423,0.11059263348579407,0,0.7176840901374817,1,0,1.1102644205093384,-0.04159889742732048,1.0097017288208008,1.5342142581939697,0.900820791721344,0.895758330821991,-0.06974438577890396,-0.40705984830856323,0.35200753808021545,1.0139154195785522,1.0038437843322754,1.0113459825515747,https://wandb.ai/ememchijioke-university-of-klagenfurt/marl-uav-v0-7-compact-triangle-obstacle/runs/f23wgnom
2026-05-30T11:27:03.458262,106,1,11385.219103904987,0,0,0,MOVE_TRIANGLE_OBSTACLE,1.0,0.055808406323194504,0.029717298224568367,0.027794400850931805,0.7107391357421875,0.7852777242660522,0.7588446140289307,0.043356794863939285,0.34819191694259644,0.582869291305542,1,0.07570638414472342,0.05865592136979103,0.09483889490365982,0.39324715733528137,0.43077388405799866,0.02022070810198784,0.10217934846878052,0,0.7107391357421875,1,0,1.1113632917404175,-0.04428696632385254,1.009385347366333,1.5396525859832764,0.9023880362510681,0.8920493125915527,-0.08748240023851395,-0.4020480811595917,0.3566695749759674,1.0127079486846924,1.0030920505523682,1.0123560428619385,https://wandb.ai/ememchijioke-university-of-klagenfurt/marl-uav-v0-7-compact-triangle-obstacle/runs/f23wgnom
2026-05-30T11:27:10.352234,107,1,11294.808643703363,0,0,0,MOVE_TRIANGLE_OBSTACLE,1.0,0.05236062780022621,0.021944677457213402,0.017434239387512207,0.7189106345176697,0.7668070793151855,0.7455937266349792,0.03241945430636406,0.34894469380378723,0.5778460502624512,1,0.07690957398153841,0.053853511810302734,0.08141885697841644,0.3954704999923706,0.40383008122444153,0.014489807188510895,0.14159543812274933,0,0.7189106345176697,1,0,1.1041184663772583,-0.04054147005081177,1.0090327262878418,1.5315579175949097,0.8902257084846497,0.8905715346336365,-0.07260248064994812,-0.3972831070423126,0.34826117753982544,1.0131016969680786,1.002709984779358,1.0112866163253784,https://wandb.ai/ememchijioke-university-of-klagenfurt/marl-uav-v0-7-compact-triangle-obstacle/runs/f23wgnom
2026-05-30T11:27:16.274301,108,1,11360.948523086832,0,0,0,MOVE_TRIANGLE_OBSTACLE,1.0,0.052886299788951874,0.02366606332361698,0.022540966669718426,0.7174739241600037,0.7732214331626892,0.7618753910064697,0.03467104956507683,0.34433260560035706,0.5787318348884583,1,0.07891309796832502,0.05479544401168823,0.08413300663232803,0.4022881090641022,0.4197782874107361,0.017016971483826637,0.03594018146395683,0,0.7174739241600037,1,0,1.1108434200286865,-0.04012342169880867,1.0093653202056885,1.53695547580719,0.8997452259063721,0.8958294987678528,-0.0743354931473732,-0.40393054485321045,0.35789576172828674,1.0134272575378418,1.0034767389297485,1.0111920833587646,https://wandb.ai/ememchijioke-university-of-klagenfurt/marl-uav-v0-7-compact-triangle-obstacle/runs/f23wgnom
2026-05-30T11:27:22.773060,109,1,11294.269736020828,0,0,0,MOVE_TRIANGLE_OBSTACLE,1.0,0.05454098433256149,0.020548084750771523,0.02289573351542155,0.7299841642379761,0.7746222019195557,0.7740491628646851,0.029228834435343742,0.34871992468833923,0.5841876268386841,1,0.07683538412675261,0.056351859122514725,0.08051514625549316,0.3859405815601349,0.41167426109313965,0.020405912771821022,0.0977390930056572,0,0.7299841642379761,1,0,1.1047998666763306,-0.04386921599507332,1.0087612867355347,1.53413987159729,0.8902228474617004,0.8900367617607117,-0.07272680848836899,-0.4164523184299469,0.35757148265838623,1.0133578777313232,1.0033292770385742,1.0095964670181274,https://wandb.ai/ememchijioke-university-of-klagenfurt/marl-uav-v0-7-compact-triangle-obstacle/runs/f23wgnom
2026-05-30T11:27:29.866693,110,1,11302.35840446709,0,0,0,MOVE_TRIANGLE_OBSTACLE,1.0,0.05442382022738457,0.020754974335432053,0.015511612097422281,0.7261940836906433,0.7665200233459473,0.7562088966369629,0.03033873438835144,0.3469175100326538,0.5803951025009155,1,0.07796867215074599,0.05568206310272217,0.08152478188276291,0.3987458646297455,0.41050803661346436,0.010815110057592392,0.14368924498558044,0,0.7261940836906433,1,0,1.1036309003829956,-0.04275071620941162,1.009304165840149,1.531768560409546,0.886570930480957,0.8925530910491943,-0.07271508872509003,-0.4058440625667572,0.35030698776245117,1.013675332069397,1.0035260915756226,1.0107110738754272,https://wandb.ai/ememchijioke-university-of-klagenfurt/marl-uav-v0-7-compact-triangle-obstacle/runs/f23wgnom
2026-05-30T11:27:37.011695,111,1,11295.46645164758,0,0,0,MOVE_TRIANGLE_OBSTACLE,1.0,0.05821547284722328,0.024104610085487366,0.02045893669128418,0.7228406667709351,0.7713906764984131,0.7628268003463745,0.03545215725898743,0.3437381386756897,0.5842849612236023,1,0.07870633527636528,0.0593305267393589,0.09135941416025162,0.3959723711013794,0.4246298372745514,0.012038353830575943,0.12184835225343704,0,0.7228406667709351,1,0,1.106261134147644,-0.0493270643055439,1.0084545612335205,1.5333887338638306,0.8896619081497192,0.8957326412200928,-0.08446180075407028,-0.4131462574005127,0.3496268689632416,1.0122169256210327,1.003218173980713,1.0099284648895264,https://wandb.ai/ememchijioke-university-of-klagenfurt/marl-uav-v0-7-compact-triangle-obstacle/runs/f23wgnom
2026-05-30T11:27:43.875773,112,1,11300.383318464555,0,0,0,MOVE_TRIANGLE_OBSTACLE,1.0,0.04959644749760628,0.024103529751300812,0.022860606511433918,0.7115934491157532,0.7679745554924011,0.7622007131576538,0.03528258949518204,0.34340810775756836,0.5778035521507263,1,0.07969938358291984,0.05068610981106758,0.08373264223337173,0.37754157185554504,0.39674893021583557,0.02130710333585739,0.05002762749791145,0,0.7115934491157532,1,0,1.109848976135254,-0.04101476073265076,1.0096808671951294,1.5315862894058228,0.9012256860733032,0.8967349529266357,-0.07505188882350922,-0.40507468581199646,0.3570822775363922,1.0139307975769043,1.0041486024856567,1.0109635591506958,https://wandb.ai/ememchijioke-university-of-klagenfurt/marl-uav-v0-7-compact-triangle-obstacle/runs/f23wgnom
2026-05-30T11:27:49.664536,113,1,11321.647618757761,0,0,0,MOVE_TRIANGLE_OBSTACLE,1.0,0.05256841704249382,0.020876765251159668,0.024009227752685547,0.7213566899299622,0.7754220366477966,0.7679623365402222,0.028898529708385468,0.3499779999256134,0.5830188393592834,1,0.0759970520157367,0.05424134060740471,0.07943946868181229,0.36673927307128906,0.37098389863967896,0.015739591792225838,0.09890734404325485,0,0.7213566899299622,1,0,1.1089543104171753,-0.04397761821746826,1.0098962783813477,1.536614179611206,0.9010396003723145,0.8892091512680054,-0.07254547625780106,-0.4136190712451935,0.35423168540000916,1.0135741233825684,1.005255103111267,1.0108593702316284,https://wandb.ai/ememchijioke-university-of-klagenfurt/marl-uav-v0-7-compact-triangle-obstacle/runs/f23wgnom
2026-05-30T11:27:56.094548,114,1,11349.748361538885,0,0,0,MOVE_TRIANGLE_OBSTACLE,1.0,0.05213421210646629,0.024571729823946953,0.028446813424428303,0.711784303188324,0.7761479616165161,0.7709767818450928,0.03223090618848801,0.3486291766166687,0.5797422528266907,1,0.07690841401927173,0.05475485324859619,0.08217699825763702,0.38335636258125305,0.3955979645252228,0.01548591535538435,0.1583424061536789,0,0.711784303188324,1,0,1.1118277311325073,-0.03992930054664612,1.009411096572876,1.5353975296020508,0.9093495011329651,0.8907361030578613,-0.07116183638572693,-0.4096733331680298,0.36104726791381836,1.0141029357910156,1.003580927848816,1.0105493068695068,https://wandb.ai/ememchijioke-university-of-klagenfurt/marl-uav-v0-7-compact-triangle-obstacle/runs/f23wgnom
2026-05-30T11:28:03.414016,115,1,11301.99521006344,0,0,0,MOVE_TRIANGLE_OBSTACLE,1.0,0.05393557995557785,0.019791379570961,0.01720537741978963,0.712668776512146,0.7545903921127319,0.759694516658783,0.02884206920862198,0.3444886803627014,0.577003002166748,1,0.08027157513424754,0.05428710952401161,0.08248502016067505,0.3821585476398468,0.3901534378528595,0.010817072354257107,0.08892181515693665,0,0.712668776512146,1,0,1.105244755744934,-0.04328716918826103,1.0094541311264038,1.5230849981307983,0.8974490165710449,0.8951999545097351,-0.06907718628644943,-0.4102238714694977,0.3494395613670349,1.0137994289398193,1.0040357112884521,1.0105273723602295,https://wandb.ai/ememchijioke-university-of-klagenfurt/marl-uav-v0-7-compact-triangle-obstacle/runs/f23wgnom
2026-05-30T11:28:10.268922,116,1,11306.561392514302,0,0,0,MOVE_TRIANGLE_OBSTACLE,1.0,0.0525335855782032,0.02286541275680065,0.022744675477345783,0.7269562482833862,0.7686351537704468,0.7765551209449768,0.03210725262761116,0.3464648723602295,0.5806282162666321,1,0.07875375309959054,0.05462998151779175,0.08156366646289825,0.3705350458621979,0.3792644143104553,0.02015153132379055,0.10944369435310364,0,0.7269562482833862,1,0,1.1020556688308716,-0.03894193097949028,1.009543776512146,1.5271610021591187,0.8852531909942627,0.893752932548523,-0.07039692252874374,-0.41144946217536926,0.36502060294151306,1.0137273073196411,1.0035814046859741,1.0113226175308228,https://wandb.ai/ememchijioke-university-of-klagenfurt/marl-uav-v0-7-compact-triangle-obstacle/runs/f23wgnom
2026-05-30T11:28:16.994387,117,1,11353.3272160534,0,0,0,MOVE_TRIANGLE_OBSTACLE,1.0,0.050772525370121,0.018188664689660072,0.021672407786051433,0.7257595062255859,0.7665189504623413,0.7742577791213989,0.023209774866700172,0.3437424600124359,0.5784128308296204,1,0.08031279034912586,0.05240319296717644,0.07210267335176468,0.394054651260376,0.4082709848880768,0.019133545458316803,0.16073989868164062,0,0.7257595062255859,1,0,1.1132899522781372,-0.039227813482284546,1.009793758392334,1.538162112236023,0.9047458171844482,0.8969622254371643,-0.061178047209978104,-0.41534262895584106,0.3588372468948364,1.013102650642395,1.0042636394500732,1.0120149850845337,https://wandb.ai/ememchijioke-university-of-klagenfurt/marl-uav-v0-7-compact-triangle-obstacle/runs/f23wgnom
2026-05-30T11:28:24.009596,118,1,11356.908459699693,0,0,0,MOVE_TRIANGLE_OBSTACLE,1.0,0.056007906794548035,0.018017766997218132,0.019516825675964355,0.7253537178039551,0.7745499610900879,0.7593542337417603,0.02384236454963684,0.34941259026527405,0.582999050617218,1,0.07604969828389585,0.05739794299006462,0.07675905525684357,0.39845240116119385,0.41001632809638977,0.01869732327759266,0.1640457957983017,0,0.7253537178039551,1,0,1.1135345697402954,-0.045996617525815964,1.0096462965011597,1.544348120689392,0.9059485793113708,0.8903072476387024,-0.06955662369728088,-0.4137934148311615,0.3453601896762848,1.0132131576538086,1.0039910078048706,1.0117343664169312,https://wandb.ai/ememchijioke-university-of-klagenfurt/marl-uav-v0-7-compact-triangle-obstacle/runs/f23wgnom
2026-05-30T11:28:30.636302,119,1,11236.790660394037,0,0,0,MOVE_TRIANGLE_OBSTACLE,1.0,0.05246501788496971,0.02003256417810917,0.01597195863723755,0.7162976861000061,0.7521083354949951,0.7621052265167236,0.028962748125195503,0.34784990549087524,0.5776751637458801,1,0.07912711892277002,0.05286392942070961,0.08114565163850784,0.3922049105167389,0.4105200469493866,0.013375702314078808,0.15396419167518616,0,0.7162976861000061,1,0,1.0981545448303223,-0.042168278247117996,1.0091466903686523,1.5158864259719849,0.8866892457008362,0.891887903213501,-0.06806805729866028,-0.41023683547973633,0.3518000543117523,1.013334035873413,1.0026646852493286,1.0114411115646362,https://wandb.ai/ememchijioke-university-of-klagenfurt/marl-uav-v0-7-compact-triangle-obstacle/runs/f23wgnom
2026-05-30T11:28:37.099665,120,1,11286.16589389524,0,0,0,MOVE_TRIANGLE_OBSTACLE,1.0,0.04943793639540672,0.02192622236907482,0.023675541083017986,0.733116865158081,0.7796167731285095,0.7745267152786255,0.031320031732320786,0.3488190472126007,0.5825917720794678,1,0.07674221997149289,0.05232642963528633,0.07584575563669205,0.3792053461074829,0.38175347447395325,0.019695434719324112,0.13381682336330414,0,0.733116865158081,1,0,1.1067147254943848,-0.03875361755490303,1.009199857711792,1.5390021800994873,0.8898378014564514,0.8913041353225708,-0.06987427920103073,-0.4104357361793518,0.36404916644096375,1.0118862390518188,1.0038979053497314,1.0118153095245361,https://wandb.ai/ememchijioke-university-of-klagenfurt/marl-uav-v0-7-compact-triangle-obstacle/runs/f23wgnom
2026-05-30T11:28:44.253343,121,1,11282.70555095626,0,0,0,MOVE_TRIANGLE_OBSTACLE,1.0,0.055104516446590424,0.021102076396346092,0.02355291446050008,0.7211078405380249,0.7654349207878113,0.7763316631317139,0.029041655361652374,0.3475874364376068,0.5818330645561218,1,0.07821605214849114,0.05647658929228783,0.08294544368982315,0.3971931040287018,0.40442827343940735,0.013942931778728962,0.09525241702795029,0,0.7211078405380249,1,0,1.103811264038086,-0.04381746053695679,1.0089677572250366,1.5257225036621094,0.8933510184288025,0.8923603296279907,-0.07159818708896637,-0.418073445558548,0.3582192659378052,1.0114617347717285,1.0038636922836304,1.0115774869918823,https://wandb.ai/ememchijioke-university-of-klagenfurt/marl-uav-v0-7-compact-triangle-obstacle/runs/f23wgnom
2026-05-30T11:28:51.230481,122,1,11292.691642065045,0,0,0,MOVE_TRIANGLE_OBSTACLE,1.0,0.05086128041148186,0.02266092039644718,0.026215593020121258,0.7276946902275085,0.7720198631286621,0.7843216061592102,0.032006025314331055,0.3481341302394867,0.5815905332565308,1,0.07797667244449258,0.0536450557410717,0.0779140293598175,0.3755587041378021,0.39167657494544983,0.02174423821270466,0.10290348529815674,0,0.7276946902275085,1,0,1.1041971445083618,-0.038606613874435425,1.0092182159423828,1.5295348167419434,0.8906943798065186,0.892362117767334,-0.06779409945011139,-0.41615092754364014,0.36812517046928406,1.0120352506637573,1.0036693811416626,1.011949896812439,https://wandb.ai/ememchijioke-university-of-klagenfurt/marl-uav-v0-7-compact-triangle-obstacle/runs/f23wgnom
2026-05-30T11:28:58.235336,123,1,11286.488347158074,0,0,0,MOVE_TRIANGLE_OBSTACLE,1.0,0.04738764837384224,0.020504502579569817,0.020788729190826416,0.7223454117774963,0.7668556571006775,0.7678559422492981,0.029342854395508766,0.3481210768222809,0.5765672326087952,1,0.07841221010312438,0.0492694266140461,0.07400496304035187,0.4096924066543579,0.4187852144241333,0.009739035740494728,0.09608686715364456,0,0.7223454117774963,1,0,1.1049939393997192,-0.034522831439971924,1.00961172580719,1.5295997858047485,0.8927828073501587,0.8925992250442505,-0.06323131918907166,-0.4040692448616028,0.36373206973075867,1.0123919248580933,1.003641128540039,1.0128018856048584,https://wandb.ai/ememchijioke-university-of-klagenfurt/marl-uav-v0-7-compact-triangle-obstacle/runs/f23wgnom
2026-05-30T11:29:05.436983,124,1,11347.639883462836,0,0,0,MOVE_TRIANGLE_OBSTACLE,1.0,0.054901719093322754,0.021372482180595398,0.02531367540359497,0.7219768166542053,0.7695856094360352,0.7783322334289551,0.027846110984683037,0.34471774101257324,0.5813263058662415,1,0.07928036362864077,0.056869085878133774,0.08108726143836975,0.38759517669677734,0.4120166599750519,0.01988079957664013,0.07315930724143982,0,0.7219768166542053,1,0,1.1111948490142822,-0.04302290081977844,1.009329915046692,1.534753680229187,0.9025639891624451,0.8962668776512146,-0.0700342208147049,-0.4186452329158783,0.35961076617240906,1.0114047527313232,1.0038455724716187,1.0127394199371338,https://wandb.ai/ememchijioke-university-of-klagenfurt/marl-uav-v0-7-compact-triangle-obstacle/runs/f23wgnom
2026-05-30T11:29:12.429212,125,1,11348.03728843927,0,0,0,MOVE_TRIANGLE_OBSTACLE,1.0,0.04541659727692604,0.024615472182631493,0.02882210413614909,0.7172127366065979,0.7819594144821167,0.7717196345329285,0.03320461884140968,0.34723803400993347,0.5777871012687683,1,0.07751252083107829,0.04914591833949089,0.07487478852272034,0.38021349906921387,0.3931315541267395,0.021084537729620934,0.1095581129193306,0,0.7172127366065979,1,0,1.115796685218811,-0.034321725368499756,1.0094475746154785,1.5434885025024414,0.9099929332733154,0.8939084410667419,-0.06737052649259567,-0.4035453796386719,0.3679507374763489,1.0116827487945557,1.0036875009536743,1.0129722356796265,https://wandb.ai/ememchijioke-university-of-klagenfurt/marl-uav-v0-7-compact-triangle-obstacle/runs/f23wgnom
2026-05-30T11:29:19.608301,126,1,11349.778915088835,0,0,0,MOVE_TRIANGLE_OBSTACLE,1.0,0.04348387196660042,0.024859925732016563,0.027064462502797444,0.7136530876159668,0.773998498916626,0.7708479762077332,0.03531927987933159,0.3446643352508545,0.5726206302642822,1,0.07991999760270119,0.047251611948013306,0.07464710623025894,0.3789708912372589,0.3874031603336334,0.02147110365331173,0.12062927335500717,0,0.7136530876159668,1,0,1.1122360229492188,-0.02831467054784298,1.0089539289474487,1.5354162454605103,0.9045423865318298,0.8967493772506714,-0.06288653612136841,-0.3964098393917084,0.374352365732193,1.0113471746444702,1.003528356552124,1.0119861364364624,https://wandb.ai/ememchijioke-university-of-klagenfurt/marl-uav-v0-7-compact-triangle-obstacle/runs/f23wgnom
2026-05-30T11:29:26.461427,127,1,11288.03753952128,0,0,0,MOVE_TRIANGLE_OBSTACLE,1.0,0.04886169731616974,0.022690093144774437,0.021807928880055744,0.7241413593292236,0.7671688795089722,0.7723962664604187,0.0325438529253006,0.343978613615036,0.5779092311859131,1,0.08014987828209996,0.0508706271648407,0.07876314222812653,0.38904890418052673,0.4036099910736084,0.013469339348375797,0.10678007453680038,0,0.7241413593292236,1,0,1.1054459810256958,-0.03700484707951546,1.0091954469680786,1.5297133922576904,0.8894593119621277,0.8971652388572693,-0.06895890831947327,-0.407181978225708,0.3651263415813446,1.0114710330963135,1.0036851167678833,1.012430191040039,https://wandb.ai/ememchijioke-university-of-klagenfurt/marl-uav-v0-7-compact-triangle-obstacle/runs/f23wgnom
2026-05-30T11:29:33.036642,128,1,11295.191786113519,0,0,0,MOVE_TRIANGLE_OBSTACLE,1.0,0.04809066280722618,0.02304401434957981,0.024560292561848957,0.7242518663406372,0.7754250764846802,0.7725076675415039,0.03276029974222183,0.34939712285995483,0.579559326171875,1,0.07694768509827554,0.05096239224076271,0.07706530392169952,0.38933292031288147,0.40644097328186035,0.018008394166827202,0.116852305829525,0,0.7242518663406372,1,0,1.1054426431655884,-0.03601769730448723,1.0090378522872925,1.5330036878585815,0.892288863658905,0.8910354375839233,-0.06848850101232529,-0.4060021638870239,0.3664375841617584,1.012634515762329,1.002155065536499,1.0123238563537598,https://wandb.ai/ememchijioke-university-of-klagenfurt/marl-uav-v0-7-compact-triangle-obstacle/runs/f23wgnom
2026-05-30T11:29:40.153017,129,1,11343.897661174822,0,0,0,MOVE_TRIANGLE_OBSTACLE,1.0,0.051941413432359695,0.022628242149949074,0.02221471071243286,0.7192791104316711,0.7726739048957825,0.7632493376731873,0.03263537213206291,0.3466329872608185,0.5781453251838684,1,0.0780801484361291,0.054096926003694534,0.08067528903484344,0.39753782749176025,0.40164434909820557,0.011524400673806667,0.06524142622947693,0,0.7192791104316711,1,0,1.1098634004592896,-0.0380001962184906,1.0094119310379028,1.5363155603408813,0.8988466262817383,0.8944281339645386,-0.07035727798938751,-0.40340563654899597,0.3597623407840729,1.0117571353912354,1.0031232833862305,1.0133552551269531,https://wandb.ai/ememchijioke-university-of-klagenfurt/marl-uav-v0-7-compact-triangle-obstacle/runs/f23wgnom
2026-05-30T11:29:46.309682,130,1,11283.943382103325,0,0,0,MOVE_TRIANGLE_OBSTACLE,1.0,0.04662254452705383,0.025492459535598755,0.02783304452896118,0.7174360156059265,0.7745519280433655,0.7763832211494446,0.03658387064933777,0.34702110290527344,0.5781607031822205,1,0.07825016742572188,0.0499538816511631,0.08030417561531067,0.3915715217590332,0.418313592672348,0.02103072963654995,0.13630954921245575,0,0.7174360156059265,1,0,1.1065196990966797,-0.03486907482147217,1.0094190835952759,1.530108094215393,0.8953896760940552,0.8940613865852356,-0.07076722383499146,-0.40508556365966797,0.3712455630302429,1.0123504400253296,1.0035066604614258,1.0124001502990723,https://wandb.ai/ememchijioke-university-of-klagenfurt/marl-uav-v0-7-compact-triangle-obstacle/runs/f23wgnom
2026-05-30T11:29:53.300735,131,1,11349.29458813517,0,0,0,MOVE_TRIANGLE_OBSTACLE,1.0,0.049699485301971436,0.025203144177794456,0.027993659178415935,0.7195013761520386,0.7762027978897095,0.7772795557975769,0.0358894057571888,0.3445819616317749,0.5783006548881531,1,0.07923464896157384,0.05330687761306763,0.08160603791475296,0.3900570869445801,0.40657946467399597,0.017955133691430092,0.11916907876729965,0,0.7195013761520386,1,0,1.1105421781539917,-0.03563078120350838,1.0090031623840332,1.5354375839233398,0.8989308476448059,0.8972582817077637,-0.07111252844333649,-0.4064949154853821,0.37071508169174194,1.0107463598251343,1.0029995441436768,1.0132637023925781,https://wandb.ai/ememchijioke-university-of-klagenfurt/marl-uav-v0-7-compact-triangle-obstacle/runs/f23wgnom
2026-05-30T11:29:59.702766,132,1,11343.76869729293,0,0,0,MOVE_TRIANGLE_OBSTACLE,1.0,0.05114111304283142,0.023985913023352623,0.02682010332743327,0.7220022082328796,0.7770901322364807,0.7753723859786987,0.03431243821978569,0.3461964428424835,0.5793406367301941,1,0.0783339908812195,0.05444464087486267,0.08097584545612335,0.3925964832305908,0.40611588954925537,0.008670873939990997,0.1239541545510292,0,0.7220022082328796,1,0,1.1095696687698364,-0.036842357367277145,1.0085207223892212,1.5362639427185059,0.8974875807762146,0.8949573040008545,-0.07097092270851135,-0.40743184089660645,0.36787569522857666,1.0098079442977905,1.0030235052108765,1.0127309560775757,https://wandb.ai/ememchijioke-university-of-klagenfurt/marl-uav-v0-7-compact-triangle-obstacle/runs/f23wgnom
2026-05-30T11:30:06.554988,133,1,11345.601000337789,0,0,0,MOVE_TRIANGLE_OBSTACLE,1.0,0.048444099724292755,0.02414192259311676,0.026569167772928875,0.7313082218170166,0.7832137942314148,0.7778019309043884,0.03416891023516655,0.3459166884422302,0.5805348753929138,1,0.07808015099726617,0.052804041653871536,0.07608811557292938,0.396043062210083,0.40299221873283386,0.019036851823329926,0.12170401960611343,0,0.7313082218170166,1,0,1.111843228340149,-0.03498848155140877,1.0094114542007446,1.5440250635147095,0.8954463601112366,0.8960580825805664,-0.06904464960098267,-0.406825453042984,0.3709046542644501,1.011123538017273,1.0032799243927002,1.0138311386108398,https://wandb.ai/ememchijioke-university-of-klagenfurt/marl-uav-v0-7-compact-triangle-obstacle/runs/f23wgnom
2026-05-30T11:30:13.683412,134,1,11289.27439988977,0,0,0,MOVE_TRIANGLE_OBSTACLE,1.0,0.046950601041316986,0.023385843262076378,0.025935014088948567,0.7272855639457703,0.7697031497955322,0.7853874564170837,0.03305147960782051,0.3436738848686218,0.5792853236198425,1,0.08039828343316913,0.04994827136397362,0.07500273734331131,0.39118432998657227,0.4130494296550751,0.022652635350823402,0.11474335193634033,0,0.7272855639457703,1,0,1.1084247827529907,-0.036897122859954834,1.0090866088867188,1.532450795173645,0.8942512273788452,0.8985722661018372,-0.06620767712593079,-0.41488996148109436,0.37040627002716064,1.010789155960083,1.0026520490646362,1.0138188600540161,https://wandb.ai/ememchijioke-university-of-klagenfurt/marl-uav-v0-7-compact-triangle-obstacle/runs/f23wgnom
2026-05-30T11:30:20.378433,135,1,11347.902179913612,0,0,0,MOVE_TRIANGLE_OBSTACLE,1.0,0.05195643752813339,0.026732437312602997,0.02892567714055379,0.7164662480354309,0.7836352586746216,0.7696080207824707,0.038048237562179565,0.3462670147418976,0.5819675922393799,1,0.07717620604671538,0.05510786175727844,0.0863487720489502,0.40525636076927185,0.40789932012557983,0.01415856834501028,0.14809982478618622,0,0.7164662480354309,1,0,1.1146081686019897,-0.04185030981898308,1.009172797203064,1.5427206754684448,0.9056532979011536,0.8954505920410156,-0.07983849942684174,-0.4075845777988434,0.361872136592865,1.0101745128631592,1.0029979944229126,1.0143457651138306,https://wandb.ai/ememchijioke-university-of-klagenfurt/marl-uav-v0-7-compact-triangle-obstacle/runs/f23wgnom
2026-05-30T11:30:27.062739,136,1,11343.686041481422,0,0,0,MOVE_TRIANGLE_OBSTACLE,1.0,0.050858817994594574,0.023388827219605446,0.02798418203989665,0.7241053581237793,0.7806563973426819,0.7774015069007874,0.03253201022744179,0.3454228639602661,0.5816275477409363,1,0.07820510864257812,0.0540902204811573,0.07964955270290375,0.3929589092731476,0.40312913060188293,0.013317557983100414,0.09457132965326309,0,0.7241053581237793,1,0,1.1139957904815674,-0.04009057953953743,1.0088943243026733,1.5426428318023682,0.9033026099205017,0.8960419297218323,-0.07258708775043488,-0.41249552369117737,0.36481088399887085,1.0095857381820679,1.003674030303955,1.013422966003418,https://wandb.ai/ememchijioke-university-of-klagenfurt/marl-uav-v0-7-compact-triangle-obstacle/runs/f23wgnom
2026-05-30T11:30:33.660940,137,1,11288.87023032416,0,0,0,MOVE_TRIANGLE_OBSTACLE,1.0,0.04875699803233147,0.025228023529052734,0.024634559949239094,0.714661717414856,0.768486499786377,0.7700788974761963,0.036683328449726105,0.3486197590827942,0.5764721035957336,1,0.07801588904112577,0.05150918662548065,0.0822233185172081,0.3987661302089691,0.4194636642932892,0.007403194904327393,0.1497449427843094,0,0.714661717414856,1,0,1.102506160736084,-0.03429116681218147,1.0089174509048462,1.5239006280899048,0.8908253312110901,0.8927924633026123,-0.06993880122900009,-0.40146905183792114,0.3685343563556671,1.009842872619629,1.0031541585922241,1.0137550830841064,https://wandb.ai/ememchijioke-university-of-klagenfurt/marl-uav-v0-7-compact-triangle-obstacle/runs/f23wgnom
2026-05-30T11:30:40.817369,138,1,11351.59209062839,0,0,0,MOVE_TRIANGLE_OBSTACLE,1.0,0.051400214433670044,0.020038239657878876,0.023377954959869385,0.7263185381889343,0.7685077786445618,0.7779446244239807,0.027375368401408195,0.34869617223739624,0.5774960517883301,1,0.07841719221323729,0.05407267436385155,0.0740012377500534,0.3834091126918793,0.39104127883911133,0.016447335481643677,0.09333804994821548,0,0.7263185381889343,1,0,1.1064847707748413,-0.0338607132434845,1.0093828439712524,1.5314102172851562,0.8950627446174622,0.8929813504219055,-0.05975119024515152,-0.40985360741615295,0.3680226504802704,1.0095957517623901,1.0042250156402588,1.014328122138977,https://wandb.ai/ememchijioke-university-of-klagenfurt/marl-uav-v0-7-compact-triangle-obstacle/runs/f23wgnom
2026-05-30T11:30:47.683678,139,1,11340.00778139443,0,0,0,MOVE_TRIANGLE_OBSTACLE,1.0,0.05056852102279663,0.026579059660434723,0.028362731138865154,0.7168773412704468,0.7836031913757324,0.7683623433113098,0.03857593610882759,0.3451829254627228,0.5805196762084961,1,0.0779055927414447,0.053790342062711716,0.08504202961921692,0.39123010635375977,0.4076290428638458,0.023073246702551842,0.13863982260227203,0,0.7168773412704468,1,0,1.1142572164535522,-0.04008052870631218,1.008129596710205,1.542709469795227,0.9044244289398193,0.8956376910209656,-0.07862412929534912,-0.40494054555892944,0.3633230924606323,1.0084432363510132,1.0036580562591553,1.0122877359390259,https://wandb.ai/ememchijioke-university-of-klagenfurt/marl-uav-v0-7-compact-triangle-obstacle/runs/f23wgnom
2026-05-30T11:30:54.240630,140,1,11350.450304205035,0,0,0,MOVE_TRIANGLE_OBSTACLE,1.0,0.05461452156305313,0.026709211990237236,0.02974770466486613,0.7155254483222961,0.7788231372833252,0.7759454250335693,0.03878503292798996,0.34834685921669006,0.5807883143424988,1,0.07700210553593934,0.05814973637461662,0.08883883059024811,0.39906468987464905,0.4041219651699066,0.010565370321273804,0.10317161679267883,0,0.7155254483222961,1,0,1.1066023111343384,-0.03891471028327942,1.008354663848877,1.5310925245285034,0.8964130878448486,0.8923012614250183,-0.07730508595705032,-0.40766531229019165,0.3682262599468231,1.008671760559082,1.0041122436523438,1.012279987335205,https://wandb.ai/ememchijioke-university-of-klagenfurt/marl-uav-v0-7-compact-triangle-obstacle/runs/f23wgnom
2026-05-30T11:31:01.395913,141,1,11287.748695296894,0,0,0,MOVE_TRIANGLE_OBSTACLE,1.0,0.04812697321176529,0.019228613004088402,0.022348225116729736,0.7259244322776794,0.7724491357803345,0.7705199718475342,0.027489038184285164,0.3497318923473358,0.5791986584663391,1,0.07719030976295471,0.05022135749459267,0.07235588133335114,0.3950289189815521,0.401396244764328,0.01232563704252243,0.10386701673269272,0,0.7259244322776794,1,0,1.106652855873108,-0.03720244765281677,1.008421778678894,1.5344159603118896,0.8952577710151672,0.8902850151062012,-0.06459791213274002,-0.4087415337562561,0.3617320954799652,1.0080580711364746,1.005184531211853,1.0120227336883545,https://wandb.ai/ememchijioke-university-of-klagenfurt/marl-uav-v0-7-compact-triangle-obstacle/runs/f23wgnom
2026-05-30T11:31:08.451175,142,1,11351.975129004735,0,0,0,MOVE_TRIANGLE_OBSTACLE,1.0,0.049868278205394745,0.021338606253266335,0.02587878704071045,0.7207560539245605,0.7709324955940247,0.7774599194526672,0.02746047079563141,0.3478412926197052,0.5773518085479736,1,0.07852284656837583,0.0526592917740345,0.07452257722616196,0.3788449466228485,0.3995707333087921,0.01601344533264637,0.11249208450317383,0,0.7207560539245605,1,0,1.1096760034561157,-0.03521306440234184,1.008291244506836,1.5335160493850708,0.90265291929245,0.892859160900116,-0.061971817165613174,-0.4105093479156494,0.36684197187423706,1.0086109638214111,1.0038607120513916,1.0124019384384155,https://wandb.ai/ememchijioke-university-of-klagenfurt/marl-uav-v0-7-compact-triangle-obstacle/runs/f23wgnom
2026-05-30T11:31:15.463320,143,1,11348.77327133946,0,0,0,MOVE_TRIANGLE_OBSTACLE,1.0,0.04579422250390053,0.026893196627497673,0.02518606185913086,0.7014921307563782,0.7686262726783752,0.7584240436553955,0.0388067290186882,0.3446640372276306,0.5709503293037415,1,0.07988951075822115,0.04824301600456238,0.08156025409698486,0.3943088948726654,0.42305871844291687,0.014717738144099712,0.2330584079027176,0,0.7014921307563782,1,0,1.1116069555282593,-0.031240055337548256,1.0084768533706665,1.5303529500961304,0.9078885912895203,0.8965791463851929,-0.06837911158800125,-0.39181753993034363,0.36647647619247437,1.0084437131881714,1.004328727722168,1.012657880783081,https://wandb.ai/ememchijioke-university-of-klagenfurt/marl-uav-v0-7-compact-triangle-obstacle/runs/f23wgnom
2026-05-30T11:31:22.346355,144,1,11348.91626038476,0,0,0,MOVE_TRIANGLE_OBSTACLE,1.0,0.04619567096233368,0.02122735045850277,0.024445494016011555,0.7316290736198425,0.7817136645317078,0.7732518911361694,0.030536893755197525,0.34930920600891113,0.5776417851448059,1,0.07708912645466626,0.050352584570646286,0.0686807706952095,0.3857386112213135,0.4003342092037201,0.025057971477508545,0.11366831511259079,0,0.7316290736198425,1,0,1.1101633310317993,-0.03022523783147335,1.0086920261383057,1.5430450439453125,0.89576256275177,0.8916826248168945,-0.06062237173318863,-0.40162327885627747,0.3715699315071106,1.0091520547866821,1.0041602849960327,1.0127637386322021,https://wandb.ai/ememchijioke-university-of-klagenfurt/marl-uav-v0-7-compact-triangle-obstacle/runs/f23wgnom
2026-05-30T11:31:28.556657,145,1,11344.063978138074,0,0,0,MOVE_TRIANGLE_OBSTACLE,1.0,0.04726118966937065,0.022470533847808838,0.024964253107706707,0.7240645289421082,0.7743533849716187,0.7746039032936096,0.03252604603767395,0.34320729970932007,0.5763781070709229,1,0.08033609436824918,0.05051165819168091,0.07533705234527588,0.39302483201026917,0.41614508628845215,0.008760902099311352,0.11266854405403137,0,0.7240645289421082,1,0,1.1114892959594727,-0.03324795886874199,1.008440613746643,1.5381498336791992,0.8982491493225098,0.8980689644813538,-0.06558728218078613,-0.4043598473072052,0.37020325660705566,1.0094200372695923,1.0039738416671753,1.0119280815124512,https://wandb.ai/ememchijioke-university-of-klagenfurt/marl-uav-v0-7-compact-triangle-obstacle/runs/f23wgnom
2026-05-30T11:31:35.668409,146,1,11289.189944489117,0,0,0,MOVE_TRIANGLE_OBSTACLE,1.0,0.045300524681806564,0.020204411819577217,0.020149747530619305,0.7157900333404541,0.7588242292404175,0.7674150466918945,0.02883588708937168,0.3466564416885376,0.5721001029014587,1,0.08045569388195872,0.046854663640260696,0.07248275727033615,0.39762070775032043,0.4148675501346588,0.020380305126309395,0.08104586601257324,0,0.7157900333404541,1,0,1.104253888130188,-0.031281728297472,1.0081100463867188,1.5233792066574097,0.895488440990448,0.8938940763473511,-0.05798251926898956,-0.40161609649658203,0.3657534122467041,1.0086745023727417,1.0037245750427246,1.01193106174469,https://wandb.ai/ememchijioke-university-of-klagenfurt/marl-uav-v0-7-compact-triangle-obstacle/runs/f23wgnom
2026-05-30T11:31:42.825912,147,1,11286.700267870527,0,0,0,MOVE_TRIANGLE_OBSTACLE,1.0,0.044827900826931,0.020069213584065437,0.024533907572428387,0.729093611240387,0.7695730924606323,0.7831222414970398,0.02885841764509678,0.34496358036994934,0.5778042674064636,1,0.08027309365570545,0.047438208013772964,0.067632757127285,0.379765123128891,0.3900386095046997,0.013718708418309689,0.11220625042915344,0,0.729093611240387,1,0,1.109419584274292,-0.035350311547517776,1.0073058605194092,1.5348701477050781,0.8981560468673706,0.8952324986457825,-0.059585776180028915,-0.4147770404815674,0.36831188201904297,1.0073931217193604,1.003958821296692,1.0105655193328857,https://wandb.ai/ememchijioke-university-of-klagenfurt/marl-uav-v0-7-compact-triangle-obstacle/runs/f23wgnom
2026-05-30T11:31:50.133551,148,1,11347.081686728172,0,0,0,MOVE_TRIANGLE_OBSTACLE,1.0,0.04771807789802551,0.023567497730255127,0.02959022919336955,0.7326248288154602,0.7820677757263184,0.7893277406692505,0.034738894551992416,0.3463052213191986,0.5803173184394836,1,0.0786133985966444,0.052649471908807755,0.07192100584506989,0.4173356294631958,0.43984872102737427,0.013654898852109909,0.10514110326766968,0,0.7326248288154602,1,0,1.1112048625946045,-0.033791542053222656,1.0077215433120728,1.5414119958877563,0.8977778553962708,0.8944246768951416,-0.06359533965587616,-0.4135354459285736,0.3757561445236206,1.0081411600112915,1.0041272640228271,1.0108963251113892,https://wandb.ai/ememchijioke-university-of-klagenfurt/marl-uav-v0-7-compact-triangle-obstacle/runs/f23wgnom
2026-05-30T11:31:57.351866,149,1,11403.134657983894,0,0,0,MOVE_TRIANGLE_OBSTACLE,1.0,0.04901857301592827,0.024704426527023315,0.031300882498423256,0.7311233878135681,0.7829691767692566,0.7920568585395813,0.0363420806825161,0.3437274694442749,0.5786424279212952,1,0.07996556302532554,0.05469273403286934,0.0725373849272728,0.38308122754096985,0.3976620137691498,0.020198984071612358,0.08518727868795395,0,0.7311233878135681,1,0,1.1152527332305908,-0.031500089913606644,1.0077587366104126,1.5446723699569702,0.9031779170036316,0.8979080319404602,-0.06168293580412865,-0.4124116599559784,0.3795943260192871,1.0079708099365234,1.0040192604064941,1.0112860202789307,https://wandb.ai/ememchijioke-university-of-klagenfurt/marl-uav-v0-7-compact-triangle-obstacle/runs/f23wgnom
2026-05-30T11:32:04.185849,150,1,11285.210415439922,0,0,0,MOVE_TRIANGLE_OBSTACLE,1.0,0.043940335512161255,0.024148764088749886,0.02471621831258138,0.7165259718894958,0.7753674983978271,0.7653071284294128,0.035472363233566284,0.34777745604515076,0.5753428339958191,1,0.07805477175861597,0.04684321954846382,0.07566557079553604,0.40856918692588806,0.42782458662986755,0.013934602029621601,0.13704770803451538,0,0.7165259718894958,1,0,1.1073212623596191,-0.0325157456099987,1.0071419477462769,1.533198356628418,0.8970925807952881,0.8916727900505066,-0.06774213165044785,-0.3975341320037842,0.3677290380001068,1.0077675580978394,1.003754734992981,1.0099035501480103,https://wandb.ai/ememchijioke-university-of-klagenfurt/marl-uav-v0-7-compact-triangle-obstacle/runs/f23wgnom
2026-05-30T11:32:10.855928,151,1,11358.092730172968,0,0,0,MOVE_TRIANGLE_OBSTACLE,1.0,0.045735523104667664,0.021716350689530373,0.02466106414794922,0.7366511821746826,0.7799121141433716,0.7807222604751587,0.030519826337695122,0.34655889868736267,0.5769924521446228,1,0.0789645123295486,0.05048351362347603,0.06717057526111603,0.3826136589050293,0.41566911339759827,0.01087663322687149,0.10794442892074585,0,0.7366511821746826,1,0,1.1090377569198608,-0.02847163937985897,1.0076643228530884,1.5416340827941895,0.891025185585022,0.8944541811943054,-0.0583830326795578,-0.4038570821285248,0.3768251836299896,1.007466435432434,1.004203200340271,1.01132333278656,https://wandb.ai/ememchijioke-university-of-klagenfurt/marl-uav-v0-7-compact-triangle-obstacle/runs/f23wgnom
2026-05-30T11:32:18.055738,152,1,11349.14228849668,0,0,0,MOVE_TRIANGLE_OBSTACLE,1.0,0.04235115647315979,0.02300596795976162,0.028855562210083008,0.7268791198730469,0.7781763672828674,0.7852694392204285,0.0327947698533535,0.34480130672454834,0.5752617716789246,1,0.08004587329924107,0.04756968840956688,0.0673602893948555,0.3887181580066681,0.39266443252563477,0.010465611703693867,0.17458684742450714,0,0.7268791198730469,1,0,1.1131868362426758,-0.027927109971642494,1.0080151557922363,1.5404680967330933,0.9021809697151184,0.8969113230705261,-0.05783633142709732,-0.4055800139904022,0.3796350061893463,1.0082443952560425,1.0041009187698364,1.01170015335083,https://wandb.ai/ememchijioke-university-of-klagenfurt/marl-uav-v0-7-compact-triangle-obstacle/runs/f23wgnom
2026-05-30T11:32:24.275321,153,1,11350.545494360063,0,0,0,MOVE_TRIANGLE_OBSTACLE,1.0,0.04600757360458374,0.020588720217347145,0.025110602378845215,0.725003719329834,0.7754290103912354,0.7749065160751343,0.027804898098111153,0.3491136431694031,0.575419008731842,1,0.077984141651541,0.04948386549949646,0.06851593405008316,0.40665403008461,0.42472442984580994,0.013841160573065281,0.10141368955373764,0,0.725003719329834,1,0,1.109655737876892,-0.02953530289232731,1.0080517530441284,1.5373692512512207,0.9001963138580322,0.891401469707489,-0.05723732337355614,-0.40309104323387146,0.3717224597930908,1.0087465047836304,1.0036206245422363,1.0117881298065186,https://wandb.ai/ememchijioke-university-of-klagenfurt/marl-uav-v0-7-compact-triangle-obstacle/runs/f23wgnom
2026-05-30T11:32:31.348825,154,1,11344.790002618134,0,0,0,MOVE_TRIANGLE_OBSTACLE,1.0,0.039507895708084106,0.023488983511924744,0.028099477291107178,0.7266097068786621,0.7806751728057861,0.7802329659461975,0.033731523901224136,0.3425343632698059,0.5735559463500977,1,0.08090016525238752,0.045307666063308716,0.06702497601509094,0.4057133197784424,0.4149084687232971,0.009852192364633083,0.08727865666151047,0,0.7266097068786621,1,0,1.1149039268493652,-0.025590667501091957,1.0077075958251953,1.5438350439071655,0.9014464020729065,0.8994302749633789,-0.05930299684405327,-0.39883169531822205,0.3813626766204834,1.008097529411316,1.0037678480148315,1.011257529258728,https://wandb.ai/ememchijioke-university-of-klagenfurt/marl-uav-v0-7-compact-triangle-obstacle/runs/f23wgnom
2026-05-30T11:32:38.199864,155,1,11357.021704648914,0,0,0,MOVE_TRIANGLE_OBSTACLE,1.0,0.04743628203868866,0.02634636126458645,0.03138186534245809,0.7187044024467468,0.773272693157196,0.789577305316925,0.037131376564502716,0.3431849479675293,0.576242208480835,1,0.08094523567706347,0.052481334656476974,0.07909973710775375,0.39622700214385986,0.40702196955680847,0.017250804230570793,0.10960646718740463,0,0.7187044024467468,1,0,1.109716773033142,-0.031763046979904175,1.0081219673156738,1.5307188034057617,0.8996397852897644,0.8987915515899658,-0.06568453460931778,-0.4095735251903534,0.37996891140937805,1.0083088874816895,1.0043435096740723,1.0117133855819702,https://wandb.ai/ememchijioke-university-of-klagenfurt/marl-uav-v0-7-compact-triangle-obstacle/runs/f23wgnom
2026-05-30T11:32:45.146447,156,1,11349.889502182476,0,0,0,MOVE_TRIANGLE_OBSTACLE,1.0,0.04537003114819527,0.02612132765352726,0.03252033392588297,0.721747636795044,0.7812545895576477,0.7880540490150452,0.03659333288669586,0.34801605343818665,0.5766136646270752,1,0.0782040311023593,0.051621973514556885,0.07455868273973465,0.3834899961948395,0.3962198793888092,0.014992418698966503,0.15473677217960358,0,0.721747636795044,1,0,1.109346866607666,-0.028062621131539345,1.0083717107772827,1.534996747970581,0.8992995023727417,0.8937445878982544,-0.06290214508771896,-0.40464138984680176,0.38335567712783813,1.0090030431747437,1.0042164325714111,1.0118955373764038,https://wandb.ai/ememchijioke-university-of-klagenfurt/marl-uav-v0-7-compact-triangle-obstacle/runs/f23wgnom
2026-05-30T11:32:51.145203,157,1,11351.787842817976,0,0,0,MOVE_TRIANGLE_OBSTACLE,1.0,0.04021230340003967,0.02771979570388794,0.03562577565511068,0.7219088673591614,0.7858690023422241,0.7929171919822693,0.03952552750706673,0.3486023545265198,0.574177086353302,1,0.07825700799003243,0.04894135519862175,0.06855864822864532,0.3695226013660431,0.38885343074798584,0.01125625055283308,0.10356045514345169,0,0.7219088673591614,1,0,1.1109272241592407,-0.021504005417227745,1.007797122001648,1.5374339818954468,0.9020042419433594,0.8933432102203369,-0.05739296227693558,-0.3999858498573303,0.3928667902946472,1.0083218812942505,1.0049207210540771,1.0101487636566162,https://wandb.ai/ememchijioke-university-of-klagenfurt/marl-uav-v0-7-compact-triangle-obstacle/runs/f23wgnom
2026-05-30T11:32:57.837840,158,1,11352.439544114766,0,0,0,MOVE_TRIANGLE_OBSTACLE,1.0,0.041306328028440475,0.027274439111351967,0.034065186977386475,0.7262909412384033,0.7839080095291138,0.794578492641449,0.039903756231069565,0.34307146072387695,0.5765472054481506,1,0.08048613765276968,0.049101997166872025,0.07110784947872162,0.39211317896842957,0.39871081709861755,0.012248191051185131,0.11085175722837448,0,0.7262909412384033,1,0,1.1141537427902222,-0.027468165382742882,1.0078045129776,1.5412379503250122,0.9019804000854492,0.8992431163787842,-0.06250891089439392,-0.4072199761867523,0.38732439279556274,1.0086950063705444,1.0039386749267578,1.0107799768447876,https://wandb.ai/ememchijioke-university-of-klagenfurt/marl-uav-v0-7-compact-triangle-obstacle/runs/f23wgnom
2026-05-30T11:33:04.639501,159,1,11351.565316583155,0,0,0,MOVE_TRIANGLE_OBSTACLE,1.0,0.04756714776158333,0.025803975760936737,0.03192484378814697,0.7227799892425537,0.782952070236206,0.7856024503707886,0.0356072299182415,0.3481568992137909,0.5786660313606262,1,0.07762467651627958,0.05309772491455078,0.07719837874174118,0.3835001289844513,0.40013131499290466,0.012474135495722294,0.1115485355257988,0,0.7227799892425537,1,0,1.1094536781311035,-0.03176211193203926,1.0077685117721558,1.5366541147232056,0.8988260626792908,0.8928808569908142,-0.06698659807443619,-0.40691715478897095,0.37861740589141846,1.0088125467300415,1.0030242204666138,1.011468529701233,https://wandb.ai/ememchijioke-university-of-klagenfurt/marl-uav-v0-7-compact-triangle-obstacle/runs/f23wgnom
2026-05-30T11:33:11.114327,160,1,11284.55552718735,0,0,0,MOVE_TRIANGLE_OBSTACLE,1.0,0.046817027032375336,0.02504439651966095,0.026419440905253094,0.7294772863388062,0.7779495120048523,0.7807860970497131,0.03563886508345604,0.3485625386238098,0.5788041949272156,1,0.077802455984056,0.05151394009590149,0.07629663497209549,0.40816453099250793,0.4138772785663605,0.016187192872166634,0.09826282411813736,0,0.7294772863388062,1,0,1.1024764776229858,-0.031734198331832886,1.0078067779541016,1.5311232805252075,0.8841402530670166,0.8921656012535095,-0.06734326481819153,-0.40428340435028076,0.37642407417297363,1.0083472728729248,1.0037177801132202,1.0113554000854492,https://wandb.ai/ememchijioke-university-of-klagenfurt/marl-uav-v0-7-compact-triangle-obstacle/runs/f23wgnom
2026-05-30T11:33:18.030465,161,1,11284.993485278712,0,0,0,MOVE_TRIANGLE_OBSTACLE,1.0,0.044380780309438705,0.021721379831433296,0.022417465845743816,0.7319350838661194,0.767113447189331,0.7820740342140198,0.030719894915819168,0.34766677021980286,0.574367105960846,1,0.07994383154436946,0.04821789637207985,0.06757383793592453,0.38361021876335144,0.39583396911621094,0.012693415395915508,0.10963790863752365,0,0.7319350838661194,1,0,1.101359248161316,-0.026557674631476402,1.008022427558899,1.5269112586975098,0.8839247822761536,0.893241822719574,-0.0541333444416523,-0.4037551283836365,0.3782154619693756,1.010386347770691,1.0025122165679932,1.0111690759658813,https://wandb.ai/ememchijioke-university-of-klagenfurt/marl-uav-v0-7-compact-triangle-obstacle/runs/f23wgnom
2026-05-30T11:33:24.765119,162,1,11284.688538624558,0,0,0,MOVE_TRIANGLE_OBSTACLE,1.0,0.04078967869281769,0.024886662140488625,0.027985175450642902,0.7312489748001099,0.7691598534584045,0.796044647693634,0.03656458482146263,0.3484323024749756,0.574021577835083,1,0.08014169801026583,0.047178715467453,0.0635707750916481,0.3886077404022217,0.41470545530319214,0.01827767677605152,0.08180315047502518,0,0.7312489748001099,1,0,1.1036349534988403,-0.023521890863776207,1.0079385042190552,1.5269736051559448,0.8900338411331177,0.8938975930213928,-0.04940713942050934,-0.40856942534446716,0.3874109089374542,1.0087817907333374,1.002840280532837,1.0121936798095703,https://wandb.ai/ememchijioke-university-of-klagenfurt/marl-uav-v0-7-compact-triangle-obstacle/runs/f23wgnom
2026-05-30T11:33:31.739792,163,1,11359.16736456269,0,0,0,MOVE_TRIANGLE_OBSTACLE,1.0,0.04072637856006622,0.02075367607176304,0.02593018611272176,0.7280725240707397,0.7785668969154358,0.7772961854934692,0.027771782130002975,0.34951356053352356,0.5727043151855469,1,0.07821122603490949,0.045388709753751755,0.06055981293320656,0.3876914978027344,0.3982506990432739,0.0178249329328537,0.10520821809768677,0,0.7280725240707397,1,0,1.1111563444137573,-0.022945910692214966,1.0073084831237793,1.5408540964126587,0.9014570713043213,0.8911576867103577,-0.04989925026893616,-0.39805716276168823,0.3791186809539795,1.0088824033737183,1.0020203590393066,1.0110224485397339,https://wandb.ai/ememchijioke-university-of-klagenfurt/marl-uav-v0-7-compact-triangle-obstacle/runs/f23wgnom
2026-05-30T11:33:38.695056,164,1,11290.427034176773,0,0,0,MOVE_TRIANGLE_OBSTACLE,1.0,0.047247543931007385,0.022880658507347107,0.024845580259958904,0.725574791431427,0.76836758852005,0.7817439436912537,0.032302770763635635,0.34628111124038696,0.5769082903862,1,0.07977280579507351,0.05051831901073456,0.07564045488834381,0.39196160435676575,0.4076096713542938,0.024922309443354607,0.1886042207479477,0,0.725574791431427,1,0,1.102853536605835,-0.03275325894355774,1.0078015327453613,1.5263158082962036,0.8876255750656128,0.8946191668510437,-0.06381300091743469,-0.40805763006210327,0.37361085414886475,1.0086339712142944,1.0032293796539307,1.011541485786438,https://wandb.ai/ememchijioke-university-of-klagenfurt/marl-uav-v0-7-compact-triangle-obstacle/runs/f23wgnom
2026-05-30T11:33:45.905845,165,1,11284.708596364324,0,0,0,MOVE_TRIANGLE_OBSTACLE,1.0,0.045708067715168,0.019556650891900063,0.01914288600285848,0.7313790917396545,0.764381468296051,0.774426281452179,0.02679554373025894,0.34409698843955994,0.575192391872406,1,0.08117633126676083,0.04779554530978203,0.06922391057014465,0.39008989930152893,0.3987431824207306,0.011261973530054092,0.11764898896217346,0,0.7313790917396545,1,0,1.104378342628479,-0.03216521069407463,1.007395625114441,1.530255675315857,0.8867477774620056,0.8961315155029297,-0.058592233806848526,-0.40611743927001953,0.36821404099464417,1.0090135335922241,1.0027525424957275,1.0104210376739502,https://wandb.ai/ememchijioke-university-of-klagenfurt/marl-uav-v0-7-compact-triangle-obstacle/runs/f23wgnom
2026-05-30T11:33:53.115771,166,1,11288.850160353886,0,0,0,MOVE_TRIANGLE_OBSTACLE,1.0,0.04273809865117073,0.023961106315255165,0.026917894681294758,0.7303735017776489,0.7721221446990967,0.7890050411224365,0.03501846641302109,0.3464517891407013,0.5758636593818665,1,0.08000790886580944,0.04786087945103645,0.06865979731082916,0.36275938153266907,0.36598190665245056,0.01489933580160141,0.1012120246887207,0,0.7303735017776489,1,0,1.1046172380447388,-0.02805291675031185,1.00739586353302,1.5300177335739136,0.8888400197029114,0.894993782043457,-0.05788399279117584,-0.4076038599014282,0.38132908940315247,1.0082999467849731,1.0025850534439087,1.0113025903701782,https://wandb.ai/ememchijioke-university-of-klagenfurt/marl-uav-v0-7-compact-triangle-obstacle/runs/f23wgnom
2026-05-30T11:34:00.191409,167,1,11349.941331907714,0,0,0,MOVE_TRIANGLE_OBSTACLE,1.0,0.044761061668395996,0.024935653433203697,0.03196783860524496,0.7312824130058289,0.7837529182434082,0.7934330105781555,0.03640769049525261,0.3489327132701874,0.5785815715789795,1,0.07779041910544038,0.05107986927032471,0.06742648035287857,0.3938624858856201,0.41504189372062683,0.019407661631703377,0.11710952967405319,0,0.7312824130058289,1,0,1.1108288764953613,-0.02924923039972782,1.0069071054458618,1.5404454469680786,0.9003846049308777,0.8916566967964172,-0.057934053242206573,-0.41158056259155273,0.3817669153213501,1.0080037117004395,1.002501368522644,1.0102163553237915,https://wandb.ai/ememchijioke-university-of-klagenfurt/marl-uav-v0-7-compact-triangle-obstacle/runs/f23wgnom
2026-05-30T11:34:06.907807,168,1,11343.908579038809,0,0,0,MOVE_TRIANGLE_OBSTACLE,1.0,0.046820465475320816,0.022799229249358177,0.028011123339335125,0.7273741960525513,0.7775288820266724,0.7838786840438843,0.03222639113664627,0.34742745757102966,0.5766899585723877,1,0.0787395965307951,0.05143268033862114,0.07151477038860321,0.38236960768699646,0.4011942446231842,0.016859259456396103,0.10888690501451492,0,0.7273741960525513,1,0,1.1086007356643677,-0.029768070206046104,1.0072736740112305,1.536064863204956,0.8965683579444885,0.8931690454483032,-0.06002478301525116,-0.40655478835105896,0.37727534770965576,1.0085031986236572,1.0026421546936035,1.0106755495071411,https://wandb.ai/ememchijioke-university-of-klagenfurt/marl-uav-v0-7-compact-triangle-obstacle/runs/f23wgnom
2026-05-30T11:34:13.820890,169,1,11354.062261659612,0,0,0,MOVE_TRIANGLE_OBSTACLE,1.0,0.042484819889068604,0.021496491506695747,0.026840488115946453,0.7283427119255066,0.7777964472770691,0.7810677289962769,0.030047839507460594,0.34965217113494873,0.57290118932724,1,0.07840136345475912,0.047591228038072586,0.0632108598947525,0.39399775862693787,0.40602195262908936,0.019709328189492226,0.09245017915964127,0,0.7283427119255066,1,0,1.1086854934692383,-0.022585412487387657,1.0069094896316528,1.5373257398605347,0.8974931836128235,0.8912376165390015,-0.050947848707437515,-0.39890238642692566,0.38209399580955505,1.0074107646942139,1.0024067163467407,1.0109111070632935,https://wandb.ai/ememchijioke-university-of-klagenfurt/marl-uav-v0-7-compact-triangle-obstacle/runs/f23wgnom
2026-05-30T11:34:20.339321,170,1,11346.23206447889,0,0,0,MOVE_TRIANGLE_OBSTACLE,1.0,0.04627715423703194,0.024988660588860512,0.028968135515848797,0.7232638001441956,0.7826011776924133,0.7775670289993286,0.03586796671152115,0.34794849157333374,0.5769152045249939,1,0.0777316433377564,0.051377322524785995,0.07535159587860107,0.3861420154571533,0.4002891182899475,0.015943266451358795,0.13335685431957245,0,0.7232638001441956,1,0,1.1096082925796509,-0.0301081333309412,1.0072306394577026,1.5384275913238525,0.8974428176879883,0.8929545283317566,-0.06594955176115036,-0.4009367823600769,0.3765619397163391,1.0079444646835327,1.0022369623184204,1.0115106105804443,https://wandb.ai/ememchijioke-university-of-klagenfurt/marl-uav-v0-7-compact-triangle-obstacle/runs/f23wgnom
2026-05-30T11:34:26.697567,171,1,11345.420672291631,0,0,0,MOVE_TRIANGLE_OBSTACLE,1.0,0.04781250283122063,0.02554888091981411,0.030890901883443195,0.71758633852005,0.7753909230232239,0.7848681211471558,0.03413812816143036,0.3481510579586029,0.5758901238441467,1,0.07854401739314198,0.052673906087875366,0.07727010548114777,0.3775581419467926,0.39784732460975647,0.017605796456336975,0.0785825327038765,0,0.71758633852005,1,0,1.1076239347457886,-0.030163833871483803,1.0072771310806274,1.5301202535629272,0.8998196125030518,0.8929320573806763,-0.0631180852651596,-0.40607941150665283,0.3787060081958771,1.0078315734863281,1.002462387084961,1.0115375518798828,https://wandb.ai/ememchijioke-university-of-klagenfurt/marl-uav-v0-7-compact-triangle-obstacle/runs/f23wgnom
2026-05-30T11:34:33.720573,172,1,11287.283617636533,0,0,0,MOVE_TRIANGLE_OBSTACLE,1.0,0.04342207685112953,0.019785160198807716,0.022048453489939373,0.7249004244804382,0.7624372839927673,0.778608500957489,0.02684897556900978,0.3484708368778229,0.5727489590644836,1,0.08004223369061947,0.0462399460375309,0.06621159613132477,0.39180299639701843,0.4041045606136322,0.015643643215298653,0.08208415657281876,0,0.7249004244804382,1,0,1.1033366918563843,-0.02759154699742794,1.0075689554214478,1.5252654552459717,0.8924305438995361,0.8923140168190002,-0.05144777521491051,-0.40493640303611755,0.3736095428466797,1.0088204145431519,1.0020103454589844,1.0118759870529175,https://wandb.ai/ememchijioke-university-of-klagenfurt/marl-uav-v0-7-compact-triangle-obstacle/runs/f23wgnom
2026-05-30T11:34:40.650419,173,1,11291.939673154142,0,0,0,MOVE_TRIANGLE_OBSTACLE,1.0,0.04271834343671799,0.025170214474201202,0.025876084963480633,0.7303299903869629,0.7777495980262756,0.7802086472511292,0.0346878282725811,0.3493223488330841,0.575991690158844,1,0.07789645437151194,0.04849141836166382,0.07033825665712357,0.3833950459957123,0.3942731022834778,0.010256406851112843,0.06547898054122925,0,0.7303299903869629,1,0,1.1034332513809204,-0.026710569858551025,1.0071278810501099,1.5325157642364502,0.8851602673530579,0.892624020576477,-0.06138237565755844,-0.3994111120700836,0.3806617856025696,1.0076472759246826,1.0006232261657715,1.013113260269165,https://wandb.ai/ememchijioke-university-of-klagenfurt/marl-uav-v0-7-compact-triangle-obstacle/runs/f23wgnom
2026-05-30T11:34:47.034814,174,1,11352.073177705555,0,0,0,MOVE_TRIANGLE_OBSTACLE,1.0,0.0417301207780838,0.026957830414175987,0.0323757529258728,0.7243551015853882,0.7880138754844666,0.78346848487854,0.03752276301383972,0.349270224571228,0.5758535265922546,1,0.07710492657497525,0.049263518303632736,0.07087785005569458,0.3886338472366333,0.41739147901535034,0.0225669052451849,0.08298540115356445,0,0.7243551015853882,1,0,1.1113612651824951,-0.02493850328028202,1.0073609352111816,1.5414539575576782,0.8994651436805725,0.8931645750999451,-0.06245606392621994,-0.3978555500507355,0.3854961097240448,1.0079785585403442,1.0010650157928467,1.013038992881775,https://wandb.ai/ememchijioke-university-of-klagenfurt/marl-uav-v0-7-compact-triangle-obstacle/runs/f23wgnom
2026-05-30T11:34:53.695947,175,1,11348.739705469869,0,0,0,MOVE_TRIANGLE_OBSTACLE,1.0,0.04133442044258118,0.02423749305307865,0.028632064660390217,0.7288996577262878,0.7738757133483887,0.7909201383590698,0.0348949171602726,0.3448140025138855,0.5730798244476318,1,0.08099198015406728,0.04750307276844978,0.06468211114406586,0.37843120098114014,0.4040587246417999,0.011226850561797619,0.12636376917362213,0,0.7288996577262878,1,0,1.1110296249389648,-0.02382754348218441,1.007330298423767,1.5363013744354248,0.8988025188446045,0.8979851007461548,-0.05189119651913643,-0.4052143692970276,0.38562294840812683,1.008359670639038,1.0011053085327148,1.0125259160995483,https://wandb.ai/ememchijioke-university-of-klagenfurt/marl-uav-v0-7-compact-triangle-obstacle/runs/f23wgnom
2026-05-30T11:35:00.406627,176,1,11290.218953163936,0,0,0,MOVE_TRIANGLE_OBSTACLE,1.0,0.041643060743808746,0.027274535968899727,0.030776262283325195,0.732338011264801,0.7840320467948914,0.7906347513198853,0.038626424968242645,0.34948304295539856,0.578216016292572,1,0.07742123119533062,0.049319684505462646,0.07046423852443695,0.398999959230423,0.42331671714782715,0.013994913548231125,0.07239267230033875,0,0.732338011264801,1,0,1.10507071018219,-0.0269786324352026,1.0070480108261108,1.535232663154602,0.8874191045761108,0.8925601840019226,-0.0628468468785286,-0.4043114185333252,0.38622236251831055,1.0082979202270508,1.0006513595581055,1.0121945142745972,https://wandb.ai/ememchijioke-university-of-klagenfurt/marl-uav-v0-7-compact-triangle-obstacle/runs/f23wgnom
2026-05-30T11:35:07.131185,177,1,11420.49166922255,0,0,0,MOVE_TRIANGLE_OBSTACLE,1.0,0.041545186191797256,0.024544551968574524,0.029901703198750813,0.7347903847694397,0.783369779586792,0.7911257147789001,0.035446882247924805,0.3444208800792694,0.5741970539093018,1,0.08020411664620042,0.0486639142036438,0.06101968511939049,0.3882582485675812,0.3952272832393646,0.02206110954284668,0.09440445899963379,0,0.7347903847694397,1,0,1.117982268333435,-0.02250940538942814,1.00788152217865,1.5492695569992065,0.9048938751220703,0.8997832536697388,-0.05081172659993172,-0.40385016798973083,0.3871336877346039,1.0083837509155273,1.0005892515182495,1.0146715641021729,https://wandb.ai/ememchijioke-university-of-klagenfurt/marl-uav-v0-7-compact-triangle-obstacle/runs/f23wgnom
2026-05-30T11:35:14.119723,178,1,11345.21415130685,0,0,0,MOVE_TRIANGLE_OBSTACLE,1.0,0.041615985333919525,0.025286495685577393,0.027896602948506672,0.7371096014976501,0.7843968272209167,0.7864025831222534,0.03498834744095802,0.34705495834350586,0.5759170055389404,1,0.07865367783233523,0.048870477825403214,0.0645100325345993,0.376285195350647,0.38677918910980225,0.024772899225354195,0.07181510329246521,0,0.7371096014976501,1,0,1.110721468925476,-0.023816684260964394,1.007562518119812,1.5439519882202148,0.8921892642974854,0.8960230350494385,-0.05644603446125984,-0.4006441831588745,0.3856401741504669,1.008514642715454,1.0005422830581665,1.0136303901672363,https://wandb.ai/ememchijioke-university-of-klagenfurt/marl-uav-v0-7-compact-triangle-obstacle/runs/f23wgnom
2026-05-30T11:35:21.011059,179,1,11426.01499257515,0,0,0,MOVE_TRIANGLE_OBSTACLE,1.0,0.04349718615412712,0.02522808313369751,0.031328022480010986,0.7243218421936035,0.7812883257865906,0.7870175838470459,0.03462591767311096,0.3476604223251343,0.572364866733551,1,0.07897364068776369,0.050089169293642044,0.06595303118228912,0.3861018717288971,0.4015352129936218,0.008070837706327438,0.09803197532892227,0,0.7243218421936035,1,0,1.114803671836853,-0.02136317826807499,1.0072144269943237,1.5419803857803345,0.9065635204315186,0.8958669304847717,-0.05189557746052742,-0.3995046317577362,0.3873106837272644,1.007421612739563,0.9999693632125854,1.0142520666122437,https://wandb.ai/ememchijioke-university-of-klagenfurt/marl-uav-v0-7-compact-triangle-obstacle/runs/f23wgnom
2026-05-30T11:35:27.139001,180,1,11368.39608486795,0,0,0,MOVE_TRIANGLE_OBSTACLE,1.0,0.044753819704055786,0.02724589593708515,0.02914281686147054,0.7133458852767944,0.7789591550827026,0.7718151807785034,0.0385882742702961,0.34884390234947205,0.5736743807792664,1,0.07761139888316393,0.04987524077296257,0.07723493874073029,0.37754714488983154,0.39218670129776,0.014949160628020763,0.08489882200956345,0,0.7133458852767944,1,0,1.1094799041748047,-0.02746010757982731,1.0075634717941284,1.534063696861267,0.9009056091308594,0.8934701681137085,-0.0656663104891777,-0.3941882252693176,0.37747421860694885,1.0076323747634888,1.0008121728897095,1.0142457485198975,https://wandb.ai/ememchijioke-university-of-klagenfurt/marl-uav-v0-7-compact-triangle-obstacle/runs/f23wgnom
2026-05-30T11:35:34.119002,181,1,11319.781984933505,0,0,0,MOVE_TRIANGLE_OBSTACLE,1.0,0.0406193882226944,0.026634305715560913,0.0289575457572937,0.731285035610199,0.7757578492164612,0.7923998236656189,0.03854677081108093,0.34863993525505066,0.5754789113998413,1,0.0789046068675816,0.04815089330077171,0.06729686260223389,0.367999792098999,0.38915345072746277,0.014100362546741962,0.1426699310541153,0,0.731285035610199,1,0,1.1044872999191284,-0.024468084797263145,1.0076285600662231,1.5308103561401367,0.8873416185379028,0.8953098654747009,-0.05694330483675003,-0.40434521436691284,0.387884259223938,1.0069295167922974,1.0007941722869873,1.0151619911193848,https://wandb.ai/ememchijioke-university-of-klagenfurt/marl-uav-v0-7-compact-triangle-obstacle/runs/f23wgnom
2026-05-30T11:35:41.008324,182,1,11432.432645083067,0,0,0,MOVE_TRIANGLE_OBSTACLE,1.0,0.041036494076251984,0.024792024865746498,0.03012484312057495,0.7238531112670898,0.7844939827919006,0.7797336578369141,0.032245147973299026,0.345345139503479,0.5734294652938843,1,0.07915846910327673,0.04719359800219536,0.06535527110099792,0.40287694334983826,0.4214072823524475,0.0159402247518301,0.16006752848625183,0,0.7238531112670898,1,0,1.120177149772644,-0.024676522240042686,1.007897138595581,1.5498749017715454,0.9120549559593201,0.898601770401001,-0.05637435242533684,-0.3985583782196045,0.3809031546115875,1.007824420928955,1.0001342296600342,1.015732765197754,https://wandb.ai/ememchijioke-university-of-klagenfurt/marl-uav-v0-7-compact-triangle-obstacle/runs/f23wgnom
2026-05-30T11:35:47.513867,183,1,11440.037694814793,0,0,0,MOVE_TRIANGLE_OBSTACLE,1.0,0.044271502643823624,0.020130010321736336,0.022076666355133057,0.7268233895301819,0.775610089302063,0.7674432992935181,0.02668585255742073,0.3446037471294403,0.5723716616630554,1,0.07995112985372543,0.04773761332035065,0.06418602913618088,0.38551509380340576,0.3940160274505615,0.013555238954722881,0.114205002784729,0,0.7268233895301819,1,0,1.1179429292678833,-0.027214884757995605,1.0077089071273804,1.547969937324524,0.9075295329093933,0.8983296155929565,-0.05390007048845291,-0.3974911570549011,0.3697465658187866,1.0075221061706543,1.0002057552337646,1.0153988599777222,https://wandb.ai/ememchijioke-university-of-klagenfurt/marl-uav-v0-7-compact-triangle-obstacle/runs/f23wgnom
2026-05-30T11:35:54.365916,184,1,11373.162227849401,0,0,0,MOVE_TRIANGLE_OBSTACLE,1.0,0.04352245852351189,0.02241954207420349,0.023719847202301025,0.7323886156082153,0.7766515612602234,0.776896595954895,0.029914868995547295,0.3450525999069214,0.5753189325332642,1,0.07970121037214994,0.04808461666107178,0.06690212339162827,0.3966089189052582,0.42557045817375183,0.015628937631845474,0.16130580008029938,0,0.7323886156082153,1,0,1.1120882034301758,-0.02865026332437992,1.0074162483215332,1.5425325632095337,0.8957424163818359,0.897989809513092,-0.05856172367930412,-0.40206533670425415,0.37467625737190247,1.0074974298477173,0.9996991753578186,1.015052080154419,https://wandb.ai/ememchijioke-university-of-klagenfurt/marl-uav-v0-7-compact-triangle-obstacle/runs/f23wgnom
2026-05-30T11:36:00.974320,185,1,11435.29053208512,0,0,0,MOVE_TRIANGLE_OBSTACLE,1.0,0.04433507099747658,0.023291120305657387,0.02716207504272461,0.7287874221801758,0.7818248271942139,0.7784488201141357,0.03157086670398712,0.3472599685192108,0.5726240277290344,1,0.07877983339130878,0.050168439745903015,0.06540019810199738,0.40231990814208984,0.4159681797027588,0.017405519261956215,0.07034090161323547,0,0.7287874221801758,1,0,1.114245057106018,-0.021783927455544472,1.0081005096435547,1.544982671737671,0.9013583660125732,0.8963941335678101,-0.0533449687063694,-0.3951564133167267,0.3831495940685272,1.0078240633010864,1.001207947731018,1.0152696371078491,https://wandb.ai/ememchijioke-university-of-klagenfurt/marl-uav-v0-7-compact-triangle-obstacle/runs/f23wgnom
2026-05-30T11:36:07.590689,186,1,11345.438557084823,0,0,0,MOVE_TRIANGLE_OBSTACLE,1.0,0.04270483925938606,0.024967553094029427,0.027226706345876057,0.7403587102890015,0.7837823629379272,0.7882564663887024,0.03511706367135048,0.3489176034927368,0.5766363739967346,1,0.07793805189430714,0.04981742426753044,0.06277917325496674,0.39622700214385986,0.4135778844356537,0.01777470111846924,0.09111302345991135,0,0.7403587102890015,1,0,1.1093592643737793,-0.023704370483756065,1.0078626871109009,1.5433491468429565,0.8900066614151001,0.8947221040725708,-0.05428526550531387,-0.4024716913700104,0.3856438398361206,1.007406234741211,1.001019835472107,1.0151617527008057,https://wandb.ai/ememchijioke-university-of-klagenfurt/marl-uav-v0-7-compact-triangle-obstacle/runs/f23wgnom
2026-05-30T11:36:14.209606,187,1,11440.533545668544,0,0,0,MOVE_TRIANGLE_OBSTACLE,1.0,0.04245010018348694,0.022934043779969215,0.027194976806640625,0.7264223694801331,0.7832649350166321,0.7747423648834229,0.03039538860321045,0.34661030769348145,0.5731909275054932,1,0.07864890247583389,0.04771887883543968,0.06416042149066925,0.36788782477378845,0.38730388879776,0.0054262257181108,0.14958998560905457,0,0.7264223694801331,1,0,1.1181814670562744,-0.024376848712563515,1.008005142211914,1.549440622329712,0.9084416627883911,0.8966619968414307,-0.05474472418427467,-0.3964526355266571,0.3780668079853058,1.0077110528945923,1.0009655952453613,1.0153390169143677,https://wandb.ai/ememchijioke-university-of-klagenfurt/marl-uav-v0-7-compact-triangle-obstacle/runs/f23wgnom
2026-05-30T11:36:21.492557,188,1,11366.99414961778,0,0,0,MOVE_TRIANGLE_OBSTACLE,1.0,0.044284410774707794,0.02351001463830471,0.027016619841257732,0.7273731231689453,0.7752614617347717,0.7831615209579468,0.032257236540317535,0.3472284972667694,0.5755524635314941,1,0.0789447189308703,0.04929907247424126,0.06867647916078568,0.3696826696395874,0.3840562403202057,0.016453402116894722,0.07288116961717606,0,0.7273731231689453,1,0,1.1110411882400513,-0.028418252244591713,1.0081990957260132,1.5377976894378662,0.8988050222396851,0.8965209126472473,-0.057804059237241745,-0.40521982312202454,0.3777691125869751,1.008033275604248,1.0001401901245117,1.0164239406585693,https://wandb.ai/ememchijioke-university-of-klagenfurt/marl-uav-v0-7-compact-triangle-obstacle/runs/f23wgnom
2026-05-30T11:36:28.497222,189,1,11378.37487427485,0,0,0,MOVE_TRIANGLE_OBSTACLE,1.0,0.04351304844021797,0.0219050794839859,0.025455713272094727,0.7398219108581543,0.7846871018409729,0.7815019488334656,0.030470918864011765,0.3499910533428192,0.5784562230110168,1,0.07685461034998298,0.048866331577301025,0.062054362148046494,0.38581594824790955,0.40215879678726196,0.006119739264249802,0.10325297713279724,0,0.7398219108581543,1,0,1.1119775772094727,-0.02834801934659481,1.0080209970474243,1.5477019548416138,0.8958261609077454,0.8924046754837036,-0.05561980605125427,-0.4053974449634552,0.3759731948375702,1.0080986022949219,1.0010273456573486,1.0149370431900024,https://wandb.ai/ememchijioke-university-of-klagenfurt/marl-uav-v0-7-compact-triangle-obstacle/runs/f23wgnom
2026-05-30T11:36:35.444214,190,1,11442.434290783644,0,0,0,MOVE_TRIANGLE_OBSTACLE,1.0,0.047139972448349,0.023333758115768433,0.029977937539418537,0.7307621836662292,0.786588728427887,0.7841072678565979,0.032918523997068405,0.3443356454372406,0.5796765685081482,1,0.07894683885388076,0.05221187695860863,0.06969545036554337,0.38868582248687744,0.40168076753616333,0.01621793769299984,0.08736992627382278,0,0.7307621836662292,1,0,1.120828628540039,-0.0346558578312397,1.0070348978042603,1.5533015727996826,0.9113368988037109,0.8978475332260132,-0.0632193386554718,-0.4123203754425049,0.3715721368789673,1.0060967206954956,1.0012842416763306,1.0137239694595337,https://wandb.ai/ememchijioke-university-of-klagenfurt/marl-uav-v0-7-compact-triangle-obstacle/runs/f23wgnom
2026-05-30T11:36:42.605013,191,1,11344.884488800684,0,0,0,MOVE_TRIANGLE_OBSTACLE,1.0,0.04470301419496536,0.0207220371812582,0.025006453196207683,0.7345668077468872,0.7807828783988953,0.778803288936615,0.028931839391589165,0.3492327332496643,0.5770822167396545,1,0.07759201852604747,0.04917782545089722,0.06443469226360321,0.40022483468055725,0.41839706897735596,0.014007456600666046,0.10248840600252151,0,0.7345668077468872,1,0,1.1108518838882446,-0.029263505712151527,1.0065730810165405,1.543570876121521,0.8969610333442688,0.8920238614082336,-0.056488703936338425,-0.4049978256225586,0.3736959993839264,1.0059090852737427,1.000860333442688,1.0129499435424805,https://wandb.ai/ememchijioke-university-of-klagenfurt/marl-uav-v0-7-compact-triangle-obstacle/runs/f23wgnom
2026-05-30T11:36:49.707872,192,1,11343.962165299088,0,0,0,MOVE_TRIANGLE_OBSTACLE,1.0,0.046266984194517136,0.0203000009059906,0.02493135134379069,0.724563717842102,0.7688679099082947,0.7804898619651794,0.027049727737903595,0.34811392426490784,0.575150191783905,1,0.07918684650212526,0.04947687312960625,0.06673219054937363,0.39021241664886475,0.41814181208610535,0.01826152764260769,0.09640225768089294,0,0.724563717842102,1,0,1.1107655763626099,-0.03129369020462036,1.0075371265411377,1.5348553657531738,0.9042232632637024,0.8932183980941772,-0.053570929914712906,-0.4103214740753174,0.3700113296508789,1.007143497467041,1.0021647214889526,1.0133030414581299,https://wandb.ai/ememchijioke-university-of-klagenfurt/marl-uav-v0-7-compact-triangle-obstacle/runs/f23wgnom
2026-05-30T11:36:56.895393,193,1,11438.58188497094,0,0,0,MOVE_TRIANGLE_OBSTACLE,1.0,0.056024909019470215,0.020156828686594963,0.02045273780822754,0.7337863445281982,0.7749538421630859,0.7701907157897949,0.028245950117707253,0.34407541155815125,0.5797139406204224,1,0.07941666641272604,0.058631230145692825,0.0772649347782135,0.37911203503608704,0.40218594670295715,0.017261063680052757,0.08919283747673035,0,0.7337863445281982,1,0,1.1120001077651978,-0.038505613803863525,1.0074907541275024,1.5437464714050293,0.8949626684188843,0.8972909450531006,-0.06669723987579346,-0.40945979952812195,0.36064019799232483,1.0076167583465576,1.0016318559646606,1.01322340965271,https://wandb.ai/ememchijioke-university-of-klagenfurt/marl-uav-v0-7-compact-triangle-obstacle/runs/f23wgnom
2026-05-30T11:37:03.680325,194,1,11433.169163312108,0,0,0,MOVE_TRIANGLE_OBSTACLE,1.0,0.04957839474081993,0.02216538041830063,0.026057660579681396,0.7337633967399597,0.7844946980476379,0.777441680431366,0.030030010268092155,0.3433113396167755,0.5801354050636292,1,0.07926218886859715,0.05371345207095146,0.07245717942714691,0.36946526169776917,0.3831312954425812,0.017646141350269318,0.09189490228891373,0,0.7337633967399597,1,0,1.1189926862716675,-0.036134880036115646,1.0079246759414673,1.553004264831543,0.904919445514679,0.8990544080734253,-0.0658944770693779,-0.4099104702472687,0.36740031838417053,1.0081980228424072,1.0012847185134888,1.0142912864685059,https://wandb.ai/ememchijioke-university-of-klagenfurt/marl-uav-v0-7-compact-triangle-obstacle/runs/f23wgnom
2026-05-30T11:37:11.041522,195,1,11373.408598389604,0,0,0,MOVE_TRIANGLE_OBSTACLE,1.0,0.048980847001075745,0.02358715981245041,0.02449419101079305,0.7287024259567261,0.7804915308952332,0.7716934680938721,0.03371470794081688,0.34847956895828247,0.5786027312278748,1,0.07720491755753756,0.05305317044258118,0.07539093494415283,0.3775534927845001,0.4012937843799591,0.01852613128721714,0.07111802697181702,0,0.7287024259567261,1,0,1.1089099645614624,-0.03319016098976135,1.0081377029418945,1.5402675867080688,0.893310010433197,0.8931524157524109,-0.06687454879283905,-0.4021463096141815,0.3694503605365753,1.0085850954055786,1.0018028020858765,1.014025092124939,https://wandb.ai/ememchijioke-university-of-klagenfurt/marl-uav-v0-7-compact-triangle-obstacle/runs/f23wgnom
2026-05-30T11:37:17.895608,196,1,11374.724838167891,0,0,0,MOVE_TRIANGLE_OBSTACLE,1.0,0.04873936250805855,0.02259569615125656,0.024273912111918133,0.7269680500030518,0.774678647518158,0.7751111388206482,0.03166959807276726,0.346546471118927,0.5771152973175049,1,0.07877692393958569,0.05235578119754791,0.07481731474399567,0.38811755180358887,0.4223920702934265,0.012776828370988369,0.14179152250289917,0,0.7269680500030518,1,0,1.1087288856506348,-0.032631438225507736,1.0081645250320435,1.53657066822052,0.8941057920455933,0.8955103158950806,-0.06422595679759979,-0.40434011816978455,0.37067174911499023,1.008467197418213,1.0018525123596191,1.0141741037368774,https://wandb.ai/ememchijioke-university-of-klagenfurt/marl-uav-v0-7-compact-triangle-obstacle/runs/f23wgnom
2026-05-30T11:37:25.245504,197,1,11384.652887138076,0,0,0,MOVE_TRIANGLE_OBSTACLE,1.0,0.05338875204324722,0.022493621334433556,0.025226155916849773,0.7204552888870239,0.7748609781265259,0.7712727785110474,0.031137457117438316,0.34601694345474243,0.5807117819786072,1,0.07819246943108737,0.05568311735987663,0.08162683993577957,0.40476441383361816,0.4232228398323059,0.012341511435806751,0.09398376196622849,0,0.7204552888870239,1,0,1.1120007038116455,-0.04209361597895622,1.0073843002319336,1.5382853746414185,0.9027061462402344,0.8950106501579285,-0.07300809025764465,-0.41220858693122864,0.3589358329772949,1.0075641870498657,1.001403570175171,1.0131850242614746,https://wandb.ai/ememchijioke-university-of-klagenfurt/marl-uav-v0-7-compact-triangle-obstacle/runs/f23wgnom
2026-05-30T11:37:32.185684,198,1,11446.34666669648,0,0,0,MOVE_TRIANGLE_OBSTACLE,1.0,0.05067699775099754,0.02712232433259487,0.03227694829305013,0.7094491720199585,0.779521644115448,0.7767583727836609,0.03452040255069733,0.3481486141681671,0.5767643451690674,1,0.07748933252878487,0.05498393252491951,0.08113853633403778,0.39604702591896057,0.400267630815506,0.024064553901553154,0.1430722326040268,0,0.7094491720199585,1,0,1.1155133247375488,-0.03425709530711174,1.0079578161239624,1.5382479429244995,0.9142915606498718,0.8940005302429199,-0.06798641383647919,-0.4055890440940857,0.37080419063568115,1.006860375404358,1.0022741556167603,1.0147390365600586,https://wandb.ai/ememchijioke-university-of-klagenfurt/marl-uav-v0-7-compact-triangle-obstacle/runs/f23wgnom
2026-05-30T11:37:39.439243,199,1,11372.744538988038,0,0,0,MOVE_TRIANGLE_OBSTACLE,1.0,0.04808118939399719,0.02333110012114048,0.025996724764506023,0.7229161262512207,0.7759008407592773,0.7750054597854614,0.0329531766474247,0.3437584638595581,0.5778660178184509,1,0.07970649655908346,0.051398973912000656,0.07713337242603302,0.39414647221565247,0.40390247106552124,0.014265074394643307,0.0878419503569603,0,0.7229161262512207,1,0,1.1131852865219116,-0.03611236810684204,1.0076254606246948,1.5399234294891357,0.901060163974762,0.8985723257064819,-0.06888633966445923,-0.4071773290634155,0.36772656440734863,1.0065580606460571,1.0020108222961426,1.0143076181411743,https://wandb.ai/ememchijioke-university-of-klagenfurt/marl-uav-v0-7-compact-triangle-obstacle/runs/f23wgnom
2026-05-30T11:37:46.647378,200,1,11385.17020854008,0,0,0,MOVE_TRIANGLE_OBSTACLE,1.0,0.048570819199085236,0.023083224892616272,0.024855573972066242,0.7217004299163818,0.7723555564880371,0.7739115953445435,0.033072177320718765,0.3474484980106354,0.5748932957649231,1,0.07887981878593564,0.05228850245475769,0.07605349272489548,0.3978859484195709,0.4050999879837036,0.017345430329442024,0.08676469326019287,0,0.7217004299163818,1,0,1.1067992448806763,-0.030426988378167152,1.0070301294326782,1.5318750143051147,0.8941824436187744,0.894340455532074,-0.06309021264314651,-0.4010080397129059,0.3728172779083252,1.0054068565368652,1.0020620822906494,1.0136216878890991,https://wandb.ai/ememchijioke-university-of-klagenfurt/marl-uav-v0-7-compact-triangle-obstacle/runs/f23wgnom
2026-05-30T11:37:53.426425,201,1,11374.385549207898,0,0,0,MOVE_TRIANGLE_OBSTACLE,1.0,0.04685988649725914,0.020134953781962395,0.022601107756296795,0.719632625579834,0.7684729695320129,0.7689629793167114,0.027188429608941078,0.3455656170845032,0.5748524069786072,1,0.07968558510765433,0.049116913229227066,0.07129566371440887,0.391817569732666,0.4042753577232361,0.011113099753856659,0.1165819838643074,0,0.719632625579834,1,0,1.112950086593628,-0.034148991107940674,1.00809907913208,1.5371085405349731,0.9053847789764404,0.8963568806648254,-0.06065688282251358,-0.40531009435653687,0.3635199964046478,1.0065441131591797,1.0033339262008667,1.0144190788269043,https://wandb.ai/ememchijioke-university-of-klagenfurt/marl-uav-v0-7-compact-triangle-obstacle/runs/f23wgnom
2026-05-30T11:38:00.373542,202,1,11379.931620089672,0,0,0,MOVE_TRIANGLE_OBSTACLE,1.0,0.048998601734638214,0.026057511568069458,0.02901323636372884,0.7087283134460449,0.7738768458366394,0.771891176700592,0.035415831953287125,0.3470337688922882,0.5767261385917664,1,0.07818804122507572,0.05214330554008484,0.08184824138879776,0.3945811688899994,0.405895859003067,0.022077525034546852,0.09016197919845581,0,0.7087283134460449,1,0,1.1123543977737427,-0.03649821877479553,1.008203387260437,1.5334601402282715,0.9086227416992188,0.8949804902076721,-0.07075783610343933,-0.4052087962627411,0.3664719760417938,1.006998062133789,1.002917766571045,1.0146942138671875,https://wandb.ai/ememchijioke-university-of-klagenfurt/marl-uav-v0-7-compact-triangle-obstacle/runs/f23wgnom
2026-05-30T11:38:07.588946,203,1,11494.36285840966,0,0,0,MOVE_TRIANGLE_OBSTACLE,1.0,0.04965381324291229,0.026197900995612144,0.030612786610921223,0.7208744883537292,0.7915015816688538,0.7712112665176392,0.035778045654296875,0.3458537757396698,0.5773124694824219,1,0.07764958939515054,0.05489755794405937,0.07586295157670975,0.3860357701778412,0.4037380814552307,0.020124850794672966,0.12172194570302963,0,0.7208744883537292,1,0,1.1226640939712524,-0.031624685972929,1.0084506273269653,1.555491328239441,0.9156388640403748,0.896862268447876,-0.06724070012569427,-0.39926594495773315,0.3716326057910919,1.00655996799469,1.0037028789520264,1.0150889158248901,https://wandb.ai/ememchijioke-university-of-klagenfurt/marl-uav-v0-7-compact-triangle-obstacle/runs/f23wgnom
2026-05-30T11:38:14.030805,204,1,11372.994600242695,0,0,0,MOVE_TRIANGLE_OBSTACLE,1.0,0.04682415351271629,0.02642153948545456,0.02985296646753947,0.7095135450363159,0.7761935591697693,0.772878885269165,0.035686977207660675,0.3477310538291931,0.5757591724395752,1,0.07794703356921673,0.05058860778808594,0.0793534442782402,0.3785282373428345,0.3840457499027252,0.013290059752762318,0.12720046937465668,0,0.7095135450363159,1,0,1.112493634223938,-0.03380521014332771,1.0075534582138062,1.5345954895019531,0.9087090492248535,0.8941764831542969,-0.068586066365242,-0.40273723006248474,0.3699076771736145,1.0063400268554688,1.0020259618759155,1.0142940282821655,https://wandb.ai/ememchijioke-university-of-klagenfurt/marl-uav-v0-7-compact-triangle-obstacle/runs/f23wgnom
2026-05-30T11:38:20.980019,205,1,11443.357897207863,0,0,0,MOVE_TRIANGLE_OBSTACLE,1.0,0.048388682305812836,0.02431044541299343,0.03147657712300619,0.7325701117515564,0.7914412021636963,0.7855586409568787,0.034960679709911346,0.3454689383506775,0.5819258689880371,1,0.07790561486035585,0.054055750370025635,0.07252262532711029,0.3907630145549774,0.4128352701663971,0.01261418592184782,0.10860037803649902,0,0.7325701117515564,1,0,1.120476484298706,-0.03581680729985237,1.0080550909042358,1.5551104545593262,0.9093129634857178,0.8970060348510742,-0.06706031411886215,-0.412887841463089,0.3724977374076843,1.0062767267227173,1.0034584999084473,1.0144301652908325,https://wandb.ai/ememchijioke-university-of-klagenfurt/marl-uav-v0-7-compact-triangle-obstacle/runs/f23wgnom
2026-05-30T11:38:28.348786,206,1,11450.044630267432,0,0,0,MOVE_TRIANGLE_OBSTACLE,1.0,0.04949384927749634,0.023689555004239082,0.028429607550303142,0.7303866147994995,0.7914355993270874,0.7742398381233215,0.033797916024923325,0.34625178575515747,0.581291913986206,1,0.07727012340910733,0.05427774414420128,0.07479182630777359,0.3904905617237091,0.3981044292449951,0.012170765548944473,0.0995422974228859,0,0.7303866147994995,1,0,1.1194629669189453,-0.03636534884572029,1.0082788467407227,1.555385708808899,0.9075010418891907,0.8955022096633911,-0.06959296762943268,-0.4067956805229187,0.367292582988739,1.006505012512207,1.0044037103652954,1.0139278173446655,https://wandb.ai/ememchijioke-university-of-klagenfurt/marl-uav-v0-7-compact-triangle-obstacle/runs/f23wgnom
2026-05-30T11:38:34.707628,207,1,11372.365329848328,0,0,0,MOVE_TRIANGLE_OBSTACLE,1.0,0.04940194636583328,0.02754068374633789,0.02937602996826172,0.720693051815033,0.7870098948478699,0.7718112468719482,0.04053213447332382,0.3499395251274109,0.5795308947563171,1,0.07592099765315652,0.05452674254775047,0.08231496810913086,0.3919541537761688,0.42077404260635376,0.013064808212220669,0.11059679836034775,0,0.720693051815033,1,0,1.1089428663253784,-0.03392709419131279,1.0077780485153198,1.539328932762146,0.8961474895477295,0.8913522958755493,-0.074417345225811,-0.3995511829853058,0.3721872568130493,1.0059767961502075,1.0039498805999756,1.0134073495864868,https://wandb.ai/ememchijioke-university-of-klagenfurt/marl-uav-v0-7-compact-triangle-obstacle/runs/f23wgnom
2026-05-30T11:38:41.512606,208,1,11497.998138664607,0,0,0,MOVE_TRIANGLE_OBSTACLE,1.0,0.047241393476724625,0.02561548538506031,0.03127376238505045,0.7211909294128418,0.7929031252861023,0.7721090912818909,0.0329304002225399,0.34348130226135254,0.5777499675750732,1,0.07869629259221256,0.05235128477215767,0.0724809467792511,0.4000144898891449,0.4284321963787079,0.012574724853038788,0.04979151859879494,0,0.7211909294128418,1,0,1.1278308629989624,-0.03377227857708931,1.0075054168701172,1.5613981485366821,0.9237142205238342,0.8983799815177917,-0.06641194224357605,-0.403272420167923,0.3683675229549408,1.0049879550933838,1.0042266845703125,1.0133014917373657,https://wandb.ai/ememchijioke-university-of-klagenfurt/marl-uav-v0-7-compact-triangle-obstacle/runs/f23wgnom
2026-05-30T11:38:48.488067,209,1,11369.231821245956,0,0,0,MOVE_TRIANGLE_OBSTACLE,1.0,0.04952346533536911,0.023803850635886192,0.029713730017344158,0.727697491645813,0.7847685217857361,0.7820701599121094,0.034248992800712585,0.3459724187850952,0.5817421674728394,1,0.0780027424916625,0.05389229580760002,0.07836540043354034,0.40134528279304504,0.4083317518234253,0.009868113324046135,0.08086089044809341,0,0.727697491645813,1,0,1.1129878759384155,-0.037794213742017746,1.007900357246399,1.5435718297958374,0.9000473618507385,0.8953444361686707,-0.0719778910279274,-0.4117121398448944,0.37030738592147827,1.0058684349060059,1.0051382780075073,1.0126944780349731,https://wandb.ai/ememchijioke-university-of-klagenfurt/marl-uav-v0-7-compact-triangle-obstacle/runs/f23wgnom
2026-05-30T11:38:55.258025,210,1,11369.55281331758,0,0,0,MOVE_TRIANGLE_OBSTACLE,1.0,0.04756579175591469,0.021778443828225136,0.02659859259923299,0.7236397862434387,0.7776368856430054,0.7757986783981323,0.029292596504092216,0.34855079650878906,0.5780084133148193,1,0.07759715104475617,0.05108940973877907,0.07231516391038895,0.38282671570777893,0.39047813415527344,0.009397192858159542,0.06687847524881363,0,0.7236397862434387,1,0,1.1120246648788452,-0.034316468983888626,1.0079030990600586,1.5398361682891846,0.9032561182975769,0.8929815888404846,-0.06346018612384796,-0.40757614374160767,0.36808690428733826,1.0059255361557007,1.0037709474563599,1.0140128135681152,https://wandb.ai/ememchijioke-university-of-klagenfurt/marl-uav-v0-7-compact-triangle-obstacle/runs/f23wgnom
2026-05-30T11:39:01.835975,211,1,11375.311768368927,0,0,0,MOVE_TRIANGLE_OBSTACLE,1.0,0.04818398132920265,0.023159047588706017,0.028219799200693767,0.7310481071472168,0.7819259166717529,0.7837815880775452,0.03322787210345268,0.34800592064857483,0.5798861384391785,1,0.07768042897805572,0.052956487983465195,0.07321546971797943,0.3892247676849365,0.40681910514831543,0.01987256295979023,0.11837195605039597,0,0.7310481071472168,1,0,1.1104024648666382,-0.03377634286880493,1.0072150230407715,1.5409677028656006,0.8963516354560852,0.893887996673584,-0.06513460725545883,-0.40994614362716675,0.3737517297267914,1.0051814317703247,1.002636432647705,1.0138273239135742,https://wandb.ai/ememchijioke-university-of-klagenfurt/marl-uav-v0-7-compact-triangle-obstacle/runs/f23wgnom
2026-05-30T11:39:08.418848,212,1,11374.66355783106,0,0,0,MOVE_TRIANGLE_OBSTACLE,1.0,0.04719435051083565,0.026326283812522888,0.03333324193954468,0.7274968028068542,0.7882664203643799,0.7892301082611084,0.03807497397065163,0.3487590253353119,0.5809538960456848,1,0.07688184641301632,0.05365191772580147,0.07639309018850327,0.4062983989715576,0.4145713448524475,0.012077738530933857,0.1178535521030426,0,0.7274968028068542,1,0,1.111306071281433,-0.03324441984295845,1.0072951316833496,1.5416532754898071,0.8989827632904053,0.8932822346687317,-0.06901619583368301,-0.40993115305900574,0.3792140781879425,1.0051332712173462,1.0033396482467651,1.013412356376648,https://wandb.ai/ememchijioke-university-of-klagenfurt/marl-uav-v0-7-compact-triangle-obstacle/runs/f23wgnom
2026-05-30T11:39:15.386741,213,1,11373.98163280974,0,0,0,MOVE_TRIANGLE_OBSTACLE,1.0,0.0496327243745327,0.018871286883950233,0.022299230098724365,0.7410805225372314,0.7803037762641907,0.7776744365692139,0.027006549760699272,0.3493396043777466,0.5812442898750305,1,0.07703308132477105,0.053023356944322586,0.06671374291181564,0.3861103951931,0.41110703349113464,0.011768619529902935,0.108245350420475,0,0.7410805225372314,1,0,1.110447883605957,-0.03577958419919014,1.0075815916061401,1.5458190441131592,0.8937298655509949,0.8917945623397827,-0.06024554744362831,-0.41235074400901794,0.36525753140449524,1.0051984786987305,1.0037943124771118,1.0137521028518677,https://wandb.ai/ememchijioke-university-of-klagenfurt/marl-uav-v0-7-compact-triangle-obstacle/runs/f23wgnom
2026-05-30T11:39:22.424374,214,1,11382.97269716283,0,0,0,MOVE_TRIANGLE_OBSTACLE,1.0,0.04666014388203621,0.024751191958785057,0.028543710708618164,0.7348387837409973,0.7862966656684875,0.7841732501983643,0.03492555022239685,0.345100462436676,0.5807958245277405,1,0.07858922588638961,0.052204232662916183,0.07405207306146622,0.38622036576271057,0.3889535665512085,0.018618568778038025,0.11135726422071457,0,0.7348387837409973,1,0,1.1131336688995361,-0.03412771224975586,1.0077288150787354,1.5465669631958008,0.8952778577804565,0.8975560069084167,-0.06862343847751617,-0.40893256664276123,0.37517285346984863,1.004685640335083,1.004219651222229,1.0142810344696045,https://wandb.ai/ememchijioke-university-of-klagenfurt/marl-uav-v0-7-compact-triangle-obstacle/runs/f23wgnom
2026-05-30T11:39:29.819292,215,1,11373.960178463438,0,0,0,MOVE_TRIANGLE_OBSTACLE,1.0,0.04592118412256241,0.022490760311484337,0.0257603923479716,0.7356353998184204,0.7754144072532654,0.7875021696090698,0.033170729875564575,0.34501251578330994,0.577345073223114,1,0.08009757474064827,0.050593167543411255,0.06750272959470749,0.38400185108184814,0.3926105201244354,0.010348989628255367,0.11310548335313797,0,0.7356353998184204,1,0,1.1105566024780273,-0.03058326244354248,1.0074131488800049,1.5397547483444214,0.8941589593887329,0.8977561593055725,-0.05795517563819885,-0.4106045663356781,0.3768099546432495,1.005007028579712,1.0030266046524048,1.0142056941986084,https://wandb.ai/ememchijioke-university-of-klagenfurt/marl-uav-v0-7-compact-triangle-obstacle/runs/f23wgnom
2026-05-30T11:39:37.140025,216,1,11376.097368855004,0,0,0,MOVE_TRIANGLE_OBSTACLE,1.0,0.045602936297655106,0.017210250720381737,0.019659121831258137,0.7424165606498718,0.7769637703895569,0.7744301557540894,0.024314651265740395,0.34605225920677185,0.5787307024002075,1,0.07894008280709386,0.04860411211848259,0.06063792109489441,0.35982394218444824,0.3761571943759918,0.014230065047740936,0.09982675313949585,0,0.7424165606498718,1,0,1.1147648096084595,-0.034228693693876266,1.0073024034500122,1.5501195192337036,0.8981763124465942,0.8959986567497253,-0.05555630102753639,-0.41073089838027954,0.36360111832618713,1.0044913291931152,1.0026421546936035,1.0147736072540283,https://wandb.ai/ememchijioke-university-of-klagenfurt/marl-uav-v0-7-compact-triangle-obstacle/runs/f23wgnom
2026-05-30T11:39:43.990530,217,1,11320.62188620041,0,0,0,MOVE_TRIANGLE_OBSTACLE,1.0,0.044614795595407486,0.018835484981536865,0.01861772934595744,0.7430413961410522,0.7742272615432739,0.7746673226356506,0.025123732164502144,0.3493957221508026,0.5786558389663696,1,0.07781446538865566,0.04771875962615013,0.06182707101106644,0.395474910736084,0.40062031149864197,0.010878718458116055,0.1441962867975235,0,0.7430413961410522,1,0,1.10622239112854,-0.03244680166244507,1.007139801979065,1.540566325187683,0.8860777020454407,0.8920230269432068,-0.05611370876431465,-0.4078883230686188,0.3666616380214691,1.0051929950714111,1.002062201499939,1.0141643285751343,https://wandb.ai/ememchijioke-university-of-klagenfurt/marl-uav-v0-7-compact-triangle-obstacle/runs/f23wgnom
2026-05-30T11:39:51.066912,218,1,11376.0754731632,0,0,0,MOVE_TRIANGLE_OBSTACLE,1.0,0.0505235455930233,0.01918588951230049,0.021038909753163654,0.7428787350654602,0.7759121656417847,0.7800832986831665,0.027464963495731354,0.345893532037735,0.5813199281692505,1,0.07891988870687783,0.05342939496040344,0.0675845593214035,0.4026387631893158,0.41660812497138977,0.010089576244354248,0.07700798660516739,0,0.7428787350654602,1,0,1.11123788356781,-0.037751395255327225,1.0073553323745728,1.5451327562332153,0.8926899433135986,0.8958907723426819,-0.06093396991491318,-0.41615965962409973,0.36383944749832153,1.004625916481018,1.0032193660736084,1.0142204761505127,https://wandb.ai/ememchijioke-university-of-klagenfurt/marl-uav-v0-7-compact-triangle-obstacle/runs/f23wgnom
2026-05-30T11:39:57.775722,219,1,11382.588153903154,0,0,0,MOVE_TRIANGLE_OBSTACLE,1.0,0.04901466518640518,0.019414430484175682,0.0204160213470459,0.7449846267700195,0.7716147303581238,0.7846179604530334,0.028336308896541595,0.3449893891811371,0.5792897343635559,1,0.08021467877551913,0.05195779725909233,0.06370652467012405,0.399667352437973,0.42067739367485046,0.018693307414650917,0.20633459091186523,0,0.7449846267700195,1,0,1.1099573373794556,-0.0345519594848156,1.007049322128296,1.542179822921753,0.8908395171165466,0.8968526124954224,-0.05499185621738434,-0.4165914058685303,0.3679273724555969,1.0046782493591309,1.002769112586975,1.0137007236480713,https://wandb.ai/ememchijioke-university-of-klagenfurt/marl-uav-v0-7-compact-triangle-obstacle/runs/f23wgnom
2026-05-30T11:40:04.517859,220,1,11374.231714120755,0,0,0,MOVE_TRIANGLE_OBSTACLE,1.0,0.04734775051474571,0.023009255528450012,0.0255698561668396,0.7436899542808533,0.7842367887496948,0.7861627340316772,0.03282822296023369,0.34798359870910645,0.5810791850090027,1,0.07770435092970729,0.05247576907277107,0.06677166372537613,0.4005262851715088,0.4154399335384369,0.01823475770652294,0.08031836152076721,0,0.7436899542808533,1,0,1.1105284690856934,-0.03274168446660042,1.0070316791534424,1.5465501546859741,0.8909391760826111,0.8940962553024292,-0.06072310730814934,-0.4117886424064636,0.3742866814136505,1.0042022466659546,1.0028026103973389,1.0140902996063232,https://wandb.ai/ememchijioke-university-of-klagenfurt/marl-uav-v0-7-compact-triangle-obstacle/runs/f23wgnom
2026-05-30T11:40:11.463747,221,1,11370.684309618502,0,0,0,MOVE_TRIANGLE_OBSTACLE,1.0,0.04702303931117058,0.021789973601698875,0.025659044583638508,0.7384703755378723,0.7774538397789001,0.7879936695098877,0.032272059470415115,0.3467307984828949,0.5789516568183899,1,0.07906857691705227,0.051431309431791306,0.06615733355283737,0.3940841257572174,0.40020498633384705,0.016112351790070534,0.14039728045463562,0,0.7384703755378723,1,0,1.110478401184082,-0.032279759645462036,1.0067440271377563,1.5416052341461182,0.8946733474731445,0.8951565027236938,-0.057512734085321426,-0.4136215150356293,0.3742949664592743,1.0044327974319458,1.0023906230926514,1.0134087800979614,https://wandb.ai/ememchijioke-university-of-klagenfurt/marl-uav-v0-7-compact-triangle-obstacle/runs/f23wgnom
2026-05-30T11:40:18.603077,222,1,11384.160978258831,0,0,0,MOVE_TRIANGLE_OBSTACLE,1.0,0.047289684414863586,0.01690687984228134,0.019379854202270508,0.7370340824127197,0.7631956338882446,0.7819780111312866,0.024880720302462578,0.34344348311424255,0.5761813521385193,1,0.0818043788895011,0.04941931366920471,0.06170336529612541,0.3927544057369232,0.41302862763404846,0.013662396930158138,0.1528390645980835,0,0.7370340824127197,1,0,1.112286925315857,-0.03427022695541382,1.0074928998947144,1.5388354063034058,0.8995160460472107,0.8985092043876648,-0.05042361840605736,-0.41714707016944885,0.36476001143455505,1.0053110122680664,1.0033420324325562,1.0138256549835205,https://wandb.ai/ememchijioke-university-of-klagenfurt/marl-uav-v0-7-compact-triangle-obstacle/runs/f23wgnom
2026-05-30T11:40:25.607211,223,1,11380.807878876833,0,0,0,MOVE_TRIANGLE_OBSTACLE,1.0,0.048571061342954636,0.02415277063846588,0.02794655164082845,0.7224374413490295,0.7771824598312378,0.7790946364402771,0.034266695380210876,0.34526896476745605,0.5780033469200134,1,0.07912209606729448,0.052561357617378235,0.07827101647853851,0.405727744102478,0.4280014932155609,0.022199997678399086,0.09277405589818954,0,0.7224374413490295,1,0,1.1108344793319702,-0.03469784930348396,1.0074331760406494,1.5369844436645508,0.8987575769424438,0.8967615365982056,-0.06871279329061508,-0.40719833970069885,0.37181758880615234,1.005894422531128,1.0027557611465454,1.0136492252349854,https://wandb.ai/ememchijioke-university-of-klagenfurt/marl-uav-v0-7-compact-triangle-obstacle/runs/f23wgnom
2026-05-30T11:40:32.123094,224,1,11436.095722838778,0,0,0,MOVE_TRIANGLE_OBSTACLE,1.0,0.04485410824418068,0.018364189192652702,0.023253798484802246,0.7339041829109192,0.7804548144340515,0.7732107639312744,0.02525957301259041,0.34629735350608826,0.5758944153785706,1,0.07878248952329159,0.048406779766082764,0.0599704310297966,0.39639976620674133,0.4097902476787567,0.0211371760815382,0.0961226299405098,0,0.7339041829109192,1,0,1.1197236776351929,-0.03021598793566227,1.00755774974823,1.5534573793411255,0.9101271033287048,0.8955864310264587,-0.052429214119911194,-0.4056042730808258,0.36738553643226624,1.0057400465011597,1.0027623176574707,1.014170527458191,https://wandb.ai/ememchijioke-university-of-klagenfurt/marl-uav-v0-7-compact-triangle-obstacle/runs/f23wgnom
2026-05-30T11:40:39.434376,225,1,11372.084371659697,0,0,0,MOVE_TRIANGLE_OBSTACLE,1.0,0.044426895678043365,0.019220614805817604,0.022710978984832764,0.7395251393318176,0.7774767279624939,0.780181348323822,0.027721961960196495,0.34480559825897217,0.5777713060379028,1,0.07976187253370881,0.04807088151574135,0.06226208806037903,0.4134245812892914,0.4296325445175171,0.006731972098350525,0.11555855721235275,0,0.7395251393318176,1,0,1.1141042709350586,-0.03209708258509636,1.0070546865463257,1.547300100326538,0.898180365562439,0.8968324661254883,-0.055933281779289246,-0.41023123264312744,0.3698732852935791,1.0059282779693604,1.002185344696045,1.0130501985549927,https://wandb.ai/ememchijioke-university-of-klagenfurt/marl-uav-v0-7-compact-triangle-obstacle/runs/f23wgnom
2026-05-30T11:40:46.122179,226,1,11293.00254517968,0,0,0,MOVE_TRIANGLE_OBSTACLE,1.0,0.04344577714800835,0.022637737914919853,0.02270829677581787,0.746399462223053,0.7796695232391357,0.7848548293113708,0.03132982552051544,0.3492390513420105,0.5797387957572937,1,0.07778057549148798,0.04828493297100067,0.06219283491373062,0.3975084722042084,0.41002917289733887,0.013385861180722713,0.09052112698554993,0,0.746399462223053,1,0,1.1056243181228638,-0.030209898948669434,1.0072258710861206,1.5412068367004395,0.8832760453224182,0.8923901915550232,-0.0568079836666584,-0.40927860140800476,0.37545689940452576,1.0051089525222778,1.0031791925430298,1.013389229774475,https://wandb.ai/ememchijioke-university-of-klagenfurt/marl-uav-v0-7-compact-triangle-obstacle/runs/f23wgnom
2026-05-30T11:40:53.072582,227,1,11382.987797300435,0,0,0,MOVE_TRIANGLE_OBSTACLE,1.0,0.051422663033008575,0.021871961653232574,0.026794334252675373,0.7370926141738892,0.7790666222572327,0.7884089946746826,0.03221410512924194,0.34819838404655457,0.5829572081565857,1,0.077603280544281,0.05519111081957817,0.07114352285861969,0.3945097029209137,0.40811049938201904,0.011532671749591827,0.17107488214969635,0,0.7370926141738892,1,0,1.111019492149353,-0.038718581199645996,1.0075792074203491,1.5422255992889404,0.8975015878677368,0.8933313488960266,-0.0633298009634018,-0.42056939005851746,0.36774343252182007,1.0064122676849365,1.0023694038391113,1.013956069946289,https://wandb.ai/ememchijioke-university-of-klagenfurt/marl-uav-v0-7-compact-triangle-obstacle/runs/f23wgnom
2026-05-30T11:41:00.053004,228,1,11442.461223884937,0,0,0,MOVE_TRIANGLE_OBSTACLE,1.0,0.046143848448991776,0.02072407305240631,0.02716936667760213,0.7371942400932312,0.7847389578819275,0.7839633822441101,0.03017711080610752,0.34683188796043396,0.5795758366584778,1,0.07813341007567942,0.0507209487259388,0.06056949496269226,0.39368757605552673,0.4054306149482727,0.012402653694152832,0.14665108919143677,0,0.7371942400932312,1,0,1.1212149858474731,-0.03359803557395935,1.0072598457336426,1.5558379888534546,0.9129773378372192,0.8948295712471008,-0.054293274879455566,-0.41508275270462036,0.3685819208621979,1.0060375928878784,1.0019797086715698,1.0137622356414795,https://wandb.ai/ememchijioke-university-of-klagenfurt/marl-uav-v0-7-compact-triangle-obstacle/runs/f23wgnom
2026-05-30T11:41:06.622458,229,1,11311.246357188707,0,0,0,MOVE_TRIANGLE_OBSTACLE,1.0,0.04398380592465401,0.022078020498156548,0.023722469806671143,0.7405884265899658,0.7796703577041626,0.7820854783058167,0.030805116519331932,0.34933459758758545,0.5798758864402771,1,0.07742915721610188,0.04845908656716347,0.06558841466903687,0.38972631096839905,0.4059009850025177,0.017029089853167534,0.0993841290473938,0,0.7405884265899658,1,0,1.1067299842834473,-0.03196590021252632,1.0074846744537354,1.5405592918395996,0.8871974349021912,0.892433226108551,-0.06017274782061577,-0.4088549017906189,0.3731299340724945,1.005818247795105,1.0026164054870605,1.014019250869751,https://wandb.ai/ememchijioke-university-of-klagenfurt/marl-uav-v0-7-compact-triangle-obstacle/runs/f23wgnom
2026-05-30T11:41:13.134245,230,1,11437.625256908965,0,0,0,MOVE_TRIANGLE_OBSTACLE,1.0,0.044462237507104874,0.018228968605399132,0.022721668084462483,0.7417640089988708,0.7794067859649658,0.7805222272872925,0.026641780510544777,0.3453088104724884,0.5767114758491516,1,0.07954578101634979,0.04830789566040039,0.05601918697357178,0.381776362657547,0.39594367146492004,0.022245517000555992,0.116812564432621,0,0.7417640089988708,1,0,1.1197210550308228,-0.029494693502783775,1.0080634355545044,1.5547080039978027,0.9071637392044067,0.8972914814949036,-0.04843229800462723,-0.41020530462265015,0.3701535165309906,1.0068998336791992,1.002367615699768,1.014922857284546,https://wandb.ai/ememchijioke-university-of-klagenfurt/marl-uav-v0-7-compact-triangle-obstacle/runs/f23wgnom
2026-05-30T11:41:20.226479,231,1,11431.507352470926,0,0,0,MOVE_TRIANGLE_OBSTACLE,1.0,0.04558180272579193,0.01930895633995533,0.02453935146331787,0.7415869235992432,0.7833250164985657,0.7818799614906311,0.028324304148554802,0.3463321328163147,0.5789210796356201,1,0.0785299523267895,0.049789074808359146,0.05799451097846031,0.3817308843135834,0.39277946949005127,0.013124405406415462,0.10064739733934402,0,0.7415869235992432,1,0,1.1206403970718384,-0.03215361759066582,1.0077728033065796,1.556817650794983,0.909207284450531,0.8958961367607117,-0.051845792680978775,-0.4131409525871277,0.368525892496109,1.0064207315444946,1.002205491065979,1.0146923065185547,https://wandb.ai/ememchijioke-university-of-klagenfurt/marl-uav-v0-7-compact-triangle-obstacle/runs/f23wgnom
2026-05-30T11:41:25.972282,232,1,11374.422939486243,0,0,0,MOVE_TRIANGLE_OBSTACLE,1.0,0.040733546018600464,0.02156202495098114,0.023162345091501873,0.7453374266624451,0.778984010219574,0.7858404517173767,0.030738234519958496,0.34471189975738525,0.5767239928245544,1,0.08007629495114088,0.04598137363791466,0.05681607499718666,0.383816123008728,0.4048033654689789,0.01734624244272709,0.1056303158402443,0,0.7453374266624451,1,0,1.1147189140319824,-0.02712135575711727,1.0081405639648438,1.549593448638916,0.8954529166221619,0.8991103768348694,-0.05087744817137718,-0.408096581697464,0.3776099681854248,1.0066231489181519,1.0018788576126099,1.015919804573059,https://wandb.ai/ememchijioke-university-of-klagenfurt/marl-uav-v0-7-compact-triangle-obstacle/runs/f23wgnom
2026-05-30T11:41:33.213340,233,1,11428.784488314914,0,0,0,MOVE_TRIANGLE_OBSTACLE,1.0,0.049210816621780396,0.020610734820365906,0.026154855887095135,0.7384383082389832,0.7815393805503845,0.785363495349884,0.030408887192606926,0.3464469015598297,0.5802552103996277,1,0.07846472226083279,0.053409893065690994,0.0648668184876442,0.3857097327709198,0.38975974917411804,0.011880175210535526,0.09511193633079529,0,0.7384383082389832,1,0,1.1178957223892212,-0.03449227288365364,1.008299469947815,1.551337480545044,0.9060811996459961,0.8962684869766235,-0.056850630789995193,-0.41591736674308777,0.36929118633270264,1.0059597492218018,1.0034077167510986,1.0155308246612549,https://wandb.ai/ememchijioke-university-of-klagenfurt/marl-uav-v0-7-compact-triangle-obstacle/runs/f23wgnom
2026-05-30T11:41:40.416696,234,1,11435.173814370422,0,0,0,MOVE_TRIANGLE_OBSTACLE,1.0,0.04580434039235115,0.021313263103365898,0.02752860387166341,0.735748827457428,0.7851391434669495,0.7831954956054688,0.031030775979161263,0.34362518787384033,0.5790191292762756,1,0.0795258516445756,0.05054609104990959,0.06493128836154938,0.38882318139076233,0.40497317910194397,0.01800849474966526,0.09828916192054749,0,0.735748827457428,1,0,1.1214441061019897,-0.03322566673159599,1.0077733993530273,1.5555627346038818,0.9099483489990234,0.8988209962844849,-0.05900796875357628,-0.4118557572364807,0.3711867332458496,1.005933165550232,1.003312110900879,1.0140749216079712,https://wandb.ai/ememchijioke-university-of-klagenfurt/marl-uav-v0-7-compact-triangle-obstacle/runs/f23wgnom
2026-05-30T11:41:47.185168,235,1,11376.732971773587,0,0,0,MOVE_TRIANGLE_OBSTACLE,1.0,0.0459480844438076,0.025711217895150185,0.02899022897084554,0.7422795295715332,0.7856019139289856,0.7936483025550842,0.03736250847578049,0.3453102111816406,0.5813364386558533,1,0.07891818811185658,0.05220786854624748,0.06859603524208069,0.39610013365745544,0.3990618586540222,0.021279461681842804,0.0875818133354187,0,0.7422795295715332,1,0,1.1122560501098633,-0.032267261296510696,1.0078973770141602,1.5466333627700806,0.8927876949310303,0.8973469138145447,-0.06254994869232178,-0.41391128301620483,0.3796594440937042,1.006631851196289,1.0034736394882202,1.0135865211486816,https://wandb.ai/ememchijioke-university-of-klagenfurt/marl-uav-v0-7-compact-triangle-obstacle/runs/f23wgnom
2026-05-30T11:41:54.450209,236,1,11443.89145898592,0,0,0,MOVE_TRIANGLE_OBSTACLE,1.0,0.04886799305677414,0.02083580754697323,0.02535410722096761,0.7512097358703613,0.7844620943069458,0.7903904914855957,0.030426591634750366,0.3443683683872223,0.5834435820579529,1,0.07908605854026973,0.053087327629327774,0.05892070010304451,0.39725327491760254,0.4210888147354126,0.012271172367036343,0.11787282675504684,0,0.7512097358703613,1,0,1.1216673851013184,-0.037313174456357956,1.0087026357650757,1.560368537902832,0.9065606594085693,0.8980728983879089,-0.05413808301091194,-0.42402711510658264,0.3662256896495819,1.0085320472717285,1.002753734588623,1.014822006225586,https://wandb.ai/ememchijioke-university-of-klagenfurt/marl-uav-v0-7-compact-triangle-obstacle/runs/f23wgnom
2026-05-30T11:42:01.706819,237,1,11447.865026662685,0,0,0,MOVE_TRIANGLE_OBSTACLE,1.0,0.05044323578476906,0.020966341719031334,0.024399797121683758,0.7487505674362183,0.7876500487327576,0.784299910068512,0.029941968619823456,0.3486267626285553,0.5831760168075562,1,0.07678512809798121,0.05493856966495514,0.06277187168598175,0.40375423431396484,0.40793439745903015,0.01180747989565134,0.08600982278585434,0,0.7487505674362183,1,0,1.1168994903564453,-0.035157639533281326,1.0087412595748901,1.5569287538528442,0.9000840187072754,0.8936857581138611,-0.05696301907300949,-0.41633811593055725,0.36782822012901306,1.0081825256347656,1.0025286674499512,1.0155123472213745,https://wandb.ai/ememchijioke-university-of-klagenfurt/marl-uav-v0-7-compact-triangle-obstacle/runs/f23wgnom
2026-05-30T11:42:09.005308,238,1,11341.349505025602,0,0,0,MOVE_TRIANGLE_OBSTACLE,1.0,0.044231560081243515,0.0245246272534132,0.030560274918874104,0.7389286160469055,0.7882394790649414,0.7923699617385864,0.036036934703588486,0.34674951434135437,0.5819463729858398,1,0.0778578391764313,0.05032792687416077,0.06609693169593811,0.39693132042884827,0.4046632647514343,0.017658771947026253,0.1214841976761818,0,0.7389286160469055,1,0,1.116550087928772,-0.03374257683753967,1.0080230236053467,1.5511466264724731,0.9027875065803528,0.8957163095474243,-0.061542902141809464,-0.41596636176109314,0.3762815296649933,1.0076807737350464,1.002205729484558,1.0141825675964355,https://wandb.ai/ememchijioke-university-of-klagenfurt/marl-uav-v0-7-compact-triangle-obstacle/runs/f23wgnom
2026-05-30T11:42:16.304768,239,1,11502.486862673746,0,0,0,MOVE_TRIANGLE_OBSTACLE,1.0,0.050301406532526016,0.022486424073576927,0.02768079439798991,0.7521010041236877,0.7916319966316223,0.7893093824386597,0.03241489455103874,0.34423455595970154,0.5825026035308838,1,0.07879661326296628,0.055616069585084915,0.06059049069881439,0.3862851560115814,0.3923623263835907,0.01532128918915987,0.10806020349264145,0,0.7521010041236877,1,0,1.1233159303665161,-0.03332080319523811,1.0086160898208618,1.565222978591919,0.9062561988830566,0.8984684348106384,-0.05472533032298088,-0.41721391677856445,0.3719768226146698,1.0079025030136108,1.0033462047576904,1.0145999193191528,https://wandb.ai/ememchijioke-university-of-klagenfurt/marl-uav-v0-7-compact-triangle-obstacle/runs/f23wgnom
2026-05-30T11:42:22.946520,240,1,11373.225471796997,0,0,0,MOVE_TRIANGLE_OBSTACLE,1.0,0.05118540674448013,0.02507360838353634,0.03157401084899902,0.73492431640625,0.7807391881942749,0.7989071607589722,0.0368146188557148,0.34944096207618713,0.5842719674110413,1,0.07706912118010223,0.05622336268424988,0.07107367366552353,0.38998648524284363,0.4038124084472656,0.02070402167737484,0.08845677226781845,0,0.73492431640625,1,0,1.1118649244308472,-0.039012402296066284,1.0080815553665161,1.5408399105072021,0.9026173949241638,0.8921374678611755,-0.062360428273677826,-0.426717072725296,0.3720403015613556,1.0079400539398193,1.0024638175964355,1.013840913772583,https://wandb.ai/ememchijioke-university-of-klagenfurt/marl-uav-v0-7-compact-triangle-obstacle/runs/f23wgnom
2026-05-30T11:42:29.379455,241,1,11373.374249417464,0,0,0,MOVE_TRIANGLE_OBSTACLE,1.0,0.04356636479496956,0.021213481202721596,0.026275257269541424,0.730314314365387,0.7717856764793396,0.7873544096946716,0.030150214210152626,0.34492382407188416,0.576694905757904,1,0.08030168665573001,0.04764452576637268,0.06277698278427124,0.3826456367969513,0.39097699522972107,0.027267560362815857,0.2078438550233841,0,0.730314314365387,1,0,1.1158970594406128,-0.03209728002548218,1.008832573890686,1.5419889688491821,0.9074901342391968,0.8982119560241699,-0.05343678966164589,-0.4150286912918091,0.37217363715171814,1.00779390335083,1.0031598806381226,1.0155436992645264,https://wandb.ai/ememchijioke-university-of-klagenfurt/marl-uav-v0-7-compact-triangle-obstacle/runs/f23wgnom
2026-05-30T11:42:36.397263,242,1,11436.749940732669,0,0,0,MOVE_TRIANGLE_OBSTACLE,1.0,0.052676375955343246,0.021641256287693977,0.028159181276957195,0.7338911294937134,0.7841564416885376,0.7842122316360474,0.031034430488944054,0.3480461835861206,0.5833126902580261,1,0.07697164034470916,0.056699275970458984,0.07082293927669525,0.3774128258228302,0.3830644190311432,0.0157747995108366,0.08030438423156738,0,0.7338911294937134,1,0,1.118503451347351,-0.03967002034187317,1.0088919401168823,1.5514429807662964,0.9099114537239075,0.8941556811332703,-0.06339821219444275,-0.4197848439216614,0.3641729950904846,1.007926106452942,1.0032366514205933,1.0155128240585327,https://wandb.ai/ememchijioke-university-of-klagenfurt/marl-uav-v0-7-compact-triangle-obstacle/runs/f23wgnom
2026-05-30T11:42:42.486967,243,1,11380.84897713596,0,0,0,MOVE_TRIANGLE_OBSTACLE,1.0,0.05014456436038017,0.023594476282596588,0.02825727065404256,0.7387070059776306,0.7799260020256042,0.793552815914154,0.03477371484041214,0.34782007336616516,0.5830095410346985,1,0.07785050361417234,0.054675500839948654,0.07005371898412704,0.4088033437728882,0.4133289158344269,0.015405627898871899,0.09762978553771973,0,0.7387070059776306,1,0,1.1112812757492065,-0.03700428083539009,1.0086395740509033,1.5423818826675415,0.8969966769218445,0.8944651484489441,-0.06192450597882271,-0.42127251625061035,0.3721841871738434,1.0085537433624268,1.0026376247406006,1.0147273540496826,https://wandb.ai/ememchijioke-university-of-klagenfurt/marl-uav-v0-7-compact-triangle-obstacle/runs/f23wgnom
2026-05-30T11:42:49.512732,244,1,11375.48862244522,0,0,0,MOVE_TRIANGLE_OBSTACLE,1.0,0.047134507447481155,0.023631423711776733,0.027484595775604248,0.7418548464775085,0.7772409319877625,0.7970677018165588,0.03507239371538162,0.34616386890411377,0.5810777544975281,1,0.07926785573363304,0.05205434560775757,0.06449612975120544,0.39491066336631775,0.43783748149871826,0.015474237501621246,0.07750600576400757,0,0.7418548464775085,1,0,1.112341284751892,-0.033792346715927124,1.0088012218475342,1.5429977178573608,0.8973494172096252,0.8966767191886902,-0.05590773746371269,-0.42122510075569153,0.37575578689575195,1.0085396766662598,1.0030579566955566,1.0148060321807861,https://wandb.ai/ememchijioke-university-of-klagenfurt/marl-uav-v0-7-compact-triangle-obstacle/runs/f23wgnom
2026-05-30T11:42:55.232025,245,1,11440.324499875209,0,0,0,MOVE_TRIANGLE_OBSTACLE,1.0,0.050747595727443695,0.023815875872969627,0.02751268943150838,0.7463304996490479,0.7819211483001709,0.7969474196434021,0.03508514165878296,0.3430161476135254,0.583183228969574,1,0.07998891454190016,0.05556826293468475,0.06627807766199112,0.39305123686790466,0.3977838158607483,0.01729852892458439,0.11979109793901443,0,0.7463304996490479,1,0,1.1184520721435547,-0.03699697181582451,1.0090041160583496,1.5527347326278687,0.9021730422973633,0.9004483222961426,-0.05880723521113396,-0.4245110750198364,0.37232738733291626,1.0088337659835815,1.0025572776794434,1.0156210660934448,https://wandb.ai/ememchijioke-university-of-klagenfurt/marl-uav-v0-7-compact-triangle-obstacle/runs/f23wgnom
2026-05-30T11:43:02.111006,246,1,11441.408449168808,0,0,0,MOVE_TRIANGLE_OBSTACLE,1.0,0.05232217162847519,0.020389320328831673,0.025315284729003906,0.7354352474212646,0.7725297808647156,0.7888513207435608,0.02953147143125534,0.3461818993091583,0.579701840877533,1,0.07938216393813491,0.055761393159627914,0.06746257841587067,0.3956085741519928,0.41158562898635864,0.014355376362800598,0.15468893945217133,0,0.7354352474212646,1,0,1.1149588823318481,-0.03586996719241142,1.0088828802108765,1.543125867843628,0.9055399298667908,0.8962107300758362,-0.05444373935461044,-0.42093440890312195,0.367768257856369,1.0087108612060547,1.0028976202011108,1.0150401592254639,https://wandb.ai/ememchijioke-university-of-klagenfurt/marl-uav-v0-7-compact-triangle-obstacle/runs/f23wgnom
2026-05-30T11:43:08.757456,247,1,11500.90895887866,0,0,0,MOVE_TRIANGLE_OBSTACLE,1.0,0.05119242146611214,0.02253962866961956,0.028434117635091145,0.7459325790405273,0.7875987887382507,0.79363614320755,0.033453091979026794,0.34591251611709595,0.582850456237793,1,0.07825409155339003,0.05633005499839783,0.060732923448085785,0.40004345774650574,0.406930536031723,0.018602123484015465,0.15315453708171844,0,0.7459325790405273,1,0,1.1242214441299438,-0.03551478311419487,1.008902907371521,1.5614928007125854,0.914108395576477,0.8970633745193481,-0.05295908823609352,-0.42346322536468506,0.36987796425819397,1.0084360837936401,1.0024725198745728,1.0158002376556396,https://wandb.ai/ememchijioke-university-of-klagenfurt/marl-uav-v0-7-compact-triangle-obstacle/runs/f23wgnom
2026-05-30T11:43:15.073988,248,1,11439.094803311076,0,0,0,MOVE_TRIANGLE_OBSTACLE,1.0,0.05268561467528343,0.02292918600142002,0.0274314284324646,0.7439443469047546,0.779033899307251,0.7972047328948975,0.03401973471045494,0.34556910395622253,0.5835357308387756,1,0.0789853751193732,0.05709901824593544,0.06647670269012451,0.38418054580688477,0.41855984926223755,0.009573020972311497,0.12388726323843002,0,0.7439443469047546,1,0,1.1169253587722778,-0.03825794532895088,1.0090481042861938,1.5492231845855713,0.903922975063324,0.8976300358772278,-0.05718670412898064,-0.42732417583465576,0.36973702907562256,1.0086320638656616,1.0023771524429321,1.0161349773406982,https://wandb.ai/ememchijioke-university-of-klagenfurt/marl-uav-v0-7-compact-triangle-obstacle/runs/f23wgnom
2026-05-30T11:43:22.008411,249,1,11375.456645847655,0,0,0,MOVE_TRIANGLE_OBSTACLE,1.0,0.049581095576286316,0.024060850962996483,0.02799954017003377,0.7368676662445068,0.7728461027145386,0.7980201840400696,0.0354449637234211,0.34506210684776306,0.5814810991287231,1,0.07991218753159046,0.05390864238142967,0.06894528120756149,0.3816300928592682,0.400359183549881,0.018247058615088463,0.09837432950735092,0,0.7368676662445068,1,0,1.1122311353683472,-0.03704522177577019,1.0087562799453735,1.5390325784683228,0.8997070789337158,0.8979535102844238,-0.05879583954811096,-0.4251271188259125,0.3727872967720032,1.0085890293121338,1.0024027824401855,1.0152770280838013,https://wandb.ai/ememchijioke-university-of-klagenfurt/marl-uav-v0-7-compact-triangle-obstacle/runs/f23wgnom
2026-05-30T11:43:28.851953,250,1,11368.365986096169,0,0,0,MOVE_TRIANGLE_OBSTACLE,1.0,0.04872668534517288,0.0204339399933815,0.025400598843892414,0.7540582418441772,0.770542562007904,0.801600992679596,0.030482806265354156,0.3490898907184601,0.5822209119796753,1,0.07894667098298669,0.0525972880423069,0.06499553471803665,0.39057406783103943,0.42768430709838867,0.016593270003795624,0.15394161641597748,0,0.7540582418441772,1,0,1.1111873388290405,-0.03492170572280884,1.0088368654251099,1.543434977531433,0.8973537087440491,0.892773449420929,-0.0429031141102314,-0.4316841959953308,0.3698222041130066,1.008806824684143,1.0031356811523438,1.0145680904388428,https://wandb.ai/ememchijioke-university-of-klagenfurt/marl-uav-v0-7-compact-triangle-obstacle/runs/f23wgnom
2026-05-30T11:43:35.822071,251,1,11440.856908067713,0,0,0,MOVE_TRIANGLE_OBSTACLE,1.0,0.05146905407309532,0.021898329257965088,0.026829818884531658,0.7437207698822021,0.7783082127571106,0.7959020137786865,0.032536160200834274,0.3449924886226654,0.5827646851539612,1,0.07938863756135106,0.055661845952272415,0.06399407237768173,0.37678107619285583,0.3920592963695526,0.01702873595058918,0.15847498178482056,0,0.7437207698822021,1,0,1.118240475654602,-0.03777601197361946,1.0090733766555786,1.5505013465881348,0.9065713286399841,0.8976488709449768,-0.054979074746370316,-0.42705586552619934,0.36870691180229187,1.008965253829956,1.0031684637069702,1.0150867700576782,https://wandb.ai/ememchijioke-university-of-klagenfurt/marl-uav-v0-7-compact-triangle-obstacle/runs/f23wgnom
2026-05-30T11:43:42.337669,252,1,11375.690270799558,0,0,0,MOVE_TRIANGLE_OBSTACLE,1.0,0.05091013014316559,0.024303456768393517,0.025981942812601726,0.7492488622665405,0.7727528810501099,0.8044418096542358,0.03622971102595329,0.3487558960914612,0.5826659202575684,1,0.07875740388408303,0.05568179488182068,0.06566830724477768,0.40580952167510986,0.41862887144088745,0.016762636601924896,0.09113061428070068,0,0.7492488622665405,1,0,1.1074789762496948,-0.034259241074323654,1.0091845989227295,1.5378981828689575,0.8903328776359558,0.8942059874534607,-0.05115048959851265,-0.42798182368278503,0.3763546049594879,1.0087666511535645,1.0031788349151611,1.015608310699463,https://wandb.ai/ememchijioke-university-of-klagenfurt/marl-uav-v0-7-compact-triangle-obstacle/runs/f23wgnom
2026-05-30T11:43:48.610691,253,1,11382.727242112045,0,0,0,MOVE_TRIANGLE_OBSTACLE,1.0,0.052945781499147415,0.02446105144917965,0.02921760082244873,0.7417524456977844,0.779021680355072,0.8003835678100586,0.036476075649261475,0.34868812561035156,0.585582435131073,1,0.07748256530612707,0.057424355298280716,0.0703313872218132,0.4122443199157715,0.430531769990921,0.011822906322777271,0.18766002357006073,0,0.7417524456977844,1,0,1.110648274421692,-0.04008660838007927,1.0091639757156372,1.541322112083435,0.8971535563468933,0.8934690952301025,-0.06170138716697693,-0.42943075299263,0.3708723187446594,1.0084611177444458,1.0041476488113403,1.0148833990097046,https://wandb.ai/ememchijioke-university-of-klagenfurt/marl-uav-v0-7-compact-triangle-obstacle/runs/f23wgnom
2026-05-30T11:43:55.701845,254,1,11368.74597105726,0,0,0,MOVE_TRIANGLE_OBSTACLE,1.0,0.04938734695315361,0.021773776039481163,0.02515353759129842,0.7460815906524658,0.7726971507072449,0.7988450527191162,0.03237755224108696,0.3490469753742218,0.5819976329803467,1,0.0784425213932991,0.05352260544896126,0.06101640686392784,0.38651981949806213,0.4069575369358063,0.018552949652075768,0.1435985565185547,0,0.7460815906524658,1,0,1.1104047298431396,-0.03494439646601677,1.0094527006149292,1.5408130884170532,0.8970931172370911,0.8933079838752747,-0.04977911710739136,-0.4269010126590729,0.3718469440937042,1.0097895860671997,1.0033520460128784,1.0152164697647095,https://wandb.ai/ememchijioke-university-of-klagenfurt/marl-uav-v0-7-compact-triangle-obstacle/runs/f23wgnom
2026-05-30T11:44:02.959075,255,1,11380.89753252596,0,0,0,MOVE_TRIANGLE_OBSTACLE,1.0,0.04857118800282478,0.015836330130696297,0.016635000705718994,0.7484102249145508,0.7665296792984009,0.7817855477333069,0.023081988096237183,0.3459674119949341,0.5786434412002563,1,0.0802185251377523,0.05057645961642265,0.05726729333400726,0.41138434410095215,0.43039339780807495,0.014972534030675888,0.11733749508857727,0,0.7484102249145508,1,0,1.1106270551681519,-0.034191280603408813,1.008738398551941,1.543013572692871,0.8931162357330322,0.8957512974739075,-0.04735441878437996,-0.418462336063385,0.3632429242134094,1.008771300315857,1.0032768249511719,1.0141669511795044,https://wandb.ai/ememchijioke-university-of-klagenfurt/marl-uav-v0-7-compact-triangle-obstacle/runs/f23wgnom
2026-05-30T11:44:10.353356,256,1,11437.415378858706,0,0,0,MOVE_TRIANGLE_OBSTACLE,1.0,0.051304709166288376,0.015954120084643364,0.019300917784372967,0.7375461459159851,0.7659040093421936,0.7795448899269104,0.022997673600912094,0.3444928526878357,0.5768768191337585,1,0.08080656826496124,0.05341261997818947,0.06311732530593872,0.3946644961833954,0.41661959886550903,0.009868468157947063,0.0986553356051445,0,0.7375461459159851,1,0,1.1150883436203003,-0.03451746702194214,1.0088454484939575,1.5434595346450806,0.9040668606758118,0.8977385759353638,-0.049266647547483444,-0.4168602228164673,0.3625744581222534,1.008439540863037,1.0033081769943237,1.0147883892059326,https://wandb.ai/ememchijioke-university-of-klagenfurt/marl-uav-v0-7-compact-triangle-obstacle/runs/f23wgnom
2026-05-30T11:44:16.748901,257,1,11378.12395516924,0,0,0,MOVE_TRIANGLE_OBSTACLE,1.0,0.05091070011258125,0.022791748866438866,0.026399771372477215,0.7338559627532959,0.7673100233078003,0.7957452535629272,0.03291916474699974,0.3472665250301361,0.5800716280937195,1,0.07955246651545167,0.05470407009124756,0.06894746422767639,0.38970306515693665,0.41654738783836365,0.016755303367972374,0.1016949713230133,0,0.7338559627532959,1,0,1.1094592809677124,-0.03641805052757263,1.0085182189941406,1.5334922075271606,0.8995667099952698,0.8953186273574829,-0.055188652127981186,-0.42484426498413086,0.37077876925468445,1.0081899166107178,1.002042293548584,1.0153224468231201,https://wandb.ai/ememchijioke-university-of-klagenfurt/marl-uav-v0-7-compact-triangle-obstacle/runs/f23wgnom
2026-05-30T11:44:23.047920,258,1,11502.048566306179,0,0,0,MOVE_TRIANGLE_OBSTACLE,1.0,0.05572495236992836,0.020764807239174843,0.026832858721415203,0.7427778840065002,0.7832528352737427,0.7900236248970032,0.03097730316221714,0.3447745740413666,0.583977460861206,1,0.07878519012592733,0.05960193648934364,0.0666593462228775,0.39431723952293396,0.41148024797439575,0.018492629751563072,0.09715912491083145,0,0.7427778840065002,1,0,1.1226906776428223,-0.04044188931584358,1.0088170766830444,1.5577534437179565,0.9129802584648132,0.8973384499549866,-0.05787499621510506,-0.4266274571418762,0.36317679286003113,1.0073565244674683,1.004498839378357,1.0145959854125977,https://wandb.ai/ememchijioke-university-of-klagenfurt/marl-uav-v0-7-compact-triangle-obstacle/runs/f23wgnom
2026-05-30T11:44:30.135800,259,1,11348.769131995155,0,0,0,MOVE_TRIANGLE_OBSTACLE,1.0,0.0513962060213089,0.01810976304113865,0.02210056781768799,0.7451280951499939,0.772689938545227,0.7887398600578308,0.027064425870776176,0.3499630093574524,0.5826540589332581,1,0.07763278670608997,0.054209087044000626,0.0607997290790081,0.4018162190914154,0.409330815076828,0.017634710296988487,0.09102468937635422,0,0.7451280951499939,1,0,1.1110162734985352,-0.03852587938308716,1.0083304643630981,1.5431677103042603,0.898842453956604,0.8910386562347412,-0.051916249096393585,-0.4261501729488373,0.3624887764453888,1.0071184635162354,1.0039799213409424,1.0138932466506958,https://wandb.ai/ememchijioke-university-of-klagenfurt/marl-uav-v0-7-compact-triangle-obstacle/runs/f23wgnom
2026-05-30T11:44:37.007187,260,1,11435.52698476814,0,0,0,MOVE_TRIANGLE_OBSTACLE,1.0,0.04816412180662155,0.017152072861790657,0.021212478478749592,0.744742751121521,0.7718574404716492,0.7865227460861206,0.02561194635927677,0.3447583317756653,0.5773743987083435,1,0.08070100657641888,0.051151569932699203,0.05603260546922684,0.38666558265686035,0.40170493721961975,0.019849056378006935,0.11283698678016663,0,0.744742751121521,1,0,1.1167811155319214,-0.03192489221692085,1.00775945186615,1.548923134803772,0.9049466848373413,0.8964732885360718,-0.04468977078795433,-0.4187566637992859,0.36767175793647766,1.0069568157196045,1.0037869215011597,1.012534737586975,https://wandb.ai/ememchijioke-university-of-klagenfurt/marl-uav-v0-7-compact-triangle-obstacle/runs/f23wgnom
2026-05-30T11:44:44.095653,261,1,11408.526644686825,0,0,0,MOVE_TRIANGLE_OBSTACLE,1.0,0.04869450256228447,0.01937662623822689,0.024152716000874836,0.7424478530883789,0.7728313207626343,0.7920746803283691,0.028816046193242073,0.3462487459182739,0.5780595541000366,1,0.08001749636605382,0.052466947585344315,0.05815448239445686,0.3911103308200836,0.42177894711494446,0.021516842767596245,0.06417286396026611,0,0.7424478530883789,1,0,1.1158897876739502,-0.03156866505742073,1.0084036588668823,1.5463807582855225,0.9058033227920532,0.8954852223396301,-0.04532906413078308,-0.42066508531570435,0.37128815054893494,1.0076477527618408,1.0041444301605225,1.0134189128875732,https://wandb.ai/ememchijioke-university-of-klagenfurt/marl-uav-v0-7-compact-triangle-obstacle/runs/f23wgnom
2026-05-30T11:44:51.135970,262,1,11344.72083618388,0,0,0,MOVE_TRIANGLE_OBSTACLE,1.0,0.04947119578719139,0.023040587082505226,0.02707513173421224,0.74198317527771,0.7754916548728943,0.7977169156074524,0.03444273769855499,0.34601789712905884,0.5819527506828308,1,0.07946144603192806,0.053701817989349365,0.06587367504835129,0.39369162917137146,0.41968661546707153,0.022351160645484924,0.11174175888299942,0,0.74198317527771,1,0,1.1113556623458862,-0.03629039600491524,1.0080467462539673,1.541306495666504,0.8970918655395508,0.8956688046455383,-0.05676016956567764,-0.4248880445957184,0.3727770149707794,1.0069822072982788,1.004087209701538,1.013070821762085,https://wandb.ai/ememchijioke-university-of-klagenfurt/marl-uav-v0-7-compact-triangle-obstacle/runs/f23wgnom
2026-05-30T11:44:58.288826,263,1,11377.536157591741,0,0,0,MOVE_TRIANGLE_OBSTACLE,1.0,0.04801935702562332,0.02264557220041752,0.02687569459279378,0.746955931186676,0.7767672538757324,0.800815761089325,0.03391508385539055,0.344228595495224,0.5831814408302307,1,0.08014878025278449,0.052196044474840164,0.06154276430606842,0.3817994296550751,0.4090955853462219,0.016328662633895874,0.11145874112844467,0,0.746955931186676,1,0,1.115878701210022,-0.03802655264735222,1.0083084106445312,1.5477956533432007,0.9024949669837952,0.8973456621170044,-0.05414996296167374,-0.4303443431854248,0.3704146444797516,1.007517695426941,1.004690170288086,1.0127172470092773,https://wandb.ai/ememchijioke-university-of-klagenfurt/marl-uav-v0-7-compact-triangle-obstacle/runs/f23wgnom
2026-05-30T11:45:05.493749,264,1,11371.85518465453,0,0,0,MOVE_TRIANGLE_OBSTACLE,1.0,0.049073103815317154,0.025125017389655113,0.03412151336669922,0.7611721158027649,0.7824558019638062,0.8087366223335266,0.03645922988653183,0.34957972168922424,0.586292564868927,1,0.07752768462523818,0.05448659881949425,0.06892552971839905,0.3960323631763458,0.40561234951019287,0.01068404782563448,0.11550134420394897,0,0.7611721158027649,1,0,1.1116273403167725,-0.03581990674138069,1.0087813138961792,1.5497621297836304,0.8930370807647705,0.892082929611206,-0.04884239658713341,-0.43364933133125305,0.3750320076942444,1.008538007736206,1.0042014122009277,1.0136045217514038,https://wandb.ai/ememchijioke-university-of-klagenfurt/marl-uav-v0-7-compact-triangle-obstacle/runs/f23wgnom
2026-05-30T11:45:12.467446,265,1,11431.168847055407,0,0,0,MOVE_TRIANGLE_OBSTACLE,1.0,0.04694971814751625,0.02813608944416046,0.03775693972905477,0.7615527510643005,0.788424015045166,0.8132940530776978,0.04075736925005913,0.345132052898407,0.5840644836425781,1,0.07944660075008869,0.05458657816052437,0.06675668060779572,0.4009658396244049,0.41598036885261536,0.006863177288323641,0.1659202128648758,0,0.7615527510643005,1,0,1.1175471544265747,-0.030775466933846474,1.0083751678466797,1.5571244955062866,0.8976786136627197,0.8978385925292969,-0.047931451350450516,-0.42881709337234497,0.3844221532344818,1.008197546005249,1.00374174118042,1.0131860971450806,https://wandb.ai/ememchijioke-university-of-klagenfurt/marl-uav-v0-7-compact-triangle-obstacle/runs/f23wgnom
2026-05-30T11:45:19.677212,266,1,11373.113369996963,0,0,0,MOVE_TRIANGLE_OBSTACLE,1.0,0.0501498281955719,0.02655249834060669,0.03201127052307129,0.7371031641960144,0.7750299572944641,0.8081070184707642,0.039024487137794495,0.34723690152168274,0.5831189155578613,1,0.07904985919594765,0.055791690945625305,0.06803780794143677,0.3889979422092438,0.40855342149734497,0.014284486882388592,0.20124952495098114,0,0.7371031641960144,1,0,1.1116763353347778,-0.037330251187086105,1.0087541341781616,1.5374521017074585,0.9028404355049133,0.8947365283966064,-0.05671876296401024,-0.4316428005695343,0.3763708174228668,1.0087388753890991,1.004145622253418,1.0133775472640991,https://wandb.ai/ememchijioke-university-of-klagenfurt/marl-uav-v0-7-compact-triangle-obstacle/runs/f23wgnom
2026-05-30T11:45:26.741288,267,1,11435.77543829879,0,0,0,MOVE_TRIANGLE_OBSTACLE,1.0,0.04389103502035141,0.02334757149219513,0.030201296011606853,0.7439738512039185,0.7849462628364563,0.7996314764022827,0.034813910722732544,0.34970033168792725,0.5796912312507629,1,0.07757149962708354,0.05032865330576897,0.05256165936589241,0.3929174244403839,0.4142066240310669,0.02033376693725586,0.09117553383111954,0,0.7439738512039185,1,0,1.1197134256362915,-0.028196504339575768,1.0094314813613892,1.5540419816970825,0.9125567078590393,0.892541766166687,-0.04344727843999863,-0.42023348808288574,0.3790912628173828,1.0096648931503296,1.004576325416565,1.0140531063079834,https://wandb.ai/ememchijioke-university-of-klagenfurt/marl-uav-v0-7-compact-triangle-obstacle/runs/f23wgnom
2026-05-30T11:45:34.054381,268,1,11438.967122773169,0,0,0,MOVE_TRIANGLE_OBSTACLE,1.0,0.05059896409511566,0.023768344894051552,0.028680582841237385,0.7525838017463684,0.7745558023452759,0.8089021444320679,0.03546713665127754,0.3446141183376312,0.5827017426490784,1,0.08054164750501513,0.05571393668651581,0.06781443953514099,0.3893001973628998,0.41631150245666504,0.011282221414148808,0.16739100217819214,0,0.7525838017463684,1,0,1.1167463064193726,-0.034935127943754196,1.0098470449447632,1.5484353303909302,0.9034573435783386,0.8983460664749146,-0.04604555666446686,-0.43378856778144836,0.3750287592411041,1.0106126070022583,1.0041941404342651,1.014734148979187,https://wandb.ai/ememchijioke-university-of-klagenfurt/marl-uav-v0-7-compact-triangle-obstacle/runs/f23wgnom
2026-05-30T11:45:41.155942,269,1,11429.36002371863,0,0,0,MOVE_TRIANGLE_OBSTACLE,1.0,0.04837352782487869,0.02064199186861515,0.027093370755513508,0.7588183879852295,0.7763030529022217,0.7961586713790894,0.029582258313894272,0.3446885347366333,0.5805107355117798,1,0.08039781684055924,0.05229240655899048,0.0628165528178215,0.3879246711730957,0.39732030034065247,0.022299325093626976,0.07697844505310059,0,0.7588183879852295,1,0,1.1161450147628784,-0.03098159097135067,1.0097239017486572,1.5535309314727783,0.8968406319618225,0.8980635404586792,-0.04289313778281212,-0.42307350039482117,0.3730218708515167,1.0098077058792114,1.0046989917755127,1.014664888381958,https://wandb.ai/ememchijioke-university-of-klagenfurt/marl-uav-v0-7-compact-triangle-obstacle/runs/f23wgnom
2026-05-30T11:45:48.420548,270,1,11369.627768093995,0,0,0,MOVE_TRIANGLE_OBSTACLE,1.0,0.047515351325273514,0.025548705831170082,0.031223873297373455,0.736436665058136,0.7823196649551392,0.7977886199951172,0.03801769018173218,0.3470980226993561,0.5819941163063049,1,0.07827335828915238,0.053375810384750366,0.06977741420269012,0.37572404742240906,0.38570085167884827,0.016770875081419945,0.15625077486038208,0,0.736436665058136,1,0,1.1121982336044312,-0.03404170274734497,1.0093549489974976,1.5423685312271118,0.8985505700111389,0.8956754803657532,-0.06160040572285652,-0.4191262125968933,0.3786015212535858,1.008586049079895,1.0050232410430908,1.0144553184509277,https://wandb.ai/ememchijioke-university-of-klagenfurt/marl-uav-v0-7-compact-triangle-obstacle/runs/f23wgnom
2026-05-30T11:45:55.615729,271,1,11449.458561771544,0,0,0,MOVE_TRIANGLE_OBSTACLE,1.0,0.0499027855694294,0.022934138774871826,0.028411686420440674,0.7419677972793579,0.7776952981948853,0.7995075583457947,0.034013185650110245,0.3464623987674713,0.5810986161231995,1,0.07919151894748211,0.0548655204474926,0.06242913007736206,0.3746039569377899,0.3861273229122162,0.01705124042928219,0.14776428043842316,0,0.7419677972793579,1,0,1.116569995880127,-0.033826541155576706,1.0095269680023193,1.5471808910369873,0.9064896106719971,0.8960394263267517,-0.05084346607327461,-0.42500415444374084,0.37436801195144653,1.0099983215332031,1.0041126012802124,1.014469861984253,https://wandb.ai/ememchijioke-university-of-klagenfurt/marl-uav-v0-7-compact-triangle-obstacle/runs/f23wgnom
2026-05-30T11:46:02.847808,272,1,11372.814148117657,0,0,0,MOVE_TRIANGLE_OBSTACLE,1.0,0.04495792090892792,0.023163998499512672,0.02719537417093913,0.7412805557250977,0.777739405632019,0.795127272605896,0.03426230698823929,0.3465147018432617,0.5797476172447205,1,0.07915973383933306,0.050168026238679886,0.06218718737363815,0.38796377182006836,0.4058860242366791,0.0146253677085042,0.14516514539718628,0,0.7412805557250977,1,0,1.1130133867263794,-0.03103514574468136,1.009892463684082,1.5440281629562378,0.8981660604476929,0.8968457579612732,-0.05354207754135132,-0.4173032343387604,0.37773987650871277,1.0101081132888794,1.0040385723114014,1.0155307054519653,https://wandb.ai/ememchijioke-university-of-klagenfurt/marl-uav-v0-7-compact-triangle-obstacle/runs/f23wgnom
2026-05-30T11:46:09.071457,273,1,11434.560002423543,0,0,0,MOVE_TRIANGLE_OBSTACLE,1.0,0.049668729305267334,0.018899381160736084,0.024219930171966553,0.7350180149078369,0.7737046480178833,0.7839731574058533,0.027029160410165787,0.347136914730072,0.5781717300415039,1,0.07893933029845357,0.05296919867396355,0.06313777714967728,0.40288636088371277,0.42418819665908813,0.022767551243305206,0.08297235518693924,0,0.7350180149078369,1,0,1.116389274597168,-0.03334299847483635,1.0093326568603516,1.545904278755188,0.9082544445991516,0.89500892162323,-0.05091084912419319,-0.41644883155822754,0.3673307001590729,1.0095688104629517,1.0035532712936401,1.0148760080337524,https://wandb.ai/ememchijioke-university-of-klagenfurt/marl-uav-v0-7-compact-triangle-obstacle/runs/f23wgnom
2026-05-30T11:46:16.126896,274,1,11433.614460938748,0,0,0,MOVE_TRIANGLE_OBSTACLE,1.0,0.04698456451296806,0.021119877696037292,0.0259591539700826,0.7382290363311768,0.7734633088111877,0.7926431894302368,0.03103812411427498,0.3433237075805664,0.577730119228363,1,0.08102766890078783,0.051281917840242386,0.061111655086278915,0.39357128739356995,0.4048573970794678,0.015977934002876282,0.12240924686193466,0,0.7382290363311768,1,0,1.1187776327133179,-0.031873006373643875,1.009377121925354,1.5476386547088623,0.908527135848999,0.9001672863960266,-0.049744896590709686,-0.4191911518573761,0.37331703305244446,1.0089093446731567,1.0036087036132812,1.0156134366989136,https://wandb.ai/ememchijioke-university-of-klagenfurt/marl-uav-v0-7-compact-triangle-obstacle/runs/f23wgnom
2026-05-30T11:46:23.249685,275,1,11378.003670023225,0,0,0,MOVE_TRIANGLE_OBSTACLE,1.0,0.0462341271340847,0.020831206813454628,0.021970808506011963,0.7428666949272156,0.7692214846611023,0.7895576357841492,0.03062143363058567,0.3452756106853485,0.5769950747489929,1,0.08070347690954804,0.050041183829307556,0.061398763209581375,0.3863219916820526,0.40100958943367004,0.011256608180701733,0.12923122942447662,0,0.7428666949272156,1,0,1.1095439195632935,-0.029410431161522865,1.009240984916687,1.5390172004699707,0.8916915059089661,0.897922933101654,-0.049625322222709656,-0.41402414441108704,0.37541815638542175,1.0091285705566406,1.0033109188079834,1.0152833461761475,https://wandb.ai/ememchijioke-university-of-klagenfurt/marl-uav-v0-7-compact-triangle-obstacle/runs/f23wgnom
2026-05-30T11:46:29.935519,276,1,11373.99275659802,0,0,0,MOVE_TRIANGLE_OBSTACLE,1.0,0.05072657763957977,0.021049385890364647,0.0234106183052063,0.7365202307701111,0.7618919014930725,0.7948601841926575,0.030217712745070457,0.34526604413986206,0.5790703892707825,1,0.0810648761689663,0.053764790296554565,0.06597056239843369,0.40247681736946106,0.41345521807670593,0.02726692147552967,0.11883512139320374,0,0.7365202307701111,1,0,1.1100449562072754,-0.03660113736987114,1.0089774131774902,1.5332857370376587,0.8998126983642578,0.8970365524291992,-0.0510718896985054,-0.4267512857913971,0.3680197596549988,1.0092798471450806,1.0030404329299927,1.014611840248108,https://wandb.ai/ememchijioke-university-of-klagenfurt/marl-uav-v0-7-compact-triangle-obstacle/runs/f23wgnom
2026-05-30T11:46:37.035557,277,1,11380.369462813433,0,0,0,MOVE_TRIANGLE_OBSTACLE,1.0,0.054299246519804,0.01808607392013073,0.020004669825236004,0.7427611947059631,0.7696267366409302,0.783148467540741,0.02629394643008709,0.3487524688243866,0.582286536693573,1,0.07805498037487268,0.056526798754930496,0.06814352422952652,0.37602147459983826,0.38782551884651184,0.013658066280186176,0.1358749121427536,0,0.7427611947059631,1,0,1.1074715852737427,-0.03917020559310913,1.0089316368103027,1.5384557247161865,0.8911364078521729,0.8928226828575134,-0.05739907920360565,-0.4215836822986603,0.36147212982177734,1.0092456340789795,1.0028105974197388,1.0147384405136108,https://wandb.ai/ememchijioke-university-of-klagenfurt/marl-uav-v0-7-compact-triangle-obstacle/runs/f23wgnom
2026-05-30T11:46:44.268740,278,1,11439.642201197204,0,0,0,MOVE_TRIANGLE_OBSTACLE,1.0,0.04799342527985573,0.02040327526628971,0.02588347593943278,0.7384974360466003,0.7793833017349243,0.7867645621299744,0.029804881662130356,0.3465321958065033,0.5791501402854919,1,0.0787520851008594,0.052160948514938354,0.06219552084803581,0.3753807246685028,0.392990380525589,0.008499163202941418,0.1148589551448822,0,0.7384974360466003,1,0,1.1178644895553589,-0.03241237998008728,1.0093578100204468,1.550291895866394,0.9071464538574219,0.8961548805236816,-0.05266966298222542,-0.4155823886394501,0.37101492285728455,1.0094225406646729,1.0033600330352783,1.0152908563613892,https://wandb.ai/ememchijioke-university-of-klagenfurt/marl-uav-v0-7-compact-triangle-obstacle/runs/f23wgnom
2026-05-30T11:46:51.327601,279,1,11369.384067951925,0,0,0,MOVE_TRIANGLE_OBSTACLE,1.0,0.05017760768532753,0.016951095312833786,0.019527971744537354,0.7442697882652283,0.768815815448761,0.7840378880500793,0.02481311559677124,0.34611839056015015,0.5810883045196533,1,0.07944911858066916,0.0523841492831707,0.06126857548952103,0.37776419520378113,0.3946385085582733,0.011343651451170444,0.19000597298145294,0,0.7442697882652283,1,0,1.113013744354248,-0.03829003497958183,1.009566307067871,1.5442241430282593,0.8988161683082581,0.8960009813308716,-0.05254480987787247,-0.4231342375278473,0.36080893874168396,1.010308861732483,1.00326669216156,1.0151232481002808,https://wandb.ai/ememchijioke-university-of-klagenfurt/marl-uav-v0-7-compact-triangle-obstacle/runs/f23wgnom
2026-05-30T11:46:56.372372,280,1,11444.529815295902,0,0,0,MOVE_TRIANGLE_OBSTACLE,1.0,0.05292854085564613,0.01865474134683609,0.02378694216410319,0.7429225444793701,0.776218593120575,0.7880647778511047,0.02765173837542534,0.3480125069618225,0.5825782418251038,1,0.07801028341054916,0.05613907799124718,0.06204473599791527,0.38249003887176514,0.41277578473091125,0.023041585460305214,0.11327560991048813,0,0.7429225444793701,1,0,1.1171363592147827,-0.03874934837222099,1.0091891288757324,1.5499801635742188,0.9077972173690796,0.8936317563056946,-0.052365511655807495,-0.4258731007575989,0.3619905710220337,1.009062647819519,1.003861427307129,1.0146433115005493,https://wandb.ai/ememchijioke-university-of-klagenfurt/marl-uav-v0-7-compact-triangle-obstacle/runs/f23wgnom
2026-05-30T11:47:02.768302,281,1,11441.483869126094,0,0,0,MOVE_TRIANGLE_OBSTACLE,1.0,0.05134018510580063,0.022138437256217003,0.027820368607838947,0.7380490303039551,0.7725969552993774,0.7989131808280945,0.032174717634916306,0.34854745864868164,0.5803768634796143,1,0.07878793636336923,0.05597425624728203,0.06267334520816803,0.3945824205875397,0.4128418266773224,0.019695404917001724,0.1487097144126892,0,0.7380490303039551,1,0,1.1152749061584473,-0.03469294309616089,1.0091365575790405,1.5425925254821777,0.9095916748046875,0.8936405181884766,-0.04793541878461838,-0.42741021513938904,0.37126681208610535,1.0087859630584717,1.0037695169448853,1.0148541927337646,https://wandb.ai/ememchijioke-university-of-klagenfurt/marl-uav-v0-7-compact-triangle-obstacle/runs/f23wgnom
2026-05-30T11:47:09.604104,282,1,11382.532766152251,0,0,0,MOVE_TRIANGLE_OBSTACLE,1.0,0.046158477663993835,0.01929733343422413,0.02162925402323405,0.7410281896591187,0.7663463950157166,0.7895695567131042,0.028485406190156937,0.34297335147857666,0.5776106715202332,1,0.08176978537812829,0.04913216456770897,0.06016574800014496,0.39005157351493835,0.40586575865745544,0.009600085206329823,0.14064066112041473,0,0.7410281896591187,1,0,1.113550066947937,-0.03356559947133064,1.008760929107666,1.5413395166397095,0.8995653390884399,0.8997454643249512,-0.04977571591734886,-0.4202020466327667,0.36928096413612366,1.0086936950683594,1.002949833869934,1.0146394968032837,https://wandb.ai/ememchijioke-university-of-klagenfurt/marl-uav-v0-7-compact-triangle-obstacle/runs/f23wgnom
2026-05-30T11:47:16.803434,283,1,11382.012036150225,0,0,0,MOVE_TRIANGLE_OBSTACLE,1.0,0.04875175654888153,0.016695819795131683,0.01890861988067627,0.7444644570350647,0.7710555791854858,0.7801347374916077,0.02405458875000477,0.3443540036678314,0.5805440545082092,1,0.07998121064156294,0.050929587334394455,0.06123333424329758,0.38237258791923523,0.38531413674354553,0.01713501662015915,0.11334604024887085,0,0.7444644570350647,1,0,1.1148784160614014,-0.038090985268354416,1.0088170766830444,1.5477581024169922,0.8991504907608032,0.897726833820343,-0.05453028902411461,-0.41989049315452576,0.3601478338241577,1.0093448162078857,1.0024627447128296,1.014643907546997,https://wandb.ai/ememchijioke-university-of-klagenfurt/marl-uav-v0-7-compact-triangle-obstacle/runs/f23wgnom
2026-05-30T11:47:23.804678,284,1,11376.96336954095,0,0,0,MOVE_TRIANGLE_OBSTACLE,1.0,0.04834751412272453,0.02084336243569851,0.023068249225616455,0.7479528188705444,0.7754737138748169,0.7916838526725769,0.03046863153576851,0.34988367557525635,0.5808602571487427,1,0.07780916849151254,0.05235036090016365,0.05980062857270241,0.4017818868160248,0.4131278395652771,0.017479151487350464,0.1510179489850998,0,0.7479528188705444,1,0,1.1091614961624146,-0.03234204649925232,1.0088175535202026,1.5427465438842773,0.892223596572876,0.8925144076347351,-0.05016176775097847,-0.4192160964012146,0.372351735830307,1.0091173648834229,1.0018917322158813,1.0154435634613037,https://wandb.ai/ememchijioke-university-of-klagenfurt/marl-uav-v0-7-compact-triangle-obstacle/runs/f23wgnom
2026-05-30T11:47:30.693642,285,1,11434.881875309147,0,0,0,MOVE_TRIANGLE_OBSTACLE,1.0,0.0555206835269928,0.021590828895568848,0.02423679828643799,0.7490937113761902,0.7753687500953674,0.7964353561401367,0.03201768174767494,0.3472723066806793,0.5834179520606995,1,0.07870369590818882,0.05917826667428017,0.06674284487962723,0.38800159096717834,0.389249712228775,0.01963466964662075,0.09460987895727158,0,0.7490937113761902,1,0,1.1119409799575806,-0.03739028051495552,1.008932113647461,1.545011281967163,0.8957500457763672,0.8950616717338562,-0.053775813430547714,-0.4273708760738373,0.36897584795951843,1.0085036754608154,1.0032150745391846,1.0150774717330933,https://wandb.ai/ememchijioke-university-of-klagenfurt/marl-uav-v0-7-compact-triangle-obstacle/runs/f23wgnom
2026-05-30T11:47:37.676008,286,1,11442.348479754986,0,0,0,MOVE_TRIANGLE_OBSTACLE,1.0,0.053527332842350006,0.015647748485207558,0.017692983150482178,0.7448517680168152,0.7639625072479248,0.7839682102203369,0.023039251565933228,0.3455252945423126,0.5784708857536316,1,0.08060780307278037,0.05553406476974487,0.061302293092012405,0.40951183438301086,0.4126471281051636,0.009907729923725128,0.06270021200180054,0,0.7448517680168152,1,0,1.1130131483078003,-0.035575538873672485,1.0089205503463745,1.5426489114761353,0.8997841477394104,0.8966063261032104,-0.046099573373794556,-0.42224615812301636,0.36161911487579346,1.009181022644043,1.0026413202285767,1.014939308166504,https://wandb.ai/ememchijioke-university-of-klagenfurt/marl-uav-v0-7-compact-triangle-obstacle/runs/f23wgnom
2026-05-30T11:47:44.273837,287,1,11435.909913750838,0,0,0,MOVE_TRIANGLE_OBSTACLE,1.0,0.05320766940712929,0.018731391057372093,0.022268056869506836,0.7507293224334717,0.7820400595664978,0.784034788608551,0.027008960023522377,0.34959089756011963,0.583791196346283,1,0.07671460160054266,0.056541312485933304,0.06112370267510414,0.38566479086875916,0.4004063308238983,0.025901496410369873,0.12619458138942719,0,0.7507293224334717,1,0,1.1152693033218384,-0.03738701343536377,1.0091716051101685,1.554117202758789,0.8995978832244873,0.8920927047729492,-0.0535944327712059,-0.4212375283241272,0.3626709282398224,1.0092893838882446,1.003161072731018,1.0150645971298218,https://wandb.ai/ememchijioke-university-of-klagenfurt/marl-uav-v0-7-compact-triangle-obstacle/runs/f23wgnom
2026-05-30T11:47:51.503065,288,1,11430.941937656888,0,0,0,MOVE_TRIANGLE_OBSTACLE,1.0,0.05081807076931,0.01848631352186203,0.020643770694732666,0.7469581365585327,0.7731881141662598,0.785701334476471,0.0269181951880455,0.3425537943840027,0.5798154473304749,1,0.08098531048744917,0.05367560312151909,0.06198624148964882,0.3978993892669678,0.41795751452445984,0.018632160499691963,0.09644786268472672,0,0.7469581365585327,1,0,1.1166177988052368,-0.03536537289619446,1.0089365243911743,1.5501574277877808,0.8997957706451416,0.8999005556106567,-0.05234771966934204,-0.4196836054325104,0.36593520641326904,1.009384036064148,1.0030192136764526,1.014406442642212,https://wandb.ai/ememchijioke-university-of-klagenfurt/marl-uav-v0-7-compact-triangle-obstacle/runs/f23wgnom
2026-05-30T11:47:58.327250,289,1,11430.604954048951,0,0,0,MOVE_TRIANGLE_OBSTACLE,1.0,0.05034616217017174,0.02272711880505085,0.02997457981109619,0.7316470742225647,0.784349799156189,0.7872210144996643,0.03235134482383728,0.34975191950798035,0.5815563797950745,1,0.07654731487855315,0.05507107451558113,0.06793205440044403,0.37732064723968506,0.38832274079322815,0.020925231277942657,0.14582668244838715,0,0.7316470742225647,1,0,1.1176890134811401,-0.03572006896138191,1.0090312957763672,1.5492857694625854,0.9116353988647461,0.892145574092865,-0.05887271463871002,-0.4175916016101837,0.3693041205406189,1.0088626146316528,1.0033698081970215,1.0148617029190063,https://wandb.ai/ememchijioke-university-of-klagenfurt/marl-uav-v0-7-compact-triangle-obstacle/runs/f23wgnom
2026-05-30T11:48:05.394005,290,1,11387.687920918981,0,0,0,MOVE_TRIANGLE_OBSTACLE,1.0,0.05207296088337898,0.022121282294392586,0.023597002029418945,0.7503258585929871,0.7696402668952942,0.8008248805999756,0.03278304636478424,0.34823912382125854,0.5830467343330383,1,0.07899538520723581,0.05575112998485565,0.06665470451116562,0.393833190202713,0.4108550250530243,0.024266550317406654,0.090445376932621,0,0.7503258585929871,1,0,1.1081987619400024,-0.03662552312016487,1.0094038248062134,1.5386584997177124,0.8916381597518921,0.8942994475364685,-0.05029270425438881,-0.4301482141017914,0.370564341545105,1.0103281736373901,1.00236976146698,1.01551353931427,https://wandb.ai/ememchijioke-university-of-klagenfurt/marl-uav-v0-7-compact-triangle-obstacle/runs/f23wgnom
2026-05-30T11:48:12.406210,291,1,11376.275330761922,0,0,0,MOVE_TRIANGLE_OBSTACLE,1.0,0.05226139724254608,0.017455026507377625,0.018750707308451336,0.7323380708694458,0.7577966451644897,0.7807935476303101,0.024221664294600487,0.3453369438648224,0.5774051547050476,1,0.08092024270445108,0.05392006039619446,0.06897526234388351,0.3917185366153717,0.39821192622184753,0.010380459949374199,0.08380141854286194,0,0.7323380708694458,1,0,1.108464002609253,-0.0371161587536335,1.0095306634902954,1.531310796737671,0.8972374200820923,0.896843671798706,-0.053118132054805756,-0.4194651246070862,0.36123478412628174,1.0106617212295532,1.002922534942627,1.0150078535079956,https://wandb.ai/ememchijioke-university-of-klagenfurt/marl-uav-v0-7-compact-triangle-obstacle/runs/f23wgnom
2026-05-30T11:48:19.559219,292,1,11423.678200951337,0,0,0,MOVE_TRIANGLE_OBSTACLE,1.0,0.05253405496478081,0.024058908224105835,0.029871046543121338,0.7519270181655884,0.790522575378418,0.7971635460853577,0.035207293927669525,0.34888193011283875,0.5865591168403625,1,0.07654364733025432,0.05787026509642601,0.06416654586791992,0.3861730992794037,0.3931514620780945,0.013757109642028809,0.12504784762859344,0,0.7519270181655884,1,0,1.1166386604309082,-0.03782721236348152,1.0088599920272827,1.5565193891525269,0.9008581042289734,0.8925386071205139,-0.05813869833946228,-0.4262006878852844,0.37085774540901184,1.009379506111145,1.0036430358886719,1.0135574340820312,https://wandb.ai/ememchijioke-university-of-klagenfurt/marl-uav-v0-7-compact-triangle-obstacle/runs/f23wgnom
2026-05-30T11:48:26.464672,293,1,11407.629992284417,0,0,0,MOVE_TRIANGLE_OBSTACLE,1.0,0.05660943314433098,0.021663740277290344,0.023646036783854168,0.7491068840026855,0.7768567204475403,0.7931882739067078,0.03157605230808258,0.3451038599014282,0.5842357277870178,1,0.07926634792238474,0.05993162468075752,0.06931781768798828,0.3848014771938324,0.39257165789604187,0.013782414607703686,0.1085730791091919,0,0.7491068840026855,1,0,1.1122843027114868,-0.03931305930018425,1.0090426206588745,1.5464890003204346,0.8937637209892273,0.8966000080108643,-0.05867557227611542,-0.4261913299560547,0.36692774295806885,1.0100550651550293,1.0034922361373901,1.0135804414749146,https://wandb.ai/ememchijioke-university-of-klagenfurt/marl-uav-v0-7-compact-triangle-obstacle/runs/f23wgnom
2026-05-30T11:48:33.684018,294,1,11443.257452985235,0,0,0,MOVE_TRIANGLE_OBSTACLE,1.0,0.052289191633462906,0.019461238756775856,0.023626307646433514,0.7453011870384216,0.7740395069122314,0.7921406030654907,0.028982339426875114,0.3450685143470764,0.5821672081947327,1,0.07966740382835269,0.05556141212582588,0.06199491024017334,0.39626970887184143,0.42035558819770813,0.016132093966007233,0.12672747671604156,0,0.7453011870384216,1,0,1.1175984144210815,-0.038191866129636765,1.0095951557159424,1.5496479272842407,0.9056943655014038,0.8974527716636658,-0.05206767097115517,-0.42726433277130127,0.36475640535354614,1.0092557668685913,1.004243016242981,1.0152866840362549,https://wandb.ai/ememchijioke-university-of-klagenfurt/marl-uav-v0-7-compact-triangle-obstacle/runs/f23wgnom
2026-05-30T11:48:40.787522,295,1,11434.09073426496,0,0,0,MOVE_TRIANGLE_OBSTACLE,1.0,0.05972384288907051,0.0192831140011549,0.021013538042704265,0.745277464389801,0.7703071236610413,0.7880109548568726,0.028391679748892784,0.3449239730834961,0.5843014121055603,1,0.07950014714151621,0.061957161873579025,0.07279939204454422,0.376199871301651,0.3884141445159912,0.015120957978069782,0.0719287097454071,0,0.745277464389801,1,0,1.111443281173706,-0.04274437949061394,1.0097469091415405,1.542697548866272,0.894249677658081,0.8973825573921204,-0.06050661578774452,-0.4278281331062317,0.3601016104221344,1.0096962451934814,1.0043381452560425,1.0152064561843872,https://wandb.ai/ememchijioke-university-of-klagenfurt/marl-uav-v0-7-compact-triangle-obstacle/runs/f23wgnom
2026-05-30T11:48:48.037035,296,1,11434.072684236186,0,0,0,MOVE_TRIANGLE_OBSTACLE,1.0,0.05712540075182915,0.022512534633278847,0.02553178866704305,0.7490674257278442,0.7749924659729004,0.800670325756073,0.03357627987861633,0.34635621309280396,0.5854172706604004,1,0.0789409065619111,0.06080337241292,0.0703355148434639,0.3949010372161865,0.4198811948299408,0.014430128037929535,0.12462814897298813,0,0.7490674257278442,1,0,1.113263487815857,-0.04097864031791687,1.0091400146484375,1.545345664024353,0.8983052372932434,0.8961395025253296,-0.05625246837735176,-0.43363136053085327,0.3669479191303253,1.008571982383728,1.003487229347229,1.015360713005066,https://wandb.ai/ememchijioke-university-of-klagenfurt/marl-uav-v0-7-compact-triangle-obstacle/runs/f23wgnom
2026-05-30T11:48:55.317533,297,1,11488.809066684797,0,0,0,MOVE_TRIANGLE_OBSTACLE,1.0,0.060054946690797806,0.018308015540242195,0.02408270041147868,0.7335391640663147,0.778235673904419,0.7775515913963318,0.025713171809911728,0.3460368514060974,0.5841802954673767,1,0.07790078083053231,0.06259477138519287,0.07341060042381287,0.38310232758522034,0.3951651155948639,0.026033921167254448,0.12012666463851929,0,0.7335391640663147,1,0,1.1217421293258667,-0.04534493014216423,1.0093151330947876,1.5537879467010498,0.9156407713890076,0.8957973718643188,-0.06328348815441132,-0.42498981952667236,0.3522385358810425,1.0085445642471313,1.0044851303100586,1.0149158239364624,https://wandb.ai/ememchijioke-university-of-klagenfurt/marl-uav-v0-7-compact-triangle-obstacle/runs/f23wgnom
2026-05-30T11:49:02.393828,298,1,11406.792476879335,0,0,0,MOVE_TRIANGLE_OBSTACLE,1.0,0.06031501293182373,0.022067854180932045,0.025951623916625977,0.7448936700820923,0.7750583291053772,0.797690212726593,0.0329824835062027,0.346787691116333,0.5869292616844177,1,0.07834060257300735,0.0634990707039833,0.07324710488319397,0.3789385259151459,0.3939024806022644,0.01954478770494461,0.121157206594944,0,0.7448936700820923,1,0,1.112601637840271,-0.044751811772584915,1.0091071128845215,1.543647050857544,0.8989408612251282,0.8952168822288513,-0.06188574060797691,-0.4349903464317322,0.36262065172195435,1.0080214738845825,1.004346251487732,1.0149534940719604,https://wandb.ai/ememchijioke-university-of-klagenfurt/marl-uav-v0-7-compact-triangle-obstacle/runs/f23wgnom
2026-05-30T11:49:09.302738,299,1,11428.805811108321,0,0,0,MOVE_TRIANGLE_OBSTACLE,1.0,0.05736971274018288,0.01934831775724888,0.022238433361053467,0.7463569641113281,0.7751355171203613,0.7879367470741272,0.028579212725162506,0.3442230820655823,0.5851498246192932,1,0.07934603514149785,0.059937983751297,0.07002969086170197,0.3676210939884186,0.3762820065021515,0.012010820209980011,0.19337999820709229,0,0.7463569641113281,1,0,1.1157749891281128,-0.0433429591357708,1.0100207328796387,1.5493669509887695,0.899497389793396,0.898460328578949,-0.06128554791212082,-0.4283042848110199,0.3595609664916992,1.0091280937194824,1.0051876306533813,1.0157465934753418,https://wandb.ai/ememchijioke-university-of-klagenfurt/marl-uav-v0-7-compact-triangle-obstacle/runs/f23wgnom
2026-05-30T11:49:16.627588,300,1,11430.37727465421,0,0,0,MOVE_TRIANGLE_OBSTACLE,1.0,0.05809258669614792,0.01766100339591503,0.022808571656545002,0.7349936962127686,0.7779812216758728,0.7754381895065308,0.024877088144421577,0.34965577721595764,0.5846575498580933,1,0.07621404784731567,0.060475870966911316,0.07298215478658676,0.3813753128051758,0.3986332416534424,0.013256502337753773,0.14343568682670593,0,0.7349936962127686,1,0,1.1156229972839355,-0.044222641736269,1.0097885131835938,1.5484461784362793,0.9063251614570618,0.8920977115631104,-0.06422923505306244,-0.4218367636203766,0.35339805483818054,1.008668303489685,1.005035638809204,1.015661597251892,https://wandb.ai/ememchijioke-university-of-klagenfurt/marl-uav-v0-7-compact-triangle-obstacle/runs/f23wgnom
2026-05-30T11:49:21.564861,301,1,11435.445530151397,0,0,0,MOVE_TRIANGLE_OBSTACLE,1.0,0.05129477381706238,0.022163623943924904,0.02641117572784424,0.7490692138671875,0.7815877795219421,0.7967149615287781,0.03294353187084198,0.34601670503616333,0.5841166973114014,1,0.07862431136891246,0.055729951709508896,0.06192304939031601,0.38393154740333557,0.4097895920276642,0.021315688267350197,0.11050418764352798,0,0.7490692138671875,1,0,1.1184773445129395,-0.03757837414741516,1.0097594261169434,1.5539429187774658,0.9044381380081177,0.8970509171485901,-0.05435430631041527,-0.4274877905845642,0.3691069781780243,1.008809208869934,1.00438392162323,1.0160852670669556,https://wandb.ai/ememchijioke-university-of-klagenfurt/marl-uav-v0-7-compact-triangle-obstacle/runs/f23wgnom
2026-05-30T11:49:27.096374,302,1,11430.875356991504,0,0,0,MOVE_TRIANGLE_OBSTACLE,1.0,0.052797310054302216,0.02004104293882847,0.024987459182739258,0.744188129901886,0.7788456082344055,0.7903048992156982,0.02984517812728882,0.34625786542892456,0.5835348963737488,1,0.07850372628308833,0.05632823333144188,0.06416266411542892,0.3984014093875885,0.4100981056690216,0.011068387888371944,0.12300479412078857,0,0.744188129901886,1,0,1.118129849433899,-0.039365459233522415,1.009524941444397,1.551943302154541,0.9063218235969543,0.8961243033409119,-0.05602218955755234,-0.4261191785335541,0.36404499411582947,1.008657693862915,1.0045185089111328,1.0153988599777222,https://wandb.ai/ememchijioke-university-of-klagenfurt/marl-uav-v0-7-compact-triangle-obstacle/runs/f23wgnom
2026-05-30T11:49:34.376708,303,1,11373.590182216602,0,0,0,MOVE_TRIANGLE_OBSTACLE,1.0,0.052757807075977325,0.020245758816599846,0.023622989654541016,0.7380051016807556,0.7733153104782104,0.7855587601661682,0.029801899567246437,0.3457624018192291,0.5827539563179016,1,0.07893333793617785,0.05548734962940216,0.07180178910493851,0.40161624550819397,0.4163437485694885,0.02002742886543274,0.08917339891195297,0,0.7380051016807556,1,0,1.1112771034240723,-0.040233928710222244,1.0096863508224487,1.541194200515747,0.895967960357666,0.8966690301895142,-0.06325268000364304,-0.4214685261249542,0.3640194237232208,1.008852481842041,1.0048421621322632,1.015364408493042,https://wandb.ai/ememchijioke-university-of-klagenfurt/marl-uav-v0-7-compact-triangle-obstacle/runs/f23wgnom
2026-05-30T11:49:40.594157,304,1,11405.093929538598,0,0,0,MOVE_TRIANGLE_OBSTACLE,1.0,0.051977984607219696,0.02792813815176487,0.03555520375569662,0.7362744212150574,0.7842820882797241,0.8086579442024231,0.041132714599370956,0.34963542222976685,0.584528386592865,1,0.07698423508554697,0.05898405238986015,0.06919766217470169,0.38880595564842224,0.40224647521972656,0.01552612241357565,0.11520213633775711,0,0.7362744212150574,1,0,1.1162878274917603,-0.03646095469594002,1.0098460912704468,1.5452816486358643,0.9099246859550476,0.8936569094657898,-0.05791907012462616,-0.4299352467060089,0.3784714341163635,1.009244441986084,1.0041965246200562,1.0160969495773315,https://wandb.ai/ememchijioke-university-of-klagenfurt/marl-uav-v0-7-compact-triangle-obstacle/runs/f23wgnom
2026-05-30T11:49:47.499021,305,1,11374.111437362873,0,0,0,MOVE_TRIANGLE_OBSTACLE,1.0,0.04824589192867279,0.02310258336365223,0.028007805347442627,0.7409473657608032,0.7834593057632446,0.7915114760398865,0.03391055390238762,0.3493678569793701,0.5830968618392944,1,0.07685097423382103,0.05317363142967224,0.06675543636083603,0.40527644753456116,0.4169558882713318,0.02097202278673649,0.07795044034719467,0,0.7409473657608032,1,0,1.112585425376892,-0.03537990525364876,1.0094366073608398,1.5463865995407104,0.8980714678764343,0.8932980298995972,-0.06005735322833061,-0.41874003410339355,0.3726576566696167,1.0093218088150024,1.0032217502593994,1.0157661437988281,https://wandb.ai/ememchijioke-university-of-klagenfurt/marl-uav-v0-7-compact-triangle-obstacle/runs/f23wgnom
2026-05-30T11:49:54.739019,306,1,11337.271086410803,0,0,0,MOVE_TRIANGLE_OBSTACLE,1.0,0.04806024581193924,0.029078364372253418,0.031695167223612465,0.7346083521842957,0.7732039093971252,0.8064899444580078,0.04325830191373825,0.34372255206108093,0.5796826481819153,1,0.08101211721077561,0.05500863119959831,0.07300902158021927,0.3939548432826996,0.40053433179855347,0.025932351127266884,0.12025324255228043,0,0.7346083521842957,1,0,1.1091889142990112,-0.03165365383028984,1.0097988843917847,1.5331166982650757,0.8933354616165161,0.9011147618293762,-0.05979055166244507,-0.42076897621154785,0.3855985701084137,1.0091625452041626,1.0042656660079956,1.0159684419631958,https://wandb.ai/ememchijioke-university-of-klagenfurt/marl-uav-v0-7-compact-triangle-obstacle/runs/f23wgnom
2026-05-30T11:50:00.957506,307,1,11426.899688704185,0,0,0,MOVE_TRIANGLE_OBSTACLE,1.0,0.059786271303892136,0.023353001102805138,0.027837395668029785,0.7418099641799927,0.7783936858177185,0.7969284653663635,0.03486378490924835,0.34749728441238403,0.586709201335907,1,0.07772340346127748,0.0634879320859909,0.07625847309827805,0.40122389793395996,0.4199131727218628,0.013218066655099392,0.09858286380767822,0,0.7418099641799927,1,0,1.1117888689041138,-0.04317386820912361,1.009668231010437,1.5429340600967407,0.8975678086280823,0.8948646783828735,-0.06495834141969681,-0.43071022629737854,0.3661469519138336,1.0083438158035278,1.0051735639572144,1.0154873132705688,https://wandb.ai/ememchijioke-university-of-klagenfurt/marl-uav-v0-7-compact-triangle-obstacle/runs/f23wgnom
2026-05-30T11:50:07.809837,308,1,11368.63549352708,0,0,0,MOVE_TRIANGLE_OBSTACLE,1.0,0.04821107164025307,0.02091521956026554,0.024314900239308674,0.7489692568778992,0.7770856022834778,0.7948283553123474,0.031145771965384483,0.34973156452178955,0.5826908946037292,1,0.07757729198783636,0.05229564011096954,0.058820176869630814,0.4094574749469757,0.4222615659236908,0.01294682826846838,0.12547163665294647,0,0.7489692568778992,1,0,1.1120039224624634,-0.03447483107447624,1.0105849504470825,1.5460519790649414,0.8968476057052612,0.8931119441986084,-0.050413623452186584,-0.4238814115524292,0.37087053060531616,1.0092792510986328,1.0060533285140991,1.0164220333099365,https://wandb.ai/ememchijioke-university-of-klagenfurt/marl-uav-v0-7-compact-triangle-obstacle/runs/f23wgnom
2026-05-30T11:50:15.008105,309,1,11436.648172800567,0,0,0,MOVE_TRIANGLE_OBSTACLE,1.0,0.05177652835845947,0.020414944738149643,0.026325444380442303,0.7343738675117493,0.7795777320861816,0.7837724685668945,0.029475636780261993,0.3471916615962982,0.5814985036849976,1,0.07788171921856701,0.055413201451301575,0.06874767690896988,0.397876113653183,0.43014875054359436,0.0124084847047925,0.06888139247894287,0,0.7343738675117493,1,0,1.1176122426986694,-0.037347953766584396,1.0101693868637085,1.5490565299987793,0.9080442190170288,0.8957356214523315,-0.059665970504283905,-0.4179847538471222,0.3656068742275238,1.0089967250823975,1.005013108253479,1.0164982080459595,https://wandb.ai/ememchijioke-university-of-klagenfurt/marl-uav-v0-7-compact-triangle-obstacle/runs/f23wgnom
2026-05-30T11:50:22.263252,310,1,11367.862673273501,0,0,0,MOVE_TRIANGLE_OBSTACLE,1.0,0.04857531934976578,0.023794839158654213,0.026196956634521484,0.7436060905456543,0.7699598670005798,0.8022370934486389,0.035506777465343475,0.346988320350647,0.580299437046051,1,0.0798909543082118,0.05336098372936249,0.06307929754257202,0.392829030752182,0.4117206633090973,0.026829548180103302,0.1495780497789383,0,0.7436060905456543,1,0,1.1093741655349731,-0.03255956247448921,1.0100241899490356,1.5369231700897217,0.8945839405059814,0.8966155052185059,-0.05020540580153465,-0.42481330037117004,0.37734001874923706,1.0091495513916016,1.0047569274902344,1.01616632938385,https://wandb.ai/ememchijioke-university-of-klagenfurt/marl-uav-v0-7-compact-triangle-obstacle/runs/f23wgnom
2026-05-30T11:50:29.802542,311,1,11431.913432738997,0,0,0,MOVE_TRIANGLE_OBSTACLE,1.0,0.05084975063800812,0.029026061296463013,0.03498415152231852,0.7450138330459595,0.7853847742080688,0.8145815134048462,0.04345732182264328,0.3458469808101654,0.5857740640640259,1,0.07870453828945756,0.058343131095170975,0.06654234230518341,0.3980534076690674,0.4061468839645386,0.0057379561476409435,0.10463497042655945,0,0.7450138330459595,1,0,1.1186460256576538,-0.03701497241854668,1.0101536512374878,1.5502172708511353,0.9070553779602051,0.8986655473709106,-0.05783214792609215,-0.43383148312568665,0.38061872124671936,1.0085546970367432,1.00496244430542,1.0169435739517212,https://wandb.ai/ememchijioke-university-of-klagenfurt/marl-uav-v0-7-compact-triangle-obstacle/runs/f23wgnom
2026-05-30T11:50:36.569460,312,1,11428.241290055641,0,0,0,MOVE_TRIANGLE_OBSTACLE,1.0,0.055018357932567596,0.022176628932356834,0.024393081665039062,0.7472154498100281,0.7707793712615967,0.7996153235435486,0.033066440373659134,0.34605130553245544,0.5826451182365417,1,0.0796921132132411,0.05880500003695488,0.06726104766130447,0.39871302247047424,0.4054849445819855,0.015384594909846783,0.12068599462509155,0,0.7472154498100281,1,0,1.1127934455871582,-0.037280578166246414,1.0100009441375732,1.5427119731903076,0.8978186845779419,0.897849440574646,-0.052195608615875244,-0.42956799268722534,0.36992186307907104,1.0091453790664673,1.0033472776412964,1.017510175704956,https://wandb.ai/ememchijioke-university-of-klagenfurt/marl-uav-v0-7-compact-triangle-obstacle/runs/f23wgnom
2026-05-30T11:50:43.791235,313,1,11488.554553185248,0,0,0,MOVE_TRIANGLE_OBSTACLE,1.0,0.05915670841932297,0.021794311702251434,0.02562493085861206,0.7465524077415466,0.7829546928405762,0.7904725074768066,0.032044924795627594,0.34453657269477844,0.5857117772102356,1,0.07865577680058777,0.06292922049760818,0.07225880771875381,0.40127238631248474,0.4049641788005829,0.0158255472779274,0.0978132113814354,0,0.7465524077415466,1,0,1.1192870140075684,-0.04177418351173401,1.0098432302474976,1.5554099082946777,0.9033325910568237,0.8991183042526245,-0.06290408968925476,-0.42638424038887024,0.363965779542923,1.0082427263259888,1.0040130615234375,1.017274022102356,https://wandb.ai/ememchijioke-university-of-klagenfurt/marl-uav-v0-7-compact-triangle-obstacle/runs/f23wgnom
2026-05-30T11:50:50.494657,314,1,11365.62850906554,0,0,0,MOVE_TRIANGLE_OBSTACLE,1.0,0.04796456918120384,0.026774132624268532,0.031030654907226562,0.7552158832550049,0.7810003757476807,0.8068757057189941,0.03918756917119026,0.34746378660202026,0.5845058560371399,1,0.07844100799411535,0.0542130209505558,0.06501815468072891,0.39650604128837585,0.40998637676239014,0.010229110717773438,0.07013855129480362,0,0.7552158832550049,1,0,1.1115418672561646,-0.033886849880218506,1.0099371671676636,1.5469160079956055,0.8904668092727661,0.8972430229187012,-0.053882110863924026,-0.4272487759590149,0.3794703483581543,1.0083281993865967,1.0035520792007446,1.0179308652877808,https://wandb.ai/ememchijioke-university-of-klagenfurt/marl-uav-v0-7-compact-triangle-obstacle/runs/f23wgnom
2026-05-30T11:50:57.957215,315,1,11489.093652025744,0,0,0,MOVE_TRIANGLE_OBSTACLE,1.0,0.05459349602460861,0.024875029921531677,0.02951653798421224,0.7497972249984741,0.7817400097846985,0.8066068291664124,0.03721160814166069,0.343244343996048,0.5850432515144348,1,0.07999002514407039,0.059969764202833176,0.06877033412456512,0.396782785654068,0.4099687337875366,0.014059836976230145,0.09020618349313736,0,0.7497972249984741,1,0,1.1229559183120728,-0.03886095806956291,1.0099002122879028,1.5567928552627563,0.9107568860054016,0.9013179540634155,-0.053975507616996765,-0.43451929092407227,0.3719119429588318,1.008222222328186,1.0037717819213867,1.0177067518234253,https://wandb.ai/ememchijioke-university-of-klagenfurt/marl-uav-v0-7-compact-triangle-obstacle/runs/f23wgnom
2026-05-30T11:51:04.061085,316,1,11368.726387541748,0,0,0,MOVE_TRIANGLE_OBSTACLE,1.0,0.050948530435562134,0.024793392047286034,0.028299132982889812,0.742316722869873,0.7721819281578064,0.8050321936607361,0.03684736043214798,0.34800201654434204,0.5834767818450928,1,0.07874244591221213,0.05581890046596527,0.06589556485414505,0.39227762818336487,0.4048106074333191,0.008770586922764778,0.1285046488046646,0,0.742316722869873,1,0,1.1110533475875854,-0.037518460303545,1.010130763053894,1.5384275913238525,0.898764967918396,0.8959677815437317,-0.05474398657679558,-0.4313593804836273,0.3735479712486267,1.0089396238327026,1.0037764310836792,1.0176761150360107,https://wandb.ai/ememchijioke-university-of-klagenfurt/marl-uav-v0-7-compact-triangle-obstacle/runs/f23wgnom
2026-05-30T11:51:10.958012,317,1,11396.638197601545,0,0,0,MOVE_TRIANGLE_OBSTACLE,1.0,0.04851679503917694,0.029198771342635155,0.0367324153582255,0.7350634336471558,0.789326548576355,0.8059341311454773,0.04329841583967209,0.3474239706993103,0.5830044746398926,1,0.07763175223954022,0.05671544000506401,0.07078509032726288,0.4079814851284027,0.41404274106025696,0.013623327016830444,0.11935416609048843,0,0.7350634336471558,1,0,1.1178570985794067,-0.03305293992161751,1.0097795724868774,1.5485773086547852,0.9075222611427307,0.8974717259407043,-0.061871662735939026,-0.4215231239795685,0.3842359781265259,1.0080838203430176,1.003899335861206,1.0173556804656982,https://wandb.ai/ememchijioke-university-of-klagenfurt/marl-uav-v0-7-compact-triangle-obstacle/runs/f23wgnom
2026-05-30T11:51:17.963416,318,1,11368.645951070555,0,0,0,MOVE_TRIANGLE_OBSTACLE,1.0,0.05205593258142471,0.02639446221292019,0.02800653378168742,0.7491227984428406,0.775393545627594,0.8077488541603088,0.03937429562211037,0.34782445430755615,0.5847868323326111,1,0.07862972049042583,0.05732406675815582,0.06802856922149658,0.3758871555328369,0.38440796732902527,0.010465417988598347,0.12203916162252426,0,0.7491227984428406,1,0,1.108538031578064,-0.03681154176592827,1.0098577737808228,1.5391584634780884,0.8903241157531738,0.8961315751075745,-0.05641517415642738,-0.4308205842971802,0.37680113315582275,1.008442759513855,1.004015326499939,1.0171152353286743,https://wandb.ai/ememchijioke-university-of-klagenfurt/marl-uav-v0-7-compact-triangle-obstacle/runs/f23wgnom
2026-05-30T11:51:25.125300,319,1,11429.791696655902,0,0,0,MOVE_TRIANGLE_OBSTACLE,1.0,0.05428997427225113,0.02791290543973446,0.0336185892422994,0.7414888739585876,0.7819800972938538,0.8103645443916321,0.04170488193631172,0.34886837005615234,0.5853714942932129,1,0.07752272393554449,0.06082196533679962,0.0706159695982933,0.3743816614151001,0.37868133187294006,0.020248204469680786,0.14801812171936035,0,0.7414888739585876,1,0,1.1138871908187866,-0.03741384670138359,1.0097475051879883,1.5435805320739746,0.9027547836303711,0.8953263163566589,-0.058811627328395844,-0.43182745575904846,0.37839755415916443,1.0071938037872314,1.0044876337051392,1.0175608396530151,https://wandb.ai/ememchijioke-university-of-klagenfurt/marl-uav-v0-7-compact-triangle-obstacle/runs/f23wgnom
2026-05-30T11:51:31.994172,320,1,11429.512345754614,0,0,0,MOVE_TRIANGLE_OBSTACLE,1.0,0.053799547255039215,0.0218194629997015,0.0249712069829305,0.7392517924308777,0.7682459950447083,0.7959194183349609,0.03227636590600014,0.3439953625202179,0.5808359980583191,1,0.08075955975800753,0.0573665015399456,0.0683387815952301,0.39716318249702454,0.4040793478488922,0.014203931204974651,0.09627401828765869,0,0.7392517924308777,1,0,1.1149476766586304,-0.037755150347948074,1.0098010301589966,1.5414752960205078,0.9031012654304504,0.9002665877342224,-0.05450534075498581,-0.42727819085121155,0.36851808428764343,1.007556676864624,1.0040675401687622,1.0177788734436035,https://wandb.ai/ememchijioke-university-of-klagenfurt/marl-uav-v0-7-compact-triangle-obstacle/runs/f23wgnom
2026-05-30T11:51:38.907855,321,1,11431.030369240762,0,0,0,MOVE_TRIANGLE_OBSTACLE,1.0,0.0497521348297596,0.026218555867671967,0.03102751572926839,0.7475982904434204,0.7821809649467468,0.8084998726844788,0.03927348181605339,0.3499937951564789,0.5820662379264832,1,0.07768891053274274,0.05657422915101051,0.06232362613081932,0.38402441143989563,0.4006425738334656,0.014412329532206059,0.10423658043146133,0,0.7475982904434204,1,0,1.113722562789917,-0.03050917387008667,1.0089049339294434,1.5463842153549194,0.9008541703224182,0.8939292430877686,-0.04858217388391495,-0.42565447092056274,0.3827091157436371,1.0067018270492554,1.003440260887146,1.0165725946426392,https://wandb.ai/ememchijioke-university-of-klagenfurt/marl-uav-v0-7-compact-triangle-obstacle/runs/f23wgnom
2026-05-30T11:51:45.113716,322,1,11432.552967831964,0,0,0,MOVE_TRIANGLE_OBSTACLE,1.0,0.049666743725538254,0.021533159539103508,0.026795725027720135,0.7320210337638855,0.7715346217155457,0.7908735871315002,0.030792227014899254,0.34687405824661255,0.5780470967292786,1,0.07944121956825256,0.05384265258908272,0.06515391916036606,0.40367230772972107,0.41320374608039856,0.016515525057911873,0.12437204271554947,0,0.7320210337638855,1,0,1.1164703369140625,-0.033484768122434616,1.009121060371399,1.5425360202789307,0.9099655747413635,0.8969094157218933,-0.05144848674535751,-0.41982540488243103,0.3708195984363556,1.0063780546188354,1.0035808086395264,1.0174044370651245,https://wandb.ai/ememchijioke-university-of-klagenfurt/marl-uav-v0-7-compact-triangle-obstacle/runs/f23wgnom
2026-05-30T11:51:52.343200,323,1,11437.253212984513,0,0,0,MOVE_TRIANGLE_OBSTACLE,1.0,0.05285799503326416,0.026892831549048424,0.031038324038187664,0.7483029365539551,0.7838060259819031,0.807611882686615,0.04015157371759415,0.3477759063243866,0.585157573223114,1,0.07791699352674186,0.05912088230252266,0.0667773112654686,0.4095606505870819,0.41409340500831604,0.016061874106526375,0.09847468882799149,0,0.7483029365539551,1,0,1.1144722700119019,-0.035945307463407516,1.009672999382019,1.548104166984558,0.8988811373710632,0.8964313864707947,-0.057048000395298004,-0.42914527654647827,0.3783573508262634,1.0074703693389893,1.0042463541030884,1.01730215549469,https://wandb.ai/ememchijioke-university-of-klagenfurt/marl-uav-v0-7-compact-triangle-obstacle/runs/f23wgnom
2026-05-30T11:51:59.174991,324,1,11428.597027422134,0,0,0,MOVE_TRIANGLE_OBSTACLE,1.0,0.052919212728738785,0.026231303811073303,0.03067036469777425,0.749326765537262,0.7814893126487732,0.8098485469818115,0.03930779546499252,0.3467128574848175,0.5858461260795593,1,0.07855408266186714,0.05877987667918205,0.06867945939302444,0.3974512815475464,0.4227280020713806,0.018170855939388275,0.05984765291213989,0,0.749326765537262,1,0,1.1168838739395142,-0.038458943367004395,1.0093917846679688,1.5497022867202759,0.9036908745765686,0.897258460521698,-0.055249299854040146,-0.434922456741333,0.37479493021965027,1.0069323778152466,1.0040825605392456,1.0171602964401245,https://wandb.ai/ememchijioke-university-of-klagenfurt/marl-uav-v0-7-compact-triangle-obstacle/runs/f23wgnom
2026-05-30T11:52:05.832439,325,1,11364.45789069354,0,0,0,MOVE_TRIANGLE_OBSTACLE,1.0,0.05325968936085701,0.02892424911260605,0.03131532669067383,0.7450100779533386,0.7722510099411011,0.816705048084259,0.04321025311946869,0.34804412722587585,0.5850655436515808,1,0.07906016148626804,0.059460341930389404,0.07157105207443237,0.37597644329071045,0.3980385959148407,0.00601655850186944,0.11000135540962219,0,0.7450100779533386,1,0,1.1076655387878418,-0.037695933133363724,1.009768009185791,1.5335966348648071,0.8932926654815674,0.8961073160171509,-0.05600183084607124,-0.4368467926979065,0.37976083159446716,1.007546305656433,1.0047301054000854,1.0170276165008545,https://wandb.ai/ememchijioke-university-of-klagenfurt/marl-uav-v0-7-compact-triangle-obstacle/runs/f23wgnom
2026-05-30T11:52:12.474994,326,1,11434.199594755308,0,0,0,MOVE_TRIANGLE_OBSTACLE,1.0,0.05392013117671013,0.03236725926399231,0.03595890601476034,0.7496905326843262,0.783964991569519,0.8236022591590881,0.04849578067660332,0.3450278043746948,0.5876043438911438,1,0.07927840272895992,0.06224118545651436,0.07447425276041031,0.40176376700401306,0.41307947039604187,0.019104354083538055,0.11932500451803207,0,0.7496905326843262,1,0,1.1153331995010376,-0.03828830644488335,1.0098451375961304,1.5461609363555908,0.8991237282752991,0.9007151126861572,-0.06035495176911354,-0.438994824886322,0.3844848573207855,1.0073012113571167,1.0040572881698608,1.0181770324707031,https://wandb.ai/ememchijioke-university-of-klagenfurt/marl-uav-v0-7-compact-triangle-obstacle/runs/f23wgnom
2026-05-30T11:52:19.016073,327,1,11484.343903163792,0,0,0,MOVE_TRIANGLE_OBSTACLE,1.0,0.054068148136138916,0.02628459595143795,0.03212791681289673,0.7517562508583069,0.7924237847328186,0.8022037148475647,0.0388038344681263,0.3444964289665222,0.5867602229118347,1,0.07841800316236913,0.060279328376054764,0.066799096763134,0.3820979595184326,0.3915623426437378,0.017270492389798164,0.10912717133760452,0,0.7517562508583069,1,0,1.123193383216858,-0.03837140277028084,1.0098119974136353,1.5626533031463623,0.9070129990577698,0.8999141454696655,-0.0605364628136158,-0.42832517623901367,0.37374743819236755,1.0070440769195557,1.0048741102218628,1.0175180435180664,https://wandb.ai/ememchijioke-university-of-klagenfurt/marl-uav-v0-7-compact-triangle-obstacle/runs/f23wgnom
2026-05-30T11:52:25.576810,328,1,11421.35514088165,0,0,0,MOVE_TRIANGLE_OBSTACLE,1.0,0.04849516972899437,0.02862941287457943,0.034689525763193764,0.7456755042076111,0.786214292049408,0.8135297894477844,0.04288250952959061,0.3479609191417694,0.5841963291168213,1,0.0779335661791265,0.05658511817455292,0.0626898854970932,0.3843768537044525,0.40028756856918335,0.01489341352134943,0.05364079400897026,0,0.7456755042076111,1,0,1.1181435585021973,-0.03316556289792061,1.0102744102478027,1.550552248954773,0.9068629741668701,0.8970156311988831,-0.053347885608673096,-0.4297580420970917,0.38360923528671265,1.0082197189331055,1.0048307180404663,1.0177726745605469,https://wandb.ai/ememchijioke-university-of-klagenfurt/marl-uav-v0-7-compact-triangle-obstacle/runs/f23wgnom
2026-05-30T11:52:32.104992,329,1,11369.969599313668,0,0,0,MOVE_TRIANGLE_OBSTACLE,1.0,0.04864092916250229,0.027280598878860474,0.029117306073506672,0.7449696063995361,0.7716017961502075,0.8107197284698486,0.040864672511816025,0.34877967834472656,0.5805791020393372,1,0.07936422154307365,0.055344026535749435,0.06395889073610306,0.377251535654068,0.38483092188835144,0.014155439101159573,0.12534111738204956,0,0.7449696063995361,1,0,1.1069936752319336,-0.029813865199685097,1.0103731155395508,1.5338690280914307,0.8909098505973816,0.8962019681930542,-0.04917232692241669,-0.4254404306411743,0.38517117500305176,1.0078941583633423,1.0055440664291382,1.0176812410354614,https://wandb.ai/ememchijioke-university-of-klagenfurt/marl-uav-v0-7-compact-triangle-obstacle/runs/f23wgnom
2026-05-30T11:52:38.212611,330,1,11430.92104513695,0,0,0,MOVE_TRIANGLE_OBSTACLE,1.0,0.04489767923951149,0.024493858218193054,0.028638799985249836,0.7450225353240967,0.7708753943443298,0.8100635409355164,0.03620033338665962,0.3440026342868805,0.5786569118499756,1,0.08157849637791514,0.05149852856993675,0.060226041823625565,0.39670661091804504,0.4082582890987396,0.014712803065776825,0.09892765432596207,0,0.7450225353240967,1,0,1.1204655170440674,-0.029906699433922768,1.0112677812576294,1.5475187301635742,0.9121655821800232,0.90171217918396,-0.040494177490472794,-0.4295600652694702,0.38033413887023926,1.0093570947647095,1.0057986974716187,1.01864755153656,https://wandb.ai/ememchijioke-university-of-klagenfurt/marl-uav-v0-7-compact-triangle-obstacle/runs/f23wgnom
2026-05-30T11:52:45.279417,331,1,11365.12814322948,0,0,0,MOVE_TRIANGLE_OBSTACLE,1.0,0.0496504120528698,0.029117494821548462,0.032375832398732506,0.7350798845291138,0.7702205181121826,0.8119868636131287,0.042907457798719406,0.3475911319255829,0.5808042883872986,1,0.07968280231580138,0.05666445195674896,0.07077085971832275,0.39299240708351135,0.41028454899787903,0.009381748735904694,0.10529059916734695,0,0.7350798845291138,1,0,1.1079999208450317,-0.032352596521377563,1.0110663175582886,1.5300740003585815,0.896332323551178,0.8975932002067566,-0.05470028519630432,-0.42712920904159546,0.3847717046737671,1.0093214511871338,1.006066083908081,1.0178112983703613,https://wandb.ai/ememchijioke-university-of-klagenfurt/marl-uav-v0-7-compact-triangle-obstacle/runs/f23wgnom
2026-05-30T11:52:52.557804,332,1,11424.867309666375,0,0,0,MOVE_TRIANGLE_OBSTACLE,1.0,0.05072600021958351,0.028960509225726128,0.03302480777104696,0.7440329194068909,0.7755275368690491,0.8175798058509827,0.0431801974773407,0.34639689326286316,0.582115650177002,1,0.079908502753824,0.058366063982248306,0.06675222516059875,0.4037289619445801,0.4195832908153534,0.013684435747563839,0.1679508537054062,0,0.7440329194068909,1,0,1.1142246723175049,-0.031853605061769485,1.0114670991897583,1.540932536125183,0.9024631381034851,0.8992784023284912,-0.04967493563890457,-0.4316917657852173,0.3858058750629425,1.0092411041259766,1.0070075988769531,1.0181524753570557,https://wandb.ai/ememchijioke-university-of-klagenfurt/marl-uav-v0-7-compact-triangle-obstacle/runs/f23wgnom
2026-05-30T11:52:59.676355,333,1,11368.36849545865,0,0,0,MOVE_TRIANGLE_OBSTACLE,1.0,0.05026102438569069,0.024784957990050316,0.027910172939300537,0.7468918561935425,0.7732395529747009,0.8073828220367432,0.03714139014482498,0.34951645135879517,0.5838856101036072,1,0.07816295512020588,0.05551009997725487,0.06540601700544357,0.38621029257774353,0.4078274071216583,0.017445066943764687,0.11694269627332687,0,0.7468918561935425,1,0,1.110607385635376,-0.035686444491147995,1.01172935962677,1.5397392511367798,0.8969386219978333,0.8951442837715149,-0.05123080313205719,-0.43156102299690247,0.37573251128196716,1.0090515613555908,1.0071319341659546,1.0190045833587646,https://wandb.ai/ememchijioke-university-of-klagenfurt/marl-uav-v0-7-compact-triangle-obstacle/runs/f23wgnom
2026-05-30T11:53:06.590100,334,1,11347.183885733311,0,0,0,MOVE_TRIANGLE_OBSTACLE,1.0,0.04763724282383919,0.025594189763069153,0.030312498410542805,0.739193856716156,0.7726246118545532,0.8075067400932312,0.03774964436888695,0.3494151830673218,0.5814641118049622,1,0.07854641182348132,0.053726617246866226,0.062498386949300766,0.3999278247356415,0.4044020473957062,0.011310991831123829,0.0931524932384491,0,0.739193856716156,1,0,1.1117116212844849,-0.03307107090950012,1.0115355253219604,1.5375474691390991,0.9025407433509827,0.895046591758728,-0.049951814115047455,-0.4283318817615509,0.3790704905986786,1.009059190750122,1.007472038269043,1.0180752277374268,https://wandb.ai/ememchijioke-university-of-klagenfurt/marl-uav-v0-7-compact-triangle-obstacle/runs/f23wgnom
2026-05-30T11:53:13.804313,335,1,11427.067438310103,0,0,0,MOVE_TRIANGLE_OBSTACLE,1.0,0.05072873458266258,0.026349350810050964,0.03251884380976359,0.7531218528747559,0.7831767797470093,0.8112578988075256,0.039362695068120956,0.3491128087043762,0.5851340293884277,1,0.07760435482487082,0.057276953011751175,0.06710978597402573,0.3886289596557617,0.3944583535194397,0.017630862072110176,0.13285112380981445,0,0.7531218528747559,1,0,1.1161538362503052,-0.03402984142303467,1.0114202499389648,1.5508641004562378,0.9019885063171387,0.8956089615821838,-0.04955087974667549,-0.4318442642688751,0.3793056309223175,1.0090060234069824,1.0068297386169434,1.0184251070022583,https://wandb.ai/ememchijioke-university-of-klagenfurt/marl-uav-v0-7-compact-triangle-obstacle/runs/f23wgnom
2026-05-30T11:53:20.770036,336,1,11417.521612368728,0,0,0,MOVE_TRIANGLE_OBSTACLE,1.0,0.05244708061218262,0.024921348318457603,0.026807506879170735,0.7485302686691284,0.7705500721931458,0.8084027171134949,0.03736060857772827,0.3432270884513855,0.5822873711585999,1,0.08133430685847998,0.05739099159836769,0.0686141699552536,0.39796939492225647,0.4114166498184204,0.020348956808447838,0.12491583824157715,0,0.7485302686691284,1,0,1.1151973009109497,-0.03559967875480652,1.0113540887832642,1.5436972379684448,0.8998169898986816,0.9020777344703674,-0.05055732652544975,-0.4322778880596161,0.3760361671447754,1.0089547634124756,1.0066759586334229,1.0184317827224731,https://wandb.ai/ememchijioke-university-of-klagenfurt/marl-uav-v0-7-compact-triangle-obstacle/runs/f23wgnom
2026-05-30T11:53:28.436017,337,1,11485.341481060355,0,0,0,MOVE_TRIANGLE_OBSTACLE,1.0,0.04625054448843002,0.028791183605790138,0.03511122862497965,0.7488595843315125,0.7849940657615662,0.8191992044448853,0.04315844178199768,0.34358254075050354,0.5822431445121765,1,0.08043482014909387,0.05531907454133034,0.06404362618923187,0.4047987163066864,0.4161036014556885,0.019675379619002342,0.126027449965477,0,0.7488595843315125,1,0,1.1272486448287964,-0.03085172176361084,1.0107067823410034,1.559443712234497,0.9194502234458923,0.902851939201355,-0.044601503759622574,-0.4334406852722168,0.38548702001571655,1.0075361728668213,1.005786657333374,1.0187976360321045,https://wandb.ai/ememchijioke-university-of-klagenfurt/marl-uav-v0-7-compact-triangle-obstacle/runs/f23wgnom
2026-05-30T11:53:35.634244,338,1,11403.790079708811,0,0,0,MOVE_TRIANGLE_OBSTACLE,1.0,0.048326414078474045,0.027167417109012604,0.03323894739151001,0.7420751452445984,0.7826108932495117,0.8091810941696167,0.040580667555332184,0.3476668894290924,0.5827075839042664,1,0.07830073172226548,0.05563489720225334,0.06283625960350037,0.39214619994163513,0.4246916174888611,0.014985471963882446,0.09151583164930344,0,0.7420751452445984,1,0,1.118212342262268,-0.032784026116132736,1.0109105110168457,1.5487077236175537,0.9082095623016357,0.8977198004722595,-0.05262601003050804,-0.4273650050163269,0.38163894414901733,1.0083976984024048,1.0055208206176758,1.0188132524490356,https://wandb.ai/ememchijioke-university-of-klagenfurt/marl-uav-v0-7-compact-triangle-obstacle/runs/f23wgnom
2026-05-30T11:53:41.498378,339,1,11370.586574936535,0,0,0,MOVE_TRIANGLE_OBSTACLE,1.0,0.05132975056767464,0.026054546236991882,0.028246521949768066,0.7468600869178772,0.7731958627700806,0.8084037899971008,0.039062872529029846,0.3489019572734833,0.5841144919395447,1,0.0784065080806613,0.056793663650751114,0.06676442921161652,0.4014805853366852,0.41331788897514343,0.01035157311707735,0.11445314437150955,0,0.7468600869178772,1,0,1.1090933084487915,-0.035890091210603714,1.011320948600769,1.5378820896148682,0.893208920955658,0.8961887955665588,-0.05393156409263611,-0.4310150444507599,0.37727633118629456,1.008360505104065,1.006229043006897,1.0193732976913452,https://wandb.ai/ememchijioke-university-of-klagenfurt/marl-uav-v0-7-compact-triangle-obstacle/runs/f23wgnom
2026-05-30T11:53:48.270751,340,1,11400.71686058126,0,0,0,MOVE_TRIANGLE_OBSTACLE,1.0,0.04397255554795265,0.029211154207587242,0.034976025422414146,0.7468286752700806,0.7878419160842896,0.8139148354530334,0.043794743716716766,0.34661296010017395,0.5814935564994812,1,0.07884584506973624,0.05341464653611183,0.058131251484155655,0.3935298025608063,0.39628148078918457,0.013304767198860645,0.10905513912439346,0,0.7468286752700806,1,0,1.1193618774414062,-0.027312031015753746,1.0110628604888916,1.5526870489120483,0.9060320258140564,0.8993666768074036,-0.049508094787597656,-0.4231245517730713,0.39069655537605286,1.0083030462265015,1.0072431564331055,1.0176422595977783,https://wandb.ai/ememchijioke-university-of-klagenfurt/marl-uav-v0-7-compact-triangle-obstacle/runs/f23wgnom
2026-05-30T11:53:55.518078,341,1,11414.033684229644,0,0,0,MOVE_TRIANGLE_OBSTACLE,1.0,0.049640439450740814,0.028814509510993958,0.03442112604777018,0.7524695992469788,0.7789957523345947,0.8217980265617371,0.04320113733410835,0.3474135994911194,0.5838685631752014,1,0.07931934343650937,0.05766666308045387,0.07032757997512817,0.37326446175575256,0.3822396397590637,0.022133441641926765,0.08546813577413559,0,0.7524695992469788,1,0,1.115850806236267,-0.032213032245635986,1.0109418630599976,1.546487808227539,0.9033818244934082,0.8976829051971436,-0.0456700325012207,-0.4363420009613037,0.38537293672561646,1.0080699920654297,1.007276177406311,1.0174793004989624,https://wandb.ai/ememchijioke-university-of-klagenfurt/marl-uav-v0-7-compact-triangle-obstacle/runs/f23wgnom
2026-05-30T11:54:02.257224,342,1,11399.971730318057,0,0,0,MOVE_TRIANGLE_OBSTACLE,1.0,0.04840986058115959,0.029464980587363243,0.03508369127909342,0.7488847374916077,0.7863181233406067,0.8178176879882812,0.04419220611453056,0.34747013449668884,0.5846391916275024,1,0.07833316782489419,0.056947484612464905,0.06542318314313889,0.38968297839164734,0.39184823632240295,0.019412165507674217,0.1116984561085701,0,0.7488847374916077,1,0,1.1178983449935913,-0.03261163830757141,1.0108197927474976,1.5507292747497559,0.9055407643318176,0.8974251747131348,-0.05171153321862221,-0.43192026019096375,0.3857968747615814,1.0083060264587402,1.007112741470337,1.017040491104126,https://wandb.ai/ememchijioke-university-of-klagenfurt/marl-uav-v0-7-compact-triangle-obstacle/runs/f23wgnom
2026-05-30T11:54:10.082254,343,1,11422.067936094636,0,0,0,MOVE_TRIANGLE_OBSTACLE,1.0,0.0486588180065155,0.028045354411005974,0.0352364182472229,0.7546976208686829,0.78678959608078,0.8142220377922058,0.04173547029495239,0.34678879380226135,0.5853286385536194,1,0.07845310657285154,0.056199684739112854,0.06658029556274414,0.39978256821632385,0.40443170070648193,0.009709221310913563,0.13698376715183258,0,0.7546976208686829,1,0,1.118377447128296,-0.03332674503326416,1.0112484693527222,1.5544421672821045,0.9026771783828735,0.8980129361152649,-0.05105304718017578,-0.43153896927833557,0.38261178135871887,1.008774757385254,1.0076303482055664,1.0173401832580566,https://wandb.ai/ememchijioke-university-of-klagenfurt/marl-uav-v0-7-compact-triangle-obstacle/runs/f23wgnom
2026-05-30T11:54:17.465254,344,1,11482.592898070197,0,0,0,MOVE_TRIANGLE_OBSTACLE,1.0,0.04756619408726692,0.026215726509690285,0.03362389405568441,0.7350135445594788,0.7810288071632385,0.8048564195632935,0.03841524198651314,0.34340471029281616,0.5789074301719666,1,0.08056818321347237,0.05463355779647827,0.0623488575220108,0.38531026244163513,0.39846271276474,0.0134979747235775,0.08349326997995377,0,0.7350135445594788,1,0,1.1250920295715332,-0.0303638968616724,1.0110459327697754,1.553171157836914,0.920026421546936,0.9020786285400391,-0.049675870686769485,-0.4230017364025116,0.3815859258174896,1.0079580545425415,1.00733482837677,1.0178450345993042,https://wandb.ai/ememchijioke-university-of-klagenfurt/marl-uav-v0-7-compact-triangle-obstacle/runs/f23wgnom
2026-05-30T11:54:24.524126,345,1,11452.598467676942,0,0,0,MOVE_TRIANGLE_OBSTACLE,1.0,0.05009376257658005,0.03307102620601654,0.04137319326400757,0.7408917546272278,0.7908847332000732,0.8241266012191772,0.04933370649814606,0.34443509578704834,0.5849560499191284,1,0.07928678137250245,0.06059018895030022,0.06698298454284668,0.38351014256477356,0.4076322615146637,0.01080795843154192,0.10187667608261108,0,0.7408917546272278,1,0,1.1245852708816528,-0.03377227857708931,1.0107059478759766,1.5547049045562744,0.9175730347633362,0.9014778733253479,-0.056320641189813614,-0.4344485104084015,0.3894523084163666,1.0083047151565552,1.0065900087356567,1.0172231197357178,https://wandb.ai/ememchijioke-university-of-klagenfurt/marl-uav-v0-7-compact-triangle-obstacle/runs/f23wgnom
2026-05-30T11:54:31.014887,346,1,11460.273881928735,0,0,0,MOVE_TRIANGLE_OBSTACLE,1.0,0.05014197528362274,0.028508828952908516,0.03585392236709595,0.7378056049346924,0.7823161482810974,0.8130512237548828,0.0421101376414299,0.3440195620059967,0.581487238407135,1,0.08016850752756,0.05802911892533302,0.06505728513002396,0.3802245557308197,0.3944440484046936,0.022665737196803093,0.1235734224319458,0,0.7378056049346924,1,0,1.1234432458877563,-0.032403409481048584,1.0113067626953125,1.5513957738876343,0.9174925684928894,0.9014414548873901,-0.051666419953107834,-0.4291890561580658,0.383645236492157,1.0085294246673584,1.0078192949295044,1.0175715684890747,https://wandb.ai/ememchijioke-university-of-klagenfurt/marl-uav-v0-7-compact-triangle-obstacle/runs/f23wgnom
2026-05-30T11:54:38.134526,347,1,11393.547482200918,0,0,0,MOVE_TRIANGLE_OBSTACLE,1.0,0.04783419519662857,0.033711619675159454,0.0400809645652771,0.7502636909484863,0.7952268719673157,0.8247523307800293,0.05045369267463684,0.3471323549747467,0.5872970223426819,1,0.07768779480829835,0.05889923498034477,0.06689872592687607,0.39787647128105164,0.4132373332977295,0.007869481109082699,0.1635179966688156,0,0.7502636909484863,1,0,1.1193732023239136,-0.033349912613630295,1.0105537176132202,1.5545978546142578,0.9049330353736877,0.8985885977745056,-0.05805490165948868,-0.43332821130752563,0.39133337140083313,1.0077918767929077,1.0067057609558105,1.0171632766723633,https://wandb.ai/ememchijioke-university-of-klagenfurt/marl-uav-v0-7-compact-triangle-obstacle/runs/f23wgnom
2026-05-30T11:54:43.962216,348,1,11432.237879836617,0,0,0,MOVE_TRIANGLE_OBSTACLE,1.0,0.048741914331912994,0.03392794355750084,0.038184007008870445,0.7462949156761169,0.7782386541366577,0.8326082825660706,0.05047027766704559,0.34765154123306274,0.5822877287864685,1,0.07984371297061443,0.060075681656599045,0.06992393732070923,0.3837242126464844,0.40602049231529236,0.021042710170149803,0.15412063896656036,0,0.7462949156761169,1,0,1.113782525062561,-0.028149178251624107,1.0110822916030884,1.5392440557479858,0.9029595851898193,0.899144172668457,-0.045662496238946915,-0.43565839529037476,0.3968733549118042,1.0083138942718506,1.0071529150009155,1.0177803039550781,https://wandb.ai/ememchijioke-university-of-klagenfurt/marl-uav-v0-7-compact-triangle-obstacle/runs/f23wgnom
2026-05-30T11:54:50.960235,349,1,11395.85857135877,0,0,0,MOVE_TRIANGLE_OBSTACLE,1.0,0.04651091992855072,0.03647764027118683,0.04363358020782471,0.732077956199646,0.7875721454620361,0.825406551361084,0.05417134612798691,0.34438496828079224,0.5821030735969543,1,0.07979249185882509,0.059432774782180786,0.07377234101295471,0.39848172664642334,0.4007023274898529,0.021842539310455322,0.13224096596240997,0,0.732077956199646,1,0,1.1175228357315063,-0.029153168201446533,1.011165976524353,1.5420196056365967,0.9070953130722046,0.9034537672996521,-0.06131290644407272,-0.42573195695877075,0.3995853662490845,1.0092006921768188,1.0063607692718506,1.0179363489151,https://wandb.ai/ememchijioke-university-of-klagenfurt/marl-uav-v0-7-compact-triangle-obstacle/runs/f23wgnom
2026-05-30T11:54:57.934818,350,1,11429.01907273402,0,0,0,MOVE_TRIANGLE_OBSTACLE,1.0,0.05262211337685585,0.029454732313752174,0.03541362285614014,0.7424671053886414,0.7829276919364929,0.8157802820205688,0.044034697115421295,0.34975022077560425,0.5851491093635559,1,0.07729240879416466,0.06037388741970062,0.06825877726078033,0.386731892824173,0.41175711154937744,0.010504386387765408,0.07776927947998047,0,0.7424671053886414,1,0,1.1141022443771362,-0.034606803208589554,1.0116280317306519,1.5434359312057495,0.9034289717674255,0.8954416513442993,-0.0555887445807457,-0.4319465160369873,0.38371485471725464,1.009053349494934,1.0072104930877686,1.0186200141906738,https://wandb.ai/ememchijioke-university-of-klagenfurt/marl-uav-v0-7-compact-triangle-obstacle/runs/f23wgnom
2026-05-30T11:55:05.097192,351,1,11421.442032665685,0,0,0,MOVE_TRIANGLE_OBSTACLE,1.0,0.04838117957115173,0.030409274622797966,0.04217737913131714,0.7662723660469055,0.7856025099754333,0.8246572613716125,0.04434802010655403,0.34636202454566956,0.5864500403404236,1,0.07914121216163039,0.056899916380643845,0.07442954927682877,0.41207972168922424,0.4154466390609741,0.02077571116387844,0.11816558241844177,0,0.7662723660469055,1,0,1.1175013780593872,-0.032033324241638184,1.0111554861068726,1.5555652379989624,0.8977348208427429,0.8992043137550354,-0.04491281136870384,-0.4378838539123535,0.3866966962814331,1.009105920791626,1.0066046714782715,1.0177556276321411,https://wandb.ai/ememchijioke-university-of-klagenfurt/marl-uav-v0-7-compact-triangle-obstacle/runs/f23wgnom
2026-05-30T11:55:12.380287,352,1,11478.190674950589,0,0,0,MOVE_TRIANGLE_OBSTACLE,1.0,0.04938945546746254,0.0338825099170208,0.04509089390436808,0.7578850388526917,0.796821653842926,0.8305659890174866,0.05046352744102478,0.3484838902950287,0.5875301957130432,1,0.07722958386875689,0.06076083704829216,0.07149386405944824,0.38609543442726135,0.3921926021575928,0.020172590389847755,0.15759091079235077,0,0.7578850388526917,1,0,1.1231709718704224,-0.030890673398971558,1.0113450288772583,1.5610967874526978,0.9106719493865967,0.8977442979812622,-0.04834546148777008,-0.43735718727111816,0.3930306136608124,1.0093404054641724,1.00667405128479,1.0180203914642334,https://wandb.ai/ememchijioke-university-of-klagenfurt/marl-uav-v0-7-compact-triangle-obstacle/runs/f23wgnom
2026-05-30T11:55:19.341900,353,1,11363.253453126546,0,0,0,MOVE_TRIANGLE_OBSTACLE,1.0,0.04532305896282196,0.027986543253064156,0.03248091538747152,0.742353618144989,0.7773846387863159,0.8124117255210876,0.04179312288761139,0.34887102246284485,0.5812498927116394,1,0.07865372393280268,0.05320470407605171,0.06146850809454918,0.3784922659397125,0.39813217520713806,0.016744645312428474,0.1254909485578537,0,0.742353618144989,1,0,1.1116570234298706,-0.029723873361945152,1.0111624002456665,1.539455771446228,0.8992629051208496,0.8962521553039551,-0.0499601848423481,-0.4257696270942688,0.3865582048892975,1.0094363689422607,1.0063856840133667,1.0176655054092407,https://wandb.ai/ememchijioke-university-of-klagenfurt/marl-uav-v0-7-compact-triangle-obstacle/runs/f23wgnom
2026-05-30T11:55:25.644594,354,1,11481.39129148353,0,0,0,MOVE_TRIANGLE_OBSTACLE,1.0,0.04837679862976074,0.029195835813879967,0.037506937980651855,0.7555749416351318,0.7940809726715088,0.8128648996353149,0.043013911694288254,0.34472814202308655,0.5846801400184631,1,0.07878315495327115,0.05700558051466942,0.0636865571141243,0.3957866430282593,0.4132538139820099,0.021863870322704315,0.14670592546463013,0,0.7555749416351318,1,0,1.1243690252304077,-0.030417850241065025,1.0120625495910645,1.5638445615768433,0.9079723954200745,0.9012899398803711,-0.05126558989286423,-0.42637261748313904,0.38638466596603394,1.011236548423767,1.0067670345306396,1.0181841850280762,https://wandb.ai/ememchijioke-university-of-klagenfurt/marl-uav-v0-7-compact-triangle-obstacle/runs/f23wgnom
2026-05-30T11:55:32.535997,355,1,11428.61623509257,0,0,0,MOVE_TRIANGLE_OBSTACLE,1.0,0.04766561836004257,0.03071012534201145,0.03623680273691813,0.7553310990333557,0.7772654294967651,0.8261138796806335,0.04603438451886177,0.3431656062602997,0.5827662348747253,1,0.08153782458975911,0.05677277222275734,0.07097560167312622,0.40654492378234863,0.42248469591140747,0.010124391876161098,0.07749411463737488,0,0.7553310990333557,1,0,1.1168853044509888,-0.02983923815190792,1.012189507484436,1.5469709634780884,0.9001954793930054,0.9034895896911621,-0.04510759562253952,-0.4352260231971741,0.3908159136772156,1.0112357139587402,1.0074690580368042,1.0178637504577637,https://wandb.ai/ememchijioke-university-of-klagenfurt/marl-uav-v0-7-compact-triangle-obstacle/runs/f23wgnom
2026-05-30T11:55:39.231548,356,1,11423.927268890642,0,0,0,MOVE_TRIANGLE_OBSTACLE,1.0,0.04781823605298996,0.028433872386813164,0.03436887264251709,0.7379842400550842,0.7771446108818054,0.8139462471008301,0.041842907667160034,0.3430752158164978,0.5819241404533386,1,0.08087382791563869,0.05533392354846001,0.06459809839725494,0.3894213140010834,0.39814406633377075,0.005773944780230522,0.12209063768386841,0,0.7379842400550842,1,0,1.1208494901657104,-0.03422573208808899,1.012034296989441,1.546612024307251,0.9132651090621948,0.9026715159416199,-0.052968576550483704,-0.43175655603408813,0.3820479214191437,1.0107207298278809,1.0072475671768188,1.0181347131729126,https://wandb.ai/ememchijioke-university-of-klagenfurt/marl-uav-v0-7-compact-triangle-obstacle/runs/f23wgnom
2026-05-30T11:55:46.393511,357,1,11422.643251823087,0,0,0,MOVE_TRIANGLE_OBSTACLE,1.0,0.046914681792259216,0.031148245558142662,0.03644492228825887,0.74395751953125,0.7812554836273193,0.8220368027687073,0.046507578343153,0.3477270007133484,0.5809140801429749,1,0.07925097225233912,0.05693557485938072,0.062420476227998734,0.38751402497291565,0.40105387568473816,0.017150800675153732,0.07976076751947403,0,0.74395751953125,1,0,1.1150437593460083,-0.026573002338409424,1.0113619565963745,1.542986512184143,0.9037534594535828,0.8983913064002991,-0.046837158501148224,-0.42741626501083374,0.3945344090461731,1.010267972946167,1.0065966844558716,1.017221212387085,https://wandb.ai/ememchijioke-university-of-klagenfurt/marl-uav-v0-7-compact-triangle-obstacle/runs/f23wgnom
2026-05-30T11:55:53.332116,358,1,11418.044110490408,0,0,0,MOVE_TRIANGLE_OBSTACLE,1.0,0.04699672758579254,0.029732977971434593,0.0350915789604187,0.7444143891334534,0.7884370684623718,0.8112520575523376,0.044477079063653946,0.3474122881889343,0.5824705958366394,1,0.07808831264264882,0.056110233068466187,0.0646606832742691,0.3823513686656952,0.4000953435897827,0.011213562451303005,0.12693718075752258,0,0.7444143891334534,1,0,1.1166373491287231,-0.028358569368720055,1.0124081373214722,1.5495859384536743,0.9011380672454834,0.8991878628730774,-0.05501687526702881,-0.4206172823905945,0.3905584514141083,1.0101722478866577,1.0080480575561523,1.019003987312317,https://wandb.ai/ememchijioke-university-of-klagenfurt/marl-uav-v0-7-compact-triangle-obstacle/runs/f23wgnom
2026-05-30T11:56:00.086031,359,1,11435.274376952655,0,0,0,MOVE_TRIANGLE_OBSTACLE,1.0,0.04790552332997322,0.02602560818195343,0.028979063034057617,0.7502384781837463,0.7743462324142456,0.8123524785041809,0.03903186321258545,0.34319600462913513,0.5814078450202942,1,0.08133095968514681,0.05435134842991829,0.06520863622426987,0.3980001211166382,0.42166706919670105,0.008853294886648655,0.1676301509141922,0,0.7502384781837463,1,0,1.118302345275879,-0.03174343705177307,1.0123189687728882,1.5481672286987305,0.9037612676620483,0.9029785394668579,-0.04638287052512169,-0.43056103587150574,0.3817135989665985,1.0102050304412842,1.0077667236328125,1.0189851522445679,https://wandb.ai/ememchijioke-university-of-klagenfurt/marl-uav-v0-7-compact-triangle-obstacle/runs/f23wgnom
2026-05-30T11:56:07.421479,360,1,11487.88870784076,0,0,0,MOVE_TRIANGLE_OBSTACLE,1.0,0.046486351639032364,0.034145429730415344,0.04190333684285482,0.7418546676635742,0.7946739792823792,0.8228906989097595,0.0511765331029892,0.3443436026573181,0.5825607180595398,1,0.07929300446994603,0.05867251381278038,0.06543118506669998,0.4062166213989258,0.41865167021751404,0.014634031802415848,0.11805590987205505,0,0.7418546676635742,1,0,1.1240885257720947,-0.026823243126273155,1.012323260307312,1.5560520887374878,0.9125020503997803,0.9037116169929504,-0.055057961493730545,-0.42409712076187134,0.39868536591529846,1.0098694562911987,1.0085316896438599,1.018568754196167,https://wandb.ai/ememchijioke-university-of-klagenfurt/marl-uav-v0-7-compact-triangle-obstacle/runs/f23wgnom
2026-05-30T11:56:13.690212,361,1,11429.307799829368,0,0,0,MOVE_TRIANGLE_OBSTACLE,1.0,0.04878617450594902,0.030844246968626976,0.03340625762939453,0.7481355667114258,0.7798977494239807,0.8184565901756287,0.046213164925575256,0.3444075882434845,0.5819002985954285,1,0.08046654146164656,0.057743802666664124,0.06584819406270981,0.3924492597579956,0.39837655425071716,0.017475364729762077,0.1389443278312683,0,0.7481355667114258,1,0,1.114659309387207,-0.028757968917489052,1.0125991106033325,1.544290542602539,0.8968077898025513,0.9028797745704651,-0.05168468877673149,-0.42647698521614075,0.39188775420188904,1.0103286504745483,1.0084075927734375,1.0190608501434326,https://wandb.ai/ememchijioke-university-of-klagenfurt/marl-uav-v0-7-compact-triangle-obstacle/runs/f23wgnom
2026-05-30T11:56:19.768235,362,1,11486.838711462027,0,0,0,MOVE_TRIANGLE_OBSTACLE,1.0,0.052489571273326874,0.03334319591522217,0.038470288117726646,0.7440671920776367,0.7868514060974121,0.8226266503334045,0.0499921552836895,0.3432563841342926,0.5836675763130188,1,0.08020192896947265,0.06251756101846695,0.07111595571041107,0.3855709135532379,0.39090368151664734,0.019189277663826942,0.15345363318920135,0,0.7440671920776367,1,0,1.119346022605896,-0.030686894431710243,1.012677788734436,1.5491278171539307,0.9043778777122498,0.9045323729515076,-0.057280056178569794,-0.4286702871322632,0.3938896656036377,1.0102930068969727,1.008632779121399,1.0191079378128052,https://wandb.ai/ememchijioke-university-of-klagenfurt/marl-uav-v0-7-compact-triangle-obstacle/runs/f23wgnom
2026-05-30T11:56:26.828084,363,1,11367.08472526071,0,0,0,MOVE_TRIANGLE_OBSTACLE,1.0,0.04436478391289711,0.03156713768839836,0.03723275661468506,0.7400091290473938,0.7866217494010925,0.8150856494903564,0.04730110615491867,0.34895139932632446,0.5827850699424744,1,0.07761454489082098,0.05472273752093315,0.06652768701314926,0.40298986434936523,0.40518486499786377,0.021342070773243904,0.11841627210378647,0,0.7400091290473938,1,0,1.1124693155288696,-0.02862408757209778,1.012438178062439,1.5420540571212769,0.8979145288467407,0.8974393010139465,-0.05745092034339905,-0.42172476649284363,0.39330342411994934,1.0102359056472778,1.0087075233459473,1.018371343612671,https://wandb.ai/ememchijioke-university-of-klagenfurt/marl-uav-v0-7-compact-triangle-obstacle/runs/f23wgnom
2026-05-30T11:56:33.506243,364,1,11415.677939994313,0,0,0,MOVE_TRIANGLE_OBSTACLE,1.0,0.04597548022866249,0.03400912508368492,0.04010897874832153,0.7421209812164307,0.7903965711593628,0.8220513463020325,0.0509578138589859,0.34649696946144104,0.5826987624168396,1,0.07864031405188143,0.05791659653186798,0.06691714376211166,0.38851645588874817,0.39710649847984314,0.020084083080291748,0.07196638733148575,0,0.7421209812164307,1,0,1.1168173551559448,-0.026813426986336708,1.012528419494629,1.5472464561462402,0.9022529721260071,0.9009524583816528,-0.05611615255475044,-0.42315948009490967,0.39883536100387573,1.0110032558441162,1.0085172653198242,1.0180648565292358,https://wandb.ai/ememchijioke-university-of-klagenfurt/marl-uav-v0-7-compact-triangle-obstacle/runs/f23wgnom
2026-05-30T11:56:40.405438,365,1,11365.34754066078,0,0,0,MOVE_TRIANGLE_OBSTACLE,1.0,0.04312153160572052,0.03532736375927925,0.03741159041722616,0.7495431900024414,0.7857242822647095,0.8260536789894104,0.05270959436893463,0.34330108761787415,0.5836002230644226,1,0.08053498435765505,0.0557691864669323,0.06490495055913925,0.3857441842556,0.4050437808036804,0.014937189407646656,0.08264431357383728,0,0.7495431900024414,1,0,1.1140646934509277,-0.028500458225607872,1.0122908353805542,1.5446629524230957,0.893050491809845,0.9044806361198425,-0.05686195194721222,-0.42727893590927124,0.3986395001411438,1.010895013809204,1.0081738233566284,1.0178037881851196,https://wandb.ai/ememchijioke-university-of-klagenfurt/marl-uav-v0-7-compact-triangle-obstacle/runs/f23wgnom
2026-05-30T11:56:47.567656,366,1,11421.827263492605,0,0,0,MOVE_TRIANGLE_OBSTACLE,1.0,0.05159035697579384,0.030150428414344788,0.036242147286732994,0.7454048991203308,0.7882148623466492,0.8159164786338806,0.04513197019696236,0.34752389788627625,0.5871851444244385,1,0.07752509810961783,0.05966144800186157,0.06847111135721207,0.3935532867908478,0.41598501801490784,0.01626954972743988,0.06860993057489395,0,0.7454048991203308,1,0,1.1179027557373047,-0.03657330945134163,1.0127016305923462,1.5503768920898438,0.9052031636238098,0.8981283903121948,-0.05963194742798805,-0.4329468607902527,0.38285887241363525,1.0115022659301758,1.0075857639312744,1.0190167427062988,https://wandb.ai/ememchijioke-university-of-klagenfurt/marl-uav-v0-7-compact-triangle-obstacle/runs/f23wgnom
2026-05-30T11:56:54.762066,367,1,11424.59294937476,0,0,0,MOVE_TRIANGLE_OBSTACLE,1.0,0.051387518644332886,0.03386068716645241,0.039340972900390625,0.7511768341064453,0.790375828742981,0.8264702558517456,0.050612855702638626,0.3459004759788513,0.5887431502342224,1,0.078310631448403,0.06133908033370972,0.07221011072397232,0.39191874861717224,0.4125288426876068,0.011730008758604527,0.06836045533418655,0,0.7511768341064453,1,0,1.117907166481018,-0.03634685277938843,1.0125402212142944,1.5512049198150635,0.9017133116722107,0.9008031487464905,-0.060226064175367355,-0.4375980496406555,0.3887835443019867,1.0113179683685303,1.0071156024932861,1.0191868543624878,https://wandb.ai/ememchijioke-university-of-klagenfurt/marl-uav-v0-7-compact-triangle-obstacle/runs/f23wgnom
2026-05-30T11:57:02.227300,368,1,11493.85378847408,0,0,0,MOVE_TRIANGLE_OBSTACLE,1.0,0.051221951842308044,0.03274773061275482,0.04071420431137085,0.7588254809379578,0.7913005352020264,0.8220165967941284,0.04801550507545471,0.3435511589050293,0.585712730884552,1,0.07962535694241524,0.06101112440228462,0.07144301384687424,0.38438817858695984,0.39237546920776367,0.011735661886632442,0.09913456439971924,0,0.7588254809379578,1,0,1.1207847595214844,-0.03006705641746521,1.0134843587875366,1.55837881565094,0.8993943929672241,0.9045811891555786,-0.05323006957769394,-0.42943915724754333,0.39246806502342224,1.0125155448913574,1.007785677909851,1.0201516151428223,https://wandb.ai/ememchijioke-university-of-klagenfurt/marl-uav-v0-7-compact-triangle-obstacle/runs/f23wgnom
2026-05-30T11:57:08.458165,369,1,11431.467132207425,0,0,0,MOVE_TRIANGLE_OBSTACLE,1.0,0.04992743581533432,0.034745197743177414,0.03902393579483032,0.7529298663139343,0.7862869501113892,0.8278549909591675,0.051799241453409195,0.34641316533088684,0.5850693583488464,1,0.07899076258763671,0.06108250841498375,0.070889912545681,0.40034592151641846,0.4104782044887543,0.014816336333751678,0.0853540375828743,0,0.7529298663139343,1,0,1.1135034561157227,-0.029047837480902672,1.0129221677780151,1.5454732179641724,0.8934839367866516,0.901553213596344,-0.05392201989889145,-0.43047478795051575,0.3972533047199249,1.0119924545288086,1.0073672533035278,1.0194069147109985,https://wandb.ai/ememchijioke-university-of-klagenfurt/marl-uav-v0-7-compact-triangle-obstacle/runs/f23wgnom
2026-05-30T11:57:14.571197,370,1,11490.4510779912,0,0,0,MOVE_TRIANGLE_OBSTACLE,1.0,0.05134476348757744,0.03457290306687355,0.04251954952875773,0.7407264113426208,0.7982762455940247,0.8200088143348694,0.051635485142469406,0.34328964352607727,0.5874196290969849,1,0.07873205933719873,0.06224341318011284,0.07519472390413284,0.39332282543182373,0.41682693362236023,0.017565032467246056,0.10352221876382828,0,0.7407264113426208,1,0,1.1251577138900757,-0.035357821732759476,1.0131196975708008,1.558527946472168,0.9123927354812622,0.9045523405075073,-0.06720733642578125,-0.4293682277202606,0.39050209522247314,1.0121216773986816,1.007184624671936,1.0200530290603638,https://wandb.ai/ememchijioke-university-of-klagenfurt/marl-uav-v0-7-compact-triangle-obstacle/runs/f23wgnom
2026-05-30T11:57:21.618797,371,1,11428.834215981613,0,0,0,MOVE_TRIANGLE_OBSTACLE,1.0,0.04830126091837883,0.03206164762377739,0.03936147689819336,0.7340251803398132,0.7909395098686218,0.8111701011657715,0.04777809605002403,0.34648606181144714,0.5838326811790466,1,0.07781279855407774,0.058201104402542114,0.07447389513254166,0.39483642578125,0.4068622291088104,0.012546330690383911,0.11816656589508057,0,0.7340251803398132,1,0,1.1181296110153198,-0.03139997646212578,1.0141366720199585,1.5476834774017334,0.9053958058357239,0.9013097286224365,-0.06488344073295593,-0.4201955795288086,0.3908790946006775,1.0126045942306519,1.0090259313583374,1.0207793712615967,https://wandb.ai/ememchijioke-university-of-klagenfurt/marl-uav-v0-7-compact-triangle-obstacle/runs/f23wgnom
2026-05-30T11:57:29.055890,372,1,11422.331415172821,0,0,0,MOVE_TRIANGLE_OBSTACLE,1.0,0.04856385290622711,0.030507361516356468,0.034086763858795166,0.7536801099777222,0.7853389382362366,0.8132412433624268,0.04473419860005379,0.34339219331741333,0.583827018737793,1,0.08002584963105619,0.05711410567164421,0.06582706421613693,0.3856217563152313,0.3987983763217926,0.02027743309736252,0.08439900726079941,0,0.7536801099777222,1,0,1.116526484489441,-0.030294587835669518,1.0135022401809692,1.5514512062072754,0.8940452933311462,0.9040830135345459,-0.05562207102775574,-0.42417997121810913,0.38891828060150146,1.0123611688613892,1.0083320140838623,1.0198136568069458,https://wandb.ai/ememchijioke-university-of-klagenfurt/marl-uav-v0-7-compact-triangle-obstacle/runs/f23wgnom
2026-05-30T11:57:35.050373,373,1,11368.329208074978,0,0,0,MOVE_TRIANGLE_OBSTACLE,1.0,0.05071720853447914,0.028662139549851418,0.02879830201466878,0.7413814067840576,0.7701878547668457,0.8075884580612183,0.0428120382130146,0.34314388036727905,0.5822399258613586,1,0.0810852600261569,0.0566946305334568,0.07255594432353973,0.40008780360221863,0.4071296453475952,0.01783481240272522,0.09867957979440689,0,0.7413814067840576,1,0,1.109407901763916,-0.03447532653808594,1.0136773586273193,1.534683108329773,0.8898717761039734,0.9036688804626465,-0.0597015880048275,-0.42555639147758484,0.3818320035934448,1.0124200582504272,1.0085463523864746,1.0200655460357666,https://wandb.ai/ememchijioke-university-of-klagenfurt/marl-uav-v0-7-compact-triangle-obstacle/runs/f23wgnom
2026-05-30T11:57:41.346454,374,1,11362.664941292354,0,0,0,MOVE_TRIANGLE_OBSTACLE,1.0,0.05033212527632713,0.032877348363399506,0.03203882773717245,0.7458145022392273,0.77397620677948,0.8179547786712646,0.04894176125526428,0.3467269539833069,0.5821099281311035,1,0.07979368418455124,0.05948282405734062,0.07149206101894379,0.3950411379337311,0.4135735034942627,0.013380450196564198,0.09586844593286514,0,0.7458145022392273,1,0,1.1048396825790405,-0.028552353382110596,1.0135849714279175,1.5310603380203247,0.8826307058334351,0.9008278846740723,-0.055488221347332,-0.4239136278629303,0.3937447965145111,1.0137239694595337,1.0073192119598389,1.0197114944458008,https://wandb.ai/ememchijioke-university-of-klagenfurt/marl-uav-v0-7-compact-triangle-obstacle/runs/f23wgnom
2026-05-30T11:57:48.383899,375,1,11373.657964099595,0,0,0,MOVE_TRIANGLE_OBSTACLE,1.0,0.048120155930519104,0.03374383598566055,0.03749175866444906,0.7362672686576843,0.7829833626747131,0.8157591819763184,0.05035345256328583,0.34534987807273865,0.5839694738388062,1,0.07905950327403843,0.058153748512268066,0.07649806886911392,0.3854489326477051,0.39633598923683167,0.014172540046274662,0.06631660461425781,0,0.7362672686576843,1,0,1.111180067062378,-0.0323704369366169,1.0138040781021118,1.5373682975769043,0.8937613368034363,0.9024105668067932,-0.06588411331176758,-0.423427939414978,0.3922007381916046,1.0130133628845215,1.00832200050354,1.020076870918274,https://wandb.ai/ememchijioke-university-of-klagenfurt/marl-uav-v0-7-compact-triangle-obstacle/runs/f23wgnom
2026-05-30T11:57:55.477902,376,1,11363.054750031932,0,0,0,MOVE_TRIANGLE_OBSTACLE,1.0,0.04611838981509209,0.028070246800780296,0.030553897221883137,0.7553834915161133,0.779396653175354,0.8068815469741821,0.04062645509839058,0.3472287654876709,0.582213819026947,1,0.07888572150841355,0.0535535104572773,0.06292767077684402,0.38426515460014343,0.3982566297054291,0.0233599990606308,0.08605694770812988,0,0.7553834915161133,1,0,1.109901785850525,-0.02771887183189392,1.01399564743042,1.544555425643921,0.885383129119873,0.8997665643692017,-0.05068520829081535,-0.41956770420074463,0.3870962858200073,1.0131051540374756,1.008436679840088,1.0204451084136963,https://wandb.ai/ememchijioke-university-of-klagenfurt/marl-uav-v0-7-compact-triangle-obstacle/runs/f23wgnom
2026-05-30T11:58:01.938290,377,1,11430.763785449744,0,0,0,MOVE_TRIANGLE_OBSTACLE,1.0,0.04948332905769348,0.02503766119480133,0.02858048677444458,0.7431734800338745,0.7768197059631348,0.8020952343940735,0.03725307062268257,0.34389328956604004,0.5814435482025146,1,0.08016358548775315,0.05510025843977928,0.065543033182621,0.40627551078796387,0.4153704047203064,0.0093861548230052,0.07059852033853531,0,0.7431734800338745,1,0,1.1173816919326782,-0.03255036473274231,1.0138072967529297,1.547371506690979,0.9022201299667358,0.9025536775588989,-0.05398084968328476,-0.4228353798389435,0.3791651427745819,1.0135211944580078,1.007790207862854,1.0201107263565063,https://wandb.ai/ememchijioke-university-of-klagenfurt/marl-uav-v0-7-compact-triangle-obstacle/runs/f23wgnom
2026-05-30T11:58:08.869350,378,1,11365.185710541587,0,0,0,MOVE_TRIANGLE_OBSTACLE,1.0,0.05030367150902748,0.027664339169859886,0.028784712155659992,0.7431649565696716,0.7771626114845276,0.802356481552124,0.04067780822515488,0.3498082160949707,0.5821060538291931,1,0.07755738450214267,0.05693750083446503,0.07017127424478531,0.39466455578804016,0.4009987711906433,0.010643764398992062,0.07226123660802841,0,0.7431649565696716,1,0,1.105957269668579,-0.029871463775634766,1.0138167142868042,1.5356941223144531,0.8856445550918579,0.896533191204071,-0.05718044936656952,-0.4173043370246887,0.38487040996551514,1.0136767625808716,1.0073100328445435,1.020463228225708,https://wandb.ai/ememchijioke-university-of-klagenfurt/marl-uav-v0-7-compact-triangle-obstacle/runs/f23wgnom
2026-05-30T11:58:15.766110,379,1,11363.828268220457,0,0,0,MOVE_TRIANGLE_OBSTACLE,1.0,0.047083429992198944,0.02432910166680813,0.02602251370747884,0.7512614727020264,0.7740610241889954,0.8027450442314148,0.03596879169344902,0.3481619954109192,0.5816640257835388,1,0.07876827707514167,0.05256803333759308,0.061069197952747345,0.39188921451568604,0.4111257493495941,0.01633351296186447,0.14500479400157928,0,0.7512614727020264,1,0,1.110601782798767,-0.03007175587117672,1.0140390396118164,1.542626142501831,0.8912625908851624,0.8979166150093079,-0.04809342324733734,-0.42237022519111633,0.38024836778640747,1.0138486623764038,1.0078355073928833,1.0204330682754517,https://wandb.ai/ememchijioke-university-of-klagenfurt/marl-uav-v0-7-compact-triangle-obstacle/runs/f23wgnom
2026-05-30T11:58:22.584555,380,1,11337.199767332839,0,0,0,MOVE_TRIANGLE_OBSTACLE,1.0,0.04581531509757042,0.026260025799274445,0.02635560433069865,0.7443119883537292,0.7732095718383789,0.8001692295074463,0.03861520066857338,0.3429262638092041,0.5798225998878479,1,0.0810597287490964,0.051880065351724625,0.06544029712677002,0.395719438791275,0.4149014949798584,0.017785953357815742,0.09577862173318863,0,0.7443119883537292,1,0,1.1122156381607056,-0.029848715290427208,1.0140658617019653,1.5413960218429565,0.8912543654441833,0.9039968252182007,-0.05495798960328102,-0.41728314757347107,0.3826949894428253,1.014107584953308,1.0080561637878418,1.0200339555740356,https://wandb.ai/ememchijioke-university-of-klagenfurt/marl-uav-v0-7-compact-triangle-obstacle/runs/f23wgnom
2026-05-30T11:58:29.310897,381,1,11399.410343705353,0,0,0,MOVE_TRIANGLE_OBSTACLE,1.0,0.052229080349206924,0.026485586538910866,0.029062290986378986,0.7492381930351257,0.7825561761856079,0.8038688898086548,0.038954153656959534,0.3466244339942932,0.5844338536262512,1,0.07830461743287742,0.0582650750875473,0.06734446436166763,0.3839380741119385,0.399516224861145,0.017698321491479874,0.10874631255865097,0,0.7492381930351257,1,0,1.1144369840621948,-0.03354653716087341,1.0138391256332397,1.5485951900482178,0.8954434990882874,0.8992723822593689,-0.05678204447031021,-0.4238142669200897,0.3799566924571991,1.013971209526062,1.007799506187439,1.0197467803955078,https://wandb.ai/ememchijioke-university-of-klagenfurt/marl-uav-v0-7-compact-triangle-obstacle/runs/f23wgnom
2026-05-30T11:58:36.798496,382,1,11341.235450084561,0,0,0,MOVE_TRIANGLE_OBSTACLE,1.0,0.050806839019060135,0.031889576464891434,0.03480603297551473,0.7429863214492798,0.7749668955802917,0.8224375247955322,0.04748310521245003,0.34544333815574646,0.5857146382331848,1,0.07976436382159591,0.058765728026628494,0.07062408328056335,0.38267675042152405,0.38880014419555664,0.007870997302234173,0.08262639492750168,0,0.7429863214492798,1,0,1.1115894317626953,-0.036593277007341385,1.0138498544692993,1.5364573001861572,0.8973269462585449,0.9009840488433838,-0.05816172808408737,-0.4369864761829376,0.38536837697029114,1.0139825344085693,1.0082461833953857,1.019321084022522,https://wandb.ai/ememchijioke-university-of-klagenfurt/marl-uav-v0-7-compact-triangle-obstacle/runs/f23wgnom
2026-05-30T11:58:43.774838,383,1,11332.989752903546,0,0,0,MOVE_TRIANGLE_OBSTACLE,1.0,0.04643135890364647,0.03298046812415123,0.03548234701156616,0.7547197341918945,0.7876200079917908,0.8141072988510132,0.04736824706196785,0.3442218601703644,0.5856796503067017,1,0.07924920949153602,0.05614142492413521,0.06772835552692413,0.39733147621154785,0.403830885887146,0.015629781410098076,0.07941911369562149,0,0.7547197341918945,1,0,1.1127336025238037,-0.031452476978302,1.0137485265731812,1.5485255718231201,0.8866124749183655,0.9030628800392151,-0.061055589467287064,-0.42357683181762695,0.3902750015258789,1.0145049095153809,1.0073448419570923,1.0193958282470703,https://wandb.ai/ememchijioke-university-of-klagenfurt/marl-uav-v0-7-compact-triangle-obstacle/runs/f23wgnom
2026-05-30T11:58:50.312138,384,1,11407.47077665276,0,0,0,MOVE_TRIANGLE_OBSTACLE,1.0,0.0515003465116024,0.032861072570085526,0.0366290807723999,0.7386897802352905,0.7815188765525818,0.8170581459999084,0.04908663406968117,0.34326407313346863,0.5831831097602844,1,0.08031569398008287,0.06064378842711449,0.0758339911699295,0.40753471851348877,0.4364223778247833,0.010673235170543194,0.09729982167482376,0,0.7386897802352905,1,0,1.1140124797821045,-0.0321098268032074,1.0133486986160278,1.540518045425415,0.897430419921875,0.9040889143943787,-0.06214642524719238,-0.42557093501091003,0.3913878798484802,1.012956142425537,1.0081110000610352,1.0189789533615112,https://wandb.ai/ememchijioke-university-of-klagenfurt/marl-uav-v0-7-compact-triangle-obstacle/runs/f23wgnom
2026-05-30T11:58:57.216073,385,1,11356.317590365054,0,0,0,MOVE_TRIANGLE_OBSTACLE,1.0,0.04951942712068558,0.027544349431991577,0.03210894266764323,0.7600348591804504,0.7738939523696899,0.8123980164527893,0.040320705622434616,0.3458954989910126,0.5842384696006775,1,0.07992858393117785,0.05550961568951607,0.07111500948667526,0.39417508244514465,0.404977411031723,0.014501840807497501,0.19205354154109955,0,0.7600348591804504,1,0,1.1090514659881592,-0.03256134316325188,1.0130586624145508,1.5424635410308838,0.8848262429237366,0.8998647332191467,-0.04931199923157692,-0.4302724599838257,0.381900429725647,1.0130836963653564,1.007139801979065,1.0189522504806519,https://wandb.ai/ememchijioke-university-of-klagenfurt/marl-uav-v0-7-compact-triangle-obstacle/runs/f23wgnom
2026-05-30T11:59:03.706918,386,1,11394.919126115115,0,0,0,MOVE_TRIANGLE_OBSTACLE,1.0,0.050699830055236816,0.025010401383042336,0.0304831067721049,0.7384623289108276,0.784133791923523,0.7957778573036194,0.03717343881726265,0.34580284357070923,0.582888662815094,1,0.07834064518101513,0.056399356573820114,0.07107602804899216,0.3796260356903076,0.38391098380088806,0.01956729032099247,0.1442684680223465,0,0.7384623289108276,1,0,1.1170926094055176,-0.03419332578778267,1.0135188102722168,1.549174189567566,0.9024391174316406,0.8996643424034119,-0.061803560703992844,-0.4182417392730713,0.37746530771255493,1.0124332904815674,1.0089377164840698,1.0191855430603027,https://wandb.ai/ememchijioke-university-of-klagenfurt/marl-uav-v0-7-compact-triangle-obstacle/runs/f23wgnom
2026-05-30T11:59:10.840479,387,1,11369.81937964192,0,0,0,MOVE_TRIANGLE_OBSTACLE,1.0,0.050306323915719986,0.02711680345237255,0.02910621960957845,0.7462318539619446,0.7809016704559326,0.8026488423347473,0.04000730440020561,0.3473377823829651,0.5845346450805664,1,0.07810655585490167,0.056313034147024155,0.06978434324264526,0.3781016767024994,0.39165768027305603,0.011447166092693806,0.15862928330898285,0,0.7462318539619446,1,0,1.1097005605697632,-0.03436793014407158,1.0131573677062988,1.5421024560928345,0.8892679214477539,0.8977311849594116,-0.060904402285814285,-0.4223746657371521,0.38017529249191284,1.0119602680206299,1.0090882778167725,1.0184236764907837,https://wandb.ai/ememchijioke-university-of-klagenfurt/marl-uav-v0-7-compact-triangle-obstacle/runs/f23wgnom
2026-05-30T11:59:17.800084,388,1,11360.513524215847,0,0,0,MOVE_TRIANGLE_OBSTACLE,1.0,0.05471467599272728,0.027690643444657326,0.03165996074676514,0.7414451837539673,0.7811827659606934,0.8052423000335693,0.04134836047887802,0.3498377203941345,0.5876689553260803,1,0.0765069795306772,0.060292020440101624,0.0758608728647232,0.3896157741546631,0.39943450689315796,0.010721343569457531,0.16386257112026215,0,0.7414451837539673,1,0,1.1088558435440063,-0.0397665798664093,1.0133116245269775,1.538999319076538,0.8923954367637634,0.8951725363731384,-0.0662771463394165,-0.42909175157546997,0.37606915831565857,1.0117113590240479,1.0085561275482178,1.019667387008667,https://wandb.ai/ememchijioke-university-of-klagenfurt/marl-uav-v0-7-compact-triangle-obstacle/runs/f23wgnom
2026-05-30T11:59:24.249606,389,1,11436.615719010806,0,0,0,MOVE_TRIANGLE_OBSTACLE,1.0,0.046908989548683167,0.0279413890093565,0.03295008341471354,0.745663046836853,0.7884948253631592,0.8060184717178345,0.041584208607673645,0.3449189066886902,0.5828058123588562,1,0.07896085153333843,0.05480219051241875,0.06485521048307419,0.3779047727584839,0.3899144232273102,0.01075477059930563,0.09465280920267105,0,0.745663046836853,1,0,1.118629813194275,-0.030312856659293175,1.0129618644714355,1.5531796216964722,0.9020090103149414,0.9007006883621216,-0.056777242571115494,-0.42006587982177734,0.38590455055236816,1.0123258829116821,1.0089296102523804,1.0176299810409546,https://wandb.ai/ememchijioke-university-of-klagenfurt/marl-uav-v0-7-compact-triangle-obstacle/runs/f23wgnom
2026-05-30T11:59:30.919077,390,1,11426.295555477383,0,0,0,MOVE_TRIANGLE_OBSTACLE,1.0,0.05373832955956459,0.030359655618667603,0.03350712855656942,0.7487163543701172,0.7954680323600769,0.8037697076797485,0.043678995221853256,0.34538230299949646,0.5887150168418884,1,0.07751598674803972,0.061278682202100754,0.07704053819179535,0.3948432207107544,0.42165470123291016,0.0184007678180933,0.11717021465301514,0,0.7487163543701172,1,0,1.1163785457611084,-0.03796696662902832,1.0133200883865356,1.5549137592315674,0.8942671418190002,0.8999548554420471,-0.07100477069616318,-0.4232955873012543,0.3803994655609131,1.0126452445983887,1.0089770555496216,1.0183380842208862,https://wandb.ai/ememchijioke-university-of-klagenfurt/marl-uav-v0-7-compact-triangle-obstacle/runs/f23wgnom
2026-05-30T11:59:38.343085,391,1,11364.768080346767,0,0,0,MOVE_TRIANGLE_OBSTACLE,1.0,0.05381987616419792,0.032964546233415604,0.03298083941141764,0.7500062584877014,0.7836904525756836,0.8152458071708679,0.04833805188536644,0.3434128761291504,0.5886871218681335,1,0.07952211564406753,0.06102268770337105,0.07763496786355972,0.39532342553138733,0.41241544485092163,0.016285385936498642,0.1412026733160019,0,0.7500062584877014,1,0,1.1096736192703247,-0.039447713643312454,1.0127339363098145,1.541800618171692,0.8851889967918396,0.9020314812660217,-0.06950537115335464,-0.43192771077156067,0.38308992981910706,1.012624740600586,1.0080891847610474,1.01748788356781,https://wandb.ai/ememchijioke-university-of-klagenfurt/marl-uav-v0-7-compact-triangle-obstacle/runs/f23wgnom
2026-05-30T11:59:44.640740,392,1,11425.838844211528,0,0,0,MOVE_TRIANGLE_OBSTACLE,1.0,0.05401712283492088,0.03473418951034546,0.04012781381607056,0.7388783097267151,0.79128497838974,0.8179767727851868,0.0518282912671566,0.3439103662967682,0.5876522660255432,1,0.07882343209348619,0.06357453763484955,0.08226735144853592,0.3880457878112793,0.4039502739906311,0.019818389788269997,0.07809395343065262,0,0.7388783097267151,1,0,1.1149300336837769,-0.03712726756930351,1.0128540992736816,1.5449061393737793,0.8975549936294556,0.9023288488388062,-0.07231682538986206,-0.42848625779151917,0.3894213140010834,1.0127372741699219,1.0081583261489868,1.0176668167114258,https://wandb.ai/ememchijioke-university-of-klagenfurt/marl-uav-v0-7-compact-triangle-obstacle/runs/f23wgnom
2026-05-30T11:59:51.451458,393,1,11362.449339668614,0,0,0,MOVE_TRIANGLE_OBSTACLE,1.0,0.048421766608953476,0.03292500600218773,0.033623059590657554,0.7429631352424622,0.7743839025497437,0.8194484114646912,0.0492333248257637,0.34354162216186523,0.5818233489990234,1,0.08123169699683785,0.0576745830476284,0.0712365210056305,0.40003111958503723,0.404706209897995,0.016251983121037483,0.12512226402759552,0,0.7429631352424622,1,0,1.108291745185852,-0.030073076486587524,1.0128527879714966,1.5332542657852173,0.888617992401123,0.903002917766571,-0.056935619562864304,-0.42627793550491333,0.39299431443214417,1.013143539428711,1.0081874132156372,1.0172275304794312,https://wandb.ai/ememchijioke-university-of-klagenfurt/marl-uav-v0-7-compact-triangle-obstacle/runs/f23wgnom
2026-05-30T11:59:58.245203,394,1,11362.590266354382,0,0,0,MOVE_TRIANGLE_OBSTACLE,1.0,0.05153384059667587,0.025314241647720337,0.030450840791066486,0.7376256585121155,0.7804793119430542,0.7984988689422607,0.037733107805252075,0.34842824935913086,0.5848634839057922,1,0.07732056430540979,0.05656638741493225,0.07299257814884186,0.3883516490459442,0.40731704235076904,0.015683678910136223,0.11853635311126709,0,0.7376256585121155,1,0,1.1111993789672852,-0.03769887611269951,1.012595534324646,1.5410093069076538,0.8970485329627991,0.8955402374267578,-0.06403715163469315,-0.4237517714500427,0.37469229102134705,1.0117799043655396,1.008385419845581,1.0176209211349487,https://wandb.ai/ememchijioke-university-of-klagenfurt/marl-uav-v0-7-compact-triangle-obstacle/runs/f23wgnom
2026-05-30T12:00:04.278818,395,1,11420.039044064746,0,0,0,MOVE_TRIANGLE_OBSTACLE,1.0,0.04584147781133652,0.02988048829138279,0.036021808783213295,0.7436134815216064,0.7900213003158569,0.8116576075553894,0.0446433462202549,0.3450000584125519,0.5831639766693115,1,0.07890163012780249,0.05503222346305847,0.06506194174289703,0.3746274411678314,0.3956277072429657,0.006264039780944586,0.11988713592290878,0,0.7436134815216064,1,0,1.1199228763580322,-0.030139198526740074,1.0128110647201538,1.5531188249588013,0.9055846929550171,0.9010650515556335,-0.05695440247654915,-0.4225262701511383,0.3890630900859833,1.0124551057815552,1.0082371234893799,1.0177408456802368,https://wandb.ai/ememchijioke-university-of-klagenfurt/marl-uav-v0-7-compact-triangle-obstacle/runs/f23wgnom
2026-05-30T12:00:11.734073,396,1,11369.204964599874,0,0,0,MOVE_TRIANGLE_OBSTACLE,1.0,0.05589858070015907,0.030780533328652382,0.0344004233678182,0.7354921102523804,0.7760003805160522,0.8126929998397827,0.04589495435357094,0.34629037976264954,0.5868516564369202,1,0.07870864449068904,0.06190476194024086,0.08137255162000656,0.3914390504360199,0.39963650703430176,0.012207329273223877,0.11197403818368912,0,0.7354921102523804,1,0,1.1079559326171875,-0.04075781628489494,1.0128169059753418,1.5320587158203125,0.8932244181632996,0.8985847234725952,-0.0686630830168724,-0.4331148862838745,0.3795045018196106,1.0121569633483887,1.0083792209625244,1.0179146528244019,https://wandb.ai/ememchijioke-university-of-klagenfurt/marl-uav-v0-7-compact-triangle-obstacle/runs/f23wgnom
2026-05-30T12:00:19.463088,397,1,11357.975993247059,0,0,0,MOVE_TRIANGLE_OBSTACLE,1.0,0.05497999116778374,0.03242725878953934,0.03524845838546753,0.741385817527771,0.7787252068519592,0.8184059858322144,0.04842327535152435,0.3476729691028595,0.587466299533844,1,0.07812035968527198,0.062364060431718826,0.0784597396850586,0.3771848976612091,0.3850362002849579,0.016507115215063095,0.1578914225101471,0,0.741385817527771,1,0,1.1067800521850586,-0.038329798728227615,1.0129729509353638,1.533087134361267,0.8896281719207764,0.8976248502731323,-0.06562072038650513,-0.4338338077068329,0.38446512818336487,1.0132657289505005,1.0075523853302002,1.0181008577346802,https://wandb.ai/ememchijioke-university-of-klagenfurt/marl-uav-v0-7-compact-triangle-obstacle/runs/f23wgnom
2026-05-30T12:00:25.500810,398,1,11369.985283467928,0,0,0,MOVE_TRIANGLE_OBSTACLE,1.0,0.05294293165206909,0.027021342888474464,0.030790090560913086,0.7551287412643433,0.777320384979248,0.809921145439148,0.03981172293424606,0.3467801809310913,0.5869174599647522,1,0.07871564012020826,0.05804518982768059,0.07172158360481262,0.3840455710887909,0.40693435072898865,0.015603803098201752,0.10575415939092636,0,0.7551287412643433,1,0,1.1091113090515137,-0.03773633763194084,1.0127160549163818,1.5423976182937622,0.8876993060112,0.8972370624542236,-0.05684291198849678,-0.4330906271934509,0.3767245411872864,1.01320219039917,1.0079822540283203,1.0169637203216553,https://wandb.ai/ememchijioke-university-of-klagenfurt/marl-uav-v0-7-compact-triangle-obstacle/runs/f23wgnom
2026-05-30T12:00:32.775533,399,1,11368.65784067623,0,0,0,MOVE_TRIANGLE_OBSTACLE,1.0,0.0526154562830925,0.032314058393239975,0.03584718704223633,0.7509722113609314,0.7855360507965088,0.8210332989692688,0.04807169735431671,0.3498379588127136,0.5888335108757019,1,0.07679787278175354,0.06096138432621956,0.07199221104383469,0.3682413101196289,0.3779599666595459,0.013838115148246288,0.1922040432691574,0,0.7509722113609314,1,0,1.108079195022583,-0.03603966906666756,1.0133873224258423,1.5404393672943115,0.888842761516571,0.8949554562568665,-0.06083134934306145,-0.4341263473033905,0.3868386745452881,1.014275312423706,1.0086225271224976,1.0172642469406128,https://wandb.ai/ememchijioke-university-of-klagenfurt/marl-uav-v0-7-compact-triangle-obstacle/runs/f23wgnom
2026-05-30T12:00:40.518470,400,1,11361.886391790767,0,0,0,MOVE_TRIANGLE_OBSTACLE,1.0,0.05047265440225601,0.030839571729302406,0.032029926776885986,0.7547469139099121,0.7689079642295837,0.8224349021911621,0.04608317092061043,0.3454855680465698,0.5828219056129456,1,0.08110434794798493,0.05818934366106987,0.07365235686302185,0.39478373527526855,0.4076969027519226,0.021100813522934914,0.07763595879077911,0,0.7547469139099121,1,0,1.1059497594833374,-0.030419984832406044,1.0132018327713013,1.5331623554229736,0.8840299844741821,0.9006566405296326,-0.04781652241945267,-0.4328230917453766,0.3893796503543854,1.0139960050582886,1.0076717138290405,1.0179376602172852,https://wandb.ai/ememchijioke-university-of-klagenfurt/marl-uav-v0-7-compact-triangle-obstacle/runs/f23wgnom
2026-05-30T12:00:47.083122,401,1,11423.032760268638,0,0,0,MOVE_TRIANGLE_OBSTACLE,1.0,0.046376049518585205,0.02774720825254917,0.03362093369166056,0.7411399483680725,0.7833481431007385,0.8086546063423157,0.04135284572839737,0.34357544779777527,0.5818330645561218,1,0.0800205240957439,0.05399062857031822,0.0643937736749649,0.398515909910202,0.402845561504364,0.02446143887937069,0.12405151128768921,0,0.7411399483680725,1,0,1.1203426122665405,-0.03115859627723694,1.0133298635482788,1.5507160425186157,0.9080934524536133,0.9022185206413269,-0.05456351861357689,-0.4237453043460846,0.38483303785324097,1.0138092041015625,1.0083799362182617,1.017800211906433,https://wandb.ai/ememchijioke-university-of-klagenfurt/marl-uav-v0-7-compact-triangle-obstacle/runs/f23wgnom
2026-05-30T12:00:53.977188,402,1,11300.225249444396,0,0,0,MOVE_TRIANGLE_OBSTACLE,1.0,0.04470474272966385,0.03273900970816612,0.035143415133158364,0.7401654720306396,0.7759318947792053,0.8196638226509094,0.048897482454776764,0.3473183810710907,0.5829558372497559,1,0.07928300928324461,0.054500505328178406,0.06878943741321564,0.40680134296417236,0.4322875738143921,0.013513374142348766,0.10898446291685104,0,0.7401654720306396,1,0,1.1063628196716309,-0.03080747462809086,1.0130785703659058,1.530828595161438,0.8896037936210632,0.8986560702323914,-0.057555124163627625,-0.4272153079509735,0.3923479914665222,1.0135043859481812,1.0083141326904297,1.0174171924591064,https://wandb.ai/ememchijioke-university-of-klagenfurt/marl-uav-v0-7-compact-triangle-obstacle/runs/f23wgnom
2026-05-30T12:01:01.220085,403,1,11355.6467288361,0,0,0,MOVE_TRIANGLE_OBSTACLE,1.0,0.047502897679805756,0.02677246183156967,0.033107240994771324,0.7614195942878723,0.7842124700546265,0.8036896586418152,0.037412840873003006,0.34696584939956665,0.5857141017913818,1,0.07812411244958639,0.0536201149225235,0.06515620648860931,0.37173452973365784,0.3833659589290619,0.008073467761278152,0.1065666675567627,0,0.7614195942878723,1,0,1.1125695705413818,-0.03276779130101204,1.0139614343643188,1.5522338151931763,0.8872263431549072,0.8982483744621277,-0.05341716110706329,-0.4242195188999176,0.3793333172798157,1.0143351554870605,1.0088164806365967,1.0187329053878784,https://wandb.ai/ememchijioke-university-of-klagenfurt/marl-uav-v0-7-compact-triangle-obstacle/runs/f23wgnom
2026-05-30T12:01:07.800970,404,1,11297.063392898823,0,0,0,MOVE_TRIANGLE_OBSTACLE,1.0,0.0482938215136528,0.027929723262786865,0.029731134573618572,0.7527475357055664,0.7788214683532715,0.8076243996620178,0.04089415818452835,0.3488676846027374,0.5865717530250549,1,0.07757799234241247,0.05422982946038246,0.06586961448192596,0.4012582004070282,0.41325995326042175,0.01435075793415308,0.09655948728322983,0,0.7527475357055664,1,0,1.1065598726272583,-0.03577432036399841,1.013629674911499,1.5398043394088745,0.883734941482544,0.8961403369903564,-0.05891392379999161,-0.42793646454811096,0.37952741980552673,1.0134812593460083,1.0085703134536743,1.0188374519348145,https://wandb.ai/ememchijioke-university-of-klagenfurt/marl-uav-v0-7-compact-triangle-obstacle/runs/f23wgnom
2026-05-30T12:01:15.009807,405,1,11415.923167603694,0,0,0,MOVE_TRIANGLE_OBSTACLE,1.0,0.045545753091573715,0.029361456632614136,0.03593305746714274,0.7418482899665833,0.7883132100105286,0.8113342523574829,0.04384266585111618,0.345243364572525,0.5824828743934631,1,0.07895926362834871,0.0544949509203434,0.06426151841878891,0.38356247544288635,0.3996313512325287,0.020677633583545685,0.11511953920125961,0,0.7418482899665833,1,0,1.1200374364852905,-0.02963809110224247,1.013205647468567,1.5520108938217163,0.9074873924255371,0.9006137847900391,-0.05519538372755051,-0.4224873483181,0.3887684643268585,1.0135523080825806,1.0085598230361938,1.0175048112869263,https://wandb.ai/ememchijioke-university-of-klagenfurt/marl-uav-v0-7-compact-triangle-obstacle/runs/f23wgnom
2026-05-30T12:01:22.113081,406,1,11416.233211339248,0,0,0,MOVE_TRIANGLE_OBSTACLE,1.0,0.05173959583044052,0.0306929349899292,0.035705506801605225,0.7434684038162231,0.787594735622406,0.8129901885986328,0.045805469155311584,0.3460639417171478,0.5853852033615112,1,0.07832705415785313,0.059987638145685196,0.07243212312459946,0.38625553250312805,0.4120679795742035,0.008337050676345825,0.18187232315540314,0,0.7434684038162231,1,0,1.1149663925170898,-0.03348485752940178,1.0135741233825684,1.5467523336410522,0.8985335230827332,0.8996133804321289,-0.06176226586103439,-0.42581814527511597,0.3871258497238159,1.0137635469436646,1.0091798305511475,1.017778992652893,https://wandb.ai/ememchijioke-university-of-klagenfurt/marl-uav-v0-7-compact-triangle-obstacle/runs/f23wgnom
2026-05-30T12:01:29.021673,407,1,11356.841336595555,0,0,0,MOVE_TRIANGLE_OBSTACLE,1.0,0.04503769055008888,0.024113893508911133,0.025666991869608562,0.7464009523391724,0.7666208744049072,0.8067810535430908,0.0359606109559536,0.34375426173210144,0.5790378451347351,1,0.08185916393995285,0.050387222319841385,0.060368143022060394,0.3975350856781006,0.41466182470321655,0.013687822967767715,0.08078889548778534,0,0.7464009523391724,1,0,1.1132616996765137,-0.030040830373764038,1.013457179069519,1.5397334098815918,0.8984379172325134,0.9016138315200806,-0.044358495622873306,-0.4262455701828003,0.3804815709590912,1.013258457183838,1.0091739892959595,1.0179390907287598,https://wandb.ai/ememchijioke-university-of-klagenfurt/marl-uav-v0-7-compact-triangle-obstacle/runs/f23wgnom
2026-05-30T12:01:36.441016,408,1,11354.353831103697,0,0,0,MOVE_TRIANGLE_OBSTACLE,1.0,0.042028214782476425,0.02895352803170681,0.03113110860188802,0.7475975155830383,0.7775393128395081,0.8134515285491943,0.043232955038547516,0.3443555533885956,0.5796539187431335,1,0.08082332741469145,0.05100147798657417,0.058734480291604996,0.38707807660102844,0.4211796820163727,0.01560752373188734,0.10799837112426758,0,0.7475975155830383,1,0,1.1135114431381226,-0.025540918111801147,1.0135822296142578,1.5430748462677002,0.8952552676200867,0.902204155921936,-0.04792951047420502,-0.4210350513458252,0.39234182238578796,1.0140045881271362,1.0090950727462769,1.0176470279693604,https://wandb.ai/ememchijioke-university-of-klagenfurt/marl-uav-v0-7-compact-triangle-obstacle/runs/f23wgnom
2026-05-30T12:01:43.641011,409,1,11413.091669964635,0,0,0,MOVE_TRIANGLE_OBSTACLE,1.0,0.04607267305254936,0.03602279722690582,0.04328425725301107,0.7406805753707886,0.7927123308181763,0.8278210163116455,0.05376548692584038,0.34765657782554626,0.5841211676597595,1,0.07785757165402174,0.05931181088089943,0.06809902936220169,0.4016073942184448,0.4132334291934967,0.0167405903339386,0.11998791247606277,0,0.7406805753707886,1,0,1.1174031496047974,-0.027221649885177612,1.0135914087295532,1.5469975471496582,0.9053151607513428,0.8998968601226807,-0.05655108019709587,-0.4264310896396637,0.40131720900535583,1.0146383047103882,1.0082975625991821,1.0178383588790894,https://wandb.ai/ememchijioke-university-of-klagenfurt/marl-uav-v0-7-compact-triangle-obstacle/runs/f23wgnom
2026-05-30T12:01:50.836485,410,1,11408.548784186887,0,0,0,MOVE_TRIANGLE_OBSTACLE,1.0,0.04527836665511131,0.03307689353823662,0.03883492946624756,0.7487854957580566,0.7896099090576172,0.8256803750991821,0.04940371215343475,0.34919658303260803,0.5835378766059875,1,0.07759228581562638,0.0569908432662487,0.062395140528678894,0.3980799913406372,0.40821415185928345,0.02191787026822567,0.07780104130506516,0,0.7487854957580566,1,0,1.1173900365829468,-0.025948544964194298,1.0133771896362305,1.549712896347046,0.9042232036590576,0.8982340097427368,-0.04817924648523331,-0.4276191294193268,0.39795273542404175,1.0140117406845093,1.007075309753418,1.0190445184707642,https://wandb.ai/ememchijioke-university-of-klagenfurt/marl-uav-v0-7-compact-triangle-obstacle/runs/f23wgnom
2026-05-30T12:01:57.698259,411,1,11415.377300487044,0,0,0,MOVE_TRIANGLE_OBSTACLE,1.0,0.04868675395846367,0.03259913995862007,0.037858267625172935,0.7409757971763611,0.7854598760604858,0.819090723991394,0.04859430342912674,0.3444133996963501,0.5835703015327454,1,0.07956202491186559,0.058583080768585205,0.07047458738088608,0.3776843845844269,0.4087723195552826,0.018528886139392853,0.15137366950511932,0,0.7409757971763611,1,0,1.116896390914917,-0.030854910612106323,1.0136420726776123,1.545610785484314,0.9024987816810608,0.9025794863700867,-0.05854559317231178,-0.4265212118625641,0.3925020694732666,1.0146596431732178,1.0078765153884888,1.0183899402618408,https://wandb.ai/ememchijioke-university-of-klagenfurt/marl-uav-v0-7-compact-triangle-obstacle/runs/f23wgnom
2026-05-30T12:02:04.029205,412,1,11413.185178263473,0,0,0,MOVE_TRIANGLE_OBSTACLE,1.0,0.04734465479850769,0.03009565733373165,0.033762574195861816,0.7504489421844482,0.7849265336990356,0.8159122467041016,0.044780660420656204,0.34479743242263794,0.5828983187675476,1,0.07965318812057376,0.05624065920710564,0.06352748721837997,0.39721739292144775,0.41671738028526306,0.008762769401073456,0.1074431762099266,0,0.7504489421844482,1,0,1.1168208122253418,-0.028754523023962975,1.0133084058761597,1.5498993396759033,0.8988118171691895,0.9017512202262878,-0.05194509029388428,-0.42508310079574585,0.39076462388038635,1.0134731531143188,1.0083117485046387,1.0181403160095215,https://wandb.ai/ememchijioke-university-of-klagenfurt/marl-uav-v0-7-compact-triangle-obstacle/runs/f23wgnom
2026-05-30T12:02:11.104650,413,1,11348.061057097384,0,0,0,MOVE_TRIANGLE_OBSTACLE,1.0,0.050589144229888916,0.034115228801965714,0.0361861785252889,0.7459576725959778,0.7783868908882141,0.8261293172836304,0.050975047051906586,0.34840306639671326,0.5850329995155334,1,0.07860742136836052,0.060561154037714005,0.07088694721460342,0.3963203430175781,0.4029523730278015,0.013671942986547947,0.1346823126077652,0,0.7459576725959778,1,0,1.1066651344299316,-0.031186023727059364,1.0138851404190063,1.5331056118011475,0.8888027667999268,0.8980870246887207,-0.05593980476260185,-0.43181973695755005,0.39420145750045776,1.0149444341659546,1.0085461139678955,1.0181649923324585,https://wandb.ai/ememchijioke-university-of-klagenfurt/marl-uav-v0-7-compact-triangle-obstacle/runs/f23wgnom
2026-05-30T12:02:18.726709,414,1,11413.503015315579,0,0,0,MOVE_TRIANGLE_OBSTACLE,1.0,0.05206846445798874,0.03403213247656822,0.03951752185821533,0.7472127079963684,0.7888159155845642,0.8269493579864502,0.050883352756500244,0.34975874423980713,0.5873668789863586,1,0.07686074753291905,0.06249856948852539,0.07017777115106583,0.3832499086856842,0.4027659296989441,0.017217563465237617,0.11713522672653198,0,0.7472127079963684,1,0,1.1138819456100464,-0.03265352174639702,1.0138521194458008,1.5448981523513794,0.8998246192932129,0.8969231843948364,-0.05690692737698555,-0.4339618980884552,0.3929082751274109,1.0141903162002563,1.0081487894058228,1.0192172527313232,https://wandb.ai/ememchijioke-university-of-klagenfurt/marl-uav-v0-7-compact-triangle-obstacle/runs/f23wgnom
2026-05-30T12:02:25.790327,415,1,11358.765962845047,0,0,0,MOVE_TRIANGLE_OBSTACLE,1.0,0.05011245980858803,0.04009881988167763,0.046026647090911865,0.7555967569351196,0.7942776083946228,0.8382055759429932,0.05947307497262955,0.3494899868965149,0.5907361507415771,1,0.07668577181175351,0.06412875652313232,0.07598057389259338,0.3937150239944458,0.3985396921634674,0.018537448719143867,0.14138364791870117,0,0.7555967569351196,1,0,1.1085562705993652,-0.03283035755157471,1.0133103132247925,1.542249321937561,0.8855663537979126,0.8978530168533325,-0.06303499639034271,-0.43675902485847473,0.40130293369293213,1.013439416885376,1.0085080862045288,1.0179834365844727,https://wandb.ai/ememchijioke-university-of-klagenfurt/marl-uav-v0-7-compact-triangle-obstacle/runs/f23wgnom
2026-05-30T12:02:32.672999,416,1,11354.653418095002,0,0,0,MOVE_TRIANGLE_OBSTACLE,1.0,0.045394450426101685,0.028053706511855125,0.030629177888234455,0.7421156764030457,0.7729302644729614,0.8110729455947876,0.04181813821196556,0.34457409381866455,0.5799954533576965,1,0.08084997907280922,0.05276375636458397,0.06394577026367188,0.39494654536247253,0.4062177836894989,0.007221991661936045,0.0739118754863739,0,0.7421156764030457,1,0,1.111735463142395,-0.028859863057732582,1.013666033744812,1.5378526449203491,0.8961854577064514,0.9011684656143188,-0.05067628249526024,-0.4234585464000702,0.38755524158477783,1.014640212059021,1.0089640617370605,1.0173935890197754,https://wandb.ai/ememchijioke-university-of-klagenfurt/marl-uav-v0-7-compact-triangle-obstacle/runs/f23wgnom
2026-05-30T12:02:39.081139,417,1,11291.639489637817,0,0,0,MOVE_TRIANGLE_OBSTACLE,1.0,0.04751434922218323,0.029682336375117302,0.0321126381556193,0.7541511058807373,0.770656168460846,0.8215306401252747,0.04442606121301651,0.34927740693092346,0.5844389796257019,1,0.07917627459391952,0.05488397553563118,0.07085589319467545,0.4033668041229248,0.4074714779853821,0.02418961189687252,0.11474311351776123,0,0.7541511058807373,1,0,1.103389024734497,-0.0319039411842823,1.0132768154144287,1.531308650970459,0.8837150931358337,0.8951432704925537,-0.048077292740345,-0.4345274865627289,0.3868929445743561,1.0140889883041382,1.0093204975128174,1.0164210796356201,https://wandb.ai/ememchijioke-university-of-klagenfurt/marl-uav-v0-7-compact-triangle-obstacle/runs/f23wgnom
2026-05-30T12:02:44.460066,418,1,11352.543978496247,0,0,0,MOVE_TRIANGLE_OBSTACLE,1.0,0.04412030428647995,0.0368184894323349,0.042212724685668945,0.7410606145858765,0.7908526062965393,0.826846182346344,0.055039163678884506,0.34908759593963623,0.5842375755310059,1,0.0773411588743329,0.05818362906575203,0.06954250484704971,0.4068962633609772,0.41634467244148254,0.015198643319308758,0.1359962373971939,0,0.7410606145858765,1,0,1.11160147190094,-0.02653818391263485,1.0138801336288452,1.5405409336090088,0.8951972723007202,0.8990663290023804,-0.05930139869451523,-0.4235452115535736,0.40323206782341003,1.0141416788101196,1.0087754726409912,1.0187228918075562,https://wandb.ai/ememchijioke-university-of-klagenfurt/marl-uav-v0-7-compact-triangle-obstacle/runs/f23wgnom
2026-05-30T12:02:51.702083,419,1,11400.012852218893,0,0,0,MOVE_TRIANGLE_OBSTACLE,1.0,0.04513400420546532,0.0373113714158535,0.043927411238352455,0.7529087662696838,0.7928085327148438,0.8360649347305298,0.055776938796043396,0.3464137613773346,0.585699737071991,1,0.07864005560986698,0.059507906436920166,0.06794664263725281,0.38039258122444153,0.3876436948776245,0.016471652314066887,0.1536710262298584,0,0.7529087662696838,1,0,1.1185559034347534,-0.02689816616475582,1.0139662027359009,1.5514005422592163,0.9017081260681152,0.9025587439537048,-0.051926854997873306,-0.43238353729248047,0.40361589193344116,1.0137643814086914,1.0088520050048828,1.019282341003418,https://wandb.ai/ememchijioke-university-of-klagenfurt/marl-uav-v0-7-compact-triangle-obstacle/runs/f23wgnom
2026-05-30T12:02:58.787540,420,1,11405.796835952686,0,0,0,MOVE_TRIANGLE_OBSTACLE,1.0,0.04975953698158264,0.03012840636074543,0.03756264845530192,0.7382063865661621,0.7887902855873108,0.8121040463447571,0.04481180012226105,0.34972894191741943,0.5845111608505249,1,0.07660567830316722,0.05843638256192207,0.06948145478963852,0.39435067772865295,0.40363016724586487,0.015148068778216839,0.1144411563873291,0,0.7382063865661621,1,0,1.1163150072097778,-0.03167185187339783,1.014123797416687,1.5468754768371582,0.9059464335441589,0.8961230516433716,-0.05817628279328346,-0.4244106709957123,0.38757139444351196,1.0144727230072021,1.008908748626709,1.0189896821975708,https://wandb.ai/ememchijioke-university-of-klagenfurt/marl-uav-v0-7-compact-triangle-obstacle/runs/f23wgnom
2026-05-30T12:03:06.257409,421,1,11413.00110396137,0,0,0,MOVE_TRIANGLE_OBSTACLE,1.0,0.04726578667759895,0.03309774026274681,0.039839982986450195,0.7363141775131226,0.7853659391403198,0.8204681873321533,0.049128223210573196,0.3458347022533417,0.5825588703155518,1,0.07906635385006666,0.05794722959399223,0.06956758350133896,0.39207854866981506,0.3986171782016754,0.02536093257367611,0.07190465182065964,0,0.7363141775131226,1,0,1.1176284551620483,-0.02929450012743473,1.0139455795288086,1.5442441701889038,0.9071757197380066,0.9014653563499451,-0.056656792759895325,-0.42580679059028625,0.39458009600639343,1.0142881870269775,1.0087547302246094,1.0187937021255493,https://wandb.ai/ememchijioke-university-of-klagenfurt/marl-uav-v0-7-compact-triangle-obstacle/runs/f23wgnom
2026-05-30T12:03:13.999814,422,1,11346.132264700509,0,0,0,MOVE_TRIANGLE_OBSTACLE,1.0,0.0435011051595211,0.03267189487814903,0.03816042343775431,0.7454018592834473,0.7879917025566101,0.8218914270401001,0.04881221055984497,0.3484395742416382,0.5849681496620178,1,0.07758530788123608,0.054674189537763596,0.06300326436758041,0.3938668668270111,0.398154616355896,0.018492422997951508,0.052888523787260056,0,0.7454018592834473,1,0,1.1158744096755981,-0.029958298429846764,1.0142756700515747,1.546887755393982,0.9017321467399597,0.8990035057067871,-0.055018287152051926,-0.4283301532268524,0.3934735357761383,1.0143985748291016,1.0083658695220947,1.0200625658035278,https://wandb.ai/ememchijioke-university-of-klagenfurt/marl-uav-v0-7-compact-triangle-obstacle/runs/f23wgnom
2026-05-30T12:03:21.190079,423,1,11347.736338464882,0,0,0,MOVE_TRIANGLE_OBSTACLE,1.0,0.05051509290933609,0.033854689449071884,0.03904416163762411,0.7383189797401428,0.7863580584526062,0.8190934062004089,0.05045108124613762,0.3469695448875427,0.587360143661499,1,0.07778816833160818,0.05987131595611572,0.07730045914649963,0.38740018010139465,0.41430553793907166,0.015362799167633057,0.12834392488002777,0,0.7383189797401428,1,0,1.111953616142273,-0.03655412793159485,1.0137330293655396,1.5397710800170898,0.8966926336288452,0.899397075176239,-0.06778644025325775,-0.43044474720954895,0.38856878876686096,1.014447569847107,1.0078192949295044,1.0189324617385864,https://wandb.ai/ememchijioke-university-of-klagenfurt/marl-uav-v0-7-compact-triangle-obstacle/runs/f23wgnom
2026-05-30T12:03:28.470779,424,1,11411.7869900274,0,0,0,MOVE_TRIANGLE_OBSTACLE,1.0,0.05025659129023552,0.03382498025894165,0.03838737805684408,0.7528588175773621,0.787392795085907,0.8249105215072632,0.05022168159484863,0.34348541498184204,0.5866069197654724,1,0.07982466579414904,0.06025594845414162,0.07100250571966171,0.39910995960235596,0.41151177883148193,0.00906063336879015,0.1546238362789154,0,0.7528588175773621,1,0,1.1166645288467407,-0.03313944861292839,1.0133754014968872,1.5496686697006226,0.8967775702476501,0.9035476446151733,-0.0581999197602272,-0.433015376329422,0.39179694652557373,1.0141502618789673,1.0075976848602295,1.0183782577514648,https://wandb.ai/ememchijioke-university-of-klagenfurt/marl-uav-v0-7-compact-triangle-obstacle/runs/f23wgnom
2026-05-30T12:03:35.241755,425,1,11405.585921813608,0,0,0,MOVE_TRIANGLE_OBSTACLE,1.0,0.04837120324373245,0.034060392528772354,0.04151217142740885,0.7557246685028076,0.7902898788452148,0.8285219669342041,0.05060109123587608,0.3471260964870453,0.5865831971168518,1,0.07821062044240534,0.059524714946746826,0.0701354444026947,0.36676108837127686,0.3783569931983948,0.017673950642347336,0.09523483365774155,0,0.7557246685028076,1,0,1.116594910621643,-0.030060628429055214,1.013513207435608,1.5512679815292358,0.8986022472381592,0.8999148607254028,-0.05226147174835205,-0.43318527936935425,0.3952648639678955,1.0143418312072754,1.0076853036880493,1.0185126066207886,https://wandb.ai/ememchijioke-university-of-klagenfurt/marl-uav-v0-7-compact-triangle-obstacle/runs/f23wgnom
2026-05-30T12:03:41.969838,426,1,11406.763989531684,0,0,0,MOVE_TRIANGLE_OBSTACLE,1.0,0.04551830515265465,0.034828443080186844,0.03969057401021322,0.7427856922149658,0.7864450812339783,0.8254123330116272,0.05202728509902954,0.3437730371952057,0.5817869305610657,1,0.08031478803604841,0.05789349600672722,0.06695827841758728,0.4065231382846832,0.4221368432044983,0.020628908649086952,0.14546503126621246,0,0.7427856922149658,1,0,1.117102026939392,-0.025986671447753906,1.0133692026138306,1.545527696609497,0.9016289710998535,0.9041491746902466,-0.054271042346954346,-0.4245220720767975,0.4008331000804901,1.0144164562225342,1.0081558227539062,1.0175355672836304,https://wandb.ai/ememchijioke-university-of-klagenfurt/marl-uav-v0-7-compact-triangle-obstacle/runs/f23wgnom
2026-05-30T12:03:49.185352,427,1,11409.038331241794,0,0,0,MOVE_TRIANGLE_OBSTACLE,1.0,0.0473209023475647,0.0419597290456295,0.050830344359079994,0.7556582093238831,0.804964005947113,0.8418688178062439,0.06215474009513855,0.3447064161300659,0.5915734767913818,1,0.07803758862428367,0.06380355358123779,0.07297609001398087,0.3944545090198517,0.41356325149536133,0.018714502453804016,0.09182307869195938,0,0.7556582093238831,1,0,1.1210378408432007,-0.0330645926296711,1.013687252998352,1.5581930875778198,0.9008985757827759,0.9040217995643616,-0.06516929715871811,-0.4379124939441681,0.4038880169391632,1.0147768259048462,1.0080132484436035,1.018272042274475,https://wandb.ai/ememchijioke-university-of-klagenfurt/marl-uav-v0-7-compact-triangle-obstacle/runs/f23wgnom
2026-05-30T12:03:56.561682,428,1,11349.026186746847,0,0,0,MOVE_TRIANGLE_OBSTACLE,1.0,0.05062294378876686,0.037762366235256195,0.0401757558186849,0.751115083694458,0.7867986559867859,0.8326135277748108,0.05621642619371414,0.34841158986091614,0.588010847568512,1,0.07779252715408802,0.06287237256765366,0.07354018837213516,0.3947943449020386,0.4018964469432831,0.021815413609147072,0.09981921315193176,0,0.751115083694458,1,0,1.1071038246154785,-0.03177100419998169,1.013854742050171,1.5373071432113647,0.885312557220459,0.8986917734146118,-0.06067414581775665,-0.43354544043540955,0.3989065885543823,1.015114426612854,1.0084850788116455,1.0179646015167236,https://wandb.ai/ememchijioke-university-of-klagenfurt/marl-uav-v0-7-compact-triangle-obstacle/runs/f23wgnom
2026-05-30T12:04:03.302334,429,1,11405.550567998693,0,0,0,MOVE_TRIANGLE_OBSTACLE,1.0,0.049851350486278534,0.03301706537604332,0.039973676204681396,0.7356324195861816,0.7867347598075867,0.8188186883926392,0.04881078004837036,0.34756264090538025,0.5841929316520691,1,0.07785798399709165,0.059854164719581604,0.0730593353509903,0.3928168714046478,0.4080130457878113,0.026325315237045288,0.08897965401411057,0,0.7356324195861816,1,0,1.115970492362976,-0.03129188343882561,1.0144168138504028,1.5431644916534424,0.9055212736129761,0.8992257118225098,-0.059705693274736404,-0.4264456629753113,0.39227572083473206,1.016269564628601,1.0080214738845825,1.018959641456604,https://wandb.ai/ememchijioke-university-of-klagenfurt/marl-uav-v0-7-compact-triangle-obstacle/runs/f23wgnom
2026-05-30T12:04:10.465646,430,1,11338.280906986549,0,0,0,MOVE_TRIANGLE_OBSTACLE,1.0,0.045530591160058975,0.04040410742163658,0.04477097590764364,0.7385706901550293,0.7832516431808472,0.839631974697113,0.060085225850343704,0.34484654664993286,0.5848972797393799,1,0.08000548090785742,0.06108608841896057,0.0727853924036026,0.38242340087890625,0.3925858736038208,0.01984286494553089,0.07835828512907028,0,0.7385706901550293,1,0,1.1127692461013794,-0.029734978452324867,1.0146117210388184,1.5350687503814697,0.8990058302879333,0.904232919216156,-0.059376686811447144,-0.43469563126564026,0.40486738085746765,1.0160146951675415,1.0092068910598755,1.018613576889038,https://wandb.ai/ememchijioke-university-of-klagenfurt/marl-uav-v0-7-compact-triangle-obstacle/runs/f23wgnom
2026-05-30T12:04:17.420909,431,1,11349.649801291529,0,0,0,MOVE_TRIANGLE_OBSTACLE,1.0,0.04490039870142937,0.03912938013672829,0.04429777463277181,0.7375829219818115,0.7858046293258667,0.8346716165542603,0.058255795389413834,0.3477485179901123,0.5840269923210144,1,0.07850776612758636,0.060110289603471756,0.07180004566907883,0.40161752700805664,0.4113730192184448,0.012492435984313488,0.14491157233715057,0,0.7375829219818115,1,0,1.1113547086715698,-0.027322500944137573,1.014276146888733,1.5353060960769653,0.8976128697395325,0.9011449813842773,-0.05847117304801941,-0.429047554731369,0.4055512249469757,1.015464186668396,1.0084596872329712,1.0189045667648315,https://wandb.ai/ememchijioke-university-of-klagenfurt/marl-uav-v0-7-compact-triangle-obstacle/runs/f23wgnom
2026-05-30T12:04:24.217551,432,1,11466.328898472826,0,0,0,MOVE_TRIANGLE_OBSTACLE,1.0,0.05100629851222038,0.03651946783065796,0.042256335417429604,0.7450867295265198,0.7921153903007507,0.8297403454780579,0.054471541196107864,0.34593358635902405,0.5842364430427551,1,0.07866140105761588,0.06362228840589523,0.07028778642416,0.3956540524959564,0.42668309807777405,0.018328702077269554,0.13564153015613556,0,0.7450867295265198,1,0,1.1189874410629272,-0.02649594284594059,1.014750599861145,1.549654483795166,0.903935432434082,0.9033722877502441,-0.05526760593056679,-0.426937997341156,0.4027177691459656,1.0160658359527588,1.0081777572631836,1.0200084447860718,https://wandb.ai/ememchijioke-university-of-klagenfurt/marl-uav-v0-7-compact-triangle-obstacle/runs/f23wgnom
2026-05-30T12:04:31.282027,433,1,11343.030883699472,0,0,0,MOVE_TRIANGLE_OBSTACLE,1.0,0.0479244589805603,0.04569150134921074,0.05189657211303711,0.7315585613250732,0.788029134273529,0.8492191433906555,0.06740874797105789,0.34949928522109985,0.5868608355522156,1,0.0775241986848414,0.06686975806951523,0.0806129202246666,0.40866032242774963,0.4159553050994873,0.018322546035051346,0.0910581648349762,0,0.7315585613250732,1,0,1.1090627908706665,-0.029369652271270752,1.0146138668060303,1.5280905961990356,0.8985071778297424,0.9005906581878662,-0.06411128491163254,-0.4365710914134979,0.4125733971595764,1.0167481899261475,1.0080125331878662,1.0190808773040771,https://wandb.ai/ememchijioke-university-of-klagenfurt/marl-uav-v0-7-compact-triangle-obstacle/runs/f23wgnom
2026-05-30T12:04:38.659719,434,1,11407.386559211956,0,0,0,MOVE_TRIANGLE_OBSTACLE,1.0,0.05585750564932823,0.04017406329512596,0.04708768924077352,0.7378831505775452,0.7919227480888367,0.837223470211029,0.05982358753681183,0.34958356618881226,0.5904513001441956,1,0.07637711940333247,0.06875703483819962,0.08269628137350082,0.4001220166683197,0.4132065773010254,0.025454556569457054,0.10349632054567337,0,0.7378831505775452,1,0,1.1123206615447998,-0.03650766611099243,1.0145875215530396,1.5382931232452393,0.9002681374549866,0.8984007835388184,-0.06848717480897903,-0.4390864372253418,0.39805060625076294,1.0154236555099487,1.008227825164795,1.020110845565796,https://wandb.ai/ememchijioke-university-of-klagenfurt/marl-uav-v0-7-compact-triangle-obstacle/runs/f23wgnom
2026-05-30T12:04:45.125976,435,1,11348.123986692955,0,0,0,MOVE_TRIANGLE_OBSTACLE,1.0,0.050237707793712616,0.036478955298662186,0.03918546438217163,0.7506221532821655,0.785386323928833,0.8315479159355164,0.05438147112727165,0.34786495566368103,0.5881648659706116,1,0.07802824256941676,0.06162087246775627,0.07305286079645157,0.375945121049881,0.3876713812351227,0.014221039600670338,0.09485112875699997,0,0.7506221532821655,1,0,1.1091285943984985,-0.03334156796336174,1.0140053033828735,1.5389500856399536,0.8893105983734131,0.8991248607635498,-0.05984186381101608,-0.43580323457717896,0.3956204056739807,1.0154567956924438,1.0080273151397705,1.0185316801071167,https://wandb.ai/ememchijioke-university-of-klagenfurt/marl-uav-v0-7-compact-triangle-obstacle/runs/f23wgnom
2026-05-30T12:04:51.739135,436,1,11345.775866366903,0,0,0,MOVE_TRIANGLE_OBSTACLE,1.0,0.049624305218458176,0.035679299384355545,0.041058758894602455,0.7408834099769592,0.7843559980392456,0.829703688621521,0.053114116191864014,0.3464406728744507,0.5881938338279724,1,0.07843411830253899,0.06027713790535927,0.07302972674369812,0.36835160851478577,0.39163029193878174,0.021401219069957733,0.11322604864835739,0,0.7408834099769592,1,0,1.1143242120742798,-0.03732641413807869,1.0137351751327515,1.5403887033462524,0.9019778966903687,0.9006062746047974,-0.06326954811811447,-0.4391622841358185,0.3904525637626648,1.014162540435791,1.0074903964996338,1.0195527076721191,https://wandb.ai/ememchijioke-university-of-klagenfurt/marl-uav-v0-7-compact-triangle-obstacle/runs/f23wgnom
2026-05-30T12:04:58.959862,437,1,11407.496193615487,0,0,0,MOVE_TRIANGLE_OBSTACLE,1.0,0.05254623666405678,0.0370757132768631,0.042210678259531655,0.746677815914154,0.7918096780776978,0.8315001726150513,0.055323801934719086,0.3488810658454895,0.5885807871818542,1,0.07691523968242109,0.0645754411816597,0.07375331223011017,0.41102179884910583,0.4204704165458679,0.0076764472760260105,0.11680275201797485,0,0.746677815914154,1,0,1.113641381263733,-0.032818663865327835,1.014582633972168,1.5444250106811523,0.8974429965019226,0.8990562558174133,-0.061507828533649445,-0.43418005108833313,0.3972318768501282,1.0156351327896118,1.0080541372299194,1.0200587511062622,https://wandb.ai/ememchijioke-university-of-klagenfurt/marl-uav-v0-7-compact-triangle-obstacle/runs/f23wgnom
2026-05-30T12:05:06.067480,438,1,11420.11226932942,0,0,0,MOVE_TRIANGLE_OBSTACLE,1.0,0.05386539176106453,0.03829888626933098,0.04413982232411703,0.7408769130706787,0.7884305119514465,0.8348658680915833,0.05714067071676254,0.34876498579978943,0.5880395174026489,1,0.07734148250892758,0.0662366971373558,0.07742895931005478,0.3798537254333496,0.38766807317733765,0.016448773443698883,0.09991943836212158,0,0.7408769130706787,1,0,1.1122900247573853,-0.033511560410261154,1.0141974687576294,1.5387078523635864,0.8991636633872986,0.8989985585212708,-0.06247347220778465,-0.4364274740219116,0.3983662724494934,1.014768123626709,1.0084259510040283,1.0193984508514404,https://wandb.ai/ememchijioke-university-of-klagenfurt/marl-uav-v0-7-compact-triangle-obstacle/runs/f23wgnom
2026-05-30T12:05:13.328141,439,1,11412.561124570768,0,0,0,MOVE_TRIANGLE_OBSTACLE,1.0,0.049597788602113724,0.037421856075525284,0.04645488659540812,0.7560319900512695,0.7959924340248108,0.837340235710144,0.05570017918944359,0.34904149174690247,0.5903143882751465,1,0.07667516637593508,0.06266152113676071,0.07431905716657639,0.3925257921218872,0.40200307965278625,0.010092335753142834,0.07604476809501648,0,0.7560319900512695,1,0,1.11774742603302,-0.03285687044262886,1.0143917798995972,1.5529145002365112,0.9014961123466492,0.8988316655158997,-0.05617871135473251,-0.4398201107978821,0.3974282145500183,1.015419840812683,1.007819652557373,1.0199357271194458,https://wandb.ai/ememchijioke-university-of-klagenfurt/marl-uav-v0-7-compact-triangle-obstacle/runs/f23wgnom
2026-05-30T12:05:20.962263,440,1,11346.911304911491,0,0,0,MOVE_TRIANGLE_OBSTACLE,1.0,0.05129300802946091,0.03565734252333641,0.03878190120061239,0.7429202198982239,0.7851190567016602,0.8241468667984009,0.053158700466156006,0.34766316413879395,0.5874533653259277,1,0.07779366825707257,0.06176401302218437,0.0768793374300003,0.4006620943546295,0.4080902636051178,0.01035192608833313,0.0946061909198761,0,0.7429202198982239,1,0,1.1087371110916138,-0.03432270884513855,1.0144723653793335,1.5367459058761597,0.8898612260818481,0.8996042609214783,-0.06547926366329193,-0.4307517409324646,0.3932628929615021,1.01533043384552,1.0084978342056274,1.019588828086853,https://wandb.ai/ememchijioke-university-of-klagenfurt/marl-uav-v0-7-compact-triangle-obstacle/runs/f23wgnom
2026-05-30T12:05:28.180467,441,1,11356.590903869726,0,0,0,MOVE_TRIANGLE_OBSTACLE,1.0,0.0459318608045578,0.04095960035920143,0.04674994945526123,0.7462348937988281,0.7946640253067017,0.8418207168579102,0.061181049793958664,0.34863901138305664,0.5894940495491028,1,0.07702104258351028,0.06204681470990181,0.07087945193052292,0.3751165568828583,0.395327091217041,0.015153731219470501,0.10486938804388046,0,0.7462348937988281,1,0,1.1144803762435913,-0.0322113037109375,1.0141688585281372,1.5439351797103882,0.8992287516593933,0.900277316570282,-0.06231634318828583,-0.4380226135253906,0.40370506048202515,1.0153840780258179,1.0073249340057373,1.0197975635528564,https://wandb.ai/ememchijioke-university-of-klagenfurt/marl-uav-v0-7-compact-triangle-obstacle/runs/f23wgnom
2026-05-30T12:05:35.292469,442,1,11407.44078650629,0,0,0,MOVE_TRIANGLE_OBSTACLE,1.0,0.05183057114481926,0.03321580961346626,0.037797749042510986,0.7386578321456909,0.7811293601989746,0.8209217190742493,0.0492197722196579,0.3455810844898224,0.5843576788902283,1,0.07918054261244833,0.06123383343219757,0.07442639768123627,0.39038971066474915,0.40052497386932373,0.020230252295732498,0.039046693593263626,0,0.7386578321456909,1,0,1.1145786046981812,-0.03276218846440315,1.0145835876464844,1.5403038263320923,0.90120530128479,0.9022267460823059,-0.05952834337949753,-0.42978572845458984,0.3910275101661682,1.0160341262817383,1.0072052478790283,1.020511269569397,https://wandb.ai/ememchijioke-university-of-klagenfurt/marl-uav-v0-7-compact-triangle-obstacle/runs/f23wgnom
2026-05-30T12:05:41.682954,443,1,11473.508024405863,0,0,0,MOVE_TRIANGLE_OBSTACLE,1.0,0.046891018748283386,0.03941049799323082,0.0465739369392395,0.7498143911361694,0.8028825521469116,0.8366536498069763,0.05869492515921593,0.34515032172203064,0.5874144434928894,1,0.07812695018947124,0.06248332932591438,0.066802978515625,0.37592339515686035,0.3865397572517395,0.014193703420460224,0.13448984920978546,0,0.7498143911361694,1,0,1.1252641677856445,-0.027821728959679604,1.0147696733474731,1.560598373413086,0.9104738235473633,0.9047202467918396,-0.057684529572725296,-0.4311644434928894,0.40538379549980164,1.016452431678772,1.0079411268234253,1.0199153423309326,https://wandb.ai/ememchijioke-university-of-klagenfurt/marl-uav-v0-7-compact-triangle-obstacle/runs/f23wgnom
2026-05-30T12:05:48.616776,444,1,11415.12455311438,0,0,0,MOVE_TRIANGLE_OBSTACLE,1.0,0.04908863082528114,0.03790358081459999,0.04413074254989624,0.7350025177001953,0.7856822609901428,0.8317124843597412,0.05599319562315941,0.34770774841308594,0.5836520195007324,1,0.07833922887220979,0.062514528632164,0.07435452938079834,0.38684287667274475,0.4057738184928894,0.019066834822297096,0.08154676109552383,0,0.7350025177001953,1,0,1.114446997642517,-0.027827659621834755,1.015002727508545,1.538094162940979,0.9037339091300964,0.9015130996704102,-0.05761363357305527,-0.42874306440353394,0.4028737246990204,1.0167791843414307,1.007904052734375,1.020324945449829,https://wandb.ai/ememchijioke-university-of-klagenfurt/marl-uav-v0-7-compact-triangle-obstacle/runs/f23wgnom
2026-05-30T12:05:56.277270,445,1,11402.598859844687,0,0,0,MOVE_TRIANGLE_OBSTACLE,1.0,0.05118565633893013,0.03656286373734474,0.04203999042510986,0.7418414354324341,0.7874284386634827,0.830532968044281,0.05438666790723801,0.3443727493286133,0.5877118706703186,1,0.0791309888008982,0.0626218318939209,0.07469125092029572,0.4089376926422119,0.42502260208129883,0.012252184562385082,0.1153293028473854,0,0.7418414354324341,1,0,1.11823308467865,-0.03544841334223747,1.0149389505386353,1.5456339120864868,0.9048522710800171,0.9042131304740906,-0.0631277784705162,-0.4368208944797516,0.39360344409942627,1.0164673328399658,1.0074652433395386,1.0208842754364014,https://wandb.ai/ememchijioke-university-of-klagenfurt/marl-uav-v0-7-compact-triangle-obstacle/runs/f23wgnom
2026-05-30T12:06:03.846788,446,1,11472.435826590223,0,0,0,MOVE_TRIANGLE_OBSTACLE,1.0,0.048744555562734604,0.039107080549001694,0.04734992980957031,0.7518192529678345,0.8010668158531189,0.8391637206077576,0.05826064199209213,0.3464031219482422,0.5887882113456726,1,0.0776105779223144,0.06361318379640579,0.07054413110017776,0.3947807550430298,0.4101194143295288,0.01838723011314869,0.11359346657991409,0,0.7518192529678345,1,0,1.1245156526565552,-0.029973318800330162,1.0147815942764282,1.5595711469650269,0.9110159277915955,0.902959942817688,-0.056207358837127686,-0.43636980652809143,0.4026572108268738,1.016644835472107,1.007436990737915,1.0202630758285522,https://wandb.ai/ememchijioke-university-of-klagenfurt/marl-uav-v0-7-compact-triangle-obstacle/runs/f23wgnom
2026-05-30T12:06:10.478526,447,1,11354.935958757529,0,0,0,MOVE_TRIANGLE_OBSTACLE,1.0,0.04797748848795891,0.03701816126704216,0.045273780822753906,0.7605268359184265,0.7873587012290955,0.8379358053207397,0.0548517145216465,0.34823697805404663,0.5892019867897034,1,0.0779564525000751,0.060461804270744324,0.07645586133003235,0.37581443786621094,0.3986239731311798,0.012363292276859283,0.11581820249557495,0,0.7605268359184265,1,0,1.1112099885940552,-0.032048117369413376,1.0141268968582153,1.544594168663025,0.8898916840553284,0.8991442322731018,-0.05338701605796814,-0.4402819871902466,0.3975246548652649,1.016203761100769,1.007368803024292,1.018808126449585,https://wandb.ai/ememchijioke-university-of-klagenfurt/marl-uav-v0-7-compact-triangle-obstacle/runs/f23wgnom
2026-05-30T12:06:17.886444,448,1,11407.05508635485,0,0,0,MOVE_TRIANGLE_OBSTACLE,1.0,0.047437507659196854,0.041634924709796906,0.046407103538513184,0.7466294765472412,0.7882688045501709,0.8475819826126099,0.06208912283182144,0.345225065946579,0.5864479541778564,1,0.07957611232995987,0.06409759819507599,0.07308784127235413,0.3912249505519867,0.40869277715682983,0.017283709719777107,0.13822264969348907,0,0.7466294765472412,1,0,1.1172140836715698,-0.02865029312670231,1.0148125886917114,1.5431885719299316,0.9032759666442871,0.9051775932312012,-0.0547667071223259,-0.4393403232097626,0.408156156539917,1.016450047492981,1.0080524682998657,1.019935131072998,https://wandb.ai/ememchijioke-university-of-klagenfurt/marl-uav-v0-7-compact-triangle-obstacle/runs/f23wgnom
2026-05-30T12:06:24.187666,449,1,11352.684078458748,0,0,0,MOVE_TRIANGLE_OBSTACLE,1.0,0.0480278804898262,0.038207266479730606,0.04143456617991129,0.748491644859314,0.7893973588943481,0.8333979845046997,0.05685441941022873,0.34992530941963196,0.5875647664070129,1,0.07687526242807508,0.06167110800743103,0.07073191553354263,0.4003664553165436,0.41748809814453125,0.012481942772865295,0.061320703476667404,0,0.748491644859314,1,0,1.1093719005584717,-0.02986259199678898,1.0146899223327637,1.5393991470336914,0.8900889158248901,0.8986274600028992,-0.059461504220962524,-0.43169158697128296,0.4015653133392334,1.016434907913208,1.0074490308761597,1.0201860666275024,https://wandb.ai/ememchijioke-university-of-klagenfurt/marl-uav-v0-7-compact-triangle-obstacle/runs/f23wgnom
2026-05-30T12:06:31.359237,450,1,11411.637179426158,0,0,0,MOVE_TRIANGLE_OBSTACLE,1.0,0.049530815333127975,0.037890877574682236,0.042816380659739174,0.7464587092399597,0.7927966117858887,0.8321112394332886,0.05638721212744713,0.34614190459251404,0.5874245762825012,1,0.07816957216709852,0.06273660808801651,0.07253611087799072,0.40105167031288147,0.410942018032074,0.015462028793990612,0.11515006422996521,0,0.7464587092399597,1,0,1.1164242029190063,-0.031030505895614624,1.0149922370910645,1.5472811460494995,0.8993614315986633,0.9026297926902771,-0.06132993847131729,-0.43188974261283875,0.40012815594673157,1.017167568206787,1.0078904628753662,1.0199185609817505,https://wandb.ai/ememchijioke-university-of-klagenfurt/marl-uav-v0-7-compact-triangle-obstacle/runs/f23wgnom
2026-05-30T12:06:38.487580,451,1,11350.504151462055,0,0,0,MOVE_TRIANGLE_OBSTACLE,1.0,0.04740755259990692,0.04258778318762779,0.045723517735799156,0.7501876354217529,0.7851518988609314,0.8518310189247131,0.06346450001001358,0.3453308641910553,0.5894071459770203,1,0.07953893672674894,0.06392788141965866,0.07896734029054642,0.3904589116573334,0.3978198170661926,0.01685439608991146,0.13557368516921997,0,0.7501876354217529,1,0,1.1138936281204224,-0.033606935292482376,1.0145483016967773,1.53914475440979,0.8980706930160522,0.9044655561447144,-0.05784306675195694,-0.44733983278274536,0.40436211228370667,1.01668119430542,1.0067945718765259,1.0201691389083862,https://wandb.ai/ememchijioke-university-of-klagenfurt/marl-uav-v0-7-compact-triangle-obstacle/runs/f23wgnom
2026-05-30T12:06:45.905957,452,1,11356.805159272943,0,0,0,MOVE_TRIANGLE_OBSTACLE,1.0,0.04690594598650932,0.03732841834425926,0.04166952768961588,0.7494944930076599,0.7874304056167603,0.8370726704597473,0.05567221716046333,0.34976497292518616,0.5879926085472107,1,0.07717839442193508,0.06029325723648071,0.07085314393043518,0.3846496045589447,0.40423470735549927,0.01167107280343771,0.07845867425203323,0,0.7494944930076599,1,0,1.1124048233032227,-0.031290918588638306,1.0149260759353638,1.5415815114974976,0.8972302675247192,0.8984025716781616,-0.055140912532806396,-0.43785566091537476,0.39912381768226624,1.0168510675430298,1.0077470541000366,1.020180344581604,https://wandb.ai/ememchijioke-university-of-klagenfurt/marl-uav-v0-7-compact-triangle-obstacle/runs/f23wgnom
2026-05-30T12:06:53.104059,453,1,11411.000909025364,0,0,0,MOVE_TRIANGLE_OBSTACLE,1.0,0.04772215709090233,0.04060884565114975,0.0484505295753479,0.7432358264923096,0.7962895035743713,0.8422979116439819,0.060422129929065704,0.34740668535232544,0.5892607569694519,1,0.07737465854734182,0.06343356519937515,0.0708751380443573,0.3846432864665985,0.3983687460422516,0.013842452317476273,0.11476566642522812,0,0.7432358264923096,1,0,1.1205779314041138,-0.03263258934020996,1.0150055885314941,1.5495811700820923,0.9103764295578003,0.9017760753631592,-0.06061476841568947,-0.43971937894821167,0.40243637561798096,1.017267107963562,1.0074433088302612,1.0203064680099487,https://wandb.ai/ememchijioke-university-of-klagenfurt/marl-uav-v0-7-compact-triangle-obstacle/runs/f23wgnom
2026-05-30T12:07:00.302219,454,1,11404.636082882413,0,0,0,MOVE_TRIANGLE_OBSTACLE,1.0,0.052285369485616684,0.04060349985957146,0.048989991346995033,0.7581656575202942,0.7935341000556946,0.8452702164649963,0.06031983718276024,0.34883737564086914,0.5906698703765869,1,0.07716756593436003,0.06670605391263962,0.08007628470659256,0.3849494457244873,0.4013148248195648,0.01372266560792923,0.1678370237350464,0,0.7581656575202942,1,0,1.1130183935165405,-0.03143030405044556,1.015044093132019,1.5461981296539307,0.8930774927139282,0.8997792601585388,-0.056544870138168335,-0.4414578974246979,0.40371185541152954,1.0176628828048706,1.0081467628479004,1.0193222761154175,https://wandb.ai/ememchijioke-university-of-klagenfurt/marl-uav-v0-7-compact-triangle-obstacle/runs/f23wgnom
2026-05-30T12:07:07.602870,455,1,11345.856903524767,0,0,0,MOVE_TRIANGLE_OBSTACLE,1.0,0.04798858240246773,0.03815626725554466,0.04281395673751831,0.7396835684776306,0.7835325002670288,0.8345929384231567,0.05657254159450531,0.3491137623786926,0.5859225392341614,1,0.07779528014361858,0.0614129938185215,0.0727558508515358,0.37712612748146057,0.39171403646469116,0.017867017537355423,0.1544608473777771,0,0.7396835684776306,1,0,1.110127329826355,-0.03068864345550537,1.0146201848983765,1.5341997146606445,0.8969605565071106,0.899221658706665,-0.05854980647563934,-0.4340047240257263,0.40048861503601074,1.016770839691162,1.007196307182312,1.0198931694030762,https://wandb.ai/ememchijioke-university-of-klagenfurt/marl-uav-v0-7-compact-triangle-obstacle/runs/f23wgnom
2026-05-30T12:07:14.563283,456,1,11344.186897919491,0,0,0,MOVE_TRIANGLE_OBSTACLE,1.0,0.04786420986056328,0.036606866866350174,0.04209458827972412,0.7558038830757141,0.780819296836853,0.8396605849266052,0.05454424023628235,0.34867197275161743,0.5874959826469421,1,0.07844100054353476,0.06046653166413307,0.07580161094665527,0.39929136633872986,0.42037755250930786,0.010055373422801495,0.04010331630706787,0,0.7558038830757141,1,0,1.1108779907226562,-0.031019875779747963,1.0152209997177124,1.5395210981369019,0.8932374119758606,0.8998754024505615,-0.04970903322100639,-0.4414377212524414,0.39808711409568787,1.0175501108169556,1.0072766542434692,1.0208361148834229,https://wandb.ai/ememchijioke-university-of-klagenfurt/marl-uav-v0-7-compact-triangle-obstacle/runs/f23wgnom
2026-05-30T12:07:21.606752,457,1,11353.143804355814,0,0,0,MOVE_TRIANGLE_OBSTACLE,1.0,0.04370153695344925,0.035640034824609756,0.037657360235850014,0.7500641345977783,0.77947598695755,0.8334319591522217,0.0529891774058342,0.34865009784698486,0.5822684168815613,1,0.07910883706063032,0.0572010762989521,0.06548824161291122,0.3860532343387604,0.40223151445388794,0.012266607023775578,0.14731328189373016,0,0.7500641345977783,1,0,1.110283374786377,-0.023598670959472656,1.0147007703781128,1.5373462438583374,0.8931822180747986,0.9003216624259949,-0.04529595002532005,-0.42939984798431396,0.40389978885650635,1.0174498558044434,1.0068155527114868,1.0198369026184082,https://wandb.ai/ememchijioke-university-of-klagenfurt/marl-uav-v0-7-compact-triangle-obstacle/runs/f23wgnom
2026-05-30T12:07:28.446737,458,1,11407.319524437615,0,0,0,MOVE_TRIANGLE_OBSTACLE,1.0,0.046486660838127136,0.03795010969042778,0.04264525572458903,0.7511790990829468,0.786552369594574,0.8402042984962463,0.05646801367402077,0.3476857542991638,0.5847549438476562,1,0.07867871830239892,0.06113961711525917,0.0696008950471878,0.39975276589393616,0.4140048623085022,0.02098957635462284,0.10878895968198776,0,0.7511790990829468,1,0,1.1162333488464355,-0.025306573137640953,1.01553475856781,1.5451054573059082,0.9011440277099609,0.9024506211280823,-0.04760197922587395,-0.4342050552368164,0.40588730573654175,1.0183402299880981,1.0073070526123047,1.020957112312317,https://wandb.ai/ememchijioke-university-of-klagenfurt/marl-uav-v0-7-compact-triangle-obstacle/runs/f23wgnom
2026-05-30T12:07:35.452469,459,1,11412.66390754059,0,0,0,MOVE_TRIANGLE_OBSTACLE,1.0,0.04844368249177933,0.0388801209628582,0.04362954696019491,0.7419013977050781,0.7855567336082458,0.837233304977417,0.05768563225865364,0.349088579416275,0.5831364393234253,1,0.07816013274714351,0.0631314218044281,0.07008382678031921,0.4048027992248535,0.4187218248844147,0.020497852936387062,0.13359655439853668,0,0.7419013977050781,1,0,1.1127052307128906,-0.023698559030890465,1.0155268907546997,1.537904143333435,0.8991124033927917,0.9010992050170898,-0.05130185931921005,-0.42846357822418213,0.40866976976394653,1.0183143615722656,1.00774085521698,1.020525574684143,https://wandb.ai/ememchijioke-university-of-klagenfurt/marl-uav-v0-7-compact-triangle-obstacle/runs/f23wgnom
2026-05-30T12:07:42.598759,460,1,11351.776972632837,0,0,0,MOVE_TRIANGLE_OBSTACLE,1.0,0.0421697273850441,0.03647930547595024,0.038943847020467125,0.74822598695755,0.7806248068809509,0.8344327211380005,0.054192062467336655,0.3484022319316864,0.581956684589386,1,0.0790591249242425,0.056777223944664,0.0631694495677948,0.37970802187919617,0.39738935232162476,0.004968555178493261,0.0867970809340477,0,0.74822598695755,1,0,1.1120108366012573,-0.022469619289040565,1.0158143043518066,1.5385339260101318,0.8955845832824707,0.9019140601158142,-0.04554164037108421,-0.428080290555954,0.40621307492256165,1.0185678005218506,1.0075013637542725,1.0213737487792969,https://wandb.ai/ememchijioke-university-of-klagenfurt/marl-uav-v0-7-compact-triangle-obstacle/runs/f23wgnom
2026-05-30T12:07:49.379390,461,1,11407.369811018114,0,0,0,MOVE_TRIANGLE_OBSTACLE,1.0,0.046532731503248215,0.038128193467855453,0.044929842154184975,0.7537887692451477,0.7892901301383972,0.84171062707901,0.05669558793306351,0.34803199768066406,0.586234986782074,1,0.07821099320426583,0.061276599764823914,0.07128110527992249,0.3833945691585541,0.395910382270813,0.014438998885452747,0.10665059089660645,0,0.7537887692451477,1,0,1.1170774698257446,-0.02657277323305607,1.0154788494110107,1.5477943420410156,0.9020673036575317,0.9013707637786865,-0.04796436056494713,-0.43668481707572937,0.40493085980415344,1.0188878774642944,1.0074621438980103,1.0200865268707275,https://wandb.ai/ememchijioke-university-of-klagenfurt/marl-uav-v0-7-compact-triangle-obstacle/runs/f23wgnom
2026-05-30T12:07:56.637544,462,1,11407.32351066766,0,0,0,MOVE_TRIANGLE_OBSTACLE,1.0,0.04769940301775932,0.03998356685042381,0.04944153626759847,0.761010468006134,0.7867370843887329,0.8505770564079285,0.059521328657865524,0.34629586338996887,0.5877907872200012,1,0.07937254151329398,0.0633247122168541,0.07934370636940002,0.39397868514060974,0.4051673114299774,0.01733461208641529,0.11118849366903305,0,0.761010468006134,1,0,1.1166526079177856,-0.02795873023569584,1.015623688697815,1.547369122505188,0.8988408446311951,0.9037481546401978,-0.04609718173742294,-0.44412553310394287,0.40634652972221375,1.0188261270523071,1.007807731628418,1.0202372074127197,https://wandb.ai/ememchijioke-university-of-klagenfurt/marl-uav-v0-7-compact-triangle-obstacle/runs/f23wgnom
2026-05-30T12:08:03.586671,463,1,11413.80531091461,0,0,0,MOVE_TRIANGLE_OBSTACLE,1.0,0.0480278804898262,0.04021167382597923,0.045470615228017174,0.7478029131889343,0.788455605506897,0.8457591533660889,0.059667907655239105,0.3495948910713196,0.5865421295166016,1,0.0775559889152646,0.06389068812131882,0.07184109091758728,0.40692272782325745,0.40754234790802,0.023445812985301018,0.13108712434768677,0,0.7478029131889343,1,0,1.1155894994735718,-0.026877641677856445,1.0160791873931885,1.5426547527313232,0.903457760810852,0.9006558060646057,-0.05013434961438179,-0.4380722939968109,0.40757372975349426,1.019467830657959,1.0076121091842651,1.0211575031280518,https://wandb.ai/ememchijioke-university-of-klagenfurt/marl-uav-v0-7-compact-triangle-obstacle/runs/f23wgnom
2026-05-30T12:08:10.466140,464,1,11417.891280623446,0,0,0,MOVE_TRIANGLE_OBSTACLE,1.0,0.05116817727684975,0.04229302331805229,0.04618785778681437,0.7537419199943542,0.7836630344390869,0.851158618927002,0.0629718229174614,0.34423619508743286,0.5877411961555481,1,0.08038415526971221,0.06692817807197571,0.08101844042539597,0.3752988576889038,0.38316574692726135,0.007312798406928778,0.10364362597465515,0,0.7537419199943542,1,0,1.1136096715927124,-0.03019828535616398,1.0152454376220703,1.539817214012146,0.8948816061019897,0.9061301946640015,-0.053902048617601395,-0.44384056329727173,0.40714776515960693,1.018673300743103,1.0071415901184082,1.0199211835861206,https://wandb.ai/ememchijioke-university-of-klagenfurt/marl-uav-v0-7-compact-triangle-obstacle/runs/f23wgnom
2026-05-30T12:08:17.643954,465,1,11418.353444985107,0,0,0,MOVE_TRIANGLE_OBSTACLE,1.0,0.04915812611579895,0.041089072823524475,0.046379427115122475,0.7535809874534607,0.78738933801651,0.8481679558753967,0.06113997846841812,0.3447251319885254,0.5878124833106995,1,0.07976015098392963,0.06476468592882156,0.0774361714720726,0.38452136516571045,0.39504101872444153,0.012823996134102345,0.11106108874082565,0,0.7535809874534607,1,0,1.116089105606079,-0.02969089150428772,1.0156644582748413,1.5444116592407227,0.898769736289978,0.9050858616828918,-0.05341068282723427,-0.4418647587299347,0.4062027633190155,1.01958167552948,1.007994294166565,1.0194175243377686,https://wandb.ai/ememchijioke-university-of-klagenfurt/marl-uav-v0-7-compact-triangle-obstacle/runs/f23wgnom
2026-05-30T12:08:25.004630,466,1,11415.214877673,0,0,0,MOVE_TRIANGLE_OBSTACLE,1.0,0.04743824154138565,0.03798029199242592,0.04301067193349203,0.7523655295372009,0.7902696132659912,0.8363968729972839,0.05623539164662361,0.34346482157707214,0.587069571018219,1,0.07977462885901332,0.061089690774679184,0.07098489999771118,0.37593570351600647,0.3956140875816345,0.016025347635149956,0.14279122650623322,0,0.7523655295372009,1,0,1.1189175844192505,-0.03046914003789425,1.0150853395462036,1.5503827333450317,0.9008269906044006,0.9055432081222534,-0.05627080425620079,-0.43571144342422485,0.40057483315467834,1.0191593170166016,1.0066698789596558,1.0194268226623535,https://wandb.ai/ememchijioke-university-of-klagenfurt/marl-uav-v0-7-compact-triangle-obstacle/runs/f23wgnom
2026-05-30T12:08:31.123662,467,1,11351.005415665142,0,0,0,MOVE_TRIANGLE_OBSTACLE,1.0,0.04854888841509819,0.04039108380675316,0.0446165402730306,0.7529920935630798,0.7862436771392822,0.8446138501167297,0.06010018661618233,0.34987765550613403,0.5881920456886292,1,0.07755793631076813,0.063650943338871,0.07572255283594131,0.4011240005493164,0.4234103858470917,0.015967141836881638,0.15486745536327362,0,0.7529920935630798,1,0,1.1082160472869873,-0.0294728372246027,1.014417052268982,1.5365582704544067,0.8894655108451843,0.8986244201660156,-0.05437218025326729,-0.4392591714859009,0.4052128493785858,1.0178606510162354,1.0064564943313599,1.018933892250061,https://wandb.ai/ememchijioke-university-of-klagenfurt/marl-uav-v0-7-compact-triangle-obstacle/runs/f23wgnom
2026-05-30T12:08:37.977745,468,1,11419.732567191058,0,0,0,MOVE_TRIANGLE_OBSTACLE,1.0,0.04443904012441635,0.04317418113350868,0.05581726630528768,0.762997567653656,0.8019459843635559,0.8525082468986511,0.06378627568483353,0.3493012487888336,0.5896533131599426,1,0.07678847713395953,0.0633801743388176,0.07471518218517303,0.3885306119918823,0.3955897390842438,0.02027042955160141,0.09940830618143082,0,0.762997567653656,1,0,1.1184083223342896,-0.02515590190887451,1.0146151781082153,1.555337905883789,0.8990738391876221,0.9008131623268127,-0.04992876574397087,-0.43898284435272217,0.4134438931941986,1.0180227756500244,1.007082223892212,1.0187407732009888,https://wandb.ai/ememchijioke-university-of-klagenfurt/marl-uav-v0-7-compact-triangle-obstacle/runs/f23wgnom
2026-05-30T12:08:45.479686,469,1,11411.026952709954,0,0,0,MOVE_TRIANGLE_OBSTACLE,1.0,0.04659926891326904,0.0401383638381958,0.0480422576268514,0.7405338287353516,0.7948793768882751,0.8397812247276306,0.059484127908945084,0.3494700491428375,0.5861532092094421,1,0.07693223562091589,0.06261318922042847,0.06971686333417892,0.39671358466148376,0.4022320508956909,0.0159763116389513,0.08322393894195557,0,0.7405338287353516,1,0,1.1170786619186401,-0.0272305216640234,1.0145081281661987,1.5449362993240356,0.9073237776756287,0.8989757299423218,-0.05615109205245972,-0.43260443210601807,0.40706396102905273,1.0182695388793945,1.0071556568145752,1.018099308013916,https://wandb.ai/ememchijioke-university-of-klagenfurt/marl-uav-v0-7-compact-triangle-obstacle/runs/f23wgnom
2026-05-30T12:08:52.916895,470,1,11477.484368885893,0,0,0,MOVE_TRIANGLE_OBSTACLE,1.0,0.051664192229509354,0.04896491393446922,0.06349273522694905,0.766012966632843,0.8059852719306946,0.8684799671173096,0.0725020170211792,0.3456317186355591,0.5945800542831421,1,0.07799102319404483,0.0725293681025505,0.08891860395669937,0.4138561189174652,0.4228045344352722,0.010660274885594845,0.15776367485523224,0,0.766012966632843,1,0,1.1214936971664429,-0.03106657601892948,1.0148769617080688,1.5576491355895996,0.9011871218681335,0.9056448936462402,-0.0574805848300457,-0.4520554840564728,0.4163363575935364,1.0190318822860718,1.0070290565490723,1.0185699462890625,https://wandb.ai/ememchijioke-university-of-klagenfurt/marl-uav-v0-7-compact-triangle-obstacle/runs/f23wgnom
2026-05-30T12:08:59.759017,471,1,11417.308234223858,0,0,0,MOVE_TRIANGLE_OBSTACLE,1.0,0.04872145131230354,0.03813596069812775,0.044418533643086754,0.7522909045219421,0.7912566661834717,0.8397080302238464,0.05663972720503807,0.3444206416606903,0.5886649489402771,1,0.07925959769636393,0.06212083622813225,0.07428780943155289,0.40917539596557617,0.43206411600112915,0.01647004671394825,0.12019183486700058,0,0.7522909045219421,1,0,1.1191548109054565,-0.03315842151641846,1.0139816999435425,1.5504156351089478,0.9040459990501404,0.9030026793479919,-0.05655454844236374,-0.4412764608860016,0.39835575222969055,1.0180388689041138,1.0063356161117554,1.0175704956054688,https://wandb.ai/ememchijioke-university-of-klagenfurt/marl-uav-v0-7-compact-triangle-obstacle/runs/f23wgnom
2026-05-30T12:09:07.158247,472,1,11472.26013511361,0,0,0,MOVE_TRIANGLE_OBSTACLE,1.0,0.051740970462560654,0.041388772428035736,0.04980379343032837,0.7547045946121216,0.7937467098236084,0.8509600758552551,0.06156354397535324,0.34487542510032654,0.5894736051559448,1,0.07911473582498729,0.06732967495918274,0.0801406130194664,0.38961267471313477,0.39750799536705017,0.011606086045503616,0.10623893141746521,0,0.7547045946121216,1,0,1.1215485334396362,-0.03121986985206604,1.0149644613265991,1.5523887872695923,0.9079052209854126,0.9043513536453247,-0.05315997824072838,-0.44568589329719543,0.405186265707016,1.0190459489822388,1.0070713758468628,1.0187761783599854,https://wandb.ai/ememchijioke-university-of-klagenfurt/marl-uav-v0-7-compact-triangle-obstacle/runs/f23wgnom
2026-05-30T12:09:13.434046,473,1,11356.076933721439,0,0,0,MOVE_TRIANGLE_OBSTACLE,1.0,0.05029506981372833,0.03792707622051239,0.04172376791636149,0.7538002133369446,0.7770743370056152,0.8442967534065247,0.056273121386766434,0.3475641906261444,0.5879485011100769,1,0.079355429392308,0.06282337754964828,0.08031706511974335,0.3873558044433594,0.41308045387268066,0.014359359629452229,0.13437379896640778,0,0.7538002133369446,1,0,1.10912024974823,-0.033108700066804886,1.0147243738174438,1.5344841480255127,0.893066942691803,0.8998097777366638,-0.050621312111616135,-0.446450412273407,0.39774560928344727,1.0182480812072754,1.0073813199996948,1.0185438394546509,https://wandb.ai/ememchijioke-university-of-klagenfurt/marl-uav-v0-7-compact-triangle-obstacle/runs/f23wgnom
2026-05-30T12:09:20.332992,474,1,11410.81230893928,0,0,0,MOVE_TRIANGLE_OBSTACLE,1.0,0.04768868908286095,0.037422217428684235,0.04223853349685669,0.7491247057914734,0.7838784456253052,0.8419618606567383,0.05524321645498276,0.3459419310092926,0.5858543515205383,1,0.07955762976780534,0.06143047288060188,0.07302870601415634,0.3708862364292145,0.3996357321739197,0.020192911848425865,0.09420570731163025,0,0.7491247057914734,1,0,1.1178522109985352,-0.029376516118645668,1.0156574249267578,1.5446124076843262,0.9071022272109985,0.9018422365188599,-0.0478590652346611,-0.4410817325115204,0.40081125497817993,1.0205397605895996,1.00851571559906,1.0179165601730347,https://wandb.ai/ememchijioke-university-of-klagenfurt/marl-uav-v0-7-compact-triangle-obstacle/runs/f23wgnom
2026-05-30T12:09:26.828892,475,1,11411.682171033593,0,0,0,MOVE_TRIANGLE_OBSTACLE,1.0,0.048337679356336594,0.040100909769535065,0.045742154121398926,0.7550145387649536,0.7784186601638794,0.8537932634353638,0.05898062884807587,0.34456947445869446,0.5859696269035339,1,0.08117169328033924,0.06393851339817047,0.08095922321081161,0.3709421157836914,0.3916844427585602,0.015251394361257553,0.08099944144487381,0,0.7550145387649536,1,0,1.116348147392273,-0.028613945469260216,1.0157071352005005,1.5407460927963257,0.904193639755249,0.9041045904159546,-0.04263173043727875,-0.4484789967536926,0.40526890754699707,1.020546555519104,1.008886694908142,1.017688274383545,https://wandb.ai/ememchijioke-university-of-klagenfurt/marl-uav-v0-7-compact-triangle-obstacle/runs/f23wgnom
2026-05-30T12:09:34.152942,476,1,11418.894188561191,0,0,0,MOVE_TRIANGLE_OBSTACLE,1.0,0.045914191752672195,0.03579243645071983,0.042343199253082275,0.7550493478775024,0.7812718152999878,0.8407084345817566,0.053012482821941376,0.3445759117603302,0.5843110084533691,1,0.08069230429828167,0.05916900560259819,0.07279513776302338,0.3810535669326782,0.39359351992607117,0.016615422442555428,0.1302361637353897,0,0.7550493478775024,1,0,1.1182652711868286,-0.026999851688742638,1.0155268907546997,1.5466843843460083,0.9047873020172119,0.9033239483833313,-0.042277220636606216,-0.4396910071372986,0.40096867084503174,1.0201473236083984,1.008749008178711,1.0176843404769897,https://wandb.ai/ememchijioke-university-of-klagenfurt/marl-uav-v0-7-compact-triangle-obstacle/runs/f23wgnom
2026-05-30T12:09:40.297773,477,1,11478.561579892728,0,0,0,MOVE_TRIANGLE_OBSTACLE,1.0,0.04890502989292145,0.04308129474520683,0.05895070234934489,0.766939640045166,0.7989208698272705,0.8609915971755981,0.06372738629579544,0.3473004102706909,0.5909715294837952,1,0.07807300752028823,0.06680561602115631,0.08418156206607819,0.38373032212257385,0.407347708940506,0.0102442791685462,0.2026168555021286,0,0.766939640045166,1,0,1.1228476762771606,-0.027706334367394447,1.015613079071045,1.5586293935775757,0.9084891676902771,0.9014243483543396,-0.04356047138571739,-0.45024582743644714,0.41068729758262634,1.0205755233764648,1.0095689296722412,1.0166949033737183,https://wandb.ai/ememchijioke-university-of-klagenfurt/marl-uav-v0-7-compact-triangle-obstacle/runs/f23wgnom
2026-05-30T12:09:47.559978,478,1,11483.414002627012,0,0,0,MOVE_TRIANGLE_OBSTACLE,1.0,0.04754302278161049,0.04063330218195915,0.04852700233459473,0.7542982697486877,0.7864137291908264,0.85486900806427,0.06008091941475868,0.3446686863899231,0.5849323272705078,1,0.0806172932498157,0.06453511863946915,0.07691634446382523,0.37350550293922424,0.3964855670928955,0.017075439915060997,0.11614802479743958,0,0.7542982697486877,1,0,1.1224557161331177,-0.024537095800042152,1.0157701969146729,1.5495554208755493,0.9130374193191528,0.9047741293907166,-0.039748601615428925,-0.4443276822566986,0.4104650020599365,1.0206407308578491,1.009391188621521,1.0172786712646484,https://wandb.ai/ememchijioke-university-of-klagenfurt/marl-uav-v0-7-compact-triangle-obstacle/runs/f23wgnom
2026-05-30T12:09:54.680458,479,1,11475.088564397418,0,0,0,MOVE_TRIANGLE_OBSTACLE,1.0,0.05064910277724266,0.03767077252268791,0.04292746384938558,0.7512735724449158,0.7867267727851868,0.8407820463180542,0.05603308975696564,0.34403523802757263,0.5841313004493713,1,0.08045287104323506,0.06417939066886902,0.0729627013206482,0.3903217613697052,0.40819990634918213,0.022298002615571022,0.12022135406732559,0,0.7512735724449158,1,0,1.1190907955169678,-0.025488952174782753,1.0155590772628784,1.5479825735092163,0.9050081968307495,0.9042816758155823,-0.04677332565188408,-0.4352232813835144,0.4055297374725342,1.0199941396713257,1.009867787361145,1.0168153047561646,https://wandb.ai/ememchijioke-university-of-klagenfurt/marl-uav-v0-7-compact-triangle-obstacle/runs/f23wgnom
2026-05-30T12:10:01.761625,480,1,11405.221087645985,0,0,0,MOVE_TRIANGLE_OBSTACLE,1.0,0.04268563166260719,0.03963619843125343,0.04486838976542155,0.7506350874900818,0.7861544489860535,0.8478156328201294,0.058605752885341644,0.3450907766819,0.5834160447120667,1,0.08037094958126545,0.059864699840545654,0.06907718628644943,0.3891798257827759,0.396410197019577,0.028023360297083855,0.10576166957616806,0,0.7506350874900818,1,0,1.1195882558822632,-0.022960901260375977,1.0156311988830566,1.546532154083252,0.9082000851631165,0.9040327072143555,-0.04237499460577965,-0.43713870644569397,0.410631000995636,1.0211154222488403,1.0090000629425049,1.0167778730392456,https://wandb.ai/ememchijioke-university-of-klagenfurt/marl-uav-v0-7-compact-triangle-obstacle/runs/f23wgnom
2026-05-30T12:10:09.025253,481,1,11411.922966166116,0,0,0,MOVE_TRIANGLE_OBSTACLE,1.0,0.04500873014330864,0.04115047678351402,0.04710249106089274,0.739008367061615,0.7837404012680054,0.8465754389762878,0.05996998772025108,0.3465406596660614,0.5822979807853699,1,0.07987452019006014,0.06228834018111229,0.06737470626831055,0.3944411277770996,0.4019690752029419,0.0286648478358984,0.11445768922567368,0,0.739008367061615,1,0,1.1167234182357788,-0.023107627406716347,1.0157283544540405,1.5382094383239746,0.9094637632369995,0.9024969339370728,-0.0465107187628746,-0.43466314673423767,0.4118509888648987,1.0214123725891113,1.009169101715088,1.016603708267212,https://wandb.ai/ememchijioke-university-of-klagenfurt/marl-uav-v0-7-compact-triangle-obstacle/runs/f23wgnom
2026-05-30T12:10:16.490979,482,1,11408.011883551415,0,0,0,MOVE_TRIANGLE_OBSTACLE,1.0,0.04386923089623451,0.03736576437950134,0.04886766274770101,0.7649515271186829,0.782805860042572,0.8488456010818481,0.05511903390288353,0.3444843590259552,0.5844226479530334,1,0.08115471759811044,0.05909358337521553,0.07620856165885925,0.4013928472995758,0.41741299629211426,0.018544113263487816,0.12217479944229126,0,0.7649515271186829,1,0,1.1184371709823608,-0.023352285847067833,1.0158969163894653,1.5496950149536133,0.9022971987724304,0.903319239616394,-0.034760236740112305,-0.44206249713897705,0.406765878200531,1.0217784643173218,1.0102994441986084,1.0156128406524658,https://wandb.ai/ememchijioke-university-of-klagenfurt/marl-uav-v0-7-compact-triangle-obstacle/runs/f23wgnom
2026-05-30T12:10:23.723096,483,1,11411.005056743494,0,0,0,MOVE_TRIANGLE_OBSTACLE,1.0,0.04493589699268341,0.03896452486515045,0.04529122511545817,0.7518305778503418,0.7838387489318848,0.850204348564148,0.05704285204410553,0.3478589951992035,0.5848394632339478,1,0.07934447284787893,0.0612528920173645,0.07382259517908096,0.3832574188709259,0.396515816450119,0.015798892825841904,0.10561636835336685,0,0.7518305778503418,1,0,1.118345022201538,-0.02521839737892151,1.0158305168151855,1.544492483139038,0.9108325839042664,0.8997098803520203,-0.038966067135334015,-0.44339656829833984,0.40670743584632874,1.0219863653182983,1.0093246698379517,1.0161805152893066,https://wandb.ai/ememchijioke-university-of-klagenfurt/marl-uav-v0-7-compact-triangle-obstacle/runs/f23wgnom
2026-05-30T12:10:29.679134,484,1,11358.220271921942,0,0,0,MOVE_TRIANGLE_OBSTACLE,1.0,0.04522684961557388,0.0362313948571682,0.039480626583099365,0.7400778532028198,0.7727988958358765,0.8357208371162415,0.05217558518052101,0.34688130021095276,0.5818349123001099,1,0.08043520245701075,0.05813732370734215,0.0668606236577034,0.3888513743877411,0.40279319882392883,0.013718548230826855,0.15128843486309052,0,0.7400778532028198,1,0,1.111277461051941,-0.02720930241048336,1.0153086185455322,1.531346082687378,0.9026369452476501,0.8998492360115051,-0.045606665313243866,-0.43584924936294556,0.3998280167579651,1.020806074142456,1.0085264444351196,1.0165932178497314,https://wandb.ai/ememchijioke-university-of-klagenfurt/marl-uav-v0-7-compact-triangle-obstacle/runs/f23wgnom
2026-05-30T12:10:37.030779,485,1,11488.921084218873,0,0,0,MOVE_TRIANGLE_OBSTACLE,1.0,0.050004128366708755,0.03881511464715004,0.04550816615422567,0.752807080745697,0.7841392159461975,0.8495782017707825,0.057170722633600235,0.3438083827495575,0.5856032967567444,1,0.0808696704916656,0.06473517417907715,0.07820124179124832,0.37934985756874084,0.38599660992622375,0.014651996083557606,0.1357424259185791,0,0.752807080745697,1,0,1.1217094659805298,-0.028164654970169067,1.0155242681503296,1.5484795570373535,0.9125469326972961,0.9041018486022949,-0.04286516457796097,-0.4455661475658417,0.40393733978271484,1.0209300518035889,1.0090914964675903,1.0165510177612305,https://wandb.ai/ememchijioke-university-of-klagenfurt/marl-uav-v0-7-compact-triangle-obstacle/runs/f23wgnom
2026-05-30T12:10:44.044587,486,1,11478.236679102876,0,0,0,MOVE_TRIANGLE_OBSTACLE,1.0,0.04561237618327141,0.044037025421857834,0.053352574507395424,0.7556688785552979,0.7960756421089172,0.8583132028579712,0.06555239111185074,0.3451823592185974,0.5858311057090759,1,0.07957428088411689,0.06542972475290298,0.07397178560495377,0.3787406384944916,0.39692211151123047,0.020574547350406647,0.11557251960039139,0,0.7556688785552979,1,0,1.123010277748108,-0.021364310756325722,1.0159943103790283,1.5535082817077637,0.9094025492668152,0.9061198830604553,-0.04411458969116211,-0.43912526965141296,0.41914692521095276,1.021016001701355,1.0096229314804077,1.0173439979553223,https://wandb.ai/ememchijioke-university-of-klagenfurt/marl-uav-v0-7-compact-triangle-obstacle/runs/f23wgnom
2026-05-30T12:10:50.958989,487,1,11474.527379651483,0,0,0,MOVE_TRIANGLE_OBSTACLE,1.0,0.04896172881126404,0.040072549134492874,0.051955958207448326,0.7633025646209717,0.7867751717567444,0.8557901382446289,0.05934114754199982,0.34435442090034485,0.5867161750793457,1,0.08062970731407404,0.06501693278551102,0.08188435435295105,0.3888814449310303,0.413565069437027,0.023076429963111877,0.15515728294849396,0,0.7633025646209717,1,0,1.121605634689331,-0.025857726112008095,1.0159531831741333,1.5522613525390625,0.9076486229896545,0.9049069285392761,-0.038703352212905884,-0.44730645418167114,0.4084366261959076,1.0212345123291016,1.009039044380188,1.017586350440979,https://wandb.ai/ememchijioke-university-of-klagenfurt/marl-uav-v0-7-compact-triangle-obstacle/runs/f23wgnom
2026-05-30T12:10:58.048290,488,1,11404.78474179952,0,0,0,MOVE_TRIANGLE_OBSTACLE,1.0,0.044688474386930466,0.04420003294944763,0.05137030283610026,0.7544641494750977,0.7901123762130737,0.8595343828201294,0.06571075320243835,0.3457034230232239,0.5866256356239319,1,0.07976089883595705,0.06468978524208069,0.07623433321714401,0.37055596709251404,0.37961915135383606,0.01318774838000536,0.07400143146514893,0,0.7544641494750977,1,0,1.1180899143218994,-0.024135539308190346,1.0162676572799683,1.5454392433166504,0.9039564728736877,0.9048740267753601,-0.04598940536379814,-0.44296038150787354,0.4165431559085846,1.0214613676071167,1.0100589990615845,1.0172827243804932,https://wandb.ai/ememchijioke-university-of-klagenfurt/marl-uav-v0-7-compact-triangle-obstacle/runs/f23wgnom
2026-05-30T12:11:05.349798,489,1,11477.144549515446,0,0,0,MOVE_TRIANGLE_OBSTACLE,1.0,0.0475432388484478,0.04357479140162468,0.05474946896235148,0.7562800645828247,0.8013907074928284,0.8565776348114014,0.06476164609193802,0.3435130715370178,0.5908401608467102,1,0.07921998505480587,0.0659329891204834,0.07889045774936676,0.3785627782344818,0.3889973759651184,0.009387616068124771,0.07877728343009949,0,0.7562800645828247,1,0,1.1273232698440552,-0.030506601557135582,1.0161845684051514,1.560640573501587,0.9156622290611267,0.9056668877601624,-0.05284448340535164,-0.44758179783821106,0.408906489610672,1.0217820405960083,1.009740948677063,1.0170307159423828,https://wandb.ai/ememchijioke-university-of-klagenfurt/marl-uav-v0-7-compact-triangle-obstacle/runs/f23wgnom
2026-05-30T12:11:12.612289,490,1,11467.833346188474,0,0,0,MOVE_TRIANGLE_OBSTACLE,1.0,0.04923868551850319,0.046684373170137405,0.05596925814946493,0.7563847899436951,0.7915669083595276,0.8699560761451721,0.0691557377576828,0.3463822901248932,0.5883061289787292,1,0.07946075918152928,0.07023391127586365,0.0838020071387291,0.39479973912239075,0.39935195446014404,0.014953798614442348,0.08306845277547836,0,0.7563847899436951,1,0,1.1208786964416504,-0.024823158979415894,1.0166668891906738,1.547395944595337,0.9102123379707336,0.9050278067588806,-0.04319960996508598,-0.4505874216556549,0.4193175435066223,1.0222129821777344,1.009956955909729,1.017830729484558,https://wandb.ai/ememchijioke-university-of-klagenfurt/marl-uav-v0-7-compact-triangle-obstacle/runs/f23wgnom
2026-05-30T12:11:20.173712,491,1,11416.417862083608,0,0,0,MOVE_TRIANGLE_OBSTACLE,1.0,0.0460217222571373,0.042388711124658585,0.0464706818262736,0.7502430081367493,0.779015064239502,0.8601539731025696,0.06107764691114426,0.3485208749771118,0.5845170617103577,1,0.07990608969703317,0.06472309678792953,0.07822350412607193,0.38174211978912354,0.4077252447605133,0.026073487475514412,0.08322089910507202,0,0.7502430081367493,1,0,1.1165305376052856,-0.02396630309522152,1.0168975591659546,1.5379050970077515,0.9109695553779602,0.9007167816162109,-0.036038290709257126,-0.44796404242515564,0.41210341453552246,1.0223990678787231,1.0108433961868286,1.017449975013733,https://wandb.ai/ememchijioke-university-of-klagenfurt/marl-uav-v0-7-compact-triangle-obstacle/runs/f23wgnom
2026-05-30T12:11:27.202959,492,1,11479.50043818075,0,0,0,MOVE_TRIANGLE_OBSTACLE,1.0,0.04831763356924057,0.042209744453430176,0.05017854770024618,0.7411553263664246,0.7915514707565308,0.8501394987106323,0.06217806413769722,0.3443327248096466,0.585858166217804,1,0.07975632231682539,0.0655687004327774,0.07169853150844574,0.36752334237098694,0.37404558062553406,0.014055979438126087,0.1280009001493454,0,0.7411553263664246,1,0,1.1239100694656372,-0.02742149494588375,1.0167384147644043,1.5486431121826172,0.9177663922309875,0.9053210020065308,-0.05152839049696922,-0.4403791129589081,0.4096430242061615,1.02120840549469,1.0111618041992188,1.0178451538085938,https://wandb.ai/ememchijioke-university-of-klagenfurt/marl-uav-v0-7-compact-triangle-obstacle/runs/f23wgnom
2026-05-30T12:11:34.120855,493,1,11477.392950533475,0,0,0,MOVE_TRIANGLE_OBSTACLE,1.0,0.05171367526054382,0.041508957743644714,0.04774578412373861,0.754990816116333,0.7823906540870667,0.8558558821678162,0.061595719307661057,0.34279632568359375,0.5857410430908203,1,0.08168281428515911,0.06772489100694656,0.08210788667201996,0.38907313346862793,0.40382322669029236,0.014818199910223484,0.07888450473546982,0,0.754990816116333,1,0,1.1189607381820679,-0.026759425178170204,1.016553521156311,1.544399619102478,0.9054822325706482,0.9070003032684326,-0.043951597064733505,-0.4460790157318115,0.40975233912467957,1.0207536220550537,1.0113061666488647,1.0176011323928833,https://wandb.ai/ememchijioke-university-of-klagenfurt/marl-uav-v0-7-compact-triangle-obstacle/runs/f23wgnom
2026-05-30T12:11:40.017793,494,1,11420.575443796466,0,0,0,MOVE_TRIANGLE_OBSTACLE,1.0,0.04855399951338768,0.0468275249004364,0.05765259265899658,0.7611801028251648,0.7908148169517517,0.8709628582000732,0.06963015347719193,0.3463653028011322,0.5912476181983948,1,0.07927382690832019,0.06920336931943893,0.08832564949989319,0.3950841426849365,0.40865007042884827,0.00929978583008051,0.10663134604692459,0,0.7611801028251648,1,0,1.1169899702072144,-0.029196688905358315,1.0167133808135986,1.544867753982544,0.9024043083190918,0.9036977887153625,-0.04747309535741806,-0.4555288255214691,0.4154118597507477,1.022182583808899,1.010939121246338,1.0170185565948486,https://wandb.ai/ememchijioke-university-of-klagenfurt/marl-uav-v0-7-compact-triangle-obstacle/runs/f23wgnom
2026-05-30T12:11:47.155078,495,1,11418.378320679338,0,0,0,MOVE_TRIANGLE_OBSTACLE,1.0,0.045033182948827744,0.039430245757102966,0.044743875662485756,0.7508538961410522,0.7846514582633972,0.8487262725830078,0.05831189826130867,0.3440763056278229,0.5852605104446411,1,0.08069599373266101,0.06110352650284767,0.07368248701095581,0.3867146670818329,0.39960777759552,0.016898052766919136,0.08965227752923965,0,0.7508538961410522,1,0,1.1198900938034058,-0.026942411437630653,1.0164633989334106,1.5461727380752563,0.9092307686805725,0.9042667150497437,-0.04486484080553055,-0.44232842326164246,0.4063660204410553,1.0216233730316162,1.0111740827560425,1.0165928602218628,https://wandb.ai/ememchijioke-university-of-klagenfurt/marl-uav-v0-7-compact-triangle-obstacle/runs/f23wgnom
2026-05-30T12:11:54.389124,496,1,11417.50714005065,0,0,0,MOVE_TRIANGLE_OBSTACLE,1.0,0.04905824735760689,0.049744490534067154,0.06683576107025146,0.770946204662323,0.7969992160797119,0.8825618624687195,0.0740562304854393,0.34989267587661743,0.5948546528816223,1,0.07737307343631983,0.07207103818655014,0.09576237201690674,0.3925683796405792,0.40437278151512146,0.013677137903869152,0.14901946485042572,0,0.770946204662323,1,0,1.1162588596343994,-0.029211798682808876,1.0166116952896118,1.54802668094635,0.9002739191055298,0.9004759192466736,-0.04477035626769066,-0.46270501613616943,0.4198399782180786,1.0216264724731445,1.0113778114318848,1.0168309211730957,https://wandb.ai/ememchijioke-university-of-klagenfurt/marl-uav-v0-7-compact-triangle-obstacle/runs/f23wgnom
2026-05-30T12:12:00.737331,497,1,11469.938380814274,0,0,0,MOVE_TRIANGLE_OBSTACLE,1.0,0.04334597289562225,0.042091935873031616,0.053481459617614746,0.7585984468460083,0.7948862314224243,0.8569597005844116,0.06259550899267197,0.3433612883090973,0.5855819582939148,1,0.08052362035959959,0.06252115219831467,0.07381949573755264,0.3916736841201782,0.40756702423095703,0.010158940218389034,0.12073447555303574,0,0.7585984468460083,1,0,1.126652717590332,-0.02163591980934143,1.01728355884552,1.5583276748657227,0.9148637652397156,0.9067667722702026,-0.039507120847702026,-0.44115790724754333,0.41575726866722107,1.0229400396347046,1.0128164291381836,1.0160939693450928,https://wandb.ai/ememchijioke-university-of-klagenfurt/marl-uav-v0-7-compact-triangle-obstacle/runs/f23wgnom
2026-05-30T12:12:07.847325,498,1,11407.911683019207,0,0,0,MOVE_TRIANGLE_OBSTACLE,1.0,0.048800259828567505,0.04440059885382652,0.05054342746734619,0.7513716220855713,0.7924959659576416,0.8577626943588257,0.06609117984771729,0.3485506474971771,0.5886409878730774,1,0.07797185843810439,0.06750962883234024,0.07781931012868881,0.3971059024333954,0.41971251368522644,0.011555805802345276,0.11966273188591003,0,0.7513716220855713,1,0,1.1147540807724,-0.02634911797940731,1.0173183679580688,1.5421279668807983,0.9013606905937195,0.9007736444473267,-0.05075525864958763,-0.44302254915237427,0.4147304594516754,1.0227441787719727,1.012594223022461,1.0166165828704834,https://wandb.ai/ememchijioke-university-of-klagenfurt/marl-uav-v0-7-compact-triangle-obstacle/runs/f23wgnom
2026-05-30T12:12:14.491005,499,1,11406.15602847917,0,0,0,MOVE_TRIANGLE_OBSTACLE,1.0,0.04379308968782425,0.04325856640934944,0.04915877183278402,0.7517440915107727,0.7855511903762817,0.8601810336112976,0.06387921422719955,0.3437141180038452,0.5859113931655884,1,0.08109428826719522,0.06339613348245621,0.07734572142362595,0.39004018902778625,0.39227956533432007,0.007926365360617638,0.1338842511177063,0,0.7517440915107727,1,0,1.120991587638855,-0.02542860247194767,1.0175981521606445,1.5454514026641846,0.9113702774047852,0.9061530232429504,-0.04301277920603752,-0.4467162489891052,0.4134432077407837,1.0226562023162842,1.0135002136230469,1.016638159751892,https://wandb.ai/ememchijioke-university-of-klagenfurt/marl-uav-v0-7-compact-triangle-obstacle/runs/f23wgnom
2026-05-30T12:12:21.402521,500,1,11480.427596173417,0,0,0,MOVE_TRIANGLE_OBSTACLE,1.0,0.04595309495925903,0.038941580802202225,0.04973284403483073,0.7581505179405212,0.7928720116615295,0.8481760025024414,0.05781712755560875,0.3433045446872711,0.5863324403762817,1,0.080283063929528,0.06177300587296486,0.07403697073459625,0.3943746089935303,0.4152134358882904,0.013346540741622448,0.08282047510147095,0,0.7581505179405212,1,0,1.1259421110153198,-0.025294214487075806,1.0176621675491333,1.5585827827453613,0.9137474298477173,0.90549635887146,-0.04227703437209129,-0.440866082906723,0.4072604775428772,1.0232129096984863,1.0129001140594482,1.0168737173080444,https://wandb.ai/ememchijioke-university-of-klagenfurt/marl-uav-v0-7-compact-triangle-obstacle/runs/f23wgnom
2026-05-30T12:12:27.920206,501,1,11354.569238003145,0,0,0,MOVE_TRIANGLE_OBSTACLE,1.0,0.046631552278995514,0.0413641519844532,0.047183454036712646,0.755827009677887,0.7789971232414246,0.8567262291908264,0.06105268374085426,0.3496852219104767,0.5866963267326355,1,0.07912253495305777,0.06372547894716263,0.08003493398427963,0.3784099817276001,0.3957357704639435,0.013728742487728596,0.12179978936910629,0,0.755827009677887,1,0,1.1093405485153198,-0.025972863659262657,1.01728093624115,1.5335972309112549,0.8959552049636841,0.898469090461731,-0.04107821732759476,-0.44677698612213135,0.4099366068840027,1.0224941968917847,1.0127159357070923,1.0166326761245728,https://wandb.ai/ememchijioke-university-of-klagenfurt/marl-uav-v0-7-compact-triangle-obstacle/runs/f23wgnom
2026-05-30T12:12:34.670082,502,1,11413.342826513195,0,0,0,MOVE_TRIANGLE_OBSTACLE,1.0,0.047247253358364105,0.04737357795238495,0.05821319421132406,0.7582835555076599,0.7947847843170166,0.8715712428092957,0.07041363418102264,0.34985673427581787,0.5908872485160828,1,0.07751048309728503,0.06917200982570648,0.08459021896123886,0.3879682123661041,0.40788790583610535,0.011495607905089855,0.0954633355140686,0,0.7582835555076599,1,0,1.1167904138565063,-0.02623162604868412,1.0174494981765747,1.544974684715271,0.9052205085754395,0.900175929069519,-0.04546165466308594,-0.4523903429508209,0.41915711760520935,1.0233454704284668,1.0125020742416382,1.0165008306503296,https://wandb.ai/ememchijioke-university-of-klagenfurt/marl-uav-v0-7-compact-triangle-obstacle/runs/f23wgnom
2026-05-30T12:12:41.121997,503,1,11403.153379691454,0,0,0,MOVE_TRIANGLE_OBSTACLE,1.0,0.051504217088222504,0.04447736218571663,0.052271087964375816,0.7557517886161804,0.789232075214386,0.861829400062561,0.06617424637079239,0.34812456369400024,0.5908296704292297,1,0.07827840931713581,0.06930959969758987,0.08519070595502853,0.3777388036251068,0.39044690132141113,0.015958765521645546,0.1620350331068039,0,0.7557517886161804,1,0,1.114235520362854,-0.03010406158864498,1.017896056175232,1.5412847995758057,0.900265097618103,0.9011567831039429,-0.05058163404464722,-0.450772762298584,0.4110422134399414,1.0229839086532593,1.012903094291687,1.017801284790039,https://wandb.ai/ememchijioke-university-of-klagenfurt/marl-uav-v0-7-compact-triangle-obstacle/runs/f23wgnom
2026-05-30T12:12:47.288420,504,1,11473.917483987194,0,0,0,MOVE_TRIANGLE_OBSTACLE,1.0,0.05136708915233612,0.04181155562400818,0.05020880699157715,0.7556094527244568,0.7886925935745239,0.8563243746757507,0.06199352443218231,0.3473905622959137,0.5868136286735535,1,0.07901565218344331,0.06806084513664246,0.0796092301607132,0.40247759222984314,0.41194987297058105,0.01692873425781727,0.12687678635120392,0,0.7556094527244568,1,0,1.1185544729232788,-0.024292727932333946,1.0181854963302612,1.5466716289520264,0.9067627191543579,0.9022289514541626,-0.04194575920701027,-0.4436160922050476,0.4126836657524109,1.0240381956100464,1.0129374265670776,1.0175808668136597,https://wandb.ai/ememchijioke-university-of-klagenfurt/marl-uav-v0-7-compact-triangle-obstacle/runs/f23wgnom
2026-05-30T12:12:54.073751,505,1,11470.371585277455,0,0,0,MOVE_TRIANGLE_OBSTACLE,1.0,0.048166148364543915,0.04737686738371849,0.05512551466623942,0.7523096799850464,0.7934260964393616,0.8696407675743103,0.07023413479328156,0.3459140658378601,0.5879733562469482,1,0.07947306707501411,0.06994917243719101,0.08115113526582718,0.39755773544311523,0.4017089605331421,0.0173017755150795,0.15301813185214996,0,0.7523096799850464,1,0,1.1222716569900513,-0.02414972521364689,1.017701506614685,1.547916293144226,0.9130757451057434,0.9058230519294739,-0.0449909009039402,-0.4485275447368622,0.42106926441192627,1.0229252576828003,1.0126512050628662,1.0175279378890991,https://wandb.ai/ememchijioke-university-of-klagenfurt/marl-uav-v0-7-compact-triangle-obstacle/runs/f23wgnom
2026-05-30T12:13:00.968545,506,1,11465.479823770342,0,0,0,MOVE_TRIANGLE_OBSTACLE,1.0,0.04743993282318115,0.05070177838206291,0.05952219168345133,0.7526693344116211,0.8002864718437195,0.8756107687950134,0.07544022798538208,0.3486970365047455,0.588785707950592,1,0.07779267057776451,0.07208316773176193,0.07980303466320038,0.3912355601787567,0.40910470485687256,0.010347808711230755,0.09537885338068008,0,0.7526693344116211,1,0,1.1213356256484985,-0.02084306813776493,1.0179215669631958,1.5483697652816772,0.9108012318611145,0.9048359990119934,-0.046117883175611496,-0.4459933638572693,0.42958202958106995,1.0234252214431763,1.012606143951416,1.0177334547042847,https://wandb.ai/ememchijioke-university-of-klagenfurt/marl-uav-v0-7-compact-triangle-obstacle/runs/f23wgnom
2026-05-30T12:13:07.987583,507,1,11340.150949482395,0,0,0,MOVE_TRIANGLE_OBSTACLE,1.0,0.04212078079581261,0.04646778106689453,0.05050025383631388,0.7478117346763611,0.7841100096702576,0.8652024865150452,0.06831610947847366,0.34929603338241577,0.5852586627006531,1,0.07915984140709043,0.06489063054323196,0.07478111982345581,0.3839975893497467,0.41295990347862244,0.02128865011036396,0.14235197007656097,0,0.7478117346763611,1,0,1.1123111248016357,-0.021555939689278603,1.0174732208251953,1.5333199501037598,0.9020914435386658,0.9015218615531921,-0.042725563049316406,-0.4435681402683258,0.42162588238716125,1.0228163003921509,1.0129055976867676,1.0166980028152466,https://wandb.ai/ememchijioke-university-of-klagenfurt/marl-uav-v0-7-compact-triangle-obstacle/runs/f23wgnom
2026-05-30T12:13:15.402288,508,1,11406.730816879974,0,0,0,MOVE_TRIANGLE_OBSTACLE,1.0,0.044412847608327866,0.04804466292262077,0.0530620813369751,0.7499870657920837,0.7863805294036865,0.8727927803993225,0.07025139778852463,0.3468514680862427,0.5873554348945618,1,0.07979919062927365,0.06789534538984299,0.08170721679925919,0.3959883451461792,0.4245840609073639,0.025162136182188988,0.06670866161584854,0,0.7499870657920837,1,0,1.1197991371154785,-0.0246259868144989,1.018142819404602,1.541029453277588,0.9129554033279419,0.9054125547409058,-0.04237974435091019,-0.45211654901504517,0.42061832547187805,1.0232124328613281,1.01228666305542,1.0189296007156372,https://wandb.ai/ememchijioke-university-of-klagenfurt/marl-uav-v0-7-compact-triangle-obstacle/runs/f23wgnom
2026-05-30T12:13:22.739137,509,1,11462.021154503542,0,0,0,MOVE_TRIANGLE_OBSTACLE,1.0,0.04524213448166847,0.04604563117027283,0.05838594834009806,0.7622779011726379,0.7981034517288208,0.8647764921188354,0.0684676542878151,0.3452281653881073,0.5869103074073792,1,0.07950799586251378,0.06672751158475876,0.077084481716156,0.38515523076057434,0.39343440532684326,0.016754640266299248,0.11230659484863281,0,0.7622779011726379,1,0,1.1232256889343262,-0.019219646230340004,1.0180307626724243,1.5557277202606201,0.9063891172409058,0.9075602293014526,-0.041387349367141724,-0.4405159056186676,0.42424431443214417,1.023709774017334,1.01260507106781,1.0177773237228394,https://wandb.ai/ememchijioke-university-of-klagenfurt/marl-uav-v0-7-compact-triangle-obstacle/runs/f23wgnom
2026-05-30T12:13:30.140288,510,1,11467.32531650723,0,0,0,MOVE_TRIANGLE_OBSTACLE,1.0,0.04880813509225845,0.04416394233703613,0.051285227139790855,0.7540538907051086,0.7883097529411316,0.8614920377731323,0.0655084028840065,0.34357765316963196,0.5862634181976318,1,0.08088099071756005,0.06776850670576096,0.07967755943536758,0.3792625665664673,0.38206395506858826,0.02449239231646061,0.14170335233211517,0,0.7540538907051086,1,0,1.121583342552185,-0.024215638637542725,1.0178885459899902,1.5477025508880615,0.9094825387001038,0.9075648784637451,-0.04374236240983009,-0.44518977403640747,0.4162852168083191,1.0232689380645752,1.012665867805481,1.0177305936813354,https://wandb.ai/ememchijioke-university-of-klagenfurt/marl-uav-v0-7-compact-triangle-obstacle/runs/f23wgnom
2026-05-30T12:13:37.487138,511,1,11466.039345455365,0,0,0,MOVE_TRIANGLE_OBSTACLE,1.0,0.04860103875398636,0.04654248431324959,0.055214146773020424,0.7461567521095276,0.7971575260162354,0.8646416664123535,0.06871818751096725,0.34789809584617615,0.5892909169197083,1,0.07781547424383461,0.06945261359214783,0.07840903103351593,0.3831450641155243,0.39147236943244934,0.008484392426908016,0.13949920237064362,0,0.7461567521095276,1,0,1.1239043474197388,-0.02681412361562252,1.0184437036514282,1.5497381687164307,0.9190508127212524,0.9029240608215332,-0.049253810197114944,-0.44783180952072144,0.41664326190948486,1.0239496231079102,1.013043999671936,1.0183378458023071,https://wandb.ai/ememchijioke-university-of-klagenfurt/marl-uav-v0-7-compact-triangle-obstacle/runs/f23wgnom
2026-05-30T12:13:45.195008,512,1,11467.416487371725,0,0,0,MOVE_TRIANGLE_OBSTACLE,1.0,0.04441774636507034,0.041755665093660355,0.048202117284139,0.7488128542900085,0.7875539660453796,0.8558652400970459,0.06112049147486687,0.3454994559288025,0.5832294821739197,1,0.08022805536165833,0.06329875439405441,0.0710270032286644,0.3809766471385956,0.39947351813316345,0.013406708836555481,0.14809973537921906,0,0.7488128542900085,1,0,1.1251792907714844,-0.02037563920021057,1.0185819864273071,1.5503231287002563,0.9197278022766113,0.9054871201515198,-0.0365268811583519,-0.4401639699935913,0.4155639410018921,1.024778962135315,1.0126416683197021,1.0183252096176147,https://wandb.ai/ememchijioke-university-of-klagenfurt/marl-uav-v0-7-compact-triangle-obstacle/runs/f23wgnom
2026-05-30T12:13:52.237117,513,1,11527.010540662335,0,0,0,MOVE_TRIANGLE_OBSTACLE,1.0,0.047641124576330185,0.05344154313206673,0.06423481305440266,0.7540377974510193,0.8057786822319031,0.8828879594802856,0.07953906059265137,0.34499141573905945,0.5897934436798096,1,0.07899532676674426,0.07448659092187881,0.08229326456785202,0.3912607729434967,0.3962915539741516,0.03193037956953049,0.14372284710407257,0,0.7540377974510193,1,0,1.1293727159500122,-0.02090287208557129,1.018457293510437,1.5575175285339355,0.9198585152626038,0.9107420444488525,-0.046993739902973175,-0.4492681622505188,0.4335532784461975,1.0243723392486572,1.012572169303894,1.0184272527694702,https://wandb.ai/ememchijioke-university-of-klagenfurt/marl-uav-v0-7-compact-triangle-obstacle/runs/f23wgnom
2026-05-30T12:13:58.396341,514,1,11407.831452939134,0,0,0,MOVE_TRIANGLE_OBSTACLE,1.0,0.050646908581256866,0.05094525218009949,0.05726263920466105,0.7538669109344482,0.791264533996582,0.8766564726829529,0.07563626766204834,0.3454154431819916,0.5924580693244934,1,0.0794213991612196,0.07346577942371368,0.08993367850780487,0.3824428617954254,0.39205402135849,0.017186826094985008,0.09796231240034103,0,0.7538669109344482,1,0,1.1162408590316772,-0.03072340227663517,1.0185056924819946,1.5398154258728027,0.9021417498588562,0.906765341758728,-0.05496717989444733,-0.4569135904312134,0.41971054673194885,1.0240269899368286,1.0127722024917603,1.0187177658081055,https://wandb.ai/ememchijioke-university-of-klagenfurt/marl-uav-v0-7-compact-triangle-obstacle/runs/f23wgnom
2026-05-30T12:14:05.121256,515,1,11465.35103909604,0,0,0,MOVE_TRIANGLE_OBSTACLE,1.0,0.0501701682806015,0.048638228327035904,0.0568238894144694,0.7511831521987915,0.7959513664245605,0.8733371496200562,0.07177809625864029,0.34876805543899536,0.590569257736206,1,0.07773162564262748,0.07236023992300034,0.08449432253837585,0.3941187560558319,0.41728222370147705,0.006938657257705927,0.09999888390302658,0,0.7511831521987915,1,0,1.1218185424804688,-0.02651575207710266,1.0188716650009155,1.5472506284713745,0.9156804084777832,0.902524471282959,-0.0465785413980484,-0.453097403049469,0.4201286733150482,1.0251659154891968,1.0134332180023193,1.0180160999298096,https://wandb.ai/ememchijioke-university-of-klagenfurt/marl-uav-v0-7-compact-triangle-obstacle/runs/f23wgnom
2026-05-30T12:14:12.647884,516,1,11465.23054262181,0,0,0,MOVE_TRIANGLE_OBSTACLE,1.0,0.0475681908428669,0.04896101728081703,0.05991689364115397,0.7534326314926147,0.8070166707038879,0.8693013787269592,0.07293948531150818,0.3489780128002167,0.5918659567832947,1,0.07654021657072008,0.07056093215942383,0.0792660117149353,0.3783821165561676,0.38842156529426575,0.01857420615851879,0.09609711170196533,0,0.7534326314926147,1,0,1.1245574951171875,-0.02538112737238407,1.019035816192627,1.5560613870620728,0.9149417281150818,0.9026694893836975,-0.05138120800256729,-0.4469844400882721,0.4222222566604614,1.0252200365066528,1.0140657424926758,1.0178217887878418,https://wandb.ai/ememchijioke-university-of-klagenfurt/marl-uav-v0-7-compact-triangle-obstacle/runs/f23wgnom
2026-05-30T12:14:19.499301,517,1,11538.537598076044,0,0,0,MOVE_TRIANGLE_OBSTACLE,1.0,0.050043072551488876,0.05320337042212486,0.06206148862838745,0.7465047240257263,0.8006908297538757,0.8819983601570129,0.07838109135627747,0.3435461223125458,0.5901151895523071,1,0.07986187958158553,0.0757940486073494,0.08496652543544769,0.39953160285949707,0.41900768876075745,0.019931120797991753,0.11360371112823486,0,0.7465047240257263,1,0,1.1292837858200073,-0.025301754474639893,1.0191096067428589,1.5526272058486938,0.9249740242958069,0.9102500081062317,-0.049944277852773666,-0.4539157450199127,0.4279547333717346,1.025662899017334,1.0143581628799438,1.0173078775405884,https://wandb.ai/ememchijioke-university-of-klagenfurt/marl-uav-v0-7-compact-triangle-obstacle/runs/f23wgnom
2026-05-30T12:14:26.554898,518,1,11471.149575164536,0,0,0,MOVE_TRIANGLE_OBSTACLE,1.0,0.045934103429317474,0.05109667778015137,0.06318660577138265,0.7581086754798889,0.8062705993652344,0.8751805424690247,0.07611773908138275,0.34670913219451904,0.5906512141227722,1,0.07799871545284986,0.07118881493806839,0.0802503377199173,0.3832533359527588,0.3938707411289215,0.015583370812237263,0.12572765350341797,0,0.7581086754798889,1,0,1.1241569519042969,-0.021834006533026695,1.0186680555343628,1.5557851791381836,0.910158634185791,0.906527042388916,-0.04876207187771797,-0.4459540545940399,0.42921411991119385,1.0254062414169312,1.0138463973999023,1.0167511701583862,https://wandb.ai/ememchijioke-university-of-klagenfurt/marl-uav-v0-7-compact-triangle-obstacle/runs/f23wgnom
2026-05-30T12:14:33.576005,519,1,11471.659922006327,0,0,0,MOVE_TRIANGLE_OBSTACLE,1.0,0.0445985421538353,0.05172768235206604,0.05955831209818522,0.7456362247467041,0.8006608486175537,0.873650312423706,0.0767768919467926,0.34588539600372314,0.5868319869041443,1,0.07896746136248112,0.0708451196551323,0.07372525334358215,0.38529810309410095,0.406781405210495,0.016810014843940735,0.119532011449337,0,0.7456362247467041,1,0,1.1244233846664429,-0.01894962787628174,1.0190852880477905,1.5490056276321411,0.9147745966911316,0.9094897508621216,-0.0488760881125927,-0.4407975375652313,0.4328247308731079,1.024915337562561,1.0138753652572632,1.018465280532837,https://wandb.ai/ememchijioke-university-of-klagenfurt/marl-uav-v0-7-compact-triangle-obstacle/runs/f23wgnom
2026-05-30T12:14:40.859185,520,1,11541.028884516341,0,0,0,MOVE_TRIANGLE_OBSTACLE,1.0,0.04596034437417984,0.048137713223695755,0.05670207738876343,0.7488444447517395,0.7959209680557251,0.8730297088623047,0.07064105570316315,0.3457253575325012,0.5852639079093933,1,0.0796995391137898,0.06963030248880386,0.07647788524627686,0.40874144434928894,0.4314080476760864,0.024625182151794434,0.10642372816801071,0,0.7488444447517395,1,0,1.1305180788040161,-0.01851935125887394,1.0190914869308472,1.5552027225494385,0.9286249876022339,0.9077268242835999,-0.03615116700530052,-0.4460890591144562,0.42668217420578003,1.0250996351242065,1.0141798257827759,1.01799476146698,https://wandb.ai/ememchijioke-university-of-klagenfurt/marl-uav-v0-7-compact-triangle-obstacle/runs/f23wgnom
2026-05-30T12:14:47.767596,521,1,11468.813477638536,0,0,0,MOVE_TRIANGLE_OBSTACLE,1.0,0.04718085005879402,0.04510919749736786,0.052146573861440025,0.752842366695404,0.7871790528297424,0.8664183020591736,0.06629618257284164,0.34300342202186584,0.5865763425827026,1,0.08129275171086192,0.06756006181240082,0.08128100633621216,0.39585360884666443,0.4224380850791931,0.01295771449804306,0.16315093636512756,0,0.752842366695404,1,0,1.1246505975723267,-0.0247828159481287,1.0190333127975464,1.5488473176956177,0.9168428778648376,0.9082614779472351,-0.04094947129487991,-0.44988417625427246,0.4164851903915405,1.0250529050827026,1.0143576860427856,1.0176892280578613,https://wandb.ai/ememchijioke-university-of-klagenfurt/marl-uav-v0-7-compact-triangle-obstacle/runs/f23wgnom
2026-05-30T12:14:55.110335,522,1,11415.691205443187,0,0,0,MOVE_TRIANGLE_OBSTACLE,1.0,0.04488777741789818,0.049760375171899796,0.059360901514689125,0.7579149007797241,0.7926842570304871,0.8774835467338562,0.07398443669080734,0.3493174910545349,0.5882885456085205,1,0.07848840765655041,0.06983405351638794,0.08233939111232758,0.3963472843170166,0.3990653455257416,0.019210491329431534,0.15131811797618866,0,0.7579149007797241,1,0,1.116429090499878,-0.02045542001724243,1.0181987285614014,1.5422056913375854,0.9036242365837097,0.9034574627876282,-0.040874987840652466,-0.44898438453674316,0.42849311232566833,1.0236297845840454,1.0138615369796753,1.0171048641204834,https://wandb.ai/ememchijioke-university-of-klagenfurt/marl-uav-v0-7-compact-triangle-obstacle/runs/f23wgnom
2026-05-30T12:15:03.367633,523,1,11529.57715772499,0,0,0,MOVE_TRIANGLE_OBSTACLE,1.0,0.045690346509218216,0.04933926463127136,0.06329210599263509,0.7578638792037964,0.8060309290885925,0.8759815096855164,0.07356424629688263,0.3473246991634369,0.5893620252609253,1,0.07783779385499656,0.07013168185949326,0.07940211147069931,0.3793933093547821,0.3882726728916168,0.019017687067389488,0.08812949061393738,0,0.7578638792037964,1,0,1.1318117380142212,-0.019994476810097694,1.019448161125183,1.5634615421295166,0.9247250556945801,0.907248854637146,-0.04008398577570915,-0.4478438198566437,0.4279443621635437,1.0243674516677856,1.0141066312789917,1.0198701620101929,https://wandb.ai/ememchijioke-university-of-klagenfurt/marl-uav-v0-7-compact-triangle-obstacle/runs/f23wgnom
2026-05-30T12:15:10.153068,524,1,11523.715327520056,0,0,0,MOVE_TRIANGLE_OBSTACLE,1.0,0.04955851659178734,0.04950647056102753,0.06248511870702108,0.7578381299972534,0.8036382794380188,0.875978946685791,0.07383115589618683,0.34843671321868896,0.5898072123527527,1,0.07749504153616726,0.07281658053398132,0.0822361633181572,0.39645838737487793,0.417875736951828,0.011616848409175873,0.07659252732992172,0,0.7578381299972534,1,0,1.127419114112854,-0.02094983123242855,1.0192440748214722,1.558014988899231,0.9182546734809875,0.9059877991676331,-0.04217104613780975,-0.44827380776405334,0.4275953471660614,1.0239466428756714,1.0136562585830688,1.0201290845870972,https://wandb.ai/ememchijioke-university-of-klagenfurt/marl-uav-v0-7-compact-triangle-obstacle/runs/f23wgnom
2026-05-30T12:15:17.580204,525,1,11471.05870503246,0,0,0,MOVE_TRIANGLE_OBSTACLE,1.0,0.04773075133562088,0.0466090627014637,0.05459841092427572,0.7542057633399963,0.789257824420929,0.8703316450119019,0.06887450814247131,0.34617072343826294,0.58692866563797,1,0.0798357855528593,0.06934347748756409,0.08140238374471664,0.38417792320251465,0.3945678770542145,0.01870167814195156,0.15357287228107452,0,0.7542057633399963,1,0,1.1225229501724243,-0.022318372502923012,1.0193800926208496,1.54718816280365,0.9135719537734985,0.9068085551261902,-0.039770662784576416,-0.44873663783073425,0.4215521812438965,1.0243761539459229,1.0141963958740234,1.0195677280426025,https://wandb.ai/ememchijioke-university-of-klagenfurt/marl-uav-v0-7-compact-triangle-obstacle/runs/f23wgnom
2026-05-30T12:15:24.250651,526,1,11538.273888447538,0,0,0,MOVE_TRIANGLE_OBSTACLE,1.0,0.04622485861182213,0.04627258703112602,0.054508705933888756,0.7455066442489624,0.7920984625816345,0.8669342994689941,0.067536361515522,0.3435591459274292,0.5847488641738892,1,0.0806726198643446,0.0681612491607666,0.07544758170843124,0.392823189496994,0.4146615266799927,0.011461990885436535,0.12359585613012314,0,0.7455066442489624,1,0,1.1318434476852417,-0.021177807822823524,1.0195175409317017,1.5550273656845093,0.9303542971611023,0.9101485013961792,-0.038903605192899704,-0.4456520676612854,0.4210222363471985,1.0246291160583496,1.01370370388031,1.0202199220657349,https://wandb.ai/ememchijioke-university-of-klagenfurt/marl-uav-v0-7-compact-triangle-obstacle/runs/f23wgnom
2026-05-30T12:15:30.466960,527,1,11536.69387212436,0,0,0,MOVE_TRIANGLE_OBSTACLE,1.0,0.044762928038835526,0.048038989305496216,0.0577934185663859,0.7524901628494263,0.8051472902297974,0.8657428026199341,0.0717565044760704,0.3434564769268036,0.5863673686981201,1,0.07958319503813982,0.06798208504915237,0.07165151089429855,0.38666287064552307,0.4052524268627167,0.007844756357371807,0.1381402164697647,0,0.7524901628494263,1,0,1.1319146156311035,-0.018189191818237305,1.0192538499832153,1.5630030632019043,0.9204864501953125,0.9122542142868042,-0.045701418071985245,-0.43727368116378784,0.4284075200557709,1.0233185291290283,1.014099359512329,1.0203436613082886,https://wandb.ai/ememchijioke-university-of-klagenfurt/marl-uav-v0-7-compact-triangle-obstacle/runs/f23wgnom
2026-05-30T12:15:36.753830,528,1,11526.005063307819,0,0,0,MOVE_TRIANGLE_OBSTACLE,1.0,0.05213607847690582,0.04560039937496185,0.0517996350924174,0.7491472363471985,0.7911270260810852,0.8634191155433655,0.06744615733623505,0.3466368615627289,0.584257185459137,1,0.07948594214394689,0.07156138867139816,0.0761592909693718,0.3844791352748871,0.399931937456131,0.015632938593626022,0.10360605269670486,0,0.7491472363471985,1,0,1.123313069343567,-0.018202930688858032,1.0197457075119019,1.5481430292129517,0.914448618888855,0.9073473811149597,-0.0397086963057518,-0.4391341507434845,0.4242340624332428,1.0247693061828613,1.0141716003417969,1.020296335220337,https://wandb.ai/ememchijioke-university-of-klagenfurt/marl-uav-v0-7-compact-triangle-obstacle/runs/f23wgnom
2026-05-30T12:15:44.023684,529,1,11471.427566359063,0,0,0,MOVE_TRIANGLE_OBSTACLE,1.0,0.04992938041687012,0.047713786363601685,0.052996297677357994,0.749677836894989,0.7895721197128296,0.8690946102142334,0.07059754431247711,0.3457901179790497,0.587516188621521,1,0.07973760785534978,0.07127884775400162,0.08153148740530014,0.3882008492946625,0.42329201102256775,0.01352285873144865,0.08593098074197769,0,0.749677836894989,1,0,1.120784878730774,-0.024192383512854576,1.0192314386367798,1.543871283531189,0.9108058214187622,0.9076774716377258,-0.046253446489572525,-0.4476943612098694,0.42137065529823303,1.0234116315841675,1.0139167308807373,1.0203659534454346,https://wandb.ai/ememchijioke-university-of-klagenfurt/marl-uav-v0-7-compact-triangle-obstacle/runs/f23wgnom
2026-05-30T12:15:51.518596,530,1,11527.808473561863,0,0,0,MOVE_TRIANGLE_OBSTACLE,1.0,0.04756758362054825,0.047038733959198,0.06213907400767008,0.7658995985984802,0.7961553931236267,0.8743622303009033,0.06998495012521744,0.3452810049057007,0.5865699648857117,1,0.07997953938320279,0.06979444622993469,0.08209481835365295,0.39699098467826843,0.413815975189209,0.024180762469768524,0.10697991400957108,0,0.7658995985984802,1,0,1.1278607845306396,-0.017092019319534302,1.0189571380615234,1.559141755104065,0.914824903011322,0.909615695476532,-0.03258054703474045,-0.4465077519416809,0.42781224846839905,1.024049997329712,1.0129945278167725,1.019826889038086,https://wandb.ai/ememchijioke-university-of-klagenfurt/marl-uav-v0-7-compact-triangle-obstacle/runs/f23wgnom
2026-05-30T12:15:58.957003,531,1,11470.284020343002,0,0,0,MOVE_TRIANGLE_OBSTACLE,1.0,0.04133637621998787,0.052045661956071854,0.05968483289082845,0.7532961368560791,0.7961031794548035,0.8796551823616028,0.07738152146339417,0.3435998857021332,0.5849141478538513,1,0.08089100569486618,0.06940881162881851,0.07541447132825851,0.39677903056144714,0.40398576855659485,0.022639542818069458,0.15008272230625153,0,0.7532961368560791,1,0,1.1264399290084839,-0.015337239019572735,1.0186330080032349,1.551072597503662,0.914257824420929,0.9139893054962158,-0.04037724807858467,-0.44263312220573425,0.4369986653327942,1.0235556364059448,1.0129624605178833,1.0193811655044556,https://wandb.ai/ememchijioke-university-of-klagenfurt/marl-uav-v0-7-compact-triangle-obstacle/runs/f23wgnom
2026-05-30T12:16:06.423258,532,1,11471.065615274489,0,0,0,MOVE_TRIANGLE_OBSTACLE,1.0,0.04403968155384064,0.045409828424453735,0.057432711124420166,0.7630259394645691,0.7920687794685364,0.867203414440155,0.06756574660539627,0.34287089109420776,0.5859262347221375,1,0.08117597689852118,0.06573308259248734,0.0786401629447937,0.38776302337646484,0.4080357253551483,0.014584284275770187,0.14363999664783478,0,0.7630259394645691,1,0,1.1253759860992432,-0.019406726583838463,1.0190801620483398,1.5553584098815918,0.9098337292671204,0.9109358787536621,-0.037349335849285126,-0.44402727484703064,0.4231564402580261,1.0244535207748413,1.0135221481323242,1.019264578819275,https://wandb.ai/ememchijioke-university-of-klagenfurt/marl-uav-v0-7-compact-triangle-obstacle/runs/f23wgnom
2026-05-30T12:16:13.349850,533,1,11532.659091623469,0,0,0,MOVE_TRIANGLE_OBSTACLE,1.0,0.044710054993629456,0.04400511458516121,0.052461822827657066,0.7519900798797607,0.7904424071311951,0.8649529814720154,0.0642433762550354,0.34528401494026184,0.5825841426849365,1,0.08047280181199312,0.0658353716135025,0.07276958972215652,0.3934919834136963,0.3976173400878906,0.026858866214752197,0.08048861473798752,0,0.7519900798797607,1,0,1.130974292755127,-0.01644090749323368,1.0189149379730225,1.5566248893737793,0.9284495115280151,0.9078482985496521,-0.029214467853307724,-0.4423938989639282,0.42228564620018005,1.0252238512039185,1.0122778415679932,1.0192430019378662,https://wandb.ai/ememchijioke-university-of-klagenfurt/marl-uav-v0-7-compact-triangle-obstacle/runs/f23wgnom
2026-05-30T12:16:20.594081,534,1,11470.725531103739,0,0,0,MOVE_TRIANGLE_OBSTACLE,1.0,0.04744601622223854,0.044966429471969604,0.05324012041091919,0.7568408846855164,0.7842982411384583,0.868581235408783,0.06579266488552094,0.3477533757686615,0.5837580561637878,1,0.0802071294747293,0.06831609457731247,0.07900264859199524,0.38048359751701355,0.3985721468925476,0.00845352839678526,0.07495424151420593,0,0.7568408846855164,1,0,1.1198571920394897,-0.017587274312973022,1.0181760787963867,1.5440598726272583,0.911069929599762,0.9044415354728699,-0.030634189024567604,-0.4453314244747162,0.42320379614830017,1.0245578289031982,1.0119860172271729,1.0179845094680786,https://wandb.ai/ememchijioke-university-of-klagenfurt/marl-uav-v0-7-compact-triangle-obstacle/runs/f23wgnom
2026-05-30T12:16:27.189278,535,1,11472.53141199688,0,0,0,MOVE_TRIANGLE_OBSTACLE,1.0,0.046573150902986526,0.046947214752435684,0.05820546547571818,0.7600842118263245,0.790796160697937,0.8737360239028931,0.06924118846654892,0.34957730770111084,0.5856348276138306,1,0.07875185692682862,0.06924232095479965,0.07975510507822037,0.3950444161891937,0.4121781289577484,0.015970423817634583,0.13301366567611694,0,0.7600842118263245,1,0,1.1207185983657837,-0.01651320792734623,1.018797516822815,1.5476442575454712,0.9108209013938904,0.9036905765533447,-0.031248202547430992,-0.4459887146949768,0.4276973009109497,1.025584101676941,1.0123803615570068,1.0184284448623657,https://wandb.ai/ememchijioke-university-of-klagenfurt/marl-uav-v0-7-compact-triangle-obstacle/runs/f23wgnom
2026-05-30T12:16:34.245636,536,1,11479.661835377397,0,0,0,MOVE_TRIANGLE_OBSTACLE,1.0,0.046764541417360306,0.04173802211880684,0.05486893653869629,0.7632492780685425,0.7962513566017151,0.8551061749458313,0.06158746778964996,0.3492020070552826,0.5862417817115784,1,0.07771468628197908,0.0645860955119133,0.07423968613147736,0.37399592995643616,0.4161189794540405,0.013130396604537964,0.05554334446787834,0,0.7632492780685425,1,0,1.1214025020599365,-0.01867820881307125,1.0186623334884644,1.555848479270935,0.9064831733703613,0.9018757343292236,-0.036452844738960266,-0.4373244047164917,0.41774260997772217,1.0252562761306763,1.0119857788085938,1.0187450647354126,https://wandb.ai/ememchijioke-university-of-klagenfurt/marl-uav-v0-7-compact-triangle-obstacle/runs/f23wgnom
2026-05-30T12:16:41.828517,537,1,11528.418303213528,0,0,0,MOVE_TRIANGLE_OBSTACLE,1.0,0.04335116967558861,0.04409251734614372,0.05643409490585327,0.7584884762763977,0.7991276979446411,0.861686110496521,0.06523435562849045,0.3447195887565613,0.5836426615715027,1,0.07978434721007943,0.06421348452568054,0.06961186975240707,0.3838409185409546,0.39060771465301514,0.009663247503340244,0.12387729436159134,0,0.7584884762763977,1,0,1.1318812370300293,-0.014491151086986065,1.0190986394882202,1.5641828775405884,0.9222498536109924,0.9092109203338623,-0.03249608352780342,-0.43626806139945984,0.42529070377349854,1.0260646343231201,1.0121021270751953,1.0191289186477661,https://wandb.ai/ememchijioke-university-of-klagenfurt/marl-uav-v0-7-compact-triangle-obstacle/runs/f23wgnom
2026-05-30T12:16:48.246915,538,1,11467.425688391178,0,0,0,MOVE_TRIANGLE_OBSTACLE,1.0,0.04501106217503548,0.04507945850491524,0.05394885937372843,0.7565813660621643,0.7950750589370728,0.8601901531219482,0.06679634004831314,0.3444587290287018,0.5851207375526428,1,0.07997765904292464,0.06581512838602066,0.07282515615224838,0.37046870589256287,0.3759429454803467,0.011436223052442074,0.11391418427228928,0,0.7565813660621643,1,0,1.1235228776931763,-0.01841498352587223,1.018876075744629,1.553482174873352,0.9083184003829956,0.9087679982185364,-0.04184312745928764,-0.43678244948387146,0.42338061332702637,1.0260837078094482,1.01187002658844,1.0186742544174194,https://wandb.ai/ememchijioke-university-of-klagenfurt/marl-uav-v0-7-compact-triangle-obstacle/runs/f23wgnom
2026-05-30T12:16:55.345110,539,1,11472.587569036956,0,0,0,MOVE_TRIANGLE_OBSTACLE,1.0,0.04993533715605736,0.043865304440259933,0.05384151140848795,0.7606605291366577,0.7904813885688782,0.860382616519928,0.06494837254285812,0.34722647070884705,0.5859848856925964,1,0.07918627141043544,0.06848558783531189,0.07903361320495605,0.3937622010707855,0.40214380621910095,0.016210930421948433,0.11455848813056946,0,0.7606605291366577,1,0,1.1181734800338745,-0.019537905231118202,1.0190355777740479,1.5480068922042847,0.9017273187637329,0.9047862887382507,-0.03903888911008835,-0.4399644136428833,0.4203895926475525,1.026018500328064,1.0123862028121948,1.0187020301818848,https://wandb.ai/ememchijioke-university-of-klagenfurt/marl-uav-v0-7-compact-triangle-obstacle/runs/f23wgnom
2026-05-30T12:17:02.834281,540,1,11466.878535221273,0,0,0,MOVE_TRIANGLE_OBSTACLE,1.0,0.042824774980545044,0.04374731704592705,0.05081792672475179,0.7507134675979614,0.790922999382019,0.8608173131942749,0.06414293497800827,0.34966418147087097,0.5815126895904541,1,0.0785890119150281,0.06378539651632309,0.06868205219507217,0.371605783700943,0.3893038332462311,0.01454580295830965,0.13204601407051086,0,0.7507134675979614,1,0,1.1239629983901978,-0.012496878392994404,1.0194711685180664,1.5500749349594116,0.9178175330162048,0.9039967656135559,-0.0297229066491127,-0.4342207908630371,0.4264530539512634,1.0264699459075928,1.0122320652008057,1.0197116136550903,https://wandb.ai/ememchijioke-university-of-klagenfurt/marl-uav-v0-7-compact-triangle-obstacle/runs/f23wgnom
2026-05-30T12:17:10.416282,541,1,11530.857476776713,0,0,0,MOVE_TRIANGLE_OBSTACLE,1.0,0.04692807421088219,0.04708974063396454,0.058844963709513344,0.7599115967750549,0.7928773164749146,0.8737459778785706,0.06945527344942093,0.3449181020259857,0.5849067568778992,1,0.08046808559447527,0.06958683580160141,0.07913977652788162,0.3761611878871918,0.3841096758842468,0.017324818298220634,0.136659175157547,0,0.7599115967750549,1,0,1.1284531354904175,-0.016213953495025635,1.019374966621399,1.5561513900756836,0.9192183017730713,0.9099898934364319,-0.03128466382622719,-0.4455118477344513,0.4281546473503113,1.0263071060180664,1.0122464895248413,1.0195714235305786,https://wandb.ai/ememchijioke-university-of-klagenfurt/marl-uav-v0-7-compact-triangle-obstacle/runs/f23wgnom
2026-05-30T12:17:17.483806,542,1,11475.727975043139,0,0,0,MOVE_TRIANGLE_OBSTACLE,1.0,0.04472058266401291,0.05046775937080383,0.06109344959259033,0.7572763562202454,0.8008893728256226,0.8751146197319031,0.07490883767604828,0.34530097246170044,0.5890970230102539,1,0.07906880206428468,0.07002705335617065,0.07942907512187958,0.38762083649635315,0.40154170989990234,0.020472006872296333,0.10560429096221924,0,0.7572763562202454,1,0,1.1254535913467407,-0.02124638296663761,1.0188432931900024,1.5546659231185913,0.9120925068855286,0.9096024036407471,-0.0459771454334259,-0.4464171230792999,0.42865511775016785,1.025863528251648,1.0112104415893555,1.0194560289382935,https://wandb.ai/ememchijioke-university-of-klagenfurt/marl-uav-v0-7-compact-triangle-obstacle/runs/f23wgnom
2026-05-30T12:17:24.415840,543,1,11531.532090360777,0,0,0,MOVE_TRIANGLE_OBSTACLE,1.0,0.052645981311798096,0.04289819300174713,0.05458265542984009,0.7619119882583618,0.7915565967559814,0.860279381275177,0.063444584608078,0.34351521730422974,0.587348997592926,1,0.08044183626770973,0.06986653804779053,0.08295484632253647,0.3860611617565155,0.3936734199523926,0.008659753948450089,0.1061735674738884,0,0.7619119882583618,1,0,1.125109314918518,-0.02356756664812565,1.0194048881530762,1.5560230016708374,0.9109559059143066,0.9083488583564758,-0.040160175412893295,-0.44539502263069153,0.414852499961853,1.0261131525039673,1.0125831365585327,1.019518256187439,https://wandb.ai/ememchijioke-university-of-klagenfurt/marl-uav-v0-7-compact-triangle-obstacle/runs/f23wgnom
2026-05-30T12:17:30.494426,544,1,11469.977143066902,0,0,0,MOVE_TRIANGLE_OBSTACLE,1.0,0.04638370871543884,0.04279745742678642,0.04887197415033976,0.7516301870346069,0.7920569181442261,0.8529288172721863,0.06330760568380356,0.3459763526916504,0.5830428004264832,1,0.07955464348196983,0.06500318646430969,0.06874814629554749,0.3975052833557129,0.4047647714614868,0.017946574836969376,0.18806391954421997,0,0.7516301870346069,1,0,1.121286392211914,-0.016864925622940063,1.0191906690597534,1.5496636629104614,0.9078364968299866,0.9063588976860046,-0.04056411609053612,-0.43146881461143494,0.42143815755844116,1.0266261100769043,1.0125083923339844,1.0184372663497925,https://wandb.ai/ememchijioke-university-of-klagenfurt/marl-uav-v0-7-compact-triangle-obstacle/runs/f23wgnom
2026-05-30T12:17:37.886226,545,1,11465.952048933375,0,0,0,MOVE_TRIANGLE_OBSTACLE,1.0,0.04411764070391655,0.04456828162074089,0.05424898862838745,0.7567524909973145,0.7987968921661377,0.8571975827217102,0.06593075394630432,0.34809160232543945,0.5837054252624512,1,0.07817380083724856,0.06467869132757187,0.0684751346707344,0.3846663236618042,0.4051192104816437,0.02031383104622364,0.09790488332509995,0,0.7567524909973145,1,0,1.1228752136230469,-0.013041178695857525,1.0199511051177979,1.5550165176391602,0.9076632261276245,0.9059456586837769,-0.03766560181975365,-0.4293152987957001,0.427857369184494,1.0277048349380493,1.01292085647583,1.0192277431488037,https://wandb.ai/ememchijioke-university-of-klagenfurt/marl-uav-v0-7-compact-triangle-obstacle/runs/f23wgnom
2026-05-30T12:17:45.276219,546,1,11416.133954542276,0,0,0,MOVE_TRIANGLE_OBSTACLE,1.0,0.04677354544401169,0.041233185678720474,0.04655194282531738,0.7607271671295166,0.7703440189361572,0.8585846424102783,0.05886292830109596,0.34694692492485046,0.5809469819068909,1,0.08198386058211327,0.06465984135866165,0.07738911360502243,0.39320579171180725,0.4132808446884155,0.02253630943596363,0.0957963764667511,0,0.7607271671295166,1,0,1.1131316423416138,-0.016239523887634277,1.020329475402832,1.5355323553085327,0.8992303013801575,0.9046321511268616,-0.024675708264112473,-0.4412940740585327,0.41725119948387146,1.0289047956466675,1.0129467248916626,1.0191367864608765,https://wandb.ai/ememchijioke-university-of-klagenfurt/marl-uav-v0-7-compact-triangle-obstacle/runs/f23wgnom
2026-05-30T12:17:52.620922,547,1,11524.546793851909,0,0,0,MOVE_TRIANGLE_OBSTACLE,1.0,0.04766567423939705,0.05252443626523018,0.06011112531026205,0.7459604144096375,0.8024929761886597,0.8738008141517639,0.07772846519947052,0.3445253074169159,0.5856450796127319,1,0.07940739626064897,0.0733192041516304,0.07631989568471909,0.39777839183807373,0.413896381855011,0.0163098331540823,0.11278415471315384,0,0.7459604144096375,1,0,1.1278327703475952,-0.015709897503256798,1.02029287815094,1.5531152486801147,0.9170100092887878,0.9133730530738831,-0.04740314558148384,-0.4367431700229645,0.43701663613319397,1.0281051397323608,1.0125658512115479,1.0202080011367798,https://wandb.ai/ememchijioke-university-of-klagenfurt/marl-uav-v0-7-compact-triangle-obstacle/runs/f23wgnom
2026-05-30T12:17:59.922145,548,1,11529.131507326238,0,0,0,MOVE_TRIANGLE_OBSTACLE,1.0,0.04780960455536842,0.046075690537691116,0.0548518697420756,0.7543057799339294,0.7932510375976562,0.8669987916946411,0.06776448339223862,0.34408003091812134,0.584932804107666,1,0.08038083557039499,0.06901594251394272,0.07597305625677109,0.40374866127967834,0.4246847331523895,0.01217286754399538,0.10064070671796799,0,0.7543057799339294,1,0,1.1288188695907593,-0.017977217212319374,1.0206738710403442,1.5558427572250366,0.9201759696006775,0.910438060760498,-0.03641728311777115,-0.44221553206443787,0.42470115423202515,1.028544306755066,1.0132874250411987,1.0201901197433472,https://wandb.ai/ememchijioke-university-of-klagenfurt/marl-uav-v0-7-compact-triangle-obstacle/runs/f23wgnom
2026-05-30T12:18:07.068955,549,1,11416.590472855276,0,0,0,MOVE_TRIANGLE_OBSTACLE,1.0,0.04435187578201294,0.042584773153066635,0.05301171541213989,0.764624297618866,0.7862187623977661,0.8581920862197876,0.062468960881233215,0.34564951062202454,0.5858116149902344,1,0.08012787997722626,0.06337788701057434,0.07683966308832169,0.38692960143089294,0.40755224227905273,0.00844552367925644,0.1100333109498024,0,0.764624297618866,1,0,1.1180318593978882,-0.020122507587075233,1.0202072858810425,1.5482697486877441,0.8993895649909973,0.9064362049102783,-0.03673798590898514,-0.4408804178237915,0.4172508716583252,1.0287721157073975,1.012229323387146,1.019620656967163,https://wandb.ai/ememchijioke-university-of-klagenfurt/marl-uav-v0-7-compact-triangle-obstacle/runs/f23wgnom
2026-05-30T12:18:14.231824,550,1,11478.839022646378,0,0,0,MOVE_TRIANGLE_OBSTACLE,1.0,0.04276745393872261,0.039360035210847855,0.04939107100168864,0.7581482529640198,0.7901893854141235,0.8498355746269226,0.05771426483988762,0.34337756037712097,0.5840030312538147,1,0.08057793974876404,0.060110751539468765,0.06952965259552002,0.39227771759033203,0.41450393199920654,0.01573316939175129,0.16096557676792145,0,0.7581482529640198,1,0,1.1282132863998413,-0.020038863644003868,1.020423173904419,1.5594244003295898,0.9168103337287903,0.908405065536499,-0.03530510514974594,-0.4372859001159668,0.4124744236469269,1.0283855199813843,1.0126564502716064,1.0202276706695557,https://wandb.ai/ememchijioke-university-of-klagenfurt/marl-uav-v0-7-compact-triangle-obstacle/runs/f23wgnom
2026-05-30T12:18:21.506884,551,1,11468.258476029998,0,0,0,MOVE_TRIANGLE_OBSTACLE,1.0,0.0442393496632576,0.04366964474320412,0.050516108671824135,0.7457679510116577,0.7949355244636536,0.8523807525634766,0.06451046466827393,0.34321311116218567,0.5843360424041748,1,0.08014285820536315,0.063967265188694,0.06665392965078354,0.40388718247413635,0.41213929653167725,0.016968516632914543,0.10147949308156967,0,0.7457679510116577,1,0,1.1263231039047241,-0.020616084337234497,1.0199490785598755,1.5535573959350586,0.9157373905181885,0.9096747040748596,-0.04725942760705948,-0.43346118927001953,0.4188723564147949,1.0272607803344727,1.0129899978637695,1.0195966958999634,https://wandb.ai/ememchijioke-university-of-klagenfurt/marl-uav-v0-7-compact-triangle-obstacle/runs/f23wgnom
2026-05-30T12:18:28.555104,552,1,11471.378476043483,0,0,0,MOVE_TRIANGLE_OBSTACLE,1.0,0.045685093849897385,0.04524241015315056,0.052860101064046226,0.7500292062759399,0.7968423366546631,0.8617087602615356,0.06672666221857071,0.3484008312225342,0.5869147777557373,1,0.07777484552934766,0.06662202626466751,0.07271815091371536,0.38382282853126526,0.3965102732181549,0.015113577246665955,0.14230956137180328,0,0.7500292062759399,1,0,1.1248364448547363,-0.020944098010659218,1.0202977657318115,1.552733063697815,0.9176160097122192,0.9041603207588196,-0.04233401268720627,-0.4410381317138672,0.42053985595703125,1.0276292562484741,1.0133047103881836,1.0199592113494873,https://wandb.ai/ememchijioke-university-of-klagenfurt/marl-uav-v0-7-compact-triangle-obstacle/runs/f23wgnom
2026-05-30T12:18:35.769875,553,1,11533.288596736997,0,0,0,MOVE_TRIANGLE_OBSTACLE,1.0,0.04580347239971161,0.04480966553092003,0.05291499694188436,0.7492178678512573,0.79960036277771,0.8583624958992004,0.06621924787759781,0.3458557724952698,0.5834825038909912,1,0.07896770676597953,0.06618249416351318,0.07041691243648529,0.38977909088134766,0.3958914279937744,0.009203472174704075,0.07103776931762695,0,0.7492178678512573,1,0,1.129782795906067,-0.015172581188380718,1.0201789140701294,1.5591351985931396,0.9218947291374207,0.9083182215690613,-0.03874475508928299,-0.43250173330307007,0.4257287383079529,1.0276128053665161,1.0132091045379639,1.0197147130966187,https://wandb.ai/ememchijioke-university-of-klagenfurt/marl-uav-v0-7-compact-triangle-obstacle/runs/f23wgnom
2026-05-30T12:18:42.880017,554,1,11471.119203677385,0,0,0,MOVE_TRIANGLE_OBSTACLE,1.0,0.047187428921461105,0.045994777232408524,0.053304155667622886,0.7448486685752869,0.7953160405158997,0.8594450950622559,0.06774087995290756,0.34865447878837585,0.5848527550697327,1,0.07793660275638103,0.06794252246618271,0.06923605501651764,0.3847149908542633,0.39391419291496277,0.009228668175637722,0.11264290660619736,0,0.7448486685752869,1,0,1.121362566947937,-0.018183192238211632,1.020079255104065,1.5468525886535645,0.9128304123878479,0.9044047594070435,-0.044213730841875076,-0.4348595440387726,0.4245237112045288,1.0277843475341797,1.0132509469985962,1.0192028284072876,https://wandb.ai/ememchijioke-university-of-klagenfurt/marl-uav-v0-7-compact-triangle-obstacle/runs/f23wgnom
2026-05-30T12:18:49.746118,555,1,11465.481162743461,0,0,0,MOVE_TRIANGLE_OBSTACLE,1.0,0.04559085890650749,0.045716334134340286,0.05390516916910807,0.743255078792572,0.7944917678833008,0.8604788184165955,0.06680860370397568,0.3489489257335663,0.5853912234306335,1,0.07771474868059158,0.06678507477045059,0.06938700377941132,0.39695993065834045,0.42153847217559814,0.008919201791286469,0.12775270640850067,0,0.743255078792572,1,0,1.1245931386947632,-0.01978357695043087,1.0208204984664917,1.5490715503692627,0.9201149940490723,0.904592752456665,-0.04272424057126045,-0.4384624660015106,0.4218359887599945,1.02821946144104,1.0129542350769043,1.0212876796722412,https://wandb.ai/ememchijioke-university-of-klagenfurt/marl-uav-v0-7-compact-triangle-obstacle/runs/f23wgnom
2026-05-30T12:18:56.100084,556,1,11473.986395725347,0,0,0,MOVE_TRIANGLE_OBSTACLE,1.0,0.047650109976530075,0.04367814585566521,0.051880995432535805,0.7528834342956543,0.7976394891738892,0.855120062828064,0.0646195188164711,0.34944072365760803,0.5864101648330688,1,0.07714336644858122,0.06657194346189499,0.07076717168092728,0.3953237533569336,0.4254440665245056,0.016474219039082527,0.14762449264526367,0,0.7528834342956543,1,0,1.1216810941696167,-0.019078264012932777,1.0209336280822754,1.5523401498794556,0.9094581007957458,0.903245210647583,-0.043061211705207825,-0.43462222814559937,0.4204486310482025,1.0284825563430786,1.0137826204299927,1.0205355882644653,https://wandb.ai/ememchijioke-university-of-klagenfurt/marl-uav-v0-7-compact-triangle-obstacle/runs/f23wgnom
2026-05-30T12:19:03.430272,557,1,11467.931154646329,0,0,0,MOVE_TRIANGLE_OBSTACLE,1.0,0.047304026782512665,0.04720878601074219,0.05465282996495565,0.7501128315925598,0.8047472834587097,0.8590983748435974,0.07011109590530396,0.34931865334510803,0.5882323384284973,1,0.07646996504627168,0.06882934272289276,0.07033688575029373,0.39051100611686707,0.39840003848075867,0.01649903692305088,0.08504295349121094,0,0.7501128315925598,1,0,1.1225224733352661,-0.019692659378051758,1.0211023092269897,1.5537223815917969,0.9088650345802307,0.9049802422523499,-0.05076261982321739,-0.43368762731552124,0.42537227272987366,1.0280705690383911,1.0140466690063477,1.021189570426941,https://wandb.ai/ememchijioke-university-of-klagenfurt/marl-uav-v0-7-compact-triangle-obstacle/runs/f23wgnom
2026-05-30T12:19:10.714517,558,1,11472.58865755522,0,0,0,MOVE_TRIANGLE_OBSTACLE,1.0,0.04328089579939842,0.04595355689525604,0.05182880163192749,0.7454798221588135,0.7935086488723755,0.8574575781822205,0.06774841248989105,0.3433242440223694,0.582359790802002,1,0.08058664062991738,0.06513568013906479,0.06547994166612625,0.3737393319606781,0.38133350014686584,0.011369195766746998,0.10086377710103989,0,0.7454798221588135,1,0,1.1250728368759155,-0.015909969806671143,1.0200051069259644,1.550370693206787,0.9131999611854553,0.9116479158401489,-0.04394660145044327,-0.4306030571460724,0.42681974172592163,1.028032898902893,1.012208104133606,1.019774317741394,https://wandb.ai/ememchijioke-university-of-klagenfurt/marl-uav-v0-7-compact-triangle-obstacle/runs/f23wgnom
2026-05-30T12:19:18.102497,559,1,11526.6947897337,0,0,0,MOVE_TRIANGLE_OBSTACLE,1.0,0.048000846058130264,0.049933355301618576,0.0571554700533549,0.7458640336990356,0.7950242161750793,0.872306227684021,0.07316697388887405,0.34601491689682007,0.5838999152183533,1,0.07953969808295369,0.07180329412221909,0.07490795850753784,0.36858561635017395,0.3897846043109894,0.023709222674369812,0.13285046815872192,0,0.7458640336990356,1,0,1.1274409294128418,-0.014823774807155132,1.0209592580795288,1.5504041910171509,0.9210425019264221,0.9108760952949524,-0.038909170776605606,-0.4388885498046875,0.43332639336586,1.028653621673584,1.0133718252182007,1.020851969718933,https://wandb.ai/ememchijioke-university-of-klagenfurt/marl-uav-v0-7-compact-triangle-obstacle/runs/f23wgnom
2026-05-30T12:19:24.648092,560,1,11474.750838959531,0,0,0,MOVE_TRIANGLE_OBSTACLE,1.0,0.04546962305903435,0.051093339920043945,0.05850048859914144,0.7448883652687073,0.803833544254303,0.8665562868118286,0.07582637667655945,0.346596896648407,0.5868162512779236,1,0.07799875503405929,0.07062070816755295,0.07171694934368134,0.39697661995887756,0.4144154191017151,0.015273086726665497,0.09852204471826553,0,0.7448883652687073,1,0,1.1238261461257935,-0.017371028661727905,1.0213819742202759,1.550634503364563,0.9105086326599121,0.9103355407714844,-0.05246417224407196,-0.4330885410308838,0.4334396421909332,1.029003381729126,1.0140821933746338,1.021060585975647,https://wandb.ai/ememchijioke-university-of-klagenfurt/marl-uav-v0-7-compact-triangle-obstacle/runs/f23wgnom
2026-05-30T12:19:31.695499,561,1,11478.547583428575,0,0,0,MOVE_TRIANGLE_OBSTACLE,1.0,0.04476413130760193,0.0482783205807209,0.060323099295298256,0.7584163546562195,0.8082981705665588,0.8642547726631165,0.07142497599124908,0.3499637842178345,0.5885627865791321,1,0.0761952237226069,0.06793258339166641,0.07134934514760971,0.3789334297180176,0.39332151412963867,0.01430013868957758,0.15146498382091522,0,0.7584163546562195,1,0,1.1238900423049927,-0.016854792833328247,1.020391583442688,1.5588037967681885,0.9082551002502441,0.9046111702919006,-0.045228298753499985,-0.43477705121040344,0.429440975189209,1.0282154083251953,1.012932538986206,1.0200270414352417,https://wandb.ai/ememchijioke-university-of-klagenfurt/marl-uav-v0-7-compact-triangle-obstacle/runs/f23wgnom
2026-05-30T12:19:38.851522,562,1,11522.897948749469,0,0,0,MOVE_TRIANGLE_OBSTACLE,1.0,0.04338149353861809,0.05148577690124512,0.06347898642222087,0.7429381608963013,0.8156758546829224,0.8676992654800415,0.07635562121868134,0.34971344470977783,0.5867189764976501,1,0.07584707532078028,0.06930500268936157,0.07939612865447998,0.37581416964530945,0.3941670060157776,0.01670352928340435,0.1417035609483719,0,0.7429381608963013,1,0,1.132189154624939,-0.014202187769114971,1.0199456214904785,1.563062310218811,0.9265584945678711,0.9069465398788452,-0.04808814451098442,-0.4309815466403961,0.4364631175994873,1.027144432067871,1.012565016746521,1.0201271772384644,https://wandb.ai/ememchijioke-university-of-klagenfurt/marl-uav-v0-7-compact-triangle-obstacle/runs/f23wgnom
2026-05-30T12:19:46.270504,563,1,11525.031626626625,0,0,0,MOVE_TRIANGLE_OBSTACLE,1.0,0.04730890691280365,0.0523228757083416,0.06116551160812378,0.7447367310523987,0.8060483932495117,0.8721848726272583,0.07754210382699966,0.34532269835472107,0.5866891741752625,1,0.07860941952094436,0.07288024574518204,0.0759132131934166,0.3929036557674408,0.42112863063812256,0.014732099138200283,0.15045298635959625,0,0.7447367310523987,1,0,1.128827452659607,-0.01691928505897522,1.0204297304153442,1.5554072856903076,0.9191046953201294,0.9119704365730286,-0.04983047768473625,-0.4365275502204895,0.4356001615524292,1.027927041053772,1.0131878852844238,1.0201743841171265,https://wandb.ai/ememchijioke-university-of-klagenfurt/marl-uav-v0-7-compact-triangle-obstacle/runs/f23wgnom
2026-05-30T12:19:53.401065,564,1,11539.530865020128,0,0,0,MOVE_TRIANGLE_OBSTACLE,1.0,0.04473189264535904,0.05043026804924011,0.057763238747914634,0.7499846816062927,0.7980237603187561,0.8752506375312805,0.07433222234249115,0.3444761633872986,0.5842232704162598,1,0.08006895752623677,0.0701596736907959,0.0751819908618927,0.3867756426334381,0.40882232785224915,0.01953357644379139,0.13960237801074982,0,0.7499846816062927,1,0,1.1309316158294678,-0.013938416726887226,1.0207988023757935,1.5561310052871704,0.9234588742256165,0.9132048487663269,-0.03734128922224045,-0.4398176074028015,0.4353436529636383,1.028207778930664,1.013516902923584,1.0206716060638428,https://wandb.ai/ememchijioke-university-of-klagenfurt/marl-uav-v0-7-compact-triangle-obstacle/runs/f23wgnom
2026-05-30T12:20:00.635703,565,1,11479.149324188305,0,0,0,MOVE_TRIANGLE_OBSTACLE,1.0,0.043188776820898056,0.0473317988216877,0.05937206745147705,0.7608628273010254,0.7945575714111328,0.872695803642273,0.07002733647823334,0.3485925495624542,0.5847721695899963,1,0.07874290365725756,0.06699827313423157,0.07442678511142731,0.3895966112613678,0.4195210039615631,0.02093820832669735,0.12491480261087418,0,0.7608628273010254,1,0,1.12441885471344,-0.012925605289638042,1.0207890272140503,1.5533335208892822,0.9127548933029175,0.9071682095527649,-0.030250702053308487,-0.4405905306339264,0.432064414024353,1.0279271602630615,1.0140529870986938,1.0203869342803955,https://wandb.ai/ememchijioke-university-of-klagenfurt/marl-uav-v0-7-compact-triangle-obstacle/runs/f23wgnom
2026-05-30T12:20:08.032072,566,1,11526.135254800536,0,0,0,MOVE_TRIANGLE_OBSTACLE,1.0,0.04660274088382721,0.05292854830622673,0.06041520833969116,0.7480573654174805,0.8053262233734131,0.8739767670631409,0.07860492914915085,0.3440578579902649,0.5858066082000732,1,0.07940720254555345,0.07290127128362656,0.07747369259595871,0.4012525975704193,0.4124694764614105,0.01597573049366474,0.16897208988666534,0,0.7480573654174805,1,0,1.1289442777633667,-0.014414121396839619,1.0209449529647827,1.556075096130371,0.9161365628242493,0.9146209955215454,-0.04765879735350609,-0.4347682595252991,0.43918469548225403,1.0286270380020142,1.0139704942703247,1.0202372074127197,https://wandb.ai/ememchijioke-university-of-klagenfurt/marl-uav-v0-7-compact-triangle-obstacle/runs/f23wgnom
2026-05-30T12:20:14.912388,567,1,11592.370403102012,0,0,0,MOVE_TRIANGLE_OBSTACLE,1.0,0.04653315991163254,0.05044185742735863,0.060804009437561035,0.7484539747238159,0.8092414140701294,0.8716245889663696,0.07468099892139435,0.3446783125400543,0.5860720276832581,1,0.07873423071578145,0.07098086923360825,0.07905785739421844,0.38194823265075684,0.40536147356033325,0.010602680034935474,0.09920971840620041,0,0.7484539747238159,1,0,1.1372709274291992,-0.015078882686793804,1.0209287405014038,1.567185640335083,0.9319924116134644,0.9126349687576294,-0.04181273654103279,-0.4374016523361206,0.43397775292396545,1.0284490585327148,1.0135385990142822,1.020798683166504,https://wandb.ai/ememchijioke-university-of-klagenfurt/marl-uav-v0-7-compact-triangle-obstacle/runs/f23wgnom
2026-05-30T12:20:22.199042,568,1,11467.28955358273,0,0,0,MOVE_TRIANGLE_OBSTACLE,1.0,0.042526666074991226,0.04978905990719795,0.05675276120503744,0.7448440194129944,0.7960780262947083,0.8690242767333984,0.07332214713096619,0.34557291865348816,0.5835960507392883,1,0.07956086285412312,0.06788136810064316,0.07091005146503448,0.38706716895103455,0.4009788930416107,0.0093529736623168,0.08474334329366684,0,0.7448440194129944,1,0,1.1259846687316895,-0.014346152544021606,1.0211107730865479,1.549520492553711,0.9169721007347107,0.9114612340927124,-0.0420035757124424,-0.4350077509880066,0.43397286534309387,1.0288158655166626,1.013886570930481,1.0206298828125,https://wandb.ai/ememchijioke-university-of-klagenfurt/marl-uav-v0-7-compact-triangle-obstacle/runs/f23wgnom
2026-05-30T12:20:28.322550,569,1,11526.873652263976,0,0,0,MOVE_TRIANGLE_OBSTACLE,1.0,0.04690198972821236,0.05098988488316536,0.06153571605682373,0.754566490650177,0.8043047785758972,0.875735878944397,0.07575094699859619,0.3471842408180237,0.5869874954223633,1,0.07814575196243823,0.07187556475400925,0.07710830867290497,0.38580548763275146,0.4030669629573822,0.01487985160201788,0.09143301844596863,0,0.754566490650177,1,0,1.1287790536880493,-0.015053142793476582,1.0208544731140137,1.5581575632095337,0.9180856347084045,0.9100939631462097,-0.04070188105106354,-0.4400655925273895,0.43560805916786194,1.027735710144043,1.0140570402145386,1.0207706689834595,https://wandb.ai/ememchijioke-university-of-klagenfurt/marl-uav-v0-7-compact-triangle-obstacle/runs/f23wgnom
2026-05-30T12:20:35.336799,570,1,11519.732528759048,0,0,0,MOVE_TRIANGLE_OBSTACLE,1.0,0.047105737030506134,0.050368499010801315,0.06131631135940552,0.7326940894126892,0.8025051951408386,0.8641378283500671,0.07351873070001602,0.3471851050853729,0.5838889479637146,1,0.07795941340737045,0.0707886591553688,0.07529831677675247,0.37782955169677734,0.38937559723854065,0.020577184855937958,0.07524993270635605,0,0.7326940894126892,1,0,1.1290547847747803,-0.01572931744158268,1.0213260650634766,1.5513232946395874,0.9267687201499939,0.9090723395347595,-0.04848384112119675,-0.4313199520111084,0.43261584639549255,1.0289578437805176,1.0145115852355957,1.0205086469650269,https://wandb.ai/ememchijioke-university-of-klagenfurt/marl-uav-v0-7-compact-triangle-obstacle/runs/f23wgnom
2026-05-30T12:20:42.545793,571,1,11476.88278440362,0,0,0,MOVE_TRIANGLE_OBSTACLE,1.0,0.04422145336866379,0.04887114092707634,0.056727866331736244,0.751284658908844,0.7987997531890869,0.8700991868972778,0.07242939621210098,0.3498682677745819,0.585330069065094,1,0.07744790241122246,0.0684288814663887,0.07311177253723145,0.3780005872249603,0.38408327102661133,0.013294569216668606,0.1008266732096672,0,0.751284658908844,1,0,1.1238144636154175,-0.013959298841655254,1.0212434530258179,1.5509542226791382,0.9138283133506775,0.9066609740257263,-0.03871257230639458,-0.4366030991077423,0.4334377646446228,1.0278874635696411,1.0143839120864868,1.0214588642120361,https://wandb.ai/ememchijioke-university-of-klagenfurt/marl-uav-v0-7-compact-triangle-obstacle/runs/f23wgnom
2026-05-30T12:20:49.796768,572,1,11470.771923718357,0,0,0,MOVE_TRIANGLE_OBSTACLE,1.0,0.047863684594631195,0.04651831462979317,0.05392418305079142,0.7365327477455139,0.7888194918632507,0.8594858050346375,0.06718169152736664,0.34979644417762756,0.5818648338317871,1,0.07829951727762818,0.06860946863889694,0.07084160298109055,0.38846254348754883,0.4155782461166382,0.014962333254516125,0.05202662944793701,0,0.7365327477455139,1,0,1.1197961568832397,-0.01532988715916872,1.0209661722183228,1.5393929481506348,0.9161908626556396,0.9038046598434448,-0.04026362672448158,-0.43255406618118286,0.4268280267715454,1.028918981552124,1.0145000219345093,1.019479513168335,https://wandb.ai/ememchijioke-university-of-klagenfurt/marl-uav-v0-7-compact-triangle-obstacle/runs/f23wgnom
2026-05-30T12:20:57.125997,573,1,11467.056971882694,0,0,0,MOVE_TRIANGLE_OBSTACLE,1.0,0.04639275372028351,0.04816342517733574,0.05654257535934448,0.7554989457130432,0.7966963052749634,0.8674324750900269,0.07131385058164597,0.3452497720718384,0.5867170691490173,1,0.07941964780911803,0.06917760521173477,0.07564371079206467,0.39308834075927734,0.3977736532688141,0.015658607706427574,0.1012229397892952,0,0.7554989457130432,1,0,1.1229759454727173,-0.018318096175789833,1.0211176872253418,1.5514401197433472,0.9082285761833191,0.9092593789100647,-0.043444398790597916,-0.43946516513824463,0.4279552698135376,1.029634952545166,1.0146315097808838,1.019086480140686,https://wandb.ai/ememchijioke-university-of-klagenfurt/marl-uav-v0-7-compact-triangle-obstacle/runs/f23wgnom
2026-05-30T12:21:03.119316,574,1,11472.08537842457,0,0,0,MOVE_TRIANGLE_OBSTACLE,1.0,0.04479117691516876,0.04744389280676842,0.05481497446695963,0.7508631348609924,0.8024094700813293,0.8611723184585571,0.07036714255809784,0.3464916944503784,0.5860881209373474,1,0.07826081966049969,0.06735680252313614,0.06870918720960617,0.391666978597641,0.420124351978302,0.015581771731376648,0.08984436839818954,0,0.7508631348609924,1,0,1.1243523359298706,-0.016718080267310143,1.0213541984558105,1.5544993877410889,0.910875141620636,0.907682478427887,-0.04614568129181862,-0.43258464336395264,0.4285760819911957,1.0299357175827026,1.0155067443847656,1.0186201333999634,https://wandb.ai/ememchijioke-university-of-klagenfurt/marl-uav-v0-7-compact-triangle-obstacle/runs/f23wgnom
2026-05-30T12:21:09.500657,575,1,11465.512554197381,0,0,0,MOVE_TRIANGLE_OBSTACLE,1.0,0.04667317494750023,0.046918440610170364,0.05834120512008667,0.7606997489929199,0.7960665225982666,0.8682573437690735,0.06938404589891434,0.34452784061431885,0.5885946154594421,1,0.07966992468573153,0.06845375150442123,0.08025237172842026,0.38205674290657043,0.4108133018016815,0.01839550770819187,0.10621733218431473,0,0.7606997489929199,1,0,1.1244778633117676,-0.021814435720443726,1.0209927558898926,1.5547899007797241,0.9100601673126221,0.9085835814476013,-0.042259134352207184,-0.44571536779403687,0.4225311875343323,1.0293158292770386,1.0147984027862549,1.0188641548156738,https://wandb.ai/ememchijioke-university-of-klagenfurt/marl-uav-v0-7-compact-triangle-obstacle/runs/f23wgnom
2026-05-30T12:21:16.802815,576,1,11465.860499519942,0,0,0,MOVE_TRIANGLE_OBSTACLE,1.0,0.048840489238500595,0.04978254437446594,0.06119320789972941,0.7583494782447815,0.802314281463623,0.8729158639907837,0.07367395609617233,0.34881141781806946,0.5909302234649658,1,0.07712111924774945,0.072113536298275,0.08141188323497772,0.395309716463089,0.4017414152622223,0.017195798456668854,0.1259530931711197,0,0.7583494782447815,1,0,1.121870517730713,-0.022007664665579796,1.0211471319198608,1.5525786876678467,0.9084811210632324,0.9045517444610596,-0.04631517827510834,-0.44630202651023865,0.42659419775009155,1.0300819873809814,1.0145014524459839,1.0188580751419067,https://wandb.ai/ememchijioke-university-of-klagenfurt/marl-uav-v0-7-compact-triangle-obstacle/runs/f23wgnom
2026-05-30T12:21:23.962970,577,1,11471.241403482338,0,0,0,MOVE_TRIANGLE_OBSTACLE,1.0,0.04848979413509369,0.04964267089962959,0.05773031711578369,0.738899827003479,0.7995925545692444,0.8624982237815857,0.07305314391851425,0.3459970951080322,0.587274968624115,1,0.07836414594203234,0.07122409343719482,0.07708898186683655,0.3941586911678314,0.4152366518974304,0.012842231430113316,0.10382038354873657,0,0.738899827003479,1,0,1.1221637725830078,-0.022169560194015503,1.0206928253173828,1.5458827018737793,0.912903368473053,0.9077052474021912,-0.055762093514204025,-0.43660587072372437,0.425859272480011,1.0297820568084717,1.0134083032608032,1.0188878774642944,https://wandb.ai/ememchijioke-university-of-klagenfurt/marl-uav-v0-7-compact-triangle-obstacle/runs/f23wgnom
2026-05-30T12:21:31.043914,578,1,11530.485235784665,0,0,0,MOVE_TRIANGLE_OBSTACLE,1.0,0.047979824244976044,0.05126197636127472,0.059560298919677734,0.7398799657821655,0.7943751215934753,0.8741857409477234,0.07413817942142487,0.3429322838783264,0.5856513381004333,1,0.08068240294232965,0.0727028176188469,0.07612984627485275,0.3975357711315155,0.40624698996543884,0.019563771784305573,0.20673768222332,0,0.7398799657821655,1,0,1.1302262544631958,-0.020544836297631264,1.0212863683700562,1.5501211881637573,0.9284824132919312,0.9120752215385437,-0.04459090903401375,-0.44553282856941223,0.42848923802375793,1.0300933122634888,1.0148242712020874,1.0189416408538818,https://wandb.ai/ememchijioke-university-of-klagenfurt/marl-uav-v0-7-compact-triangle-obstacle/runs/f23wgnom
2026-05-30T12:21:38.238256,579,1,11470.812858788879,0,0,0,MOVE_TRIANGLE_OBSTACLE,1.0,0.052158672362565994,0.046592775732278824,0.05242949724197388,0.7466996312141418,0.7911986112594604,0.862789511680603,0.06851537525653839,0.347104012966156,0.5881518721580505,1,0.0785694713704288,0.0717143788933754,0.07894320785999298,0.3867098391056061,0.4044466018676758,0.010422044433653355,0.11355975270271301,0,0.7466996312141418,1,0,1.119367003440857,-0.024720987305045128,1.0214093923568726,1.5432193279266357,0.9097480177879333,0.9051337838172913,-0.048936694860458374,-0.4439955949783325,0.41876932978630066,1.029374361038208,1.0151307582855225,1.0197229385375977,https://wandb.ai/ememchijioke-university-of-klagenfurt/marl-uav-v0-7-compact-triangle-obstacle/runs/f23wgnom
2026-05-30T12:21:45.318820,580,1,11533.154816080732,0,0,0,MOVE_TRIANGLE_OBSTACLE,1.0,0.048400748521089554,0.047215353697538376,0.055787086486816406,0.7465640902519226,0.8000243902206421,0.8639009594917297,0.06952080130577087,0.34641191363334656,0.5858662128448486,1,0.07847599149681628,0.06986472755670547,0.07143264263868332,0.39438512921333313,0.40738630294799805,0.011757212691009045,0.11360170692205429,0,0.7465640902519226,1,0,1.128594994544983,-0.01833304762840271,1.0213018655776978,1.5557730197906494,0.9222979545593262,0.9077139496803284,-0.04307808727025986,-0.43784162402153015,0.4259205758571625,1.029658555984497,1.0145235061645508,1.019723653793335,https://wandb.ai/ememchijioke-university-of-klagenfurt/marl-uav-v0-7-compact-triangle-obstacle/runs/f23wgnom
2026-05-30T12:21:52.612877,581,1,11586.57567658721,0,0,0,MOVE_TRIANGLE_OBSTACLE,1.0,0.05201100558042526,0.05248567461967468,0.06479450066884358,0.7532061338424683,0.8171935677528381,0.8739838004112244,0.0779678001999855,0.3461180031299591,0.5919625163078308,1,0.07713268394581974,0.0762210562825203,0.0789562538266182,0.39720380306243896,0.42500194907188416,0.01761925034224987,0.07480240613222122,0,0.7532061338424683,1,0,1.1335331201553345,-0.021799445152282715,1.0206514596939087,1.5677913427352905,0.923983633518219,0.9088241457939148,-0.05264238640666008,-0.4432976245880127,0.43054166436195374,1.0289363861083984,1.0141175985336304,1.0189002752304077,https://wandb.ai/ememchijioke-university-of-klagenfurt/marl-uav-v0-7-compact-triangle-obstacle/runs/f23wgnom
2026-05-30T12:22:00.021769,582,1,11536.539000732671,0,0,0,MOVE_TRIANGLE_OBSTACLE,1.0,0.05224653333425522,0.05065073445439339,0.05964138110478719,0.7459478378295898,0.8098206520080566,0.8650513291358948,0.07515878975391388,0.3439391255378723,0.591542661190033,1,0.0783123082946986,0.07466702908277512,0.07899008691310883,0.3804698884487152,0.4051833748817444,0.0105595663189888,0.1622176468372345,0,0.7459478378295898,1,0,1.1279573440551758,-0.02644851803779602,1.020658016204834,1.5579999685287476,0.9161645770072937,0.9097076058387756,-0.061583809554576874,-0.4413861334323883,0.4236243665218353,1.0291008949279785,1.0137465000152588,1.0191267728805542,https://wandb.ai/ememchijioke-university-of-klagenfurt/marl-uav-v0-7-compact-triangle-obstacle/runs/f23wgnom
2026-05-30T12:22:07.382848,583,1,11527.244509529213,0,0,0,MOVE_TRIANGLE_OBSTACLE,1.0,0.04885726794600487,0.05686991289258003,0.06644322474797566,0.7463856935501099,0.813715934753418,0.8819994330406189,0.08446157723665237,0.3459968864917755,0.5908784866333008,1,0.07761860149912536,0.07757631689310074,0.07903187721967697,0.3767651617527008,0.4257400631904602,0.020595841109752655,0.10188457369804382,0,0.7463856935501099,1,0,1.1283607482910156,-0.019809266552329063,1.0205754041671753,1.5562245845794678,0.9173963665962219,0.9114614725112915,-0.056677673012018204,-0.44235822558403015,0.439608097076416,1.0293134450912476,1.0138018131256104,1.018611192703247,https://wandb.ai/ememchijioke-university-of-klagenfurt/marl-uav-v0-7-compact-triangle-obstacle/runs/f23wgnom
2026-05-30T12:22:14.232247,584,1,11535.364678553504,0,0,0,MOVE_TRIANGLE_OBSTACLE,1.0,0.045731864869594574,0.05627736821770668,0.06612090269724528,0.7495022416114807,0.8159045577049255,0.881960391998291,0.0837356373667717,0.3442431092262268,0.5912230610847473,1,0.07829176494851708,0.0752083957195282,0.07710733264684677,0.38209399580955505,0.40913599729537964,0.013403299264609814,0.10294350236654282,0,0.7495022416114807,1,0,1.1324667930603027,-0.020248452201485634,1.020464301109314,1.5626150369644165,0.921506404876709,0.9132789969444275,-0.055566396564245224,-0.4435443580150604,0.4383653998374939,1.0284911394119263,1.014123797416687,1.0187777280807495,https://wandb.ai/ememchijioke-university-of-klagenfurt/marl-uav-v0-7-compact-triangle-obstacle/runs/f23wgnom
2026-05-30T12:22:21.717731,585,1,11529.82327776488,0,0,0,MOVE_TRIANGLE_OBSTACLE,1.0,0.051429420709609985,0.05111892893910408,0.060007691383361816,0.7499344348907471,0.8071854114532471,0.8727720975875854,0.07576830685138702,0.346754252910614,0.5911267399787903,1,0.07751477020792663,0.07486006617546082,0.08009868115186691,0.38724204897880554,0.41671472787857056,0.014948914758861065,0.1280030608177185,0,0.7499344348907471,1,0,1.1274127960205078,-0.023697206750512123,1.0208829641342163,1.5566589832305908,0.9185670018196106,0.9070123434066772,-0.052105121314525604,-0.44583597779273987,0.42684948444366455,1.029281497001648,1.0145748853683472,1.0187923908233643,https://wandb.ai/ememchijioke-university-of-klagenfurt/marl-uav-v0-7-compact-triangle-obstacle/runs/f23wgnom
2026-05-30T12:22:28.804852,586,1,11460.540059876043,0,0,0,MOVE_TRIANGLE_OBSTACLE,1.0,0.05120434612035751,0.058943700045347214,0.06596577167510986,0.7505086064338684,0.8078195452690125,0.8895691633224487,0.08762086182832718,0.34622034430503845,0.5945084691047668,1,0.0777963506989181,0.08068903535604477,0.08819860219955444,0.37800562381744385,0.40375977754592896,0.015160680748522282,0.14326263964176178,0,0.7505086064338684,1,0,1.1208864450454712,-0.025901159271597862,1.020521879196167,1.5462466478347778,0.9061954021453857,0.9102173447608948,-0.06133398786187172,-0.4529590308666229,0.4365895390510559,1.0290666818618774,1.0139853954315186,1.0185134410858154,https://wandb.ai/ememchijioke-university-of-klagenfurt/marl-uav-v0-7-compact-triangle-obstacle/runs/f23wgnom
2026-05-30T12:22:36.322319,587,1,11523.648390938964,0,0,0,MOVE_TRIANGLE_OBSTACLE,1.0,0.0491819903254509,0.054830923676490784,0.0639573335647583,0.7474883794784546,0.8029578924179077,0.8864024877548218,0.08035050332546234,0.3491819500923157,0.58921217918396,1,0.07734264386817813,0.07675466686487198,0.08130288869142532,0.3806016743183136,0.38401246070861816,0.015026676468551159,0.12504492700099945,0,0.7474883794784546,1,0,1.1275908946990967,-0.018865296617150307,1.0207380056381226,1.5512460470199585,0.9244688749313354,0.9070577621459961,-0.04294750466942787,-0.4499302804470062,0.43628188967704773,1.0294214487075806,1.0134752988815308,1.0193171501159668,https://wandb.ai/ememchijioke-university-of-klagenfurt/marl-uav-v0-7-compact-triangle-obstacle/runs/f23wgnom
2026-05-30T12:22:43.370442,588,1,11473.023982299086,0,0,0,MOVE_TRIANGLE_OBSTACLE,1.0,0.05097605288028717,0.056382518261671066,0.06258136034011841,0.7484469413757324,0.7981179356575012,0.8880730867385864,0.08305064588785172,0.3491278290748596,0.5907520651817322,1,0.0776489065028727,0.07883919030427933,0.08587204664945602,0.3881192207336426,0.40725526213645935,0.015431982465088367,0.13168062269687653,0,0.7484469413757324,1,0,1.1189004182815552,-0.02169203758239746,1.0209485292434692,1.5402789115905762,0.9092590808868408,0.9071635007858276,-0.049580298364162445,-0.4517756700515747,0.436279833316803,1.0292400121688843,1.0142160654067993,1.0193895101547241,https://wandb.ai/ememchijioke-university-of-klagenfurt/marl-uav-v0-7-compact-triangle-obstacle/runs/f23wgnom
2026-05-30T12:22:50.587256,589,1,11530.815136675981,0,0,0,MOVE_TRIANGLE_OBSTACLE,1.0,0.05282323434948921,0.055030133575201035,0.06437848011652629,0.7519540190696716,0.8120408058166504,0.8791406154632568,0.08184681832790375,0.34862595796585083,0.5921774506568909,1,0.0763865013141185,0.0787314772605896,0.0816892609000206,0.39501944184303284,0.4313001334667206,0.01983831264078617,0.06532909721136093,0,0.7519540190696716,1,0,1.1243656873703003,-0.020996034145355225,1.0211068391799927,1.5545467138290405,0.9104387164115906,0.9081115126609802,-0.05554431304335594,-0.44328010082244873,0.4358363151550293,1.0289808511734009,1.0141242742538452,1.020215392112732,https://wandb.ai/ememchijioke-university-of-klagenfurt/marl-uav-v0-7-compact-triangle-obstacle/runs/f23wgnom
2026-05-30T12:22:57.833536,590,1,11528.168673781896,0,0,0,MOVE_TRIANGLE_OBSTACLE,1.0,0.05027962476015091,0.055247098207473755,0.0638262430826823,0.742026686668396,0.8073806762695312,0.8761247396469116,0.08189354091882706,0.34410104155540466,0.5887860655784607,1,0.07888654642738402,0.07706058770418167,0.07954199612140656,0.38508498668670654,0.39463961124420166,0.013817310333251953,0.12238656729459763,0,0.742026686668396,1,0,1.1268459558486938,-0.020100871101021767,1.0207444429397583,1.5516297817230225,0.915429413318634,0.9134787917137146,-0.05773957073688507,-0.43933218717575073,0.43676912784576416,1.0290322303771973,1.0135477781295776,1.0196532011032104,https://wandb.ai/ememchijioke-university-of-klagenfurt/marl-uav-v0-7-compact-triangle-obstacle/runs/f23wgnom
2026-05-30T12:23:04.242757,591,1,11534.633025983327,0,0,0,MOVE_TRIANGLE_OBSTACLE,1.0,0.05196370184421539,0.05174688622355461,0.06072775522867838,0.7522795796394348,0.8028462529182434,0.8770574331283569,0.07643618434667587,0.3444170355796814,0.5917746424674988,1,0.07887722621671855,0.07573217898607254,0.08494611084461212,0.3837544620037079,0.39359450340270996,0.019086381420493126,0.08995777368545532,0,0.7522795796394348,1,0,1.1281747817993164,-0.02596276067197323,1.0209786891937256,1.5557118654251099,0.918725311756134,0.9100870490074158,-0.051707569509744644,-0.45158499479293823,0.42540428042411804,1.029712200164795,1.013259768486023,1.0199639797210693,https://wandb.ai/ememchijioke-university-of-klagenfurt/marl-uav-v0-7-compact-triangle-obstacle/runs/f23wgnom
2026-05-30T12:23:11.413679,592,1,11517.917342707424,0,0,0,MOVE_TRIANGLE_OBSTACLE,1.0,0.04918569698929787,0.05627119541168213,0.06557599703470866,0.7411313056945801,0.8066496253013611,0.881209671497345,0.08302728086709976,0.3436660170555115,0.5900103449821472,1,0.07907287613488734,0.07725236564874649,0.07864558696746826,0.3945228159427643,0.4166145622730255,0.010544910095632076,0.12207605689764023,0,0.7411313056945801,1,0,1.129623293876648,-0.022417932748794556,1.0210686922073364,1.552814245223999,0.9216991066932678,0.9143567681312561,-0.05732595920562744,-0.44553643465042114,0.4356085956096649,1.0292763710021973,1.0130926370620728,1.020837426185608,https://wandb.ai/ememchijioke-university-of-klagenfurt/marl-uav-v0-7-compact-triangle-obstacle/runs/f23wgnom
2026-05-30T12:23:18.082296,593,1,11531.872007600628,0,0,0,MOVE_TRIANGLE_OBSTACLE,1.0,0.05056977644562721,0.05114058777689934,0.05807209014892578,0.7448012828826904,0.796820342540741,0.8721972107887268,0.07508809119462967,0.345816969871521,0.5853717923164368,1,0.07923037651926279,0.0742499828338623,0.07474952936172485,0.3888537883758545,0.4045829474925995,0.012577742338180542,0.0925736203789711,0,0.7448012828826904,1,0,1.1251990795135498,-0.0168300773948431,1.0210267305374146,1.548259973526001,0.916458010673523,0.9108794331550598,-0.04485052451491356,-0.4388927221298218,0.4332530200481415,1.0297489166259766,1.0128390789031982,1.0204921960830688,https://wandb.ai/ememchijioke-university-of-klagenfurt/marl-uav-v0-7-compact-triangle-obstacle/runs/f23wgnom
2026-05-30T12:23:24.876272,594,1,11538.033206583916,0,0,0,MOVE_TRIANGLE_OBSTACLE,1.0,0.049356091767549515,0.05009983852505684,0.05896580219268799,0.745423436164856,0.8041542768478394,0.8681665658950806,0.0739484503865242,0.34348517656326294,0.5894789099693298,1,0.07909748121164739,0.07248631864786148,0.07611862570047379,0.39534035325050354,0.4023182690143585,0.009697288274765015,0.1411016434431076,0,0.745423436164856,1,0,1.1306158304214478,-0.024254262447357178,1.0212172269821167,1.5578051805496216,0.922523021697998,0.9115195274353027,-0.053859271109104156,-0.4434833824634552,0.4245798587799072,1.0295374393463135,1.0132371187210083,1.0208768844604492,https://wandb.ai/ememchijioke-university-of-klagenfurt/marl-uav-v0-7-compact-triangle-obstacle/runs/f23wgnom
2026-05-30T12:23:31.846992,595,1,11472.694106126455,0,0,0,MOVE_TRIANGLE_OBSTACLE,1.0,0.049883294850587845,0.049815814942121506,0.05401754379272461,0.7467259168624878,0.792354166507721,0.8664243817329407,0.07344239205121994,0.3439832329750061,0.5864115357398987,1,0.08011830691248178,0.07244067639112473,0.07653400301933289,0.37799715995788574,0.3930515944957733,0.013118135742843151,0.1746150702238083,0,0.7467259168624878,1,0,1.1197293996810913,-0.021023115143179893,1.0206071138381958,1.5428613424301147,0.9052361845970154,0.911090612411499,-0.050981003791093826,-0.43922919034957886,0.42714086174964905,1.0295217037200928,1.012284517288208,1.020015001296997,https://wandb.ai/ememchijioke-university-of-klagenfurt/marl-uav-v0-7-compact-triangle-obstacle/runs/f23wgnom
2026-05-30T12:23:38.982704,596,1,11474.248998853907,0,0,0,MOVE_TRIANGLE_OBSTACLE,1.0,0.04825926572084427,0.047670651227235794,0.05659655729929606,0.7549480199813843,0.7981318235397339,0.86670982837677,0.07031375914812088,0.3481777012348175,0.5887048840522766,1,0.07770124217495322,0.07006341964006424,0.07742124050855637,0.3877846300601959,0.3989258408546448,0.009700335562229156,0.12311804294586182,0,0.7549480199813843,1,0,1.1219626665115356,-0.021254390478134155,1.0207453966140747,1.551029086112976,0.9093972444534302,0.9054615497589111,-0.04518161341547966,-0.4426233172416687,0.424041748046875,1.0295711755752563,1.0123928785324097,1.020272135734558,https://wandb.ai/ememchijioke-university-of-klagenfurt/marl-uav-v0-7-compact-triangle-obstacle/runs/f23wgnom
2026-05-30T12:23:45.995752,597,1,11473.479007978014,0,0,0,MOVE_TRIANGLE_OBSTACLE,1.0,0.04738117754459381,0.05074943229556084,0.058993120988210045,0.7441472411155701,0.8030440807342529,0.8680825233459473,0.07498481869697571,0.3462859094142914,0.5894761681556702,1,0.07792272069491446,0.07155995815992355,0.07416754215955734,0.39567601680755615,0.41705480217933655,0.011937356553971767,0.07120302319526672,0,0.7441472411155701,1,0,1.124611496925354,-0.02324465848505497,1.0212677717208862,1.550690770149231,0.9147875905036926,0.9083561301231384,-0.055143289268016815,-0.44131287932395935,0.4267221987247467,1.029786229133606,1.0138072967529297,1.0202100276947021,https://wandb.ai/ememchijioke-university-of-klagenfurt/marl-uav-v0-7-compact-triangle-obstacle/runs/f23wgnom
2026-05-30T12:23:53.098330,598,1,11470.871950640865,0,0,0,MOVE_TRIANGLE_OBSTACLE,1.0,0.04984033480286598,0.04915300011634827,0.061889072259267174,0.7642461657524109,0.8019633293151855,0.8694577217102051,0.07245545089244843,0.3476819694042206,0.5911017060279846,1,0.07753704977221787,0.07201217859983444,0.08267124742269516,0.3921937942504883,0.41437891125679016,0.00890298280864954,0.169512078166008,0,0.7642461657524109,1,0,1.1206096410751343,-0.021687200292944908,1.021497130393982,1.5541921854019165,0.9010597467422485,0.9065771698951721,-0.04715477302670479,-0.44366076588630676,0.42575395107269287,1.030293583869934,1.0137656927108765,1.0204321146011353,https://wandb.ai/ememchijioke-university-of-klagenfurt/marl-uav-v0-7-compact-triangle-obstacle/runs/f23wgnom
2026-05-30T12:24:00.406939,599,1,11473.707466517268,0,0,0,MOVE_TRIANGLE_OBSTACLE,1.0,0.05030154436826706,0.054718080908060074,0.06258338689804077,0.7437691688537598,0.8045899271965027,0.8769294023513794,0.08079330623149872,0.349082350730896,0.5908044576644897,1,0.07667207275517285,0.0766512081027031,0.07898939400911331,0.3842020034790039,0.39405113458633423,0.011997576802968979,0.11961576342582703,0,0.7437691688537598,1,0,1.1200600862503052,-0.022281160578131676,1.0209428071975708,1.5443922281265259,0.9091662764549255,0.906622052192688,-0.05692240595817566,-0.44340941309928894,0.4334883391857147,1.030316710472107,1.0127543210983276,1.0197572708129883,https://wandb.ai/ememchijioke-university-of-klagenfurt/marl-uav-v0-7-compact-triangle-obstacle/runs/f23wgnom
2026-05-30T12:24:07.401416,600,1,11532.734787676758,0,0,0,MOVE_TRIANGLE_OBSTACLE,1.0,0.05062909051775932,0.052668944001197815,0.06615908940633138,0.7627384662628174,0.8029639720916748,0.882774829864502,0.07769748568534851,0.3441234529018402,0.5919371247291565,1,0.0792471724562347,0.07572424411773682,0.08797861635684967,0.389424592256546,0.3948778510093689,0.013683833181858063,0.10488757491111755,0,0.7627384662628174,1,0,1.1283448934555054,-0.02282259799540043,1.0216771364212036,1.5588877201080322,0.9143717288970947,0.9117749929428101,-0.045413438230752945,-0.4528995752334595,0.4298452138900757,1.031412959098816,1.0134068727493286,1.0202116966247559,https://wandb.ai/ememchijioke-university-of-klagenfurt/marl-uav-v0-7-compact-triangle-obstacle/runs/f23wgnom
2026-05-30T12:24:14.494855,601,1,11533.69725036669,0,0,0,MOVE_TRIANGLE_OBSTACLE,1.0,0.052180562168359756,0.054737310856580734,0.06654775142669678,0.75594162940979,0.8105331063270569,0.8831685185432434,0.08103501051664352,0.3470376133918762,0.5943108201026917,1,0.07708058878779411,0.07819299399852753,0.08673622459173203,0.4002307653427124,0.4151557385921478,0.010824131779372692,0.1053183451294899,0,0.75594162940979,1,0,1.1275838613510132,-0.025166084989905357,1.0213543176651,1.5581663846969604,0.9159877300262451,0.9085976481437683,-0.05391757935285568,-0.45234444737434387,0.43076375126838684,1.0306974649429321,1.013080358505249,1.0202850103378296,https://wandb.ai/ememchijioke-university-of-klagenfurt/marl-uav-v0-7-compact-triangle-obstacle/runs/f23wgnom
2026-05-30T12:24:21.583086,602,1,11471.101545956872,0,0,0,MOVE_TRIANGLE_OBSTACLE,1.0,0.0512162446975708,0.051019053906202316,0.06260794401168823,0.7583630681037903,0.8016102910041809,0.8778504729270935,0.07509607821702957,0.3495870530605316,0.5937048196792603,1,0.07655569352209568,0.07467777281999588,0.08734156936407089,0.384878545999527,0.4181588292121887,0.010399142280220985,0.12491414695978165,0,0.7583630681037903,1,0,1.121769905090332,-0.026439746841788292,1.0215059518814087,1.5511655807495117,0.9106193780899048,0.9035248160362244,-0.048667170107364655,-0.4542231857776642,0.4235711097717285,1.0314689874649048,1.0130466222763062,1.0200024843215942,https://wandb.ai/ememchijioke-university-of-klagenfurt/marl-uav-v0-7-compact-triangle-obstacle/runs/f23wgnom
2026-05-30T12:24:27.965307,603,1,11472.464237600718,0,0,0,MOVE_TRIANGLE_OBSTACLE,1.0,0.04794999212026596,0.05084690451622009,0.05727964639663696,0.7539161443710327,0.7874326705932617,0.8804901242256165,0.07335785031318665,0.3456864655017853,0.5880200266838074,1,0.08013946237042546,0.07274270802736282,0.08537594974040985,0.39077791571617126,0.3974859416484833,0.01493955310434103,0.11362093687057495,0,0.7539161443710327,1,0,1.12322998046875,-0.02232089638710022,1.0211883783340454,1.5446507930755615,0.9160455465316772,0.908993661403656,-0.038596898317337036,-0.45439445972442627,0.42602866888046265,1.0310380458831787,1.012133240699768,1.0203938484191895,https://wandb.ai/ememchijioke-university-of-klagenfurt/marl-uav-v0-7-compact-triangle-obstacle/runs/f23wgnom
2026-05-30T12:24:34.909750,604,1,11476.304202541307,0,0,0,MOVE_TRIANGLE_OBSTACLE,1.0,0.047531090676784515,0.0575006902217865,0.0656851331392924,0.7507752776145935,0.8062645792961121,0.8900155425071716,0.08451031148433685,0.34747493267059326,0.5936033129692078,1,0.07732408167794347,0.07747400552034378,0.08566031605005264,0.38870230317115784,0.39785271883010864,0.014509130269289017,0.11212775856256485,0,0.7507752776145935,1,0,1.1253856420516968,-0.02436816692352295,1.0216158628463745,1.5505210161209106,0.9164096117019653,0.9092264771461487,-0.05339600890874863,-0.4548296332359314,0.4351211190223694,1.032572865486145,1.0121455192565918,1.0201292037963867,https://wandb.ai/ememchijioke-university-of-klagenfurt/marl-uav-v0-7-compact-triangle-obstacle/runs/f23wgnom
2026-05-30T12:24:42.037109,605,1,11415.589218771498,0,0,0,MOVE_TRIANGLE_OBSTACLE,1.0,0.05164329335093498,0.04834820330142975,0.05149600903193156,0.7488608956336975,0.7858952879905701,0.8674536347389221,0.07010197639465332,0.34758785367012024,0.5899651646614075,1,0.07867138320580125,0.07207527756690979,0.0837547704577446,0.39510056376457214,0.4311920702457428,0.015936873853206635,0.10099288076162338,0,0.7488608956336975,1,0,1.1140098571777344,-0.02804255485534668,1.02091383934021,1.535482406616211,0.9027842283248901,0.903762936592102,-0.05045430362224579,-0.4505474865436554,0.41687411069869995,1.0319668054580688,1.0116926431655884,1.0190820693969727,https://wandb.ai/ememchijioke-university-of-klagenfurt/marl-uav-v0-7-compact-triangle-obstacle/runs/f23wgnom
2026-05-30T12:24:48.875869,606,1,11471.699269243541,0,0,0,MOVE_TRIANGLE_OBSTACLE,1.0,0.051791220903396606,0.05053327605128288,0.05633139610290527,0.7461576461791992,0.791673481464386,0.873478353023529,0.073253333568573,0.34750568866729736,0.5895763039588928,1,0.07840841496363282,0.07445650547742844,0.0828169658780098,0.37246647477149963,0.37829992175102234,0.020584242418408394,0.09259587526321411,0,0.7461576461791992,1,0,1.1203056573867798,-0.025326749309897423,1.0215696096420288,1.541712999343872,0.9134887456893921,0.9057154655456543,-0.048374272882938385,-0.450510710477829,0.42290472984313965,1.0320807695388794,1.0127995014190674,1.01982843875885,https://wandb.ai/ememchijioke-university-of-klagenfurt/marl-uav-v0-7-compact-triangle-obstacle/runs/f23wgnom
2026-05-30T12:24:55.779651,607,1,11472.95853688207,0,0,0,MOVE_TRIANGLE_OBSTACLE,1.0,0.052064623683691025,0.05174712464213371,0.057445685068766274,0.7505377531051636,0.7964831590652466,0.8753161430358887,0.07599790394306183,0.34739869832992554,0.5907121300697327,1,0.0780762149952352,0.0755704939365387,0.08373136073350906,0.3838021755218506,0.4029066562652588,0.010718300938606262,0.11919460445642471,0,0.7505377531051636,1,0,1.1193073987960815,-0.02443198300898075,1.0213990211486816,1.543816089630127,0.9076282978057861,0.9064778089523315,-0.051017504185438156,-0.44878557324409485,0.4265071153640747,1.0318156480789185,1.0130380392074585,1.0193434953689575,https://wandb.ai/ememchijioke-university-of-klagenfurt/marl-uav-v0-7-compact-triangle-obstacle/runs/f23wgnom
2026-05-30T12:25:03.065178,608,1,11538.703834812744,0,0,0,MOVE_TRIANGLE_OBSTACLE,1.0,0.053983211517333984,0.04623549059033394,0.05342735846837362,0.749117910861969,0.7962931990623474,0.8631067872047424,0.06763811409473419,0.34705018997192383,0.5886569023132324,1,0.0781250954605639,0.07310004532337189,0.07934163510799408,0.35650262236595154,0.3684815764427185,0.017563335597515106,0.09784726053476334,0,0.749117910861969,1,0,1.1247533559799194,-0.024166008457541466,1.0214455127716064,1.5516796112060547,0.9177184104919434,0.9048619270324707,-0.04602993652224541,-0.44473037123680115,0.4182622730731964,1.0312814712524414,1.013710379600525,1.0193445682525635,https://wandb.ai/ememchijioke-university-of-klagenfurt/marl-uav-v0-7-compact-triangle-obstacle/runs/f23wgnom
2026-05-30T12:25:10.354631,609,1,11407.569199416077,0,0,0,MOVE_TRIANGLE_OBSTACLE,1.0,0.05101728066802025,0.04946586489677429,0.05513944228490194,0.7524269223213196,0.7905954718589783,0.872395932674408,0.07236144691705704,0.3487527668476105,0.5919451117515564,1,0.07774815382435918,0.07278182357549667,0.08614978939294815,0.3910830318927765,0.4043523371219635,0.010524320416152477,0.05648212507367134,0,0.7524269223213196,1,0,1.1154600381851196,-0.02836223505437374,1.0215214490890503,1.5391942262649536,0.903981626033783,0.9032041430473328,-0.0505615696310997,-0.4534487724304199,0.41892361640930176,1.0315696001052856,1.0133177042007446,1.0196768045425415,https://wandb.ai/ememchijioke-university-of-klagenfurt/marl-uav-v0-7-compact-triangle-obstacle/runs/f23wgnom
2026-05-30T12:25:17.550458,610,1,11481.64089364391,0,0,0,MOVE_TRIANGLE_OBSTACLE,1.0,0.05135663226246834,0.05517374351620674,0.06126123666763306,0.7514263987541199,0.7986219525337219,0.8837353587150574,0.08121589571237564,0.3455740511417389,0.5921803116798401,1,0.07877317839302123,0.0777592584490776,0.08725825697183609,0.36853137612342834,0.37378740310668945,0.020856069400906563,0.10303982347249985,0,0.7514263987541199,1,0,1.1208451986312866,-0.02541421912610531,1.0214132070541382,1.5445350408554077,0.9081575870513916,0.9098429679870605,-0.053892914205789566,-0.4530297517776489,0.4306800067424774,1.0318050384521484,1.0129616260528564,1.0194728374481201,https://wandb.ai/ememchijioke-university-of-klagenfurt/marl-uav-v0-7-compact-triangle-obstacle/runs/f23wgnom
2026-05-30T12:25:24.560454,611,1,11535.451827465877,0,0,0,MOVE_TRIANGLE_OBSTACLE,1.0,0.049262866377830505,0.05159730091691017,0.06344614426294963,0.7575353980064392,0.8002321720123291,0.8825708627700806,0.07538236677646637,0.3458331823348999,0.5906988382339478,1,0.07880456442944705,0.0743991807103157,0.08617280423641205,0.3807423412799835,0.38512319326400757,0.008177775889635086,0.15759067237377167,0,0.7575353980064392,1,0,1.1298388242721558,-0.022579500451683998,1.021464228630066,1.5574537515640259,0.9237775206565857,0.9082852602005005,-0.040262144058942795,-0.4549473822116852,0.42747101187705994,1.0321452617645264,1.013424277305603,1.0188233852386475,https://wandb.ai/ememchijioke-university-of-klagenfurt/marl-uav-v0-7-compact-triangle-obstacle/runs/f23wgnom
2026-05-30T12:25:31.594953,612,1,11528.849362303914,0,0,0,MOVE_TRIANGLE_OBSTACLE,1.0,0.049527041614055634,0.05477629974484444,0.06449298063913982,0.7572228312492371,0.7979633212089539,0.8882927894592285,0.08033923804759979,0.34345024824142456,0.5892221331596375,1,0.08034242247231305,0.07691968977451324,0.08640541136264801,0.3921215832233429,0.40047335624694824,0.018332259729504585,0.13550184667110443,0,0.7572228312492371,1,0,1.1278365850448608,-0.01946895383298397,1.02146577835083,1.5528435707092285,0.9169097542762756,0.9137565493583679,-0.041812580078840256,-0.45242950320243835,0.43583521246910095,1.0321557521820068,1.0129636526107788,1.0192780494689941,https://wandb.ai/ememchijioke-university-of-klagenfurt/marl-uav-v0-7-compact-triangle-obstacle/runs/f23wgnom
2026-05-30T12:25:38.592206,613,1,11480.905167089662,0,0,0,MOVE_TRIANGLE_OBSTACLE,1.0,0.051198214292526245,0.04929868504405022,0.06234633922576904,0.7624935507774353,0.7995727062225342,0.8749727606773376,0.07239048928022385,0.349738210439682,0.5924708247184753,1,0.07684392295777798,0.07340601086616516,0.08685090392827988,0.38229212164878845,0.4113563597202301,0.019891774281859398,0.1136019229888916,0,0.7624935507774353,1,0,1.1203728914260864,-0.024478694424033165,1.021254301071167,1.5513161420822144,0.9074532389640808,0.9023494720458984,-0.04409176856279373,-0.45214369893074036,0.42279937863349915,1.031679630279541,1.013497233390808,1.0185859203338623,https://wandb.ai/ememchijioke-university-of-klagenfurt/marl-uav-v0-7-compact-triangle-obstacle/runs/f23wgnom
2026-05-30T12:25:45.796712,614,1,11472.13330439211,0,0,0,MOVE_TRIANGLE_OBSTACLE,1.0,0.044945187866687775,0.05444277822971344,0.05988840262095133,0.749775230884552,0.796056866645813,0.883383572101593,0.07950393110513687,0.3435828387737274,0.5878034234046936,1,0.08037006901577115,0.07341104000806808,0.07981070131063461,0.3710230588912964,0.3817583918571472,0.019203348085284233,0.15394403040409088,0,0.749775230884552,1,0,1.125630259513855,-0.019241562113165855,1.0216461420059204,1.547842025756836,0.9162142276763916,0.9128345251083374,-0.04468521848320961,-0.4482017457485199,0.4351622760295868,1.0331014394760132,1.0135142803192139,1.0183227062225342,https://wandb.ai/ememchijioke-university-of-klagenfurt/marl-uav-v0-7-compact-triangle-obstacle/runs/f23wgnom
2026-05-30T12:25:53.006032,615,1,11593.833112531971,0,0,0,MOVE_TRIANGLE_OBSTACLE,1.0,0.05247858539223671,0.058376193046569824,0.07016468048095703,0.753345251083374,0.8164969086647034,0.8906518816947937,0.08628721535205841,0.34750276803970337,0.5927603840827942,1,0.07673170743510127,0.08128497749567032,0.08603661507368088,0.38958442211151123,0.41046714782714844,0.022645359858870506,0.16988255083560944,0,0.753345251083374,1,0,1.1323692798614502,-0.018673310056328773,1.022397756576538,1.5625,0.9231211543083191,0.9114866256713867,-0.05024019256234169,-0.4481659531593323,0.4423862099647522,1.0332071781158447,1.013742208480835,1.0202438831329346,https://wandb.ai/ememchijioke-university-of-klagenfurt/marl-uav-v0-7-compact-triangle-obstacle/runs/f23wgnom
2026-05-30T12:26:00.249129,616,1,11546.493728367508,0,0,0,MOVE_TRIANGLE_OBSTACLE,1.0,0.04974374175071716,0.0504242368042469,0.060465991497039795,0.757919192314148,0.7953909635543823,0.8780878186225891,0.07353881746530533,0.3451610207557678,0.5877224802970886,1,0.07963497145101428,0.07367413491010666,0.08216960728168488,0.40016627311706543,0.4021592438220978,0.019672701135277748,0.09553911536931992,0,0.757919192314148,1,0,1.127484917640686,-0.01842798851430416,1.0222119092941284,1.5542044639587402,0.917437732219696,0.9108127355575562,-0.03740231320261955,-0.4479551911354065,0.4300735294818878,1.0332292318344116,1.0128337144851685,1.0205727815628052,https://wandb.ai/ememchijioke-university-of-klagenfurt/marl-uav-v0-7-compact-triangle-obstacle/runs/f23wgnom
2026-05-30T12:26:07.452085,617,1,11534.215755666817,0,0,0,MOVE_TRIANGLE_OBSTACLE,1.0,0.048394203186035156,0.052782971411943436,0.062054614226023354,0.7463839650154114,0.8073408007621765,0.8752070069313049,0.07742533832788467,0.34473875164985657,0.5905587077140808,1,0.07833987334743142,0.07402683794498444,0.07728523761034012,0.3914172649383545,0.4131208658218384,0.012764225713908672,0.09114495664834976,0,0.7463839650154114,1,0,1.131531834602356,-0.023017406463623047,1.0219604969024658,1.5587910413742065,0.9248961806297302,0.910908579826355,-0.05236145108938217,-0.44587627053260803,0.42918550968170166,1.032947301864624,1.0126385688781738,1.0202956199645996,https://wandb.ai/ememchijioke-university-of-klagenfurt/marl-uav-v0-7-compact-triangle-obstacle/runs/f23wgnom
2026-05-30T12:26:14.237952,618,1,11416.277863185454,0,0,0,MOVE_TRIANGLE_OBSTACLE,1.0,0.05132241174578667,0.04928838834166527,0.06068583329518636,0.7657302618026733,0.789310097694397,0.8770171403884888,0.07214618474245071,0.3496443033218384,0.592464804649353,1,0.0778149957768619,0.0732296034693718,0.09139585494995117,0.3803319036960602,0.38762447237968445,0.014475752599537373,0.12380951642990112,0,0.7657302618026733,1,0,1.1134438514709473,-0.02580561302602291,1.0219426155090332,1.5410943031311035,0.8965552449226379,0.9026821255683899,-0.04280087724328041,-0.45579594373703003,0.42117998003959656,1.032397985458374,1.0137635469436646,1.0196661949157715,https://wandb.ai/ememchijioke-university-of-klagenfurt/marl-uav-v0-7-compact-triangle-obstacle/runs/f23wgnom
2026-05-30T12:26:21.246032,619,1,11528.230677821219,0,0,0,MOVE_TRIANGLE_OBSTACLE,1.0,0.046618711203336716,0.049243610352277756,0.059898038705190025,0.7594879269599915,0.7923844456672668,0.8778217434883118,0.0710587203502655,0.3439890742301941,0.5856406688690186,1,0.08073063846677542,0.0709616020321846,0.08011532574892044,0.3930644989013672,0.4136161208152771,0.01863977685570717,0.08553694933652878,0,0.7594879269599915,1,0,1.1301015615463257,-0.01618487574160099,1.0217957496643066,1.5564305782318115,0.9224536418914795,0.9114206433296204,-0.030303850769996643,-0.447988361120224,0.4297375977039337,1.03342604637146,1.012573003768921,1.0193880796432495,https://wandb.ai/ememchijioke-university-of-klagenfurt/marl-uav-v0-7-compact-triangle-obstacle/runs/f23wgnom
2026-05-30T12:26:27.321731,620,1,11475.81856022596,0,0,0,MOVE_TRIANGLE_OBSTACLE,1.0,0.05031288042664528,0.04755242541432381,0.05537267525990804,0.7567814588546753,0.787987232208252,0.8713493347167969,0.06867515295743942,0.3481064438819885,0.5877204537391663,1,0.0788435023277998,0.07171068340539932,0.08257553726434708,0.39494359493255615,0.4027669131755829,0.010298113338649273,0.16127975285053253,0,0.7567814588546753,1,0,1.119972825050354,-0.02110125683248043,1.0219988822937012,1.5448354482650757,0.9101632833480835,0.9049196243286133,-0.037078119814395905,-0.4487653970718384,0.42253974080085754,1.0333645343780518,1.0127981901168823,1.0198341608047485,https://wandb.ai/ememchijioke-university-of-klagenfurt/marl-uav-v0-7-compact-triangle-obstacle/runs/f23wgnom
2026-05-30T12:26:34.414777,621,1,11477.813458219265,0,0,0,MOVE_TRIANGLE_OBSTACLE,1.0,0.04768848046660423,0.05052155256271362,0.06319735447565715,0.7640334367752075,0.7939726114273071,0.8815860152244568,0.0734112337231636,0.34698015451431274,0.5902594923973083,1,0.07893643574789166,0.07238472253084183,0.087249755859375,0.38473379611968994,0.3988913297653198,0.013450677506625652,0.09966016560792923,0,0.7640334367752075,1,0,1.1234347820281982,-0.021594882011413574,1.0216988325119019,1.5513262748718262,0.9121460318565369,0.9068319201469421,-0.03673365339636803,-0.4547998011112213,0.4267488121986389,1.0332568883895874,1.0128504037857056,1.018989086151123,https://wandb.ai/ememchijioke-university-of-klagenfurt/marl-uav-v0-7-compact-triangle-obstacle/runs/f23wgnom
2026-05-30T12:26:40.779021,622,1,11540.358645185463,0,0,0,MOVE_TRIANGLE_OBSTACLE,1.0,0.051404133439064026,0.05305042862892151,0.06901176770528157,0.7661954164505005,0.8030915856361389,0.8877483010292053,0.07750261574983597,0.3492979109287262,0.592599093914032,1,0.07707813475281,0.07697615772485733,0.09014926850795746,0.3693406879901886,0.38630446791648865,0.017838817089796066,0.12861411273479462,0,0.7661954164505005,1,0,1.1264759302139282,-0.020848870277404785,1.0219875574111938,1.557520866394043,0.9160575866699219,0.9058493375778198,-0.03772604092955589,-0.4562407433986664,0.4314201772212982,1.0333635807037354,1.0127313137054443,1.019868016242981,https://wandb.ai/ememchijioke-university-of-klagenfurt/marl-uav-v0-7-compact-triangle-obstacle/runs/f23wgnom
2026-05-30T12:26:46.977334,623,1,11533.40352712012,0,0,0,MOVE_TRIANGLE_OBSTACLE,1.0,0.04695580527186394,0.04832111671566963,0.057116846243540444,0.7505289316177368,0.8009200096130371,0.8699015974998474,0.07034213840961456,0.347005695104599,0.5875457525253296,1,0.0781000757124275,0.07004236429929733,0.07496772706508636,0.3922565281391144,0.4017387330532074,0.017193688079714775,0.1274724006652832,0,0.7505289316177368,1,0,1.131260633468628,-0.019390443339943886,1.0218876600265503,1.559206247329712,0.9277997612953186,0.9067758917808533,-0.03909113258123398,-0.4443522095680237,0.42527201771736145,1.0328125953674316,1.0132429599761963,1.019607424736023,https://wandb.ai/ememchijioke-university-of-klagenfurt/marl-uav-v0-7-compact-triangle-obstacle/runs/f23wgnom
2026-05-30T12:26:53.489093,624,1,11538.388739148375,0,0,0,MOVE_TRIANGLE_OBSTACLE,1.0,0.05595668777823448,0.050801996141672134,0.06434587637583415,0.7608832716941833,0.8031391501426697,0.8790152072906494,0.07441406697034836,0.34912243485450745,0.5948046445846558,1,0.07655912963673472,0.07799678295850754,0.09172400832176208,0.4013558328151703,0.41669002175331116,0.026775116100907326,0.08704345673322678,0,0.7608832716941833,1,0,1.1247423887252808,-0.02763068675994873,1.022281527519226,1.5556119680404663,0.915303647518158,0.9033117294311523,-0.046888526529073715,-0.4574592411518097,0.4214556813240051,1.0333836078643799,1.013883352279663,1.0195777416229248,https://wandb.ai/ememchijioke-university-of-klagenfurt/marl-uav-v0-7-compact-triangle-obstacle/runs/f23wgnom
2026-05-30T12:26:59.460349,625,1,11469.626198670552,0,0,0,MOVE_TRIANGLE_OBSTACLE,1.0,0.05040077120065689,0.05162041261792183,0.059256553649902344,0.7585948705673218,0.7856009602546692,0.8835738301277161,0.07408769428730011,0.3463920056819916,0.5887283682823181,1,0.0800733626820147,0.07500498741865158,0.08915616571903229,0.39381465315818787,0.4145359396934509,0.017251567915081978,0.09435096383094788,0,0.7585948705673218,1,0,1.1203769445419312,-0.021740267053246498,1.022307276725769,1.5422066450119019,0.9109076261520386,0.9080165028572083,-0.036176059395074844,-0.45629575848579407,0.42725101113319397,1.0339939594268799,1.01332426071167,1.0196033716201782,https://wandb.ai/ememchijioke-university-of-klagenfurt/marl-uav-v0-7-compact-triangle-obstacle/runs/f23wgnom
2026-05-30T12:27:06.285227,626,1,11537.535387738762,0,0,0,MOVE_TRIANGLE_OBSTACLE,1.0,0.0528259202837944,0.04961824417114258,0.06127103169759115,0.7599206566810608,0.7987753748893738,0.8751170635223389,0.07229401916265488,0.3469916880130768,0.5903428792953491,1,0.07820608303882182,0.0749669298529625,0.08498884737491608,0.38659241795539856,0.3907657265663147,0.019861888140439987,0.13442248106002808,0,0.7599206566810608,1,0,1.1254544258117676,-0.021684547886252403,1.0225881338119507,1.554998517036438,0.9147329330444336,0.9066319465637207,-0.04085448384284973,-0.4496306777000427,0.4254315197467804,1.03475821018219,1.0137474536895752,1.0192586183547974,https://wandb.ai/ememchijioke-university-of-klagenfurt/marl-uav-v0-7-compact-triangle-obstacle/runs/f23wgnom
2026-05-30T12:27:13.540366,627,1,11526.427291720074,0,0,0,MOVE_TRIANGLE_OBSTACLE,1.0,0.04894284904003143,0.050199951976537704,0.0573540727297465,0.752119779586792,0.7971627116203308,0.8727797269821167,0.07331661880016327,0.3451065719127655,0.5856614112854004,1,0.07950007496401668,0.07258071005344391,0.07510798424482346,0.381049782037735,0.39612188935279846,0.023523248732089996,0.10951996594667435,0,0.752119779586792,1,0,1.1276081800460815,-0.01519217062741518,1.023088812828064,1.553733468055725,0.9175846576690674,0.9115060567855835,-0.03895721212029457,-0.4396788477897644,0.43305954337120056,1.0347890853881836,1.0142689943313599,1.0202083587646484,https://wandb.ai/ememchijioke-university-of-klagenfurt/marl-uav-v0-7-compact-triangle-obstacle/runs/f23wgnom
2026-05-30T12:27:20.581241,628,1,11544.262471664071,0,0,0,MOVE_TRIANGLE_OBSTACLE,1.0,0.052183471620082855,0.05016126111149788,0.06596950689951579,0.7654470801353455,0.8032186031341553,0.8792428374290466,0.07315002381801605,0.3468641936779022,0.5940695405006409,1,0.07766371266916394,0.07492492347955704,0.09038098156452179,0.38471508026123047,0.39992091059684753,0.0139303645119071,0.12081069499254227,0,0.7654470801353455,1,0,1.129110336303711,-0.026065310463309288,1.0230499505996704,1.5618703365325928,0.9191538095474243,0.9063066840171814,-0.04227842018008232,-0.4575246274471283,0.421607106924057,1.0344685316085815,1.0145889520645142,1.0200923681259155,https://wandb.ai/ememchijioke-university-of-klagenfurt/marl-uav-v0-7-compact-triangle-obstacle/runs/f23wgnom
2026-05-30T12:27:28.326907,629,1,11537.618812494276,0,0,0,MOVE_TRIANGLE_OBSTACLE,1.0,0.048147235065698624,0.05033978447318077,0.0636860728263855,0.7623008489608765,0.8009204864501953,0.8778368830680847,0.07340321689844131,0.3436358869075775,0.5901795625686646,1,0.07961076265200973,0.07235566526651382,0.08354108035564423,0.38924145698547363,0.4028718173503876,0.008572237566113472,0.13473547995090485,0,0.7623008489608765,1,0,1.1312998533248901,-0.021009990945458412,1.0230180025100708,1.5620802640914917,0.9204319715499878,0.9113872647285461,-0.039574313908815384,-0.45061394572257996,0.42715829610824585,1.035069465637207,1.0141761302947998,1.0198084115982056,https://wandb.ai/ememchijioke-university-of-klagenfurt/marl-uav-v0-7-compact-triangle-obstacle/runs/f23wgnom
2026-05-30T12:27:35.364778,630,1,11474.607478406631,0,0,0,MOVE_TRIANGLE_OBSTACLE,1.0,0.04887617006897926,0.04924587532877922,0.05964324871699015,0.7567978501319885,0.8010159134864807,0.8711159825325012,0.07218743115663528,0.3479229211807251,0.5913867354393005,1,0.0773399577010423,0.07161895185709,0.08104005455970764,0.40439239144325256,0.42914992570877075,0.014483876526355743,0.08846043795347214,0,0.7567978501319885,1,0,1.123704195022583,-0.023728767409920692,1.0225486755371094,1.553686499595642,0.9121607542037964,0.9052652716636658,-0.04675891250371933,-0.44774869084358215,0.42332130670547485,1.033898115158081,1.0140252113342285,1.019722580909729,https://wandb.ai/ememchijioke-university-of-klagenfurt/marl-uav-v0-7-compact-triangle-obstacle/runs/f23wgnom
2026-05-30T12:27:42.375430,631,1,11535.32631697871,0,0,0,MOVE_TRIANGLE_OBSTACLE,1.0,0.053848009556531906,0.052332956343889236,0.05851604541142782,0.7510764598846436,0.7963472604751587,0.8781244158744812,0.07633896917104721,0.3443099856376648,0.5900582671165466,1,0.07949057850055397,0.07742714136838913,0.08510764688253403,0.39084529876708984,0.4031341075897217,0.017094021663069725,0.10329969972372055,0,0.7510764598846436,1,0,1.1254221200942993,-0.02326551079750061,1.0233546495437622,1.5495299100875854,0.915664553642273,0.9110718369483948,-0.047717656940221786,-0.4500863552093506,0.42800748348236084,1.0352753400802612,1.0145399570465088,1.0202488899230957,https://wandb.ai/ememchijioke-university-of-klagenfurt/marl-uav-v0-7-compact-triangle-obstacle/runs/f23wgnom
2026-05-30T12:27:49.751958,632,1,11539.868910490512,0,0,0,MOVE_TRIANGLE_OBSTACLE,1.0,0.0513673759996891,0.05164949595928192,0.06387587388356526,0.7614134550094604,0.7945778369903564,0.8856363296508789,0.07480119168758392,0.34617942571640015,0.5910561084747314,1,0.07907017273828387,0.0760708749294281,0.09059329330921173,0.40260133147239685,0.4247804880142212,0.017876362428069115,0.07778538018465042,0,0.7614134550094604,1,0,1.1283265352249146,-0.022748470306396484,1.0233906507492065,1.5545549392700195,0.9211417436599731,0.9092832207679749,-0.036556508392095566,-0.4586079716682434,0.4269190728664398,1.0344767570495605,1.0142091512680054,1.0214858055114746,https://wandb.ai/ememchijioke-university-of-klagenfurt/marl-uav-v0-7-compact-triangle-obstacle/runs/f23wgnom
2026-05-30T12:27:56.593440,633,1,11478.441503196693,0,0,0,MOVE_TRIANGLE_OBSTACLE,1.0,0.0516502670943737,0.053095925599336624,0.06454535325368245,0.7622280120849609,0.7973428964614868,0.8840651512145996,0.0779515877366066,0.347726970911026,0.5929211378097534,1,0.07796618924476206,0.07663697004318237,0.09057949483394623,0.38062426447868347,0.39166751503944397,0.016711067408323288,0.119165800511837,0,0.7622280120849609,1,0,1.1202218532562256,-0.02421855926513672,1.0223363637924194,1.5479531288146973,0.9052900075912476,0.9074223637580872,-0.04599256440997124,-0.45534682273864746,0.42868369817733765,1.0332386493682861,1.0131207704544067,1.0206494331359863,https://wandb.ai/ememchijioke-university-of-klagenfurt/marl-uav-v0-7-compact-triangle-obstacle/runs/f23wgnom
2026-05-30T12:28:02.900137,634,1,11535.677232450877,0,0,0,MOVE_TRIANGLE_OBSTACLE,1.0,0.04908200353384018,0.050882045179605484,0.06084998448689779,0.7557870745658875,0.797050952911377,0.879711925983429,0.07420600950717926,0.34346821904182434,0.5896106362342834,1,0.08004085766151547,0.07356350123882294,0.08471276611089706,0.3790806233882904,0.3899495601654053,0.014479055069386959,0.09119680523872375,0,0.7557870745658875,1,0,1.1306554079055786,-0.022614389657974243,1.0224277973175049,1.5568795204162598,0.9235960245132446,0.9114906191825867,-0.04110167175531387,-0.45317545533180237,0.4264339506626129,1.0331599712371826,1.0141510963439941,1.019972324371338,https://wandb.ai/ememchijioke-university-of-klagenfurt/marl-uav-v0-7-compact-triangle-obstacle/runs/f23wgnom
2026-05-30T12:28:10.079882,635,1,11546.469666827006,0,0,0,MOVE_TRIANGLE_OBSTACLE,1.0,0.05267159640789032,0.05323343351483345,0.06340350707372029,0.7563865184783936,0.7981153130531311,0.8857086896896362,0.07766473293304443,0.3479790985584259,0.5905795693397522,1,0.07810607505962253,0.0779326781630516,0.0877830758690834,0.37323248386383057,0.37843993306159973,0.029946550726890564,0.0950474739074707,0,0.7563865184783936,1,0,1.1250988245010376,-0.021051207557320595,1.0221500396728516,1.550566554069519,0.9175627827644348,0.9071671366691589,-0.04054226353764534,-0.45412060618400574,0.43150925636291504,1.0332711935043335,1.0137839317321777,1.0193947553634644,https://wandb.ai/ememchijioke-university-of-klagenfurt/marl-uav-v0-7-compact-triangle-obstacle/runs/f23wgnom
2026-05-30T12:28:17.184116,636,1,11539.63029681262,0,0,0,MOVE_TRIANGLE_OBSTACLE,1.0,0.04976589232683182,0.05604599788784981,0.06604158878326416,0.7432354688644409,0.8132044672966003,0.8781557679176331,0.0827297568321228,0.344626247882843,0.5920285582542419,1,0.07793632708489895,0.07732253521680832,0.08008380979299545,0.3733469545841217,0.3759472966194153,0.012975897639989853,0.1066981852054596,0,0.7432354688644409,1,0,1.1299608945846558,-0.023479163646697998,1.0218721628189087,1.5571928024291992,0.920680582523346,0.9120094180107117,-0.06067613884806633,-0.44392645359039307,0.4341651201248169,1.0326586961746216,1.0134145021438599,1.019543170928955,https://wandb.ai/ememchijioke-university-of-klagenfurt/marl-uav-v0-7-compact-triangle-obstacle/runs/f23wgnom
2026-05-30T12:28:23.903212,637,1,11472.227900233258,0,0,0,MOVE_TRIANGLE_OBSTACLE,1.0,0.05211646109819412,0.05425342917442322,0.06248929103215536,0.7547868490219116,0.7958829998970032,0.8867980241775513,0.0792563408613205,0.34712353348731995,0.5934051275253296,1,0.07826813659630716,0.07778793573379517,0.0918489396572113,0.3801257610321045,0.3966604769229889,0.019738029688596725,0.09037137776613235,0,0.7547868490219116,1,0,1.121552586555481,-0.0270905289798975,1.022450566291809,1.545105218887329,0.9122531414031982,0.9072994589805603,-0.04875018447637558,-0.45964333415031433,0.42712193727493286,1.033310055732727,1.0141202211380005,1.0199215412139893,https://wandb.ai/ememchijioke-university-of-klagenfurt/marl-uav-v0-7-compact-triangle-obstacle/runs/f23wgnom
2026-05-30T12:28:31.290813,638,1,11539.90378595879,0,0,0,MOVE_TRIANGLE_OBSTACLE,1.0,0.05101446434855461,0.05354828014969826,0.06186598539352417,0.7496664524078369,0.802454948425293,0.8828094601631165,0.07807499170303345,0.3482438623905182,0.5907233357429504,1,0.07743184245191514,0.07682639360427856,0.08339844644069672,0.38184547424316406,0.3964589536190033,0.01938764378428459,0.11461037397384644,0,0.7496664524078369,1,0,1.127444863319397,-0.021937599405646324,1.0218286514282227,1.5525755882263184,0.9232262969017029,0.9065325260162354,-0.044914890080690384,-0.45176494121551514,0.4308670461177826,1.0330724716186523,1.0132652521133423,1.0191482305526733,https://wandb.ai/ememchijioke-university-of-klagenfurt/marl-uav-v0-7-compact-triangle-obstacle/runs/f23wgnom
2026-05-30T12:28:37.216390,639,1,11534.546778216505,0,0,0,MOVE_TRIANGLE_OBSTACLE,1.0,0.05198335647583008,0.05194063112139702,0.06266701221466064,0.7560812830924988,0.8030895590782166,0.8788301944732666,0.07631776481866837,0.34611159563064575,0.591454803943634,1,0.07823237148113549,0.07603731006383896,0.08504752069711685,0.3783830404281616,0.3822892904281616,0.011962451040744781,0.12665648758411407,0,0.7560812830924988,1,0,1.126853346824646,-0.02314937114715576,1.0217559337615967,1.5556483268737793,0.9168752431869507,0.9080362319946289,-0.04670078307390213,-0.45075950026512146,0.4280121624469757,1.0328212976455688,1.0137323141098022,1.018714189529419,https://wandb.ai/ememchijioke-university-of-klagenfurt/marl-uav-v0-7-compact-triangle-obstacle/runs/f23wgnom
2026-05-30T12:28:43.775253,640,1,11486.603084585395,0,0,0,MOVE_TRIANGLE_OBSTACLE,1.0,0.04992692917585373,0.047259580343961716,0.058839877446492515,0.7598679661750793,0.8011839389801025,0.8654677271842957,0.06944958865642548,0.34832024574279785,0.5910685658454895,1,0.07714250939898193,0.07069700211286545,0.08047586679458618,0.4061427116394043,0.4214853048324585,0.01225663349032402,0.09041842818260193,0,0.7598679661750793,1,0,1.1217743158340454,-0.023469099774956703,1.0219248533248901,1.5543020963668823,0.9072026610374451,0.9038182497024536,-0.046676285564899445,-0.4445895552635193,0.4208585321903229,1.032392144203186,1.0143187046051025,1.0190633535385132,https://wandb.ai/ememchijioke-university-of-klagenfurt/marl-uav-v0-7-compact-triangle-obstacle/runs/f23wgnom
2026-05-30T12:28:50.886991,641,1,11529.49824559823,0,0,0,MOVE_TRIANGLE_OBSTACLE,1.0,0.05091109126806259,0.04937217757105827,0.06021984418233236,0.7601088881492615,0.7930288314819336,0.877521812915802,0.07201693207025528,0.3449697494506836,0.5878379940986633,1,0.07998429611325264,0.07379553467035294,0.08461529016494751,0.37080395221710205,0.3910168409347534,0.016186995431780815,0.07989096641540527,0,0.7601088881492615,1,0,1.1264394521713257,-0.019352475181221962,1.0221389532089233,1.5532938241958618,0.9161505103111267,0.9098742008209229,-0.0357910618185997,-0.44987350702285767,0.42760714888572693,1.0326933860778809,1.0139933824539185,1.0197299718856812,https://wandb.ai/ememchijioke-university-of-klagenfurt/marl-uav-v0-7-compact-triangle-obstacle/runs/f23wgnom
2026-05-30T12:28:57.391191,642,1,11540.557340986188,0,0,0,MOVE_TRIANGLE_OBSTACLE,1.0,0.051313869655132294,0.0478043369948864,0.05973301331202189,0.7589730620384216,0.801433801651001,0.8687921762466431,0.07014783471822739,0.3436286151409149,0.5912697911262512,1,0.07921577780507505,0.07222451269626617,0.08340154588222504,0.3937579095363617,0.4033558964729309,0.010323372669517994,0.10216335207223892,0,0.7589730620384216,1,0,1.1295151710510254,-0.025510290637612343,1.0223885774612427,1.5611599683761597,0.9181626439094543,0.9092227816581726,-0.0465506836771965,-0.44935640692710876,0.4193762242794037,1.0331026315689087,1.0146046876907349,1.0194584131240845,https://wandb.ai/ememchijioke-university-of-klagenfurt/marl-uav-v0-7-compact-triangle-obstacle/runs/f23wgnom
2026-05-30T12:29:03.718200,643,1,11473.061735507452,0,0,0,MOVE_TRIANGLE_OBSTACLE,1.0,0.04843708872795105,0.04870675504207611,0.05887103080749512,0.7611697316169739,0.7879847884178162,0.8774585723876953,0.07043762505054474,0.3474530577659607,0.5877663493156433,1,0.0794447441585362,0.07164088636636734,0.08492361754179001,0.37720787525177,0.3868262469768524,0.010588590987026691,0.07958289235830307,0,0.7611697316169739,1,0,1.1215051412582397,-0.019902408123016357,1.0216377973556519,1.5468168258666992,0.9113924503326416,0.9063060879707336,-0.03330016881227493,-0.45191270112991333,0.4255056381225586,1.032383918762207,1.0129226446151733,1.019606590270996,https://wandb.ai/ememchijioke-university-of-klagenfurt/marl-uav-v0-7-compact-triangle-obstacle/runs/f23wgnom
2026-05-30T12:29:10.936330,644,1,11483.002356243594,0,0,0,MOVE_TRIANGLE_OBSTACLE,1.0,0.05298972502350807,0.045953910797834396,0.05360474189122518,0.755932629108429,0.7917130589485168,0.8631685376167297,0.0675620436668396,0.347597599029541,0.5892464518547058,1,0.07824789779260755,0.07192084193229675,0.08204375952482224,0.37055686116218567,0.37867674231529236,0.020747927948832512,0.10952892154455185,0,0.755932629108429,1,0,1.118377923965454,-0.02396322228014469,1.02238929271698,1.5460703372955322,0.9040907621383667,0.9049728512763977,-0.0458509735763073,-0.4445933401584625,0.4185546338558197,1.0319877862930298,1.0146418809890747,1.020538330078125,https://wandb.ai/ememchijioke-university-of-klagenfurt/marl-uav-v0-7-compact-triangle-obstacle/runs/f23wgnom
2026-05-30T12:29:18.214515,645,1,11537.453203059848,0,0,0,MOVE_TRIANGLE_OBSTACLE,1.0,0.05038023367524147,0.04553679749369621,0.05787541468938192,0.7645049691200256,0.7889426946640015,0.8701785802841187,0.06572040915489197,0.34488046169281006,0.5863074660301208,1,0.08038500137627125,0.07070351392030716,0.08281060308218002,0.3862062692642212,0.40751340985298157,0.015870483592152596,0.10736455768346786,0,0.7645049691200256,1,0,1.1269515752792358,-0.018221884965896606,1.0228286981582642,1.5556989908218384,0.9161617159843445,0.9089940786361694,-0.029306653887033463,-0.44774407148361206,0.4223850667476654,1.0336871147155762,1.014451026916504,1.020348072052002,https://wandb.ai/ememchijioke-university-of-klagenfurt/marl-uav-v0-7-compact-triangle-obstacle/runs/f23wgnom
2026-05-30T12:29:25.168215,646,1,11536.250277828503,0,0,0,MOVE_TRIANGLE_OBSTACLE,1.0,0.05162608623504639,0.046300243586301804,0.05694023768107096,0.759563684463501,0.7937980890274048,0.8674589395523071,0.06772400438785553,0.3462061882019043,0.5868523716926575,1,0.07914275489747524,0.0717679038643837,0.07989735156297684,0.3840172588825226,0.40187162160873413,0.026164868846535683,0.11982313543558121,0,0.759563684463501,1,0,1.1255134344100952,-0.018080204725265503,1.0230920314788818,1.554696798324585,0.9135785698890686,0.9082651138305664,-0.03595609590411186,-0.44285377860069275,0.4245692491531372,1.0334151983261108,1.0150132179260254,1.0208475589752197,https://wandb.ai/ememchijioke-university-of-klagenfurt/marl-uav-v0-7-compact-triangle-obstacle/runs/f23wgnom
2026-05-30T12:29:31.384317,647,1,11420.521912756023,0,0,0,MOVE_TRIANGLE_OBSTACLE,1.0,0.05085938796401024,0.04657295346260071,0.050478180249532066,0.7515460848808289,0.7875795364379883,0.862308919429779,0.06828977167606354,0.34818321466445923,0.5888071060180664,1,0.07832869281992316,0.07044907659292221,0.08008413761854172,0.39289769530296326,0.42184752225875854,0.01340236235409975,0.14753593504428864,0,0.7515460848808289,1,0,1.1134440898895264,-0.024706324562430382,1.0221294164657593,1.537784218788147,0.8989343643188477,0.9036138653755188,-0.04850729554891586,-0.44394683837890625,0.4183351695537567,1.0324077606201172,1.014519214630127,1.0194611549377441,https://wandb.ai/ememchijioke-university-of-klagenfurt/marl-uav-v0-7-compact-triangle-obstacle/runs/f23wgnom
2026-05-30T12:29:38.207768,648,1,11476.993250368489,0,0,0,MOVE_TRIANGLE_OBSTACLE,1.0,0.05217467248439789,0.04245971143245697,0.047426044940948486,0.753257691860199,0.7811888456344604,0.857831597328186,0.060512933880090714,0.34646931290626526,0.5865074396133423,1,0.07974418438971043,0.06895279139280319,0.08053334802389145,0.37099218368530273,0.3838128447532654,0.006424260791391134,0.10158484429121017,0,0.753257691860199,1,0,1.1199225187301636,-0.02467568777501583,1.0225189924240112,1.543762445449829,0.9116320610046387,0.9043728113174438,-0.03782635182142258,-0.446988970041275,0.41078826785087585,1.0336323976516724,1.0137765407562256,1.0201479196548462,https://wandb.ai/ememchijioke-university-of-klagenfurt/marl-uav-v0-7-compact-triangle-obstacle/runs/f23wgnom
2026-05-30T12:29:45.407896,649,1,11414.900283147259,0,0,0,MOVE_TRIANGLE_OBSTACLE,1.0,0.048579271882772446,0.04765307903289795,0.05863875150680542,0.764319121837616,0.790989339351654,0.8706077933311462,0.06954727321863174,0.3499429523944855,0.5903093218803406,1,0.0775713911280036,0.0701792910695076,0.08421410620212555,0.39576831459999084,0.41353639960289,0.01986672542989254,0.10873043537139893,0,0.764319121837616,1,0,1.114909052848816,-0.02236536145210266,1.0219998359680176,1.5440680980682373,0.8979124426841736,0.9027466177940369,-0.04072163254022598,-0.4484699070453644,0.4220954477787018,1.033093810081482,1.0128976106643677,1.0200079679489136,https://wandb.ai/ememchijioke-university-of-klagenfurt/marl-uav-v0-7-compact-triangle-obstacle/runs/f23wgnom
2026-05-30T12:29:51.996315,650,1,11486.6458711036,0,0,0,MOVE_TRIANGLE_OBSTACLE,1.0,0.05430165305733681,0.040036801248788834,0.04890704154968262,0.759587824344635,0.7851712107658386,0.8519620895385742,0.05759577080607414,0.3493516743183136,0.5882434248924255,1,0.07784409075975418,0.06892909109592438,0.0812632143497467,0.37417539954185486,0.3816722333431244,0.018310481682419777,0.07261653244495392,0,0.759587824344635,1,0,1.1176631450653076,-0.025191524997353554,1.0228396654129028,1.5469329357147217,0.905444860458374,0.9006115794181824,-0.038305722177028656,-0.44459548592567444,0.4073266386985779,1.0338687896728516,1.0139847993850708,1.0206657648086548,https://wandb.ai/ememchijioke-university-of-klagenfurt/marl-uav-v0-7-compact-triangle-obstacle/runs/f23wgnom
2026-05-30T12:29:58.699697,651,1,11483.494378043055,0,0,0,MOVE_TRIANGLE_OBSTACLE,1.0,0.05428412929177284,0.046510111540555954,0.05570371945699056,0.7599411606788635,0.7895956635475159,0.8675743341445923,0.0679970383644104,0.34992823004722595,0.5892786383628845,1,0.07766601676121354,0.07355719059705734,0.08524874597787857,0.39040422439575195,0.3933100700378418,0.019544364884495735,0.1543302983045578,0,0.7599411606788635,1,0,1.1157957315444946,-0.022378474473953247,1.0221800804138184,1.5433558225631714,0.9013909697532654,0.9026405215263367,-0.04073094576597214,-0.4469754993915558,0.4205710291862488,1.03250253200531,1.0136064291000366,1.0204312801361084,https://wandb.ai/ememchijioke-university-of-klagenfurt/marl-uav-v0-7-compact-triangle-obstacle/runs/f23wgnom
2026-05-30T12:30:05.603625,652,1,11539.687516482223,0,0,0,MOVE_TRIANGLE_OBSTACLE,1.0,0.053931381553411484,0.04757746681571007,0.054943621158599854,0.7523648142814636,0.7912185788154602,0.8712474703788757,0.06860761344432831,0.34537971019744873,0.5902084708213806,1,0.07921194727532566,0.0742468535900116,0.08648142218589783,0.3986548185348511,0.4255349338054657,0.01587139442563057,0.13567982614040375,0,0.7523648142814636,1,0,1.1273680925369263,-0.027143657207489014,1.0228222608566284,1.5518757104873657,0.9225627779960632,0.9076656699180603,-0.04292900860309601,-0.45479294657707214,0.4162909984588623,1.0332785844802856,1.0136269330978394,1.0215612649917603,https://wandb.ai/ememchijioke-university-of-klagenfurt/marl-uav-v0-7-compact-triangle-obstacle/runs/f23wgnom
2026-05-30T12:30:11.887788,653,1,11536.332302057705,0,0,0,MOVE_TRIANGLE_OBSTACLE,1.0,0.055447306483983994,0.04889395833015442,0.056592325369517006,0.7388911247253418,0.7934610247612,0.8652070760726929,0.07049431651830673,0.34631839394569397,0.5884211659431458,1,0.07846075831912458,0.07560864090919495,0.08072221279144287,0.3953922986984253,0.42294201254844666,0.019729651510715485,0.1314791440963745,0,0.7388911247253418,1,0,1.124346137046814,-0.025522738695144653,1.0227447748184204,1.5453882217407227,0.9205037951469421,0.9071465134620667,-0.05133308470249176,-0.4451538026332855,0.4199186861515045,1.0333614349365234,1.0137451887130737,1.021127462387085,https://wandb.ai/ememchijioke-university-of-klagenfurt/marl-uav-v0-7-compact-triangle-obstacle/runs/f23wgnom
2026-05-30T12:30:18.832672,654,1,11426.107853733607,0,0,0,MOVE_TRIANGLE_OBSTACLE,1.0,0.05158558860421181,0.04629102721810341,0.04982072114944458,0.7509647011756897,0.7866969704627991,0.861800491809845,0.06768457591533661,0.34956297278404236,0.589049756526947,1,0.07767304964363575,0.07079727202653885,0.08009384572505951,0.36736369132995605,0.37192651629447937,0.018967777490615845,0.1580590009689331,0,0.7509647011756897,1,0,1.1129728555679321,-0.02488292194902897,1.0227769613265991,1.5368711948394775,0.8991155624389648,0.9029318690299988,-0.04809902235865593,-0.4441552460193634,0.4176054894924164,1.0328938961029053,1.0140478610992432,1.0213892459869385,https://wandb.ai/ememchijioke-university-of-klagenfurt/marl-uav-v0-7-compact-triangle-obstacle/runs/f23wgnom
2026-05-30T12:30:25.044068,655,1,11427.15591235771,0,0,0,MOVE_TRIANGLE_OBSTACLE,1.0,0.053139518946409225,0.04719513654708862,0.053053816159566246,0.7592564225196838,0.7805461287498474,0.8693588972091675,0.06872112303972244,0.34980589151382446,0.5888383388519287,1,0.07864857418462634,0.07289384305477142,0.08744388818740845,0.3873482942581177,0.4175903797149658,0.021169954910874367,0.09128686785697937,0,0.7592564225196838,1,0,1.1098376512527466,-0.023764899000525475,1.0219401121139526,1.5330657958984375,0.8935526013374329,0.9028946161270142,-0.04097849130630493,-0.4497929513454437,0.4194767475128174,1.0319124460220337,1.012836217880249,1.0210716724395752,https://wandb.ai/ememchijioke-university-of-klagenfurt/marl-uav-v0-7-compact-triangle-obstacle/runs/f23wgnom
2026-05-30T12:30:32.258494,656,1,11417.29342008575,0,0,0,MOVE_TRIANGLE_OBSTACLE,1.0,0.051932401955127716,0.04361497238278389,0.04870911439259847,0.7341059446334839,0.7810185551643372,0.8492147326469421,0.06185071915388107,0.3480151295661926,0.5864677429199219,1,0.07841882482171059,0.06819652765989304,0.07966016978025436,0.40424442291259766,0.4123969078063965,0.019503973424434662,0.09949382394552231,0,0.7341059446334839,1,0,1.114707112312317,-0.02807898260653019,1.0227547883987427,1.5324020385742188,0.9095619320869446,0.9021575450897217,-0.05241389200091362,-0.44049271941185,0.408669650554657,1.0337426662445068,1.0143388509750366,1.0201829671859741,https://wandb.ai/ememchijioke-university-of-klagenfurt/marl-uav-v0-7-compact-triangle-obstacle/runs/f23wgnom
2026-05-30T12:30:39.504517,657,1,11486.312087717168,0,0,0,MOVE_TRIANGLE_OBSTACLE,1.0,0.05647972598671913,0.04433267191052437,0.055369039376576744,0.7631078958511353,0.7902600765228271,0.8627391457557678,0.06439629197120667,0.34819477796554565,0.5931591987609863,1,0.07756875175982714,0.07305740565061569,0.08985017985105515,0.3852427005767822,0.4045387804508209,0.014833529479801655,0.1413736343383789,0,0.7631078958511353,1,0,1.118577241897583,-0.03018459677696228,1.0237277746200562,1.5488206148147583,0.9038109183311462,0.903100311756134,-0.046221304684877396,-0.45351946353912354,0.409186989068985,1.0346413850784302,1.0145331621170044,1.0220088958740234,https://wandb.ai/ememchijioke-university-of-klagenfurt/marl-uav-v0-7-compact-triangle-obstacle/runs/f23wgnom
2026-05-30T12:30:46.971561,658,1,11480.84957071696,0,0,0,MOVE_TRIANGLE_OBSTACLE,1.0,0.05380281060934067,0.04428430274128914,0.05022158225377401,0.7490866780281067,0.7929896116256714,0.8567618131637573,0.06429529190063477,0.3471984267234802,0.5912339091300964,1,0.07766731129959226,0.07086458057165146,0.0806826651096344,0.3881968557834625,0.3966086506843567,0.015643496066331863,0.12493463605642319,0,0.7490866780281067,1,0,1.121728777885437,-0.03046131134033203,1.0224090814590454,1.548673152923584,0.9129976034164429,0.9035152792930603,-0.052181798964738846,-0.44793713092803955,0.4087349772453308,1.0334923267364502,1.0128731727600098,1.0208617448806763,https://wandb.ai/ememchijioke-university-of-klagenfurt/marl-uav-v0-7-compact-triangle-obstacle/runs/f23wgnom
2026-05-30T12:30:54.313034,659,1,11420.20926255999,0,0,0,MOVE_TRIANGLE_OBSTACLE,1.0,0.05138733983039856,0.04648895934224129,0.058975676695505776,0.7690091133117676,0.7872288823127747,0.8706890344619751,0.06753262132406235,0.3459436595439911,0.5933130383491516,1,0.07920643920078874,0.07047255337238312,0.0927000641822815,0.3826022148132324,0.39370810985565186,0.024248825386166573,0.1140473261475563,0,0.7690091133117676,1,0,1.1168594360351562,-0.030123839154839516,1.022323727607727,1.5464881658554077,0.8987604379653931,0.9053296446800232,-0.044304654002189636,-0.45835286378860474,0.41228601336479187,1.033234715461731,1.0135401487350464,1.0201964378356934,https://wandb.ai/ememchijioke-university-of-klagenfurt/marl-uav-v0-7-compact-triangle-obstacle/runs/f23wgnom
2026-05-30T12:31:01.414633,660,1,11488.080536690966,0,0,0,MOVE_TRIANGLE_OBSTACLE,1.0,0.05557458847761154,0.043009545654058456,0.05023157596588135,0.7562443017959595,0.7839598059654236,0.860490620136261,0.06142835319042206,0.34889981150627136,0.5902828574180603,1,0.07804208900779486,0.07180275768041611,0.08666921406984329,0.38466861844062805,0.4009428322315216,0.01166846975684166,0.13148295879364014,0,0.7562443017959595,1,0,1.1184024810791016,-0.029162118211388588,1.0225334167480469,1.5439822673797607,0.9099715352058411,0.9012538194656372,-0.04149048030376434,-0.4532029628753662,0.40720710158348083,1.0336989164352417,1.012994647026062,1.0209068059921265,https://wandb.ai/ememchijioke-university-of-klagenfurt/marl-uav-v0-7-compact-triangle-obstacle/runs/f23wgnom
2026-05-30T12:31:08.690537,661,1,11486.644091436949,0,0,0,MOVE_TRIANGLE_OBSTACLE,1.0,0.0493193119764328,0.045755285769701004,0.05186669031778971,0.745733916759491,0.7898061871528625,0.8615278005599976,0.06581322848796844,0.34562233090400696,0.5881235003471375,1,0.07907853298820555,0.06902176886796951,0.07734055072069168,0.4030611515045166,0.4128979444503784,0.009563278406858444,0.11456656455993652,0,0.745733916759491,1,0,1.1247493028640747,-0.026185741648077965,1.0224519968032837,1.5480823516845703,0.9194148778915405,0.9067504405975342,-0.0462552011013031,-0.4468483030796051,0.41454628109931946,1.0333664417266846,1.0128369331359863,1.0211527347564697,https://wandb.ai/ememchijioke-university-of-klagenfurt/marl-uav-v0-7-compact-triangle-obstacle/runs/f23wgnom
2026-05-30T12:31:15.849368,662,1,11481.218129881992,0,0,0,MOVE_TRIANGLE_OBSTACLE,1.0,0.05548373609781265,0.04329695180058479,0.052826364835103355,0.7612102031707764,0.783972442150116,0.8632964491844177,0.06146905943751335,0.3455292284488678,0.5926976799964905,1,0.07924927538260818,0.07142122834920883,0.0922505110502243,0.3709251880645752,0.37135204672813416,0.011873585171997547,0.12213361263275146,0,0.7612102031707764,1,0,1.1223273277282715,-0.03382274508476257,1.0226988792419434,1.549306869506836,0.9129928946495056,0.9046820402145386,-0.04341547563672066,-0.46063047647476196,0.4025777280330658,1.0342190265655518,1.0123745203018188,1.0215030908584595,https://wandb.ai/ememchijioke-university-of-klagenfurt/marl-uav-v0-7-compact-triangle-obstacle/runs/f23wgnom
2026-05-30T12:31:22.539671,663,1,11612.369514883498,0,0,0,MOVE_TRIANGLE_OBSTACLE,1.0,0.05380984768271446,0.05131341889500618,0.06082061926523844,0.7455173134803772,0.8037819266319275,0.874197244644165,0.07452837377786636,0.34380486607551575,0.5909156203269958,1,0.07886264566332102,0.076752208173275,0.08183938264846802,0.3941922187805176,0.4201670289039612,0.01708151213824749,0.10223274677991867,0,0.7455173134803772,1,0,1.1347562074661255,-0.025569627061486244,1.0232515335083008,1.5607291460037231,0.932492196559906,0.9110473394393921,-0.04964792728424072,-0.4504813551902771,0.42342039942741394,1.034835934638977,1.0136948823928833,1.021223783493042,https://wandb.ai/ememchijioke-university-of-klagenfurt/marl-uav-v0-7-compact-triangle-obstacle/runs/f23wgnom
2026-05-30T12:31:29.716541,664,1,11479.332652155561,0,0,0,MOVE_TRIANGLE_OBSTACLE,1.0,0.052916519343853,0.04908245801925659,0.060030182202657066,0.7626400589942932,0.7925602793693542,0.8748902082443237,0.07159502804279327,0.3433613181114197,0.5936382412910461,1,0.07984112133271992,0.07375095039606094,0.09237700700759888,0.3849189281463623,0.40740978717803955,0.018747134134173393,0.13274268805980682,0,0.7626400589942932,1,0,1.1232010126113892,-0.030648579820990562,1.0225090980529785,1.5513724088668823,0.9086633920669556,0.9095670580863953,-0.04892188310623169,-0.45893874764442444,0.415914922952652,1.033704400062561,1.0129404067993164,1.0208827257156372,https://wandb.ai/ememchijioke-university-of-klagenfurt/marl-uav-v0-7-compact-triangle-obstacle/runs/f23wgnom
2026-05-30T12:31:36.825329,665,1,11547.411050997205,0,0,0,MOVE_TRIANGLE_OBSTACLE,1.0,0.05477094277739525,0.046740371733903885,0.057683984438578285,0.7582224607467651,0.8013125658035278,0.8635169267654419,0.06832654029130936,0.34430843591690063,0.5924851298332214,1,0.07859458448365331,0.07358292490243912,0.0845131203532219,0.3855762183666229,0.4040887951850891,0.023455075919628143,0.11982784420251846,0,0.7582224607467651,1,0,1.1269268989562988,-0.028315693140029907,1.0226068496704102,1.5592930316925049,0.9139925241470337,0.9074949622154236,-0.05108161270618439,-0.4486693739891052,0.4148038923740387,1.0342282056808472,1.0139176845550537,1.0196747779846191,https://wandb.ai/ememchijioke-university-of-klagenfurt/marl-uav-v0-7-compact-triangle-obstacle/runs/f23wgnom
2026-05-30T12:31:43.922633,666,1,11540.334262864037,0,0,0,MOVE_TRIANGLE_OBSTACLE,1.0,0.06058960780501366,0.05015142634510994,0.05821530024210612,0.7562796473503113,0.7928631901741028,0.8755030632019043,0.07286310940980911,0.3447207808494568,0.5940895080566406,1,0.07908897171728313,0.08018749952316284,0.09550806879997253,0.3676523268222809,0.37238097190856934,0.02064594067633152,0.15489713847637177,0,0.7562796473503113,1,0,1.1217294931411743,-0.031823594123125076,1.022746205329895,1.5472601652145386,0.9105432629585266,0.9073851704597473,-0.05195663869380951,-0.4594939053058624,0.4159797430038452,1.034953236579895,1.013416051864624,1.0198694467544556,https://wandb.ai/ememchijioke-university-of-klagenfurt/marl-uav-v0-7-compact-triangle-obstacle/runs/f23wgnom
2026-05-30T12:31:50.433532,667,1,11418.647550336047,0,0,0,MOVE_TRIANGLE_OBSTACLE,1.0,0.05089576914906502,0.04659426212310791,0.0578618049621582,0.7659382820129395,0.7866546511650085,0.8709924817085266,0.06696475297212601,0.3493744730949402,0.5920517444610596,1,0.0779140111990273,0.07073632627725601,0.0897543653845787,0.35844504833221436,0.3662388026714325,0.013568972237408161,0.08123274892568588,0,0.7659382820129395,1,0,1.1154087781906128,-0.02705356478691101,1.0227938890457153,1.5435177087783813,0.9009289145469666,0.9017797708511353,-0.039879050105810165,-0.4561232328414917,0.41484159231185913,1.035133719444275,1.0131810903549194,1.0200669765472412,https://wandb.ai/ememchijioke-university-of-klagenfurt/marl-uav-v0-7-compact-triangle-obstacle/runs/f23wgnom
2026-05-30T12:31:57.307613,668,1,11486.292808545923,0,0,0,MOVE_TRIANGLE_OBSTACLE,1.0,0.05333533138036728,0.0432482473552227,0.051205178101857506,0.756061315536499,0.7921022772789001,0.8554519414901733,0.06275792419910431,0.34456896781921387,0.5908918976783752,1,0.07907143863849342,0.06962447613477707,0.0822654664516449,0.3952517807483673,0.42712894082069397,0.012077152729034424,0.1466302126646042,0,0.756061315536499,1,0,1.1218628883361816,-0.029846569523215294,1.022347331047058,1.5515176057815552,0.9090415239334106,0.9050295352935791,-0.04963894188404083,-0.44766560196876526,0.40776485204696655,1.0346288681030273,1.0139394998550415,1.018473744392395,https://wandb.ai/ememchijioke-university-of-klagenfurt/marl-uav-v0-7-compact-triangle-obstacle/runs/f23wgnom
2026-05-30T12:32:04.403433,669,1,11485.968608957242,0,0,0,MOVE_TRIANGLE_OBSTACLE,1.0,0.05371642857789993,0.04766741394996643,0.051623026529947914,0.7526904940605164,0.7813015580177307,0.8708770275115967,0.06741444021463394,0.3448565602302551,0.5888934135437012,1,0.08053587237372994,0.07346636801958084,0.0884130522608757,0.38746896386146545,0.40455353260040283,0.010153016075491905,0.10428818315267563,0,0.7526904940605164,1,0,1.119654655456543,-0.027512202039361,1.0223783254623413,1.5402923822402954,0.9125931262969971,0.9060783982276917,-0.04122859612107277,-0.45607468485832214,0.41476666927337646,1.0348730087280273,1.0139126777648926,1.018349051475525,https://wandb.ai/ememchijioke-university-of-klagenfurt/marl-uav-v0-7-compact-triangle-obstacle/runs/f23wgnom
2026-05-30T12:32:11.590050,670,1,11480.165466956247,0,0,0,MOVE_TRIANGLE_OBSTACLE,1.0,0.05519932508468628,0.04506464675068855,0.05784229437510172,0.7686412334442139,0.7860673666000366,0.8688182830810547,0.06410122662782669,0.3434067368507385,0.5937579274177551,1,0.08025120478123426,0.07211703807115555,0.09622212499380112,0.3821147382259369,0.3988790214061737,0.014910751022398472,0.13927170634269714,0,0.7686412334442139,1,0,1.1224042177200317,-0.03320937231183052,1.0230361223220825,1.5519256591796875,0.9089942574501038,0.906292736530304,-0.04233367368578911,-0.46304842829704285,0.4057539999485016,1.035640835762024,1.0144832134246826,1.018984317779541,https://wandb.ai/ememchijioke-university-of-klagenfurt/marl-uav-v0-7-compact-triangle-obstacle/runs/f23wgnom
2026-05-30T12:32:18.476505,671,1,11430.072515076909,0,0,0,MOVE_TRIANGLE_OBSTACLE,1.0,0.056831277906894684,0.04515649750828743,0.04578338066736857,0.7560669183731079,0.7674715518951416,0.8638116717338562,0.06261368840932846,0.34348541498184204,0.589149534702301,1,0.08211224060505629,0.07225901633501053,0.09373601526021957,0.3759520947933197,0.38206371665000916,0.016813406720757484,0.12205994129180908,0,0.7560669183731079,1,0,1.1113150119781494,-0.03254825994372368,1.0226964950561523,1.529349446296692,0.8991818428039551,0.9054138660430908,-0.042324766516685486,-0.4595506489276886,0.40423062443733215,1.035579800605774,1.0144017934799194,1.0181078910827637,https://wandb.ai/ememchijioke-university-of-klagenfurt/marl-uav-v0-7-compact-triangle-obstacle/runs/f23wgnom
2026-05-30T12:32:25.396962,672,1,11487.656134127492,0,0,0,MOVE_TRIANGLE_OBSTACLE,1.0,0.05638899654150009,0.048083435744047165,0.06268811225891113,0.7670652270317078,0.7992079257965088,0.8717911839485168,0.06981753557920456,0.3492085933685303,0.5967402458190918,1,0.07644048659130931,0.07547327131032944,0.09431184083223343,0.3915325701236725,0.41193222999572754,0.01915038749575615,0.06679695844650269,0,0.7670652270317078,1,0,1.11954665184021,-0.031910013407468796,1.022912859916687,1.5528961420059204,0.9047081470489502,0.9010355472564697,-0.04940187931060791,-0.45904913544654846,0.4127209484577179,1.0351369380950928,1.0143887996673584,1.0192127227783203,https://wandb.ai/ememchijioke-university-of-klagenfurt/marl-uav-v0-7-compact-triangle-obstacle/runs/f23wgnom
2026-05-30T12:32:32.450715,673,1,11484.72337976412,0,0,0,MOVE_TRIANGLE_OBSTACLE,1.0,0.05039021372795105,0.04337005317211151,0.05329388380050659,0.7630770206451416,0.7853211760520935,0.8614834547042847,0.06228363513946533,0.3446667194366455,0.5876548886299133,1,0.08026068843901157,0.06828626990318298,0.08264782279729843,0.3819767236709595,0.39601394534111023,0.017867883667349815,0.120977021753788,0,0.7630770206451416,1,0,1.1217365264892578,-0.023152748122811317,1.0232170820236206,1.5503069162368774,0.9079466462135315,0.9069559574127197,-0.036060720682144165,-0.4474322497844696,0.41403472423553467,1.035351276397705,1.014535665512085,1.0197641849517822,https://wandb.ai/ememchijioke-university-of-klagenfurt/marl-uav-v0-7-compact-triangle-obstacle/runs/f23wgnom
2026-05-30T12:32:39.744249,674,1,11477.936411813967,0,0,0,MOVE_TRIANGLE_OBSTACLE,1.0,0.05480998754501343,0.04504726454615593,0.05539220571517944,0.7647616267204285,0.7821483016014099,0.8692666888237,0.06365501880645752,0.3487740755081177,0.5897756218910217,1,0.07889543613418937,0.07297161966562271,0.09099890291690826,0.3747066557407379,0.3869583010673523,0.014286118559539318,0.1088651791214943,0,0.7647616267204285,1,0,1.1171845197677612,-0.025534242391586304,1.0227810144424438,1.5435007810592651,0.9066282510757446,0.9014244079589844,-0.03335878998041153,-0.45624175667762756,0.4129978120326996,1.0350143909454346,1.0144288539886475,1.0189000368118286,https://wandb.ai/ememchijioke-university-of-klagenfurt/marl-uav-v0-7-compact-triangle-obstacle/runs/f23wgnom
2026-05-30T12:32:46.574471,675,1,11549.754625973324,0,0,0,MOVE_TRIANGLE_OBSTACLE,1.0,0.05800158903002739,0.045365095138549805,0.05670549472173055,0.7634649276733398,0.7900152802467346,0.8666362762451172,0.06557606905698776,0.3434842526912689,0.5919085144996643,1,0.08001365000382066,0.07511378079652786,0.09238205850124359,0.3941992521286011,0.4091898798942566,0.017091915011405945,0.07983765751123428,0,0.7634649276733398,1,0,1.1236913204193115,-0.029604196548461914,1.0229021310806274,1.5531375408172607,0.9106181859970093,0.9073182940483093,-0.043895822018384933,-0.45576754212379456,0.41085076332092285,1.0348869562149048,1.014656901359558,1.019162654876709,https://wandb.ai/ememchijioke-university-of-klagenfurt/marl-uav-v0-7-compact-triangle-obstacle/runs/f23wgnom
2026-05-30T12:32:53.211682,676,1,11541.306237659053,0,0,0,MOVE_TRIANGLE_OBSTACLE,1.0,0.052641913294792175,0.04926310107111931,0.057762722174326576,0.751001238822937,0.7995973825454712,0.8726895451545715,0.07120806723833084,0.34533554315567017,0.5925958156585693,1,0.07834339677356184,0.07435142248868942,0.08591169863939285,0.38788995146751404,0.401766300201416,0.015035291202366352,0.1265803426504135,0,0.751001238822937,1,0,1.1306687593460083,-0.028996139764785767,1.0231682062149048,1.5576224327087402,0.9275369644165039,0.9068469405174255,-0.04774422198534012,-0.4558343291282654,0.4165901243686676,1.0354721546173096,1.01408052444458,1.0199519395828247,https://wandb.ai/ememchijioke-university-of-klagenfurt/marl-uav-v0-7-compact-triangle-obstacle/runs/f23wgnom
2026-05-30T12:33:00.757270,677,1,11480.185658194925,0,0,0,MOVE_TRIANGLE_OBSTACLE,1.0,0.05666498467326164,0.05267369747161865,0.06555185715357463,0.7632102966308594,0.7988083362579346,0.8846369385719299,0.07697965204715729,0.34970906376838684,0.5972761511802673,1,0.07648641592822969,0.07942765951156616,0.09790145605802536,0.36675405502319336,0.3762032687664032,0.01852576434612274,0.09025751799345016,0,0.7632102966308594,1,0,1.1187883615493774,-0.030810097232460976,1.023733139038086,1.547478437423706,0.9064278602600098,0.902458906173706,-0.04988933354616165,-0.4635807275772095,0.42103976011276245,1.0359103679656982,1.0158222913742065,1.0194669961929321,https://wandb.ai/ememchijioke-university-of-klagenfurt/marl-uav-v0-7-compact-triangle-obstacle/runs/f23wgnom
2026-05-30T12:33:08.239095,678,1,11481.281066534275,0,0,0,MOVE_TRIANGLE_OBSTACLE,1.0,0.05523909628391266,0.048388779163360596,0.059551616509755455,0.7615658640861511,0.7941941618919373,0.872894823551178,0.07063517719507217,0.34557434916496277,0.5945818424224854,1,0.07865552557632327,0.07484092563390732,0.09329251945018768,0.4123193323612213,0.4256587624549866,0.013479010201990604,0.12530119717121124,0,0.7615658640861511,1,0,1.1207219362258911,-0.031867414712905884,1.0222049951553345,1.5495874881744385,0.9075766801834106,0.9050017595291138,-0.05003861337900162,-0.4592230021953583,0.41365936398506165,1.0337814092636108,1.0144734382629395,1.0183601379394531,https://wandb.ai/ememchijioke-university-of-klagenfurt/marl-uav-v0-7-compact-triangle-obstacle/runs/f23wgnom
2026-05-30T12:33:15.407868,679,1,11483.681555795107,0,0,0,MOVE_TRIANGLE_OBSTACLE,1.0,0.0533980131149292,0.047233086079359055,0.05773236354192098,0.7637520432472229,0.7842743992805481,0.8751706480979919,0.06762468814849854,0.3450087606906891,0.5914456248283386,1,0.08020533202216029,0.07320845127105713,0.09411779791116714,0.39146533608436584,0.4053936004638672,0.018695401027798653,0.14289751648902893,0,0.7637520432472229,1,0,1.1211225986480713,-0.028778234496712685,1.0226210355758667,1.5465426445007324,0.9107146859169006,0.9061105847358704,-0.038696445524692535,-0.4613930881023407,0.41375482082366943,1.033965826034546,1.0147957801818848,1.019101619720459,https://wandb.ai/ememchijioke-university-of-klagenfurt/marl-uav-v0-7-compact-triangle-obstacle/runs/f23wgnom
2026-05-30T12:33:22.406650,680,1,11420.586172246214,0,0,0,MOVE_TRIANGLE_OBSTACLE,1.0,0.05333142727613449,0.04343360662460327,0.05004050334294637,0.7572988867759705,0.7820783853530884,0.8607442378997803,0.06261540204286575,0.3481617271900177,0.590736448764801,1,0.07858504028990865,0.0697222426533699,0.0870598554611206,0.40087875723838806,0.42310813069343567,0.016257742419838905,0.12070523947477341,0,0.7572988867759705,1,0,1.1140192747116089,-0.030159950256347656,1.022182822227478,1.5391294956207275,0.9020504951477051,0.9008775949478149,-0.04440693184733391,-0.45340314507484436,0.4073302149772644,1.0333383083343506,1.0145221948623657,1.0186878442764282,https://wandb.ai/ememchijioke-university-of-klagenfurt/marl-uav-v0-7-compact-triangle-obstacle/runs/f23wgnom
2026-05-30T12:33:29.226780,681,1,11479.88748885664,0,0,0,MOVE_TRIANGLE_OBSTACLE,1.0,0.05402735620737076,0.04599587246775627,0.059807419776916504,0.7652460336685181,0.7942026853561401,0.8699735403060913,0.06652216613292694,0.3470225930213928,0.5948315262794495,1,0.07797004957683384,0.07243966311216354,0.09329970180988312,0.38530218601226807,0.41204214096069336,0.017288843169808388,0.1374834179878235,0,0.7652460336685181,1,0,1.122832179069519,-0.03248980641365051,1.021952748298645,1.5540159940719604,0.91214919090271,0.9023312330245972,-0.04498501121997833,-0.46119561791419983,0.4087112247943878,1.0334224700927734,1.0139992237091064,1.0184367895126343,https://wandb.ai/ememchijioke-university-of-klagenfurt/marl-uav-v0-7-compact-triangle-obstacle/runs/f23wgnom
2026-05-30T12:33:36.708250,682,1,11484.717774322442,0,0,0,MOVE_TRIANGLE_OBSTACLE,1.0,0.05321427062153816,0.04654499515891075,0.05864344040552775,0.7628447413444519,0.7933268547058105,0.8697587251663208,0.06745153665542603,0.347922682762146,0.5924125909805298,1,0.07795019261538982,0.07256496697664261,0.08920200169086456,0.4004592001438141,0.40787363052368164,0.01695988141000271,0.09772279858589172,0,0.7628447413444519,1,0,1.1204241514205933,-0.027729302644729614,1.0222845077514648,1.550264596939087,0.9091207981109619,0.9018868803977966,-0.042367495596408844,-0.455272912979126,0.4144524931907654,1.034416675567627,1.0150314569473267,1.0174055099487305,https://wandb.ai/ememchijioke-university-of-klagenfurt/marl-uav-v0-7-compact-triangle-obstacle/runs/f23wgnom
2026-05-30T12:33:43.266130,683,1,11493.226670860027,0,0,0,MOVE_TRIANGLE_OBSTACLE,1.0,0.05643947422504425,0.04556919261813164,0.05383924643198649,0.7624326944351196,0.7777997255325317,0.8712853193283081,0.06280685216188431,0.3447032868862152,0.5920665264129639,1,0.08067698869854212,0.0735158920288086,0.09846720844507217,0.387976735830307,0.39650943875312805,0.019825143739581108,0.11075922101736069,0,0.7624326944351196,1,0,1.1206796169281006,-0.03379477933049202,1.022298812866211,1.5438960790634155,0.9142657518386841,0.9038769602775574,-0.03784828260540962,-0.4673766493797302,0.4038406014442444,1.0341142416000366,1.0147565603256226,1.0180257558822632,https://wandb.ai/ememchijioke-university-of-klagenfurt/marl-uav-v0-7-compact-triangle-obstacle/runs/f23wgnom
2026-05-30T12:33:50.640572,684,1,11484.492729168087,0,0,0,MOVE_TRIANGLE_OBSTACLE,1.0,0.053350191563367844,0.045085370540618896,0.055981198946634926,0.7644150853157043,0.7835850119590759,0.8699434995651245,0.0630965530872345,0.3448457717895508,0.5919218063354492,1,0.08012794749811292,0.07125528156757355,0.09445322304964066,0.3797726333141327,0.39933449029922485,0.022061944007873535,0.1174209713935852,0,0.7644150853157043,1,0,1.1230865716934204,-0.03164137527346611,1.0219651460647583,1.549726128578186,0.9155060052871704,0.9040278196334839,-0.03744110092520714,-0.46367064118385315,0.40618762373924255,1.0343310832977295,1.013749122619629,1.017815351486206,https://wandb.ai/ememchijioke-university-of-klagenfurt/marl-uav-v0-7-compact-triangle-obstacle/runs/f23wgnom
2026-05-30T12:33:58.659671,685,1,11486.801590433493,0,0,0,MOVE_TRIANGLE_OBSTACLE,1.0,0.05737221986055374,0.04710953310132027,0.06118704875310262,0.7669444680213928,0.7922757267951965,0.8743409514427185,0.06797140091657639,0.34854111075401306,0.59620201587677,1,0.07747876807115972,0.07565595954656601,0.09878136962652206,0.3900741636753082,0.411278635263443,0.01724819652736187,0.09760820865631104,0,0.7669444680213928,1,0,1.1192477941513062,-0.03400276228785515,1.0217863321304321,1.5493630170822144,0.9081984758377075,0.9001817107200623,-0.045165348798036575,-0.4655698537826538,0.40872693061828613,1.0334457159042358,1.0141602754592896,1.0177528858184814,https://wandb.ai/ememchijioke-university-of-klagenfurt/marl-uav-v0-7-compact-triangle-obstacle/runs/f23wgnom
2026-05-30T12:34:05.794116,686,1,11535.245080551329,0,0,0,MOVE_TRIANGLE_OBSTACLE,1.0,0.0566849559545517,0.04412086680531502,0.0568813681602478,0.7636168003082275,0.7904989719390869,0.866528332233429,0.06276531517505646,0.34431907534599304,0.5932405591011047,1,0.07949953456409276,0.07344981282949448,0.09417186677455902,0.3783574104309082,0.38849714398384094,0.01913740672171116,0.08311119675636292,0,0.7636168003082275,1,0,1.127705454826355,-0.033150721341371536,1.0221484899520874,1.5576062202453613,0.9211546778678894,0.9043554067611694,-0.04093772917985916,-0.4624362587928772,0.40392181277275085,1.0339301824569702,1.0144606828689575,1.018054485321045,https://wandb.ai/ememchijioke-university-of-klagenfurt/marl-uav-v0-7-compact-triangle-obstacle/runs/f23wgnom
2026-05-30T12:34:12.562462,687,1,11486.308631944186,0,0,0,MOVE_TRIANGLE_OBSTACLE,1.0,0.05174179747700691,0.04515785351395607,0.058296918869018555,0.7647897601127625,0.7925318479537964,0.8675691485404968,0.06468192487955093,0.34853410720825195,0.5918071269989014,1,0.07779476838186383,0.07062108814716339,0.08803609013557434,0.3942298889160156,0.40242692828178406,0.01667056977748871,0.08971000462770462,0,0.7647897601127625,1,0,1.1218103170394897,-0.027240315452218056,1.021834135055542,1.5526814460754395,0.9120718240737915,0.9006779789924622,-0.0382358580827713,-0.4554857015609741,0.4120005965232849,1.034339427947998,1.0137165784835815,1.0174462795257568,https://wandb.ai/ememchijioke-university-of-klagenfurt/marl-uav-v0-7-compact-triangle-obstacle/runs/f23wgnom
2026-05-30T12:34:20.212109,688,1,11485.265302022824,0,0,0,MOVE_TRIANGLE_OBSTACLE,1.0,0.056250881403684616,0.05171279236674309,0.0658453901608785,0.7692511081695557,0.7898510694503784,0.8884339928627014,0.07477119565010071,0.3451227843761444,0.5963425040245056,1,0.07963808951899409,0.07820489257574081,0.10491092503070831,0.4051293432712555,0.42385566234588623,0.01336294412612915,0.1395374983549118,0,0.7692511081695557,1,0,1.1201387643814087,-0.03330953046679497,1.0215805768966675,1.5469692945480347,0.9080038666725159,0.9054429531097412,-0.04416413605213165,-0.4720953404903412,0.41633090376853943,1.0330761671066284,1.0144944190979004,1.017170786857605,https://wandb.ai/ememchijioke-university-of-klagenfurt/marl-uav-v0-7-compact-triangle-obstacle/runs/f23wgnom
2026-05-30T12:34:26.924871,689,1,11547.77581241738,0,0,0,MOVE_TRIANGLE_OBSTACLE,1.0,0.057498492300510406,0.047993678599596024,0.061506172021230064,0.7677209377288818,0.7876817584037781,0.8791158199310303,0.0672299712896347,0.3443355858325958,0.5941354632377625,1,0.08006498962640762,0.07678409665822983,0.1015334203839302,0.3798622190952301,0.3984310030937195,0.015990478917956352,0.08306113630533218,0,0.7677209377288818,1,0,1.1263155937194824,-0.032667506486177444,1.0223900079727173,1.5538736581802368,0.9200018644332886,0.9050713777542114,-0.03721935674548149,-0.4698837399482727,0.40910056233406067,1.0348271131515503,1.01473867893219,1.0176043510437012,https://wandb.ai/ememchijioke-university-of-klagenfurt/marl-uav-v0-7-compact-triangle-obstacle/runs/f23wgnom
2026-05-30T12:34:34.330253,690,1,11480.31730871095,0,0,0,MOVE_TRIANGLE_OBSTACLE,1.0,0.053750209510326385,0.045728977769613266,0.05745557943979899,0.767294704914093,0.7824815511703491,0.8725904822349548,0.06431341916322708,0.3449631333351135,0.5915923118591309,1,0.08036753069609404,0.07217729836702347,0.09555258601903915,0.3902747631072998,0.40521901845932007,0.019620249047875404,0.08211558312177658,0,0.767294704914093,1,0,1.1214450597763062,-0.029659291729331017,1.0228676795959473,1.548192024230957,0.911530077457428,0.9046133160591125,-0.03529982268810272,-0.4631190299987793,0.4094409942626953,1.0349799394607544,1.015655755996704,1.0179673433303833,https://wandb.ai/ememchijioke-university-of-klagenfurt/marl-uav-v0-7-compact-triangle-obstacle/runs/f23wgnom
2026-05-30T12:34:41.684714,691,1,11488.119670291288,0,0,0,MOVE_TRIANGLE_OBSTACLE,1.0,0.05225880816578865,0.04811164736747742,0.06497677167256673,0.7737919688224792,0.7912418842315674,0.8798964619636536,0.0676099881529808,0.34796223044395447,0.5944910645484924,1,0.07836903678253293,0.07296954840421677,0.09864377230405807,0.3908843994140625,0.41936418414115906,0.015651239082217216,0.07470047473907471,0,0.7737919688224792,1,0,1.1228753328323364,-0.02964729070663452,1.0217665433883667,1.5541316270828247,0.9133710861206055,0.901123583316803,-0.03402981534600258,-0.4673594832420349,0.412447452545166,1.034273624420166,1.0141398906707764,1.0168858766555786,https://wandb.ai/ememchijioke-university-of-klagenfurt/marl-uav-v0-7-compact-triangle-obstacle/runs/f23wgnom
2026-05-30T12:34:48.288026,692,1,11484.297461148793,0,0,0,MOVE_TRIANGLE_OBSTACLE,1.0,0.05167090892791748,0.046453896909952164,0.0633777379989624,0.7738485336303711,0.7909139394760132,0.8753707408905029,0.06591475009918213,0.34690260887145996,0.5933434367179871,1,0.0788928298279643,0.07133177667856216,0.09582943469285965,0.38572922348976135,0.40319928526878357,0.012245330959558487,0.13972266018390656,0,0.7738485336303711,1,0,1.1228243112564087,-0.028648773208260536,1.021612524986267,1.555000901222229,0.9113352298736572,0.9021366238594055,-0.034300822764635086,-0.46348297595977783,0.41183748841285706,1.0332624912261963,1.0148570537567139,1.0167181491851807,https://wandb.ai/ememchijioke-university-of-klagenfurt/marl-uav-v0-7-compact-triangle-obstacle/runs/f23wgnom
2026-05-30T12:34:55.581287,693,1,11494.35037618729,0,0,0,MOVE_TRIANGLE_OBSTACLE,1.0,0.05541948229074478,0.047912269830703735,0.059005538622538246,0.762301504611969,0.7866288423538208,0.878086268901825,0.067806676030159,0.34657058119773865,0.5944532752037048,1,0.07910280954092741,0.07490840554237366,0.09980666637420654,0.38467201590538025,0.3945138156414032,0.012861289083957672,0.13863228261470795,0,0.762301504611969,1,0,1.1221145391464233,-0.03408663347363472,1.021774172782898,1.5473111867904663,0.9172097444534302,0.9018226861953735,-0.04095946624875069,-0.4696253836154938,0.4083249270915985,1.033257007598877,1.0153334140777588,1.0167322158813477,https://wandb.ai/ememchijioke-university-of-klagenfurt/marl-uav-v0-7-compact-triangle-obstacle/runs/f23wgnom
2026-05-30T12:35:02.877089,694,1,11480.338086539112,0,0,0,MOVE_TRIANGLE_OBSTACLE,1.0,0.05176858231425285,0.05357426404953003,0.06467113892237346,0.7633758783340454,0.7882803678512573,0.8923571705818176,0.07691620290279388,0.34346625208854675,0.5936558842658997,1,0.08084567822515965,0.07700582593679428,0.1007346361875534,0.3925948441028595,0.4105047583580017,0.021666862070560455,0.12480425834655762,0,0.7633758783340454,1,0,1.1238749027252197,-0.029570171609520912,1.0223734378814697,1.5467803478240967,0.9158619046211243,0.9089824557304382,-0.04076816514134407,-0.4701356291770935,0.4221932590007782,1.0338542461395264,1.0157370567321777,1.017529010772705,https://wandb.ai/ememchijioke-university-of-klagenfurt/marl-uav-v0-7-compact-triangle-obstacle/runs/f23wgnom
2026-05-30T12:35:09.824195,695,1,11481.468948301686,0,0,0,MOVE_TRIANGLE_OBSTACLE,1.0,0.05418907850980759,0.04453706368803978,0.05756030480066935,0.7645783424377441,0.7899721264839172,0.8681304454803467,0.06352797895669937,0.3481324315071106,0.5934746861457825,1,0.07801050692796707,0.07179068773984909,0.09330733865499496,0.38676753640174866,0.40406689047813416,0.016976742073893547,0.12100648134946823,0,0.7645783424377441,1,0,1.1219308376312256,-0.03176942467689514,1.021860957145691,1.5516388416290283,0.9145256876945496,0.8996279835700989,-0.03957517445087433,-0.4618671238422394,0.4061340391635895,1.0335630178451538,1.015221118927002,1.0167986154556274,https://wandb.ai/ememchijioke-university-of-klagenfurt/marl-uav-v0-7-compact-triangle-obstacle/runs/f23wgnom
2026-05-30T12:35:16.953234,696,1,11486.771962367859,0,0,0,MOVE_TRIANGLE_OBSTACLE,1.0,0.04892663657665253,0.04848416522145271,0.062497476736704506,0.7661669850349426,0.7925230860710144,0.8788023591041565,0.07039342075586319,0.34716033935546875,0.5907127261161804,1,0.07898139860481024,0.07167664915323257,0.08937207609415054,0.3804074227809906,0.3896619975566864,0.013968005776405334,0.11600470542907715,0,0.7661669850349426,1,0,1.12307870388031,-0.023128420114517212,1.0222645998001099,1.5519849061965942,0.9128509759902954,0.9044000506401062,-0.03459755703806877,-0.45677450299263,0.42198678851127625,1.0332525968551636,1.0163322687149048,1.0172090530395508,https://wandb.ai/ememchijioke-university-of-klagenfurt/marl-uav-v0-7-compact-triangle-obstacle/runs/f23wgnom
2026-05-30T12:35:24.168469,697,1,11540.23585777104,0,0,0,MOVE_TRIANGLE_OBSTACLE,1.0,0.05208764970302582,0.050526123493909836,0.07285219430923462,0.7845109105110168,0.7989909052848816,0.8850547671318054,0.07141819596290588,0.34387654066085815,0.594581127166748,1,0.07982396916486323,0.07444914430379868,0.09979218244552612,0.3908250331878662,0.4104323089122772,0.009369132108986378,0.0856686532497406,0,0.7845109105110168,1,0,1.1282624006271362,-0.02518942952156067,1.0223501920700073,1.5657602548599243,0.9112322926521301,0.9077945947647095,-0.03214021772146225,-0.4642377495765686,0.42080968618392944,1.0343289375305176,1.0158289670944214,1.0168923139572144,https://wandb.ai/ememchijioke-university-of-klagenfurt/marl-uav-v0-7-compact-triangle-obstacle/runs/f23wgnom
2026-05-30T12:35:31.560366,698,1,11553.375280528111,0,0,0,MOVE_TRIANGLE_OBSTACLE,1.0,0.04901723191142082,0.04760400578379631,0.06152679522832235,0.7626857161521912,0.7962366342544556,0.8756580352783203,0.06829451024532318,0.34658288955688477,0.5896402597427368,1,0.07888383325189352,0.07138218730688095,0.08611773699522018,0.38761529326438904,0.3908568322658539,0.018546955659985542,0.12373097985982895,0,0.7626857161521912,1,0,1.1303192377090454,-0.022258689627051353,1.022076964378357,1.560124397277832,0.9265742897987366,0.9042590260505676,-0.031232204288244247,-0.45545846223831177,0.4199146032333374,1.033957839012146,1.0156326293945312,1.016640067100525,https://wandb.ai/ememchijioke-university-of-klagenfurt/marl-uav-v0-7-compact-triangle-obstacle/runs/f23wgnom
2026-05-30T12:35:38.777072,699,1,11424.16965007278,0,0,0,MOVE_TRIANGLE_OBSTACLE,1.0,0.04970213398337364,0.04979072883725166,0.06754565238952637,0.7793452739715576,0.786275327205658,0.8870163559913635,0.0707126185297966,0.3486003279685974,0.594062328338623,1,0.07903227070346475,0.07249998301267624,0.10126286000013351,0.3675345480442047,0.3914231061935425,0.017067240551114082,0.09820028394460678,0,0.7793452739715576,1,0,1.1166492700576782,-0.027016928419470787,1.0221519470214844,1.5465258359909058,0.9018024802207947,0.9016197323799133,-0.03101036511361599,-0.4685283601284027,0.41848793625831604,1.0333575010299683,1.0163629055023193,1.0167356729507446,https://wandb.ai/ememchijioke-university-of-klagenfurt/marl-uav-v0-7-compact-triangle-obstacle/runs/f23wgnom
2026-05-30T12:35:46.066368,700,1,11547.733258592272,0,0,0,MOVE_TRIANGLE_OBSTACLE,1.0,0.051440995186567307,0.04464581608772278,0.05661280949910482,0.7586451768875122,0.7965626120567322,0.8646306395530701,0.06428884714841843,0.3447781801223755,0.5910350680351257,1,0.07899411185644567,0.07029986381530762,0.08484482765197754,0.3872319161891937,0.389792799949646,0.018047889694571495,0.07228333503007889,0,0.7586451768875122,1,0,1.1312099695205688,-0.027901023626327515,1.02267587184906,1.5619689226150513,0.9268242120742798,0.9048367142677307,-0.03971294313669205,-0.454169362783432,0.4101792275905609,1.03463613986969,1.0156742334365845,1.0177172422409058,https://wandb.ai/ememchijioke-university-of-klagenfurt/marl-uav-v0-7-compact-triangle-obstacle/runs/f23wgnom
2026-05-30T12:35:53.338936,701,1,11480.89291901072,0,0,0,MOVE_TRIANGLE_OBSTACLE,1.0,0.05287081375718117,0.05089907720685005,0.0685414473215739,0.7703183889389038,0.8021102547645569,0.883195698261261,0.07434909790754318,0.3499956429004669,0.5968961119651794,1,0.07633598474785686,0.07566054910421371,0.0963532030582428,0.39484909176826477,0.39686447381973267,0.010933364741504192,0.11984971165657043,0,0.7703183889389038,1,0,1.1220794916152954,-0.028910160064697266,1.02283775806427,1.5554693937301636,0.9095549583435059,0.901214063167572,-0.04370885714888573,-0.46308794617652893,0.42006629705429077,1.033869743347168,1.0163739919662476,1.018269419670105,https://wandb.ai/ememchijioke-university-of-klagenfurt/marl-uav-v0-7-compact-triangle-obstacle/runs/f23wgnom
2026-05-30T12:36:00.285747,702,1,11487.398838706826,0,0,0,MOVE_TRIANGLE_OBSTACLE,1.0,0.05285921320319176,0.0450129508972168,0.060027877489725746,0.7691274285316467,0.7916927933692932,0.8692634105682373,0.06476899236440659,0.3475659489631653,0.5929304957389832,1,0.07826870260760188,0.0711885318160057,0.09198138862848282,0.37800097465515137,0.3975811004638672,0.02012942172586918,0.11003482341766357,0,0.7691274285316467,1,0,1.1216877698898315,-0.02860701084136963,1.0225368738174438,1.553617000579834,0.909689724445343,0.9017565846443176,-0.038195669651031494,-0.45842528343200684,0.41079992055892944,1.0338753461837769,1.0159369707107544,1.0177984237670898,https://wandb.ai/ememchijioke-university-of-klagenfurt/marl-uav-v0-7-compact-triangle-obstacle/runs/f23wgnom
2026-05-30T12:36:07.185745,703,1,11548.240072795741,0,0,0,MOVE_TRIANGLE_OBSTACLE,1.0,0.054178860038518906,0.04565906524658203,0.05609947443008423,0.7564683556556702,0.7953135371208191,0.8665165305137634,0.06620540469884872,0.3433275818824768,0.5921032428741455,1,0.07963683502748609,0.07270070910453796,0.08811761438846588,0.4035658538341522,0.4138038754463196,0.006985002662986517,0.11018168926239014,0,0.7564683556556702,1,0,1.1293730735778809,-0.030776729807257652,1.0222731828689575,1.5582655668258667,0.9234653115272522,0.9063882231712341,-0.04554375633597374,-0.4565660059452057,0.4097795784473419,1.0337395668029785,1.0154725313186646,1.0176076889038086,https://wandb.ai/ememchijioke-university-of-klagenfurt/marl-uav-v0-7-compact-triangle-obstacle/runs/f23wgnom
2026-05-30T12:36:14.620522,704,1,11481.823215769742,0,0,0,MOVE_TRIANGLE_OBSTACLE,1.0,0.05065859109163284,0.0467105396091938,0.05959029992421468,0.7663065791130066,0.7866216897964478,0.8758426308631897,0.06632135808467865,0.3454151749610901,0.591141402721405,1,0.08010131632909179,0.07113688439130783,0.09359697997570038,0.38397523760795593,0.4014682173728943,0.010354273952543736,0.06465215981006622,0,0.7663065791130066,1,0,1.1236227750778198,-0.02776426076889038,1.021728754043579,1.5509384870529175,0.9160284399986267,0.9039013981819153,-0.03386162966489792,-0.4625948369503021,0.4131636917591095,1.033156394958496,1.0157541036605835,1.0162756443023682,https://wandb.ai/ememchijioke-university-of-klagenfurt/marl-uav-v0-7-compact-triangle-obstacle/runs/f23wgnom
2026-05-30T12:36:22.097935,705,1,11484.997769309643,0,0,0,MOVE_TRIANGLE_OBSTACLE,1.0,0.0539972297847271,0.04835973307490349,0.06165122985839844,0.7636775970458984,0.7957189679145813,0.8755571246147156,0.07018432766199112,0.34659722447395325,0.5953566431999207,1,0.07815705006942153,0.0741620659828186,0.09487301111221313,0.3889480531215668,0.3906502425670624,0.01114975567907095,0.12628549337387085,0,0.7636775970458984,1,0,1.1227586269378662,-0.032343972474336624,1.0219693183898926,1.5526219606399536,0.9127699732780457,0.9028840065002441,-0.04654567316174507,-0.46299222111701965,0.41250595450401306,1.033926010131836,1.014815092086792,1.0171667337417603,https://wandb.ai/ememchijioke-university-of-klagenfurt/marl-uav-v0-7-compact-triangle-obstacle/runs/f23wgnom
2026-05-30T12:36:29.184973,706,1,11431.178905134202,0,0,0,MOVE_TRIANGLE_OBSTACLE,1.0,0.05270896479487419,0.042968232184648514,0.05409499009450277,0.767864465713501,0.7811843156814575,0.8632361888885498,0.06125252693891525,0.3444210886955261,0.592186689376831,1,0.0803594277240336,0.06834598630666733,0.09301324188709259,0.3882598876953125,0.40044480562210083,0.011194274760782719,0.13717885315418243,0,0.767864465713501,1,0,1.1169713735580444,-0.03250889852643013,1.0222350358963013,1.5454766750335693,0.9019328355789185,0.9035045504570007,-0.04127589985728264,-0.4597422182559967,0.40349140763282776,1.0342986583709717,1.0155084133148193,1.0168981552124023,https://wandb.ai/ememchijioke-university-of-klagenfurt/marl-uav-v0-7-compact-triangle-obstacle/runs/f23wgnom
2026-05-30T12:36:36.993870,707,1,11418.05384566458,0,0,0,MOVE_TRIANGLE_OBSTACLE,1.0,0.05275758355855942,0.04960682988166809,0.06250452995300293,0.7630150318145752,0.7950915694236755,0.8794069886207581,0.0725245326757431,0.34979715943336487,0.596538245677948,1,0.07689709984697402,0.07404913753271103,0.09653442353010178,0.38481125235557556,0.4041115939617157,0.01837206445634365,0.09906723350286484,0,0.7630150318145752,1,0,1.116835594177246,-0.03304474428296089,1.0213276147842407,1.545300006866455,0.9065579175949097,0.8986486792564392,-0.04813006892800331,-0.4651877284049988,0.4141835868358612,1.032301902770996,1.0160731077194214,1.0156075954437256,https://wandb.ai/ememchijioke-university-of-klagenfurt/marl-uav-v0-7-compact-triangle-obstacle/runs/f23wgnom
2026-05-30T12:36:43.356912,708,1,11538.615911680441,0,0,0,MOVE_TRIANGLE_OBSTACLE,1.0,0.056399982422590256,0.0431399829685688,0.06162259976069132,0.7770320773124695,0.7938938140869141,0.8639419078826904,0.05953017249703407,0.3472289443016052,0.5937609076499939,1,0.07819391880184412,0.07208442687988281,0.09552507847547531,0.3942154347896576,0.40793952345848083,0.019304465502500534,0.08606930822134018,0,0.7770320773124695,1,0,1.1256457567214966,-0.030431360006332397,1.0214709043502808,1.5628646612167358,0.914585530757904,0.8994870185852051,-0.033012017607688904,-0.4610459804534912,0.4027639329433441,1.0329869985580444,1.0156669616699219,1.0157583951950073,https://wandb.ai/ememchijioke-university-of-klagenfurt/marl-uav-v0-7-compact-triangle-obstacle/runs/f23wgnom
2026-05-30T12:36:49.821246,709,1,11495.037846972607,0,0,0,MOVE_TRIANGLE_OBSTACLE,1.0,0.05611100420355797,0.048689525574445724,0.0669939120610555,0.774293065071106,0.7954713702201843,0.8812173008918762,0.06959693878889084,0.3468393087387085,0.5984466075897217,1,0.07814220618456602,0.07543560862541199,0.10495549440383911,0.3764747679233551,0.39182236790657043,0.01836046390235424,0.08453118801116943,0,0.774293065071106,1,0,1.1226918697357178,-0.036340225487947464,1.0208791494369507,1.5555649995803833,0.9121820330619812,0.9003286957740784,-0.043089609593153,-0.47353431582450867,0.4076032340526581,1.0326310396194458,1.0151535272598267,1.0148528814315796,https://wandb.ai/ememchijioke-university-of-klagenfurt/marl-uav-v0-7-compact-triangle-obstacle/runs/f23wgnom
2026-05-30T12:36:56.864825,710,1,11479.759998361364,0,0,0,MOVE_TRIANGLE_OBSTACLE,1.0,0.05660358443856239,0.045008689165115356,0.05784672498703003,0.7619710564613342,0.7949638366699219,0.866605281829834,0.065250463783741,0.3457009494304657,0.5966268181800842,1,0.07821910083293915,0.07311142981052399,0.0957878902554512,0.38887467980384827,0.40594109892845154,0.009907272644340992,0.11571867018938065,0,0.7619710564613342,1,0,1.1237645149230957,-0.03793575242161751,1.021256446838379,1.554720401763916,0.9154045581817627,0.9011684656143188,-0.050626859068870544,-0.46483418345451355,0.4016537666320801,1.0326740741729736,1.0151411294937134,1.0159540176391602,https://wandb.ai/ememchijioke-university-of-klagenfurt/marl-uav-v0-7-compact-triangle-obstacle/runs/f23wgnom
2026-05-30T12:37:04.249102,711,1,11421.901810824145,0,0,0,MOVE_TRIANGLE_OBSTACLE,1.0,0.05702269449830055,0.04480380937457085,0.06080909570058187,0.7735001444816589,0.7913646697998047,0.867562472820282,0.06462888419628143,0.34841883182525635,0.5979034304618835,1,0.07738945819437504,0.07248998433351517,0.10015740245580673,0.3975802958011627,0.4134277403354645,0.013221029192209244,0.13113853335380554,0,0.7735001444816589,1,0,1.1143723726272583,-0.037366677075624466,1.0209636688232422,1.5482457876205444,0.8969616293907166,0.8979095816612244,-0.04858701303601265,-0.4655374586582184,0.40202441811561584,1.032057523727417,1.015211820602417,1.015621542930603,https://wandb.ai/ememchijioke-university-of-klagenfurt/marl-uav-v0-7-compact-triangle-obstacle/runs/f23wgnom
2026-05-30T12:37:10.848245,712,1,11488.61882741654,0,0,0,MOVE_TRIANGLE_OBSTACLE,1.0,0.055716849863529205,0.04861338809132576,0.06452713410059611,0.7725331783294678,0.7908336520195007,0.8802145719528198,0.07006700336933136,0.34418198466300964,0.5961092710494995,1,0.07984075043350458,0.07515858858823776,0.1026654839515686,0.39977362751960754,0.4077690541744232,0.010512259788811207,0.11986710876226425,0,0.7725331783294678,1,0,1.1213034391403198,-0.03412486985325813,1.0210342407226562,1.5517598390579224,0.9074224829673767,0.9047280550003052,-0.043665044009685516,-0.4694591462612152,0.41074955463409424,1.032675862312317,1.0143389701843262,1.0160878896713257,https://wandb.ai/ememchijioke-university-of-klagenfurt/marl-uav-v0-7-compact-triangle-obstacle/runs/f23wgnom
2026-05-30T12:37:17.892298,713,1,11489.752018621628,0,0,0,MOVE_TRIANGLE_OBSTACLE,1.0,0.05960926041007042,0.04845431447029114,0.060818493366241455,0.7632046937942505,0.7929967641830444,0.8762540221214294,0.06986314058303833,0.34804993867874146,0.597472608089447,1,0.07754344143904746,0.0779096782207489,0.1014041155576706,0.3980550765991211,0.4217125475406647,0.013418992049992085,0.11721672862768173,0,0.7632046937942505,1,0,1.1181999444961548,-0.037102025002241135,1.0207234621047974,1.546621561050415,0.9089193940162659,0.8990589380264282,-0.049940332770347595,-0.4687814712524414,0.4074157476425171,1.0333752632141113,1.0136390924453735,1.0151563882827759,https://wandb.ai/ememchijioke-university-of-klagenfurt/marl-uav-v0-7-compact-triangle-obstacle/runs/f23wgnom
2026-05-30T12:37:24.780697,714,1,11490.843745989594,0,0,0,MOVE_TRIANGLE_OBSTACLE,1.0,0.05693524703383446,0.04713180661201477,0.05916376908620199,0.7651662826538086,0.7857613563537598,0.8765636682510376,0.06567473709583282,0.3488635718822479,0.5948049426078796,1,0.07821705238893628,0.07546093314886093,0.10128504037857056,0.3936494290828705,0.4052370488643646,0.021718235686421394,0.09106040000915527,0,0.7651662826538086,1,0,1.1197603940963745,-0.03453756496310234,1.0207257270812988,1.5461130142211914,0.9151176810264587,0.8980503678321838,-0.038410015404224396,-0.4707989990711212,0.4055963456630707,1.0328022241592407,1.0137208700180054,1.0156539678573608,https://wandb.ai/ememchijioke-university-of-klagenfurt/marl-uav-v0-7-compact-triangle-obstacle/runs/f23wgnom
2026-05-30T12:37:31.457977,715,1,11479.937622712194,0,0,0,MOVE_TRIANGLE_OBSTACLE,1.0,0.05950092524290085,0.04656018689274788,0.06271656354268391,0.7804279327392578,0.7800227999687195,0.8776989579200745,0.06432854384183884,0.345294326543808,0.5956311821937561,1,0.08040069229900837,0.07582176476716995,0.10919533669948578,0.38386353850364685,0.4071030616760254,0.025371238589286804,0.12364662438631058,0,0.7800227999687195,1,0,1.1171938180923462,-0.03541932627558708,1.0212947130203247,1.5471123456954956,0.902311384677887,0.9021577835083008,-0.03512496128678322,-0.47441521286964417,0.4032822251319885,1.0327510833740234,1.014762282371521,1.0163705348968506,https://wandb.ai/ememchijioke-university-of-klagenfurt/marl-uav-v0-7-compact-triangle-obstacle/runs/f23wgnom
2026-05-30T12:37:38.479081,716,1,11430.237288837836,0,0,0,MOVE_TRIANGLE_OBSTACLE,1.0,0.056288085877895355,0.04391278326511383,0.0598410169283549,0.778870701789856,0.7833481431007385,0.8673042058944702,0.06201411411166191,0.3461625277996063,0.5955392718315125,1,0.07938983058556914,0.07107764482498169,0.10165335983037949,0.3858202397823334,0.4089014232158661,0.017797598615288734,0.09841305017471313,0,0.778870701789856,1,0,1.1134222745895386,-0.035095591098070145,1.021175503730774,1.5463374853134155,0.8934651017189026,0.9004643559455872,-0.04128756374120712,-0.4656374454498291,0.4016382098197937,1.0329432487487793,1.0149321556091309,1.0156513452529907,https://wandb.ai/ememchijioke-university-of-klagenfurt/marl-uav-v0-7-compact-triangle-obstacle/runs/f23wgnom
2026-05-30T12:37:45.206350,717,1,11485.2861325642,0,0,0,MOVE_TRIANGLE_OBSTACLE,1.0,0.05610596016049385,0.051531244069337845,0.07040538390477498,0.7761015295982361,0.7962210178375244,0.8888936042785645,0.07436478137969971,0.3452319800853729,0.5994485020637512,1,0.07884215610101819,0.0774688795208931,0.10808688402175903,0.40930119156837463,0.4227357804775238,0.016095921397209167,0.15789957344532013,0,0.7761015295982361,1,0,1.1228710412979126,-0.03632540628314018,1.0212081670761108,1.554979920387268,0.9093868136405945,0.9042466878890991,-0.045722149312496185,-0.47606465220451355,0.4128105938434601,1.0328243970870972,1.0141568183898926,1.0166430473327637,https://wandb.ai/ememchijioke-university-of-klagenfurt/marl-uav-v0-7-compact-triangle-obstacle/runs/f23wgnom
2026-05-30T12:37:51.876736,718,1,11490.016622646324,0,0,0,MOVE_TRIANGLE_OBSTACLE,1.0,0.06025000661611557,0.04631490632891655,0.06473791599273682,0.7777987718582153,0.7907591462135315,0.8756558299064636,0.06551595032215118,0.34645065665245056,0.5995094180107117,1,0.07835648697800934,0.07612522691488266,0.10860888659954071,0.3830285966396332,0.3985580503940582,0.017545821145176888,0.12093410640954971,0,0.7777987718582153,1,0,1.1202657222747803,-0.04000081494450569,1.0212411880493164,1.5539140701293945,0.9065520167350769,0.9003309607505798,-0.0446786992251873,-0.47547802329063416,0.4001542925834656,1.032363772392273,1.0148934125900269,1.0164663791656494,https://wandb.ai/ememchijioke-university-of-klagenfurt/marl-uav-v0-7-compact-triangle-obstacle/runs/f23wgnom
2026-05-30T12:37:58.582918,719,1,11492.465841100406,0,0,0,MOVE_TRIANGLE_OBSTACLE,1.0,0.056967779994010925,0.049174871295690536,0.06315455834070842,0.7647933959960938,0.7921631932258606,0.8825070858001709,0.0702926516532898,0.34868234395980835,0.5976844429969788,1,0.07753698248416185,0.07696454972028732,0.104317307472229,0.37414124608039856,0.38561585545539856,0.005891431123018265,0.10578123480081558,0,0.7647933959960938,1,0,1.1221567392349243,-0.036963146179914474,1.0211410522460938,1.5496160984039307,0.9178358912467957,0.8990180492401123,-0.04396386072039604,-0.4746154248714447,0.4076898694038391,1.0322411060333252,1.014865517616272,1.016316294670105,https://wandb.ai/ememchijioke-university-of-klagenfurt/marl-uav-v0-7-compact-triangle-obstacle/runs/f23wgnom
2026-05-30T12:38:04.785408,720,1,11544.15103778676,0,0,0,MOVE_TRIANGLE_OBSTACLE,1.0,0.05725466459989548,0.05280584469437599,0.07323322693506877,0.7749189734458923,0.8043108582496643,0.8904698491096497,0.07678835839033127,0.34456005692481995,0.6000083684921265,1,0.0785597285721451,0.0797131359577179,0.10707211494445801,0.4032401144504547,0.4205712676048279,0.011848646216094494,0.12657831609249115,0,0.7749189734458923,1,0,1.1281745433807373,-0.03540903329849243,1.020933747291565,1.562718152999878,0.9163100719451904,0.9054954051971436,-0.047530997544527054,-0.47454917430877686,0.4158530831336975,1.0320817232131958,1.0144306421279907,1.0162889957427979,https://wandb.ai/ememchijioke-university-of-klagenfurt/marl-uav-v0-7-compact-triangle-obstacle/runs/f23wgnom
2026-05-30T12:38:12.307469,721,1,11490.999485699676,0,0,0,MOVE_TRIANGLE_OBSTACLE,1.0,0.057082194834947586,0.04407302662730217,0.061591108640034996,0.7777342796325684,0.7873114347457886,0.869727611541748,0.06125253066420555,0.34827059507369995,0.5954273343086243,1,0.07824149262160063,0.07286406308412552,0.10157572478055954,0.384631484746933,0.3858462870121002,0.02623886428773403,0.12795189023017883,0,0.7777342796325684,1,0,1.1192339658737183,-0.033837515860795975,1.0212492942810059,1.5528125762939453,0.9062834978103638,0.8986057639122009,-0.03577572479844093,-0.46771445870399475,0.40197765827178955,1.0322349071502686,1.0149229764938354,1.0165899991989136,https://wandb.ai/ememchijioke-university-of-klagenfurt/marl-uav-v0-7-compact-triangle-obstacle/runs/f23wgnom
2026-05-30T12:38:19.167370,722,1,11489.346825394103,0,0,0,MOVE_TRIANGLE_OBSTACLE,1.0,0.05734894797205925,0.04503878951072693,0.06565080086390178,0.7825889587402344,0.7931532859802246,0.8712101578712463,0.06306938081979752,0.3491765856742859,0.5973019003868103,1,0.07730649225413799,0.07339201867580414,0.10308392345905304,0.3671340048313141,0.39458417892456055,0.018032720312476158,0.14530979096889496,0,0.7825889587402344,1,0,1.1188462972640991,-0.03398965671658516,1.0209757089614868,1.5563920736312866,0.9024416208267212,0.8977053165435791,-0.037989020347595215,-0.4675884544849396,0.4036084711551666,1.0310181379318237,1.0155712366104126,1.0163379907608032,https://wandb.ai/ememchijioke-university-of-klagenfurt/marl-uav-v0-7-compact-triangle-obstacle/runs/f23wgnom
2026-05-30T12:38:25.769116,723,1,11421.052523732782,0,0,0,MOVE_TRIANGLE_OBSTACLE,1.0,0.05733652412891388,0.04966599866747856,0.07165950536727905,0.7881634831428528,0.7904815673828125,0.8863334655761719,0.0700799897313118,0.3488316237926483,0.6007586121559143,1,0.07782312901690602,0.07575151324272156,0.1134825125336647,0.3835623264312744,0.4088685214519501,0.015619759447872639,0.14736711978912354,0,0.7881634831428528,1,0,1.113862156867981,-0.03737683221697807,1.0208793878555298,1.5491746664047241,0.8941444754600525,0.8982676267623901,-0.04076952859759331,-0.47884225845336914,0.40748128294944763,1.0312224626541138,1.016076922416687,1.0153388977050781,https://wandb.ai/ememchijioke-university-of-klagenfurt/marl-uav-v0-7-compact-triangle-obstacle/runs/f23wgnom
2026-05-30T12:38:32.942200,724,1,11479.819572053795,0,0,0,MOVE_TRIANGLE_OBSTACLE,1.0,0.054485272616147995,0.0473126657307148,0.06139179070790609,0.7703815698623657,0.7848503589630127,0.8789434432983398,0.06584212183952332,0.34499508142471313,0.5945544838905334,1,0.08012889185920358,0.07341916114091873,0.10294413566589355,0.3914932310581207,0.40370672941207886,0.015389482490718365,0.09170425683259964,0,0.7703815698623657,1,0,1.1233689785003662,-0.03430063650012016,1.0212198495864868,1.5509204864501953,0.9163584113121033,0.9028279185295105,-0.03626639023423195,-0.4727371037006378,0.40610161423683167,1.032651662826538,1.0149872303009033,1.0160208940505981,https://wandb.ai/ememchijioke-university-of-klagenfurt/marl-uav-v0-7-compact-triangle-obstacle/runs/f23wgnom
2026-05-30T12:38:39.782736,725,1,11481.327790461075,0,0,0,MOVE_TRIANGLE_OBSTACLE,1.0,0.054741084575653076,0.04427052661776543,0.06106448173522949,0.779033362865448,0.7831332087516785,0.871026873588562,0.061123162508010864,0.34460487961769104,0.5934269428253174,1,0.08047469519078732,0.07108020037412643,0.10093018412590027,0.3924567699432373,0.4096914827823639,0.013051091693341732,0.09890147298574448,0,0.779033362865448,1,0,1.1211193799972534,-0.0321485809981823,1.0212451219558716,1.553246259689331,0.9067489504814148,0.9033626914024353,-0.032949358224868774,-0.4672567546367645,0.4037603735923767,1.0322203636169434,1.0145758390426636,1.0169390439987183,https://wandb.ai/ememchijioke-university-of-klagenfurt/marl-uav-v0-7-compact-triangle-obstacle/runs/f23wgnom
2026-05-30T12:38:47.171461,726,1,11486.275708720337,0,0,0,MOVE_TRIANGLE_OBSTACLE,1.0,0.05502656474709511,0.049914732575416565,0.06855521599451701,0.7818522453308105,0.7854174971580505,0.8883959054946899,0.06981517374515533,0.34472715854644775,0.5959035158157349,1,0.08054454997181892,0.07559916377067566,0.1091841459274292,0.4096733629703522,0.4157393276691437,0.011031677015125751,0.060496311634778976,0,0.7818522453308105,1,0,1.1209782361984253,-0.03259958699345589,1.0210355520248413,1.5512279272079468,0.907088041305542,0.904619038105011,-0.033523183315992355,-0.47633305191993713,0.41205745935440063,1.0318868160247803,1.014679193496704,1.01654052734375,https://wandb.ai/ememchijioke-university-of-klagenfurt/marl-uav-v0-7-compact-triangle-obstacle/runs/f23wgnom
2026-05-30T12:38:54.310011,727,1,11428.450633456885,0,0,0,MOVE_TRIANGLE_OBSTACLE,1.0,0.053452279418706894,0.046795379370450974,0.05113442738850912,0.7569620609283447,0.7734357118606567,0.8730055093765259,0.06422765552997589,0.34745481610298157,0.5904391407966614,1,0.08031123783439398,0.07197342067956924,0.09609147161245346,0.3790223300457001,0.3918192684650421,0.015272797085344791,0.14150512218475342,0,0.7569620609283447,1,0,1.114629864692688,-0.03234563395380974,1.0203561782836914,1.5334961414337158,0.9097352027893066,0.9006583094596863,-0.037659917026758194,-0.46616387367248535,0.4067869186401367,1.0306594371795654,1.0133920907974243,1.017016887664795,https://wandb.ai/ememchijioke-university-of-klagenfurt/marl-uav-v0-7-compact-triangle-obstacle/runs/f23wgnom
2026-05-30T12:39:00.657263,728,1,11542.769264450348,0,0,0,MOVE_TRIANGLE_OBSTACLE,1.0,0.05629653111100197,0.04892055317759514,0.06407835086186726,0.7697691917419434,0.7896693348884583,0.8827965259552002,0.06947629153728485,0.34272491931915283,0.5944825410842896,1,0.08079874562099576,0.07657458633184433,0.10297893732786179,0.38973918557167053,0.418545126914978,0.01454756036400795,0.12283838540315628,0,0.7697691917419434,1,0,1.1274118423461914,-0.032793015241622925,1.0211308002471924,1.5557734966278076,0.9196833968162537,0.9067786335945129,-0.038279563188552856,-0.47139933705329895,0.41129985451698303,1.0326807498931885,1.0142066478729248,1.0165050029754639,https://wandb.ai/ememchijioke-university-of-klagenfurt/marl-uav-v0-7-compact-triangle-obstacle/runs/f23wgnom
2026-05-30T12:39:08.072996,729,1,11539.854347304885,0,0,0,MOVE_TRIANGLE_OBSTACLE,1.0,0.05850104242563248,0.04989637807011604,0.068989892800649,0.7748650908470154,0.7980714440345764,0.8840331435203552,0.07158903032541275,0.34603968262672424,0.5981462597846985,1,0.0783345673698932,0.07863187789916992,0.105466827750206,0.38397958874702454,0.40028345584869385,0.021563703194260597,0.1635275036096573,0,0.7748650908470154,1,0,1.1257576942443848,-0.03438859060406685,1.0213395357131958,1.559261441230774,0.914746880531311,0.9032647609710693,-0.04256146401166916,-0.4722789525985718,0.4116746485233307,1.032995343208313,1.0140267610549927,1.0169966220855713,https://wandb.ai/ememchijioke-university-of-klagenfurt/marl-uav-v0-7-compact-triangle-obstacle/runs/f23wgnom
2026-05-30T12:39:14.744484,730,1,11539.832370118564,0,0,0,MOVE_TRIANGLE_OBSTACLE,1.0,0.05636207386851311,0.047056894749403,0.06536028782526652,0.7730883359909058,0.7967414855957031,0.8762510418891907,0.06775479018688202,0.34613490104675293,0.5953463912010193,1,0.07851612754166126,0.07530351728200912,0.0990234985947609,0.40089520812034607,0.41503721475601196,0.017848530784249306,0.13655482232570648,0,0.7730883359909058,1,0,1.1261290311813354,-0.031419336795806885,1.020888328552246,1.5601691007614136,0.9151461124420166,0.9030718803405762,-0.03960137814283371,-0.4654095470905304,0.41075289249420166,1.0313746929168701,1.014101266860962,1.0171889066696167,https://wandb.ai/ememchijioke-university-of-klagenfurt/marl-uav-v0-7-compact-triangle-obstacle/runs/f23wgnom
2026-05-30T12:39:22.270044,731,1,11478.670914036371,0,0,0,MOVE_TRIANGLE_OBSTACLE,1.0,0.05741187557578087,0.047204118221998215,0.06590402126312256,0.7770864963531494,0.7928757071495056,0.8777498602867126,0.0668974295258522,0.34747418761253357,0.5984256863594055,1,0.07793136942200363,0.0751260370016098,0.10545733571052551,0.38936367630958557,0.40855270624160767,0.010518417693674564,0.13076847791671753,0,0.7770864963531494,1,0,1.1212879419326782,-0.03680743649601936,1.0210407972335815,1.555029034614563,0.9086397290229797,0.9001950025558472,-0.042088236659765244,-0.47301894426345825,0.404684841632843,1.032357096672058,1.0138373374938965,1.0169275999069214,https://wandb.ai/ememchijioke-university-of-klagenfurt/marl-uav-v0-7-compact-triangle-obstacle/runs/f23wgnom
2026-05-30T12:39:29.728606,732,1,11484.900968029613,0,0,0,MOVE_TRIANGLE_OBSTACLE,1.0,0.0530749186873436,0.04369346424937248,0.06128088633219401,0.7800289392471313,0.7847573161125183,0.8690564036369324,0.061305008828639984,0.34324246644973755,0.5923064351081848,1,0.0810811654664576,0.06953491270542145,0.09810256212949753,0.38352730870246887,0.3933875560760498,0.01665189303457737,0.0692351832985878,0,0.7800289392471313,1,0,1.1214500665664673,-0.030216792598366737,1.0204401016235352,1.5550717115402222,0.9042505025863647,0.9050279855728149,-0.033469703048467636,-0.46311691403388977,0.40593624114990234,1.030846118927002,1.0141069889068604,1.0163670778274536,https://wandb.ai/ememchijioke-university-of-klagenfurt/marl-uav-v0-7-compact-triangle-obstacle/runs/f23wgnom
2026-05-30T12:39:37.004075,733,1,11476.40390345927,0,0,0,MOVE_TRIANGLE_OBSTACLE,1.0,0.0585906021296978,0.053528208285570145,0.07600828011830647,0.7831571102142334,0.7982043623924255,0.8966633677482605,0.0766197144985199,0.34592634439468384,0.6033137440681458,1,0.07824537414126098,0.08008667081594467,0.11719505488872528,0.3882666528224945,0.4023849368095398,0.015670815482735634,0.09629755467176437,0,0.7831571102142334,1,0,1.1233091354370117,-0.040377963334321976,1.0213602781295776,1.55734384059906,0.9092101454734802,0.9033733606338501,-0.04643421620130539,-0.48566973209381104,0.4109700620174408,1.0325154066085815,1.0143520832061768,1.0172133445739746,https://wandb.ai/ememchijioke-university-of-klagenfurt/marl-uav-v0-7-compact-triangle-obstacle/runs/f23wgnom
2026-05-30T12:39:42.929806,734,1,11481.72866050156,0,0,0,MOVE_TRIANGLE_OBSTACLE,1.0,0.052565086632966995,0.05003367364406586,0.06971416870752971,0.7773683667182922,0.7969270348548889,0.884847104549408,0.07158759981393814,0.34718090295791626,0.596951425075531,1,0.07816911488771439,0.07435695081949234,0.10192076116800308,0.36076435446739197,0.3675900399684906,0.012580123730003834,0.10362642258405685,0,0.7773683667182922,1,0,1.123447299003601,-0.031319696456193924,1.021120309829712,1.5573045015335083,0.9106721878051758,0.902365505695343,-0.038880567997694016,-0.4699414372444153,0.4148629307746887,1.0328197479248047,1.0139846801757812,1.0165565013885498,https://wandb.ai/ememchijioke-university-of-klagenfurt/marl-uav-v0-7-compact-triangle-obstacle/runs/f23wgnom
2026-05-30T12:39:49.417901,735,1,11422.989920392889,0,0,0,MOVE_TRIANGLE_OBSTACLE,1.0,0.05614548921585083,0.0489506833255291,0.06833819548288982,0.7817877531051636,0.7904452085494995,0.8827816247940063,0.06956717371940613,0.3497261703014374,0.5990360379219055,1,0.07739031733945012,0.07503590732812881,0.10788340121507645,0.39793142676353455,0.41426384449005127,0.02121157757937908,0.12942497432231903,0,0.7817877531051636,1,0,1.1137096881866455,-0.035497862845659256,1.0206413269042969,1.5471917390823364,0.8960903882980347,0.8978469967842102,-0.04152866452932358,-0.47387105226516724,0.40890610218048096,1.0321913957595825,1.0137747526168823,1.0159578323364258,https://wandb.ai/ememchijioke-university-of-klagenfurt/marl-uav-v0-7-compact-triangle-obstacle/runs/f23wgnom
2026-05-30T12:39:56.849655,736,1,11544.649811962423,0,0,0,MOVE_TRIANGLE_OBSTACLE,1.0,0.061441946774721146,0.04904390871524811,0.06693158547083537,0.7725080251693726,0.79631507396698,0.8819716572761536,0.0702909305691719,0.3483751714229584,0.5985567569732666,1,0.07731457822956145,0.08034270256757736,0.10662823915481567,0.386933296918869,0.39156123995780945,0.02411680854856968,0.12451183795928955,0,0.7725080251693726,1,0,1.1227456331253052,-0.035888928920030594,1.0209554433822632,1.5550751686096191,0.9132809042930603,0.8998810052871704,-0.04348038136959076,-0.47302505373954773,0.4088386297225952,1.0325076580047607,1.013529896736145,1.0168287754058838,https://wandb.ai/ememchijioke-university-of-klagenfurt/marl-uav-v0-7-compact-triangle-obstacle/runs/f23wgnom
2026-05-30T12:40:03.757038,737,1,11539.190876359145,0,0,0,MOVE_TRIANGLE_OBSTACLE,1.0,0.05787104368209839,0.05093413591384888,0.07125800848007202,0.77582186460495,0.8021652698516846,0.8857868909835815,0.07341356575489044,0.3435770273208618,0.6000872850418091,1,0.07900123298168182,0.07840629667043686,0.10734523087739944,0.3907768726348877,0.41223064064979553,0.014110724441707134,0.08085163682699203,0,0.77582186460495,1,0,1.1291512250900269,-0.03750205039978027,1.0208187103271484,1.564283013343811,0.9174479842185974,0.9057229161262512,-0.04742909595370293,-0.47539007663726807,0.4103130102157593,1.0322480201721191,1.0134491920471191,1.0167587995529175,https://wandb.ai/ememchijioke-university-of-klagenfurt/marl-uav-v0-7-compact-triangle-obstacle/runs/f23wgnom
2026-05-30T12:40:10.901866,738,1,11482.9039350587,0,0,0,MOVE_TRIANGLE_OBSTACLE,1.0,0.05611768364906311,0.04746974632143974,0.06414753198623657,0.7733113169670105,0.7899025082588196,0.8792287707328796,0.06743404269218445,0.3491688370704651,0.5958151817321777,1,0.07781183999031782,0.07521037757396698,0.10222430527210236,0.40023133158683777,0.4102843403816223,0.010202199220657349,0.1505538672208786,0,0.7733113169670105,1,0,1.1193995475769043,-0.032632291316986084,1.0208790302276611,1.5500974655151367,0.9089723229408264,0.8991289734840393,-0.03768536075949669,-0.4696895480155945,0.40947800874710083,1.0321028232574463,1.013627529144287,1.01690673828125,https://wandb.ai/ememchijioke-university-of-klagenfurt/marl-uav-v0-7-compact-triangle-obstacle/runs/f23wgnom
2026-05-30T12:40:18.253614,739,1,11548.842890065309,0,0,0,MOVE_TRIANGLE_OBSTACLE,1.0,0.05946237966418266,0.05015184357762337,0.06788458426793416,0.768944263458252,0.8059083223342896,0.878801167011261,0.07259435206651688,0.3442690074443817,0.6010294556617737,1,0.0780399355571717,0.0788016989827156,0.10345409065485,0.41070684790611267,0.41860947012901306,0.014100071974098682,0.08019107580184937,0,0.768944263458252,1,0,1.1294406652450562,-0.040063947439193726,1.0210671424865723,1.5647990703582764,0.9190288186073303,0.9044939279556274,-0.055014364421367645,-0.4719226062297821,0.4067451059818268,1.033499002456665,1.0124382972717285,1.0172641277313232,https://wandb.ai/ememchijioke-university-of-klagenfurt/marl-uav-v0-7-compact-triangle-obstacle/runs/f23wgnom
2026-05-30T12:40:24.549856,740,1,11544.371655404011,0,0,0,MOVE_TRIANGLE_OBSTACLE,1.0,0.06028362736105919,0.052714597433805466,0.0754436453183492,0.7780351042747498,0.8091215491294861,0.8891742825508118,0.07569675892591476,0.3461868464946747,0.6046296954154968,1,0.0769719376694411,0.08101670444011688,0.11224585026502609,0.39587536454200745,0.41908666491508484,0.009271356277167797,0.10714814811944962,0,0.7780351042747498,1,0,1.130419373512268,-0.0420089066028595,1.0213788747787476,1.5685063600540161,0.919930100440979,0.9028215408325195,-0.0521392747759819,-0.48144227266311646,0.40755483508110046,1.03290593624115,1.0132495164871216,1.0179812908172607,https://wandb.ai/ememchijioke-university-of-klagenfurt/marl-uav-v0-7-compact-triangle-obstacle/runs/f23wgnom
2026-05-30T12:40:31.301244,741,1,11482.394118951695,0,0,0,MOVE_TRIANGLE_OBSTACLE,1.0,0.05902533978223801,0.04990004375576973,0.06733185052871704,0.7768687605857849,0.7891594767570496,0.8859673142433167,0.06999468058347702,0.3443070650100708,0.5998510718345642,1,0.07961987215094268,0.07752852886915207,0.11271768063306808,0.3895200192928314,0.3929106891155243,0.017574070021510124,0.07939258962869644,0,0.7768687605857849,1,0,1.122559905052185,-0.04069308564066887,1.0206471681594849,1.5528255701065063,0.9112171530723572,0.9036371111869812,-0.04431690275669098,-0.48184284567832947,0.40408051013946533,1.0330426692962646,1.012190341949463,1.0167083740234375,https://wandb.ai/ememchijioke-university-of-klagenfurt/marl-uav-v0-7-compact-triangle-obstacle/runs/f23wgnom
2026-05-30T12:40:37.434869,742,1,11483.467209131939,0,0,0,MOVE_TRIANGLE_OBSTACLE,1.0,0.059501782059669495,0.04662715271115303,0.06081245342890421,0.7678569555282593,0.7904307246208191,0.8741496801376343,0.06623952835798264,0.34855562448501587,0.5977964997291565,1,0.07741715223528445,0.0765155479311943,0.1031297966837883,0.39789605140686035,0.41540515422821045,0.023259738460183144,0.17048291862010956,0,0.7678569555282593,1,0,1.119500994682312,-0.03815590217709541,1.0210813283920288,1.5493237972259521,0.9104968905448914,0.8986819982528687,-0.045822810381650925,-0.47135186195373535,0.40270695090293884,1.0334372520446777,1.0127127170562744,1.0170941352844238,https://wandb.ai/ememchijioke-university-of-klagenfurt/marl-uav-v0-7-compact-triangle-obstacle/runs/f23wgnom
2026-05-30T12:40:43.996361,743,1,11552.37327924276,0,0,0,MOVE_TRIANGLE_OBSTACLE,1.0,0.057929396629333496,0.04874025285243988,0.05757447083791097,0.7527880668640137,0.7970005869865417,0.8729347586631775,0.06979388743638992,0.34328752756118774,0.595984935760498,1,0.07920341123826802,0.07706239074468613,0.09584245830774307,0.38340845704078674,0.40037500858306885,0.013903439044952393,0.13213932514190674,0,0.7527880668640137,1,0,1.129499912261963,-0.03794167563319206,1.0208321809768677,1.5561237335205078,0.9272652268409729,0.9051107168197632,-0.053355004638433456,-0.46655553579330444,0.4060854911804199,1.0340625047683716,1.0118776559829712,1.0165563821792603,https://wandb.ai/ememchijioke-university-of-klagenfurt/marl-uav-v0-7-compact-triangle-obstacle/runs/f23wgnom
2026-05-30T12:40:50.734114,744,1,11548.082746774704,0,0,0,MOVE_TRIANGLE_OBSTACLE,1.0,0.0619628019630909,0.048265933990478516,0.065225084622701,0.7659569382667542,0.8064697980880737,0.8732485175132751,0.06966078281402588,0.34891265630722046,0.6016301512718201,1,0.07567057921551168,0.07969971746206284,0.10245271772146225,0.3798706531524658,0.3817453980445862,0.015192682854831219,0.09609991312026978,0,0.7659569382667542,1,0,1.1267660856246948,-0.04135899618268013,1.0207021236419678,1.5624809265136719,0.9200422763824463,0.8977749347686768,-0.05462709441781044,-0.4712025821208954,0.40175268054008484,1.033141851425171,1.0124661922454834,1.016498327255249,https://wandb.ai/ememchijioke-university-of-klagenfurt/marl-uav-v0-7-compact-triangle-obstacle/runs/f23wgnom
2026-05-30T12:40:57.507934,745,1,11475.960036888788,0,0,0,MOVE_TRIANGLE_OBSTACLE,1.0,0.05931544676423073,0.04717998579144478,0.06083609660466512,0.7648231983184814,0.7948070168495178,0.8728780746459961,0.06762722879648209,0.347908079624176,0.5986406803131104,1,0.07718532485887408,0.07655296474695206,0.10135907679796219,0.3812796175479889,0.4126679301261902,0.010346653871238232,0.11940417438745499,0,0.7648231983184814,1,0,1.1208008527755737,-0.03945771977305412,1.0206116437911987,1.551400065422058,0.911977231502533,0.8990252017974854,-0.05099234730005264,-0.47007590532302856,0.4026951193809509,1.0334807634353638,1.0119889974594116,1.0163652896881104,https://wandb.ai/ememchijioke-university-of-klagenfurt/marl-uav-v0-7-compact-triangle-obstacle/runs/f23wgnom
2026-05-30T12:41:04.583772,746,1,11548.451896080443,0,0,0,MOVE_TRIANGLE_OBSTACLE,1.0,0.06231554225087166,0.04932156205177307,0.06886541843414307,0.7709023356437683,0.8085734844207764,0.8771204352378845,0.07087037712335587,0.3475252091884613,0.6036952137947083,1,0.07617776468396187,0.08024320006370544,0.10733027011156082,0.3888956308364868,0.40403664112091064,0.022588372230529785,0.07573399692773819,0,0.7709023356437683,1,0,1.128781795501709,-0.04385928437113762,1.0205308198928833,1.5664949417114258,0.9214468598365784,0.8984037041664124,-0.055000483989715576,-0.4766966700553894,0.4001193046569824,1.0328714847564697,1.0134896039962769,1.0152316093444824,https://wandb.ai/ememchijioke-university-of-klagenfurt/marl-uav-v0-7-compact-triangle-obstacle/runs/f23wgnom
2026-05-30T12:41:11.595250,747,1,11541.181254129386,0,0,0,MOVE_TRIANGLE_OBSTACLE,1.0,0.06357251107692719,0.04700390622019768,0.0679122805595398,0.7808932662010193,0.8005849719047546,0.8722586035728455,0.06488630175590515,0.3469013571739197,0.6020815968513489,1,0.07709445268847048,0.07895439118146896,0.10941964387893677,0.39430031180381775,0.40580078959465027,0.021305404603481293,0.12590144574642181,0,0.7808932662010193,1,0,1.125229001045227,-0.042222440242767334,1.0207210779190063,1.564778208732605,0.9122064113616943,0.8987023234367371,-0.047361236065626144,-0.4757278263568878,0.39642173051834106,1.0338726043701172,1.0127452611923218,1.01554536819458,https://wandb.ai/ememchijioke-university-of-klagenfurt/marl-uav-v0-7-compact-triangle-obstacle/runs/f23wgnom
2026-05-30T12:41:18.521574,748,1,11553.71745190087,0,0,0,MOVE_TRIANGLE_OBSTACLE,1.0,0.05958227813243866,0.04836954548954964,0.0666573445002238,0.7703617811203003,0.8031883835792542,0.8764218688011169,0.06899798661470413,0.34854835271835327,0.5998170971870422,1,0.07641774974763393,0.0781642496585846,0.10290909558534622,0.3818552792072296,0.40378642082214355,0.016537846997380257,0.09707247465848923,0,0.7703617811203003,1,0,1.1269707679748535,-0.03799716755747795,1.0205634832382202,1.5624653100967407,0.9202761054039001,0.8981709480285645,-0.04670117422938347,-0.471714586019516,0.404424250125885,1.0332180261611938,1.0128729343414307,1.0155993700027466,https://wandb.ai/ememchijioke-university-of-klagenfurt/marl-uav-v0-7-compact-triangle-obstacle/runs/f23wgnom
2026-05-30T12:41:25.600465,749,1,11488.750415304688,0,0,0,MOVE_TRIANGLE_OBSTACLE,1.0,0.06409239023923874,0.04300354793667793,0.062355637550354004,0.7836341857910156,0.7905951142311096,0.8628376126289368,0.058693137019872665,0.34690144658088684,0.6007723212242126,1,0.07774129929021001,0.0758582279086113,0.10922913253307343,0.3710896074771881,0.3887818157672882,0.012139637023210526,0.09282588958740234,0,0.7836341857910156,1,0,1.1175864934921265,-0.04331017658114433,1.0208125114440918,1.5563174486160278,0.898878276348114,0.8975635766983032,-0.04688381776213646,-0.472941517829895,0.3898948132991791,1.0327327251434326,1.014534592628479,1.0151702165603638,https://wandb.ai/ememchijioke-university-of-klagenfurt/marl-uav-v0-7-compact-triangle-obstacle/runs/f23wgnom
2026-05-30T12:41:32.997418,750,1,11480.454918157422,0,0,0,MOVE_TRIANGLE_OBSTACLE,1.0,0.0616869255900383,0.04556349292397499,0.0569040576616923,0.7572550177574158,0.7975428700447083,0.8659142851829529,0.06591413915157318,0.3474867641925812,0.6003189086914062,1,0.07671897183172405,0.07689391821622849,0.10029017925262451,0.4056045711040497,0.41851794719696045,0.008712247014045715,0.06935203075408936,0,0.7572550177574158,1,0,1.1229664087295532,-0.0448332242667675,1.0205857753753662,1.5532244443893433,0.9178647994995117,0.8978097438812256,-0.059011369943618774,-0.47058409452438354,0.3950958251953125,1.0326251983642578,1.013619303703308,1.0155127048492432,https://wandb.ai/ememchijioke-university-of-klagenfurt/marl-uav-v0-7-compact-triangle-obstacle/runs/f23wgnom
2026-05-30T12:41:39.837620,751,1,11483.222744069368,0,0,0,MOVE_TRIANGLE_OBSTACLE,1.0,0.06362861394882202,0.04176074638962746,0.05724978446960449,0.7688659429550171,0.7951551079750061,0.8577283024787903,0.059578608721494675,0.34891605377197266,0.6005977988243103,1,0.0761427206452936,0.07581600546836853,0.10159916430711746,0.3833352327346802,0.3922056555747986,0.016080545261502266,0.09395366907119751,0,0.7688659429550171,1,0,1.1196799278259277,-0.04469004273414612,1.0206323862075806,1.5554547309875488,0.9078878164291382,0.8956971168518066,-0.05451138690114021,-0.46859821677207947,0.3890394866466522,1.0321290493011475,1.013581395149231,1.0161868333816528,https://wandb.ai/ememchijioke-university-of-klagenfurt/marl-uav-v0-7-compact-triangle-obstacle/runs/f23wgnom
2026-05-30T12:41:47.317620,752,1,11547.14757305456,0,0,0,MOVE_TRIANGLE_OBSTACLE,1.0,0.06302634626626968,0.041060563176870346,0.05515835682551066,0.7695109844207764,0.7891731858253479,0.8567909002304077,0.05597304180264473,0.3468286991119385,0.5963156819343567,1,0.07798303500749171,0.07561236619949341,0.09989190101623535,0.36785638332366943,0.3765278160572052,0.014157116413116455,0.17087198793888092,0,0.7695109844207764,1,0,1.1239067316055298,-0.03991803526878357,1.0208481550216675,1.55777108669281,0.9163420796394348,0.8976070880889893,-0.04238494858145714,-0.46697649359703064,0.38960734009742737,1.034152626991272,1.0132253170013428,1.0151662826538086,https://wandb.ai/ememchijioke-university-of-klagenfurt/marl-uav-v0-7-compact-triangle-obstacle/runs/f23wgnom
2026-05-30T12:41:53.869102,753,1,11548.612426318698,0,0,0,MOVE_TRIANGLE_OBSTACLE,1.0,0.06245648115873337,0.04452696815133095,0.05981685717900594,0.7657410502433777,0.7986146211624146,0.8650949001312256,0.062093231827020645,0.347293496131897,0.6007711291313171,1,0.07678863732144237,0.07732165604829788,0.10434749722480774,0.38520297408103943,0.3892401456832886,0.027458755299448967,0.13669134676456451,0,0.7657410502433777,1,0,1.1303023099899292,-0.04530693218111992,1.0206632614135742,1.5647026300430298,0.9291834831237793,0.8970211148262024,-0.04900199547410011,-0.4757067859172821,0.38878801465034485,1.0333354473114014,1.0133907794952393,1.015263557434082,https://wandb.ai/ememchijioke-university-of-klagenfurt/marl-uav-v0-7-compact-triangle-obstacle/runs/f23wgnom
2026-05-30T12:42:01.006358,754,1,11488.614730012956,0,0,0,MOVE_TRIANGLE_OBSTACLE,1.0,0.06276246905326843,0.04472851753234863,0.06262679894765218,0.7734155654907227,0.7975372672080994,0.8669275641441345,0.06244754418730736,0.34956246614456177,0.6024861335754395,1,0.07584864483214915,0.07675833255052567,0.10721785575151443,0.39470720291137695,0.4070461690425873,0.011272595264017582,0.10384076088666916,0,0.7734155654907227,1,0,1.1219961643218994,-0.04568922519683838,1.020182490348816,1.5585542917251587,0.913246214389801,0.8941879868507385,-0.050682224333286285,-0.47655126452445984,0.3901658058166504,1.0328315496444702,1.013217806816101,1.0144981145858765,https://wandb.ai/ememchijioke-university-of-klagenfurt/marl-uav-v0-7-compact-triangle-obstacle/runs/f23wgnom
2026-05-30T12:42:07.641218,755,1,11492.956916903731,0,0,0,MOVE_TRIANGLE_OBSTACLE,1.0,0.06270816922187805,0.039359066635370255,0.05445563793182373,0.77211594581604,0.791496992111206,0.8497539758682251,0.052779316902160645,0.34765833616256714,0.5999354720115662,1,0.07684690784662962,0.07309380918741226,0.10109969228506088,0.39068087935447693,0.3942481577396393,0.01564231514930725,0.13200432062149048,0,0.77211594581604,1,0,1.1234633922576904,-0.04677795246243477,1.0202291011810303,1.5608164072036743,0.9144940972328186,0.8950795531272888,-0.04870576784014702,-0.4705789089202881,0.3789508044719696,1.0337549448013306,1.0124584436416626,1.0144739151000977,https://wandb.ai/ememchijioke-university-of-klagenfurt/marl-uav-v0-7-compact-triangle-obstacle/runs/f23wgnom
2026-05-30T12:42:14.650945,756,1,11480.015459229933,0,0,0,MOVE_TRIANGLE_OBSTACLE,1.0,0.05979645252227783,0.04114772751927376,0.05519803365071615,0.7670457363128662,0.7926797866821289,0.8558685779571533,0.05736130103468895,0.34671226143836975,0.5984633564949036,1,0.07740321755409241,0.07234955579042435,0.09805476665496826,0.3824022710323334,0.40552112460136414,0.009377490729093552,0.15426361560821533,0,0.7670457363128662,1,0,1.124406337738037,-0.043407637625932693,1.020603060722351,1.5588881969451904,0.9161447882652283,0.8981859087944031,-0.04993588104844093,-0.4679771363735199,0.38769012689590454,1.0336641073226929,1.0117205381393433,1.0164244174957275,https://wandb.ai/ememchijioke-university-of-klagenfurt/marl-uav-v0-7-compact-triangle-obstacle/runs/f23wgnom
2026-05-30T12:42:21.082656,757,1,11495.009094551682,0,0,0,MOVE_TRIANGLE_OBSTACLE,1.0,0.058060064911842346,0.039851218461990356,0.052478790283203125,0.7618529200553894,0.7981104254722595,0.8474730253219604,0.0562865324318409,0.3469669222831726,0.5976336002349854,1,0.07675316510722041,0.07038676738739014,0.09003029018640518,0.4108707010746002,0.4256614148616791,0.01981279067695141,0.07087242603302002,0,0.7618529200553894,1,0,1.1260432004928589,-0.0422290563583374,1.0208474397659302,1.5624065399169922,0.9183872938156128,0.8973357677459717,-0.05368994548916817,-0.46010157465934753,0.387104332447052,1.0345544815063477,1.0124475955963135,1.0155404806137085,https://wandb.ai/ememchijioke-university-of-klagenfurt/marl-uav-v0-7-compact-triangle-obstacle/runs/f23wgnom
2026-05-30T12:42:27.792359,758,1,11547.756066340657,0,0,0,MOVE_TRIANGLE_OBSTACLE,1.0,0.06414172053337097,0.038972094655036926,0.04888182878494263,0.7588367462158203,0.7884877324104309,0.8493210077285767,0.05434444174170494,0.34372884035110474,0.5968614220619202,1,0.07886646804399788,0.075126051902771,0.09691981226205826,0.3816722333431244,0.4183768033981323,0.01672309823334217,0.13597024977207184,0,0.7588367462158203,1,0,1.1279964447021484,-0.04519850015640259,1.021701693534851,1.5589981079101562,0.9237067699432373,0.9012843370437622,-0.05187717825174332,-0.4663686156272888,0.38265031576156616,1.0345348119735718,1.0136795043945312,1.0168904066085815,https://wandb.ai/ememchijioke-university-of-klagenfurt/marl-uav-v0-7-compact-triangle-obstacle/runs/f23wgnom
2026-05-30T12:42:34.881799,759,1,11550.324588852536,0,0,0,MOVE_TRIANGLE_OBSTACLE,1.0,0.06006910279393196,0.039664383977651596,0.04700523614883423,0.7533593773841858,0.7890617847442627,0.8485945463180542,0.05607163533568382,0.3427913784980774,0.5932660102844238,1,0.07954510394483805,0.0724540650844574,0.0885792151093483,0.3935035765171051,0.4111534655094147,0.0179631058126688,0.1894543617963791,0,0.7533593773841858,1,0,1.128095030784607,-0.039080481976270676,1.022104263305664,1.557231068611145,0.9232485294342041,0.9038055539131165,-0.05094526708126068,-0.45732906460762024,0.391032874584198,1.0351793766021729,1.0135295391082764,1.017603874206543,https://wandb.ai/ememchijioke-university-of-klagenfurt/marl-uav-v0-7-compact-triangle-obstacle/runs/f23wgnom
2026-05-30T12:42:42.510023,760,1,11616.39051626944,0,0,0,MOVE_TRIANGLE_OBSTACLE,1.0,0.06198621541261673,0.038358744233846664,0.05321258306503296,0.7675225138664246,0.8012033700942993,0.840911865234375,0.05230039730668068,0.34495222568511963,0.5971153378486633,1,0.0774325707461685,0.0733025074005127,0.0907449722290039,0.3891170918941498,0.41406530141830444,0.02353660576045513,0.11734357476234436,0,0.7675225138664246,1,0,1.1356662511825562,-0.04162858799099922,1.021966576576233,1.577010154724121,0.9301931858062744,0.899795413017273,-0.0466783307492733,-0.4592811167240143,0.3810736835002899,1.0353546142578125,1.0135010480880737,1.0170438289642334,https://wandb.ai/ememchijioke-university-of-klagenfurt/marl-uav-v0-7-compact-triangle-obstacle/runs/f23wgnom
2026-05-30T12:42:49.172274,761,1,11544.251399532042,0,0,0,MOVE_TRIANGLE_OBSTACLE,1.0,0.06338787823915482,0.036556050181388855,0.04658752679824829,0.7591933012008667,0.7888566255569458,0.8417126536369324,0.05100460350513458,0.34369271993637085,0.5958775877952576,1,0.07876767753623426,0.07320479303598404,0.09277241677045822,0.3901955187320709,0.4253905117511749,0.009750604629516602,0.074142687022686,0,0.7591933012008667,1,0,1.128351092338562,-0.044463176280260086,1.0216565132141113,1.5612953901290894,0.9226317405700684,0.9011260271072388,-0.05163996294140816,-0.4615902900695801,0.3798407316207886,1.0342506170272827,1.0136604309082031,1.0170584917068481,https://wandb.ai/ememchijioke-university-of-klagenfurt/marl-uav-v0-7-compact-triangle-obstacle/runs/f23wgnom
2026-05-30T12:42:55.400143,762,1,11491.784299570043,0,0,0,MOVE_TRIANGLE_OBSTACLE,1.0,0.05784540995955467,0.040126364678144455,0.05501488844553629,0.7674286365509033,0.7976639866828918,0.8499520421028137,0.056296370923519135,0.34776023030281067,0.598085343837738,1,0.07645582384429872,0.07035577297210693,0.09198429435491562,0.37270161509513855,0.38388147950172424,0.019340509548783302,0.10371518135070801,0,0.7674286365509033,1,0,1.1255029439926147,-0.04113781452178955,1.0215343236923218,1.5633869171142578,0.9151878952980042,0.897933840751648,-0.05089345946907997,-0.4611392319202423,0.38861924409866333,1.0343245267868042,1.012344479560852,1.01793372631073,https://wandb.ai/ememchijioke-university-of-klagenfurt/marl-uav-v0-7-compact-triangle-obstacle/runs/f23wgnom
2026-05-30T12:43:02.546667,763,1,11541.578764556698,0,0,0,MOVE_TRIANGLE_OBSTACLE,1.0,0.061207257211208344,0.03919324651360512,0.0509875218073527,0.7645041942596436,0.7874398231506348,0.8510185480117798,0.05346959829330444,0.3458600640296936,0.5947973132133484,1,0.07835449976846576,0.07321683317422867,0.09478291124105453,0.3776565492153168,0.3914344310760498,0.016777319833636284,0.13196319341659546,0,0.7645041942596436,1,0,1.1267263889312744,-0.03951810672879219,1.0219346284866333,1.5591871738433838,0.9211645126342773,0.8998274207115173,-0.04268769174814224,-0.4633028209209442,0.387436181306839,1.0349817276000977,1.0131494998931885,1.0176726579666138,https://wandb.ai/ememchijioke-university-of-klagenfurt/marl-uav-v0-7-compact-triangle-obstacle/runs/f23wgnom
2026-05-30T12:43:09.909724,764,1,11490.007770583497,0,0,0,MOVE_TRIANGLE_OBSTACLE,1.0,0.059008579701185226,0.035902880132198334,0.04555785655975342,0.7570760250091553,0.7945232391357422,0.8350743055343628,0.05056703835725784,0.3494109809398651,0.5953989028930664,1,0.07566797267645597,0.06920702010393143,0.08331894874572754,0.38560751080513,0.40406396985054016,0.013557341881096363,0.04831278324127197,0,0.7570760250091553,1,0,1.1231768131256104,-0.040753722190856934,1.0215685367584229,1.5588796138763428,0.9158075451850891,0.8948432803153992,-0.05308074504137039,-0.4519903063774109,0.3828098773956299,1.0349586009979248,1.0127414464950562,1.0170056819915771,https://wandb.ai/ememchijioke-university-of-klagenfurt/marl-uav-v0-7-compact-triangle-obstacle/runs/f23wgnom
2026-05-30T12:43:16.962633,765,1,11479.660343154677,0,0,0,MOVE_TRIANGLE_OBSTACLE,1.0,0.058968476951122284,0.03916717693209648,0.04672837257385254,0.7567179203033447,0.7865882515907288,0.8468789458274841,0.05602264404296875,0.3440379798412323,0.5931883454322815,1,0.0792036079801619,0.07057234644889832,0.08805789798498154,0.38452839851379395,0.41303151845932007,0.019822053611278534,0.13678257167339325,0,0.7567179203033447,1,0,1.1205826997756958,-0.03829602524638176,1.0213769674301147,1.550323724746704,0.9092073440551758,0.902216911315918,-0.052953027188777924,-0.4543880224227905,0.3924529552459717,1.0340803861618042,1.0130623579025269,1.0169882774353027,https://wandb.ai/ememchijioke-university-of-klagenfurt/marl-uav-v0-7-compact-triangle-obstacle/runs/f23wgnom
2026-05-30T12:43:23.900013,766,1,11485.06478113043,0,0,0,MOVE_TRIANGLE_OBSTACLE,1.0,0.06049606204032898,0.04219314455986023,0.04842636982599894,0.744634211063385,0.7891317009925842,0.8507816195487976,0.05999813601374626,0.3466844856739044,0.594249427318573,1,0.0776323126628995,0.07370755821466446,0.08725503087043762,0.3892936706542969,0.41173040866851807,0.016113316640257835,0.12293833494186401,0,0.744634211063385,1,0,1.1201282739639282,-0.040242910385131836,1.0212256908416748,1.5451710224151611,0.9159539937973022,0.8992601633071899,-0.05871009826660156,-0.45631322264671326,0.3942946195602417,1.0344254970550537,1.012567162513733,1.0166842937469482,https://wandb.ai/ememchijioke-university-of-klagenfurt/marl-uav-v0-7-compact-triangle-obstacle/runs/f23wgnom
2026-05-30T12:43:31.089747,767,1,11603.603826594059,0,0,0,MOVE_TRIANGLE_OBSTACLE,1.0,0.06288238614797592,0.039209362119436264,0.04736212889353434,0.7454347610473633,0.7954229116439819,0.8420982360839844,0.055264439433813095,0.34462687373161316,0.5935465693473816,1,0.07797090173698962,0.07511628419160843,0.08435344696044922,0.4003332853317261,0.41149622201919556,0.017211874946951866,0.11343050003051758,0,0.7454347610473633,1,0,1.1329463720321655,-0.04007601737976074,1.022236943244934,1.562975525856018,0.934558093547821,0.9013054370880127,-0.05366693437099457,-0.4539952576160431,0.38743412494659424,1.035667896270752,1.013269305229187,1.0177733898162842,https://wandb.ai/ememchijioke-university-of-klagenfurt/marl-uav-v0-7-compact-triangle-obstacle/runs/f23wgnom
2026-05-30T12:43:37.998456,768,1,11546.907574183242,0,0,0,MOVE_TRIANGLE_OBSTACLE,1.0,0.06077796220779419,0.04362562298774719,0.05184108018875122,0.7511717081069946,0.7980961799621582,0.8562553524971008,0.06293527781963348,0.34787726402282715,0.5951485633850098,1,0.07665104232728481,0.07592248916625977,0.08824753016233444,0.38206562399864197,0.39251407980918884,0.015844866633415222,0.08706312626600266,0,0.7511717081069946,1,0,1.1249028444290161,-0.036659181118011475,1.022196650505066,1.5550144910812378,0.9204484224319458,0.8992456197738647,-0.05436522141098976,-0.45579925179481506,0.4001869559288025,1.0349940061569214,1.0141243934631348,1.0174713134765625,https://wandb.ai/ememchijioke-university-of-klagenfurt/marl-uav-v0-7-compact-triangle-obstacle/runs/f23wgnom
2026-05-30T12:43:44.801446,769,1,11544.3898371306,0,0,0,MOVE_TRIANGLE_OBSTACLE,1.0,0.05763137713074684,0.04444381222128868,0.05254147450129191,0.7464618682861328,0.7962309718132019,0.8578553199768066,0.06373108923435211,0.34511685371398926,0.5934698581695557,1,0.0781545490026474,0.07396972924470901,0.08581795543432236,0.39846453070640564,0.42048704624176025,0.011750939302146435,0.10964659601449966,0,0.7464618682861328,1,0,1.1287192106246948,-0.035959452390670776,1.0220296382904053,1.5558747053146362,0.927147388458252,0.9031352996826172,-0.053914640098810196,-0.4557345509529114,0.40177085995674133,1.0345200300216675,1.013352632522583,1.0182163715362549,https://wandb.ai/ememchijioke-university-of-klagenfurt/marl-uav-v0-7-compact-triangle-obstacle/runs/f23wgnom
2026-05-30T12:43:52.084611,770,1,11477.892156118338,0,0,0,MOVE_TRIANGLE_OBSTACLE,1.0,0.06174059212207794,0.04004466161131859,0.04582605759302775,0.7497428059577942,0.7913231253623962,0.8458978533744812,0.05753621459007263,0.3466884195804596,0.5960379242897034,1,0.07716106297448277,0.07327296584844589,0.08812716603279114,0.3913916349411011,0.40406277775764465,0.012838814407587051,0.09146300703287125,0,0.7497428059577942,1,0,1.1209748983383179,-0.042507659643888474,1.0219554901123047,1.5500097274780273,0.9133048057556152,0.8996100425720215,-0.060895998030900955,-0.4561980068683624,0.38957104086875916,1.0343761444091797,1.0129884481430054,1.0185017585754395,https://wandb.ai/ememchijioke-university-of-klagenfurt/marl-uav-v0-7-compact-triangle-obstacle/runs/f23wgnom
2026-05-30T12:43:59.424645,771,1,11554.52521910555,0,0,0,MOVE_TRIANGLE_OBSTACLE,1.0,0.05483653396368027,0.03726876154541969,0.04762373367945353,0.7590487003326416,0.7924392223358154,0.8413832783699036,0.05152830854058266,0.34647226333618164,0.5909414887428284,1,0.07779092411510646,0.06739062815904617,0.08047790825366974,0.38986191153526306,0.39894190430641174,0.0119505999609828,0.14110584557056427,0,0.7590487003326416,1,0,1.1302433013916016,-0.032942283898591995,1.0222772359848022,1.5646239519119263,0.9259670972824097,0.9001389145851135,-0.040234994143247604,-0.44977790117263794,0.39118602871894836,1.0358027219772339,1.0124168395996094,1.0186121463775635,https://wandb.ai/ememchijioke-university-of-klagenfurt/marl-uav-v0-7-compact-triangle-obstacle/runs/f23wgnom
2026-05-30T12:44:06.454031,772,1,11607.441882147667,0,0,0,MOVE_TRIANGLE_OBSTACLE,1.0,0.06127869337797165,0.040759917348623276,0.04794778426488241,0.751193642616272,0.7919776439666748,0.8506720662117004,0.05741932988166809,0.34275323152542114,0.592444121837616,1,0.07945024129003286,0.07480063289403915,0.08758185803890228,0.3976520597934723,0.4093984365463257,0.02504892647266388,0.1099853515625,0,0.751193642616272,1,0,1.1325165033340454,-0.037000108510255814,1.0222541093826294,1.5615524053573608,0.9310638904571533,0.904933512210846,-0.048583388328552246,-0.45633265376091003,0.39391574263572693,1.0353561639785767,1.0126255750656128,1.0187807083129883,https://wandb.ai/ememchijioke-university-of-klagenfurt/marl-uav-v0-7-compact-triangle-obstacle/runs/f23wgnom
2026-05-30T12:44:13.504453,773,1,11553.712906906867,0,0,0,MOVE_TRIANGLE_OBSTACLE,1.0,0.058832041919231415,0.04008575156331062,0.04958526293436686,0.7528148293495178,0.8028537034988403,0.8430872559547424,0.05754256248474121,0.34907570481300354,0.5950006246566772,1,0.07546194456517696,0.0721164420247078,0.0810793861746788,0.3824719190597534,0.3885197937488556,0.017171474173665047,0.1482134759426117,0,0.7528148293495178,1,0,1.1276994943618774,-0.036728788167238235,1.0220922231674194,1.5632473230361938,0.9222343564033508,0.8976168036460876,-0.05489734187722206,-0.44899579882621765,0.3937067687511444,1.0351066589355469,1.0123271942138672,1.0188429355621338,https://wandb.ai/ememchijioke-university-of-klagenfurt/marl-uav-v0-7-compact-triangle-obstacle/runs/f23wgnom
2026-05-30T12:44:20.244579,774,1,11549.573296436765,0,0,0,MOVE_TRIANGLE_OBSTACLE,1.0,0.0641946792602539,0.039529621601104736,0.047993222872416176,0.752513587474823,0.7943776249885559,0.8470884561538696,0.056450460106134415,0.3478219211101532,0.5969757437705994,1,0.07644755789078772,0.07597877830266953,0.09136168658733368,0.39774808287620544,0.40623360872268677,0.0134231336414814,0.06738636642694473,0,0.752513587474823,1,0,1.125959873199463,-0.04317701980471611,1.0221205949783325,1.557268738746643,0.9228261113166809,0.8977845907211304,-0.05598019063472748,-0.46012863516807556,0.3865777552127838,1.0343421697616577,1.0137697458267212,1.018249750137329,https://wandb.ai/ememchijioke-university-of-klagenfurt/marl-uav-v0-7-compact-triangle-obstacle/runs/f23wgnom
2026-05-30T12:44:27.042975,775,1,11601.797957329094,0,0,0,MOVE_TRIANGLE_OBSTACLE,1.0,0.0599844865500927,0.043295055627822876,0.05310962597529093,0.7473430633544922,0.8051874041557312,0.8514845371246338,0.062219344079494476,0.3459133803844452,0.5952413082122803,1,0.0769002188462764,0.07540381699800491,0.08404382318258286,0.4043332040309906,0.4133251905441284,0.016734836623072624,0.11657849699258804,0,0.7473430633544922,1,0,1.134992241859436,-0.0376310758292675,1.0223695039749146,1.5675896406173706,0.9358825087547302,0.9015048146247864,-0.05541934445500374,-0.4541236460208893,0.3966497778892517,1.035531759262085,1.0131118297576904,1.0184650421142578,https://wandb.ai/ememchijioke-university-of-klagenfurt/marl-uav-v0-7-compact-triangle-obstacle/runs/f23wgnom
2026-05-30T12:44:34.135327,776,1,11493.288461705177,0,0,0,MOVE_TRIANGLE_OBSTACLE,1.0,0.05962533876299858,0.03894798830151558,0.04465210437774658,0.7476863265037537,0.7876651883125305,0.8439774513244629,0.054694049060344696,0.34888383746147156,0.5933765769004822,1,0.07668099319562316,0.07149951159954071,0.08466528356075287,0.4003782272338867,0.415796160697937,0.014515497721731663,0.14515216648578644,0,0.7476863265037537,1,0,1.1205424070358276,-0.03915102407336235,1.0215749740600586,1.5478386878967285,0.9171770215034485,0.8966116905212402,-0.05307460576295853,-0.45404356718063354,0.3896650969982147,1.0349961519241333,1.0120917558670044,1.0176368951797485,https://wandb.ai/ememchijioke-university-of-klagenfurt/marl-uav-v0-7-compact-triangle-obstacle/runs/f23wgnom
2026-05-30T12:44:40.865815,777,1,11425.134288253246,0,0,0,MOVE_TRIANGLE_OBSTACLE,1.0,0.05753258615732193,0.04039721563458443,0.0501557985941569,0.7590072154998779,0.7911261320114136,0.8503340482711792,0.057833231985569,0.34989362955093384,0.5965878963470459,1,0.0759956103283912,0.07004163414239883,0.08940476179122925,0.3915829658508301,0.40286174416542053,0.015670662745833397,0.10813160985708237,0,0.7590072154998779,1,0,1.1167587041854858,-0.039954107254743576,1.021718978881836,1.5484881401062012,0.9058580994606018,0.895929753780365,-0.054505765438079834,-0.4578091502189636,0.392452597618103,1.0344483852386475,1.0128854513168335,1.0178231000900269,https://wandb.ai/ememchijioke-university-of-klagenfurt/marl-uav-v0-7-compact-triangle-obstacle/runs/f23wgnom
2026-05-30T12:44:47.680919,778,1,11490.643193958324,0,0,0,MOVE_TRIANGLE_OBSTACLE,1.0,0.05829348787665367,0.037348534911870956,0.043309291203816734,0.7462934255599976,0.786158561706543,0.8400627374649048,0.05179905891418457,0.3497607409954071,0.5922616124153137,1,0.07640661811456084,0.06977703422307968,0.08222600072622299,0.38779497146606445,0.3972089886665344,0.012648713774979115,0.11345577239990234,0,0.7462934255599976,1,0,1.1220899820327759,-0.03845598176121712,1.0219568014144897,1.5491818189620972,0.9216753244400024,0.8954129219055176,-0.04942905530333519,-0.45278793573379517,0.386849045753479,1.0350490808486938,1.0128885507583618,1.0179327726364136,https://wandb.ai/ememchijioke-university-of-klagenfurt/marl-uav-v0-7-compact-triangle-obstacle/runs/f23wgnom
2026-05-30T12:44:54.618008,779,1,11546.321591710508,0,0,0,MOVE_TRIANGLE_OBSTACLE,1.0,0.06007503718137741,0.042696088552474976,0.05242800712585449,0.7524468898773193,0.8029161095619202,0.851921021938324,0.06112460419535637,0.34609970450401306,0.59786456823349,1,0.07676910143345594,0.07441173493862152,0.08905527740716934,0.3851311206817627,0.3979693055152893,0.022649472579360008,0.05951058864593506,0,0.7524468898773193,1,0,1.1312358379364014,-0.042230427265167236,1.0217713117599487,1.5648099184036255,0.92879319190979,0.9001042246818542,-0.05844191834330559,-0.45983463525772095,0.3915852904319763,1.0354654788970947,1.0121636390686035,1.0176846981048584,https://wandb.ai/ememchijioke-university-of-klagenfurt/marl-uav-v0-7-compact-triangle-obstacle/runs/f23wgnom
2026-05-30T12:45:01.189826,780,1,11489.671810583406,0,0,0,MOVE_TRIANGLE_OBSTACLE,1.0,0.05467582494020462,0.03801058605313301,0.04360222816467285,0.7528395056724548,0.7840359210968018,0.843931257724762,0.05283673480153084,0.3442653715610504,0.5904601216316223,1,0.07940350286662579,0.0668807327747345,0.08226311951875687,0.3865949213504791,0.41188934445381165,0.02118198573589325,0.10458189249038696,0,0.7528395056724548,1,0,1.1246610879898071,-0.035627078264951706,1.02170991897583,1.5525798797607422,0.9189308881759644,0.9024725556373596,-0.04632628709077835,-0.4521504044532776,0.3915954530239105,1.0353672504425049,1.0116379261016846,1.0181245803833008,https://wandb.ai/ememchijioke-university-of-klagenfurt/marl-uav-v0-7-compact-triangle-obstacle/runs/f23wgnom
2026-05-30T12:45:08.346926,781,1,11479.832621539412,0,0,0,MOVE_TRIANGLE_OBSTACLE,1.0,0.05663934350013733,0.04130745306611061,0.0534524122873942,0.7613964676856995,0.7961716651916504,0.8527891039848328,0.058272749185562134,0.34935706853866577,0.5960323810577393,1,0.07606239686720073,0.07073620706796646,0.08890004456043243,0.37980565428733826,0.3964787423610687,0.016589703038334846,0.11277075856924057,0,0.7613964676856995,1,0,1.1235319375991821,-0.03763633966445923,1.0214849710464478,1.5577772855758667,0.9162939190864563,0.8965247869491577,-0.04883456975221634,-0.4583081901073456,0.394233763217926,1.0353467464447021,1.0117868185043335,1.0173215866088867,https://wandb.ai/ememchijioke-university-of-klagenfurt/marl-uav-v0-7-compact-triangle-obstacle/runs/f23wgnom
2026-05-30T12:45:16.021503,782,1,11551.00966035357,0,0,0,MOVE_TRIANGLE_OBSTACLE,1.0,0.06363391876220703,0.04023235663771629,0.0523300568262736,0.7633123993873596,0.7925571203231812,0.85112065076828,0.05610717833042145,0.3446095585823059,0.5977610945701599,1,0.0781523163896054,0.07531779259443283,0.09649273008108139,0.3917762339115143,0.41641366481781006,0.02021951414644718,0.12780149281024933,0,0.7633123993873596,1,0,1.1272903680801392,-0.04343808814883232,1.022475004196167,1.5612269639968872,0.9192273020744324,0.9014167189598083,-0.052268195897340775,-0.4644816815853119,0.3864355981349945,1.036491870880127,1.0127779245376587,1.0181553363800049,https://wandb.ai/ememchijioke-university-of-klagenfurt/marl-uav-v0-7-compact-triangle-obstacle/runs/f23wgnom
2026-05-30T12:45:23.436233,783,1,11540.731005930158,0,0,0,MOVE_TRIANGLE_OBSTACLE,1.0,0.058034248650074005,0.04278687760233879,0.053303539752960205,0.7580003142356873,0.7960621118545532,0.8558481931686401,0.06035931408405304,0.3464244604110718,0.5942555069923401,1,0.07755387830547988,0.07321777939796448,0.0880950391292572,0.3785807192325592,0.38491949439048767,0.017819421365857124,0.12421384453773499,0,0.7580003142356873,1,0,1.1275795698165894,-0.035035859793424606,1.0225087404251099,1.5597200393676758,0.9219571948051453,0.9010612964630127,-0.047626178711652756,-0.4565274715423584,0.3990460932254791,1.0372170209884644,1.0122616291046143,1.0180476903915405,https://wandb.ai/ememchijioke-university-of-klagenfurt/marl-uav-v0-7-compact-triangle-obstacle/runs/f23wgnom
2026-05-30T12:45:30.350311,784,1,11545.414095414064,0,0,0,MOVE_TRIANGLE_OBSTACLE,1.0,0.05737651139497757,0.039825137704610825,0.045127689838409424,0.7495344877243042,0.7881808280944824,0.84673672914505,0.05340484529733658,0.3494797646999359,0.5915064215660095,1,0.07668848964385688,0.07132615894079208,0.08422799408435822,0.4076789915561676,0.41395822167396545,0.022919604554772377,0.16256646811962128,0,0.7495344877243042,1,0,1.1288814544677734,-0.035590339452028275,1.0222513675689697,1.5566697120666504,0.9334906339645386,0.8964837789535522,-0.040414176881313324,-0.45612722635269165,0.38977038860321045,1.0366414785385132,1.0114939212799072,1.0186188220977783,https://wandb.ai/ememchijioke-university-of-klagenfurt/marl-uav-v0-7-compact-triangle-obstacle/runs/f23wgnom
2026-05-30T12:45:37.763366,785,1,11551.428501146587,0,0,0,MOVE_TRIANGLE_OBSTACLE,1.0,0.05859775468707085,0.040913667529821396,0.05119285980860392,0.7543699741363525,0.8016629219055176,0.8475456833839417,0.058142974972724915,0.3487640619277954,0.5960873961448669,1,0.0756779764778912,0.07252398133277893,0.08501692861318588,0.3946608006954193,0.4054342806339264,0.012391678988933563,0.1286495476961136,0,0.7543699741363525,1,0,1.1300770044326782,-0.038334887474775314,1.022934079170227,1.564915657043457,0.9277520775794983,0.8975634574890137,-0.05188075825572014,-0.455058217048645,0.391934335231781,1.036792516708374,1.0134572982788086,1.0185526609420776,https://wandb.ai/ememchijioke-university-of-klagenfurt/marl-uav-v0-7-compact-triangle-obstacle/runs/f23wgnom
2026-05-30T12:45:45.022144,786,1,11544.967290388235,0,0,0,MOVE_TRIANGLE_OBSTACLE,1.0,0.05870479345321655,0.04285058379173279,0.05791232983271281,0.7679268717765808,0.798672080039978,0.8571380376815796,0.059347666800022125,0.3484518527984619,0.5965552926063538,1,0.0763749429024756,0.07359161227941513,0.09227705746889114,0.40589261054992676,0.41340717673301697,0.024457888677716255,0.10944753140211105,0,0.7679268717765808,1,0,1.1276252269744873,-0.03566949442028999,1.0233197212219238,1.5645214319229126,0.9196826815605164,0.898671567440033,-0.043788231909275055,-0.46004170179367065,0.3968214690685272,1.0382044315338135,1.0131497383117676,1.0186048746109009,https://wandb.ai/ememchijioke-university-of-klagenfurt/marl-uav-v0-7-compact-triangle-obstacle/runs/f23wgnom
2026-05-30T12:45:51.864941,787,1,11612.689698804332,0,0,0,MOVE_TRIANGLE_OBSTACLE,1.0,0.058734096586704254,0.043313708156347275,0.05218027035395304,0.7485990524291992,0.8024416565895081,0.8526982069015503,0.06175394728779793,0.34388047456741333,0.5941874384880066,1,0.0781258619390428,0.07437660545110703,0.08418743312358856,0.3876539468765259,0.40875303745269775,0.02046227641403675,0.10692457109689713,0,0.7485990524291992,1,0,1.1360446214675903,-0.03662646934390068,1.022621989250183,1.5677539110183716,0.9364016056060791,0.9039782285690308,-0.05296175926923752,-0.4544903635978699,0.39757272601127625,1.036661148071289,1.012795329093933,1.0184093713760376,https://wandb.ai/ememchijioke-university-of-klagenfurt/marl-uav-v0-7-compact-triangle-obstacle/runs/f23wgnom
2026-05-30T12:45:58.912929,788,1,11551.525097497686,0,0,0,MOVE_TRIANGLE_OBSTACLE,1.0,0.05547882616519928,0.04084160551428795,0.04908384879430135,0.7495107054710388,0.8008970618247986,0.8458651900291443,0.05822167918086052,0.3488343358039856,0.5926985144615173,1,0.0759582594037056,0.07023134082555771,0.07808806747198105,0.3824518918991089,0.3959648907184601,0.019806310534477234,0.14386142790317535,0,0.7495107054710388,1,0,1.1297966241836548,-0.03335748240351677,1.0224871635437012,1.5627350807189941,0.9284610152244568,0.8981937766075134,-0.049362026154994965,-0.44800788164138794,0.3972974717617035,1.0361911058425903,1.012861967086792,1.018408179283142,https://wandb.ai/ememchijioke-university-of-klagenfurt/marl-uav-v0-7-compact-triangle-obstacle/runs/f23wgnom
2026-05-30T12:46:04.930076,789,1,11486.73772118835,0,0,0,MOVE_TRIANGLE_OBSTACLE,1.0,0.057712242007255554,0.04292641952633858,0.05475147565205892,0.7590175867080688,0.7996116280555725,0.8556252121925354,0.06135372444987297,0.3497946858406067,0.597584068775177,1,0.0754919433966279,0.07257217913866043,0.08984653651714325,0.40115150809288025,0.41655319929122925,0.012146157212555408,0.14942003786563873,0,0.7590175867080688,1,0,1.1234506368637085,-0.03889346122741699,1.0219578742980957,1.557457685470581,0.9163270592689514,0.8965672850608826,-0.05360814183950424,-0.45922645926475525,0.3961542248725891,1.0355833768844604,1.012496829032898,1.0177935361862183,https://wandb.ai/ememchijioke-university-of-klagenfurt/marl-uav-v0-7-compact-triangle-obstacle/runs/f23wgnom
2026-05-30T12:46:11.546750,790,1,11543.202972020841,0,0,0,MOVE_TRIANGLE_OBSTACLE,1.0,0.05807904899120331,0.043757885694503784,0.04954578479131063,0.7508036494255066,0.7878711223602295,0.8599625825881958,0.060338713228702545,0.34781697392463684,0.5919016003608704,1,0.07780623901635408,0.07433731108903885,0.08857177197933197,0.39103078842163086,0.4055066704750061,0.00872566644102335,0.1296238750219345,0,0.7508036494255066,1,0,1.1264210939407349,-0.03351931646466255,1.0228214263916016,1.5515888929367065,0.9273104667663574,0.9003636240959167,-0.042415887117385864,-0.4588283896446228,0.4006863534450531,1.03671133518219,1.0125620365142822,1.0191909074783325,https://wandb.ai/ememchijioke-university-of-klagenfurt/marl-uav-v0-7-compact-triangle-obstacle/runs/f23wgnom
2026-05-30T12:46:18.548018,791,1,11610.952122768964,0,0,0,MOVE_TRIANGLE_OBSTACLE,1.0,0.05629727616906166,0.044605839997529984,0.05279926458994547,0.7501396536827087,0.7985897064208984,0.8596684336662292,0.06346672773361206,0.344205766916275,0.5919269919395447,1,0.0785868123639375,0.07378999143838882,0.08391030132770538,0.3913656175136566,0.40666306018829346,0.01999804563820362,0.09942717105150223,0,0.7501396536827087,1,0,1.1356048583984375,-0.031631696969270706,1.0231741666793823,1.5648776292800903,0.9359142780303955,0.9060225486755371,-0.045925386250019073,-0.45404255390167236,0.4050728380680084,1.036361575126648,1.0128029584884644,1.0203579664230347,https://wandb.ai/ememchijioke-university-of-klagenfurt/marl-uav-v0-7-compact-triangle-obstacle/runs/f23wgnom
2026-05-30T12:46:25.732519,792,1,11535.521447340921,0,0,0,MOVE_TRIANGLE_OBSTACLE,1.0,0.05755029246211052,0.04296426847577095,0.05513624350229899,0.7576478123664856,0.8016833066940308,0.8560776114463806,0.061096325516700745,0.3489844799041748,0.5967009663581848,1,0.07575573376379907,0.07319839298725128,0.08886819332838058,0.41165828704833984,0.4222886562347412,0.01939079537987709,0.06668687611818314,0,0.7576478123664856,1,0,1.130789875984192,-0.03756673261523247,1.0227195024490356,1.565125584602356,0.9287044405937195,0.8985394835472107,-0.04911581426858902,-0.4595504105091095,0.3959660232067108,1.0358664989471436,1.012589931488037,1.0197021961212158,https://wandb.ai/ememchijioke-university-of-klagenfurt/marl-uav-v0-7-compact-triangle-obstacle/runs/f23wgnom
2026-05-30T12:46:32.994907,793,1,11481.897270060907,0,0,0,MOVE_TRIANGLE_OBSTACLE,1.0,0.052718717604875565,0.046251196414232254,0.056647916634877525,0.7562664747238159,0.7972270250320435,0.8664502501487732,0.06601427495479584,0.34888455271720886,0.5948616862297058,1,0.07655933452770114,0.07175018638372421,0.0882372334599495,0.3961835205554962,0.41180872917175293,0.014855459332466125,0.12475837022066116,0,0.7562664747238159,1,0,1.1259350776672363,-0.03319685533642769,1.0227335691452026,1.5555156469345093,0.9217536449432373,0.9005359411239624,-0.047278404235839844,-0.45923516154289246,0.4069230258464813,1.036248803138733,1.0122416019439697,1.0197099447250366,https://wandb.ai/ememchijioke-university-of-klagenfurt/marl-uav-v0-7-compact-triangle-obstacle/runs/f23wgnom
2026-05-30T12:46:40.049122,794,1,11549.186955471147,0,0,0,MOVE_TRIANGLE_OBSTACLE,1.0,0.05795527994632721,0.04319794103503227,0.0558243989944458,0.7591143846511841,0.8039668202400208,0.8543919920921326,0.06196058541536331,0.3493223190307617,0.5962299704551697,1,0.0754698091186583,0.07349148392677307,0.0861257016658783,0.397779256105423,0.40819433331489563,0.02967177890241146,0.16619960963726044,0,0.7591143846511841,1,0,1.127851128578186,-0.03518088534474373,1.0225650072097778,1.56389582157135,0.9203168153762817,0.8993409872055054,-0.051969192922115326,-0.45383042097091675,0.4002569317817688,1.0354669094085693,1.0116277933120728,1.0206003189086914,https://wandb.ai/ememchijioke-university-of-klagenfurt/marl-uav-v0-7-compact-triangle-obstacle/runs/f23wgnom
2026-05-30T12:46:47.175866,795,1,11559.338828893526,0,0,0,MOVE_TRIANGLE_OBSTACLE,1.0,0.05546972528100014,0.04364350438117981,0.05175143480300903,0.7520095109939575,0.7934325337409973,0.8598122596740723,0.061841435730457306,0.3497866094112396,0.5914520025253296,1,0.07657616259530187,0.07266967743635178,0.08384569734334946,0.39084920287132263,0.4075673222541809,0.012589211575686932,0.12977251410484314,0,0.7520095109939575,1,0,1.1272926330566406,-0.029803156852722168,1.0230556726455688,1.5552326440811157,0.9264600276947021,0.9001851677894592,-0.041676659137010574,-0.4535490870475769,0.40581628680229187,1.0353790521621704,1.0124807357788086,1.0213074684143066,https://wandb.ai/ememchijioke-university-of-klagenfurt/marl-uav-v0-7-compact-triangle-obstacle/runs/f23wgnom
2026-05-30T12:46:54.543855,796,1,11607.016785801168,0,0,0,MOVE_TRIANGLE_OBSTACLE,1.0,0.05783218890428543,0.048849333077669144,0.06626111268997192,0.7635236382484436,0.813149631023407,0.8721100687980652,0.07046223431825638,0.3478509187698364,0.6001378893852234,1,0.0757045450154692,0.07768991589546204,0.09534924477338791,0.39324259757995605,0.41848358511924744,0.0118124820291996,0.09121162444353104,0,0.7635236382484436,1,0,1.1380422115325928,-0.03709319233894348,1.0229750871658325,1.5758248567581177,0.9357485771179199,0.902553379535675,-0.050474636256694794,-0.4661164879798889,0.40531155467033386,1.0349538326263428,1.0123136043548584,1.0216577053070068,https://wandb.ai/ememchijioke-university-of-klagenfurt/marl-uav-v0-7-compact-triangle-obstacle/runs/f23wgnom
2026-05-30T12:47:00.963870,797,1,11554.338442645065,0,0,0,MOVE_TRIANGLE_OBSTACLE,1.0,0.05424708500504494,0.044025540351867676,0.055522799491882324,0.7551231384277344,0.8023151755332947,0.8591300845146179,0.06331589072942734,0.3497183322906494,0.5943350791931152,1,0.07568570063449442,0.07180945575237274,0.08428532630205154,0.3843415081501007,0.3964252173900604,0.02035384438931942,0.11379490047693253,0,0.7551231384277344,1,0,1.1308437585830688,-0.03255216404795647,1.0224167108535767,1.563759684562683,0.9291064143180847,0.8996654152870178,-0.04636658355593681,-0.4549342691898346,0.4036443829536438,1.034314751625061,1.0119842290878296,1.0209511518478394,https://wandb.ai/ememchijioke-university-of-klagenfurt/marl-uav-v0-7-compact-triangle-obstacle/runs/f23wgnom
2026-05-30T12:47:08.034720,798,1,11559.587630238102,0,0,0,MOVE_TRIANGLE_OBSTACLE,1.0,0.060282763093709946,0.044301435351371765,0.059638261795043945,0.7669545412063599,0.7961068749427795,0.8658533692359924,0.06216150522232056,0.3480173647403717,0.5987874269485474,1,0.07666353811509907,0.07591705769300461,0.10001731663942337,0.3841301202774048,0.409392774105072,0.012605160474777222,0.17314274609088898,0,0.7669545412063599,1,0,1.1293469667434692,-0.04021131992340088,1.0228691101074219,1.5630245208740234,0.9244318008422852,0.9005848169326782,-0.04594334587454796,-0.4700824022293091,0.3953917622566223,1.0350147485733032,1.0121101140975952,1.0214823484420776,https://wandb.ai/ememchijioke-university-of-klagenfurt/marl-uav-v0-7-compact-triangle-obstacle/runs/f23wgnom
2026-05-30T12:47:14.790669,799,1,11477.542466544592,0,0,0,MOVE_TRIANGLE_OBSTACLE,1.0,0.05724206194281578,0.04611857607960701,0.061323980490366616,0.7686744928359985,0.7923573851585388,0.8729400634765625,0.06514247506856918,0.3496708273887634,0.5981877446174622,1,0.07652903208509088,0.07469181716442108,0.10092908889055252,0.3959702253341675,0.42855507135391235,0.0131705766543746,0.06909865885972977,0,0.7686744928359985,1,0,1.12328040599823,-0.03766058012843132,1.0225833654403687,1.5545201301574707,0.9156165719032288,0.8997046947479248,-0.04405070096254349,-0.47083619236946106,0.4019051790237427,1.0345126390457153,1.0117781162261963,1.0214592218399048,https://wandb.ai/ememchijioke-university-of-klagenfurt/marl-uav-v0-7-compact-triangle-obstacle/runs/f23wgnom
2026-05-30T12:47:21.659221,800,1,11552.596426373037,0,0,0,MOVE_TRIANGLE_OBSTACLE,1.0,0.058881908655166626,0.04537801072001457,0.057346959908803306,0.7574854493141174,0.8031066656112671,0.8614487648010254,0.06587880104780197,0.3464554250240326,0.5973905324935913,1,0.07687227800488472,0.07545205950737,0.09063099324703217,0.39079049229621887,0.4079733192920685,0.014799761585891247,0.10244529694318771,0,0.7574854493141174,1,0,1.1287673711776733,-0.037512462586164474,1.0228185653686523,1.562229871749878,0.9208877682685852,0.9031844139099121,-0.056265924125909805,-0.4587513506412506,0.402479887008667,1.0346605777740479,1.012980341911316,1.0208148956298828,https://wandb.ai/ememchijioke-university-of-klagenfurt/marl-uav-v0-7-compact-triangle-obstacle/runs/f23wgnom
2026-05-30T12:47:27.910924,801,1,11545.951417952225,0,0,0,MOVE_TRIANGLE_OBSTACLE,1.0,0.057286735624074936,0.04743737354874611,0.06046984593073527,0.7592644095420837,0.805753231048584,0.8663918972015381,0.06876813620328903,0.3485105335712433,0.5966994762420654,1,0.07600773079320788,0.07596073299646378,0.0894278958439827,0.38449525833129883,0.41206613183021545,0.020664330571889877,0.08511602133512497,0,0.7592644095420837,1,0,1.1271781921386719,-0.03341173008084297,1.0223382711410522,1.5612643957138062,0.9185643196105957,0.9017056822776794,-0.05308184400200844,-0.4566711187362671,0.4095177948474884,1.0350148677825928,1.0118893384933472,1.020110845565796,https://wandb.ai/ememchijioke-university-of-klagenfurt/marl-uav-v0-7-compact-triangle-obstacle/runs/f23wgnom
2026-05-30T12:47:34.651459,802,1,11601.469792907634,0,0,0,MOVE_TRIANGLE_OBSTACLE,1.0,0.05752060189843178,0.051821619272232056,0.06230783462524414,0.7504053711891174,0.8092143535614014,0.8773037791252136,0.0754314437508583,0.3456963896751404,0.5968573093414307,1,0.07719992636702955,0.07973276078701019,0.0913005843758583,0.40678033232688904,0.4146506190299988,0.009821717627346516,0.12505705654621124,0,0.7504053711891174,1,0,1.1353181600570679,-0.03379516676068306,1.0226160287857056,1.5648859739303589,0.9342219233512878,0.9068466424942017,-0.05537181720137596,-0.46142256259918213,0.4154088795185089,1.0344666242599487,1.012242078781128,1.0211396217346191,https://wandb.ai/ememchijioke-university-of-klagenfurt/marl-uav-v0-7-compact-triangle-obstacle/runs/f23wgnom
2026-05-30T12:47:41.563801,803,1,11480.105929279329,0,0,0,MOVE_TRIANGLE_OBSTACLE,1.0,0.05425021052360535,0.048071879893541336,0.062476535638173424,0.7653592824935913,0.798294186592102,0.8737761378288269,0.06974778324365616,0.348204642534256,0.5963948369026184,1,0.07701343600638211,0.07407897710800171,0.09419529885053635,0.38722744584083557,0.3995198607444763,0.01850857213139534,0.10160662978887558,0,0.7653592824935913,1,0,1.122772455215454,-0.03292772173881531,1.0217477083206177,1.5547305345535278,0.9112769961357117,0.9023099541664124,-0.04824476316571236,-0.4621172249317169,0.41157880425453186,1.03334641456604,1.0120874643325806,1.0198091268539429,https://wandb.ai/ememchijioke-university-of-klagenfurt/marl-uav-v0-7-compact-triangle-obstacle/runs/f23wgnom
2026-05-30T12:47:48.757733,804,1,11494.214514135963,0,0,0,MOVE_TRIANGLE_OBSTACLE,1.0,0.061530761420726776,0.04775822535157204,0.05967450141906738,0.7619894742965698,0.793106198310852,0.8739278316497803,0.06835682690143585,0.34723567962646484,0.6004311442375183,1,0.07718242611736059,0.07821860164403915,0.10412745922803879,0.37876272201538086,0.3922964334487915,0.018154164776206017,0.07480483502149582,0,0.7619894742965698,1,0,1.122279405593872,-0.04313739016652107,1.0224133729934692,1.5508067607879639,0.9143016934394836,0.9017297625541687,-0.05556149780750275,-0.4738207757472992,0.3999701142311096,1.0350207090377808,1.0116016864776611,1.0206178426742554,https://wandb.ai/ememchijioke-university-of-klagenfurt/marl-uav-v0-7-compact-triangle-obstacle/runs/f23wgnom
2026-05-30T12:47:56.093447,805,1,11612.484452792396,0,0,0,MOVE_TRIANGLE_OBSTACLE,1.0,0.06199996918439865,0.05257435515522957,0.07013652722040813,0.7674444913864136,0.8092151880264282,0.8837499022483826,0.07626905292272568,0.34495237469673157,0.6012446284294128,1,0.0774584433529526,0.0830223560333252,0.10387344658374786,0.3836091458797455,0.39843687415122986,0.015748700127005577,0.13943259418010712,0,0.7674444913864136,1,0,1.1323224306106567,-0.03783707693219185,1.0224635601043701,1.5672407150268555,0.9222943186759949,0.9074324369430542,-0.05551828444004059,-0.4707762897014618,0.41278335452079773,1.0348836183547974,1.0108838081359863,1.0216233730316162,https://wandb.ai/ememchijioke-university-of-klagenfurt/marl-uav-v0-7-compact-triangle-obstacle/runs/f23wgnom
2026-05-30T12:48:03.347724,806,1,11549.024156603782,0,0,0,MOVE_TRIANGLE_OBSTACLE,1.0,0.061118144541978836,0.05019216239452362,0.06487129131952922,0.7635506987571716,0.8014152646064758,0.8796479105949402,0.07281938195228577,0.3481437861919403,0.6000571250915527,1,0.07645314396359026,0.08070331066846848,0.10235266387462616,0.3906020224094391,0.4105812907218933,0.015171706676483154,0.17252250015735626,0,0.7635506987571716,1,0,1.126001000404358,-0.03835266828536987,1.0223735570907593,1.5572084188461304,0.9178632497787476,0.9029313921928406,-0.05362580716609955,-0.47044703364372253,0.40901482105255127,1.0339877605438232,1.0114601850509644,1.0216728448867798,https://wandb.ai/ememchijioke-university-of-klagenfurt/marl-uav-v0-7-compact-triangle-obstacle/runs/f23wgnom
2026-05-30T12:48:09.414206,807,1,11606.60242815758,0,0,0,MOVE_TRIANGLE_OBSTACLE,1.0,0.059828780591487885,0.04854096099734306,0.06007200479507446,0.7550952434539795,0.8020565509796143,0.8730642199516296,0.06999189406633377,0.3448623716831207,0.5970854163169861,1,0.07791126100346446,0.07908287644386292,0.09571834653615952,0.38409653306007385,0.40422478318214417,0.011341211386024952,0.12296640872955322,0,0.7550952434539795,1,0,1.1347748041152954,-0.03711491823196411,1.0224151611328125,1.5644334554672241,0.9333621859550476,0.9065287709236145,-0.05198441445827484,-0.4659714698791504,0.4066111445426941,1.034138560295105,1.0110607147216797,1.0220460891723633,https://wandb.ai/ememchijioke-university-of-klagenfurt/marl-uav-v0-7-compact-triangle-obstacle/runs/f23wgnom
2026-05-30T12:48:16.742513,808,1,11612.760690898918,0,0,0,MOVE_TRIANGLE_OBSTACLE,1.0,0.05731071159243584,0.04824146628379822,0.0591359535853068,0.7468147873878479,0.8093419075012207,0.8648807406425476,0.06969262659549713,0.34681618213653564,0.5961320996284485,1,0.07637672522105277,0.07689553499221802,0.08565641939640045,0.37894272804260254,0.398995041847229,0.01138183195143938,0.12117636203765869,0,0.7468147873878479,1,0,1.1368041038513184,-0.03516252711415291,1.0226227045059204,1.5678571462631226,0.9382289052009583,0.9043260812759399,-0.055941514670848846,-0.45684584975242615,0.4072997570037842,1.0349507331848145,1.0109431743621826,1.0219742059707642,https://wandb.ai/ememchijioke-university-of-klagenfurt/marl-uav-v0-7-compact-triangle-obstacle/runs/f23wgnom
2026-05-30T12:48:22.998497,809,1,11593.12248249916,0,0,0,MOVE_TRIANGLE_OBSTACLE,1.0,0.06341521441936493,0.044105011969804764,0.05584951241811117,0.7567815184593201,0.8018600940704346,0.8589069247245789,0.06336909532546997,0.34720343351364136,0.5973379611968994,1,0.07647889503277838,0.07863418757915497,0.09260344505310059,0.37434181571006775,0.3973633050918579,0.02254166267812252,0.08108793944120407,0,0.7567815184593201,1,0,1.1311696767807007,-0.038556475192308426,1.0229154825210571,1.5645356178283691,0.9266231060028076,0.9023502469062805,-0.05373583361506462,-0.46021580696105957,0.3982822299003601,1.0351468324661255,1.0114842653274536,1.0221152305603027,https://wandb.ai/ememchijioke-university-of-klagenfurt/marl-uav-v0-7-compact-triangle-obstacle/runs/f23wgnom
2026-05-30T12:48:30.100252,810,1,11549.629060568766,0,0,0,MOVE_TRIANGLE_OBSTACLE,1.0,0.0574723519384861,0.04969768598675728,0.06173400084177653,0.7573379278182983,0.8040818572044373,0.873782217502594,0.0721031203866005,0.34475192427635193,0.5986050963401794,1,0.07771571376360953,0.0773862674832344,0.09510639309883118,0.39115190505981445,0.40715259313583374,0.004347090143710375,0.04176999256014824,0,0.7573379278182983,1,0,1.1313295364379883,-0.03809410333633423,1.022520661354065,1.5623447895050049,0.9244358539581299,0.9072079062461853,-0.057609401643276215,-0.4651024639606476,0.4084295630455017,1.0346593856811523,1.0105289220809937,1.0223735570907593,https://wandb.ai/ememchijioke-university-of-klagenfurt/marl-uav-v0-7-compact-triangle-obstacle/runs/f23wgnom
2026-05-30T12:48:36.735793,811,1,11544.942428013417,0,0,0,MOVE_TRIANGLE_OBSTACLE,1.0,0.05629889667034149,0.04527333006262779,0.05334369341532389,0.7519867420196533,0.7954528331756592,0.8625915050506592,0.06488615274429321,0.3484671115875244,0.5924935340881348,1,0.07691920502111316,0.0740998163819313,0.08522723615169525,0.3837338387966156,0.39692431688308716,0.016934659332036972,0.1358594298362732,0,0.7519867420196533,1,0,1.1266744136810303,-0.030851850286126137,1.0225813388824463,1.5546820163726807,0.9226763844490051,0.902664840221405,-0.04707469046115875,-0.45388463139533997,0.40840378403663635,1.034651279449463,1.011016845703125,1.022075891494751,https://wandb.ai/ememchijioke-university-of-klagenfurt/marl-uav-v0-7-compact-triangle-obstacle/runs/f23wgnom
2026-05-30T12:48:43.875006,812,1,11540.419600093901,0,0,0,MOVE_TRIANGLE_OBSTACLE,1.0,0.05606744810938835,0.044102925807237625,0.05309760570526123,0.754899263381958,0.7934756278991699,0.8609179258346558,0.0628642812371254,0.3470704257488251,0.5925856232643127,1,0.07762112887576222,0.0730532854795456,0.0863894522190094,0.3917933702468872,0.3976784348487854,0.015695014968514442,0.12060993909835815,0,0.754899263381958,1,0,1.127951979637146,-0.031945157796144485,1.022786259651184,1.5567351579666138,0.9230598211288452,0.9040609002113342,-0.045786090195178986,-0.4553365111351013,0.40528711676597595,1.0350515842437744,1.010619044303894,1.0226882696151733,https://wandb.ai/ememchijioke-university-of-klagenfurt/marl-uav-v0-7-compact-triangle-obstacle/runs/f23wgnom
2026-05-30T12:48:49.898817,813,1,11607.90009070918,0,0,0,MOVE_TRIANGLE_OBSTACLE,1.0,0.05663565918803215,0.04526302218437195,0.05593146880467733,0.7544375061988831,0.80034339427948,0.863013505935669,0.06530139595270157,0.3460383117198944,0.5927020907402039,1,0.07763439370319247,0.07464916259050369,0.08506602793931961,0.3746813237667084,0.39986705780029297,0.018377918750047684,0.15543372929096222,0,0.7544375061988831,1,0,1.1341749429702759,-0.030127137899398804,1.0234650373458862,1.5651079416275024,0.9309271574020386,0.9064897894859314,-0.04565168917179108,-0.4536600112915039,0.4089302718639374,1.034820795059204,1.0120187997817993,1.0235553979873657,https://wandb.ai/ememchijioke-university-of-klagenfurt/marl-uav-v0-7-compact-triangle-obstacle/runs/f23wgnom
2026-05-30T12:48:56.827830,814,1,11601.766275025151,0,0,0,MOVE_TRIANGLE_OBSTACLE,1.0,0.06139602139592171,0.0446632020175457,0.06067323684692383,0.7653211355209351,0.8032702207565308,0.8634283542633057,0.06403301656246185,0.34930703043937683,0.5972416400909424,1,0.07565855840221047,0.07764744758605957,0.09376654028892517,0.39810261130332947,0.41548702120780945,0.012509786523878574,0.13951455056667328,0,0.7653211355209351,1,0,1.1310991048812866,-0.03474247455596924,1.0233737230300903,1.5675075054168701,0.9242470860481262,0.901542603969574,-0.046404507011175156,-0.4604361653327942,0.40261322259902954,1.0345067977905273,1.0119181871414185,1.0236963033676147,https://wandb.ai/ememchijioke-university-of-klagenfurt/marl-uav-v0-7-compact-triangle-obstacle/runs/f23wgnom
2026-05-30T12:49:04.010443,815,1,11604.298272342428,0,0,0,MOVE_TRIANGLE_OBSTACLE,1.0,0.06321566551923752,0.040925994515419006,0.052000204722086586,0.7619659900665283,0.7867814898490906,0.8572531342506409,0.05670417845249176,0.34892764687538147,0.5919069647789001,1,0.07741460017859936,0.07720740884542465,0.09227405488491058,0.3871023952960968,0.3926319181919098,0.02222455106675625,0.10086899995803833,0,0.7619659900665283,1,0,1.126623511314392,-0.03166377544403076,1.0235706567764282,1.5564727783203125,0.922224223613739,0.9011736512184143,-0.03620782867074013,-0.45785221457481384,0.3990687131881714,1.0352743864059448,1.012101411819458,1.0233365297317505,https://wandb.ai/ememchijioke-university-of-klagenfurt/marl-uav-v0-7-compact-triangle-obstacle/runs/f23wgnom
2026-05-30T12:49:11.457328,816,1,11604.270355916104,0,0,0,MOVE_TRIANGLE_OBSTACLE,1.0,0.05928845331072807,0.04605619236826897,0.056846936543782554,0.7555805444717407,0.7967829704284668,0.8681772947311401,0.06563320010900497,0.34886571764945984,0.5938432812690735,1,0.07663155300542712,0.07757861167192459,0.0906972885131836,0.39754965901374817,0.41207510232925415,0.01811588555574417,0.10253354161977768,0,0.7555805444717407,1,0,1.131718635559082,-0.03147733211517334,1.0237370729446411,1.5606105327606201,0.9313575029373169,0.90318763256073,-0.042287394404411316,-0.4598900377750397,0.4077454209327698,1.035339593887329,1.0118741989135742,1.0239975452423096,https://wandb.ai/ememchijioke-university-of-klagenfurt/marl-uav-v0-7-compact-triangle-obstacle/runs/f23wgnom
2026-05-30T12:49:18.575593,817,1,11542.00344067959,0,0,0,MOVE_TRIANGLE_OBSTACLE,1.0,0.05346149578690529,0.04184217378497124,0.053938607374827065,0.758082926273346,0.7981224656105042,0.8556104302406311,0.06060190871357918,0.34862810373306274,0.5922667980194092,1,0.07657973398454487,0.06980030983686447,0.08197495341300964,0.39193376898765564,0.4046145975589752,0.019890354946255684,0.10815607756376266,0,0.758082926273346,1,0,1.130200982093811,-0.029811760410666466,1.0232511758804321,1.563384771347046,0.9245632290840149,0.9026549458503723,-0.04312419146299362,-0.45078688859939575,0.4044758081436157,1.0331419706344604,1.012945532798767,1.0236659049987793,https://wandb.ai/ememchijioke-university-of-klagenfurt/marl-uav-v0-7-compact-triangle-obstacle/runs/f23wgnom
2026-05-30T12:49:25.957656,818,1,11611.59433578146,0,0,0,MOVE_TRIANGLE_OBSTACLE,1.0,0.06521589308977127,0.04317716136574745,0.05707047382990519,0.7651376724243164,0.7914881110191345,0.8645856380462646,0.060909975320100784,0.3480001389980316,0.596407949924469,1,0.07718690019100904,0.07990601658821106,0.10030461847782135,0.3968382775783539,0.4019242525100708,0.01353356521576643,0.1007673367857933,0,0.7651376724243164,1,0,1.1279228925704956,-0.037463027983903885,1.023199439048767,1.5593183040618896,0.9227186441421509,0.9017314910888672,-0.04293854162096977,-0.46685972809791565,0.39740920066833496,1.0341607332229614,1.0125434398651123,1.022894024848938,https://wandb.ai/ememchijioke-university-of-klagenfurt/marl-uav-v0-7-compact-triangle-obstacle/runs/f23wgnom
2026-05-30T12:49:32.539641,819,1,11594.436085132005,0,0,0,MOVE_TRIANGLE_OBSTACLE,1.0,0.059152476489543915,0.040947943925857544,0.05259692668914795,0.7594204545021057,0.7919578552246094,0.8564124703407288,0.05787817761301994,0.3458261489868164,0.5923871397972107,1,0.07828896143473685,0.07390238344669342,0.08931505680084229,0.3831062614917755,0.3972586393356323,0.017289437353610992,0.09256228059530258,0,0.7594204545021057,1,0,1.1329405307769775,-0.03315775468945503,1.0233548879623413,1.5640835762023926,0.9305921196937561,0.9041460156440735,-0.03961017355322838,-0.45790916681289673,0.39804607629776,1.0341960191726685,1.013364315032959,1.022504210472107,https://wandb.ai/ememchijioke-university-of-klagenfurt/marl-uav-v0-7-compact-triangle-obstacle/runs/f23wgnom
2026-05-30T12:49:38.879008,820,1,11608.19091930512,0,0,0,MOVE_TRIANGLE_OBSTACLE,1.0,0.05831117555499077,0.04456476494669914,0.053223212560017906,0.7434141039848328,0.7958164811134338,0.8572672605514526,0.06385626643896103,0.34453877806663513,0.5906102061271667,1,0.07858510036021471,0.07506506890058517,0.08148572593927383,0.3855714797973633,0.4134678840637207,0.01750994846224785,0.13438408076763153,0,0.7434141039848328,1,0,1.1324377059936523,-0.031204799190163612,1.0229949951171875,1.5583559274673462,0.9319039583206177,0.9070532321929932,-0.05035468935966492,-0.4500565230846405,0.40679681301116943,1.034111499786377,1.0126434564590454,1.0222302675247192,https://wandb.ai/ememchijioke-university-of-klagenfurt/marl-uav-v0-7-compact-triangle-obstacle/runs/f23wgnom
2026-05-30T12:49:46.158830,821,1,11549.860055542515,0,0,0,MOVE_TRIANGLE_OBSTACLE,1.0,0.052867818623781204,0.044311344623565674,0.05227881669998169,0.7459391355514526,0.7939264178276062,0.8588491678237915,0.06348403543233871,0.3485206067562103,0.588837206363678,1,0.07729394128546119,0.07108065485954285,0.07749811559915543,0.3866957128047943,0.3923276364803314,0.017481191083788872,0.08951610326766968,0,0.7459391355514526,1,0,1.1281896829605103,-0.02620764635503292,1.0228756666183472,1.5540521144866943,0.9272172451019287,0.9032999277114868,-0.04315453767776489,-0.44696611166000366,0.41149771213531494,1.0336930751800537,1.0127311944961548,1.022202491760254,https://wandb.ai/ememchijioke-university-of-klagenfurt/marl-uav-v0-7-compact-triangle-obstacle/runs/f23wgnom
2026-05-30T12:49:53.990905,822,1,11606.346052739269,0,0,0,MOVE_TRIANGLE_OBSTACLE,1.0,0.05787443742156029,0.04680292680859566,0.055950005849202476,0.7503114342689514,0.8013547658920288,0.8661838173866272,0.06789714097976685,0.3484496772289276,0.592473030090332,1,0.07660766271874309,0.07675843685865402,0.08474849909543991,0.3654356896877289,0.36662983894348145,0.009641898795962334,0.06611277908086777,0,0.7503114342689514,1,0,1.1314281225204468,-0.02876094914972782,1.02314293384552,1.5604006052017212,0.9299349784851074,0.9039488434791565,-0.04649735614657402,-0.4527631402015686,0.4129776358604431,1.033743977546692,1.0130445957183838,1.022640347480774,https://wandb.ai/ememchijioke-university-of-klagenfurt/marl-uav-v0-7-compact-triangle-obstacle/runs/f23wgnom
2026-05-30T12:50:00.904678,823,1,11547.201193736953,0,0,0,MOVE_TRIANGLE_OBSTACLE,1.0,0.05856584012508392,0.04258989170193672,0.04876633485158285,0.7511113882064819,0.786088764667511,0.8590988516807556,0.06046045199036598,0.3469483554363251,0.5916727185249329,1,0.07825716235674918,0.07403101027011871,0.08850382268428802,0.3883107602596283,0.4020932912826538,0.016902079805731773,0.12384680658578873,0,0.7511113882064819,1,0,1.1261006593704224,-0.03359030559659004,1.02336847782135,1.5509017705917358,0.9235609173774719,0.9038390517234802,-0.044819898903369904,-0.457383394241333,0.4014323651790619,1.033464789390564,1.0133880376815796,1.0232528448104858,https://wandb.ai/ememchijioke-university-of-klagenfurt/marl-uav-v0-7-compact-triangle-obstacle/runs/f23wgnom
2026-05-30T12:50:07.703055,824,1,11605.45372162869,0,0,0,MOVE_TRIANGLE_OBSTACLE,1.0,0.059222351759672165,0.03956158831715584,0.052392423152923584,0.7621572613716125,0.7981489896774292,0.846871018409729,0.05677412450313568,0.3437463939189911,0.5922110080718994,1,0.07862215698696673,0.07230810075998306,0.0842604786157608,0.3806389570236206,0.401858925819397,0.020509423688054085,0.12230300903320312,0,0.7621572613716125,1,0,1.1318720579147339,-0.03177499771118164,1.023459553718567,1.5684701204299927,0.9206967949867249,0.9064489603042603,-0.04664402827620506,-0.4476962387561798,0.39901527762413025,1.034559726715088,1.0138105154037476,1.0220082998275757,https://wandb.ai/ememchijioke-university-of-klagenfurt/marl-uav-v0-7-compact-triangle-obstacle/runs/f23wgnom
2026-05-30T12:50:14.913297,825,1,11602.433070174173,0,0,0,MOVE_TRIANGLE_OBSTACLE,1.0,0.05943768471479416,0.04448268190026283,0.05217069387435913,0.749030351638794,0.7936979532241821,0.8618444800376892,0.0632288008928299,0.345971941947937,0.592135488986969,1,0.07813297514803708,0.07632166147232056,0.08767187595367432,0.40293458104133606,0.42360612750053406,0.012129788286983967,0.1622772067785263,0,0.749030351638794,1,0,1.132239818572998,-0.03272183611989021,1.0233913660049438,1.558676838874817,0.9333699345588684,0.9046725630760193,-0.045292697846889496,-0.45709946751594543,0.4042266607284546,1.0347955226898193,1.0135133266448975,1.0218654870986938,https://wandb.ai/ememchijioke-university-of-klagenfurt/marl-uav-v0-7-compact-triangle-obstacle/runs/f23wgnom
2026-05-30T12:50:22.597585,826,1,11609.093153213189,0,0,0,MOVE_TRIANGLE_OBSTACLE,1.0,0.05887588858604431,0.04818791151046753,0.05930435657501221,0.7524273991584778,0.8056542873382568,0.869831383228302,0.07027857005596161,0.3469129502773285,0.5962122678756714,1,0.07674754480831325,0.07825976610183716,0.09044749289751053,0.39503100514411926,0.407025009393692,0.015528690069913864,0.11475419998168945,0,0.7524273991584778,1,0,1.1339986324310303,-0.03429947420954704,1.0229301452636719,1.564738392829895,0.9322903752326965,0.9049670100212097,-0.05267428234219551,-0.45978689193725586,0.40956276655197144,1.033340573310852,1.0129493474960327,1.0225003957748413,https://wandb.ai/ememchijioke-university-of-klagenfurt/marl-uav-v0-7-compact-triangle-obstacle/runs/f23wgnom
2026-05-30T12:50:30.186184,827,1,11602.42626543405,0,0,0,MOVE_TRIANGLE_OBSTACLE,1.0,0.05681340768933296,0.04623731970787048,0.05685009558995565,0.7538528442382812,0.8009950518608093,0.8657023906707764,0.06701928377151489,0.34760668873786926,0.5917603969573975,1,0.07714358833618462,0.07558505982160568,0.08428982645273209,0.38224658370018005,0.39044320583343506,0.0218327846378088,0.10864485055208206,0,0.7538528442382812,1,0,1.1317447423934937,-0.027306407690048218,1.0228819847106934,1.5620896816253662,0.9284895658493042,0.904654860496521,-0.0438065230846405,-0.4517190456390381,0.41360634565353394,1.0339986085891724,1.0127290487289429,1.0219181776046753,https://wandb.ai/ememchijioke-university-of-klagenfurt/marl-uav-v0-7-compact-triangle-obstacle/runs/f23wgnom
2026-05-30T12:50:36.516412,828,1,11609.538312040508,0,0,0,MOVE_TRIANGLE_OBSTACLE,1.0,0.05732077360153198,0.040176089853048325,0.04833328723907471,0.7515932321548462,0.7928746938705444,0.8505319356918335,0.057283200323581696,0.3447980284690857,0.5899174213409424,1,0.07872415869496763,0.07185307145118713,0.08174781501293182,0.375848650932312,0.392591267824173,0.023384055122733116,0.08564316481351852,0,0.7515932321548462,1,0,1.1335630416870117,-0.03106546401977539,1.0227969884872437,1.5632215738296509,0.9324599504470825,0.9050076007843018,-0.04229947179555893,-0.45047223567962646,0.3995753228664398,1.0337860584259033,1.0131189823150635,1.0214859247207642,https://wandb.ai/ememchijioke-university-of-klagenfurt/marl-uav-v0-7-compact-triangle-obstacle/runs/f23wgnom
2026-05-30T12:50:44.018695,829,1,11545.910835859959,0,0,0,MOVE_TRIANGLE_OBSTACLE,1.0,0.05988100543618202,0.04153165593743324,0.05086642503738403,0.756635308265686,0.7902707457542419,0.8556932210922241,0.059753723442554474,0.34945812821388245,0.5923411846160889,1,0.07676117960363626,0.07440876215696335,0.08747833967208862,0.3996365964412689,0.40940776467323303,0.016271889209747314,0.1367558240890503,0,0.756635308265686,1,0,1.1228888034820557,-0.031771332025527954,1.0232656002044678,1.5522632598876953,0.9153672456741333,0.9010360836982727,-0.04497905820608139,-0.4529229402542114,0.40258800983428955,1.0338451862335205,1.0128158330917358,1.0231359004974365,https://wandb.ai/ememchijioke-university-of-klagenfurt/marl-uav-v0-7-compact-triangle-obstacle/runs/f23wgnom
2026-05-30T12:50:50.068802,830,1,11601.769463596118,0,0,0,MOVE_TRIANGLE_OBSTACLE,1.0,0.05852474644780159,0.04574060067534447,0.05437930425008138,0.7490028738975525,0.7980584502220154,0.8640823364257812,0.06538794934749603,0.34559106826782227,0.5936360359191895,1,0.07789221056737006,0.07638105750083923,0.08838019520044327,0.3824046552181244,0.38930827379226685,0.01821100525557995,0.12942837178707123,0,0.7490028738975525,1,0,1.1344562768936157,-0.03413265943527222,1.0231131315231323,1.5621320009231567,0.93608158826828,0.9051553010940552,-0.04823322966694832,-0.4588233232498169,0.40465855598449707,1.0347508192062378,1.0127975940704346,1.0217912197113037,https://wandb.ai/ememchijioke-university-of-klagenfurt/marl-uav-v0-7-compact-triangle-obstacle/runs/f23wgnom
2026-05-30T12:50:56.379088,831,1,11483.11562492054,0,0,0,MOVE_TRIANGLE_OBSTACLE,1.0,0.0554676428437233,0.04123383387923241,0.0464936892191569,0.7441182136535645,0.78548663854599,0.8481126427650452,0.05903586372733116,0.34811341762542725,0.5885949730873108,1,0.07779191131703556,0.06994912773370743,0.07726443558931351,0.3855859041213989,0.4030498266220093,0.012048306874930859,0.08485885709524155,0,0.7441182136535645,1,0,1.119038701057434,-0.029719769954681396,1.022706151008606,1.5429655313491821,0.9120837450027466,0.9020670652389526,-0.049701299518346786,-0.44373220205307007,0.40427419543266296,1.033705234527588,1.0127358436584473,1.0216776132583618,https://wandb.ai/ememchijioke-university-of-klagenfurt/marl-uav-v0-7-compact-triangle-obstacle/runs/f23wgnom
2026-05-30T12:51:03.112257,832,1,11607.4848012271,0,0,0,MOVE_TRIANGLE_OBSTACLE,1.0,0.05661185830831528,0.04902443289756775,0.0619854728380839,0.7567789554595947,0.8050268292427063,0.8741506338119507,0.07140815258026123,0.34596964716911316,0.5947614312171936,1,0.07758616236969829,0.07736343890428543,0.09036783874034882,0.38492026925086975,0.3991599977016449,0.017948858439922333,0.09913188219070435,0,0.7567789554595947,1,0,1.1340833902359009,-0.03047865629196167,1.0227802991867065,1.5653377771377563,0.9308802485466003,0.9060323238372803,-0.047048576176166534,-0.45907920598983765,0.4146918058395386,1.033996343612671,1.0137778520584106,1.0205665826797485,https://wandb.ai/ememchijioke-university-of-klagenfurt/marl-uav-v0-7-compact-triangle-obstacle/runs/f23wgnom
2026-05-30T12:51:09.770262,833,1,11601.474919994851,0,0,0,MOVE_TRIANGLE_OBSTACLE,1.0,0.05550718680024147,0.04392428323626518,0.054166833559672035,0.7525634765625,0.7997481822967529,0.8601888418197632,0.06344004720449448,0.3464190661907196,0.591223418712616,1,0.07771350583061576,0.07310519367456436,0.08286458998918533,0.3880419433116913,0.4068365693092346,0.008980629034340382,0.14828667044639587,0,0.7525634765625,1,0,1.1343754529953003,-0.029089221730828285,1.0224109888076782,1.5650476217269897,0.9341065287590027,0.9039722084999084,-0.04248218610882759,-0.45220881700515747,0.40742334723472595,1.03322172164917,1.013493537902832,1.0205175876617432,https://wandb.ai/ememchijioke-university-of-klagenfurt/marl-uav-v0-7-compact-triangle-obstacle/runs/f23wgnom
2026-05-30T12:51:16.524180,834,1,11590.476734329208,0,0,0,MOVE_TRIANGLE_OBSTACLE,1.0,0.057683806866407394,0.04340397194027901,0.05160693327585856,0.7485796809196472,0.7956017255783081,0.8577987551689148,0.0622992068529129,0.3474586308002472,0.5895985960960388,1,0.07760400464758277,0.07434390485286713,0.08124098181724548,0.3941383361816406,0.4113648533821106,0.023274248465895653,0.0581490658223629,0,0.7485796809196472,1,0,1.130719542503357,-0.027754127979278564,1.0225121974945068,1.5586193799972534,0.9305155277252197,0.9030236005783081,-0.042358577251434326,-0.4491150677204132,0.40821126103401184,1.0334885120391846,1.0133321285247803,1.0207159519195557,https://wandb.ai/ememchijioke-university-of-klagenfurt/marl-uav-v0-7-compact-triangle-obstacle/runs/f23wgnom
2026-05-30T12:51:24.122417,835,1,11536.831787189169,0,0,0,MOVE_TRIANGLE_OBSTACLE,1.0,0.060725193470716476,0.041581492871046066,0.053316076596577965,0.7611408829689026,0.7907971143722534,0.8580102324485779,0.05937027186155319,0.347059428691864,0.5950260162353516,1,0.07762534008361399,0.07475914061069489,0.09370455890893936,0.38320717215538025,0.3975088596343994,0.018309282138943672,0.12967504560947418,0,0.7611408829689026,1,0,1.1255731582641602,-0.03697136044502258,1.0228171348571777,1.556498408317566,0.9185014963150024,0.9017196893692017,-0.046527426689863205,-0.46109846234321594,0.3967117965221405,1.0339666604995728,1.0133209228515625,1.0211639404296875,https://wandb.ai/ememchijioke-university-of-klagenfurt/marl-uav-v0-7-compact-triangle-obstacle/runs/f23wgnom
2026-05-30T12:51:30.915913,836,1,11610.978395011483,0,0,0,MOVE_TRIANGLE_OBSTACLE,1.0,0.05782750993967056,0.04825467988848686,0.06177866458892822,0.7541783452033997,0.8191986680030823,0.8619589805603027,0.07106781005859375,0.3473953604698181,0.5982463359832764,1,0.07554941577836871,0.07703841477632523,0.08472141623497009,0.3870994746685028,0.3917291462421417,0.026398122310638428,0.07843519747257233,0,0.7541783452033997,1,0,1.1355557441711426,-0.034731656312942505,1.0224050283432007,1.5739436149597168,0.9295473694801331,0.9031763672828674,-0.06096860393881798,-0.4523791968822479,0.4091528356075287,1.0325117111206055,1.0141741037368774,1.0205291509628296,https://wandb.ai/ememchijioke-university-of-klagenfurt/marl-uav-v0-7-compact-triangle-obstacle/runs/f23wgnom
2026-05-30T12:51:36.940738,837,1,11655.61102316717,0,0,0,MOVE_TRIANGLE_OBSTACLE,1.0,0.06046557426452637,0.047876764088869095,0.05806873242060343,0.7486976385116577,0.8061463236808777,0.8667575120925903,0.06995128840208054,0.34286367893218994,0.5933518409729004,1,0.07884318567812443,0.07925253361463547,0.08711890876293182,0.40525248646736145,0.4296673834323883,0.00952149648219347,0.13472677767276764,0,0.7486976385116577,1,0,1.1374688148498535,-0.03186469152569771,1.0218076705932617,1.5675455331802368,0.9361559748649597,0.9087050557136536,-0.05268793925642967,-0.4546011984348297,0.41169503331184387,1.0322189331054688,1.0132145881652832,1.0199896097183228,https://wandb.ai/ememchijioke-university-of-klagenfurt/marl-uav-v0-7-compact-triangle-obstacle/runs/f23wgnom
2026-05-30T12:51:43.481708,838,1,11598.129445684328,0,0,0,MOVE_TRIANGLE_OBSTACLE,1.0,0.057170722633600235,0.04823753237724304,0.06027152140935262,0.7532735466957092,0.8058192729949951,0.8717217445373535,0.07009278237819672,0.3495922088623047,0.5948204398155212,1,0.07583567034453154,0.07750123739242554,0.08912520110607147,0.39552509784698486,0.41202130913734436,0.02118842303752899,0.15743370354175568,0,0.7532735466957092,1,0,1.1331886053085327,-0.031087279319763184,1.0216621160507202,1.564031720161438,0.9345844388008118,0.9009494185447693,-0.04589574784040451,-0.45920228958129883,0.4118362069129944,1.0323411226272583,1.0124695301055908,1.020175576210022,https://wandb.ai/ememchijioke-university-of-klagenfurt/marl-uav-v0-7-compact-triangle-obstacle/runs/f23wgnom
2026-05-30T12:51:50.357034,839,1,11604.201741443714,0,0,0,MOVE_TRIANGLE_OBSTACLE,1.0,0.06064053252339363,0.047698765993118286,0.06309455633163452,0.7608185410499573,0.8125313520431519,0.8659337759017944,0.06981977075338364,0.3455968201160431,0.5989949703216553,1,0.07682068913709372,0.07861121743917465,0.09286727756261826,0.37813544273376465,0.39048299193382263,0.015726109966635704,0.13788942992687225,0,0.7608185410499573,1,0,1.13334321975708,-0.03722722455859184,1.0217208862304688,1.5709199905395508,0.924765408039093,0.9043444395065308,-0.05831852927803993,-0.45951417088508606,0.40615102648735046,1.0322551727294922,1.0129897594451904,1.019917607307434,https://wandb.ai/ememchijioke-university-of-klagenfurt/marl-uav-v0-7-compact-triangle-obstacle/runs/f23wgnom
2026-05-30T12:51:57.756567,840,1,11484.05754067835,0,0,0,MOVE_TRIANGLE_OBSTACLE,1.0,0.055899638682603836,0.046506334096193314,0.05637272198994955,0.7544201016426086,0.8022825717926025,0.8624154925346375,0.06834249198436737,0.34827280044555664,0.5962476134300232,1,0.07629474368877709,0.07377777248620987,0.08724414557218552,0.37950825691223145,0.3823990225791931,0.018729032948613167,0.11468127369880676,0,0.7544201016426086,1,0,1.1222084760665894,-0.035299401730298996,1.0212255716323853,1.5537216663360596,0.9115022420883179,0.9014014601707458,-0.05912739783525467,-0.4545494318008423,0.40777862071990967,1.0312857627868652,1.0127017498016357,1.0196893215179443,https://wandb.ai/ememchijioke-university-of-klagenfurt/marl-uav-v0-7-compact-triangle-obstacle/runs/f23wgnom
2026-05-30T12:52:04.140433,841,1,11545.506158283997,0,0,0,MOVE_TRIANGLE_OBSTACLE,1.0,0.05925748497247696,0.04771219566464424,0.056911468505859375,0.7520692944526672,0.8034815192222595,0.8651835918426514,0.07008549571037292,0.346130907535553,0.5959506630897522,1,0.07728186622262001,0.07736819237470627,0.08939037472009659,0.40796947479248047,0.42725902795791626,0.016034118831157684,0.09311602264642715,0,0.7520692944526672,1,0,1.125410556793213,-0.035234302282333374,1.0213570594787598,1.555848240852356,0.9167703986167908,0.9036130905151367,-0.059566929936409,-0.45560216903686523,0.4094661772251129,1.0320074558258057,1.013466238975525,1.0185976028442383,https://wandb.ai/ememchijioke-university-of-klagenfurt/marl-uav-v0-7-compact-triangle-obstacle/runs/f23wgnom
2026-05-30T12:52:10.271848,842,1,11538.476321326058,0,0,0,MOVE_TRIANGLE_OBSTACLE,1.0,0.06333364546298981,0.04520122706890106,0.054662346839904785,0.7538266181945801,0.8000743985176086,0.8600860238075256,0.06612162292003632,0.34697359800338745,0.5974813103675842,1,0.07680207514204085,0.07857336848974228,0.09303058683872223,0.3941820561885834,0.4070096015930176,0.014828403480350971,0.10833877325057983,0,0.7538266181945801,1,0,1.1234358549118042,-0.03918282315135002,1.0221333503723145,1.5544285774230957,0.9144613742828369,0.9014177918434143,-0.06056399270892143,-0.45847877860069275,0.4014943242073059,1.03315269947052,1.0141687393188477,1.0190788507461548,https://wandb.ai/ememchijioke-university-of-klagenfurt/marl-uav-v0-7-compact-triangle-obstacle/runs/f23wgnom
2026-05-30T12:52:16.285961,843,1,11536.681590659875,0,0,0,MOVE_TRIANGLE_OBSTACLE,1.0,0.06397715955972672,0.044025588780641556,0.05427183707555135,0.7423259615898132,0.801468551158905,0.8536729216575623,0.06392773985862732,0.3498011827468872,0.5976770520210266,1,0.07511895475909114,0.07850202172994614,0.0887686014175415,0.38746178150177,0.3972843885421753,0.02041461318731308,0.0796409323811531,0,0.7423259615898132,1,0,1.1250172853469849,-0.0422736294567585,1.0214124917984009,1.5535523891448975,0.9246280193328857,0.8968715667724609,-0.06406324356794357,-0.4579826593399048,0.39522501826286316,1.0318899154663086,1.0137393474578857,1.0186080932617188,https://wandb.ai/ememchijioke-university-of-klagenfurt/marl-uav-v0-7-compact-triangle-obstacle/runs/f23wgnom
2026-05-30T12:52:22.361077,844,1,11674.816966459273,0,0,0,MOVE_TRIANGLE_OBSTACLE,1.0,0.06277435272932053,0.04239092767238617,0.05292628208796183,0.7496218681335449,0.8108949661254883,0.8475057482719421,0.06200212985277176,0.3432635962963104,0.5961036682128906,1,0.07777601294219494,0.07711315900087357,0.08422962576150894,0.3892260491847992,0.3971271812915802,0.02063743956387043,0.1295856088399887,0,0.7496218681335449,1,0,1.1400197744369507,-0.03905392810702324,1.0219351053237915,1.5766721963882446,0.9385213851928711,0.9048656821250916,-0.059407658874988556,-0.4522862136363983,0.39453211426734924,1.0323940515518188,1.0138753652572632,1.0195361375808716,https://wandb.ai/ememchijioke-university-of-klagenfurt/marl-uav-v0-7-compact-triangle-obstacle/runs/f23wgnom
2026-05-30T12:52:29.373615,845,1,11481.551198633684,0,0,0,MOVE_TRIANGLE_OBSTACLE,1.0,0.06494349986314774,0.04583163931965828,0.053439994653066,0.743638813495636,0.7930673360824585,0.8608914613723755,0.06638894230127335,0.3495923578739166,0.5985614657402039,1,0.07583218533545732,0.0794651135802269,0.09522530436515808,0.3717215955257416,0.3873997926712036,0.02778472565114498,0.11186575889587402,0,0.743638813495636,1,0,1.117599606513977,-0.044280122965574265,1.0214275121688843,1.5415589809417725,0.9136244654655457,0.8976153135299683,-0.06587212532758713,-0.463847279548645,0.39687904715538025,1.0314546823501587,1.013769507408142,1.019058108329773,https://wandb.ai/ememchijioke-university-of-klagenfurt/marl-uav-v0-7-compact-triangle-obstacle/runs/f23wgnom
2026-05-30T12:52:36.349678,846,1,11540.258724897156,0,0,0,MOVE_TRIANGLE_OBSTACLE,1.0,0.06179216131567955,0.039991870522499084,0.051697989304860435,0.7589498162269592,0.7950089573860168,0.8511351943016052,0.05818285420536995,0.34803566336631775,0.5947914719581604,1,0.07689154613763094,0.0745793879032135,0.0905008465051651,0.3966117799282074,0.40184327960014343,0.02304309606552124,0.13414651155471802,0,0.7589498162269592,1,0,1.123237133026123,-0.03711560368537903,1.0209040641784668,1.5564594268798828,0.914983868598938,0.8982683420181274,-0.05059149116277695,-0.4558603763580322,0.3951050341129303,1.0308440923690796,1.0143795013427734,1.0174883604049683,https://wandb.ai/ememchijioke-university-of-klagenfurt/marl-uav-v0-7-compact-triangle-obstacle/runs/f23wgnom
2026-05-30T12:52:43.408724,847,1,11604.398008938744,0,0,0,MOVE_TRIANGLE_OBSTACLE,1.0,0.06333611160516739,0.040671806782484055,0.05003482103347778,0.7475390434265137,0.8066991567611694,0.8409443497657776,0.05956493690609932,0.34512823820114136,0.5952314734458923,1,0.07700985891278833,0.07606398314237595,0.08195002377033234,0.38162359595298767,0.3980509638786316,0.02718263864517212,0.1086358055472374,0,0.7475390434265137,1,0,1.1307827234268188,-0.03890329599380493,1.021292805671692,1.5660669803619385,0.9239904880523682,0.902290940284729,-0.06419609487056732,-0.44657963514328003,0.39406585693359375,1.0316228866577148,1.0133146047592163,1.018940806388855,https://wandb.ai/ememchijioke-university-of-klagenfurt/marl-uav-v0-7-compact-triangle-obstacle/runs/f23wgnom
2026-05-30T12:52:50.247694,848,1,11543.955161285703,0,0,0,MOVE_TRIANGLE_OBSTACLE,1.0,0.05842834711074829,0.041254132986068726,0.050182461738586426,0.7499038577079773,0.8098363280296326,0.840614914894104,0.06027659773826599,0.34910547733306885,0.5948378443717957,1,0.07506390288472176,0.07245483249425888,0.07790102809667587,0.3818754255771637,0.3934890925884247,0.01594875194132328,0.1298178732395172,0,0.7499038577079773,1,0,1.1262229681015015,-0.03525152802467346,1.0206366777420044,1.5636470317840576,0.917251706123352,0.8977702260017395,-0.06226496025919914,-0.44192981719970703,0.3984402120113373,1.0318043231964111,1.012221097946167,1.0178848505020142,https://wandb.ai/ememchijioke-university-of-klagenfurt/marl-uav-v0-7-compact-triangle-obstacle/runs/f23wgnom
2026-05-30T12:52:57.806922,849,1,11549.728488168981,0,0,0,MOVE_TRIANGLE_OBSTACLE,1.0,0.05956278741359711,0.044798593968153,0.05490165948867798,0.7424220442771912,0.8024047613143921,0.854722261428833,0.06534422188997269,0.34616565704345703,0.595612108707428,1,0.07695806981064379,0.07541514188051224,0.08467504382133484,0.3956352770328522,0.4119190573692322,0.021417321637272835,0.10314998030662537,0,0.7424220442771912,1,0,1.1284459829330444,-0.03917685151100159,1.0211747884750366,1.5570496320724487,0.9259731769561768,0.9023153185844421,-0.06353536248207092,-0.45418310165405273,0.4001878798007965,1.0311092138290405,1.013017177581787,1.0193978548049927,https://wandb.ai/ememchijioke-university-of-klagenfurt/marl-uav-v0-7-compact-triangle-obstacle/runs/f23wgnom
2026-05-30T12:53:04.933653,850,1,11541.868860236678,0,0,0,MOVE_TRIANGLE_OBSTACLE,1.0,0.06700041145086288,0.04216429963707924,0.050738135973612465,0.7461822032928467,0.799909770488739,0.8484868407249451,0.06198616698384285,0.34946689009666443,0.5976508855819702,1,0.0753040814306587,0.07956003397703171,0.08977094292640686,0.3774177134037018,0.3967799246311188,0.021487759426236153,0.10065087676048279,0,0.7461822032928467,1,0,1.1206291913986206,-0.042548518627882004,1.0208488702774048,1.5510342121124268,0.9135093688964844,0.8973439931869507,-0.06704501062631607,-0.45445775985717773,0.3938572406768799,1.0297930240631104,1.0136297941207886,1.019124150276184,https://wandb.ai/ememchijioke-university-of-klagenfurt/marl-uav-v0-7-compact-triangle-obstacle/runs/f23wgnom
2026-05-30T12:53:11.915735,851,1,11599.018989066508,0,0,0,MOVE_TRIANGLE_OBSTACLE,1.0,0.06398295611143112,0.037015028297901154,0.04886790116628011,0.7580395340919495,0.8015491366386414,0.8370150327682495,0.05334904044866562,0.3466375768184662,0.5952634215354919,1,0.07659460976719856,0.0746769905090332,0.08541131764650345,0.3955293893814087,0.41438525915145874,0.014966932125389576,0.12377030402421951,0,0.7580395340919495,1,0,1.1302050352096558,-0.03932952880859375,1.0212088823318481,1.568703293800354,0.922182023525238,0.8997299075126648,-0.054677098989486694,-0.4500001072883606,0.38668859004974365,1.0315889120101929,1.0127763748168945,1.019261360168457,https://wandb.ai/ememchijioke-university-of-klagenfurt/marl-uav-v0-7-compact-triangle-obstacle/runs/f23wgnom
2026-05-30T12:53:18.436427,852,1,11598.99569584267,0,0,0,MOVE_TRIANGLE_OBSTACLE,1.0,0.06272837519645691,0.03998923301696777,0.050492286682128906,0.743500292301178,0.8066250085830688,0.8383521437644958,0.05855737626552582,0.3470081090927124,0.594602644443512,1,0.07606448279693723,0.07531783729791641,0.08119146525859833,0.3658619821071625,0.37189698219299316,0.016707340255379677,0.11974068731069565,0,0.743500292301178,1,0,1.1313557624816895,-0.03844842314720154,1.021527886390686,1.565672755241394,0.9278635382652283,0.9005311727523804,-0.06328070908784866,-0.4449733793735504,0.39290884137153625,1.0310049057006836,1.013602614402771,1.019976019859314,https://wandb.ai/ememchijioke-university-of-klagenfurt/marl-uav-v0-7-compact-triangle-obstacle/runs/f23wgnom
2026-05-30T12:53:25.249066,853,1,11609.34746614475,0,0,0,MOVE_TRIANGLE_OBSTACLE,1.0,0.06855474412441254,0.03724409267306328,0.048216025034586586,0.7236999273300171,0.7975393533706665,0.8208086490631104,0.05243941769003868,0.3444647192955017,0.5922896265983582,1,0.07731211860664189,0.07750576734542847,0.0970020443201065,0.3721897304058075,0.3874751925468445,0.019844504073262215,0.10134273022413254,0,0.7236999273300171,1,0,1.127779483795166,-0.04401736333966255,1.0209044218063354,1.5541133880615234,0.9279335141181946,0.9012917280197144,-0.07587853819131851,-0.4382662773132324,0.38209274411201477,1.030977487564087,1.0132148265838623,1.0185210704803467,https://wandb.ai/ememchijioke-university-of-klagenfurt/marl-uav-v0-7-compact-triangle-obstacle/runs/f23wgnom
2026-05-30T12:53:31.393252,854,1,11543.661661737258,0,0,0,MOVE_TRIANGLE_OBSTACLE,1.0,0.06189325451850891,0.040077414363622665,0.052320897579193115,0.7249436974525452,0.8005917072296143,0.8313146829605103,0.056624479591846466,0.34957554936408997,0.5931827425956726,1,0.07494792388752103,0.07384596765041351,0.08818812668323517,0.3765229284763336,0.39210695028305054,0.01548921037465334,0.09677550196647644,0,0.7249436974525452,1,0,1.1270884275436401,-0.041411250829696655,1.021026611328125,1.5531777143478394,0.9318792819976807,0.8962085247039795,-0.0694870725274086,-0.442640095949173,0.387893408536911,1.030653715133667,1.0136722326278687,1.0187538862228394,https://wandb.ai/ememchijioke-university-of-klagenfurt/marl-uav-v0-7-compact-triangle-obstacle/runs/f23wgnom
2026-05-30T12:53:38.558809,855,1,11607.458443914928,0,0,0,MOVE_TRIANGLE_OBSTACLE,1.0,0.06430532783269882,0.03921806812286377,0.05071244637171427,0.7329686284065247,0.8002419471740723,0.8348640203475952,0.05638201907277107,0.3465310335159302,0.5931426286697388,1,0.07658653683029115,0.07597943395376205,0.08509095758199692,0.3718985617160797,0.3879157304763794,0.014953721314668655,0.08520734310150146,0,0.7329686284065247,1,0,1.13101065158844,-0.04102407768368721,1.0206917524337769,1.5595039129257202,0.9338867664337158,0.8996412754058838,-0.0647052451968193,-0.4462566077709198,0.3878895938396454,1.0298629999160767,1.01359224319458,1.0186201333999634,https://wandb.ai/ememchijioke-university-of-klagenfurt/marl-uav-v0-7-compact-triangle-obstacle/runs/f23wgnom
2026-05-30T12:53:45.875171,856,1,11597.741328218384,0,0,0,MOVE_TRIANGLE_OBSTACLE,1.0,0.062281541526317596,0.040337685495615005,0.05181511243184408,0.7407088279724121,0.809592068195343,0.8365620970726013,0.05913082882761955,0.34888455271720886,0.594053328037262,1,0.07506144978106022,0.07521810382604599,0.08157196640968323,0.3772503137588501,0.37959420680999756,0.013939323835074902,0.0802631601691246,0,0.7407088279724121,1,0,1.1303625106811523,-0.03706173971295357,1.0205578804016113,1.565110445022583,0.9281213283538818,0.8978556394577026,-0.06396414339542389,-0.4416084885597229,0.3943873941898346,1.0298429727554321,1.0131326913833618,1.0186978578567505,https://wandb.ai/ememchijioke-university-of-klagenfurt/marl-uav-v0-7-compact-triangle-obstacle/runs/f23wgnom
2026-05-30T12:53:53.373797,857,1,11573.215772925392,0,0,0,MOVE_TRIANGLE_OBSTACLE,1.0,0.06256009638309479,0.04384385421872139,0.05520935853322347,0.7421973943710327,0.8128489255905151,0.844976544380188,0.06478061527013779,0.3463824689388275,0.5955933332443237,1,0.07614388747606426,0.07742476463317871,0.08593325316905975,0.4060547351837158,0.4089723229408264,0.014468181878328323,0.06467630714178085,0,0.7421973943710327,1,0,1.130416750907898,-0.03753764554858208,1.0206602811813354,1.5649338960647583,0.924116849899292,0.9021992683410645,-0.0696781724691391,-0.4438031315803528,0.40086838603019714,1.0290350914001465,1.0135114192962646,1.0194340944290161,https://wandb.ai/ememchijioke-university-of-klagenfurt/marl-uav-v0-7-compact-triangle-obstacle/runs/f23wgnom
2026-05-30T12:54:00.009802,858,1,11548.379526348577,0,0,0,MOVE_TRIANGLE_OBSTACLE,1.0,0.06110375002026558,0.03886041417717934,0.04718456665674845,0.7457805871963501,0.7984165549278259,0.8389177322387695,0.05702585354447365,0.3453134596347809,0.5937148332595825,1,0.07746771490201354,0.07279770821332932,0.08080220222473145,0.3934098780155182,0.4006928503513336,0.021189749240875244,0.18804983794689178,0,0.7457805871963501,1,0,1.125937819480896,-0.03938402608036995,1.020330548286438,1.5576964616775513,0.9183928966522217,0.9017240405082703,-0.0631684809923172,-0.44685736298561096,0.3918737769126892,1.0291588306427002,1.0129560232162476,1.0188769102096558,https://wandb.ai/ememchijioke-university-of-klagenfurt/marl-uav-v0-7-compact-triangle-obstacle/runs/f23wgnom
2026-05-30T12:54:07.330821,859,1,11530.405527765619,0,0,0,MOVE_TRIANGLE_OBSTACLE,1.0,0.056662194430828094,0.043434638530015945,0.05594255526860555,0.7368255853652954,0.8119144439697266,0.8427388072013855,0.06402289867401123,0.3475966453552246,0.594221830368042,1,0.07566662994213402,0.07236471027135849,0.0825054794549942,0.397517591714859,0.40563052892684937,0.010876946151256561,0.1407574862241745,0,0.7368255853652954,1,0,1.1297200918197632,-0.036446649581193924,1.0204178094863892,1.5622950792312622,0.9269391298294067,0.8999258875846863,-0.06862784922122955,-0.44150570034980774,0.4007936120033264,1.0286797285079956,1.014648675918579,1.0179253816604614,https://wandb.ai/ememchijioke-university-of-klagenfurt/marl-uav-v0-7-compact-triangle-obstacle/runs/f23wgnom
2026-05-30T12:54:14.619218,860,1,11546.126903837685,0,0,0,MOVE_TRIANGLE_OBSTACLE,1.0,0.0624077133834362,0.03877958282828331,0.04877016941706339,0.7342722415924072,0.7984481453895569,0.8321346044540405,0.05677556246519089,0.3439926207065582,0.5929230451583862,1,0.07786830060649663,0.07332754880189896,0.08856474608182907,0.39117002487182617,0.3942805230617523,0.009033486247062683,0.1317107081413269,0,0.7342722415924072,1,0,1.1258951425552368,-0.04130646586418152,1.0203880071640015,1.5543326139450073,0.9204233884811401,0.9029294848442078,-0.07175037264823914,-0.44205376505851746,0.38988474011421204,1.0280847549438477,1.014291524887085,1.0187875032424927,https://wandb.ai/ememchijioke-university-of-klagenfurt/marl-uav-v0-7-compact-triangle-obstacle/runs/f23wgnom
2026-05-30T12:54:22.063544,861,1,11609.105532742744,0,0,0,MOVE_TRIANGLE_OBSTACLE,1.0,0.06344159692525864,0.04061077535152435,0.05226780970891317,0.7300935983657837,0.8031152486801147,0.8337817788124084,0.05881240591406822,0.3464401662349701,0.5910972952842712,1,0.07661108416505158,0.07581242173910141,0.0890674963593483,0.37222298979759216,0.38269680738449097,0.012028757482767105,0.1056496873497963,0,0.7300935983657837,1,0,1.1281465291976929,-0.03633742406964302,1.0203583240509033,1.5564637184143066,0.9266448020935059,0.9013309478759766,-0.06817366182804108,-0.43710553646087646,0.396266907453537,1.0288358926773071,1.0128962993621826,1.0193426609039307,https://wandb.ai/ememchijioke-university-of-klagenfurt/marl-uav-v0-7-compact-triangle-obstacle/runs/f23wgnom
2026-05-30T12:54:29.863750,862,1,11598.983962326345,0,0,0,MOVE_TRIANGLE_OBSTACLE,1.0,0.06591539084911346,0.04198117181658745,0.05424513419469198,0.7327937483787537,0.8075116872787476,0.838017463684082,0.06138461083173752,0.3442099988460541,0.5960708856582642,1,0.07716164528392255,0.07841693609952927,0.09266111254692078,0.3844187259674072,0.4002668559551239,0.007964177057147026,0.11106828600168228,0,0.7327937483787537,1,0,1.131461262702942,-0.04417286440730095,1.0202456712722778,1.5617011785507202,0.929617166519165,0.9030656814575195,-0.07639116048812866,-0.44685178995132446,0.3907243609428406,1.0280725955963135,1.0133955478668213,1.0192691087722778,https://wandb.ai/ememchijioke-university-of-klagenfurt/marl-uav-v0-7-compact-triangle-obstacle/runs/f23wgnom
2026-05-30T12:54:38.733888,863,1,11534.338341404537,0,0,0,MOVE_TRIANGLE_OBSTACLE,1.0,0.06703952699899673,0.041732799261808395,0.05068139235178629,0.7293307185173035,0.7927334904670715,0.8386414051055908,0.060362309217453,0.34616902470588684,0.5928049683570862,1,0.07723996019922197,0.07851540297269821,0.09666310995817184,0.3778449594974518,0.3883780837059021,0.02050950936973095,0.1339697688817978,0,0.7293307185173035,1,0,1.1190838813781738,-0.04110090807080269,1.0203031301498413,1.541707158088684,0.9140674471855164,0.9014771580696106,-0.07318615168333054,-0.4443175196647644,0.3942009508609772,1.0286121368408203,1.0126996040344238,1.0195976495742798,https://wandb.ai/ememchijioke-university-of-klagenfurt/marl-uav-v0-7-compact-triangle-obstacle/runs/f23wgnom
2026-05-30T12:54:47.614126,864,1,11534.67858359824,0,0,0,MOVE_TRIANGLE_OBSTACLE,1.0,0.06338036060333252,0.03818617761135101,0.047675093015034996,0.7384322285652161,0.8043113946914673,0.8271461129188538,0.056055087596178055,0.34615111351013184,0.5944654941558838,1,0.07631367666181177,0.07403194159269333,0.08993840217590332,0.39631685614585876,0.41138431429862976,0.014462594874203205,0.07687222212553024,0,0.7384322285652161,1,0,1.1245025396347046,-0.041283052414655685,1.0205119848251343,1.5577490329742432,0.9147890210151672,0.9009695649147034,-0.07508037984371185,-0.4378843307495117,0.389115571975708,1.028839349746704,1.0127809047698975,1.0199156999588013,https://wandb.ai/ememchijioke-university-of-klagenfurt/marl-uav-v0-7-compact-triangle-obstacle/runs/f23wgnom
2026-05-30T12:54:56.023460,865,1,11535.658285577354,0,0,0,MOVE_TRIANGLE_OBSTACLE,1.0,0.06616605073213577,0.03871871158480644,0.04839619000752767,0.7345080375671387,0.8007595539093018,0.8289370536804199,0.05682693421840668,0.34655189514160156,0.5944578051567078,1,0.07632226264104247,0.07644437998533249,0.0939527302980423,0.37266969680786133,0.3818945288658142,0.012636353261768818,0.12408643960952759,0,0.7345080375671387,1,0,1.1215095520019531,-0.042790960520505905,1.0196343660354614,1.551408052444458,0.913206934928894,0.8999137282371521,-0.07686326652765274,-0.4401576519012451,0.38864806294441223,1.0273557901382446,1.0125715732574463,1.0189756155014038,https://wandb.ai/ememchijioke-university-of-klagenfurt/marl-uav-v0-7-compact-triangle-obstacle/runs/f23wgnom
2026-05-30T12:55:06.272213,866,1,11546.129104676937,0,0,0,MOVE_TRIANGLE_OBSTACLE,1.0,0.0648779645562172,0.04570246860384941,0.05566072463989258,0.7347538471221924,0.8019318580627441,0.849804162979126,0.06715044379234314,0.34873780608177185,0.5945023894309998,1,0.07575003965757787,0.07983585447072983,0.09368204325437546,0.3920682668685913,0.40271666646003723,0.01939435862004757,0.13009537756443024,0,0.7347538471221924,1,0,1.1191414594650269,-0.03776615858078003,1.0198922157287598,1.5450481176376343,0.912380039691925,0.8999960422515869,-0.0721191018819809,-0.44543322920799255,0.40425384044647217,1.0277714729309082,1.0125764608383179,1.0193285942077637,https://wandb.ai/ememchijioke-university-of-klagenfurt/marl-uav-v0-7-compact-triangle-obstacle/runs/f23wgnom
2026-05-30T12:55:14.863194,867,1,11532.333888709221,0,0,0,MOVE_TRIANGLE_OBSTACLE,1.0,0.06252287328243256,0.04773223400115967,0.05981850624084473,0.7326173782348633,0.8092232346534729,0.8528496623039246,0.07022678107023239,0.34871700406074524,0.5962615013122559,1,0.07523285644128919,0.07933733612298965,0.09353980422019958,0.3886592388153076,0.3987220525741577,0.013464904390275478,0.10315679758787155,0,0.7326173782348633,1,0,1.123437523841858,-0.039117950946092606,1.019826054573059,1.5507086515426636,0.9190762639045715,0.900527834892273,-0.07605893164873123,-0.4469568729400635,0.405661940574646,1.0269862413406372,1.0127222537994385,1.019769549369812,https://wandb.ai/ememchijioke-university-of-klagenfurt/marl-uav-v0-7-compact-triangle-obstacle/runs/f23wgnom
2026-05-30T12:55:22.749636,868,1,11536.517645453898,0,0,0,MOVE_TRIANGLE_OBSTACLE,1.0,0.06435397267341614,0.038578808307647705,0.046868582566579185,0.7313554883003235,0.7884740829467773,0.8334871530532837,0.0557481087744236,0.34391677379608154,0.5904329419136047,1,0.07872181455604732,0.07461642473936081,0.09052104502916336,0.37592363357543945,0.4010387063026428,0.020284757018089294,0.1353917121887207,0,0.7313554883003235,1,0,1.1216415166854858,-0.03988954424858093,1.0200284719467163,1.544715166091919,0.916843056678772,0.9033661484718323,-0.06782245635986328,-0.44260215759277344,0.3907559812068939,1.027475357055664,1.0134176015853882,1.0191923379898071,https://wandb.ai/ememchijioke-university-of-klagenfurt/marl-uav-v0-7-compact-triangle-obstacle/runs/f23wgnom
2026-05-30T12:55:30.997607,869,1,11547.468879727168,0,0,0,MOVE_TRIANGLE_OBSTACLE,1.0,0.05980909243226051,0.04216139391064644,0.05098656813303629,0.7452913522720337,0.8004389405250549,0.8478121161460876,0.06218533217906952,0.3464057147502899,0.5937203168869019,1,0.07705362397246063,0.07398567348718643,0.08174633234739304,0.38276752829551697,0.4008733630180359,0.01601695455610752,0.09390898793935776,0,0.7452913522720337,1,0,1.1254748106002808,-0.036809444427490234,1.0203418731689453,1.5558596849441528,0.918036699295044,0.9025281071662903,-0.06252361088991165,-0.44777074456214905,0.3998660445213318,1.0278472900390625,1.0128235816955566,1.0203547477722168,https://wandb.ai/ememchijioke-university-of-klagenfurt/marl-uav-v0-7-compact-triangle-obstacle/runs/f23wgnom
2026-05-30T12:55:40.326372,870,1,11598.782800219631,0,0,0,MOVE_TRIANGLE_OBSTACLE,1.0,0.06402493268251419,0.0502617247402668,0.062380711237589516,0.7354668974876404,0.8110250234603882,0.8615840077400208,0.07414299249649048,0.34474143385887146,0.5963577032089233,1,0.07723269716370851,0.08246304839849472,0.09374182671308517,0.3974679708480835,0.4065130650997162,0.02055494301021099,0.1042482927441597,0,0.7354668974876404,1,0,1.1288036108016968,-0.0382617712020874,1.02019202709198,1.5560433864593506,0.9244573712348938,0.905910313129425,-0.07433311641216278,-0.45090800523757935,0.4104558229446411,1.0276845693588257,1.0134718418121338,1.019419550895691,https://wandb.ai/ememchijioke-university-of-klagenfurt/marl-uav-v0-7-compact-triangle-obstacle/runs/f23wgnom
2026-05-30T12:55:48.251101,871,1,11593.911763417305,0,0,0,MOVE_TRIANGLE_OBSTACLE,1.0,0.060131482779979706,0.04285399243235588,0.05514208475748698,0.7336042523384094,0.8053657412528992,0.8436647653579712,0.06249094754457474,0.3455665111541748,0.5918647050857544,1,0.07713644357863814,0.07485642284154892,0.08341725170612335,0.3909863531589508,0.3984263837337494,0.0135188652202487,0.09405485540628433,0,0.7336042523384094,1,0,1.1319596767425537,-0.03580804541707039,1.0198498964309692,1.560644507408142,0.932523787021637,0.9027107357978821,-0.0643654391169548,-0.44308823347091675,0.4000295400619507,1.0275388956069946,1.013095736503601,1.0189151763916016,https://wandb.ai/ememchijioke-university-of-klagenfurt/marl-uav-v0-7-compact-triangle-obstacle/runs/f23wgnom
2026-05-30T12:55:55.078539,872,1,11481.592534927751,0,0,0,MOVE_TRIANGLE_OBSTACLE,1.0,0.05814497172832489,0.04398193955421448,0.05384713411331177,0.7374776005744934,0.8040607571601868,0.8449582457542419,0.06500086188316345,0.3489741384983063,0.5940226912498474,1,0.07552281254902482,0.07337922602891922,0.08700258284807205,0.39698052406311035,0.41469210386276245,0.0224608164280653,0.08866771310567856,0,0.7374776005744934,1,0,1.1192834377288818,-0.03665568307042122,1.0194772481918335,1.54816734790802,0.9105862975120544,0.899096667766571,-0.07136911153793335,-0.4417295455932617,0.4031316041946411,1.0269432067871094,1.012914776802063,1.0185738801956177,https://wandb.ai/ememchijioke-university-of-klagenfurt/marl-uav-v0-7-compact-triangle-obstacle/runs/f23wgnom
2026-05-30T12:56:01.640658,873,1,11537.962441537824,0,0,0,MOVE_TRIANGLE_OBSTACLE,1.0,0.060300447046756744,0.04431760311126709,0.055618882179260254,0.7209542393684387,0.7929439544677734,0.844866931438446,0.0617881640791893,0.3484356105327606,0.58950275182724,1,0.07671455596573651,0.07513511925935745,0.08909343928098679,0.3927331268787384,0.41896310448646545,0.014109245501458645,0.09315826743841171,0,0.7209542393684387,1,0,1.12376868724823,-0.035989534109830856,1.0196081399917603,1.5422005653381348,0.9300304055213928,0.899074912071228,-0.06372906267642975,-0.44426050782203674,0.4000209867954254,1.0276163816452026,1.0128356218338013,1.018372654914856,https://wandb.ai/ememchijioke-university-of-klagenfurt/marl-uav-v0-7-compact-triangle-obstacle/runs/f23wgnom
2026-05-30T12:56:08.715322,874,1,11603.72042127296,0,0,0,MOVE_TRIANGLE_OBSTACLE,1.0,0.06398564577102661,0.042983632534742355,0.0541802446047465,0.7284521460533142,0.7977775931358337,0.84321528673172,0.06184440478682518,0.3441896438598633,0.5909477472305298,1,0.07821574783883989,0.07752621918916702,0.09057106077671051,0.3812238872051239,0.3931899070739746,0.012059256434440613,0.12308302521705627,0,0.7284521460533142,1,0,1.1280992031097412,-0.037510424852371216,1.0198149681091309,1.5516815185546875,0.9286713004112244,0.903944730758667,-0.06698130071163177,-0.4441920816898346,0.39864209294319153,1.0276786088943481,1.013089895248413,1.0186764001846313,https://wandb.ai/ememchijioke-university-of-klagenfurt/marl-uav-v0-7-compact-triangle-obstacle/runs/f23wgnom
2026-05-30T12:56:17.016692,875,1,11541.723192220279,0,0,0,MOVE_TRIANGLE_OBSTACLE,1.0,0.06220323219895363,0.04606010392308235,0.05705521504084269,0.7346647381782532,0.8055667281150818,0.8502636551856995,0.0674557164311409,0.3492535352706909,0.5942570567131042,1,0.07535370788536966,0.07815289497375488,0.0905410423874855,0.38084617257118225,0.39523300528526306,0.01788082718849182,0.09640592336654663,0,0.7346647381782532,1,0,1.1214956045150757,-0.0363459475338459,1.0196353197097778,1.5487921237945557,0.916706383228302,0.8989884853363037,-0.07032928615808487,-0.44438254833221436,0.405674010515213,1.0288106203079224,1.0119572877883911,1.0181382894515991,https://wandb.ai/ememchijioke-university-of-klagenfurt/marl-uav-v0-7-compact-triangle-obstacle/runs/f23wgnom
2026-05-30T12:56:24.150528,876,1,11586.142046642177,0,0,0,MOVE_TRIANGLE_OBSTACLE,1.0,0.06490907818078995,0.04749685525894165,0.059899091720581055,0.7386322617530823,0.8146921396255493,0.8536373972892761,0.07027231901884079,0.348064124584198,0.5969290137290955,1,0.07532479811925441,0.08157843351364136,0.09131519496440887,0.38714799284935,0.4080161452293396,0.01849597506225109,0.100411556661129,0,0.7386322617530823,1,0,1.1273361444473267,-0.038036298006772995,1.019956111907959,1.5591530799865723,0.9223359227180481,0.9005194902420044,-0.07319052517414093,-0.4471321403980255,0.40621379017829895,1.028052806854248,1.0135892629623413,1.018226146697998,https://wandb.ai/ememchijioke-university-of-klagenfurt/marl-uav-v0-7-compact-triangle-obstacle/runs/f23wgnom
2026-05-30T12:56:31.236813,877,1,11532.897469493117,0,0,0,MOVE_TRIANGLE_OBSTACLE,1.0,0.0633523240685463,0.04681473970413208,0.058008670806884766,0.7362586855888367,0.8064491748809814,0.8538355231285095,0.06890484690666199,0.349229097366333,0.5960498452186584,1,0.0752572666388005,0.07953077554702759,0.09111189097166061,0.37900209426879883,0.40049993991851807,0.020686311647295952,0.11499201506376266,0,0.7362586855888367,1,0,1.1218650341033936,-0.03856192156672478,1.0199512243270874,1.5494295358657837,0.9171479940414429,0.8990175724029541,-0.07181141525506973,-0.44875141978263855,0.40487706661224365,1.0280250310897827,1.013427495956421,1.0184013843536377,https://wandb.ai/ememchijioke-university-of-klagenfurt/marl-uav-v0-7-compact-triangle-obstacle/runs/f23wgnom
2026-05-30T12:56:39.067588,878,1,11600.12286856399,0,0,0,MOVE_TRIANGLE_OBSTACLE,1.0,0.06130387261509895,0.04188935086131096,0.054699063301086426,0.7322660684585571,0.8102414608001709,0.8361217975616455,0.061243053525686264,0.3473310172557831,0.5926471948623657,1,0.07578448939602822,0.07506478577852249,0.08648087084293365,0.3870934545993805,0.41152244806289673,0.02433043159544468,0.1283545047044754,0,0.7322660684585571,1,0,1.1309179067611694,-0.0361802875995636,1.0204143524169922,1.5624489784240723,0.9297532439231873,0.9005512595176697,-0.06913386285305023,-0.4374997913837433,0.39809277653694153,1.0283327102661133,1.013628602027893,1.0192818641662598,https://wandb.ai/ememchijioke-university-of-klagenfurt/marl-uav-v0-7-compact-triangle-obstacle/runs/f23wgnom
2026-05-30T12:56:47.724732,879,1,11599.508244414665,0,0,0,MOVE_TRIANGLE_OBSTACLE,1.0,0.06076480448246002,0.04606223478913307,0.05959588289260864,0.7302660346031189,0.8112573623657227,0.8477963209152222,0.06709761917591095,0.34800300002098083,0.5931608080863953,1,0.07559187768492848,0.07730889320373535,0.08793660998344421,0.3962242603302002,0.43087145686149597,0.01579267531633377,0.10137064009904861,0,0.7302660346031189,1,0,1.1306101083755493,-0.03474803641438484,1.020607829093933,1.5591976642608643,0.9315707087516785,0.9010617136955261,-0.06849392503499985,-0.4414888322353363,0.4057386517524719,1.029171109199524,1.0134327411651611,1.0192192792892456,https://wandb.ai/ememchijioke-university-of-klagenfurt/marl-uav-v0-7-compact-triangle-obstacle/runs/f23wgnom
2026-05-30T12:56:56.620412,880,1,11540.87275460601,0,0,0,MOVE_TRIANGLE_OBSTACLE,1.0,0.06528931856155396,0.03988061472773552,0.04928521315256754,0.7289772629737854,0.7910758256912231,0.8357570767402649,0.05728203430771828,0.34852364659309387,0.5908396244049072,1,0.07645942829549313,0.07646512240171432,0.09156791120767593,0.38593778014183044,0.4192226827144623,0.01663423329591751,0.09960069507360458,0,0.7289772629737854,1,0,1.1190310716629028,-0.03809670731425285,1.0203315019607544,1.541732907295227,0.9167976975440979,0.8985624313354492,-0.066581591963768,-0.44162359833717346,0.393915057182312,1.0280282497406006,1.0136277675628662,1.019338607788086,https://wandb.ai/ememchijioke-university-of-klagenfurt/marl-uav-v0-7-compact-triangle-obstacle/runs/f23wgnom
2026-05-30T12:57:04.784767,881,1,11531.404751559327,0,0,0,MOVE_TRIANGLE_OBSTACLE,1.0,0.056208621710538864,0.0505821593105793,0.06378724177678426,0.7282554507255554,0.8124520182609558,0.8571651577949524,0.07418086379766464,0.3491227328777313,0.5922136306762695,1,0.0753116044215858,0.07694799453020096,0.08961649239063263,0.37380027770996094,0.4005754888057709,0.014660794287919998,0.1401079148054123,0,0.7282554507255554,1,0,1.125049114227295,-0.02988203428685665,1.0205349922180176,1.5507124662399292,0.9222201108932495,0.9022148251533508,-0.07045083492994308,-0.4380570650100708,0.4188618063926697,1.028838872909546,1.0140392780303955,1.0187267065048218,https://wandb.ai/ememchijioke-university-of-klagenfurt/marl-uav-v0-7-compact-triangle-obstacle/runs/f23wgnom
2026-05-30T12:57:12.911225,882,1,11593.095858576362,0,0,0,MOVE_TRIANGLE_OBSTACLE,1.0,0.05832478404045105,0.04613126441836357,0.05870976050694784,0.7317496538162231,0.8073450922966003,0.8505338430404663,0.06706003099679947,0.34656739234924316,0.5906622409820557,1,0.07677494105882943,0.07559648901224136,0.08422653377056122,0.38694682717323303,0.3902340233325958,0.015192724764347076,0.10019668191671371,0,0.7317496538162231,1,0,1.1310995817184448,-0.030887365341186523,1.0207772254943848,1.5581493377685547,0.9314916133880615,0.9036577343940735,-0.06259384006261826,-0.44006192684173584,0.40999364852905273,1.0297727584838867,1.0131747722625732,1.0193840265274048,https://wandb.ai/ememchijioke-university-of-klagenfurt/marl-uav-v0-7-compact-triangle-obstacle/runs/f23wgnom
2026-05-30T12:57:20.968284,883,1,11586.794010377951,0,0,0,MOVE_TRIANGLE_OBSTACLE,1.0,0.060887716710567474,0.04788448289036751,0.058392345905303955,0.7393366098403931,0.8060773611068726,0.8584362864494324,0.07056954503059387,0.34468981623649597,0.5923013687133789,1,0.07785181840881705,0.07883831113576889,0.0862346738576889,0.37872931361198425,0.3906554877758026,0.013551025651395321,0.1404816061258316,0,0.7393366098403931,1,0,1.1284147500991821,-0.03157554939389229,1.021117091178894,1.5560541152954102,0.922562301158905,0.9066279530525208,-0.06374448537826538,-0.4446277916431427,0.4136456549167633,1.029638648033142,1.0143221616744995,1.0193904638290405,https://wandb.ai/ememchijioke-university-of-klagenfurt/marl-uav-v0-7-compact-triangle-obstacle/runs/f23wgnom
2026-05-30T12:57:30.976822,884,1,11585.280497168158,0,0,0,MOVE_TRIANGLE_OBSTACLE,1.0,0.05726335197687149,0.04356963559985161,0.056151906649271645,0.7301532626152039,0.8084500432014465,0.8401589393615723,0.06361717730760574,0.34448477625846863,0.5892814993858337,1,0.07756896037608385,0.07289037108421326,0.08471424132585526,0.3787194788455963,0.40810030698776245,0.017930036410689354,0.11744875460863113,0,0.7301532626152039,1,0,1.1323926448822021,-0.030415048822760582,1.0212697982788086,1.5613198280334473,0.9303779006004333,0.9054800868034363,-0.06556111574172974,-0.4327308237552643,0.4070467948913574,1.0296969413757324,1.0147801637649536,1.0193322896957397,https://wandb.ai/ememchijioke-university-of-klagenfurt/marl-uav-v0-7-compact-triangle-obstacle/runs/f23wgnom
2026-05-30T12:57:40.611127,885,1,11585.574463467652,0,0,0,MOVE_TRIANGLE_OBSTACLE,1.0,0.0627160295844078,0.047107309103012085,0.059265732765197754,0.7276732325553894,0.8039005994796753,0.8515698313713074,0.06828881055116653,0.3465697467327118,0.5913925766944885,1,0.0768636513967067,0.07930431514978409,0.09200672060251236,0.39440250396728516,0.40354791283607483,0.01877092756330967,0.13296781480312347,0,0.7276732325553894,1,0,1.1272751092910767,-0.03317917510867119,1.0214083194732666,1.5509063005447388,0.9270009994506836,0.9039182066917419,-0.06746077537536621,-0.44165825843811035,0.4095815122127533,1.0296469926834106,1.0145893096923828,1.019988775253296,https://wandb.ai/ememchijioke-university-of-klagenfurt/marl-uav-v0-7-compact-triangle-obstacle/runs/f23wgnom
2026-05-30T12:57:50.328542,886,1,11594.43671673212,0,0,0,MOVE_TRIANGLE_OBSTACLE,1.0,0.055174991488456726,0.048878442496061325,0.06372781594594319,0.7258733510971069,0.8173765540122986,0.8496802449226379,0.07138536125421524,0.3454492390155792,0.5912619233131409,1,0.07664279546588659,0.07490632683038712,0.08785031735897064,0.37381061911582947,0.37535956501960754,0.014453462325036526,0.17115052044391632,0,0.7258733510971069,1,0,1.134994626045227,-0.029948323965072632,1.0215853452682495,1.5634762048721313,0.9351935386657715,0.906314492225647,-0.07085353136062622,-0.4340837299823761,0.4150923192501068,1.0298188924789429,1.0150929689407349,1.0198439359664917,https://wandb.ai/ememchijioke-university-of-klagenfurt/marl-uav-v0-7-compact-triangle-obstacle/runs/f23wgnom
2026-05-30T12:58:00.607861,887,1,11586.18843861845,0,0,0,MOVE_TRIANGLE_OBSTACLE,1.0,0.06320375949144363,0.04778967425227165,0.06085666020711263,0.7210753560066223,0.8063042163848877,0.8473411202430725,0.06899172812700272,0.3452529311180115,0.5913732051849365,1,0.07716812612488866,0.07967980951070786,0.09779951721429825,0.3907378911972046,0.41182732582092285,0.017032139003276825,0.1528267115354538,0,0.7210753560066223,1,0,1.1276113986968994,-0.03430896997451782,1.0218206644058228,1.550180435180664,0.9275766015052795,0.9050772786140442,-0.0743509903550148,-0.4378049671649933,0.409229040145874,1.0303452014923096,1.0156704187393188,1.0194463729858398,https://wandb.ai/ememchijioke-university-of-klagenfurt/marl-uav-v0-7-compact-triangle-obstacle/runs/f23wgnom
2026-05-30T12:58:09.903846,888,1,11597.208280340375,0,0,0,MOVE_TRIANGLE_OBSTACLE,1.0,0.06331484019756317,0.04683797061443329,0.06033851703008016,0.726982831954956,0.8077710866928101,0.8502272963523865,0.06793956458568573,0.3494003713130951,0.592882513999939,1,0.07518773898482323,0.07972420006990433,0.09133625775575638,0.3798067569732666,0.393307626247406,0.012502779252827168,0.10921237617731094,0,0.726982831954956,1,0,1.1273730993270874,-0.03457983210682869,1.0211758613586426,1.5527234077453613,0.9295514822006226,0.8998444080352783,-0.06838680058717728,-0.44252532720565796,0.40717262029647827,1.0287600755691528,1.015302300453186,1.0194653272628784,https://wandb.ai/ememchijioke-university-of-klagenfurt/marl-uav-v0-7-compact-triangle-obstacle/runs/f23wgnom
2026-05-30T12:58:18.885499,889,1,11526.985567423408,0,0,0,MOVE_TRIANGLE_OBSTACLE,1.0,0.05781812593340874,0.04692530259490013,0.058509488900502525,0.7353019714355469,0.8084272742271423,0.8524031639099121,0.06904663145542145,0.3494790196418762,0.5925639271736145,1,0.07529334863647819,0.07571128755807877,0.08556297421455383,0.3859066963195801,0.40832096338272095,0.014490676112473011,0.1395653635263443,0,0.7353019714355469,1,0,1.1241720914840698,-0.031066587194800377,1.0213754177093506,1.5523829460144043,0.9194149374961853,0.9007182717323303,-0.06587300449609756,-0.4397563934326172,0.41242966055870056,1.030014157295227,1.014794111251831,1.019317865371704,https://wandb.ai/ememchijioke-university-of-klagenfurt/marl-uav-v0-7-compact-triangle-obstacle/runs/f23wgnom
2026-05-30T12:58:27.641769,890,1,11653.67267060019,0,0,0,MOVE_TRIANGLE_OBSTACLE,1.0,0.06185024976730347,0.051270853728055954,0.0659404198328654,0.7238832712173462,0.8117080330848694,0.859996497631073,0.07384002208709717,0.3490672707557678,0.5895032286643982,1,0.07559868623502553,0.08157209306955338,0.09023066610097885,0.38378509879112244,0.39742138981819153,0.02475672960281372,0.1110374927520752,0,0.7238832712173462,1,0,1.1321786642074585,-0.025542398914694786,1.0220813751220703,1.555641770362854,0.9372876882553101,0.9036063551902771,-0.06130647659301758,-0.4373227655887604,0.42200204730033875,1.0312633514404297,1.0152324438095093,1.0197482109069824,https://wandb.ai/ememchijioke-university-of-klagenfurt/marl-uav-v0-7-compact-triangle-obstacle/runs/f23wgnom
2026-05-30T12:58:36.105982,891,1,11596.405822903162,0,0,0,MOVE_TRIANGLE_OBSTACLE,1.0,0.06101755052804947,0.04886340722441673,0.06305823723475139,0.7232663631439209,0.8100190162658691,0.8524220585823059,0.07021662592887878,0.34986549615859985,0.5921128392219543,1,0.07485043467022479,0.07911590486764908,0.09170319139957428,0.37512946128845215,0.3881877362728119,0.01031180564314127,0.1349613219499588,0,0.7232663631439209,1,0,1.1290957927703857,-0.03184555843472481,1.022560715675354,1.5532773733139038,0.9331021904945374,0.9009076952934265,-0.067924864590168,-0.4397045373916626,0.4120927155017853,1.031874656677246,1.0152372121810913,1.0205700397491455,https://wandb.ai/ememchijioke-university-of-klagenfurt/marl-uav-v0-7-compact-triangle-obstacle/runs/f23wgnom
2026-05-30T12:58:45.374014,892,1,11600.83453012897,0,0,0,MOVE_TRIANGLE_OBSTACLE,1.0,0.06008784472942352,0.04906490072607994,0.06123665968577067,0.7278486490249634,0.8084185123443604,0.853140115737915,0.07159040123224258,0.34533563256263733,0.5906879305839539,1,0.07722301641479135,0.07862818241119385,0.09248878806829453,0.3835026025772095,0.40915197134017944,0.011141280643641949,0.1588311344385147,0,0.7278486490249634,1,0,1.1288104057312012,-0.029554476961493492,1.0225878953933716,1.5535744428634644,0.9252185225486755,0.9076383113861084,-0.06924285739660263,-0.4361773133277893,0.4167567193508148,1.0317984819412231,1.01472008228302,1.021245002746582,https://wandb.ai/ememchijioke-university-of-klagenfurt/marl-uav-v0-7-compact-triangle-obstacle/runs/f23wgnom
2026-05-30T12:58:54.604713,893,1,11589.74494187168,0,0,0,MOVE_TRIANGLE_OBSTACLE,1.0,0.060316793620586395,0.05136081576347351,0.06445290644963582,0.7215718030929565,0.8051785826683044,0.8597519397735596,0.07364547997713089,0.34961891174316406,0.5891636610031128,1,0.07570107514038682,0.08028709143400192,0.09245028346776962,0.37803712487220764,0.3926909863948822,0.015300345607101917,0.14152534306049347,0,0.7215718030929565,1,0,1.1267061233520508,-0.026366552338004112,1.0226500034332275,1.5464575290679932,0.9295586943626404,0.9041022062301636,-0.06351158767938614,-0.4374682903289795,0.42188024520874023,1.031112790107727,1.0150492191314697,1.0217878818511963,https://wandb.ai/ememchijioke-university-of-klagenfurt/marl-uav-v0-7-compact-triangle-obstacle/runs/f23wgnom
2026-05-30T12:59:03.836907,894,1,11645.435413779514,0,0,0,MOVE_TRIANGLE_OBSTACLE,1.0,0.061602748930454254,0.04904647171497345,0.06280400355656941,0.7239089012145996,0.8067703247070312,0.8555505871772766,0.07032880187034607,0.3452906906604767,0.5895796418190002,1,0.07746697519905865,0.07986973971128464,0.0900953933596611,0.3912506401538849,0.40605053305625916,0.008917643688619137,0.10879237204790115,0,0.7239089012145996,1,0,1.1347935199737549,-0.029418637976050377,1.0225424766540527,1.557373285293579,0.939720869064331,0.9072864651679993,-0.06289706379175186,-0.4401370584964752,0.4147782027721405,1.030895709991455,1.0154184103012085,1.021313190460205,https://wandb.ai/ememchijioke-university-of-klagenfurt/marl-uav-v0-7-compact-triangle-obstacle/runs/f23wgnom
2026-05-30T12:59:13.741455,895,1,11647.562263950726,0,0,0,MOVE_TRIANGLE_OBSTACLE,1.0,0.060947779566049576,0.04943561181426048,0.06393404801686604,0.7249147295951843,0.8127757906913757,0.8539410829544067,0.0717126727104187,0.343995600938797,0.5911639332771301,1,0.07760512398090214,0.07960239052772522,0.09133469313383102,0.3979044258594513,0.41695287823677063,0.014479883015155792,0.14979512989521027,0,0.7249147295951843,1,0,1.1365714073181152,-0.030967703089118004,1.0224980115890503,1.562096357345581,0.9390308856964111,0.9085870981216431,-0.06860889494419098,-0.43883827328681946,0.41454407572746277,1.0306732654571533,1.0158072710037231,1.0210132598876953,https://wandb.ai/ememchijioke-university-of-klagenfurt/marl-uav-v0-7-compact-triangle-obstacle/runs/f23wgnom
2026-05-30T12:59:22.760280,896,1,11592.542024909317,0,0,0,MOVE_TRIANGLE_OBSTACLE,1.0,0.06020858511328697,0.04799451306462288,0.06228983402252197,0.7195150256156921,0.8094923496246338,0.8468921780586243,0.06877195090055466,0.3483283519744873,0.590560257434845,1,0.07557178218849003,0.07762884348630905,0.09319885820150375,0.3766741454601288,0.3860231637954712,0.010816446505486965,0.1474965661764145,0,0.7195150256156921,1,0,1.1296157836914062,-0.03126354143023491,1.0222746133804321,1.5531373023986816,0.9329676032066345,0.9027422666549683,-0.0703778862953186,-0.43487367033958435,0.41146090626716614,1.030634880065918,1.0153292417526245,1.0208595991134644,https://wandb.ai/ememchijioke-university-of-klagenfurt/marl-uav-v0-7-compact-triangle-obstacle/runs/f23wgnom
2026-05-30T12:59:32.052750,897,1,11592.58468648177,0,0,0,MOVE_TRIANGLE_OBSTACLE,1.0,0.055881597101688385,0.04414689540863037,0.05669250090916952,0.7305821776390076,0.808606743812561,0.8420529365539551,0.06449007242918015,0.34589341282844543,0.5880264639854431,1,0.07702334923669696,0.0723002627491951,0.08235299587249756,0.38912174105644226,0.400134414434433,0.021787097677588463,0.11921548843383789,0,0.7305821776390076,1,0,1.132164478302002,-0.026530900970101357,1.0223002433776855,1.5609066486358643,0.930026650428772,0.9055600762367249,-0.06168036535382271,-0.42979711294174194,0.41188478469848633,1.0307265520095825,1.0155351161956787,1.0206389427185059,https://wandb.ai/ememchijioke-university-of-klagenfurt/marl-uav-v0-7-compact-triangle-obstacle/runs/f23wgnom
2026-05-30T12:59:41.368496,898,1,11586.37881409725,0,0,0,MOVE_TRIANGLE_OBSTACLE,1.0,0.05851266160607338,0.053850430995225906,0.06783548990885417,0.7244389057159424,0.8111355304718018,0.8668098449707031,0.07809901982545853,0.3470780551433563,0.5920122265815735,1,0.07644203281961381,0.08097725361585617,0.09204107522964478,0.39822348952293396,0.40342622995376587,0.01919945888221264,0.09480484575033188,0,0.7244389057159424,1,0,1.1305923461914062,-0.029231885448098183,1.0225247144699097,1.5522263050079346,0.932594895362854,0.9069557189941406,-0.06802208721637726,-0.4430445730686188,0.42337101697921753,1.030869483947754,1.0158100128173828,1.0208944082260132,https://wandb.ai/ememchijioke-university-of-klagenfurt/marl-uav-v0-7-compact-triangle-obstacle/runs/f23wgnom
2026-05-30T12:59:50.245049,899,1,11645.722626129638,0,0,0,MOVE_TRIANGLE_OBSTACLE,1.0,0.060379721224308014,0.04684487357735634,0.0598450501759847,0.7357786893844604,0.8135348558425903,0.8517789840698242,0.06875332444906235,0.34425967931747437,0.5916354060173035,1,0.07747243123594671,0.07783649861812592,0.08462058752775192,0.3904484808444977,0.3948598802089691,0.013474677689373493,0.09403377771377563,0,0.7357786893844604,1,0,1.1367148160934448,-0.02992447279393673,1.0226792097091675,1.567508339881897,0.935298502445221,0.9073373675346375,-0.0629957988858223,-0.4390426278114319,0.41226500272750854,1.0321043729782104,1.0156794786453247,1.0202537775039673,https://wandb.ai/ememchijioke-university-of-klagenfurt/marl-uav-v0-7-compact-triangle-obstacle/runs/f23wgnom
2026-05-30T12:59:58.443084,900,1,11541.819019916265,0,0,0,MOVE_TRIANGLE_OBSTACLE,1.0,0.05734347552061081,0.04346523806452751,0.05336002508799235,0.7332452535629272,0.7986034154891968,0.8447219133377075,0.06327871978282928,0.34688952565193176,0.5888056755065918,1,0.07719509699381888,0.07280715554952621,0.08402860164642334,0.3695785701274872,0.39009249210357666,0.022682152688503265,0.09907390922307968,0,0.7332452535629272,1,0,1.1240735054016113,-0.029116889461874962,1.0226038694381714,1.5493322610855103,0.919599175453186,0.9032889604568481,-0.060464903712272644,-0.43572041392326355,0.40883463621139526,1.0321907997131348,1.0158166885375977,1.0198038816452026,https://wandb.ai/ememchijioke-university-of-klagenfurt/marl-uav-v0-7-compact-triangle-obstacle/runs/f23wgnom
2026-05-30T13:00:07.196913,901,1,11665.583221205057,0,0,0,MOVE_TRIANGLE_OBSTACLE,1.0,0.06474632769823074,0.04227977991104126,0.052112042903900146,0.7426010370254517,0.8024153709411621,0.84652179479599,0.0619068369269371,0.34334051609039307,0.5911290645599365,1,0.0784885291941464,0.07850468903779984,0.08361250162124634,0.38277944922447205,0.38786444067955017,0.017796432599425316,0.12291135638952255,0,0.7426010370254517,1,0,1.132773518562317,-0.03244032338261604,1.0227059125900269,1.5631918907165527,0.9282826781272888,0.9068458080291748,-0.057999469339847565,-0.4427775740623474,0.40345609188079834,1.0323363542556763,1.0152359008789062,1.020545482635498,https://wandb.ai/ememchijioke-university-of-klagenfurt/marl-uav-v0-7-compact-triangle-obstacle/runs/f23wgnom
2026-05-30T13:00:16.906702,902,1,11657.075683538182,0,0,0,MOVE_TRIANGLE_OBSTACLE,1.0,0.06127645820379257,0.048661183565855026,0.059245904286702476,0.7487303018569946,0.8123719096183777,0.8640961050987244,0.07196418195962906,0.3447168171405792,0.5933844447135925,1,0.07756162341684103,0.08013983815908432,0.08359913527965546,0.38812658190727234,0.40721577405929565,0.024629460647702217,0.11832264065742493,0,0.7487303018569946,1,0,1.1348999738693237,-0.02863995172083378,1.0228854417800903,1.567792534828186,0.9287116527557373,0.9081957340240479,-0.05674707889556885,-0.4465058743953705,0.41733312606811523,1.0320411920547485,1.0158926248550415,1.020722508430481,https://wandb.ai/ememchijioke-university-of-klagenfurt/marl-uav-v0-7-compact-triangle-obstacle/runs/f23wgnom
2026-05-30T13:00:26.162621,903,1,11588.813373209725,0,0,0,MOVE_TRIANGLE_OBSTACLE,1.0,0.06036437302827835,0.04857451841235161,0.05933312575022379,0.7252205014228821,0.7960437536239624,0.8571761250495911,0.06909705698490143,0.34440305829048157,0.5883194804191589,1,0.07873143046163023,0.07839938253164291,0.09036952257156372,0.38387414813041687,0.39170894026756287,0.024518879130482674,0.18838471174240112,0,0.7252205014228821,1,0,1.1284793615341187,-0.02965756319463253,1.0224958658218384,1.5468336343765259,0.9306968450546265,0.9079077243804932,-0.060506850481033325,-0.4426596164703369,0.4141937494277954,1.0317000150680542,1.0149816274642944,1.020806074142456,https://wandb.ai/ememchijioke-university-of-klagenfurt/marl-uav-v0-7-compact-triangle-obstacle/runs/f23wgnom
2026-05-30T13:00:35.273237,904,1,11601.936989455111,0,0,0,MOVE_TRIANGLE_OBSTACLE,1.0,0.061930593103170395,0.0484006293118,0.058832923571268715,0.7448277473449707,0.8085799813270569,0.86274653673172,0.07149165123701096,0.34813329577445984,0.5946276187896729,1,0.07600560039281845,0.08025849610567093,0.08462011814117432,0.3646186888217926,0.381544828414917,0.021282389760017395,0.13012315332889557,0,0.7448277473449707,1,0,1.127788782119751,-0.03192688897252083,1.0221751928329468,1.5578348636627197,0.9218550324440002,0.903676450252533,-0.06119833514094353,-0.4485567510128021,0.413974404335022,1.0306110382080078,1.0147523880004883,1.0211619138717651,https://wandb.ai/ememchijioke-university-of-klagenfurt/marl-uav-v0-7-compact-triangle-obstacle/runs/f23wgnom
2026-05-30T13:00:43.765632,905,1,11598.43830798654,0,0,0,MOVE_TRIANGLE_OBSTACLE,1.0,0.059819918125867844,0.04936712980270386,0.06041183074315389,0.7468742728233337,0.8129216432571411,0.8651881217956543,0.07292526960372925,0.3485614061355591,0.5954211950302124,1,0.07555788871832192,0.07942705601453781,0.08373437821865082,0.38972151279449463,0.4037921130657196,0.012156408280134201,0.08339210599660873,0,0.7468742728233337,1,0,1.130212664604187,-0.030992627143859863,1.0228339433670044,1.562319040298462,0.9249941110610962,0.9033247828483582,-0.05992631986737251,-0.4489765763282776,0.4159250259399414,1.032246708869934,1.0155718326568604,1.0206831693649292,https://wandb.ai/ememchijioke-university-of-klagenfurt/marl-uav-v0-7-compact-triangle-obstacle/runs/f23wgnom
2026-05-30T13:00:52.335322,906,1,11603.917036250032,0,0,0,MOVE_TRIANGLE_OBSTACLE,1.0,0.0670018345117569,0.04715951159596443,0.0572056770324707,0.7488821148872375,0.8114144802093506,0.8590846657752991,0.06983283162117004,0.34862205386161804,0.5990402102470398,1,0.07518899184651673,0.08309358358383179,0.0910610631108284,0.37281477451324463,0.38165509700775146,0.01246385183185339,0.10567024350166321,0,0.7488821148872375,1,0,1.1263662576675415,-0.03888313099741936,1.0226677656173706,1.559966802597046,0.9183027148246765,0.9008291959762573,-0.06797043979167938,-0.45378801226615906,0.4051090478897095,1.031546711921692,1.0161709785461426,1.0202854871749878,https://wandb.ai/ememchijioke-university-of-klagenfurt/marl-uav-v0-7-compact-triangle-obstacle/runs/f23wgnom
2026-05-30T13:01:01.949432,907,1,11651.994483264776,0,0,0,MOVE_TRIANGLE_OBSTACLE,1.0,0.06223734840750694,0.05069028213620186,0.0639830231666565,0.7411195039749146,0.8197423815727234,0.8633261919021606,0.07495234161615372,0.3463679850101471,0.5961244702339172,1,0.0760700321989134,0.08205116540193558,0.08640307188034058,0.389061838388443,0.3997005820274353,0.02095331810414791,0.13211379945278168,0,0.7411195039749146,1,0,1.136177659034729,-0.03243693709373474,1.023116111755371,1.5689996480941772,0.93317049741745,0.9063628315925598,-0.06645354628562927,-0.4468747079372406,0.41601744294166565,1.0320059061050415,1.0159082412719727,1.0214341878890991,https://wandb.ai/ememchijioke-university-of-klagenfurt/marl-uav-v0-7-compact-triangle-obstacle/runs/f23wgnom
2026-05-30T13:01:11.232272,908,1,11591.386764911484,0,0,0,MOVE_TRIANGLE_OBSTACLE,1.0,0.060136012732982635,0.04780271649360657,0.05925907691319784,0.7567524313926697,0.8056356906890869,0.8653891086578369,0.07072277367115021,0.3445553481578827,0.594237744808197,1,0.07802896061912179,0.07848715782165527,0.08845855295658112,0.3808939754962921,0.4143790006637573,0.019601548090577126,0.10048622637987137,0,0.7567524313926697,1,0,1.1293599605560303,-0.030143678188323975,1.023073673248291,1.5624357461929321,0.9165894389152527,0.9090548157691956,-0.055861908942461014,-0.44994744658470154,0.4153783321380615,1.0312633514404297,1.0153456926345825,1.0226120948791504,https://wandb.ai/ememchijioke-university-of-klagenfurt/marl-uav-v0-7-compact-triangle-obstacle/runs/f23wgnom
2026-05-30T13:01:19.129121,909,1,11602.14188633803,0,0,0,MOVE_TRIANGLE_OBSTACLE,1.0,0.0614364817738533,0.05209003761410713,0.06457322835922241,0.7375216484069824,0.8103141188621521,0.8709272146224976,0.07634628564119339,0.3478275537490845,0.5964897274971008,1,0.0759213111596182,0.08232910186052322,0.08759838342666626,0.38572731614112854,0.3908623456954956,0.013094735331833363,0.10490173101425171,0,0.7375216484069824,1,0,1.1310025453567505,-0.034750062972307205,1.0232828855514526,1.557032823562622,0.9308725595474243,0.9051022529602051,-0.06534388661384583,-0.4547140300273895,0.41580772399902344,1.0317151546478271,1.0158295631408691,1.0223039388656616,https://wandb.ai/ememchijioke-university-of-klagenfurt/marl-uav-v0-7-compact-triangle-obstacle/runs/f23wgnom
2026-05-30T13:01:27.109936,910,1,11596.259899243012,0,0,0,MOVE_TRIANGLE_OBSTACLE,1.0,0.06496160477399826,0.05156645551323891,0.06329762935638428,0.7384481430053711,0.8084849715232849,0.869856059551239,0.07563894987106323,0.34950536489486694,0.5973392128944397,1,0.07513602916151285,0.08453062921762466,0.09080015122890472,0.3831436336040497,0.3877674341201782,0.019691117107868195,0.11357828974723816,0,0.7384481430053711,1,0,1.1272940635681152,-0.035971302539110184,1.0235328674316406,1.55315101146698,0.9255662560462952,0.903164803981781,-0.06660263985395432,-0.45542415976524353,0.4141128659248352,1.0318703651428223,1.0157183408737183,1.0230097770690918,https://wandb.ai/ememchijioke-university-of-klagenfurt/marl-uav-v0-7-compact-triangle-obstacle/runs/f23wgnom
2026-05-30T13:01:34.850896,911,1,11584.341540153491,0,0,0,MOVE_TRIANGLE_OBSTACLE,1.0,0.06148160621523857,0.04988100007176399,0.06258676449457805,0.7376104593276978,0.8166651129722595,0.8587056398391724,0.07368909567594528,0.34945303201675415,0.5953615307807922,1,0.0746937885414809,0.0807097777724266,0.08904357999563217,0.37123429775238037,0.38471361994743347,0.015675025060772896,0.1283271461725235,0,0.7376104593276978,1,0,1.1286224126815796,-0.031667161732912064,1.0230766534805298,1.5595693588256836,0.9236024022102356,0.9026957154273987,-0.068938709795475,-0.4422486424446106,0.4161858856678009,1.0319435596466064,1.0159766674041748,1.0213096141815186,https://wandb.ai/ememchijioke-university-of-klagenfurt/marl-uav-v0-7-compact-triangle-obstacle/runs/f23wgnom
2026-05-30T13:01:43.313832,912,1,11589.975813643201,0,0,0,MOVE_TRIANGLE_OBSTACLE,1.0,0.06076293811202049,0.05386858060956001,0.06684271494547527,0.730901837348938,0.8107760548591614,0.8706539273262024,0.07845078408718109,0.34580835700035095,0.59553462266922,1,0.07681733253411949,0.08269098401069641,0.09257099032402039,0.3691827356815338,0.3737657368183136,0.020154254510998726,0.11291799694299698,0,0.730901837348938,1,0,1.1317403316497803,-0.03416433930397034,1.0237908363342285,1.5550719499588013,0.9320101141929626,0.9081389904022217,-0.06978588551282883,-0.45150524377822876,0.4187981188297272,1.0332510471343994,1.015879511833191,1.0222421884536743,https://wandb.ai/ememchijioke-university-of-klagenfurt/marl-uav-v0-7-compact-triangle-obstacle/runs/f23wgnom
2026-05-30T13:01:50.812988,913,1,11653.271583020187,0,0,0,MOVE_TRIANGLE_OBSTACLE,1.0,0.06262188404798508,0.04813811182975769,0.06077643235524496,0.7409833073616028,0.815458357334137,0.8578542470932007,0.07089588791131973,0.34773537516593933,0.5940408706665039,1,0.07567360601387918,0.08064212650060654,0.08410757780075073,0.3996609151363373,0.4053657650947571,0.01738373003900051,0.18939901888370514,0,0.7409833073616028,1,0,1.1343939304351807,-0.030355194583535194,1.023222804069519,1.5667814016342163,0.9320966005325317,0.9043037295341492,-0.061469800770282745,-0.4434896409511566,0.4138938784599304,1.0326488018035889,1.015552043914795,1.021467685699463,https://wandb.ai/ememchijioke-university-of-klagenfurt/marl-uav-v0-7-compact-triangle-obstacle/runs/f23wgnom
2026-05-30T13:01:59.939113,914,1,11649.091941407125,0,0,0,MOVE_TRIANGLE_OBSTACLE,1.0,0.0628899335861206,0.046531662344932556,0.05733644962310791,0.7463968396186829,0.812463641166687,0.8559425473213196,0.06864277273416519,0.34478405117988586,0.5940436124801636,1,0.07723390602041036,0.07978224754333496,0.0826563909649849,0.3787117004394531,0.3926009237766266,0.015957390889525414,0.08839497715234756,0,0.7463968396186829,1,0,1.134844183921814,-0.031563688069581985,1.023293375968933,1.5685971975326538,0.9287826418876648,0.9071528911590576,-0.06078580021858215,-0.4447770118713379,0.4108717143535614,1.0327985286712646,1.0155845880508423,1.0214970111846924,https://wandb.ai/ememchijioke-university-of-klagenfurt/marl-uav-v0-7-compact-triangle-obstacle/runs/f23wgnom
2026-05-30T13:02:08.872798,915,1,11591.866619736447,0,0,0,MOVE_TRIANGLE_OBSTACLE,1.0,0.06586950272321701,0.04858711361885071,0.05963502327601115,0.736996591091156,0.8087444305419922,0.8571572303771973,0.07132061570882797,0.34563976526260376,0.5967731475830078,1,0.07669504918158054,0.08266037702560425,0.09481005370616913,0.392302542924881,0.399234801530838,0.02338411472737789,0.06447162479162216,0,0.736996591091156,1,0,1.1277021169662476,-0.038690824061632156,1.0225635766983032,1.5556102991104126,0.9220601916313171,0.9054357409477234,-0.07361116260290146,-0.4497123658657074,0.4072510600090027,1.0321123600006104,1.0140526294708252,1.0215256214141846,https://wandb.ai/ememchijioke-university-of-klagenfurt/marl-uav-v0-7-compact-triangle-obstacle/runs/f23wgnom
2026-05-30T13:02:17.373092,916,1,11532.165293533219,0,0,0,MOVE_TRIANGLE_OBSTACLE,1.0,0.05953805148601532,0.04395999386906624,0.05375188589096069,0.7315866947174072,0.7976119518280029,0.8452304005622864,0.06366035342216492,0.3473397493362427,0.5901167392730713,1,0.07685480988584459,0.07461225986480713,0.08764498680830002,0.3753700256347656,0.4004000723361969,0.012713562697172165,0.062305137515068054,0,0.7315866947174072,1,0,1.122999668121338,-0.03205454349517822,1.0221866369247437,1.5470613241195679,0.9190006256103516,0.9029368162155151,-0.06389839202165604,-0.4386570453643799,0.40639179944992065,1.031684160232544,1.0139422416687012,1.0209336280822754,https://wandb.ai/ememchijioke-university-of-klagenfurt/marl-uav-v0-7-compact-triangle-obstacle/runs/f23wgnom
2026-05-30T13:02:25.188236,917,1,11598.634832599548,0,0,0,MOVE_TRIANGLE_OBSTACLE,1.0,0.06365875899791718,0.046357084065675735,0.05820063749949137,0.7381967306137085,0.8096608519554138,0.8531377911567688,0.0679532140493393,0.34717169404029846,0.5963314771652222,1,0.07589583052322268,0.07980111241340637,0.088722363114357,0.37444695830345154,0.3852345943450928,0.016364028677344322,0.09183934330940247,0,0.7381967306137085,1,0,1.1303287744522095,-0.03809387609362602,1.022702932357788,1.560285210609436,0.9276716113090515,0.9030295610427856,-0.06898549944162369,-0.4490242302417755,0.40372809767723083,1.0319812297821045,1.0145174264907837,1.0216100215911865,https://wandb.ai/ememchijioke-university-of-klagenfurt/marl-uav-v0-7-compact-triangle-obstacle/runs/f23wgnom
2026-05-30T13:02:32.951715,918,1,11586.413887749319,0,0,0,MOVE_TRIANGLE_OBSTACLE,1.0,0.06073011830449104,0.049683693796396255,0.060424625873565674,0.7364828586578369,0.8034327626228333,0.8643239736557007,0.0724378302693367,0.3469558358192444,0.5919907093048096,1,0.07700532558374107,0.08005885034799576,0.086436428129673,0.39930105209350586,0.41107210516929626,0.01584269292652607,0.10637488216161728,0,0.7364828586578369,1,0,1.1282943487167358,-0.02987775206565857,1.02279531955719,1.552540898323059,0.9260826706886292,0.9062593579292297,-0.05999458208680153,-0.4468517005443573,0.4172130525112152,1.0318435430526733,1.0145621299743652,1.0219801664352417,https://wandb.ai/ememchijioke-university-of-klagenfurt/marl-uav-v0-7-compact-triangle-obstacle/runs/f23wgnom
2026-05-30T13:02:40.469050,919,1,11645.931636534555,0,0,0,MOVE_TRIANGLE_OBSTACLE,1.0,0.06259326636791229,0.05099170282483101,0.06489682197570801,0.7366000413894653,0.817057192325592,0.8642333149909973,0.07481975108385086,0.3461800217628479,0.596075713634491,1,0.07624473073519766,0.08245550096035004,0.08802785724401474,0.39285847544670105,0.3971576988697052,0.00586777413263917,0.135515496134758,0,0.7366000413894653,1,0,1.1368826627731323,-0.03422439098358154,1.0229469537734985,1.566745400428772,0.9376723766326904,0.9062302112579346,-0.06689316034317017,-0.4497077465057373,0.41392773389816284,1.032267689704895,1.014953851699829,1.021619200706482,https://wandb.ai/ememchijioke-university-of-klagenfurt/marl-uav-v0-7-compact-triangle-obstacle/runs/f23wgnom
2026-05-30T13:02:48.124016,920,1,11534.369372366937,0,0,0,MOVE_TRIANGLE_OBSTACLE,1.0,0.060391753911972046,0.04671259596943855,0.056447108586629234,0.7400490641593933,0.805654764175415,0.853735625743866,0.06883592903614044,0.34937071800231934,0.5937768816947937,1,0.07539874222129583,0.07746931165456772,0.08689200133085251,0.37745746970176697,0.3860105276107788,0.021273767575621605,0.05161193013191223,0,0.7400490641593933,1,0,1.1221574544906616,-0.0325591079890728,1.0220345258712769,1.5508222579956055,0.9138403534889221,0.9018097519874573,-0.06619387865066528,-0.4425501823425293,0.4110667407512665,1.0307058095932007,1.01389479637146,1.0215030908584595,https://wandb.ai/ememchijioke-university-of-klagenfurt/marl-uav-v0-7-compact-triangle-obstacle/runs/f23wgnom
2026-05-30T13:02:55.950216,921,1,11586.09087004998,0,0,0,MOVE_TRIANGLE_OBSTACLE,1.0,0.06424147635698318,0.0451863594353199,0.05443000793457031,0.7363880276679993,0.7978334426879883,0.8518446087837219,0.06584736704826355,0.3432137370109558,0.5922448039054871,1,0.0787167209200561,0.07921741157770157,0.09033264219760895,0.37240538001060486,0.3992857336997986,0.00865913275629282,0.12950067222118378,0,0.7363880276679993,1,0,1.1275845766067505,-0.035449981689453125,1.0229390859603882,1.5522795915603638,0.9225878119468689,0.907886266708374,-0.06508457660675049,-0.4464794099330902,0.4052140712738037,1.0322192907333374,1.0150854587554932,1.021512746810913,https://wandb.ai/ememchijioke-university-of-klagenfurt/marl-uav-v0-7-compact-triangle-obstacle/runs/f23wgnom
2026-05-30T13:03:03.391311,922,1,11641.423028589503,0,0,0,MOVE_TRIANGLE_OBSTACLE,1.0,0.07191670686006546,0.0451069176197052,0.054732322692871094,0.7409241199493408,0.8003795742988586,0.8547415137290955,0.06575392931699753,0.3439773619174957,0.5961617827415466,1,0.07794430025387555,0.08568564057350159,0.09391816705465317,0.3872811794281006,0.39909693598747253,0.01758342981338501,0.09478209167718887,0,0.7409241199493408,1,0,1.1294625997543335,-0.04111585021018982,1.0225204229354858,1.5565590858459473,0.9258245229721069,0.9060038924217224,-0.06704480201005936,-0.45538920164108276,0.39908644556999207,1.0320335626602173,1.0138380527496338,1.0216892957687378,https://wandb.ai/ememchijioke-university-of-klagenfurt/marl-uav-v0-7-compact-triangle-obstacle/runs/f23wgnom
2026-05-30T13:03:10.292810,923,1,11533.865311928288,0,0,0,MOVE_TRIANGLE_OBSTACLE,1.0,0.0646270141005516,0.044419556856155396,0.05324556430180868,0.7320206165313721,0.797407329082489,0.8443499803543091,0.06495518982410431,0.3466539978981018,0.5924437642097473,1,0.0769143458455801,0.07855433225631714,0.09543334692716599,0.374194473028183,0.4030516445636749,0.014755826443433762,0.10620546340942383,0,0.7320206165313721,1,0,1.1192158460617065,-0.036172788590192795,1.0220969915390015,1.5432682037353516,0.9111371040344238,0.903242290019989,-0.07175969332456589,-0.44052308797836304,0.40376442670822144,1.0310240983963013,1.0143481492996216,1.0209187269210815,https://wandb.ai/ememchijioke-university-of-klagenfurt/marl-uav-v0-7-compact-triangle-obstacle/runs/f23wgnom
2026-05-30T13:03:17.504919,924,1,11532.63490989592,0,0,0,MOVE_TRIANGLE_OBSTACLE,1.0,0.05729549005627632,0.045720476657152176,0.05486851930618286,0.7439250349998474,0.8066104650497437,0.8519201278686523,0.06739315390586853,0.3450106680393219,0.5941199660301208,1,0.07728416589088738,0.07427941262722015,0.08340231329202652,0.375972718000412,0.38403794169425964,0.01671484299004078,0.16314364969730377,0,0.7439250349998474,1,0,1.1280202865600586,-0.03396417573094368,1.0230395793914795,1.5590554475784302,0.9181475639343262,0.9068578481674194,-0.06637019664049149,-0.44366586208343506,0.4081435203552246,1.0321599245071411,1.0145658254623413,1.022392988204956,https://wandb.ai/ememchijioke-university-of-klagenfurt/marl-uav-v0-7-compact-triangle-obstacle/runs/f23wgnom
2026-05-30T13:03:24.691038,925,1,11593.232088181536,0,0,0,MOVE_TRIANGLE_OBSTACLE,1.0,0.05922504514455795,0.04825466871261597,0.06040283044179281,0.7324437499046326,0.8112992644309998,0.8523529767990112,0.07078851014375687,0.3428153991699219,0.593309223651886,1,0.07805570878554136,0.07740367203950882,0.09094780683517456,0.38298726081848145,0.4033276438713074,0.011852140538394451,0.18227863311767578,0,0.7324437499046326,1,0,1.133374571800232,-0.033801425248384476,1.0234122276306152,1.5613905191421509,0.9285263419151306,0.9102067947387695,-0.07229609042406082,-0.4406166672706604,0.4115084707736969,1.0324770212173462,1.0152517557144165,1.022507905960083,https://wandb.ai/ememchijioke-university-of-klagenfurt/marl-uav-v0-7-compact-triangle-obstacle/runs/f23wgnom
2026-05-30T13:03:31.439884,926,1,11587.440095513031,0,0,0,MOVE_TRIANGLE_OBSTACLE,1.0,0.06685395538806915,0.04717108607292175,0.057406206925710045,0.7351890802383423,0.8012244701385498,0.8561832308769226,0.06875766068696976,0.34516680240631104,0.5953730940818787,1,0.0773674895754084,0.08244308829307556,0.09439808875322342,0.3991713523864746,0.4071122109889984,0.021531889215111732,0.14541681110858917,0,0.7351890802383423,1,0,1.1268826723098755,-0.038890738040208817,1.023333191871643,1.5514713525772095,0.9232354760169983,0.905941367149353,-0.0698966532945633,-0.4513775706291199,0.4046019911766052,1.0324355363845825,1.0152614116668701,1.0223027467727661,https://wandb.ai/ememchijioke-university-of-klagenfurt/marl-uav-v0-7-compact-triangle-obstacle/runs/f23wgnom
2026-05-30T13:03:38.586567,927,1,11591.24901763714,0,0,0,MOVE_TRIANGLE_OBSTACLE,1.0,0.06417574733495712,0.04595881700515747,0.05685232083002726,0.7384123206138611,0.8040472269058228,0.8549220561981201,0.06716211140155792,0.3463497757911682,0.5953254699707031,1,0.0766840297728777,0.07996342331171036,0.08816377818584442,0.3765846788883209,0.40378108620643616,0.01151924580335617,0.12540481984615326,0,0.7384123206138611,1,0,1.1295303106307983,-0.03767915442585945,1.0232242345809937,1.5570197105407715,0.9271518588066101,0.9044194221496582,-0.06587153673171997,-0.45087769627571106,0.40371179580688477,1.032166838645935,1.0151536464691162,1.0223523378372192,https://wandb.ai/ememchijioke-university-of-klagenfurt/marl-uav-v0-7-compact-triangle-obstacle/runs/f23wgnom
2026-05-30T13:03:45.536998,928,1,11592.351963741003,0,0,0,MOVE_TRIANGLE_OBSTACLE,1.0,0.06758048385381699,0.04498332738876343,0.05592278639475504,0.7356379628181458,0.8005507588386536,0.8528555631637573,0.06498367339372635,0.34823012351989746,0.5962197184562683,1,0.07582770613953471,0.08200497180223465,0.09104230999946594,0.395719051361084,0.410683274269104,0.010566666722297668,0.10318886488676071,0,0.7356379628181458,1,0,1.1273999214172363,-0.04078425094485283,1.0232763290405273,1.5529756546020508,0.9281488656997681,0.9010753035545349,-0.06634055078029633,-0.45420461893081665,0.398192435503006,1.032802939414978,1.0150212049484253,1.0220049619674683,https://wandb.ai/ememchijioke-university-of-klagenfurt/marl-uav-v0-7-compact-triangle-obstacle/runs/f23wgnom
2026-05-30T13:03:51.214067,929,1,11535.176171192927,0,0,0,MOVE_TRIANGLE_OBSTACLE,1.0,0.05967039614915848,0.040803857147693634,0.05003801981608073,0.7398914098739624,0.7978208661079407,0.8421846032142639,0.059725552797317505,0.34758418798446655,0.5918892025947571,1,0.07655823370441794,0.07303107529878616,0.08168644458055496,0.37876972556114197,0.3825720548629761,0.013587321154773235,0.09615754336118698,0,0.7398914098739624,1,0,1.1250895261764526,-0.03438999131321907,1.023163914680481,1.553489327430725,0.9196878671646118,0.902091383934021,-0.060764115303754807,-0.4421921670436859,0.3997862935066223,1.0316100120544434,1.0158746242523193,1.0220073461532593,https://wandb.ai/ememchijioke-university-of-klagenfurt/marl-uav-v0-7-compact-triangle-obstacle/runs/f23wgnom
2026-05-30T13:03:57.812719,930,1,11583.591493206104,0,0,0,MOVE_TRIANGLE_OBSTACLE,1.0,0.05665195733308792,0.0462859608232975,0.056163529555002846,0.7424899935722351,0.8020757436752319,0.8589048385620117,0.06796398758888245,0.34345048666000366,0.5908346176147461,1,0.0787287529092282,0.07484502345323563,0.07886025309562683,0.3698110580444336,0.37452688813209534,0.011953241191804409,0.09847906231880188,0,0.7424899935722351,1,0,1.1336010694503784,-0.029384681954979897,1.0234159231185913,1.5610921382904053,0.9294524192810059,0.910258412361145,-0.05562939867377281,-0.4455898702144623,0.41306522488594055,1.031437635421753,1.0155162811279297,1.0232939720153809,https://wandb.ai/ememchijioke-university-of-klagenfurt/marl-uav-v0-7-compact-triangle-obstacle/runs/f23wgnom
2026-05-30T13:04:04.922959,931,1,11652.782648681647,0,0,0,MOVE_TRIANGLE_OBSTACLE,1.0,0.05598042160272598,0.048389483243227005,0.06086069345474243,0.7418401837348938,0.8109604716300964,0.8634617924690247,0.07097122818231583,0.3432319462299347,0.5921308994293213,1,0.07827550463844091,0.07614593952894211,0.07855924963951111,0.3873509466648102,0.40724360942840576,0.017107173800468445,0.10966990143060684,0,0.7418401837348938,1,0,1.1423163414001465,-0.029138952493667603,1.0233923196792603,1.5722973346710205,0.9435510635375977,0.9111005067825317,-0.05451986938714981,-0.44785168766975403,0.41495469212532043,1.031893014907837,1.014715313911438,1.0235687494277954,https://wandb.ai/ememchijioke-university-of-klagenfurt/marl-uav-v0-7-compact-triangle-obstacle/runs/f23wgnom
2026-05-30T13:04:11.577634,932,1,11598.23690364329,0,0,0,MOVE_TRIANGLE_OBSTACLE,1.0,0.05916430056095123,0.04829537868499756,0.05900001525878906,0.7518633008003235,0.8068092465400696,0.8683274984359741,0.07130242884159088,0.3475694954395294,0.5951435565948486,1,0.0764484447427094,0.07846110314130783,0.08748475462198257,0.3755389451980591,0.4040958881378174,0.015031222254037857,0.12984240055084229,0,0.7518633008003235,1,0,1.131677269935608,-0.031231412664055824,1.0236748456954956,1.56284499168396,0.9261795878410339,0.9060069918632507,-0.054179079830646515,-0.4537828862667084,0.41426774859428406,1.031812310218811,1.01530921459198,1.0239031314849854,https://wandb.ai/ememchijioke-university-of-klagenfurt/marl-uav-v0-7-compact-triangle-obstacle/runs/f23wgnom
2026-05-30T13:04:18.856829,933,1,11649.453473837068,0,0,0,MOVE_TRIANGLE_OBSTACLE,1.0,0.06539735198020935,0.05047187581658363,0.06363044182459514,0.7341026663780212,0.8160815238952637,0.858912467956543,0.07420423626899719,0.3460161089897156,0.5953537821769714,1,0.07627643377054483,0.08396545052528381,0.09428001940250397,0.40642794966697693,0.428119421005249,0.014987032860517502,0.10028136521577835,0,0.7341026663780212,1,0,1.1330411434173584,-0.03386774659156799,1.023086428642273,1.562279224395752,0.9295993447303772,0.907244861125946,-0.07211290299892426,-0.444036602973938,0.41454628109931946,1.0318340063095093,1.0146383047103882,1.0227869749069214,https://wandb.ai/ememchijioke-university-of-klagenfurt/marl-uav-v0-7-compact-triangle-obstacle/runs/f23wgnom
2026-05-30T13:04:26.374804,934,1,11533.625441624157,0,0,0,MOVE_TRIANGLE_OBSTACLE,1.0,0.05897185951471329,0.049242615699768066,0.058839380741119385,0.729899525642395,0.7952994108200073,0.8611182570457458,0.07072224467992783,0.3489132225513458,0.5900638103485107,1,0.07668796321377158,0.07797767966985703,0.0882931649684906,0.3884124755859375,0.40223267674446106,0.025451302528381348,0.05828335881233215,0,0.729899525642395,1,0,1.1223509311676025,-0.02917546033859253,1.0232943296432495,1.5413384437561035,0.9213871359825134,0.9043271541595459,-0.059577587991952896,-0.444429874420166,0.416481077671051,1.0321816205978394,1.0147901773452759,1.0229110717773438,https://wandb.ai/ememchijioke-university-of-klagenfurt/marl-uav-v0-7-compact-triangle-obstacle/runs/f23wgnom
2026-05-30T13:04:33.499400,935,1,11589.458476762364,0,0,0,MOVE_TRIANGLE_OBSTACLE,1.0,0.06124499440193176,0.045896705240011215,0.05443414052327474,0.7478876709938049,0.8057593703269958,0.8554307222366333,0.0676896870136261,0.3457683026790619,0.5927422642707825,1,0.07726721256040037,0.07791651040315628,0.08212055265903473,0.38262009620666504,0.39173248410224915,0.016800781711935997,0.10479191690683365,0,0.7478876709938049,1,0,1.1278139352798462,-0.030283888801932335,1.0226258039474487,1.55945885181427,0.9176362156867981,0.9063469171524048,-0.05970494821667671,-0.44323602318763733,0.4120892882347107,1.0318187475204468,1.0143946409225464,1.0216639041900635,https://wandb.ai/ememchijioke-university-of-klagenfurt/marl-uav-v0-7-compact-triangle-obstacle/runs/f23wgnom
2026-05-30T13:04:40.840433,936,1,11529.38936318608,0,0,0,MOVE_TRIANGLE_OBSTACLE,1.0,0.06105516105890274,0.04742072895169258,0.057467361291249595,0.7391063570976257,0.8054988980293274,0.8560095429420471,0.06972364336252213,0.3485874831676483,0.59504234790802,1,0.07566102501004934,0.07828964293003082,0.08849246054887772,0.3847450911998749,0.38706350326538086,0.014889739453792572,0.1041567325592041,0,0.7391063570976257,1,0,1.1233010292053223,-0.035041261464357376,1.0224016904830933,1.551069974899292,0.9163499474525452,0.9024831652641296,-0.06812987476587296,-0.4464290738105774,0.4094351828098297,1.0314134359359741,1.0141397714614868,1.0216519832611084,https://wandb.ai/ememchijioke-university-of-klagenfurt/marl-uav-v0-7-compact-triangle-obstacle/runs/f23wgnom
2026-05-30T13:04:47.742378,937,1,11525.043112666253,0,0,0,MOVE_TRIANGLE_OBSTACLE,1.0,0.06059720739722252,0.0459400899708271,0.05623773733774821,0.7390825152397156,0.805985689163208,0.8518100380897522,0.06742624193429947,0.34836411476135254,0.5949426889419556,1,0.07565396267455071,0.07691403478384018,0.08737438917160034,0.37623322010040283,0.3790585696697235,0.010587037540972233,0.07892861217260361,0,0.7390825152397156,1,0,1.1244093179702759,-0.03587150573730469,1.0220249891281128,1.553350806236267,0.9180601239204407,0.9018169641494751,-0.06823405623435974,-0.44550076127052307,0.40612030029296875,1.0313822031021118,1.0135350227355957,1.0211576223373413,https://wandb.ai/ememchijioke-university-of-klagenfurt/marl-uav-v0-7-compact-triangle-obstacle/runs/f23wgnom
2026-05-30T13:04:54.545283,938,1,11529.362918613228,0,0,0,MOVE_TRIANGLE_OBSTACLE,1.0,0.06414982676506042,0.04363766685128212,0.05161378781000773,0.7424313426017761,0.7958162426948547,0.8514564633369446,0.0636957436800003,0.34687817096710205,0.5952580571174622,1,0.07687084493227303,0.07797956466674805,0.08739390224218369,0.3766136169433594,0.40125179290771484,0.0105919623747468,0.12891215085983276,0,0.7424313426017761,1,0,1.122827410697937,-0.039291929453611374,1.0230385065078735,1.549357295036316,0.9160849452018738,0.9030401706695557,-0.064997598528862,-0.4520984888076782,0.3992203176021576,1.0323556661605835,1.0143747329711914,1.0223852396011353,https://wandb.ai/ememchijioke-university-of-klagenfurt/marl-uav-v0-7-compact-triangle-obstacle/runs/f23wgnom
2026-05-30T13:05:01.556787,939,1,11522.320048318383,0,0,0,MOVE_TRIANGLE_OBSTACLE,1.0,0.06112857162952423,0.045879825949668884,0.05636415878931681,0.739231526851654,0.8071765899658203,0.8511474132537842,0.06744351983070374,0.3481622636318207,0.5960997343063354,1,0.0755188805051148,0.07719197124242783,0.0884627252817154,0.3828153610229492,0.39931610226631165,0.013999499380588531,0.11648258566856384,0,0.739231526851654,1,0,1.1255697011947632,-0.03734060004353523,1.0232818126678467,1.555171012878418,0.918954610824585,0.9025835990905762,-0.07031510770320892,-0.4463312029838562,0.4046245217323303,1.0323591232299805,1.0149275064468384,1.0225589275360107,https://wandb.ai/ememchijioke-university-of-klagenfurt/marl-uav-v0-7-compact-triangle-obstacle/runs/f23wgnom
2026-05-30T13:05:08.079550,940,1,11591.401747372316,0,0,0,MOVE_TRIANGLE_OBSTACLE,1.0,0.06535249948501587,0.04767674207687378,0.059257288773854576,0.7368227243423462,0.8110670447349548,0.8535275459289551,0.07025329023599625,0.3437110483646393,0.597822368144989,1,0.0773655503289774,0.08147731423377991,0.09526564925909042,0.37768641114234924,0.4023539423942566,0.015579096972942352,0.0763692632317543,0,0.7368227243423462,1,0,1.1309055089950562,-0.0412103533744812,1.0232192277908325,1.5604450702667236,0.9249104261398315,0.9073612689971924,-0.07733571529388428,-0.4498085677623749,0.40351325273513794,1.0319290161132812,1.0155773162841797,1.0221515893936157,https://wandb.ai/ememchijioke-university-of-klagenfurt/marl-uav-v0-7-compact-triangle-obstacle/runs/f23wgnom
2026-05-30T13:05:15.117755,941,1,11528.73576930365,0,0,0,MOVE_TRIANGLE_OBSTACLE,1.0,0.06295374780893326,0.047910843044519424,0.057977914810180664,0.7323797345161438,0.8012406229972839,0.8550728559494019,0.07014451175928116,0.34739091992378235,0.5944454669952393,1,0.07637723651714623,0.07966507226228714,0.09405703842639923,0.37970730662345886,0.3868192136287689,0.021639013662934303,0.14531099796295166,0,0.7323797345161438,1,0,1.122244954109192,-0.036497969180345535,1.023184895515442,1.545703411102295,0.9165949821472168,0.9044366478919983,-0.07171830534934998,-0.44636526703834534,0.4085896611213684,1.0311170816421509,1.0155503749847412,1.0228872299194336,https://wandb.ai/ememchijioke-university-of-klagenfurt/marl-uav-v0-7-compact-triangle-obstacle/runs/f23wgnom
2026-05-30T13:05:22.173326,942,1,11530.597485923316,0,0,0,MOVE_TRIANGLE_OBSTACLE,1.0,0.06038999557495117,0.04186616837978363,0.05178697903951009,0.7321923971176147,0.7958810329437256,0.8416723012924194,0.06067854166030884,0.34914565086364746,0.5902295708656311,1,0.0760375177487731,0.07411140948534012,0.08574490249156952,0.3915433883666992,0.40033262968063354,0.022969836369156837,0.11242860555648804,0,0.7321923971176147,1,0,1.1226985454559326,-0.03259427472949028,1.023072361946106,1.547278881072998,0.9197535514831543,0.9010632634162903,-0.061781369149684906,-0.438719242811203,0.40271779894828796,1.031026005744934,1.0156793594360352,1.0225118398666382,https://wandb.ai/ememchijioke-university-of-klagenfurt/marl-uav-v0-7-compact-triangle-obstacle/runs/f23wgnom
2026-05-30T13:05:29.361060,943,1,11585.426231785617,0,0,0,MOVE_TRIANGLE_OBSTACLE,1.0,0.06405078619718552,0.04826803505420685,0.05913054943084717,0.7355698347091675,0.8066694736480713,0.8562920093536377,0.07104441523551941,0.3431721329689026,0.5950332283973694,1,0.07811127929016948,0.08099213987588882,0.09373816102743149,0.3895372450351715,0.3993856608867645,0.013076488859951496,0.09289615601301193,0,0.7355698347091675,1,0,1.1291898488998413,-0.03716005012392998,1.0230311155319214,1.5558496713638306,0.9231781959533691,0.9085417985916138,-0.07261166721582413,-0.44750937819480896,0.40864089131355286,1.0316119194030762,1.0160739421844482,1.0214072465896606,https://wandb.ai/ememchijioke-university-of-klagenfurt/marl-uav-v0-7-compact-triangle-obstacle/runs/f23wgnom
2026-05-30T13:05:36.732455,944,1,11586.217945325805,0,0,0,MOVE_TRIANGLE_OBSTACLE,1.0,0.061608102172613144,0.05169922485947609,0.06576601664225261,0.7311366200447083,0.8188701272010803,0.8595645427703857,0.07610072195529938,0.3448764979839325,0.597575843334198,1,0.07657135126646608,0.08152295649051666,0.09602401405572891,0.3950885534286499,0.41051653027534485,0.01377322617918253,0.0638931468129158,0,0.7311366200447083,1,0,1.133320689201355,-0.037979304790496826,1.0230563879013062,1.5621814727783203,0.9303570985794067,0.9074234962463379,-0.07934588938951492,-0.44691556692123413,0.412323534488678,1.0316979885101318,1.01584792137146,1.0216232538223267,https://wandb.ai/ememchijioke-university-of-klagenfurt/marl-uav-v0-7-compact-triangle-obstacle/runs/f23wgnom
2026-05-30T13:05:44.307082,945,1,11642.92076795482,0,0,0,MOVE_TRIANGLE_OBSTACLE,1.0,0.06159529462456703,0.04736228659749031,0.06130411227544149,0.7339943647384644,0.8165726065635681,0.8513340950012207,0.06974446773529053,0.3445020020008087,0.5941202044487,1,0.07697231881320477,0.07905109226703644,0.08775965869426727,0.3884950876235962,0.4123644232749939,0.017627837136387825,0.11125299334526062,0,0.7339943647384644,1,0,1.1381402015686035,-0.03384895995259285,1.0233474969863892,1.5695010423660278,0.9372820258140564,0.9076375961303711,-0.06903458386659622,-0.44165584444999695,0.4091435670852661,1.0309163331985474,1.0167665481567383,1.0223597288131714,https://wandb.ai/ememchijioke-university-of-klagenfurt/marl-uav-v0-7-compact-triangle-obstacle/runs/f23wgnom
2026-05-30T13:05:51.258271,946,1,11598.75578514991,0,0,0,MOVE_TRIANGLE_OBSTACLE,1.0,0.06700252741575241,0.04797409102320671,0.06002861261367798,0.7385193109512329,0.8105108141899109,0.858094334602356,0.07065132260322571,0.34993094205856323,0.5980140566825867,1,0.07455118128564209,0.0835590586066246,0.09206835925579071,0.38479673862457275,0.40887725353240967,0.01117743831127882,0.05568019673228264,0,0.7385193109512329,1,0,1.1264065504074097,-0.038782328367233276,1.0229291915893555,1.555706262588501,0.9234638214111328,0.9000494480133057,-0.07045170664787292,-0.4518270790576935,0.4059318006038666,1.0313633680343628,1.016097068786621,1.021327018737793,https://wandb.ai/ememchijioke-university-of-klagenfurt/marl-uav-v0-7-compact-triangle-obstacle/runs/f23wgnom
2026-05-30T13:05:59.149624,947,1,11586.248857297522,0,0,0,MOVE_TRIANGLE_OBSTACLE,1.0,0.0613616406917572,0.04597191512584686,0.05539266268412272,0.7401875257492065,0.8022772073745728,0.854088306427002,0.06772081553936005,0.3438871502876282,0.591854989528656,1,0.07828357140533626,0.07783273607492447,0.08600139617919922,0.3817810118198395,0.40734410285949707,0.01366669312119484,0.12980131804943085,0,0.7401875257492065,1,0,1.1289507150650024,-0.03188769891858101,1.0231252908706665,1.556386113166809,0.9215801954269409,0.9088857173919678,-0.06298381090164185,-0.44332155585289,0.41064223647117615,1.0311082601547241,1.0155444145202637,1.0227233171463013,https://wandb.ai/ememchijioke-university-of-klagenfurt/marl-uav-v0-7-compact-triangle-obstacle/runs/f23wgnom
2026-05-30T13:06:06.834159,948,1,11522.630866117923,0,0,0,MOVE_TRIANGLE_OBSTACLE,1.0,0.06610115617513657,0.04629509523510933,0.05513530969619751,0.7459225654602051,0.8095245361328125,0.8518039584159851,0.06882897019386292,0.34847813844680786,0.5993486046791077,1,0.07510559190995991,0.08116915822029114,0.09298975765705109,0.40024709701538086,0.4085519313812256,0.01662544347345829,0.11939618736505508,0,0.7459225654602051,1,0,1.1214228868484497,-0.04074012115597725,1.0232415199279785,1.5542516708374023,0.9081295728683472,0.9018874764442444,-0.07632764428853989,-0.44882822036743164,0.4029354751110077,1.030120849609375,1.0170819759368896,1.022521734237671,https://wandb.ai/ememchijioke-university-of-klagenfurt/marl-uav-v0-7-compact-triangle-obstacle/runs/f23wgnom
2026-05-30T13:06:13.215905,949,1,11641.284442981907,0,0,0,MOVE_TRIANGLE_OBSTACLE,1.0,0.06475888937711716,0.04648027941584587,0.05971264839172363,0.731434166431427,0.8105621933937073,0.8500099182128906,0.06793592125177383,0.3433743715286255,0.5945240259170532,1,0.07767348608467728,0.08069244772195816,0.09191901981830597,0.37825271487236023,0.38605940341949463,0.01839326322078705,0.10597896575927734,0,0.731434166431427,1,0,1.1367110013961792,-0.03746763989329338,1.0235295295715332,1.5649774074554443,0.9366306066513062,0.9085251092910767,-0.07123854756355286,-0.445340096950531,0.4041757583618164,1.0311601161956787,1.0161851644515991,1.0232435464859009,https://wandb.ai/ememchijioke-university-of-klagenfurt/marl-uav-v0-7-compact-triangle-obstacle/runs/f23wgnom
2026-05-30T13:06:19.978059,950,1,11526.672644183232,0,0,0,MOVE_TRIANGLE_OBSTACLE,1.0,0.06009577587246895,0.05039044842123985,0.06179652611414591,0.7229568958282471,0.800143301486969,0.8582031726837158,0.07271992415189743,0.346143513917923,0.5922322273254395,1,0.07721965573728085,0.07897130399942398,0.09537236392498016,0.3726443350315094,0.39122626185417175,0.02227829396724701,0.1224418580532074,0,0.7229568958282471,1,0,1.1245826482772827,-0.03443865105509758,1.0232466459274292,1.5430816411972046,0.9239556789398193,0.9067105650901794,-0.07175105065107346,-0.44478678703308105,0.41322189569473267,1.0305228233337402,1.0165916681289673,1.0226256847381592,https://wandb.ai/ememchijioke-university-of-klagenfurt/marl-uav-v0-7-compact-triangle-obstacle/runs/f23wgnom
2026-05-30T13:06:27.199576,951,1,11526.350927170462,0,0,0,MOVE_TRIANGLE_OBSTACLE,1.0,0.06063327193260193,0.042662810534238815,0.052279909451802574,0.7398664355278015,0.8038264513015747,0.8428797125816345,0.06303732097148895,0.34845516085624695,0.5937471985816956,1,0.07558983564376831,0.07490115612745285,0.08583944290876389,0.3933440148830414,0.4134488105773926,0.018911851570010185,0.07215052098035812,0,0.7398664355278015,1,0,1.1244854927062988,-0.0348358154296875,1.0238608121871948,1.5548088550567627,0.9156547784805298,0.9029927253723145,-0.06748881191015244,-0.43988263607025146,0.4028639793395996,1.0307927131652832,1.016396164894104,1.0243934392929077,https://wandb.ai/ememchijioke-university-of-klagenfurt/marl-uav-v0-7-compact-triangle-obstacle/runs/f23wgnom
2026-05-30T13:06:34.003928,952,1,11587.675152898433,0,0,0,MOVE_TRIANGLE_OBSTACLE,1.0,0.06647135317325592,0.05111733078956604,0.06338852643966675,0.736660361289978,0.815985918045044,0.8608400225639343,0.07586526870727539,0.34691059589385986,0.5993686318397522,1,0.07561970804817975,0.08488204330205917,0.09819521754980087,0.3814051151275635,0.4030202031135559,0.012147718109190464,0.13753804564476013,0,0.736660361289978,1,0,1.1282035112380981,-0.03971457481384277,1.0235940217971802,1.557791829109192,0.920814573764801,0.9060040712356567,-0.08007524907588959,-0.44987642765045166,0.4108079671859741,1.030103325843811,1.0168520212173462,1.0238267183303833,https://wandb.ai/ememchijioke-university-of-klagenfurt/marl-uav-v0-7-compact-triangle-obstacle/runs/f23wgnom
2026-05-30T13:06:40.516659,953,1,11582.33923526403,0,0,0,MOVE_TRIANGLE_OBSTACLE,1.0,0.06613170355558395,0.04740056395530701,0.05957535902659098,0.7336798310279846,0.8081729412078857,0.8542329668998718,0.06966816633939743,0.34704679250717163,0.5968620181083679,1,0.07595160149503499,0.08216800540685654,0.09433737397193909,0.3977714478969574,0.40400052070617676,0.01567600481212139,0.1834922879934311,0,0.7336798310279846,1,0,1.1285337209701538,-0.03972594067454338,1.0232850313186646,1.5556975603103638,0.9256879091262817,0.9042156338691711,-0.07387416064739227,-0.44961991906166077,0.404316246509552,1.030195951461792,1.0164459943771362,1.0232131481170654,https://wandb.ai/ememchijioke-university-of-klagenfurt/marl-uav-v0-7-compact-triangle-obstacle/runs/f23wgnom
2026-05-30T13:06:46.960089,954,1,11583.785032813494,0,0,0,MOVE_TRIANGLE_OBSTACLE,1.0,0.06236729398369789,0.04904887080192566,0.06244967381159464,0.7275233268737793,0.8137229084968567,0.8511494398117065,0.07215865701436996,0.3447703719139099,0.5951504707336426,1,0.0767973167821765,0.0801788866519928,0.0971096009016037,0.3818523585796356,0.39469069242477417,0.01775682531297207,0.10868725925683975,0,0.7275233268737793,1,0,1.1315432786941528,-0.03661440685391426,1.0239301919937134,1.5586494207382202,0.9275563955307007,0.9084241986274719,-0.0791056826710701,-0.4408235251903534,0.4100860059261322,1.0305036306381226,1.0173908472061157,1.0238959789276123,https://wandb.ai/ememchijioke-university-of-klagenfurt/marl-uav-v0-7-compact-triangle-obstacle/runs/f23wgnom
2026-05-30T13:06:53.360230,955,1,11589.098140042317,0,0,0,MOVE_TRIANGLE_OBSTACLE,1.0,0.05964099243283272,0.04996027424931526,0.06338932116826375,0.7314904928207397,0.8172683715820312,0.8543900847434998,0.07394704967737198,0.346830278635025,0.5940225720405579,1,0.07584407448302954,0.07922999560832977,0.09195241332054138,0.40047499537467957,0.4025786817073822,0.024043956771492958,0.10784345120191574,0,0.7314904928207397,1,0,1.1311851739883423,-0.03132185339927673,1.0238245725631714,1.5605617761611938,0.9256836175918579,0.9073101282119751,-0.07397424429655075,-0.43708154559135437,0.41709020733833313,1.03030526638031,1.0176092386245728,1.0235590934753418,https://wandb.ai/ememchijioke-university-of-klagenfurt/marl-uav-v0-7-compact-triangle-obstacle/runs/f23wgnom
2026-05-30T13:07:00.491646,956,1,11524.144741554283,0,0,0,MOVE_TRIANGLE_OBSTACLE,1.0,0.061225973069667816,0.045140255242586136,0.05811721086502075,0.7205241322517395,0.8050886988639832,0.8397870659828186,0.06505550444126129,0.34964650869369507,0.5924355983734131,1,0.07482906070072204,0.07624929398298264,0.09551957249641418,0.3908326327800751,0.4093189537525177,0.011161305010318756,0.11450066417455673,0,0.7205241322517395,1,0,1.1242039203643799,-0.035677600651979446,1.0236140489578247,1.5477951765060425,0.9240158796310425,0.9008006453514099,-0.07523714751005173,-0.4356224834918976,0.4038268029689789,1.0307055711746216,1.0174083709716797,1.0227283239364624,https://wandb.ai/ememchijioke-university-of-klagenfurt/marl-uav-v0-7-compact-triangle-obstacle/runs/f23wgnom
2026-05-30T13:07:07.492892,957,1,11590.095986151138,0,0,0,MOVE_TRIANGLE_OBSTACLE,1.0,0.06257575005292892,0.042744144797325134,0.052230636278788246,0.7355127930641174,0.7938827276229858,0.8483219742774963,0.062199655920267105,0.3444240391254425,0.5901731252670288,1,0.07852391339838505,0.0767034962773323,0.08521848171949387,0.3994019031524658,0.4189583361148834,0.013887469656765461,0.11100822687149048,0,0.7355127930641174,1,0,1.1286439895629883,-0.033296454697847366,1.0237585306167603,1.5524492263793945,0.9262301921844482,0.9072524905204773,-0.05894482880830765,-0.44451725482940674,0.4035727083683014,1.0303313732147217,1.0175755023956299,1.0233688354492188,https://wandb.ai/ememchijioke-university-of-klagenfurt/marl-uav-v0-7-compact-triangle-obstacle/runs/f23wgnom
2026-05-30T13:07:15.049942,958,1,11589.723184201808,0,0,0,MOVE_TRIANGLE_OBSTACLE,1.0,0.06714282929897308,0.04254857823252678,0.052341838677724205,0.7410093545913696,0.8039953112602234,0.8440395593643188,0.06301397830247879,0.3454376757144928,0.595819354057312,1,0.07687106647063047,0.08003261685371399,0.09096413105726242,0.37545648217201233,0.394265353679657,0.011145916767418385,0.08488968759775162,0,0.7410093545913696,1,0,1.1273937225341797,-0.03958277776837349,1.0240578651428223,1.5580765008926392,0.9191598296165466,0.9049448370933533,-0.0708082765340805,-0.44592225551605225,0.3979822099208832,1.031048059463501,1.018014669418335,1.0231107473373413,https://wandb.ai/ememchijioke-university-of-klagenfurt/marl-uav-v0-7-compact-triangle-obstacle/runs/f23wgnom
2026-05-30T13:07:21.871453,959,1,11592.111359805913,0,0,0,MOVE_TRIANGLE_OBSTACLE,1.0,0.0655847042798996,0.04478290677070618,0.05627143383026123,0.7290377020835876,0.8025760650634766,0.8452759385108948,0.06534665822982788,0.3473488390445709,0.5926134586334229,1,0.07621845416724682,0.08002976328134537,0.09428859502077103,0.3798597753047943,0.3955109119415283,0.020442795008420944,0.09059449285268784,0,0.7290377020835876,1,0,1.126137137413025,-0.03501619026064873,1.024267315864563,1.5510995388031006,0.9231917262077332,0.9041198492050171,-0.06990130990743637,-0.44009482860565186,0.40494754910469055,1.0314652919769287,1.017880916595459,1.0234557390213013,https://wandb.ai/ememchijioke-university-of-klagenfurt/marl-uav-v0-7-compact-triangle-obstacle/runs/f23wgnom
2026-05-30T13:07:29.169056,960,1,11593.698298895233,0,0,0,MOVE_TRIANGLE_OBSTACLE,1.0,0.06544236838817596,0.04153930023312569,0.05044275522232056,0.7412233352661133,0.8006959557533264,0.8418556451797485,0.0614793635904789,0.3443620204925537,0.5930696129798889,1,0.07776172552257776,0.07812406867742538,0.08853742480278015,0.3838758170604706,0.4239763915538788,0.011795274913311005,0.12321922183036804,0,0.7412233352661133,1,0,1.1269164085388184,-0.036057960242033005,1.0239440202713013,1.556826114654541,0.9175228476524353,0.9064002633094788,-0.0667324885725975,-0.4416045844554901,0.4001632034778595,1.031105637550354,1.0179029703140259,1.022823691368103,https://wandb.ai/ememchijioke-university-of-klagenfurt/marl-uav-v0-7-compact-triangle-obstacle/runs/f23wgnom
2026-05-30T13:07:35.472976,961,1,11598.213152448534,0,0,0,MOVE_TRIANGLE_OBSTACLE,1.0,0.06138705834746361,0.04795898497104645,0.06103310982386271,0.7310593128204346,0.8097416758537292,0.8544169664382935,0.07038283348083496,0.34661269187927246,0.5941279530525208,1,0.07630629080813378,0.07904986292123795,0.0899820625782013,0.365951806306839,0.37897250056266785,0.011493244208395481,0.12063606828451157,0,0.7310593128204346,1,0,1.1312757730484009,-0.03454503417015076,1.023973822593689,1.5579873323440552,0.9302025437355042,0.9056374430656433,-0.06962475925683975,-0.4440309703350067,0.4100206196308136,1.0307234525680542,1.0183149576187134,1.0228830575942993,https://wandb.ai/ememchijioke-university-of-klagenfurt/marl-uav-v0-7-compact-triangle-obstacle/runs/f23wgnom
2026-05-30T13:07:41.696773,962,1,11590.618748323759,0,0,0,MOVE_TRIANGLE_OBSTACLE,1.0,0.06024915724992752,0.046651121228933334,0.06061295668284098,0.7209717631340027,0.8113840818405151,0.8414265513420105,0.06792175769805908,0.3461077809333801,0.5905435085296631,1,0.07641989423427731,0.07689982652664185,0.09488248080015182,0.38367268443107605,0.390377402305603,0.013035551644861698,0.1256823092699051,0,0.7209717631340027,1,0,1.1301007270812988,-0.03142119571566582,1.023149847984314,1.5557916164398193,0.9285836815834045,0.9059268236160278,-0.07489166408777237,-0.4302413761615753,0.41086944937705994,1.0295469760894775,1.017837405204773,1.022065281867981,https://wandb.ai/ememchijioke-university-of-klagenfurt/marl-uav-v0-7-compact-triangle-obstacle/runs/f23wgnom
2026-05-30T13:07:48.816845,963,1,11596.327423464929,0,0,0,MOVE_TRIANGLE_OBSTACLE,1.0,0.06517934799194336,0.04110635444521904,0.05295823017756144,0.7296653389930725,0.8064932227134705,0.8320468068122864,0.06036042422056198,0.3443523943424225,0.5935800075531006,1,0.07712251180782914,0.0773269385099411,0.09490062296390533,0.36640846729278564,0.37770169973373413,0.022744378075003624,0.09554258733987808,0,0.7296653389930725,1,0,1.1296603679656982,-0.03940301015973091,1.0234174728393555,1.559177279472351,0.9244872331619263,0.9053165316581726,-0.07683518528938293,-0.436593621969223,0.3952197730541229,1.030167818069458,1.017760992050171,1.022323489189148,https://wandb.ai/ememchijioke-university-of-klagenfurt/marl-uav-v0-7-compact-triangle-obstacle/runs/f23wgnom
2026-05-30T13:07:56.472066,964,1,11662.619867744757,0,0,0,MOVE_TRIANGLE_OBSTACLE,1.0,0.06761892884969711,0.04145507141947746,0.05243422587712606,0.7362761497497559,0.8086001873016357,0.8349786400794983,0.06143823638558388,0.34331685304641724,0.5926116108894348,1,0.07772973319515586,0.08014549314975739,0.09294193238019943,0.3938031494617462,0.3998028039932251,0.017021777108311653,0.11488043516874313,0,0.7362761497497559,1,0,1.1314899921417236,-0.03561502695083618,1.0233792066574097,1.5638155937194824,0.9229098558425903,0.9077445864677429,-0.07241519540548325,-0.43462640047073364,0.40019649267196655,1.0295932292938232,1.017531394958496,1.0230131149291992,https://wandb.ai/ememchijioke-university-of-klagenfurt/marl-uav-v0-7-compact-triangle-obstacle/runs/f23wgnom
2026-05-30T13:08:03.480774,965,1,11594.07420683458,0,0,0,MOVE_TRIANGLE_OBSTACLE,1.0,0.06345463544130325,0.041470423340797424,0.051702638467152916,0.7253291606903076,0.7914456725120544,0.8389914035797119,0.05915594473481178,0.3465184271335602,0.5868474841117859,1,0.07776510855183005,0.07624635100364685,0.08944730460643768,0.39761289954185486,0.4046165645122528,0.02651795744895935,0.11540063470602036,0,0.7253291606903076,1,0,1.125400424003601,-0.030604859814047813,1.0230109691619873,1.5461339950561523,0.9259516596794128,0.9041153788566589,-0.05954756960272789,-0.4354792535305023,0.4032122492790222,1.02951180934906,1.017196536064148,1.022324562072754,https://wandb.ai/ememchijioke-university-of-klagenfurt/marl-uav-v0-7-compact-triangle-obstacle/runs/f23wgnom
2026-05-30T13:08:10.296962,966,1,11524.099532875576,0,0,0,MOVE_TRIANGLE_OBSTACLE,1.0,0.05949118360877037,0.04648967459797859,0.05852794647216797,0.7189682722091675,0.7978678941726685,0.8466842174530029,0.06629658490419388,0.34815457463264465,0.5898180603981018,1,0.07638422399759293,0.07581036537885666,0.092671699821949,0.3833376467227936,0.39002540707588196,0.018687402829527855,0.07674449682235718,0,0.7189682722091675,1,0,1.1242722272872925,-0.03301379084587097,1.0231767892837524,1.5430480241775513,0.9264781475067139,0.9032905101776123,-0.06870952248573303,-0.4383421838283539,0.408010333776474,1.0291087627410889,1.0177664756774902,1.0226553678512573,https://wandb.ai/ememchijioke-university-of-klagenfurt/marl-uav-v0-7-compact-triangle-obstacle/runs/f23wgnom
2026-05-30T13:08:17.329921,967,1,11593.362444785054,0,0,0,MOVE_TRIANGLE_OBSTACLE,1.0,0.06832490861415863,0.04005962982773781,0.05090572436650594,0.7340481877326965,0.7994626760482788,0.8373026847839355,0.05880105122923851,0.348177045583725,0.5941687822341919,1,0.0757570945424959,0.07967483252286911,0.09134058654308319,0.389627069234848,0.39998552203178406,0.01816612482070923,0.13169196248054504,0,0.7340481877326965,1,0,1.1258506774902344,-0.039711516350507736,1.024006724357605,1.5536363124847412,0.922710120677948,0.9012055397033691,-0.06870053708553314,-0.4437241554260254,0.3932901620864868,1.029687762260437,1.0189107656478882,1.0234216451644897,https://wandb.ai/ememchijioke-university-of-klagenfurt/marl-uav-v0-7-compact-triangle-obstacle/runs/f23wgnom
2026-05-30T13:08:24.606863,968,1,11652.757503436875,0,0,0,MOVE_TRIANGLE_OBSTACLE,1.0,0.06522218883037567,0.044357627630233765,0.05575712521870931,0.7408706545829773,0.8091259002685547,0.8490161299705505,0.06595338135957718,0.34313493967056274,0.5941479206085205,1,0.07800247077830136,0.08006896823644638,0.0870850533246994,0.3985843360424042,0.40746670961380005,0.01288523804396391,0.12151054292917252,0,0.7408706545829773,1,0,1.1347960233688354,-0.03541363403201103,1.0240577459335327,1.5664887428283691,0.9290516972541809,0.9088475704193115,-0.06671085953712463,-0.4441486895084381,0.40461865067481995,1.029599666595459,1.019400954246521,1.0231722593307495,https://wandb.ai/ememchijioke-university-of-klagenfurt/marl-uav-v0-7-compact-triangle-obstacle/runs/f23wgnom
2026-05-30T13:08:31.522488,969,1,11589.113533307936,0,0,0,MOVE_TRIANGLE_OBSTACLE,1.0,0.06288912892341614,0.041186973452568054,0.05350496371587118,0.732474684715271,0.8082822561264038,0.8347073197364807,0.060739073902368546,0.34537559747695923,0.5938167572021484,1,0.076606530463323,0.0757870152592659,0.08949568122625351,0.3777681291103363,0.39315086603164673,0.010157812386751175,0.08133450895547867,0,0.732474684715271,1,0,1.1321290731430054,-0.038286566734313965,1.0237594842910767,1.5631319284439087,0.9282848834991455,0.9049704074859619,-0.07293776422739029,-0.4381445050239563,0.3962225914001465,1.0291868448257446,1.0185829401016235,1.0235087871551514,https://wandb.ai/ememchijioke-university-of-klagenfurt/marl-uav-v0-7-compact-triangle-obstacle/runs/f23wgnom
2026-05-30T13:08:38.461135,970,1,11530.559492599095,0,0,0,MOVE_TRIANGLE_OBSTACLE,1.0,0.06201021000742912,0.045847829431295395,0.057835002740224205,0.7214607000350952,0.7989469170570374,0.8460187911987305,0.06587626039981842,0.3451169431209564,0.5930796265602112,1,0.07740406063385308,0.07695550471544266,0.09554954618215561,0.3818468749523163,0.39396631717681885,0.016391288489103317,0.1499754935503006,0,0.7214607000350952,1,0,1.1263149976730347,-0.03982728719711304,1.022834300994873,1.5466692447662354,0.9272485375404358,0.9050273299217224,-0.0752452164888382,-0.4449770152568817,0.400740385055542,1.0288621187210083,1.0178204774856567,1.021820306777954,https://wandb.ai/ememchijioke-university-of-klagenfurt/marl-uav-v0-7-compact-triangle-obstacle/runs/f23wgnom
2026-05-30T13:08:46.180798,971,1,11588.283892537602,0,0,0,MOVE_TRIANGLE_OBSTACLE,1.0,0.06551999598741531,0.03800176456570625,0.04715081055959066,0.7433412075042725,0.8015264272689819,0.8332672119140625,0.05646314099431038,0.34442007541656494,0.5936611294746399,1,0.07751167460810393,0.07624626159667969,0.08557096868753433,0.3847016990184784,0.40791234374046326,0.017374437302350998,0.09194151312112808,0,0.7433412075042725,1,0,1.1285573244094849,-0.038723696023225784,1.0232921838760376,1.5616480112075806,0.9193412661552429,0.9046829342842102,-0.06709427386522293,-0.44110342860221863,0.3920266330242157,1.029217004776001,1.0184773206710815,1.0221823453903198,https://wandb.ai/ememchijioke-university-of-klagenfurt/marl-uav-v0-7-compact-triangle-obstacle/runs/f23wgnom
2026-05-30T13:08:53.308137,972,1,11588.496172751673,0,0,0,MOVE_TRIANGLE_OBSTACLE,1.0,0.06652303040027618,0.03901732340455055,0.050000627835591636,0.7337250113487244,0.8000869154930115,0.8336399793624878,0.05742359906435013,0.34789204597473145,0.5925830006599426,1,0.07595149031840265,0.07767439633607864,0.08908425271511078,0.3968891203403473,0.42367005348205566,0.014696061611175537,0.09672809392213821,0,0.7337250113487244,1,0,1.1264361143112183,-0.037479132413864136,1.0237494707107544,1.5551100969314575,0.9228224158287048,0.9013760089874268,-0.0671822652220726,-0.4393059015274048,0.3940507471561432,1.0288573503494263,1.0194398164749146,1.0229511260986328,https://wandb.ai/ememchijioke-university-of-klagenfurt/marl-uav-v0-7-compact-triangle-obstacle/runs/f23wgnom
2026-05-30T13:09:00.382949,973,1,11585.008986446193,0,0,0,MOVE_TRIANGLE_OBSTACLE,1.0,0.06530039757490158,0.040061645209789276,0.04952007532119751,0.7431948184967041,0.8030422925949097,0.838712751865387,0.059540167450904846,0.3453781306743622,0.5939640402793884,1,0.07706619438249618,0.07729629427194595,0.08602393418550491,0.39379116892814636,0.42336609959602356,0.019627094268798828,0.08761712163686752,0,0.7431948184967041,1,0,1.1279255151748657,-0.037277866154909134,1.02373468875885,1.560355305671692,0.9190543293952942,0.9043667912483215,-0.06651289761066437,-0.44194892048835754,0.3966282308101654,1.02987802028656,1.0189520120620728,1.022374153137207,https://wandb.ai/ememchijioke-university-of-klagenfurt/marl-uav-v0-7-compact-triangle-obstacle/runs/f23wgnom
2026-05-30T13:09:07.267880,974,1,11542.209164348062,0,0,0,MOVE_TRIANGLE_OBSTACLE,1.0,0.0682479664683342,0.04059630632400513,0.04943861564000448,0.737136721611023,0.7961509227752686,0.8393016457557678,0.0598851814866066,0.3485396206378937,0.5955483317375183,1,0.07573280087672174,0.07933955639600754,0.09349167346954346,0.38983154296875,0.4125673472881317,0.015337244607508183,0.11775781959295273,0,0.737136721611023,1,0,1.1193145513534546,-0.04151162505149841,1.0237547159194946,1.5463711023330688,0.911428689956665,0.900143563747406,-0.07174046337604523,-0.446005642414093,0.3932112157344818,1.0304704904556274,1.0184606313705444,1.0223332643508911,https://wandb.ai/ememchijioke-university-of-klagenfurt/marl-uav-v0-7-compact-triangle-obstacle/runs/f23wgnom
2026-05-30T13:09:13.422093,975,1,11602.454102867809,0,0,0,MOVE_TRIANGLE_OBSTACLE,1.0,0.06417333334684372,0.03823208808898926,0.04829249779383341,0.7359152436256409,0.7989259362220764,0.8318668007850647,0.056561458855867386,0.345260351896286,0.590406596660614,1,0.07745819725096226,0.07529870420694351,0.08640588819980621,0.36627185344696045,0.39192086458206177,0.017871811985969543,0.06765834242105484,0,0.7359152436256409,1,0,1.1272941827774048,-0.03443324565887451,1.0236706733703613,1.5566602945327759,0.920852780342102,0.9043692946434021,-0.0646996945142746,-0.43515002727508545,0.3965499997138977,1.0290775299072266,1.0197709798812866,1.0221635103225708,https://wandb.ai/ememchijioke-university-of-klagenfurt/marl-uav-v0-7-compact-triangle-obstacle/runs/f23wgnom
2026-05-30T13:09:20.280004,976,1,11537.645015927947,0,0,0,MOVE_TRIANGLE_OBSTACLE,1.0,0.060063980519771576,0.03607365861535072,0.04630482196807861,0.7330563068389893,0.7959623336791992,0.8260084390640259,0.0528934970498085,0.34831666946411133,0.589581310749054,1,0.07612316450104117,0.07047290354967117,0.08233252167701721,0.384890079498291,0.3925292491912842,0.02153003215789795,0.11908987164497375,0,0.7330563068389893,1,0,1.1247434616088867,-0.03444117307662964,1.023459553718567,1.5531872510910034,0.9206339716911316,0.9004092216491699,-0.06279610097408295,-0.43314066529273987,0.3926132321357727,1.028759479522705,1.019126057624817,1.0224933624267578,https://wandb.ai/ememchijioke-university-of-klagenfurt/marl-uav-v0-7-compact-triangle-obstacle/runs/f23wgnom
2026-05-30T13:09:27.780870,977,1,11534.780321452356,0,0,0,MOVE_TRIANGLE_OBSTACLE,1.0,0.05815385282039642,0.04006041958928108,0.048811117808024086,0.7314769625663757,0.7893569469451904,0.8385533690452576,0.0582391619682312,0.3462292551994324,0.5861167907714844,1,0.07824136153794825,0.07125294953584671,0.08235252648591995,0.3808929920196533,0.40245020389556885,0.012365147471427917,0.1125689372420311,0,0.7314769625663757,1,0,1.1230939626693726,-0.028271684423089027,1.0237911939620972,1.545499563217163,0.9190312027931213,0.9047511219978333,-0.05609406530857086,-0.433573842048645,0.40485283732414246,1.0296494960784912,1.019404649734497,1.0223193168640137,https://wandb.ai/ememchijioke-university-of-klagenfurt/marl-uav-v0-7-compact-triangle-obstacle/runs/f23wgnom
2026-05-30T13:09:34.006332,978,1,11530.104805883635,0,0,0,MOVE_TRIANGLE_OBSTACLE,1.0,0.05978903919458389,0.039871443063020706,0.04944485425949097,0.7323393225669861,0.7921057343482971,0.8385681509971619,0.058105673640966415,0.3471212089061737,0.5888988375663757,1,0.0773265678435564,0.07243066281080246,0.08335459232330322,0.3732450306415558,0.38127949833869934,0.028078263625502586,0.09188997745513916,0,0.7323393225669861,1,0,1.1238176822662354,-0.0323813259601593,1.0239602327346802,1.5477378368377686,0.9208102226257324,0.9029049277305603,-0.05956790968775749,-0.4379749894142151,0.4003989100456238,1.029552698135376,1.0200273990631104,1.0223008394241333,https://wandb.ai/ememchijioke-university-of-klagenfurt/marl-uav-v0-7-compact-triangle-obstacle/runs/f23wgnom
2026-05-30T13:09:40.835058,979,1,11600.371340559986,0,0,0,MOVE_TRIANGLE_OBSTACLE,1.0,0.06430356949567795,0.029239362105727196,0.03802827994028727,0.7337003946304321,0.7872141599655151,0.8105710744857788,0.04235454276204109,0.34546563029289246,0.5863547325134277,1,0.07788975676521659,0.07085787504911423,0.0809103474020958,0.39455389976501465,0.4117739498615265,0.01612464338541031,0.08467552065849304,0,0.7337003946304321,1,0,1.1276752948760986,-0.034793704748153687,1.0242705345153809,1.5564326047897339,0.9244689345359802,0.9021244049072266,-0.05646398663520813,-0.4290893077850342,0.38117218017578125,1.0300226211547852,1.0206120014190674,1.02217698097229,https://wandb.ai/ememchijioke-university-of-klagenfurt/marl-uav-v0-7-compact-triangle-obstacle/runs/f23wgnom
2026-05-30T13:09:47.954253,980,1,11587.476022012506,0,0,0,MOVE_TRIANGLE_OBSTACLE,1.0,0.06465137004852295,0.03843982145190239,0.050086537996927895,0.7317296266555786,0.8042129874229431,0.8277762532234192,0.05639608949422836,0.3458938002586365,0.592684268951416,1,0.07649869739543647,0.07561015337705612,0.08980625867843628,0.40181007981300354,0.425805926322937,0.021767407655715942,0.09710808843374252,0,0.7317296266555786,1,0,1.1298813819885254,-0.038268376141786575,1.0242568254470825,1.5605324506759644,0.9262979626655579,0.9028136730194092,-0.07091427594423294,-0.4356653094291687,0.391774445772171,1.031129002571106,1.0196601152420044,1.0219815969467163,https://wandb.ai/ememchijioke-university-of-klagenfurt/marl-uav-v0-7-compact-triangle-obstacle/runs/f23wgnom
2026-05-30T13:09:55.471094,981,1,11660.130015346149,0,0,0,MOVE_TRIANGLE_OBSTACLE,1.0,0.061837442219257355,0.036626964807510376,0.04763821760813395,0.7408722639083862,0.8049443960189819,0.8288425207138062,0.05429252237081528,0.34284210205078125,0.5902447700500488,1,0.0782816605642438,0.07286375761032104,0.0777704194188118,0.3838273584842682,0.39630281925201416,0.020276755094528198,0.08399611711502075,0,0.7408722639083862,1,0,1.1380658149719238,-0.03363830968737602,1.0241326093673706,1.57277250289917,0.9349074959754944,0.9065174460411072,-0.05860764533281326,-0.435330867767334,0.3930235803127289,1.0302269458770752,1.020247459411621,1.0219234228134155,https://wandb.ai/ememchijioke-university-of-klagenfurt/marl-uav-v0-7-compact-triangle-obstacle/runs/f23wgnom
2026-05-30T13:10:02.513305,982,1,11538.428616463045,0,0,0,MOVE_TRIANGLE_OBSTACLE,1.0,0.06390447914600372,0.037209514528512955,0.04691676298777262,0.7310891151428223,0.7959035038948059,0.8259359002113342,0.05462873727083206,0.3483409881591797,0.5907742381095886,1,0.07592506217770278,0.07405147701501846,0.09012702852487564,0.3779217302799225,0.39290550351142883,0.01243480946868658,0.13177932798862457,0,0.7310891151428223,1,0,1.1210423707962036,-0.03596769645810127,1.0241883993148804,1.5483968257904053,0.914283037185669,0.9004471302032471,-0.0687781348824501,-0.43247008323669434,0.3933451473712921,1.03052818775177,1.019611120223999,1.022425889968872,https://wandb.ai/ememchijioke-university-of-klagenfurt/marl-uav-v0-7-compact-triangle-obstacle/runs/f23wgnom
2026-05-30T13:10:09.571001,983,1,11605.271211096584,0,0,0,MOVE_TRIANGLE_OBSTACLE,1.0,0.061922959983348846,0.03429374843835831,0.04456279675165812,0.7304534912109375,0.7942166328430176,0.8199252486228943,0.049945320934057236,0.34602051973342896,0.5858218669891357,1,0.07751655695028603,0.07121080160140991,0.08264712989330292,0.41029587388038635,0.41664114594459534,0.021319493651390076,0.12021449953317642,0,0.7304534912109375,1,0,1.1275073289871216,-0.030255576595664024,1.02382230758667,1.5555500984191895,0.9244146347045898,0.9025573134422302,-0.05838366970419884,-0.42600828409194946,0.3936252295970917,1.0296088457107544,1.020525574684143,1.0213326215744019,https://wandb.ai/ememchijioke-university-of-klagenfurt/marl-uav-v0-7-compact-triangle-obstacle/runs/f23wgnom
2026-05-30T13:10:16.762990,984,1,11539.380583265767,0,0,0,MOVE_TRIANGLE_OBSTACLE,1.0,0.06185655668377876,0.03522525355219841,0.043983678023020424,0.7453795671463013,0.8048484921455383,0.8224821090698242,0.05251258611679077,0.3488686680793762,0.5929836630821228,1,0.07516839471645653,0.07183250039815903,0.08147305250167847,0.38240399956703186,0.3861846625804901,0.012159842997789383,0.08722078800201416,0,0.7453795671463013,1,0,1.1234008073806763,-0.035806190222501755,1.0235595703125,1.56076979637146,0.9112321734428406,0.8982002139091492,-0.06623692065477371,-0.43178004026412964,0.3905983865261078,1.0294013023376465,1.0210480690002441,1.0202292203903198,https://wandb.ai/ememchijioke-university-of-klagenfurt/marl-uav-v0-7-compact-triangle-obstacle/runs/f23wgnom
2026-05-30T13:10:23.846064,985,1,11480.38944049203,0,0,0,MOVE_TRIANGLE_OBSTACLE,1.0,0.05893345922231674,0.034608080983161926,0.04308356841405233,0.7347110509872437,0.7924985885620117,0.8214631676673889,0.05120629444718361,0.3490144610404968,0.5892274975776672,1,0.07599197747185826,0.06839737296104431,0.08318530768156052,0.3917372226715088,0.40823251008987427,0.01513781026005745,0.11190516501665115,0,0.7347110509872437,1,0,1.1181690692901611,-0.033951908349990845,1.0238871574401855,1.5466312170028687,0.9090144038200378,0.8988616466522217,-0.06447558104991913,-0.4293901026248932,0.3920099437236786,1.029695987701416,1.020612359046936,1.0213532447814941,https://wandb.ai/ememchijioke-university-of-klagenfurt/marl-uav-v0-7-compact-triangle-obstacle/runs/f23wgnom
2026-05-30T13:10:30.701898,986,1,11599.388318511303,0,0,0,MOVE_TRIANGLE_OBSTACLE,1.0,0.0655307024717331,0.04062497988343239,0.052380641301472984,0.7249489426612854,0.8007790446281433,0.831311821937561,0.05920856446027756,0.3444432020187378,0.5911000967025757,1,0.07752688589971513,0.0772276222705841,0.09516241401433945,0.3824768364429474,0.385011225938797,0.012661397457122803,0.10434406995773315,0,0.7249489426612854,1,0,1.1276987791061401,-0.03714831545948982,1.0241092443466187,1.55332350730896,0.9248523712158203,0.9049203395843506,-0.07334937900304794,-0.4345840811729431,0.3964884877204895,1.0300153493881226,1.0208247900009155,1.0214873552322388,https://wandb.ai/ememchijioke-university-of-klagenfurt/marl-uav-v0-7-compact-triangle-obstacle/runs/f23wgnom
2026-05-30T13:10:37.743059,987,1,11599.140521806037,0,0,0,MOVE_TRIANGLE_OBSTACLE,1.0,0.06410452723503113,0.03660127520561218,0.047389209270477295,0.7356193661689758,0.8019613027572632,0.8258256912231445,0.05413370952010155,0.34690842032432556,0.5911745429039001,1,0.07628811884205788,0.07443355768918991,0.08540929853916168,0.3947453796863556,0.4107194244861603,0.02050079219043255,0.10008823871612549,0,0.7356193661689758,1,0,1.128411054611206,-0.03539363667368889,1.0243302583694458,1.5602123737335205,0.923008143901825,0.9020126461982727,-0.06561115384101868,-0.43306323885917664,0.39249348640441895,1.0298898220062256,1.0206385850906372,1.0224623680114746,https://wandb.ai/ememchijioke-university-of-klagenfurt/marl-uav-v0-7-compact-triangle-obstacle/runs/f23wgnom
2026-05-30T13:10:44.175480,988,1,11603.21553269137,0,0,0,MOVE_TRIANGLE_OBSTACLE,1.0,0.060704875737428665,0.04072430357336998,0.05228551228841146,0.7274386286735535,0.8002216219902039,0.834073543548584,0.05943716689944267,0.3458389639854431,0.5874480605125427,1,0.07735515665262938,0.07376956194639206,0.08667930960655212,0.3788485527038574,0.3981194794178009,0.012176972813904285,0.049060236662626266,0,0.7274386286735535,1,0,1.1285345554351807,-0.029193878173828125,1.024079442024231,1.5544685125350952,0.92598557472229,0.9051496982574463,-0.06301448494195938,-0.42918887734413147,0.4046217203140259,1.0297819375991821,1.0201648473739624,1.0222914218902588,https://wandb.ai/ememchijioke-university-of-klagenfurt/marl-uav-v0-7-compact-triangle-obstacle/runs/f23wgnom
2026-05-30T13:10:50.798881,989,1,11537.464472521773,0,0,0,MOVE_TRIANGLE_OBSTACLE,1.0,0.06185898557305336,0.03600919991731644,0.04465315739313761,0.7297744154930115,0.7867869734764099,0.8269469141960144,0.05219227820634842,0.34706324338912964,0.5868532061576843,1,0.07758945878595114,0.07167860120534897,0.08538556098937988,0.37911462783813477,0.396938294172287,0.018236570060253143,0.13530917465686798,0,0.7297744154930115,1,0,1.121079921722412,-0.032379161566495895,1.0240129232406616,1.5443551540374756,0.9169576168060303,0.9019269347190857,-0.059552889317274094,-0.432196706533432,0.3946121037006378,1.0294342041015625,1.0205142498016357,1.0220903158187866,https://wandb.ai/ememchijioke-university-of-klagenfurt/marl-uav-v0-7-compact-triangle-obstacle/runs/f23wgnom
2026-05-30T13:10:57.872056,990,1,11605.327736932208,0,0,0,MOVE_TRIANGLE_OBSTACLE,1.0,0.06747231632471085,0.03750770166516304,0.04809087514877319,0.7399634122848511,0.8078844547271729,0.8263515830039978,0.05581877380609512,0.348477840423584,0.5951092839241028,1,0.07497335702646524,0.07785577327013016,0.0894693061709404,0.39144229888916016,0.4001900255680084,0.027850857004523277,0.1265699416399002,0,0.7399634122848511,1,0,1.1267398595809937,-0.03944261744618416,1.0238792896270752,1.5623191595077515,0.9179624915122986,0.89993816614151,-0.07237647473812103,-0.4360507130622864,0.39009934663772583,1.029297947883606,1.0197371244430542,1.0226027965545654,https://wandb.ai/ememchijioke-university-of-klagenfurt/marl-uav-v0-7-compact-triangle-obstacle/runs/f23wgnom
2026-05-30T13:11:04.495427,991,1,11538.570939694519,0,0,0,MOVE_TRIANGLE_OBSTACLE,1.0,0.06580290198326111,0.03843139857053757,0.04764620463053385,0.7303390502929688,0.791791558265686,0.8314861059188843,0.05616547912359238,0.34811457991600037,0.5913700461387634,1,0.07635416043922305,0.07611420750617981,0.09201106429100037,0.39881476759910583,0.4140952527523041,0.020692937076091766,0.10640536993741989,0,0.7303390502929688,1,0,1.119704008102417,-0.037821512669324875,1.0238126516342163,1.5440394878387451,0.9142558574676514,0.9008167386054993,-0.06848769634962082,-0.4381740391254425,0.3931971788406372,1.0293892621994019,1.0194011926651,1.0226473808288574,https://wandb.ai/ememchijioke-university-of-klagenfurt/marl-uav-v0-7-compact-triangle-obstacle/runs/f23wgnom
2026-05-30T13:11:12.468641,992,1,11597.837649089204,0,0,0,MOVE_TRIANGLE_OBSTACLE,1.0,0.06575781106948853,0.03512836620211601,0.04483536879221598,0.7391443848609924,0.7995591163635254,0.824091374874115,0.052152108401060104,0.3465561270713806,0.5917760729789734,1,0.07652011082973331,0.07507456094026566,0.08518531918525696,0.37874308228492737,0.3806442320346832,0.0164333563297987,0.0881473496556282,0,0.7391443848609924,1,0,1.127320408821106,-0.03717825934290886,1.023919701576233,1.5599663257598877,0.9197716116905212,0.9022231698036194,-0.06559150665998459,-0.43492111563682556,0.3889778256416321,1.0288994312286377,1.0199123620986938,1.0229474306106567,https://wandb.ai/ememchijioke-university-of-klagenfurt/marl-uav-v0-7-compact-triangle-obstacle/runs/f23wgnom
2026-05-30T13:11:19.904547,993,1,11538.822277349418,0,0,0,MOVE_TRIANGLE_OBSTACLE,1.0,0.06312045454978943,0.03843307122588158,0.04822260141372681,0.7322564721107483,0.8009830713272095,0.8259412050247192,0.05701279640197754,0.3480214774608612,0.5912439227104187,1,0.07576004799921066,0.0743008404970169,0.0914926528930664,0.37165722250938416,0.3827718496322632,0.018638020381331444,0.10045399516820908,0,0.7322564721107483,1,0,1.1212044954299927,-0.03499888256192207,1.0238629579544067,1.5507099628448486,0.9110095500946045,0.9018940925598145,-0.07281266152858734,-0.4290325939655304,0.3968485891819,1.0288594961166382,1.0193597078323364,1.023369550704956,https://wandb.ai/ememchijioke-university-of-klagenfurt/marl-uav-v0-7-compact-triangle-obstacle/runs/f23wgnom
2026-05-30T13:11:26.483015,994,1,11598.857359305552,0,0,0,MOVE_TRIANGLE_OBSTACLE,1.0,0.0643422082066536,0.03825750946998596,0.04846270879109701,0.7418733835220337,0.8048085570335388,0.8324529528617859,0.05698719248175621,0.34609541296958923,0.5936895608901978,1,0.0765237450832501,0.0755835473537445,0.08441363275051117,0.40675511956214905,0.42486101388931274,0.012793716974556446,0.1238279938697815,0,0.7418733835220337,1,0,1.129412055015564,-0.03771671652793884,1.0233863592147827,1.5634052753448486,0.9214764833450317,0.9033543467521667,-0.06727485358715057,-0.43906113505363464,0.3931858241558075,1.028025507926941,1.0191640853881836,1.0229692459106445,https://wandb.ai/ememchijioke-university-of-klagenfurt/marl-uav-v0-7-compact-triangle-obstacle/runs/f23wgnom
2026-05-30T13:11:33.233209,995,1,11546.658147187145,0,0,0,MOVE_TRIANGLE_OBSTACLE,1.0,0.05933823063969612,0.03686359524726868,0.04788347085316976,0.7354339361190796,0.804140567779541,0.8249437808990479,0.05464521795511246,0.34674084186553955,0.5925000905990601,1,0.07612231466919184,0.07028341293334961,0.08374784141778946,0.3921707570552826,0.4020249545574188,0.00900691282004118,0.12666036188602448,0,0.7354339361190796,1,0,1.1286954879760742,-0.037963658571243286,1.023128628730774,1.561385989189148,0.922447681427002,0.9022525548934937,-0.07014450430870056,-0.4342164099216461,0.3904699385166168,1.0274382829666138,1.018921971321106,1.0230255126953125,https://wandb.ai/ememchijioke-university-of-klagenfurt/marl-uav-v0-7-compact-triangle-obstacle/runs/f23wgnom
2026-05-30T13:11:39.803204,996,1,11531.407872200312,0,0,0,MOVE_TRIANGLE_OBSTACLE,1.0,0.06452718377113342,0.04017071798443794,0.04920335610707601,0.741401195526123,0.802844226360321,0.83616703748703,0.059838585555553436,0.3466474413871765,0.5956271290779114,1,0.0762481113197282,0.07619965821504593,0.08955991268157959,0.3937516212463379,0.39729249477386475,0.007711473852396011,0.05626605823636055,0,0.741401195526123,1,0,1.1234439611434937,-0.0402492880821228,1.0236326456069946,1.5553938150405884,0.9121383428573608,0.9027999043464661,-0.07327557355165482,-0.44178950786590576,0.3943172097206116,1.0289201736450195,1.0191413164138794,1.022836685180664,https://wandb.ai/ememchijioke-university-of-klagenfurt/marl-uav-v0-7-compact-triangle-obstacle/runs/f23wgnom
2026-05-30T13:11:46.919192,997,1,11672.224727321242,0,0,0,MOVE_TRIANGLE_OBSTACLE,1.0,0.06692557781934738,0.0392029695212841,0.05107917388280233,0.7350209951400757,0.8102312684059143,0.8280272483825684,0.05833713710308075,0.3433656692504883,0.5924992561340332,1,0.07756394776515663,0.07841069251298904,0.09117570519447327,0.38696691393852234,0.4094245731830597,0.01795838586986065,0.06425443291664124,0,0.7350209951400757,1,0,1.1331324577331543,-0.03681260347366333,1.023159384727478,1.567201852798462,0.9260620474815369,0.9061334133148193,-0.07317118346691132,-0.4325261414051056,0.3952594995498657,1.0277292728424072,1.0200107097625732,1.021738052368164,https://wandb.ai/ememchijioke-university-of-klagenfurt/marl-uav-v0-7-compact-triangle-obstacle/runs/f23wgnom
2026-05-30T13:11:53.253889,998,1,11606.319402670113,0,0,0,MOVE_TRIANGLE_OBSTACLE,1.0,0.0673418715596199,0.04133332893252373,0.051570117473602295,0.7387824654579163,0.8055599927902222,0.837932825088501,0.06168338656425476,0.3466901481151581,0.5939717888832092,1,0.07631560100708157,0.07973485440015793,0.09151919186115265,0.38451895117759705,0.40481123328208923,0.012518269009888172,0.1644202321767807,0,0.7387824654579163,1,0,1.1245720386505127,-0.03677856922149658,1.0231822729110718,1.5561443567276,0.9149608612060547,0.9026110768318176,-0.0714510828256607,-0.4383629858493805,0.39947837591171265,1.0280160903930664,1.0203412771224976,1.0211892127990723,https://wandb.ai/ememchijioke-university-of-klagenfurt/marl-uav-v0-7-compact-triangle-obstacle/runs/f23wgnom
2026-05-30T13:11:59.492247,999,1,11535.727707581096,0,0,0,MOVE_TRIANGLE_OBSTACLE,1.0,0.06525842100381851,0.03576057776808739,0.0420073668162028,0.7467402219772339,0.7906316518783569,0.8321306705474854,0.05340135097503662,0.3439215421676636,0.5928427577018738,1,0.07851511426270008,0.07421569526195526,0.08418533205986023,0.38366785645484924,0.3998771607875824,0.02599906362593174,0.0964205265045166,0,0.7467402219772339,1,0,1.121810793876648,-0.04021765664219856,1.0225332975387573,1.552241325378418,0.9090258479118347,0.9041652679443359,-0.06474099308252335,-0.4440135955810547,0.38810163736343384,1.0266293287277222,1.019762635231018,1.0212076902389526,https://wandb.ai/ememchijioke-university-of-klagenfurt/marl-uav-v0-7-compact-triangle-obstacle/runs/f23wgnom
2026-05-30T13:12:07.388968,1000,1,11598.874952747277,0,0,0,MOVE_TRIANGLE_OBSTACLE,1.0,0.0630330964922905,0.03878570720553398,0.0513004461924235,0.7258134484291077,0.8063587546348572,0.823356032371521,0.0566592812538147,0.3442986309528351,0.5910423994064331,1,0.07720460114069283,0.07427838444709778,0.0923929512500763,0.3913973271846771,0.4041842520236969,0.01804927922785282,0.08487048000097275,0,0.7258134484291077,1,0,1.1307497024536133,-0.03725369647145271,1.0231890678405762,1.560603380203247,0.9275142550468445,0.9041315317153931,-0.07503005862236023,-0.42987722158432007,0.3931461572647095,1.0290874242782593,1.0197703838348389,1.0207096338272095,https://wandb.ai/ememchijioke-university-of-klagenfurt/marl-uav-v0-7-compact-triangle-obstacle/runs/f23wgnom
2026-05-30T13:12:15.031285,1001,1,11606.161416642035,0,0,0,MOVE_TRIANGLE_OBSTACLE,1.0,0.06683865934610367,0.039038728922605515,0.051039934158325195,0.7276298999786377,0.8028855323791504,0.8278641700744629,0.05708002671599388,0.3434875011444092,0.5940292477607727,1,0.0775871470104903,0.07732346653938293,0.09524217993021011,0.3890525996685028,0.41174668073654175,0.018518924713134766,0.12805123627185822,0,0.7276298999786377,1,0,1.1306756734848022,-0.0428832583129406,1.0239609479904175,1.559079885482788,0.9279628396034241,0.904984176158905,-0.07739060372114182,-0.43940168619155884,0.38814252614974976,1.0296690464019775,1.0204741954803467,1.0217394828796387,https://wandb.ai/ememchijioke-university-of-klagenfurt/marl-uav-v0-7-compact-triangle-obstacle/runs/f23wgnom
2026-05-30T13:12:21.600118,1002,1,11545.081265054996,0,0,0,MOVE_TRIANGLE_OBSTACLE,1.0,0.05912986025214195,0.04162749648094177,0.05253986517588297,0.7317848801612854,0.8033065795898438,0.8360978960990906,0.061591167002916336,0.3476730287075043,0.5907502770423889,1,0.07608768832869828,0.0730450227856636,0.08730190992355347,0.39173224568367004,0.40884262323379517,0.009258090518414974,0.12383019924163818,0,0.7317848801612854,1,0,1.1245760917663574,-0.03216780349612236,1.023998498916626,1.5527863502502441,0.917514443397522,0.9034277200698853,-0.06875234097242355,-0.43186140060424805,0.4041103422641754,1.0291626453399658,1.0196466445922852,1.023186206817627,https://wandb.ai/ememchijioke-university-of-klagenfurt/marl-uav-v0-7-compact-triangle-obstacle/runs/f23wgnom
2026-05-30T13:12:28.561254,1003,1,11537.677364656935,0,0,0,MOVE_TRIANGLE_OBSTACLE,1.0,0.06233377009630203,0.042222216725349426,0.05457409222920736,0.7295227646827698,0.8061334490776062,0.8371115922927856,0.06208224222064018,0.34904465079307556,0.5947113633155823,1,0.07492288982030004,0.07565957307815552,0.09143327921628952,0.3969360291957855,0.42905640602111816,0.016908833757042885,0.1282641738653183,0,0.7295227646827698,1,0,1.125632643699646,-0.03886367008090019,1.024085521697998,1.5540210008621216,0.9224178791046143,0.9004590511322021,-0.07450481504201889,-0.43945229053497314,0.39736607670783997,1.0295790433883667,1.0198661088943481,1.0228115320205688,https://wandb.ai/ememchijioke-university-of-klagenfurt/marl-uav-v0-7-compact-triangle-obstacle/runs/f23wgnom
2026-05-30T13:12:35.868076,1004,1,11538.841569476144,0,0,0,MOVE_TRIANGLE_OBSTACLE,1.0,0.06355052441358566,0.03453706204891205,0.04235372940699259,0.7422137260437012,0.7930811047554016,0.8261938095092773,0.05133143812417984,0.3447977304458618,0.5921907424926758,1,0.07776606502011418,0.07229558378458023,0.08337006717920303,0.39149728417396545,0.41224169731140137,0.01636204682290554,0.10945681482553482,0,0.7422137260437012,1,0,1.1241635084152222,-0.039489369839429855,1.0236138105392456,1.555037498474121,0.914228618144989,0.9032242298126221,-0.06527185440063477,-0.439657598733902,0.3864613175392151,1.0290580987930298,1.0200852155685425,1.0216978788375854,https://wandb.ai/ememchijioke-university-of-klagenfurt/marl-uav-v0-7-compact-triangle-obstacle/runs/f23wgnom
2026-05-30T13:12:43.307879,1005,1,11600.40730603995,0,0,0,MOVE_TRIANGLE_OBSTACLE,1.0,0.06299571692943573,0.04019943252205849,0.0532227357228597,0.7318314909934998,0.8080607056617737,0.8334389925003052,0.05891573429107666,0.34879156947135925,0.5939587950706482,1,0.0749700217274949,0.0755082443356514,0.08579808473587036,0.39278414845466614,0.3972947299480438,0.013974088244140148,0.13681526482105255,0,0.7318314909934998,1,0,1.1319763660430908,-0.03836088255047798,1.02363920211792,1.5632643699645996,0.9328184127807617,0.8998462557792664,-0.0682937502861023,-0.43978434801101685,0.3929954469203949,1.0295114517211914,1.0190268754959106,1.0223793983459473,https://wandb.ai/ememchijioke-university-of-klagenfurt/marl-uav-v0-7-compact-triangle-obstacle/runs/f23wgnom
2026-05-30T13:12:49.215294,1006,1,11550.361318775222,0,0,0,MOVE_TRIANGLE_OBSTACLE,1.0,0.062132127583026886,0.0360918752849102,0.04623375336329142,0.7337124943733215,0.7948480248451233,0.8275657296180725,0.05278359353542328,0.3482135534286499,0.5911195874214172,1,0.07614903897047043,0.07213268429040909,0.0837942510843277,0.3847433626651764,0.3926842510700226,0.015891199931502342,0.13988074660301208,0,0.7337124943733215,1,0,1.1242214441299438,-0.03774906322360039,1.022778034210205,1.5522420406341553,0.9211528301239014,0.899269700050354,-0.06409870833158493,-0.4382104277610779,0.38906195759773254,1.0286188125610352,1.0185776948928833,1.0211377143859863,https://wandb.ai/ememchijioke-university-of-klagenfurt/marl-uav-v0-7-compact-triangle-obstacle/runs/f23wgnom
2026-05-30T13:12:56.103553,1007,1,11556.459024000456,0,0,0,MOVE_TRIANGLE_OBSTACLE,1.0,0.06668722629547119,0.03970368579030037,0.04951862494150797,0.7260136008262634,0.794669508934021,0.8298999667167664,0.0580478273332119,0.3462580442428589,0.5924263596534729,1,0.07681370654609054,0.07713647931814194,0.09794431924819946,0.3899334669113159,0.4077158272266388,0.009708360768854618,0.0604616217315197,0,0.7260136008262634,1,0,1.1204653978347778,-0.04040003940463066,1.0235685110092163,1.5442607402801514,0.9142576456069946,0.9028778672218323,-0.07655094563961029,-0.4372316300868988,0.3925824463367462,1.0290710926055908,1.0190082788467407,1.0226261615753174,https://wandb.ai/ememchijioke-university-of-klagenfurt/marl-uav-v0-7-compact-triangle-obstacle/runs/f23wgnom
2026-05-30T13:13:03.160519,1008,1,11604.708776591291,0,0,0,MOVE_TRIANGLE_OBSTACLE,1.0,0.06445357203483582,0.03874081000685692,0.05054481824239095,0.7289011478424072,0.8004083037376404,0.8301272988319397,0.056407418102025986,0.343454509973526,0.592720091342926,1,0.07787431927863508,0.07533881813287735,0.0899960845708847,0.39178308844566345,0.40390679240226746,0.016542434692382812,0.12958453595638275,0,0.7289011478424072,1,0,1.1323127746582031,-0.04125095531344414,1.0233246088027954,1.5599826574325562,0.9314454197883606,0.9055103063583374,-0.07183867692947388,-0.44081446528434753,0.3889002501964569,1.0286511182785034,1.018917441368103,1.0224052667617798,https://wandb.ai/ememchijioke-university-of-klagenfurt/marl-uav-v0-7-compact-triangle-obstacle/runs/f23wgnom
2026-05-30T13:13:10.824901,1009,1,11487.01842622683,0,0,0,MOVE_TRIANGLE_OBSTACLE,1.0,0.061671141535043716,0.037671077996492386,0.04393615325291952,0.7433464527130127,0.7888931632041931,0.8362617492675781,0.05589274689555168,0.3488503694534302,0.5918633341789246,1,0.07654165662825108,0.07227537781000137,0.08260392397642136,0.379614919424057,0.39148852229118347,0.01826084963977337,0.15826451778411865,0,0.7433464527130127,1,0,1.1157948970794678,-0.03621040657162666,1.0231958627700806,1.5432378053665161,0.904365062713623,0.8997820019721985,-0.06170699745416641,-0.4415837824344635,0.39465954899787903,1.0287916660308838,1.018833041191101,1.0219628810882568,https://wandb.ai/ememchijioke-university-of-klagenfurt/marl-uav-v0-7-compact-triangle-obstacle/runs/f23wgnom
2026-05-30T13:13:18.861112,1010,1,11609.364893208238,0,0,0,MOVE_TRIANGLE_OBSTACLE,1.0,0.06806417554616928,0.04046664759516716,0.0535045862197876,0.7267672419548035,0.8082093596458435,0.8290716409683228,0.05903664976358414,0.34581464529037476,0.5963811278343201,1,0.07606488262536004,0.07916689664125443,0.09776104241609573,0.39821112155914307,0.41319528222084045,0.014412826858460903,0.10982689261436462,0,0.7267672419548035,1,0,1.1306902170181274,-0.044946443289518356,1.0236550569534302,1.560577630996704,0.9292764663696289,0.9022166132926941,-0.08121612668037415,-0.4411245882511139,0.38750138878822327,1.029965877532959,1.0192251205444336,1.021774411201477,https://wandb.ai/ememchijioke-university-of-klagenfurt/marl-uav-v0-7-compact-triangle-obstacle/runs/f23wgnom
2026-05-30T13:13:25.771138,1011,1,11619.500713449514,0,0,0,MOVE_TRIANGLE_OBSTACLE,1.0,0.06455641984939575,0.039084017276763916,0.0514639417330424,0.7273108959197998,0.8029463887214661,0.8287563323974609,0.056732144206762314,0.3496662676334381,0.5907869338989258,1,0.07498443883378059,0.07595866173505783,0.08896832913160324,0.3626771867275238,0.3719889521598816,0.023197278380393982,0.1495765596628189,0,0.7273108959197998,1,0,1.1269456148147583,-0.03489603474736214,1.0233120918273926,1.5552533864974976,0.9269301891326904,0.8986532688140869,-0.06687221676111221,-0.4330429434776306,0.3952270448207855,1.0294657945632935,1.0189738273620605,1.0214967727661133,https://wandb.ai/ememchijioke-university-of-klagenfurt/marl-uav-v0-7-compact-triangle-obstacle/runs/f23wgnom
2026-05-30T13:13:32.744736,1012,1,11503.855930506292,0,0,0,MOVE_TRIANGLE_OBSTACLE,1.0,0.06488114595413208,0.034030985087156296,0.04105444749196371,0.7279297709465027,0.7817394137382507,0.8193536996841431,0.049185700714588165,0.34831616282463074,0.5893760919570923,1,0.07676841504871845,0.07229217141866684,0.09199675917625427,0.3869870901107788,0.4049319326877594,0.01817820779979229,0.15912993252277374,0,0.7279297709465027,1,0,1.1138312816619873,-0.039211440831422806,1.0232481956481934,1.5358270406723022,0.9067846536636353,0.8988822102546692,-0.06821409612894058,-0.43436527252197266,0.3849450647830963,1.0295895338058472,1.018600344657898,1.0215548276901245,https://wandb.ai/ememchijioke-university-of-klagenfurt/marl-uav-v0-7-compact-triangle-obstacle/runs/f23wgnom
2026-05-30T13:13:39.826510,1013,1,11543.544131808232,0,0,0,MOVE_TRIANGLE_OBSTACLE,1.0,0.0664721429347992,0.038570795208215714,0.047218104203542076,0.7417945861816406,0.7978874444961548,0.8355614542961121,0.05728960037231445,0.3481191396713257,0.5952101349830627,1,0.07588398596271873,0.07697399705648422,0.08837644010782242,0.3750382363796234,0.3957296907901764,0.01285867765545845,0.1321800798177719,0,0.7417945861816406,1,0,1.120965600013733,-0.0408334843814373,1.0232148170471191,1.551472783088684,0.9116246700286865,0.8997992277145386,-0.069214828312397,-0.444379985332489,0.3910943567752838,1.0292389392852783,1.019006609916687,1.0213991403579712,https://wandb.ai/ememchijioke-university-of-klagenfurt/marl-uav-v0-7-compact-triangle-obstacle/runs/f23wgnom
2026-05-30T13:13:47.239896,1014,1,11610.165129959176,0,0,0,MOVE_TRIANGLE_OBSTACLE,1.0,0.06678403913974762,0.044418368488550186,0.05783343315124512,0.7311103940010071,0.8120627403259277,0.8425479531288147,0.0655120387673378,0.34818121790885925,0.5970114469528198,1,0.0750302221858874,0.0808582678437233,0.09504665434360504,0.3812868297100067,0.389600545167923,0.017960431054234505,0.18107523024082184,0,0.7311103940010071,1,0,1.1287744045257568,-0.041042059659957886,1.0233535766601562,1.5590145587921143,0.9266969561576843,0.9006115794181824,-0.07717441022396088,-0.44404706358909607,0.3980952799320221,1.0295013189315796,1.019434928894043,1.0211243629455566,https://wandb.ai/ememchijioke-university-of-klagenfurt/marl-uav-v0-7-compact-triangle-obstacle/runs/f23wgnom
2026-05-30T13:13:54.696376,1015,1,11550.337016101737,0,0,0,MOVE_TRIANGLE_OBSTACLE,1.0,0.06449130177497864,0.0400998555123806,0.048564294974009194,0.7335156202316284,0.7906363010406494,0.8385722041130066,0.058526329696178436,0.34459826350212097,0.5918338894844055,1,0.0782356879208237,0.07574582099914551,0.09039752185344696,0.38903287053108215,0.3984256088733673,0.013896659016609192,0.08631696552038193,0,0.7335156202316284,1,0,1.1220974922180176,-0.03905932232737541,1.022944450378418,1.5457615852355957,0.9164920449256897,0.9040389060974121,-0.06740172952413559,-0.44412556290626526,0.3943493366241455,1.029997706413269,1.0179901123046875,1.0208452939987183,https://wandb.ai/ememchijioke-university-of-klagenfurt/marl-uav-v0-7-compact-triangle-obstacle/runs/f23wgnom
2026-05-30T13:14:02.467434,1016,1,11550.075694712516,0,0,0,MOVE_TRIANGLE_OBSTACLE,1.0,0.062008004635572433,0.04386327788233757,0.05436515808105469,0.7376776337623596,0.8073599338531494,0.8434131741523743,0.06518186628818512,0.3490476906299591,0.5940887928009033,1,0.07520809664856642,0.0767974928021431,0.08937537670135498,0.38085266947746277,0.38866958022117615,0.009693208150565624,0.12453105300664902,0,0.7376776337623596,1,0,1.1218961477279663,-0.034654468297958374,1.0227702856063843,1.5524450540542603,0.9127228856086731,0.9005202054977417,-0.070998415350914,-0.43814322352409363,0.4051782190799713,1.0295283794403076,1.018190622329712,1.0205916166305542,https://wandb.ai/ememchijioke-university-of-klagenfurt/marl-uav-v0-7-compact-triangle-obstacle/runs/f23wgnom
2026-05-30T13:14:09.520681,1017,1,11555.667929743413,0,0,0,MOVE_TRIANGLE_OBSTACLE,1.0,0.060438692569732666,0.04075613245368004,0.051968157291412354,0.7263833284378052,0.7970876097679138,0.8352001905441284,0.05904051661491394,0.3463570773601532,0.5904070734977722,1,0.07704390655271709,0.07305222749710083,0.08858901262283325,0.36382830142974854,0.372778058052063,0.015508386306464672,0.09549833089113235,0,0.7263833284378052,1,0,1.125222086906433,-0.036015987396240234,1.0229287147521973,1.549332618713379,0.9239974021911621,0.902336061000824,-0.06802944093942642,-0.4374680817127228,0.3974495530128479,1.0291802883148193,1.0189952850341797,1.0206104516983032,https://wandb.ai/ememchijioke-university-of-klagenfurt/marl-uav-v0-7-compact-triangle-obstacle/runs/f23wgnom
2026-05-30T13:14:16.577413,1018,1,11607.847702867351,0,0,0,MOVE_TRIANGLE_OBSTACLE,1.0,0.06381519138813019,0.04257023334503174,0.05410041411717733,0.7342976331710815,0.8053953647613525,0.841203510761261,0.0628148764371872,0.34684303402900696,0.5922956466674805,1,0.07640622148755938,0.0775669738650322,0.08874686062335968,0.403306245803833,0.4109565019607544,0.02103634737432003,0.11404450982809067,0,0.7342976331710815,1,0,1.1273853778839111,-0.03426331281661987,1.0231302976608276,1.5565741062164307,0.9229376316070557,0.9026443958282471,-0.06731191277503967,-0.4382174015045166,0.40273934602737427,1.030036211013794,1.0187723636627197,1.0205821990966797,https://wandb.ai/ememchijioke-university-of-klagenfurt/marl-uav-v0-7-compact-triangle-obstacle/runs/f23wgnom
2026-05-30T13:14:23.096546,1019,1,11610.645485439018,0,0,0,MOVE_TRIANGLE_OBSTACLE,1.0,0.06338474154472351,0.04280893877148628,0.05508412917455038,0.7278769016265869,0.801491916179657,0.841637372970581,0.06213768571615219,0.34720927476882935,0.591059684753418,1,0.0765156801789999,0.07719772309064865,0.08910337835550308,0.40773606300354004,0.41932034492492676,0.019250357523560524,0.08966512233018875,0,0.7278769016265869,1,0,1.128096580505371,-0.034556400030851364,1.0229941606521606,1.5532795190811157,0.9289982914924622,0.9020117521286011,-0.06554081290960312,-0.4396657347679138,0.40153732895851135,1.0293997526168823,1.0189920663833618,1.0205906629562378,https://wandb.ai/ememchijioke-university-of-klagenfurt/marl-uav-v0-7-compact-triangle-obstacle/runs/f23wgnom
2026-05-30T13:14:30.148440,1020,1,11545.133645425756,0,0,0,MOVE_TRIANGLE_OBSTACLE,1.0,0.05968160182237625,0.03957837447524071,0.047936578591664634,0.7406095862388611,0.7946478724479675,0.8397714495658875,0.05843403562903404,0.34833288192749023,0.5888418555259705,1,0.07682116259820759,0.0725150853395462,0.08002892136573792,0.37289920449256897,0.39258474111557007,0.02075987122952938,0.11601089686155319,0,0.7406095862388611,1,0,1.1214594841003418,-0.02928057312965393,1.0232058763504028,1.5493600368499756,0.9136929512023926,0.9013255834579468,-0.05593293532729149,-0.4357927739620209,0.40388399362564087,1.0301709175109863,1.0184906721115112,1.0209558010101318,https://wandb.ai/ememchijioke-university-of-klagenfurt/marl-uav-v0-7-compact-triangle-obstacle/runs/f23wgnom
2026-05-30T13:14:37.180981,1021,1,11612.34845409006,0,0,0,MOVE_TRIANGLE_OBSTACLE,1.0,0.06925079971551895,0.04133935645222664,0.05112753311793009,0.7467464208602905,0.8078721165657043,0.8422569036483765,0.06155671179294586,0.3467269241809845,0.598642885684967,1,0.07594184612389654,0.08116982132196426,0.08952130377292633,0.3883410394191742,0.4115580916404724,0.02429284155368805,0.09070640057325363,0,0.7467464208602905,1,0,1.127052664756775,-0.043269574642181396,1.0229687690734863,1.562079906463623,0.9178796410560608,0.9011982679367065,-0.07228183001279831,-0.4498082101345062,0.39228129386901855,1.0293327569961548,1.0188416242599487,1.020731806755066,https://wandb.ai/ememchijioke-university-of-klagenfurt/marl-uav-v0-7-compact-triangle-obstacle/runs/f23wgnom
2026-05-30T13:14:44.154941,1022,1,11613.122946307763,0,0,0,MOVE_TRIANGLE_OBSTACLE,1.0,0.0645509734749794,0.04188193380832672,0.05441689491271973,0.733054518699646,0.8096650242805481,0.8366401791572571,0.06189689412713051,0.3473809063434601,0.5943821668624878,1,0.07563489396125078,0.0776815116405487,0.09061145037412643,0.397167444229126,0.4164927899837494,0.012941446155309677,0.11038157343864441,0,0.733054518699646,1,0,1.1291507482528687,-0.037913721054792404,1.023119568824768,1.5605089664459229,0.925356388092041,0.9015870094299316,-0.07277800887823105,-0.43863117694854736,0.3976680040359497,1.0290576219558716,1.0189801454544067,1.0213210582733154,https://wandb.ai/ememchijioke-university-of-klagenfurt/marl-uav-v0-7-compact-triangle-obstacle/runs/f23wgnom
2026-05-30T13:14:51.291207,1023,1,11611.472900618333,0,0,0,MOVE_TRIANGLE_OBSTACLE,1.0,0.06576221436262131,0.039733920246362686,0.050324440002441406,0.7365660071372986,0.7993542551994324,0.8381850719451904,0.058433402329683304,0.34705427289009094,0.5925926566123962,1,0.07655846583656967,0.07752975076436996,0.08684598654508591,0.3694038391113281,0.3752102255821228,0.01978890597820282,0.11899181455373764,0,0.7365660071372986,1,0,1.1268997192382812,-0.03707483410835266,1.0232223272323608,1.555525302886963,0.9236807227134705,0.9014929533004761,-0.06410791724920273,-0.44250237941741943,0.3953857719898224,1.0297436714172363,1.0188082456588745,1.0211149454116821,https://wandb.ai/ememchijioke-university-of-klagenfurt/marl-uav-v0-7-compact-triangle-obstacle/runs/f23wgnom
2026-05-30T13:14:58.085230,1024,1,11551.394977437954,0,0,0,MOVE_TRIANGLE_OBSTACLE,1.0,0.063540019094944,0.039296358823776245,0.04808660348256429,0.7365448474884033,0.7951910495758057,0.8356136083602905,0.058137670159339905,0.34984979033470154,0.5901139378547668,1,0.07578600174747407,0.07529633492231369,0.08659262955188751,0.397353857755661,0.4043644368648529,0.02078503556549549,0.11770164966583252,0,0.7365448474884033,1,0,1.1182600259780884,-0.03213770315051079,1.0230309963226318,1.5454962253570557,0.9099500775337219,0.8993340134620667,-0.06256479024887085,-0.43469515442848206,0.40084683895111084,1.0287624597549438,1.0188387632369995,1.0214917659759521,https://wandb.ai/ememchijioke-university-of-klagenfurt/marl-uav-v0-7-compact-triangle-obstacle/runs/f23wgnom
2026-05-30T13:15:04.656482,1025,1,11551.490132254696,0,0,0,MOVE_TRIANGLE_OBSTACLE,1.0,0.06059252843260765,0.04290396347641945,0.0531581441561381,0.7325915098190308,0.800423800945282,0.8416421413421631,0.06318014115095139,0.34699708223342896,0.5910112261772156,1,0.0767359584569931,0.07485032826662064,0.08863458037376404,0.390729159116745,0.4109295904636383,0.01778358779847622,0.1099637970328331,0,0.7325915098190308,1,0,1.1226402521133423,-0.03311687707901001,1.0227422714233398,1.5489017963409424,0.916265606880188,0.9027531743049622,-0.06748338788747787,-0.4366986155509949,0.4048313498497009,1.0298570394515991,1.0179443359375,1.0204253196716309,https://wandb.ai/ememchijioke-university-of-klagenfurt/marl-uav-v0-7-compact-triangle-obstacle/runs/f23wgnom
2026-05-30T13:15:11.237248,1026,1,11619.790697898794,0,0,0,MOVE_TRIANGLE_OBSTACLE,1.0,0.06221532076597214,0.04636424407362938,0.06157467762629191,0.7263396382331848,0.818645179271698,0.8424184918403625,0.06788299977779388,0.34828653931617737,0.5961251854896545,1,0.07472738856449723,0.07840083539485931,0.09374736994504929,0.3770120441913605,0.388559490442276,0.008837639354169369,0.10119553655385971,0,0.7263396382331848,1,0,1.132926344871521,-0.03861534595489502,1.0228965282440186,1.563849687576294,0.9339173436164856,0.9010120034217834,-0.07826577126979828,-0.43967556953430176,0.40209531784057617,1.0297720432281494,1.0180500745773315,1.0208675861358643,https://wandb.ai/ememchijioke-university-of-klagenfurt/marl-uav-v0-7-compact-triangle-obstacle/runs/f23wgnom
2026-05-30T13:15:18.005579,1027,1,11610.079520483137,0,0,0,MOVE_TRIANGLE_OBSTACLE,1.0,0.06457754969596863,0.039997149258852005,0.05206360419591268,0.7346996068954468,0.8077784776687622,0.8331119418144226,0.0588592104613781,0.34844157099723816,0.5939615964889526,1,0.07518525747582316,0.07667727023363113,0.08784724026918411,0.3667280673980713,0.3679984211921692,0.0123134208843112,0.12421391159296036,0,0.7346996068954468,1,0,1.1290358304977417,-0.03791193291544914,1.022963047027588,1.5612332820892334,0.926138699054718,0.8997354507446289,-0.06936144828796387,-0.43853017687797546,0.3941558599472046,1.0300341844558716,1.0176737308502197,1.0211811065673828,https://wandb.ai/ememchijioke-university-of-klagenfurt/marl-uav-v0-7-compact-triangle-obstacle/runs/f23wgnom
2026-05-30T13:15:25.280590,1028,1,11620.739499245403,0,0,0,MOVE_TRIANGLE_OBSTACLE,1.0,0.06405631452798843,0.04737154766917229,0.0615421732266744,0.7188152074813843,0.8060441017150879,0.8473976254463196,0.06780532002449036,0.34801673889160156,0.5928412079811096,1,0.07571550586726516,0.08012393116950989,0.09640193730592728,0.3931099474430084,0.4208206832408905,0.0185624398291111,0.13872826099395752,0,0.7188152074813843,1,0,1.128819465637207,-0.0367383174598217,1.0229672193527222,1.5507519245147705,0.9335423111915588,0.9021642804145813,-0.07348258793354034,-0.441771924495697,0.40503954887390137,1.029004693031311,1.0184906721115112,1.0214064121246338,https://wandb.ai/ememchijioke-university-of-klagenfurt/marl-uav-v0-7-compact-triangle-obstacle/runs/f23wgnom
2026-05-30T13:15:32.432807,1029,1,11546.332616549515,0,0,0,MOVE_TRIANGLE_OBSTACLE,1.0,0.0635184571146965,0.04302998259663582,0.05479419231414795,0.7275084853172302,0.8044501543045044,0.8374409079551697,0.06307780742645264,0.34983667731285095,0.5931708216667175,1,0.07479400746524334,0.07707872986793518,0.09456612914800644,0.3966764509677887,0.3979317247867584,0.012537785805761814,0.11914994567632675,0,0.7275084853172302,1,0,1.1212637424468994,-0.03635544702410698,1.0229910612106323,1.5478841066360474,0.9166805148124695,0.8992266058921814,-0.07441606372594833,-0.4359515607357025,0.4013012945652008,1.029889702796936,1.017942190170288,1.0211409330368042,https://wandb.ai/ememchijioke-university-of-klagenfurt/marl-uav-v0-7-compact-triangle-obstacle/runs/f23wgnom
2026-05-30T13:15:40.376586,1030,1,11614.433342281445,0,0,0,MOVE_TRIANGLE_OBSTACLE,1.0,0.06413686275482178,0.0441618412733078,0.058256328105926514,0.7226609587669373,0.8122661709785461,0.8351637721061707,0.06420022994279861,0.34712180495262146,0.5935590267181396,1,0.07557301968336105,0.0782543495297432,0.09711315482854843,0.3804909884929657,0.3850630223751068,0.018345626071095467,0.1280607134103775,0,0.7226609587669373,1,0,1.1294162273406982,-0.03749268129467964,1.0231900215148926,1.5577092170715332,0.9288714528083801,0.9016680717468262,-0.07847122102975845,-0.43436312675476074,0.40035632252693176,1.0306792259216309,1.0187268257141113,1.020164132118225,https://wandb.ai/ememchijioke-university-of-klagenfurt/marl-uav-v0-7-compact-triangle-obstacle/runs/f23wgnom
2026-05-30T13:15:47.246034,1031,1,11612.818145837384,0,0,0,MOVE_TRIANGLE_OBSTACLE,1.0,0.06941602379083633,0.04320524260401726,0.05407571792602539,0.7398204803466797,0.8056452870368958,0.8464023470878601,0.06389971077442169,0.3480673134326935,0.5973038673400879,1,0.07553482288494706,0.08240920305252075,0.09240052849054337,0.3864957094192505,0.39104220271110535,0.019242558628320694,0.08984145522117615,0,0.7398204803466797,1,0,1.1252307891845703,-0.04138518497347832,1.0229853391647339,1.5557174682617188,0.9200839996337891,0.8998907804489136,-0.0712030753493309,-0.44955605268478394,0.3966035544872284,1.0306533575057983,1.0182631015777588,1.020039439201355,https://wandb.ai/ememchijioke-university-of-klagenfurt/marl-uav-v0-7-compact-triangle-obstacle/runs/f23wgnom
2026-05-30T13:15:54.211526,1032,1,11612.929032458003,0,0,0,MOVE_TRIANGLE_OBSTACLE,1.0,0.06439455598592758,0.04719690605998039,0.06048725048700968,0.726620078086853,0.8049798011779785,0.8531020283699036,0.06817197799682617,0.347280889749527,0.5942901968955994,1,0.07622915913816541,0.08068334311246872,0.09251073747873306,0.38628628849983215,0.39598551392555237,0.016214510425925255,0.11187061667442322,0,0.726620078086853,1,0,1.1292471885681152,-0.03798918053507805,1.022751808166504,1.552827000617981,0.9331133961677551,0.9018011093139648,-0.06936852633953094,-0.4485626220703125,0.4039636254310608,1.0303126573562622,1.0183274745941162,1.0196152925491333,https://wandb.ai/ememchijioke-university-of-klagenfurt/marl-uav-v0-7-compact-triangle-obstacle/runs/f23wgnom
2026-05-30T13:16:01.304374,1033,1,11615.378364726268,0,0,0,MOVE_TRIANGLE_OBSTACLE,1.0,0.0640786811709404,0.04705403372645378,0.05751333634058634,0.7405462265014648,0.8038905262947083,0.8591957092285156,0.06960920989513397,0.3434606194496155,0.5953230261802673,1,0.07828210422303528,0.08052407950162888,0.08830070495605469,0.38449832797050476,0.410992294549942,0.0154964504763484,0.08121631294488907,0,0.7405462265014648,1,0,1.1295191049575806,-0.03756813332438469,1.0231133699417114,1.5567736625671387,0.9245941638946533,0.9071897268295288,-0.06688514351844788,-0.45241880416870117,0.4065995216369629,1.0300023555755615,1.0189738273620605,1.0203638076782227,https://wandb.ai/ememchijioke-university-of-klagenfurt/marl-uav-v0-7-compact-triangle-obstacle/runs/f23wgnom
2026-05-30T13:16:07.785744,1034,1,11612.711808062126,0,0,0,MOVE_TRIANGLE_OBSTACLE,1.0,0.06891133636236191,0.04227004945278168,0.054780026276906334,0.7319443821907043,0.8093357086181641,0.8369487524032593,0.0624205619096756,0.34891727566719055,0.5959992408752441,1,0.07481790508609265,0.0813891664147377,0.09604807198047638,0.39405393600463867,0.41629573702812195,0.03138533607125282,0.10931017249822617,0,0.7319443821907043,1,0,1.1250550746917725,-0.0406421534717083,1.022396206855774,1.5556983947753906,0.9210724830627441,0.8983943462371826,-0.07649824023246765,-0.4410346746444702,0.39560648798942566,1.02903413772583,1.0187517404556274,1.0194028615951538,https://wandb.ai/ememchijioke-university-of-klagenfurt/marl-uav-v0-7-compact-triangle-obstacle/runs/f23wgnom
2026-05-30T13:16:15.898271,1035,1,11552.488040293147,0,0,0,MOVE_TRIANGLE_OBSTACLE,1.0,0.06356002390384674,0.04940524697303772,0.06018815437952677,0.7391977310180664,0.8091937899589539,0.8605684041976929,0.07351718097925186,0.347469300031662,0.5977750420570374,1,0.07594011188484728,0.08135673403739929,0.09287360310554504,0.39526844024658203,0.4078545868396759,0.010024558752775192,0.09463564306497574,0,0.7391977310180664,1,0,1.1227412223815918,-0.038525134325027466,1.0225238800048828,1.5508818626403809,0.9145880341529846,0.9027537703514099,-0.07462738454341888,-0.45071735978126526,0.40976932644844055,1.0289160013198853,1.0189290046691895,1.0197268724441528,https://wandb.ai/ememchijioke-university-of-klagenfurt/marl-uav-v0-7-compact-triangle-obstacle/runs/f23wgnom
2026-05-30T13:16:24.444854,1036,1,11611.344745240136,0,0,0,MOVE_TRIANGLE_OBSTACLE,1.0,0.06736138463020325,0.0444413460791111,0.05552268028259277,0.7341783046722412,0.8032420873641968,0.8475042581558228,0.06546475738286972,0.34403902292251587,0.5955114364624023,1,0.07767651660833508,0.08107046782970428,0.09465313702821732,0.3933168947696686,0.42210274934768677,0.014341935515403748,0.12317290902137756,0,0.7341783046722412,1,0,1.127683401107788,-0.04096749424934387,1.0229066610336304,1.554574966430664,0.9232927560806274,0.9051826596260071,-0.07363125681877136,-0.44828981161117554,0.3990185558795929,1.0298848152160645,1.018415927886963,1.0204193592071533,https://wandb.ai/ememchijioke-university-of-klagenfurt/marl-uav-v0-7-compact-triangle-obstacle/runs/f23wgnom
2026-05-30T13:16:31.162813,1037,1,11616.769791359484,0,0,0,MOVE_TRIANGLE_OBSTACLE,1.0,0.06739861518144608,0.04347015917301178,0.05525775750478109,0.7388357520103455,0.8065486550331116,0.8480603694915771,0.0641908198595047,0.34844452142715454,0.5972684025764465,1,0.07534519373439252,0.08107563853263855,0.08924543112516403,0.378785103559494,0.3859873116016388,0.02003922499716282,0.20110629498958588,0,0.7388357520103455,1,0,1.1279157400131226,-0.04143618419766426,1.022660732269287,1.558181643486023,0.9258326292037964,0.899732768535614,-0.06935922056436539,-0.4513018727302551,0.3963525593280792,1.0294522047042847,1.0179290771484375,1.02060067653656,https://wandb.ai/ememchijioke-university-of-klagenfurt/marl-uav-v0-7-compact-triangle-obstacle/runs/f23wgnom
2026-05-30T13:16:37.463675,1038,1,11615.20486560744,0,0,0,MOVE_TRIANGLE_OBSTACLE,1.0,0.060821790248155594,0.04873177036643028,0.062135775883992515,0.7388054728507996,0.814289927482605,0.8609228730201721,0.07213538885116577,0.34780874848365784,0.5968675017356873,1,0.0755697451531887,0.07955480366945267,0.08467960357666016,0.37517035007476807,0.38575220108032227,0.018065597862005234,0.11668237298727036,0,0.7388054728507996,1,0,1.1329294443130493,-0.036295074969530106,1.022953748703003,1.563403606414795,0.9324914216995239,0.9028933644294739,-0.06692398339509964,-0.45118582248687744,0.40922456979751587,1.0296200513839722,1.0183873176574707,1.0208537578582764,https://wandb.ai/ememchijioke-university-of-klagenfurt/marl-uav-v0-7-compact-triangle-obstacle/runs/f23wgnom
2026-05-30T13:16:44.471099,1039,1,11612.622940516432,0,0,0,MOVE_TRIANGLE_OBSTACLE,1.0,0.06236722320318222,0.04794203117489815,0.05991752942403158,0.7369123101234436,0.8088063597679138,0.8578585386276245,0.07098577916622162,0.3456564247608185,0.5947676301002502,1,0.07695828622672707,0.07994527369737625,0.08844371140003204,0.390653520822525,0.3965606093406677,0.027240948751568794,0.10984150320291519,0,0.7369123101234436,1,0,1.1298987865447998,-0.03498203679919243,1.023250699043274,1.5578495264053345,0.9260255098342896,0.9058213233947754,-0.06810667365789413,-0.44722887873649597,0.4103894531726837,1.0294157266616821,1.0191919803619385,1.0211442708969116,https://wandb.ai/ememchijioke-university-of-klagenfurt/marl-uav-v0-7-compact-triangle-obstacle/runs/f23wgnom
2026-05-30T13:16:51.900355,1040,1,11607.458347995207,0,0,0,MOVE_TRIANGLE_OBSTACLE,1.0,0.06504804641008377,0.04733240231871605,0.05820685625076294,0.7400153875350952,0.8105274438858032,0.8541085124015808,0.07043728977441788,0.34339359402656555,0.5967442393302917,1,0.0777381252264604,0.08127019554376602,0.09302948415279388,0.40180549025535583,0.40736621618270874,0.012308443896472454,0.1133546307682991,0,0.7400153875350952,1,0,1.1291474103927612,-0.03855680301785469,1.0234402418136597,1.559584140777588,0.9204550385475159,0.9074031114578247,-0.07466351985931396,-0.4475073218345642,0.4065004289150238,1.0304203033447266,1.0192723274230957,1.0206279754638672,https://wandb.ai/ememchijioke-university-of-klagenfurt/marl-uav-v0-7-compact-triangle-obstacle/runs/f23wgnom
2026-05-30T13:16:59.174187,1041,1,11614.579774670188,0,0,0,MOVE_TRIANGLE_OBSTACLE,1.0,0.062456164509058,0.05076558515429497,0.06353253126144409,0.7326477766036987,0.8119966983795166,0.8612486720085144,0.07504821568727493,0.3440501093864441,0.5958635210990906,1,0.07747545198071748,0.0816330686211586,0.09392943233251572,0.3858966529369354,0.40451717376708984,0.020468950271606445,0.12852413952350616,0,0.7326477766036987,1,0,1.131047248840332,-0.036361563950777054,1.0236188173294067,1.5575237274169922,0.9271393418312073,0.9084787964820862,-0.07458376884460449,-0.44777238368988037,0.4132714569568634,1.030166745185852,1.0192763805389404,1.0214134454727173,https://wandb.ai/ememchijioke-university-of-klagenfurt/marl-uav-v0-7-compact-triangle-obstacle/runs/f23wgnom
2026-05-30T13:17:06.330917,1042,1,11616.665765329319,0,0,0,MOVE_TRIANGLE_OBSTACLE,1.0,0.0609288364648819,0.045121002942323685,0.0568966269493103,0.7349844574928284,0.8032746911048889,0.8523996472358704,0.06601554900407791,0.34321871399879456,0.5932737588882446,1,0.07838967128191143,0.07685183733701706,0.08522137999534607,0.3919301927089691,0.39463719725608826,0.014166888780891895,0.07999330013990402,0,0.7349844574928284,1,0,1.1331511735916138,-0.03676259517669678,1.0229085683822632,1.5596075057983398,0.9330697655677795,0.9067761301994324,-0.06471940875053406,-0.4487798810005188,0.40321147441864014,1.0303611755371094,1.0181077718734741,1.020256757736206,https://wandb.ai/ememchijioke-university-of-klagenfurt/marl-uav-v0-7-compact-triangle-obstacle/runs/f23wgnom
2026-05-30T13:17:13.585587,1043,1,11623.48391607095,0,0,0,MOVE_TRIANGLE_OBSTACLE,1.0,0.06714140623807907,0.045505523681640625,0.05706618229548136,0.7341516017913818,0.8025005459785461,0.8528496026992798,0.06668701767921448,0.3452852666378021,0.5960997343063354,1,0.07719807466492057,0.08172698318958282,0.09270814061164856,0.3758956491947174,0.3989255726337433,0.015052721835672855,0.11943469196557999,0,0.7341516017913818,1,0,1.1282962560653687,-0.04137853905558586,1.0228062868118286,1.553924322128296,0.9271916151046753,0.9037728905677795,-0.07076676189899445,-0.4529474675655365,0.39957863092422485,1.0295798778533936,1.0185059309005737,1.0203330516815186,https://wandb.ai/ememchijioke-university-of-klagenfurt/marl-uav-v0-7-compact-triangle-obstacle/runs/f23wgnom
2026-05-30T13:17:20.031819,1044,1,11613.619895956484,0,0,0,MOVE_TRIANGLE_OBSTACLE,1.0,0.06537792831659317,0.04571503400802612,0.058162311712900795,0.7382432818412781,0.8075194358825684,0.8552107810974121,0.06752956658601761,0.3475741147994995,0.597570538520813,1,0.07582447247114033,0.08090713620185852,0.08757473528385162,0.37705203890800476,0.38193607330322266,0.015423488803207874,0.12766526639461517,0,0.7382432818412781,1,0,1.1305941343307495,-0.040934968739748,1.023171067237854,1.5595101118087769,0.9303887486457825,0.9018835425376892,-0.06840717792510986,-0.4545651078224182,0.4001673758029938,1.0287830829620361,1.0192148685455322,1.0215154886245728,https://wandb.ai/ememchijioke-university-of-klagenfurt/marl-uav-v0-7-compact-triangle-obstacle/runs/f23wgnom
2026-05-30T13:17:26.223699,1045,1,11612.019749712805,0,0,0,MOVE_TRIANGLE_OBSTACLE,1.0,0.06257902085781097,0.051524657756090164,0.06684315204620361,0.7325276732444763,0.8251963257789612,0.857860803604126,0.07653052359819412,0.34773415327072144,0.5996089577674866,1,0.07483847008552402,0.08239858597517014,0.09601715207099915,0.3874659836292267,0.3982948064804077,0.013295245356857777,0.17269694805145264,0,0.7325276732444763,1,0,1.1329286098480225,-0.03908951207995415,1.0230865478515625,1.5652756690979004,0.9299264550209045,0.9035837650299072,-0.08194001764059067,-0.4463907778263092,0.4110622704029083,1.029097080230713,1.0189088582992554,1.0212537050247192,https://wandb.ai/ememchijioke-university-of-klagenfurt/marl-uav-v0-7-compact-triangle-obstacle/runs/f23wgnom
2026-05-30T13:17:33.456700,1046,1,11618.278734543015,0,0,0,MOVE_TRIANGLE_OBSTACLE,1.0,0.06164872273802757,0.04585869237780571,0.05674386024475098,0.7443238496780396,0.813852846622467,0.8507025837898254,0.06845276802778244,0.3454212546348572,0.5953171849250793,1,0.07671023753937334,0.07813143730163574,0.08566997200250626,0.39431095123291016,0.4137681722640991,0.007380097638815641,0.07903572171926498,0,0.7443238496780396,1,0,1.1303070783615112,-0.03417431190609932,1.0233415365219116,1.5646347999572754,0.9205282330513,0.9057580232620239,-0.06910010427236557,-0.44199785590171814,0.40857502818107605,1.0292134284973145,1.0196200609207153,1.0211912393569946,https://wandb.ai/ememchijioke-university-of-klagenfurt/marl-uav-v0-7-compact-triangle-obstacle/runs/f23wgnom
2026-05-30T13:17:40.758138,1047,1,11665.475380000502,0,0,0,MOVE_TRIANGLE_OBSTACLE,1.0,0.06596814095973969,0.04739239811897278,0.06067065397898356,0.7442743182182312,0.8192059397697449,0.857080340385437,0.0705786794424057,0.3462134599685669,0.5994362235069275,1,0.07590428600087762,0.08273809403181076,0.08768981695175171,0.3728833496570587,0.3872893154621124,0.022676309570670128,0.14024551212787628,0,0.7442743182182312,1,0,1.1369891166687012,-0.04015474393963814,1.0230079889297485,1.572521686553955,0.9348732829093933,0.9035722017288208,-0.06984738260507584,-0.4535614848136902,0.4029446542263031,1.0293824672698975,1.0187873840332031,1.0208542346954346,https://wandb.ai/ememchijioke-university-of-klagenfurt/marl-uav-v0-7-compact-triangle-obstacle/runs/f23wgnom
2026-05-30T13:17:47.575830,1048,1,11600.076788841923,0,0,0,MOVE_TRIANGLE_OBSTACLE,1.0,0.06436534970998764,0.05070248246192932,0.0641749898592631,0.7321810126304626,0.8127725720405579,0.8619334101676941,0.0747331976890564,0.34445443749427795,0.598131000995636,1,0.07708925707265735,0.08284962177276611,0.09537064284086227,0.38835182785987854,0.39770710468292236,0.01331455260515213,0.10449814051389694,0,0.7321810126304626,1,0,1.1318492889404297,-0.04093468189239502,1.0227586030960083,1.558481216430664,0.9304174184799194,0.9066492319107056,-0.07735684514045715,-0.453524112701416,0.4080768823623657,1.0292134284973145,1.018120288848877,1.020942211151123,https://wandb.ai/ememchijioke-university-of-klagenfurt/marl-uav-v0-7-compact-triangle-obstacle/runs/f23wgnom
2026-05-30T13:17:54.598410,1049,1,11554.824371765204,0,0,0,MOVE_TRIANGLE_OBSTACLE,1.0,0.06448323279619217,0.0502280592918396,0.06091318527857462,0.7409774661064148,0.8093526363372803,0.8643643856048584,0.07467576861381531,0.34800273180007935,0.5992987751960754,1,0.07561281824018806,0.08257544785737991,0.09300004690885544,0.39525437355041504,0.4078044891357422,0.015015830285847187,0.11066317558288574,0,0.7409774661064148,1,0,1.1230225563049316,-0.04005640745162964,1.0230345726013184,1.5511828660964966,0.915286123752594,0.9025986790657043,-0.07466992735862732,-0.4548841714859009,0.40938490629196167,1.0296911001205444,1.0187321901321411,1.02068030834198,https://wandb.ai/ememchijioke-university-of-klagenfurt/marl-uav-v0-7-compact-triangle-obstacle/runs/f23wgnom
2026-05-30T13:18:02.254651,1050,1,11610.27510778181,0,0,0,MOVE_TRIANGLE_OBSTACLE,1.0,0.06277615576982498,0.04615631699562073,0.0576287309328715,0.7454742193222046,0.8150150775909424,0.8533453345298767,0.06889232248067856,0.34608471393585205,0.5972424149513245,1,0.07628591440152377,0.07917650789022446,0.08538398891687393,0.3932898938655853,0.41207247972488403,0.01580529846251011,0.1426302045583725,0,0.7454742193222046,1,0,1.130807638168335,-0.03713957592844963,1.0227845907211304,1.5656806230545044,0.9232999086380005,0.9034423232078552,-0.06941641867160797,-0.44755828380584717,0.40555596351623535,1.0290881395339966,1.0197319984436035,1.0195337533950806,https://wandb.ai/ememchijioke-university-of-klagenfurt/marl-uav-v0-7-compact-triangle-obstacle/runs/f23wgnom
2026-05-30T13:18:09.749569,1051,1,11612.139030788698,0,0,0,MOVE_TRIANGLE_OBSTACLE,1.0,0.06454569846391678,0.051176052540540695,0.06492505470911662,0.7324657440185547,0.8147845268249512,0.8624563813209534,0.07560105621814728,0.34448349475860596,0.5983996987342834,1,0.07702441664878279,0.08334425836801529,0.09598658233880997,0.3944251537322998,0.4211181700229645,0.017196493223309517,0.09361439943313599,0,0.7324657440185547,1,0,1.131247878074646,-0.04067137837409973,1.0225659608840942,1.5586307048797607,0.9295185208320618,0.9055945873260498,-0.07805377244949341,-0.4530423879623413,0.4090820252895355,1.0296169519424438,1.0192509889602661,1.0188301801681519,https://wandb.ai/ememchijioke-university-of-klagenfurt/marl-uav-v0-7-compact-triangle-obstacle/runs/f23wgnom
2026-05-30T13:18:16.615941,1052,1,11611.770764612455,0,0,0,MOVE_TRIANGLE_OBSTACLE,1.0,0.06842678785324097,0.04866332933306694,0.06365712483723958,0.7254317998886108,0.8147825002670288,0.8516206741333008,0.07121982425451279,0.3485240936279297,0.5989604592323303,1,0.0747709630522877,0.08452385663986206,0.10067547857761383,0.3910067081451416,0.4072621166706085,0.021298641338944435,0.11934564262628555,0,0.7254317998886108,1,0,1.1282459497451782,-0.04365605115890503,1.0222691297531128,1.5552915334701538,0.9301179051399231,0.8993284702301025,-0.08210185170173645,-0.4499649703502655,0.40109866857528687,1.0286961793899536,1.0194261074066162,1.0186848640441895,https://wandb.ai/ememchijioke-university-of-klagenfurt/marl-uav-v0-7-compact-triangle-obstacle/runs/f23wgnom
2026-05-30T13:18:23.461895,1053,1,11619.145734702674,0,0,0,MOVE_TRIANGLE_OBSTACLE,1.0,0.06426030397415161,0.048991378396749496,0.061894893646240234,0.7480825781822205,0.8185781240463257,0.8651891350746155,0.07309532910585403,0.3487548828125,0.6017387509346008,1,0.07477486797142774,0.08237936347723007,0.09316366165876389,0.39105483889579773,0.40610694885253906,0.021723056212067604,0.13337692618370056,0,0.7480825781822205,1,0,1.132803201675415,-0.04209144040942192,1.0221748352050781,1.567934274673462,0.9309437870979309,0.8995316028594971,-0.06885656714439392,-0.46101808547973633,0.4036003649234772,1.0283610820770264,1.0194158554077148,1.0187474489212036,https://wandb.ai/ememchijioke-university-of-klagenfurt/marl-uav-v0-7-compact-triangle-obstacle/runs/f23wgnom
2026-05-30T13:18:29.037033,1054,1,11558.53932411362,0,0,0,MOVE_TRIANGLE_OBSTACLE,1.0,0.06967637687921524,0.048987504094839096,0.06108532349268595,0.7366752028465271,0.8127619624137878,0.8571692109107971,0.07278716564178467,0.3482138216495514,0.6027848124504089,1,0.07490950776264071,0.08516222983598709,0.10136612504720688,0.38797488808631897,0.40978002548217773,0.03287874162197113,0.14537157118320465,0,0.7366752028465271,1,0,1.1224626302719116,-0.047640860080718994,1.0226160287857056,1.5517634153366089,0.9161731004714966,0.8994513154029846,-0.08511386066675186,-0.45740729570388794,0.3995985984802246,1.0298813581466675,1.019256353378296,1.018710732460022,https://wandb.ai/ememchijioke-university-of-klagenfurt/marl-uav-v0-7-compact-triangle-obstacle/runs/f23wgnom
2026-05-30T13:18:35.750284,1055,1,11551.186650921285,0,0,0,MOVE_TRIANGLE_OBSTACLE,1.0,0.06634056568145752,0.045950353145599365,0.058424929777781166,0.7406269311904907,0.8109926581382751,0.8549090623855591,0.06820111721754074,0.34954315423965454,0.6018696427345276,1,0.07442496146541089,0.08121088892221451,0.09136930108070374,0.3745236396789551,0.40434300899505615,0.01812060736119747,0.10532205551862717,0,0.7406269311904907,1,0,1.126815676689148,-0.0468362458050251,1.0226114988327026,1.5580703020095825,0.9249643087387085,0.8974124789237976,-0.07551978528499603,-0.45972689986228943,0.39473792910575867,1.0290724039077759,1.0195882320404053,1.0191736221313477,https://wandb.ai/ememchijioke-university-of-klagenfurt/marl-uav-v0-7-compact-triangle-obstacle/runs/f23wgnom
2026-05-30T13:18:42.689552,1056,1,11559.31458577799,0,0,0,MOVE_TRIANGLE_OBSTACLE,1.0,0.06407767534255981,0.046716466546058655,0.06036132574081421,0.7215076088905334,0.8081291317939758,0.8444624543190002,0.06786276400089264,0.34720566868782043,0.5960248708724976,1,0.0757146819960326,0.07920307666063309,0.09992480278015137,0.38416585326194763,0.3930247128009796,0.02661842107772827,0.10671448707580566,0,0.7215076088905334,1,0,1.125160574913025,-0.041669297963380814,1.023116946220398,1.5493218898773193,0.9252369403839111,0.9009228944778442,-0.08176716417074203,-0.4436763525009155,0.40043559670448303,1.0304882526397705,1.0198630094528198,1.018999695777893,https://wandb.ai/ememchijioke-university-of-klagenfurt/marl-uav-v0-7-compact-triangle-obstacle/runs/f23wgnom
2026-05-30T13:18:49.438645,1057,1,11541.472625078824,0,0,0,MOVE_TRIANGLE_OBSTACLE,1.0,0.06631701439619064,0.045554548501968384,0.05818521976470947,0.7386696934700012,0.8176214098930359,0.8456039428710938,0.0678827241063118,0.34836098551750183,0.6018612384796143,1,0.07454009889625013,0.08071772009134293,0.09664382040500641,0.3921455442905426,0.4105041027069092,0.012800101190805435,0.09964767843484879,0,0.7386696934700012,1,0,1.1263867616653442,-0.04629038646817207,1.0228796005249023,1.5609891414642334,0.9194290041923523,0.8987421989440918,-0.08409884572029114,-0.4500614404678345,0.3952890932559967,1.029960036277771,1.0197172164916992,1.0189615488052368,https://wandb.ai/ememchijioke-university-of-klagenfurt/marl-uav-v0-7-compact-triangle-obstacle/runs/f23wgnom
2026-05-30T13:18:57.012524,1058,1,11605.959462621511,0,0,0,MOVE_TRIANGLE_OBSTACLE,1.0,0.06877879798412323,0.043894071131944656,0.058262904485066734,0.730051577091217,0.8118372559547424,0.8430030345916748,0.06400176882743835,0.34693944454193115,0.6008586287498474,1,0.07537324726581573,0.08200272172689438,0.09409269690513611,0.37594160437583923,0.38006195425987244,0.012941934168338776,0.1411171406507492,0,0.730051577091217,1,0,1.1348601579666138,-0.050031084567308426,1.0231282711029053,1.5650303363800049,0.9403424263000488,0.8992078900337219,-0.07893648743629456,-0.4565778076648712,0.3854210376739502,1.0307235717773438,1.01943838596344,1.0192229747772217,https://wandb.ai/ememchijioke-university-of-klagenfurt/marl-uav-v0-7-compact-triangle-obstacle/runs/f23wgnom
2026-05-30T13:19:03.952680,1059,1,11613.632847324569,0,0,0,MOVE_TRIANGLE_OBSTACLE,1.0,0.06620525568723679,0.04110323637723923,0.0518646240234375,0.7469078302383423,0.81186842918396,0.8406332731246948,0.06111396849155426,0.34380432963371277,0.5994760990142822,1,0.0771304759546183,0.07840989530086517,0.08659224957227707,0.3809584677219391,0.3917792737483978,0.019037557765841484,0.08671555668115616,0,0.7469078302383423,1,0,1.1337809562683105,-0.04527534916996956,1.0234695672988892,1.570945382118225,0.9274706244468689,0.9029268622398376,-0.07266059517860413,-0.4517194628715515,0.38855403661727905,1.0314613580703735,1.0202386379241943,1.0187084674835205,https://wandb.ai/ememchijioke-university-of-klagenfurt/marl-uav-v0-7-compact-triangle-obstacle/runs/f23wgnom
2026-05-30T13:19:10.802864,1060,1,11554.126730859292,0,0,0,MOVE_TRIANGLE_OBSTACLE,1.0,0.06599151343107224,0.04750470444560051,0.05926551421483358,0.7415622472763062,0.8112474679946899,0.8581113219261169,0.07052671909332275,0.34422314167022705,0.6023078560829163,1,0.07702018663985655,0.0812123492360115,0.09335091710090637,0.37482261657714844,0.38255825638771057,0.020299727097153664,0.13950380682945251,0,0.7415622472763062,1,0,1.1293385028839111,-0.048483531922101974,1.0225722789764404,1.5601606369018555,0.92484050989151,0.9030143618583679,-0.07955481857061386,-0.46186402440071106,0.3959682583808899,1.03046715259552,1.0193926095962524,1.0178570747375488,https://wandb.ai/ememchijioke-university-of-klagenfurt/marl-uav-v0-7-compact-triangle-obstacle/runs/f23wgnom
2026-05-30T13:19:18.249374,1061,1,11613.846062340723,0,0,0,MOVE_TRIANGLE_OBSTACLE,1.0,0.06811826676130295,0.04705103114247322,0.05992295344670614,0.7371880412101746,0.8119352459907532,0.8550216555595398,0.06938917934894562,0.34384647011756897,0.6009758114814758,1,0.07715671911137179,0.08318254351615906,0.09484276920557022,0.3867398500442505,0.39396020770072937,0.012591063044965267,0.10600196570158005,0,0.7371880412101746,1,0,1.1327919960021973,-0.047217320650815964,1.0233169794082642,1.5629092454910278,0.931900143623352,0.9035664796829224,-0.07810904085636139,-0.4590469300746918,0.39550402760505676,1.0322071313858032,1.0195566415786743,1.018187165260315,https://wandb.ai/ememchijioke-university-of-klagenfurt/marl-uav-v0-7-compact-triangle-obstacle/runs/f23wgnom
2026-05-30T13:19:24.646293,1062,1,11610.588967835027,0,0,0,MOVE_TRIANGLE_OBSTACLE,1.0,0.06763061136007309,0.043642207980155945,0.05700331926345825,0.7351440787315369,0.8120092749595642,0.8441447615623474,0.06420325487852097,0.3468518853187561,0.5996741652488708,1,0.0755717012216337,0.08108880370855331,0.09190471470355988,0.39732885360717773,0.4092857539653778,0.012151554226875305,0.1471034735441208,0,0.7351440787315369,1,0,1.1325161457061768,-0.046287547796964645,1.0232487916946411,1.5643932819366455,0.9339123964309692,0.8992426991462708,-0.07551625370979309,-0.453388512134552,0.39004215598106384,1.0318219661712646,1.0198534727096558,1.0180710554122925,https://wandb.ai/ememchijioke-university-of-klagenfurt/marl-uav-v0-7-compact-triangle-obstacle/runs/f23wgnom
2026-05-30T13:19:31.594059,1063,1,11609.176425875115,0,0,0,MOVE_TRIANGLE_OBSTACLE,1.0,0.06991514563560486,0.03992551192641258,0.05075538158416748,0.7401158213615417,0.8048945069313049,0.8374874591827393,0.058942925184965134,0.345928817987442,0.598142147064209,1,0.07633810921106488,0.08080849796533585,0.09156027436256409,0.37403056025505066,0.40335187315940857,0.014285924844443798,0.14422480762004852,0,0.7401158213615417,1,0,1.1285125017166138,-0.04559783264994621,1.023534893989563,1.5608832836151123,0.9245203137397766,0.9001340270042419,-0.07284155488014221,-0.4505416452884674,0.3865897059440613,1.0322778224945068,1.0197795629501343,1.0185476541519165,https://wandb.ai/ememchijioke-university-of-klagenfurt/marl-uav-v0-7-compact-triangle-obstacle/runs/f23wgnom
2026-05-30T13:19:37.415873,1064,1,11611.80067650033,0,0,0,MOVE_TRIANGLE_OBSTACLE,1.0,0.0709940493106842,0.04744861647486687,0.06002344687779745,0.7350087761878967,0.8072906136512756,0.8577885031700134,0.06949549168348312,0.34633779525756836,0.6010844111442566,1,0.07613801711704582,0.08580880612134933,0.0970592200756073,0.3942548334598541,0.3973614275455475,0.01594526879489422,0.09800487011671066,0,0.7350087761878967,1,0,1.1290172338485718,-0.047603171318769455,1.0238054990768433,1.5558803081512451,0.9300431609153748,0.9011280536651611,-0.07654076814651489,-0.4617845416069031,0.3955157995223999,1.0324037075042725,1.0200340747833252,1.018978476524353,https://wandb.ai/ememchijioke-university-of-klagenfurt/marl-uav-v0-7-compact-triangle-obstacle/runs/f23wgnom
2026-05-30T13:19:45.996366,1065,1,11556.964213864838,0,0,0,MOVE_TRIANGLE_OBSTACLE,1.0,0.06646186858415604,0.04663459584116936,0.056371589501698814,0.7453245520591736,0.806498646736145,0.857940673828125,0.06914281100034714,0.34425610303878784,0.6010217070579529,1,0.07730492483824492,0.08110879361629486,0.09410605579614639,0.3728771507740021,0.39188599586486816,0.016367748379707336,0.09209030121564865,0,0.7453245520591736,1,0,1.12631356716156,-0.0460650809109211,1.0236097574234009,1.5567439794540405,0.9187895655632019,0.9034070372581482,-0.07521834224462509,-0.46038904786109924,0.39741215109825134,1.0327553749084473,1.0198570489883423,1.0182169675827026,https://wandb.ai/ememchijioke-university-of-klagenfurt/marl-uav-v0-7-compact-triangle-obstacle/runs/f23wgnom
2026-05-30T13:19:53.020514,1066,1,11619.332526175544,0,0,0,MOVE_TRIANGLE_OBSTACLE,1.0,0.07234659045934677,0.050814270973205566,0.06385775407155354,0.7402182817459106,0.8150842189788818,0.8667073249816895,0.07517427951097488,0.3451075851917267,0.6055149435997009,1,0.07633282477036119,0.0886799767613411,0.10115645825862885,0.3827555477619171,0.40542057156562805,0.01116181444376707,0.11898383498191833,0,0.7402182817459106,1,0,1.1309980154037476,-0.05162699893116951,1.0233129262924194,1.5609750747680664,0.9296954870223999,0.9023234248161316,-0.08282992988824844,-0.46916237473487854,0.39711129665374756,1.0321571826934814,1.0196493864059448,1.0181320905685425,https://wandb.ai/ememchijioke-university-of-klagenfurt/marl-uav-v0-7-compact-triangle-obstacle/runs/f23wgnom
2026-05-30T13:20:00.243008,1067,1,11558.131445813411,0,0,0,MOVE_TRIANGLE_OBSTACLE,1.0,0.06643176823854446,0.04113525152206421,0.05195389191309611,0.7358294725418091,0.8001174330711365,0.8415737152099609,0.06009376421570778,0.34598127007484436,0.597765326499939,1,0.07660023309290409,0.07796815782785416,0.09068731218576431,0.39237090945243835,0.4032839834690094,0.017807165160775185,0.09603609889745712,0,0.7358294725418091,1,0,1.12663733959198,-0.04629826545715332,1.023638367652893,1.5545610189437866,0.9253207445144653,0.9000304341316223,-0.07254403084516525,-0.4537714719772339,0.3874207139015198,1.0327811241149902,1.019845724105835,1.0182883739471436,https://wandb.ai/ememchijioke-university-of-klagenfurt/marl-uav-v0-7-compact-triangle-obstacle/runs/f23wgnom
2026-05-30T13:20:07.900187,1068,1,11551.335299712271,0,0,0,MOVE_TRIANGLE_OBSTACLE,1.0,0.06655554473400116,0.04821927472949028,0.06121530135472616,0.7372339367866516,0.8151290416717529,0.8557507991790771,0.0714757889509201,0.3497331738471985,0.6019854545593262,1,0.07411661243531853,0.08266449719667435,0.09585782885551453,0.3845285475254059,0.3977789580821991,0.0147567018866539,0.10165590792894363,0,0.7372339367866516,1,0,1.1250807046890259,-0.045237887650728226,1.023261547088623,1.5560942888259888,0.9216098189353943,0.8975382447242737,-0.08021429926156998,-0.45545506477355957,0.39995571970939636,1.0315958261489868,1.0198602676391602,1.0183287858963013,https://wandb.ai/ememchijioke-university-of-klagenfurt/marl-uav-v0-7-compact-triangle-obstacle/runs/f23wgnom
2026-05-30T13:20:14.859930,1069,1,11552.707822342652,0,0,0,MOVE_TRIANGLE_OBSTACLE,1.0,0.07129236310720444,0.043047260493040085,0.05405783653259277,0.742145836353302,0.8056466579437256,0.8486726880073547,0.06357221305370331,0.34991079568862915,0.6029838919639587,1,0.0742625102866441,0.0832463726401329,0.09485344588756561,0.3816991150379181,0.39688965678215027,0.012593555264174938,0.15587228536605835,0,0.742145836353302,1,0,1.1236234903335571,-0.0509444959461689,1.0227590799331665,1.5547502040863037,0.9206938147544861,0.8954262733459473,-0.0767214298248291,-0.4622042179107666,0.3860921561717987,1.031165361404419,1.0186790227890015,1.0184332132339478,https://wandb.ai/ememchijioke-university-of-klagenfurt/marl-uav-v0-7-compact-triangle-obstacle/runs/f23wgnom
2026-05-30T13:20:21.878561,1070,1,11609.442882428508,0,0,0,MOVE_TRIANGLE_OBSTACLE,1.0,0.07109979540109634,0.043552666902542114,0.05679990847905477,0.729871928691864,0.8093745112419128,0.8408971428871155,0.06365460902452469,0.346619576215744,0.5998051166534424,1,0.07564703945536166,0.0834168791770935,0.09961061179637909,0.3982267677783966,0.4088367223739624,0.016421079635620117,0.09091148525476456,0,0.729871928691864,1,0,1.1293658018112183,-0.048384349793195724,1.0232244729995728,1.5585609674453735,0.9296785593032837,0.8998578190803528,-0.08169443160295486,-0.45191341638565063,0.388454794883728,1.0315881967544556,1.0190259218215942,1.019059181213379,https://wandb.ai/ememchijioke-university-of-klagenfurt/marl-uav-v0-7-compact-triangle-obstacle/runs/f23wgnom
2026-05-30T13:20:28.233582,1071,1,11619.419417048703,0,0,0,MOVE_TRIANGLE_OBSTACLE,1.0,0.07000720500946045,0.04382556676864624,0.057159423828125,0.733829140663147,0.8154104351997375,0.8398969769477844,0.06469890475273132,0.348288893699646,0.6005357503890991,1,0.0745633730548434,0.08298315852880478,0.0985354483127594,0.3985244035720825,0.40500301122665405,0.01784098707139492,0.07937448471784592,0,0.733829140663147,1,0,1.1292519569396973,-0.04625548794865608,1.0240010023117065,1.5624663829803467,0.9263806939125061,0.8989087343215942,-0.08227039873600006,-0.44797176122665405,0.3914756774902344,1.0323361158370972,1.01958167552948,1.020085096359253,https://wandb.ai/ememchijioke-university-of-klagenfurt/marl-uav-v0-7-compact-triangle-obstacle/runs/f23wgnom
2026-05-30T13:20:34.500369,1072,1,11616.455273852129,0,0,0,MOVE_TRIANGLE_OBSTACLE,1.0,0.06848054379224777,0.04261946678161621,0.056075870990753174,0.7252120971679688,0.805610179901123,0.8378295302391052,0.06135305389761925,0.3461548089981079,0.5973270535469055,1,0.07608105009421706,0.08069253712892532,0.09656121581792831,0.37726637721061707,0.38916435837745667,0.012544501572847366,0.0871291533112526,0,0.7252120971679688,1,0,1.1317739486694336,-0.046559423208236694,1.0237876176834106,1.5584595203399658,0.9357942342758179,0.9010683298110962,-0.07787744700908661,-0.4494548439979553,0.38765403628349304,1.0316078662872314,1.0193285942077637,1.0204263925552368,https://wandb.ai/ememchijioke-university-of-klagenfurt/marl-uav-v0-7-compact-triangle-obstacle/runs/f23wgnom
2026-05-30T13:20:40.903462,1073,1,11544.500649222247,0,0,0,MOVE_TRIANGLE_OBSTACLE,1.0,0.0669439435005188,0.040128570050001144,0.05056814352671305,0.7400908470153809,0.8011938333511353,0.8406014442443848,0.0591857023537159,0.3486628234386444,0.5981584787368774,1,0.07527500041760504,0.07820701599121094,0.0885019525885582,0.3911501467227936,0.3926079273223877,0.008418764919042587,0.1754850596189499,0,0.7400908470153809,1,0,1.124509334564209,-0.045311469584703445,1.0231714248657227,1.5547916889190674,0.9208710193634033,0.8978651762008667,-0.07089829444885254,-0.45266109704971313,0.38762497901916504,1.030644178390503,1.0189740657806396,1.0198960304260254,https://wandb.ai/ememchijioke-university-of-klagenfurt/marl-uav-v0-7-compact-triangle-obstacle/runs/f23wgnom
2026-05-30T13:20:48.533633,1074,1,11623.109027730856,0,0,0,MOVE_TRIANGLE_OBSTACLE,1.0,0.07049888372421265,0.04119160398840904,0.05126812060674032,0.7415658235549927,0.800902783870697,0.8444674015045166,0.060528915375471115,0.3431031107902527,0.5991470217704773,1,0.07791366416495293,0.08164844661951065,0.09186741709709167,0.3769524097442627,0.4116990864276886,0.007829109206795692,0.1340150088071823,0,0.7415658235549927,1,0,1.1304481029510498,-0.04842209815979004,1.0234607458114624,1.5603712797164917,0.9269089698791504,0.904063880443573,-0.07294388115406036,-0.45823970437049866,0.3859173059463501,1.0321996212005615,1.0183253288269043,1.0198572874069214,https://wandb.ai/ememchijioke-university-of-klagenfurt/marl-uav-v0-7-compact-triangle-obstacle/runs/f23wgnom
2026-05-30T13:20:55.432802,1075,1,11611.241946066235,0,0,0,MOVE_TRIANGLE_OBSTACLE,1.0,0.06595337390899658,0.04045231267809868,0.05129694938659668,0.7424802780151367,0.8101165890693665,0.8362545371055603,0.059785451740026474,0.34705400466918945,0.5968072414398193,1,0.0756337852217257,0.07805181294679642,0.08783933520317078,0.38458406925201416,0.388517290353775,0.022508962079882622,0.07437673956155777,0,0.7424802780151367,1,0,1.129806399345398,-0.040576547384262085,1.0238648653030396,1.5653107166290283,0.9234334230422974,0.9006751179695129,-0.0706157460808754,-0.44352805614471436,0.3924141824245453,1.0327647924423218,1.018383264541626,1.02044677734375,https://wandb.ai/ememchijioke-university-of-klagenfurt/marl-uav-v0-7-compact-triangle-obstacle/runs/f23wgnom
2026-05-30T13:21:02.485273,1076,1,11561.36270622286,0,0,0,MOVE_TRIANGLE_OBSTACLE,1.0,0.06753158569335938,0.04420857131481171,0.05607149998346964,0.7376770377159119,0.8098061084747314,0.8460854291915894,0.0652163103222847,0.3491283357143402,0.6011821031570435,1,0.07443542662076652,0.08077558130025864,0.09486476331949234,0.40493127703666687,0.4142839312553406,0.007057605776935816,0.12065210193395615,0,0.7376770377159119,1,0,1.1258095502853394,-0.046958547085523605,1.02398681640625,1.557092547416687,0.9217137098312378,0.8986225724220276,-0.07920276373624802,-0.45371925830841064,0.39204639196395874,1.0324472188949585,1.018357276916504,1.021155834197998,https://wandb.ai/ememchijioke-university-of-klagenfurt/marl-uav-v0-7-compact-triangle-obstacle/runs/f23wgnom
2026-05-30T13:21:09.284020,1077,1,11548.755794408495,0,0,0,MOVE_TRIANGLE_OBSTACLE,1.0,0.06829441338777542,0.04430146887898445,0.057296295960744224,0.7224166393280029,0.8052026629447937,0.8391028642654419,0.06376605480909348,0.34471312165260315,0.599133312702179,1,0.0766566923703067,0.08030170947313309,0.10328655689954758,0.3856746256351471,0.3925667107105255,0.014573006890714169,0.1072561964392662,0,0.7224166393280029,1,0,1.1279898881912231,-0.050174057483673096,1.0233639478683472,1.5527033805847168,0.9288653135299683,0.9024009704589844,-0.08705504238605499,-0.45107531547546387,0.3876081705093384,1.0322140455245972,1.0180319547653198,1.019845724105835,https://wandb.ai/ememchijioke-university-of-klagenfurt/marl-uav-v0-7-compact-triangle-obstacle/runs/f23wgnom
2026-05-30T13:21:16.354664,1078,1,11607.883946536957,0,0,0,MOVE_TRIANGLE_OBSTACLE,1.0,0.06774880737066269,0.040969472378492355,0.051963746547698975,0.738047182559967,0.8085869550704956,0.8353514671325684,0.0604824498295784,0.3439001142978668,0.5971999764442444,1,0.07715504599036649,0.07937061041593552,0.09417832642793655,0.39277586340904236,0.4351685643196106,0.015297826379537582,0.11280015856027603,0,0.738047182559967,1,0,1.129897117614746,-0.04372723028063774,1.023501992225647,1.5630273818969727,0.9230808615684509,0.9035831093788147,-0.07717558741569519,-0.44456446170806885,0.3905583918094635,1.032662272453308,1.0182582139968872,1.0195857286453247,https://wandb.ai/ememchijioke-university-of-klagenfurt/marl-uav-v0-7-compact-triangle-obstacle/runs/f23wgnom
2026-05-30T13:21:23.958651,1079,1,11549.14426153861,0,0,0,MOVE_TRIANGLE_OBSTACLE,1.0,0.06901402026414871,0.04660401865839958,0.058529158433278404,0.7352673411369324,0.8093148469924927,0.8515399694442749,0.06853024661540985,0.34757304191589355,0.601837694644928,1,0.07525858655571938,0.08302894234657288,0.0993131473660469,0.3830830156803131,0.40348097681999207,0.012968168593943119,0.10596797615289688,0,0.7352673411369324,1,0,1.1246682405471802,-0.04829925298690796,1.023504614830017,1.5534696578979492,0.920992910861969,0.8995420336723328,-0.08228849619626999,-0.45693930983543396,0.3943300247192383,1.0332978963851929,1.0181983709335327,1.0190173387527466,https://wandb.ai/ememchijioke-university-of-klagenfurt/marl-uav-v0-7-compact-triangle-obstacle/runs/f23wgnom
2026-05-30T13:21:31.324541,1080,1,11613.011618709843,0,0,0,MOVE_TRIANGLE_OBSTACLE,1.0,0.06876195967197418,0.045933499932289124,0.06019367774327596,0.7268981337547302,0.8149402737617493,0.8425388932228088,0.06701187789440155,0.3443819582462311,0.6002499461174011,1,0.07652073178905994,0.08256740123033524,0.10236447304487228,0.39558038115501404,0.4124597907066345,0.01465179305523634,0.07336769253015518,0,0.7268981337547302,1,0,1.1330939531326294,-0.048227936029434204,1.0236924886703491,1.5626991987228394,0.9332512617111206,0.9033312797546387,-0.08671677112579346,-0.44998669624328613,0.392019659280777,1.0329197645187378,1.0183902978897095,1.0197672843933105,https://wandb.ai/ememchijioke-university-of-klagenfurt/marl-uav-v0-7-compact-triangle-obstacle/runs/f23wgnom
2026-05-30T13:21:38.866250,1081,1,11609.279362454163,0,0,0,MOVE_TRIANGLE_OBSTACLE,1.0,0.07262690365314484,0.047243136912584305,0.060688138008117676,0.7327433228492737,0.8124562501907349,0.8523514866828918,0.06937061250209808,0.3449338376522064,0.6034397482872009,1,0.07631982682505623,0.0864737406373024,0.10263603180646896,0.38839927315711975,0.3968665599822998,0.021963363513350487,0.10479483753442764,0,0.7327433228492737,1,0,1.1313287019729614,-0.05202891305088997,1.0239191055297852,1.560341477394104,0.931037962436676,0.9026066660881042,-0.08591470122337341,-0.4610244333744049,0.3908523917198181,1.0326818227767944,1.0191706418991089,1.0199047327041626,https://wandb.ai/ememchijioke-university-of-klagenfurt/marl-uav-v0-7-compact-triangle-obstacle/runs/f23wgnom
2026-05-30T13:21:45.786832,1082,1,11551.741291025843,0,0,0,MOVE_TRIANGLE_OBSTACLE,1.0,0.06787377595901489,0.04450333118438721,0.05590818325678507,0.7386277318000793,0.8137556314468384,0.8425966501235962,0.06593834608793259,0.34714776277542114,0.6014600396156311,1,0.07520549418404698,0.08101644366979599,0.09896910190582275,0.3830988109111786,0.40829160809516907,0.014423598535358906,0.10356390476226807,0,0.7386277318000793,1,0,1.1250956058502197,-0.04706970974802971,1.0234626531600952,1.5586904287338257,0.9165821075439453,0.9000141024589539,-0.08470114320516586,-0.44947052001953125,0.3929625153541565,1.032792568206787,1.0182607173919678,1.0193346738815308,https://wandb.ai/ememchijioke-university-of-klagenfurt/marl-uav-v0-7-compact-triangle-obstacle/runs/f23wgnom
2026-05-30T13:21:52.102024,1083,1,11549.322582063096,0,0,0,MOVE_TRIANGLE_OBSTACLE,1.0,0.06731712818145752,0.03986337408423424,0.0506587823232015,0.7307468056678772,0.8010486364364624,0.8316745162010193,0.05818944424390793,0.34303638339042664,0.5972139239311218,1,0.07773590018041432,0.07729170471429825,0.09765636920928955,0.37930023670196533,0.41390568017959595,0.011043660342693329,0.07392383366823196,0,0.7307468056678772,1,0,1.1271600723266602,-0.04813418909907341,1.0233834981918335,1.5551886558532715,0.9226801991462708,0.9036115407943726,-0.08150101453065872,-0.4471784234046936,0.3842768669128418,1.0325812101364136,1.0182974338531494,1.019271731376648,https://wandb.ai/ememchijioke-university-of-klagenfurt/marl-uav-v0-7-compact-triangle-obstacle/runs/f23wgnom
2026-05-30T13:21:58.579401,1084,1,11612.796744048414,0,0,0,MOVE_TRIANGLE_OBSTACLE,1.0,0.07066850364208221,0.04197138175368309,0.051964004834493004,0.7446874380111694,0.8103216290473938,0.8402578234672546,0.06223173066973686,0.34277841448783875,0.6008754372596741,1,0.07754535239655524,0.08208134770393372,0.09583418071269989,0.402254581451416,0.42265206575393677,0.01828097179532051,0.14312483370304108,0,0.7446874380111694,1,0,1.1302286386489868,-0.048270195722579956,1.0238536596298218,1.5656423568725586,0.920531690120697,0.9045117497444153,-0.08046740293502808,-0.45222410559654236,0.3878808915615082,1.0328699350357056,1.0191363096237183,1.019554615020752,https://wandb.ai/ememchijioke-university-of-klagenfurt/marl-uav-v0-7-compact-triangle-obstacle/runs/f23wgnom
2026-05-30T13:22:06.135369,1085,1,11489.630308632482,0,0,0,MOVE_TRIANGLE_OBSTACLE,1.0,0.07051849365234375,0.04176102951169014,0.05145909388860067,0.7318236827850342,0.7948939204216003,0.8413070440292358,0.060613248497247696,0.3493318259716034,0.6002389788627625,1,0.07495007128454745,0.08062552660703659,0.09930136799812317,0.3702668249607086,0.38506320118904114,0.016472674906253815,0.1124664917588234,0,0.7318236827850342,1,0,1.1174306869506836,-0.05090807005763054,1.023855447769165,1.5415124893188477,0.9142531752586365,0.8965263366699219,-0.08013663440942764,-0.45685380697250366,0.3842662572860718,1.032982587814331,1.0189894437789917,1.019594430923462,https://wandb.ai/ememchijioke-university-of-klagenfurt/marl-uav-v0-7-compact-triangle-obstacle/runs/f23wgnom
2026-05-30T13:22:12.781032,1086,1,11615.457246015021,0,0,0,MOVE_TRIANGLE_OBSTACLE,1.0,0.07536438852548599,0.042176712304353714,0.05481557051340739,0.7316902875900269,0.8113487362861633,0.8347882628440857,0.061908408999443054,0.3444134593009949,0.6030873656272888,1,0.07638514952850528,0.08572439104318619,0.10640149563550949,0.38258886337280273,0.3933795988559723,0.007213629316538572,0.09942140430212021,0,0.7316902875900269,1,0,1.1300665140151978,-0.05485261604189873,1.0236872434616089,1.5618454217910767,0.9266895651817322,0.9016648530960083,-0.09101369976997375,-0.4539784789085388,0.3804343640804291,1.0329869985580444,1.018692135810852,1.0193827152252197,https://wandb.ai/ememchijioke-university-of-klagenfurt/marl-uav-v0-7-compact-triangle-obstacle/runs/f23wgnom
2026-05-30T13:22:19.258445,1087,1,11623.829584951844,0,0,0,MOVE_TRIANGLE_OBSTACLE,1.0,0.07790017873048782,0.040629658848047256,0.05318464835484823,0.7280866503715515,0.8080799579620361,0.8295606374740601,0.05925454944372177,0.3448217809200287,0.6030672192573547,1,0.07617257293895818,0.08694318681955338,0.10955724120140076,0.38878631591796875,0.4058248698711395,0.01640014350414276,0.07807037979364395,0,0.7280866503715515,1,0,1.1285663843154907,-0.05710257217288017,1.0236172676086426,1.5587470531463623,0.9261417388916016,0.9008102416992188,-0.0933665782213211,-0.4535573422908783,0.3756162226200104,1.0324440002441406,1.0189045667648315,1.0195032358169556,https://wandb.ai/ememchijioke-university-of-klagenfurt/marl-uav-v0-7-compact-triangle-obstacle/runs/f23wgnom
2026-05-30T13:22:26.596419,1088,1,11555.759634655615,0,0,0,MOVE_TRIANGLE_OBSTACLE,1.0,0.07229771465063095,0.0412118062376976,0.05396163463592529,0.7232602834701538,0.8071833848953247,0.827961802482605,0.05972710996866226,0.34521549940109253,0.6010079979896545,1,0.07606027700239792,0.08178924024105072,0.10835053026676178,0.3725040853023529,0.38840484619140625,0.02304217405617237,0.1174769401550293,0,0.7232602834701538,1,0,1.1263726949691772,-0.054310042411088943,1.023335337638855,1.5544167757034302,0.9240760803222656,0.9006252288818359,-0.09391845017671585,-0.4483204782009125,0.379308819770813,1.0319321155548096,1.0186941623687744,1.0193796157836914,https://wandb.ai/ememchijioke-university-of-klagenfurt/marl-uav-v0-7-compact-triangle-obstacle/runs/f23wgnom
2026-05-30T13:22:34.509611,1089,1,11483.842578278613,0,0,0,MOVE_TRIANGLE_OBSTACLE,1.0,0.07318538427352905,0.04157134145498276,0.05023864905039469,0.7407444715499878,0.8007654547691345,0.8406949639320374,0.06141049414873123,0.346260666847229,0.6041294932365417,1,0.07591921114362776,0.08216605335474014,0.10200833529233932,0.3926039934158325,0.393877238035202,0.013764233328402042,0.1293349415063858,0,0.7407444715499878,1,0,1.1189824342727661,-0.056124139577150345,1.0228854417800903,1.5488897562026978,0.9091834425926208,0.8988741040229797,-0.08754400908946991,-0.46073001623153687,0.37990161776542664,1.0324299335479736,1.0179246664047241,1.0183018445968628,https://wandb.ai/ememchijioke-university-of-klagenfurt/marl-uav-v0-7-compact-triangle-obstacle/runs/f23wgnom
2026-05-30T13:22:41.185392,1090,1,11623.171969453859,0,0,0,MOVE_TRIANGLE_OBSTACLE,1.0,0.07605746388435364,0.04376968741416931,0.05792945623397827,0.7217180728912354,0.8121983408927917,0.8333081007003784,0.06301834434270859,0.34263551235198975,0.6036575436592102,1,0.07717990700621158,0.08642327785491943,0.11239001899957657,0.39177098870277405,0.4069035053253174,0.024076396599411964,0.14896836876869202,0,0.7217180728912354,1,0,1.1334328651428223,-0.058373551815748215,1.0237759351730347,1.561846137046814,0.9348434805870056,0.9036090970039368,-0.09787413477897644,-0.4549840986728668,0.3777375817298889,1.033205270767212,1.0184695720672607,1.0196529626846313,https://wandb.ai/ememchijioke-university-of-klagenfurt/marl-uav-v0-7-compact-triangle-obstacle/runs/f23wgnom
2026-05-30T13:22:47.982353,1091,1,11491.374759680626,0,0,0,MOVE_TRIANGLE_OBSTACLE,1.0,0.06877972930669785,0.03760356828570366,0.04840129613876343,0.7361047267913818,0.8061347007751465,0.8251739144325256,0.05527070537209511,0.3497937321662903,0.6018152832984924,1,0.07383003132417798,0.07740619778633118,0.09733299911022186,0.37799525260925293,0.398183673620224,0.01681637018918991,0.07091400027275085,0,0.7361047267913818,1,0,1.1226242780685425,-0.0525222010910511,1.0239818096160889,1.556243658065796,0.9165223240852356,0.8951067924499512,-0.08491341024637222,-0.448774516582489,0.3761213421821594,1.0335252285003662,1.0189697742462158,1.0194504261016846,https://wandb.ai/ememchijioke-university-of-klagenfurt/marl-uav-v0-7-compact-triangle-obstacle/runs/f23wgnom
2026-05-30T13:22:54.640681,1092,1,11555.567624224503,0,0,0,MOVE_TRIANGLE_OBSTACLE,1.0,0.0774395763874054,0.04336385056376457,0.05523840586344401,0.7243648767471313,0.8008528351783752,0.8392272591590881,0.06250657141208649,0.34656888246536255,0.6034944653511047,1,0.0756070381612517,0.0870145931839943,0.111064113676548,0.39702144265174866,0.4090503752231598,0.011420287191867828,0.12196921557188034,0,0.7243648767471313,1,0,1.12248694896698,-0.05798658728599548,1.023727536201477,1.5462647676467896,0.9221983551979065,0.8989974856376648,-0.09262485057115555,-0.46012064814567566,0.37878575921058655,1.0328532457351685,1.0189812183380127,1.0193482637405396,https://wandb.ai/ememchijioke-university-of-klagenfurt/marl-uav-v0-7-compact-triangle-obstacle/runs/f23wgnom
2026-05-30T13:23:01.670244,1093,1,11606.552500149872,0,0,0,MOVE_TRIANGLE_OBSTACLE,1.0,0.07564692944288254,0.046089280396699905,0.06175494194030762,0.7139951586723328,0.8148976564407349,0.8343623280525208,0.065247543156147,0.34658414125442505,0.6031286120414734,1,0.07507935809553601,0.08742471784353256,0.11437384784221649,0.38473689556121826,0.400418758392334,0.01541371364146471,0.17979486286640167,0,0.7139951586723328,1,0,1.1315616369247437,-0.05649770423769951,1.0235730409622192,1.5577759742736816,0.9376524090766907,0.8992563486099243,-0.09856364130973816,-0.4522038996219635,0.38127443194389343,1.0322647094726562,1.0190564393997192,1.0193980932235718,https://wandb.ai/ememchijioke-university-of-klagenfurt/marl-uav-v0-7-compact-triangle-obstacle/runs/f23wgnom
2026-05-30T13:23:08.627343,1094,1,11544.791251948804,0,0,0,MOVE_TRIANGLE_OBSTACLE,1.0,0.07602386176586151,0.046112820506095886,0.05985442797342936,0.7321937680244446,0.8179192543029785,0.8438377976417542,0.0681370422244072,0.3449140191078186,0.6086018085479736,1,0.07586079982866067,0.08729247003793716,0.11194401979446411,0.40148961544036865,0.40726903080940247,0.023321254178881645,0.09599576145410538,0,0.7321937680244446,1,0,1.1295065879821777,-0.06134233996272087,1.023129940032959,1.5619707107543945,0.9256936311721802,0.900855541229248,-0.10112563520669937,-0.46318674087524414,0.380285382270813,1.0317325592041016,1.0186570882797241,1.0190001726150513,https://wandb.ai/ememchijioke-university-of-klagenfurt/marl-uav-v0-7-compact-triangle-obstacle/runs/f23wgnom
2026-05-30T13:23:15.949456,1095,1,11618.985356541025,0,0,0,MOVE_TRIANGLE_OBSTACLE,1.0,0.08000308275222778,0.04163767769932747,0.055390119552612305,0.7305623888969421,0.8186745643615723,0.8280581831932068,0.06103496253490448,0.34980130195617676,0.6072132587432861,1,0.07321058999514207,0.08976983278989792,0.1118636280298233,0.39076700806617737,0.3953222632408142,0.01678275875747204,0.12922634184360504,0,0.7305623888969421,1,0,1.128316879272461,-0.05960230901837349,1.0239659547805786,1.5639586448669434,0.9261239767074585,0.894868016242981,-0.09814052283763885,-0.4540672302246094,0.37340083718299866,1.0333828926086426,1.0190811157226562,1.0194337368011475,https://wandb.ai/ememchijioke-university-of-klagenfurt/marl-uav-v0-7-compact-triangle-obstacle/runs/f23wgnom
2026-05-30T13:23:22.961972,1096,1,11614.125280789292,0,0,0,MOVE_TRIANGLE_OBSTACLE,1.0,0.07776831835508347,0.04474940896034241,0.05690451463063558,0.7382906675338745,0.8112486600875854,0.8477555513381958,0.06595166027545929,0.34465938806533813,0.6067659854888916,1,0.07626878432347439,0.08902611583471298,0.10522942990064621,0.38535964488983154,0.39416491985321045,0.016430987045168877,0.056630995124578476,0,0.7382906675338745,1,0,1.1305984258651733,-0.05829024314880371,1.0242661237716675,1.5623979568481445,0.9275899529457092,0.9018074870109558,-0.08963461220264435,-0.46629950404167175,0.38106340169906616,1.0337300300598145,1.0190497636795044,1.0200186967849731,https://wandb.ai/ememchijioke-university-of-klagenfurt/marl-uav-v0-7-compact-triangle-obstacle/runs/f23wgnom
2026-05-30T13:23:30.631407,1097,1,11545.285755703788,0,0,0,MOVE_TRIANGLE_OBSTACLE,1.0,0.0700516402721405,0.04427334666252136,0.05777104695638021,0.7312765121459961,0.8172138333320618,0.837375819683075,0.06524518132209778,0.3469040095806122,0.6036937832832336,1,0.07497108657844365,0.0821971520781517,0.10500495880842209,0.39580467343330383,0.40936967730522156,0.01584685780107975,0.11904128640890121,0,0.7312765121459961,1,0,1.1284123659133911,-0.052628517150878906,1.0238806009292603,1.5615864992141724,0.9242903590202332,0.8993602395057678,-0.09272435307502747,-0.45108288526535034,0.3859217166900635,1.033200740814209,1.0191253423690796,1.019315481185913,https://wandb.ai/ememchijioke-university-of-klagenfurt/marl-uav-v0-7-compact-triangle-obstacle/runs/f23wgnom
2026-05-30T13:23:38.141822,1098,1,11494.136543293222,0,0,0,MOVE_TRIANGLE_OBSTACLE,1.0,0.07751607149839401,0.041741207242012024,0.05121841033299764,0.7420752048492432,0.8038484454154968,0.8418819904327393,0.0615345798432827,0.34820929169654846,0.6088328957557678,1,0.07449893408920616,0.08582577109336853,0.10528089851140976,0.3987254798412323,0.41359156370162964,0.007779479026794434,0.10992709547281265,0,0.7420752048492432,1,0,1.121164321899414,-0.06260497123003006,1.0241070985794067,1.5527045726776123,0.9129884243011475,0.8977998495101929,-0.09267590939998627,-0.4684378504753113,0.37329885363578796,1.0332310199737549,1.0176787376403809,1.0214115381240845,https://wandb.ai/ememchijioke-university-of-klagenfurt/marl-uav-v0-7-compact-triangle-obstacle/runs/f23wgnom
2026-05-30T13:23:45.494377,1099,1,11546.203125982498,0,0,0,MOVE_TRIANGLE_OBSTACLE,1.0,0.07514707744121552,0.04305342957377434,0.05442963043848673,0.714011013507843,0.7948532104492188,0.8324466943740845,0.06033723056316376,0.34365135431289673,0.5989694595336914,1,0.07737137249205261,0.08418572694063187,0.1137189045548439,0.3979546129703522,0.40485578775405884,0.02120201289653778,0.14371074736118317,0,0.714011013507843,1,0,1.1227670907974243,-0.05518435314297676,1.0235742330551147,1.541313886642456,0.9245508909225464,0.9024364948272705,-0.09293165057897568,-0.4523869752883911,0.3797655403614044,1.0328994989395142,1.0185120105743408,1.0193109512329102,https://wandb.ai/ememchijioke-university-of-klagenfurt/marl-uav-v0-7-compact-triangle-obstacle/runs/f23wgnom
2026-05-30T13:23:53.423954,1100,1,11496.684157051466,0,0,0,MOVE_TRIANGLE_OBSTACLE,1.0,0.07396700233221054,0.04604232311248779,0.056348284085591636,0.7290517091751099,0.8007873296737671,0.8473092317581177,0.06744526326656342,0.34846097230911255,0.603554904460907,1,0.07488098810426891,0.08514934778213501,0.10976225882768631,0.3912428915500641,0.3980119228363037,0.020490696653723717,0.1503961831331253,0,0.7290517091751099,1,0,1.1157455444335938,-0.05441818758845329,1.0234802961349487,1.5392671823501587,0.9098021984100342,0.898167073726654,-0.0917988196015358,-0.45934155583381653,0.38788580894470215,1.0323561429977417,1.0181242227554321,1.0199605226516724,https://wandb.ai/ememchijioke-university-of-klagenfurt/marl-uav-v0-7-compact-triangle-obstacle/runs/f23wgnom
2026-05-30T13:24:00.537546,1101,1,11564.507511605418,0,0,0,MOVE_TRIANGLE_OBSTACLE,1.0,0.07617529481649399,0.04534865543246269,0.05801914135615031,0.7331275343894958,0.8129539489746094,0.8442310094833374,0.06677607446908951,0.3496968746185303,0.6064085960388184,1,0.07364669849630445,0.08776426315307617,0.10885244607925415,0.41019877791404724,0.42358583211898804,0.020777540281414986,0.10058627277612686,0,0.7331275343894958,1,0,1.1223734617233276,-0.05620541051030159,1.0237030982971191,1.553227186203003,0.9183186292648315,0.8955745697021484,-0.0933389663696289,-0.45960092544555664,0.3843236565589905,1.0336464643478394,1.0188363790512085,1.0186265707015991,https://wandb.ai/ememchijioke-university-of-klagenfurt/marl-uav-v0-7-compact-triangle-obstacle/runs/f23wgnom
2026-05-30T13:24:07.443015,1102,1,11558.742249740737,0,0,0,MOVE_TRIANGLE_OBSTACLE,1.0,0.07281658798456192,0.04255121946334839,0.05370372533798218,0.7330943942070007,0.8011223673820496,0.8430832028388977,0.06206837669014931,0.3488161563873291,0.6011767387390137,1,0.07489671255461872,0.08375924080610275,0.09990274161100388,0.39625146985054016,0.4101725220680237,0.015000310726463795,0.1278572976589203,0,0.7330943942070007,1,0,1.1217623949050903,-0.051158707588911057,1.023390531539917,1.5485303401947021,0.9202051162719727,0.8965516090393066,-0.0804542675614357,-0.4578864276409149,0.38486456871032715,1.0325640439987183,1.0191551446914673,1.0184524059295654,https://wandb.ai/ememchijioke-university-of-klagenfurt/marl-uav-v0-7-compact-triangle-obstacle/runs/f23wgnom
2026-05-30T13:24:15.134506,1103,1,11550.245085777728,0,0,0,MOVE_TRIANGLE_OBSTACLE,1.0,0.07424995303153992,0.046210575848817825,0.05852764844894409,0.7360444068908691,0.8103912472724915,0.85123610496521,0.06790284067392349,0.34568384289741516,0.6066350936889648,1,0.07582600525347516,0.08626449853181839,0.10426389425992966,0.4057192802429199,0.41263139247894287,0.015616792254149914,0.04793957993388176,0,0.7360444068908691,1,0,1.1278132200241089,-0.05770048499107361,1.0238479375839233,1.5575588941574097,0.9256261587142944,0.9002543687820435,-0.08992782235145569,-0.4670157730579376,0.3838421404361725,1.0338889360427856,1.0188218355178833,1.0188329219818115,https://wandb.ai/ememchijioke-university-of-klagenfurt/marl-uav-v0-7-compact-triangle-obstacle/runs/f23wgnom
2026-05-30T13:24:22.165413,1104,1,11551.444831443503,0,0,0,MOVE_TRIANGLE_OBSTACLE,1.0,0.07260337471961975,0.046036750078201294,0.05994482835133871,0.7314751148223877,0.819480836391449,0.8418287634849548,0.06783363968133926,0.3457614481449127,0.6064659953117371,1,0.07544427305401769,0.08484724909067154,0.10906419157981873,0.380248099565506,0.40820372104644775,0.0101391626521945,0.12984266877174377,0,0.7314751148223877,1,0,1.1295008659362793,-0.05697377398610115,1.0233033895492554,1.562671422958374,0.9258988499641418,0.899932324886322,-0.0976790115237236,-0.4573352336883545,0.38409292697906494,1.0332520008087158,1.0182892084121704,1.0183687210083008,https://wandb.ai/ememchijioke-university-of-klagenfurt/marl-uav-v0-7-compact-triangle-obstacle/runs/f23wgnom
2026-05-30T13:24:30.104865,1105,1,11553.874663162747,0,0,0,MOVE_TRIANGLE_OBSTACLE,1.0,0.07104016840457916,0.04510144516825676,0.05609909693400065,0.734122097492218,0.8054965138435364,0.8469228744506836,0.06635259836912155,0.3434847891330719,0.6019110679626465,1,0.07731397642055526,0.08301149308681488,0.10298795998096466,0.38158854842185974,0.3950517177581787,0.01986190304160118,0.12189602851867676,0,0.734122097492218,1,0,1.1255497932434082,-0.051631588488817215,1.0240594148635864,1.553274154663086,0.9202036261558533,0.9031715393066406,-0.08627154678106308,-0.4576869010925293,0.38906365633010864,1.0341076850891113,1.019700050354004,1.0183706283569336,https://wandb.ai/ememchijioke-university-of-klagenfurt/marl-uav-v0-7-compact-triangle-obstacle/runs/f23wgnom
2026-05-30T13:24:40.883173,1106,1,11549.44213034447,0,0,0,MOVE_TRIANGLE_OBSTACLE,1.0,0.0669991746544838,0.0465402789413929,0.05968401829401652,0.7374426126480103,0.8202509880065918,0.846243679523468,0.06908871978521347,0.34878984093666077,0.6029189229011536,1,0.07417250511934981,0.08178360015153885,0.09910663217306137,0.38229307532310486,0.39835020899772644,0.018979353830218315,0.13053953647613525,0,0.7374426126480103,1,0,1.126479983329773,-0.04729212448000908,1.0229874849319458,1.561437726020813,0.9205438494682312,0.8974582552909851,-0.08623430877923965,-0.450784832239151,0.3951427638530731,1.0323877334594727,1.018989086151123,1.0175856351852417,https://wandb.ai/ememchijioke-university-of-klagenfurt/marl-uav-v0-7-compact-triangle-obstacle/runs/f23wgnom
2026-05-30T13:24:49.118193,1107,1,11556.544367047944,0,0,0,MOVE_TRIANGLE_OBSTACLE,1.0,0.07350798696279526,0.045810598880052567,0.05813026428222656,0.735437273979187,0.8117697238922119,0.8480583429336548,0.06762402504682541,0.34593039751052856,0.6053817272186279,1,0.0757209081784822,0.08560028672218323,0.10492583364248276,0.3831174075603485,0.4101182520389557,0.011347933672368526,0.11381938308477402,0,0.735437273979187,1,0,1.1257423162460327,-0.0555461049079895,1.023072361946106,1.55632483959198,0.9217519164085388,0.8991503119468689,-0.09047655016183853,-0.46195781230926514,0.38579607009887695,1.0329636335372925,1.0192923545837402,1.016960859298706,https://wandb.ai/ememchijioke-university-of-klagenfurt/marl-uav-v0-7-compact-triangle-obstacle/runs/f23wgnom
2026-05-30T13:24:57.384039,1108,1,11555.526848935668,0,0,0,MOVE_TRIANGLE_OBSTACLE,1.0,0.0733276978135109,0.046267230063676834,0.05886312325795492,0.7381733655929565,0.8145893216133118,0.8501734137535095,0.06867564469575882,0.3486223518848419,0.6062636375427246,1,0.07429164653876796,0.08616188913583755,0.10302591323852539,0.39218053221702576,0.39638060331344604,0.012614671140909195,0.138870969414711,0,0.7381733655929565,1,0,1.124865174293518,-0.05437855049967766,1.0236495733261108,1.5572589635849,0.9203634858131409,0.8969728350639343,-0.08899307996034622,-0.46199530363082886,0.3878527283668518,1.0321673154830933,1.020616888999939,1.0181642770767212,https://wandb.ai/ememchijioke-university-of-klagenfurt/marl-uav-v0-7-compact-triangle-obstacle/runs/f23wgnom
2026-05-30T13:25:07.800233,1109,1,11489.908174474574,0,0,0,MOVE_TRIANGLE_OBSTACLE,1.0,0.0704740434885025,0.049034565687179565,0.05858975648880005,0.7497937679290771,0.8149161338806152,0.8606469035148621,0.07301479578018188,0.34985703229904175,0.6078396439552307,1,0.07384292129427195,0.08501037955284119,0.10021807253360748,0.39563003182411194,0.41582900285720825,0.02135804295539856,0.060702014714479446,0,0.7497937679290771,1,0,1.1189135313034058,-0.05218386650085449,1.023565649986267,1.5536022186279297,0.9067285060882568,0.8964098691940308,-0.08641494065523148,-0.465359091758728,0.39522242546081543,1.0324527025222778,1.020351767539978,1.0178924798965454,https://wandb.ai/ememchijioke-university-of-klagenfurt/marl-uav-v0-7-compact-triangle-obstacle/runs/f23wgnom
2026-05-30T13:25:16.500871,1110,1,11496.657264552738,0,0,0,MOVE_TRIANGLE_OBSTACLE,1.0,0.0703272745013237,0.04702836275100708,0.05900390942891439,0.7315192818641663,0.8077247738838196,0.8508062362670898,0.06911323219537735,0.34877023100852966,0.6039737462997437,1,0.07457144220825285,0.08330827951431274,0.10430660843849182,0.37750887870788574,0.38808673620224,0.02323927916586399,0.14917296171188354,0,0.7315192818641663,1,0,1.1197036504745483,-0.05254797264933586,1.0236821174621582,1.5464011430740356,0.9162622690200806,0.8964476585388184,-0.08853407949209213,-0.4598388969898224,0.39072906970977783,1.033774733543396,1.0204250812530518,1.0168465375900269,https://wandb.ai/ememchijioke-university-of-klagenfurt/marl-uav-v0-7-compact-triangle-obstacle/runs/f23wgnom
2026-05-30T13:25:23.163395,1111,1,11553.365228784769,0,0,0,MOVE_TRIANGLE_OBSTACLE,1.0,0.07312031090259552,0.04661731794476509,0.05804550647735596,0.7407177686691284,0.8109449148178101,0.8539093732833862,0.06901946663856506,0.3449375033378601,0.6060711741447449,1,0.07632870541419834,0.0857156291604042,0.10187146812677383,0.37299633026123047,0.382774293422699,0.01005462370812893,0.11145976930856705,0,0.7407177686691284,1,0,1.1265676021575928,-0.0553138442337513,1.0238810777664185,1.5577623844146729,0.9214972853660583,0.9004431366920471,-0.08718345314264297,-0.46619951725006104,0.3874414563179016,1.034026026725769,1.0207468271255493,1.0168702602386475,https://wandb.ai/ememchijioke-university-of-klagenfurt/marl-uav-v0-7-compact-triangle-obstacle/runs/f23wgnom
2026-05-30T13:25:30.674783,1112,1,11550.787447858776,0,0,0,MOVE_TRIANGLE_OBSTACLE,1.0,0.07768555730581284,0.04252146556973457,0.05480325222015381,0.7353307008743286,0.8127838969230652,0.8369565606117249,0.0629011020064354,0.349435031414032,0.6069881916046143,1,0.07369511242723092,0.08763756603002548,0.1082543209195137,0.39629319310188293,0.40431246161460876,0.022305801510810852,0.10516202449798584,0,0.7353307008743286,1,0,1.1226035356521606,-0.05846494436264038,1.0235806703567505,1.5559293031692505,0.9177515506744385,0.8941295146942139,-0.0939585417509079,-0.45902523398399353,0.3775889277458191,1.0334789752960205,1.02056884765625,1.0166940689086914,https://wandb.ai/ememchijioke-university-of-klagenfurt/marl-uav-v0-7-compact-triangle-obstacle/runs/f23wgnom
2026-05-30T13:25:38.575860,1113,1,11552.339593848641,0,0,0,MOVE_TRIANGLE_OBSTACLE,1.0,0.07557377964258194,0.0420566201210022,0.05263620615005493,0.7422254681587219,0.810190737247467,0.8399433493614197,0.062460362911224365,0.346514493227005,0.6060212254524231,1,0.07537479070015252,0.08546329289674759,0.10296360403299332,0.3843638002872467,0.3895120620727539,0.023055678233504295,0.09920674562454224,0,0.7422254681587219,1,0,1.1241999864578247,-0.056753743439912796,1.0239156484603882,1.5586726665496826,0.916252613067627,0.8976747393608093,-0.08897260576486588,-0.4605073928833008,0.37921878695487976,1.0337451696395874,1.0212143659591675,1.0167871713638306,https://wandb.ai/ememchijioke-university-of-klagenfurt/marl-uav-v0-7-compact-triangle-obstacle/runs/f23wgnom
2026-05-30T13:25:46.565328,1114,1,11550.891180348382,0,0,0,MOVE_TRIANGLE_OBSTACLE,1.0,0.07538750022649765,0.04810793325304985,0.05942461887995402,0.7440889477729797,0.813535213470459,0.8588275909423828,0.07132332772016525,0.34421634674072266,0.6090641617774963,1,0.07654159303638153,0.08805617690086365,0.10454709082841873,0.3901609480381012,0.4103301167488098,0.019180163741111755,0.142938032746315,0,0.7440889477729797,1,0,1.127589464187622,-0.059002626687288284,1.0238525867462158,1.5601005554199219,0.9218811988830566,0.9007866978645325,-0.09031835943460464,-0.4726232588291168,0.3859337270259857,1.0344592332839966,1.0207704305648804,1.0163280963897705,https://wandb.ai/ememchijioke-university-of-klagenfurt/marl-uav-v0-7-compact-triangle-obstacle/runs/f23wgnom
2026-05-30T13:25:53.147721,1115,1,11553.786587076893,0,0,0,MOVE_TRIANGLE_OBSTACLE,1.0,0.0704006627202034,0.04783456400036812,0.06189276774724325,0.7346921563148499,0.818477213382721,0.8518932461738586,0.07069844007492065,0.3448689877986908,0.6063163876533508,1,0.07608281236025505,0.0843258798122406,0.1026916429400444,0.39410820603370667,0.39713820815086365,0.012909685261547565,0.15288850665092468,0,0.7346921563148499,1,0,1.1316105127334595,-0.05539129301905632,1.0237456560134888,1.5638480186462402,0.9307631254196167,0.9002202749252319,-0.09077701717615128,-0.4633636176586151,0.38796675205230713,1.033745288848877,1.0212832689285278,1.0162084102630615,https://wandb.ai/ememchijioke-university-of-klagenfurt/marl-uav-v0-7-compact-triangle-obstacle/runs/f23wgnom
2026-05-30T13:26:01.956476,1116,1,11554.418540306966,0,0,0,MOVE_TRIANGLE_OBSTACLE,1.0,0.07252916693687439,0.047664910554885864,0.06304210424423218,0.7246882319450378,0.8209637999534607,0.8428507447242737,0.06989474594593048,0.3461768925189972,0.6061160564422607,1,0.07521416820236482,0.08563804626464844,0.11176320910453796,0.4018228352069855,0.4142064154148102,0.018739907070994377,0.115801602602005,0,0.7246882319450378,1,0,1.1293615102767944,-0.05657052993774414,1.0238183736801147,1.5601685047149658,0.9293773174285889,0.8985388278961182,-0.09962844103574753,-0.45617684721946716,0.3860936760902405,1.0336743593215942,1.0214769840240479,1.0163034200668335,https://wandb.ai/ememchijioke-university-of-klagenfurt/marl-uav-v0-7-compact-triangle-obstacle/runs/f23wgnom
2026-05-30T13:26:09.141579,1117,1,11610.596079716417,0,0,0,MOVE_TRIANGLE_OBSTACLE,1.0,0.07658775895833969,0.051001545041799545,0.06617794434229533,0.7315515279769897,0.8200440406799316,0.8600413203239441,0.0752190575003624,0.344206839799881,0.6087372899055481,1,0.07634743498056196,0.09140986949205399,0.10975561290979385,0.37464556097984314,0.3822122812271118,0.01630105823278427,0.10300888866186142,0,0.7315515279769897,1,0,1.1331883668899536,-0.058528970927000046,1.0246413946151733,1.563016414642334,0.9348061084747314,0.9017424583435059,-0.09518788754940033,-0.4698926508426666,0.3894936144351959,1.033733606338501,1.0229750871658325,1.0172154903411865,https://wandb.ai/ememchijioke-university-of-klagenfurt/marl-uav-v0-7-compact-triangle-obstacle/runs/f23wgnom
2026-05-30T13:26:16.613514,1118,1,11552.23187754773,0,0,0,MOVE_TRIANGLE_OBSTACLE,1.0,0.07264063507318497,0.05059843137860298,0.06549541155497234,0.7207742929458618,0.8149413466453552,0.8523191809654236,0.07384218275547028,0.3485877811908722,0.6039333939552307,1,0.07433266955194995,0.08770384639501572,0.11282364279031754,0.39250048995018005,0.39585500955581665,0.013719816692173481,0.1561831533908844,0,0.7207742929458618,1,0,1.123229742050171,-0.05167989060282707,1.0245248079299927,1.547873616218567,0.9236812591552734,0.8981344699859619,-0.09548638761043549,-0.4557395279407501,0.3961862325668335,1.0331491231918335,1.0223255157470703,1.0180995464324951,https://wandb.ai/ememchijioke-university-of-klagenfurt/marl-uav-v0-7-compact-triangle-obstacle/runs/f23wgnom
2026-05-30T13:26:23.898381,1119,1,11602.743120315316,0,0,0,MOVE_TRIANGLE_OBSTACLE,1.0,0.07220898568630219,0.04886946082115173,0.06388433774312337,0.7335820198059082,0.8197542428970337,0.8554807901382446,0.0722438171505928,0.3440236747264862,0.6062305569648743,1,0.07651834550779313,0.0870787501335144,0.10232198238372803,0.3820327818393707,0.40090397000312805,0.017346501350402832,0.11587268859148026,0,0.7335820198059082,1,0,1.135991096496582,-0.05473323538899422,1.0248533487319946,1.567694067955017,0.9379464387893677,0.9023327827453613,-0.08889194577932358,-0.46501395106315613,0.38970619440078735,1.033176064491272,1.023545265197754,1.017838954925537,https://wandb.ai/ememchijioke-university-of-klagenfurt/marl-uav-v0-7-compact-triangle-obstacle/runs/f23wgnom
